job_id,status,method,cell_id,topology,density_ratio,sampling_seed,noise_fraction,n,runtime_seconds,peak_rss_mb,incremental_rss_mb,skip_reason,error_type,error,timeout_seconds,hungarian_macro_target_f1,pairwise_f1,noise_f1,predicted_clusters,truth_clusters,predicted_true_cluster_ratio,extra_signal_fragments,merged_predicted_clusters,false_discovery_signal_fraction
gaussian_noise_curve_r4__noise0500__n3600__seed23__stratascan,ok,StrataSCAN,gaussian_noise_curve_r4,compact_gaussian,4.0,23,0.5,3600,0.720660000006319,221.37109375,39.59765625,,,,,0.9529036730132415,0.9240183905294758,0.9892650701899256,8,6,1.3333333333333333,2,0,0.49083333333333334
gaussian_noise_curve_r4__noise0500__n3600__seed23__dbscan,ok,DBSCAN,gaussian_noise_curve_r4,compact_gaussian,4.0,23,0.5,3600,0.03912060000584461,184.13671875,2.23046875,,,,,0.708697554002637,0.5643422267035846,0.869292099540952,37,6,6.166666666666667,1,0,0.3502777777777778
gaussian_noise_curve_r4__noise0500__n3600__seed23__hdbscan,ok,HDBSCAN,gaussian_noise_curve_r4,compact_gaussian,4.0,23,0.5,3600,0.11712110000371467,183.55859375,2.0234375,,,,,0.9706122380097194,0.876809988661097,0.6923356338539775,16,6,2.6666666666666665,0,0,0.7352777777777778
gaussian_noise_curve_r4__noise0500__n3600__seed23__optics,ok,OPTICS,gaussian_noise_curve_r4,compact_gaussian,4.0,23,0.5,3600,4.420744000002742,184.55078125,2.55078125,,,,,0.986279588078124,0.9731227998854324,0.9863547758284601,6,6,1.0,0,0,0.5025
gaussian_noise_curve_r4__noise0500__n3600__seed23__knn_dbscan,ok,kNN-DBSCAN,gaussian_noise_curve_r4,compact_gaussian,4.0,23,0.5,3600,0.02582280000206083,182.8515625,1.6875,,,,,0.5278252614454416,0.38705346439702715,0.8515976331360947,56,6,9.333333333333334,6,0,0.3263888888888889
gaussian_noise_curve_r4__noise0500__n3600__seed23__snn_dbscan,ok,SNN-DBSCAN,gaussian_noise_curve_r4,compact_gaussian,4.0,23,0.5,3600,0.06734059999871533,228.5546875,5.31640625,,,,,0.6054143566983242,0.4305389370542692,0.17458777885548013,61,6,10.166666666666666,18,0,0.9272222222222222
gaussian_noise_curve_r4__noise0500__n3600__seed23__vdbscan_2007,ok,VDBSCAN-2007,gaussian_noise_curve_r4,compact_gaussian,4.0,23,0.5,3600,0.09942919999593869,184.33203125,2.7890625,,,,,0.8868318903287923,0.251928460403552,0.07897545357524013,50,6,8.333333333333334,6,0,0.9794444444444445
gaussian_noise_curve_r4__noise0500__n3600__seed23__knnplusleiden,ok,kNN+Leiden,gaussian_noise_curve_r4,compact_gaussian,4.0,23,0.5,3600,0.20952559998841025,226.85546875,15.07421875,,,,,0.9828472828247188,0.5008743430793815,0.0,9,6,1.5,0,0,1.0
gaussian_noise_curve_r4__noise0500__n3600__seed23__amd_dbscan,skipped_resource_limit,AMD-DBSCAN,gaussian_noise_curve_r4,compact_gaussian,4.0,23,0.5,3600,,,,"AMD-DBSCAN's compatibility path is O(n^2) and is explicitly skipped for every cell in this n=3,600 to 180,000 replicated benchmark.",,,,,,,,,,,,
gaussian_noise_curve_r4__noise0500__n3600__seed42__stratascan,ok,StrataSCAN,gaussian_noise_curve_r4,compact_gaussian,4.0,42,0.5,3600,0.8258294999977807,224.6875,42.65625,,,,,0.9943834173221929,0.9888935751441024,0.9944690265486726,6,6,1.0,0,0,0.4955555555555556
gaussian_noise_curve_r4__noise0500__n3600__seed42__dbscan,ok,DBSCAN,gaussian_noise_curve_r4,compact_gaussian,4.0,42,0.5,3600,0.0393459999904735,184.0234375,2.234375,,,,,0.6869830556841765,0.5749477847221671,0.8657362848893168,31,6,5.166666666666667,1,0,0.34555555555555556
gaussian_noise_curve_r4__noise0500__n3600__seed42__hdbscan,ok,HDBSCAN,gaussian_noise_curve_r4,compact_gaussian,4.0,42,0.5,3600,0.15843549999408424,183.5234375,2.0546875,,,,,0.95866157639662,0.8591899157732071,0.6813186813186815,14,6,2.3333333333333335,0,0,0.7416666666666667
gaussian_noise_curve_r4__noise0500__n3600__seed42__optics,ok,OPTICS,gaussian_noise_curve_r4,compact_gaussian,4.0,42,0.5,3600,4.891471399998409,183.78515625,2.31640625,,,,,0.9871278769064441,0.9747033439213698,0.9871937639198217,6,6,1.0,0,0,0.5022222222222222
gaussian_noise_curve_r4__noise0500__n3600__seed42__knn_dbscan,ok,kNN-DBSCAN,gaussian_noise_curve_r4,compact_gaussian,4.0,42,0.5,3600,0.01738239999394864,183.40234375,1.6796875,,,,,0.5764193697950476,0.4340392846024261,0.8465882352941178,47,6,7.833333333333333,6,0,0.3194444444444444
gaussian_noise_curve_r4__noise0500__n3600__seed42__snn_dbscan,ok,SNN-DBSCAN,gaussian_noise_curve_r4,compact_gaussian,4.0,42,0.5,3600,0.06280420000257436,227.7109375,4.77734375,,,,,0.49096240923611584,0.260218812651667,0.15988229524276604,77,6,12.833333333333334,26,0,0.9336111111111111
gaussian_noise_curve_r4__noise0500__n3600__seed42__vdbscan_2007,ok,VDBSCAN-2007,gaussian_noise_curve_r4,compact_gaussian,4.0,42,0.5,3600,0.054509699999471195,184.70703125,2.75390625,,,,,0.9008413315328127,0.28971451179895613,0.0861244019138756,59,6,9.833333333333334,5,0,0.9775
gaussian_noise_curve_r4__noise0500__n3600__seed42__knnplusleiden,ok,kNN+Leiden,gaussian_noise_curve_r4,compact_gaussian,4.0,42,0.5,3600,0.19892100000288337,226.34375,14.72265625,,,,,0.9773247402045321,0.5738700400813356,0.0,10,6,1.6666666666666667,0,0,1.0
gaussian_noise_curve_r4__noise0500__n3600__seed42__amd_dbscan,skipped_resource_limit,AMD-DBSCAN,gaussian_noise_curve_r4,compact_gaussian,4.0,42,0.5,3600,,,,"AMD-DBSCAN's compatibility path is O(n^2) and is explicitly skipped for every cell in this n=3,600 to 180,000 replicated benchmark.",,,,,,,,,,,,
gaussian_noise_curve_r4__noise0500__n3600__seed73__stratascan,ok,StrataSCAN,gaussian_noise_curve_r4,compact_gaussian,4.0,73,0.5,3600,0.9579420999943977,226.10546875,44.4296875,,,,,0.9576638560205325,0.9340597452025396,0.9884169884169884,11,6,1.8333333333333333,1,0,0.49277777777777776
gaussian_noise_curve_r4__noise0500__n3600__seed73__dbscan,ok,DBSCAN,gaussian_noise_curve_r4,compact_gaussian,4.0,73,0.5,3600,0.035507499997038394,184.125,2.20703125,,,,,0.7040890546394531,0.5663423093213003,0.8663616662653504,32,6,5.333333333333333,2,0,0.3463888888888889
gaussian_noise_curve_r4__noise0500__n3600__seed73__hdbscan,ok,HDBSCAN,gaussian_noise_curve_r4,compact_gaussian,4.0,73,0.5,3600,0.11963960000139195,183.6796875,2.01171875,,,,,0.9839855722698226,0.9005481597494127,0.7381703470031545,12,6,2.0,0,0,0.7075
gaussian_noise_curve_r4__noise0500__n3600__seed73__optics,ok,OPTICS,gaussian_noise_curve_r4,compact_gaussian,4.0,73,0.5,3600,5.278407000005245,183.8984375,1.9609375,,,,,0.7665313237780409,0.8006767418212419,0.8765038055487355,6,6,1.0,0,0,0.3686111111111111
gaussian_noise_curve_r4__noise0500__n3600__seed73__knn_dbscan,ok,kNN-DBSCAN,gaussian_noise_curve_r4,compact_gaussian,4.0,73,0.5,3600,0.022477899998193607,183.5078125,1.79296875,,,,,0.5790782959808266,0.4539806104129265,0.8422284644194756,35,6,5.833333333333333,4,0,0.31333333333333335
gaussian_noise_curve_r4__noise0500__n3600__seed73__snn_dbscan,ok,SNN-DBSCAN,gaussian_noise_curve_r4,compact_gaussian,4.0,73,0.5,3600,0.06266290000348818,227.953125,4.78515625,,,,,0.4957152003538408,0.28351317415294724,0.15877712031558183,69,6,11.5,27,0,0.9366666666666666
gaussian_noise_curve_r4__noise0500__n3600__seed73__vdbscan_2007,ok,VDBSCAN-2007,gaussian_noise_curve_r4,compact_gaussian,4.0,73,0.5,3600,0.07989649999944959,184.68359375,2.83984375,,,,,0.8960417109225686,0.46813611906515706,0.08815719596388741,52,6,8.666666666666666,5,0,0.9769444444444444
gaussian_noise_curve_r4__noise0500__n3600__seed73__knnplusleiden,ok,kNN+Leiden,gaussian_noise_curve_r4,compact_gaussian,4.0,73,0.5,3600,0.19576789998973254,227.05078125,14.7890625,,,,,0.9770034724710851,0.504365167128361,0.0,9,6,1.5,0,0,1.0
gaussian_noise_curve_r4__noise0500__n3600__seed73__amd_dbscan,skipped_resource_limit,AMD-DBSCAN,gaussian_noise_curve_r4,compact_gaussian,4.0,73,0.5,3600,,,,"AMD-DBSCAN's compatibility path is O(n^2) and is explicitly skipped for every cell in this n=3,600 to 180,000 replicated benchmark.",,,,,,,,,,,,
gaussian_noise_curve_r4__noise0500__n3600__seed151__stratascan,ok,StrataSCAN,gaussian_noise_curve_r4,compact_gaussian,4.0,151,0.5,3600,0.8168230000010226,221.3203125,39.87109375,,,,,0.9122579894463789,0.8783310688594554,0.9920044113592501,10,6,1.6666666666666667,3,0,0.4925
gaussian_noise_curve_r4__noise0500__n3600__seed151__dbscan,ok,DBSCAN,gaussian_noise_curve_r4,compact_gaussian,4.0,151,0.5,3600,0.0390795999992406,183.5,2.2109375,,,,,0.6816665626431523,0.5650260082703901,0.8676151434772126,26,6,4.333333333333333,6,0,0.34805555555555556
gaussian_noise_curve_r4__noise0500__n3600__seed151__hdbscan,ok,HDBSCAN,gaussian_noise_curve_r4,compact_gaussian,4.0,151,0.5,3600,0.16803359999903478,183.88671875,2.125,,,,,0.9820914043613591,0.8852425041408362,0.6435568952524492,16,6,2.6666666666666665,0,0,0.7627777777777778
gaussian_noise_curve_r4__noise0500__n3600__seed151__optics,ok,OPTICS,gaussian_noise_curve_r4,compact_gaussian,4.0,151,0.5,3600,4.474184599996079,183.8828125,1.91796875,,,,,0.9705041724338646,0.9466187909118478,0.9730612244897959,6,6,1.0,0,0,0.4791666666666667
gaussian_noise_curve_r4__noise0500__n3600__seed151__knn_dbscan,ok,kNN-DBSCAN,gaussian_noise_curve_r4,compact_gaussian,4.0,151,0.5,3600,0.01970669999718666,183.5390625,1.4140625,,,,,0.5278960872767909,0.39783409836455974,0.8447992486499178,47,6,7.833333333333333,7,0,0.3169444444444444
gaussian_noise_curve_r4__noise0500__n3600__seed151__snn_dbscan,ok,SNN-DBSCAN,gaussian_noise_curve_r4,compact_gaussian,4.0,151,0.5,3600,0.05550230000517331,228.80859375,5.28515625,,,,,0.609619747337007,0.3946909149069287,0.1916342412451362,69,6,11.5,24,0,0.9288888888888889
gaussian_noise_curve_r4__noise0500__n3600__seed151__vdbscan_2007,ok,VDBSCAN-2007,gaussian_noise_curve_r4,compact_gaussian,4.0,151,0.5,3600,0.06276980000257026,184.75390625,2.828125,,,,,0.8980537028509977,0.24771987901717044,0.06347498655190964,47,6,7.833333333333333,6,0,0.9836111111111111
gaussian_noise_curve_r4__noise0500__n3600__seed151__knnplusleiden,ok,kNN+Leiden,gaussian_noise_curve_r4,compact_gaussian,4.0,151,0.5,3600,0.2630207999900449,227.1328125,15.23046875,,,,,0.9717060826715701,0.5657890033829598,0.0,10,6,1.6666666666666667,0,0,1.0
gaussian_noise_curve_r4__noise0500__n3600__seed151__amd_dbscan,skipped_resource_limit,AMD-DBSCAN,gaussian_noise_curve_r4,compact_gaussian,4.0,151,0.5,3600,,,,"AMD-DBSCAN's compatibility path is O(n^2) and is explicitly skipped for every cell in this n=3,600 to 180,000 replicated benchmark.",,,,,,,,,,,,
gaussian_noise_curve_r4__noise0750__n7200__seed23__stratascan,ok,StrataSCAN,gaussian_noise_curve_r4,compact_gaussian,4.0,23,0.75,7200,1.4793461999943247,223.96484375,42.21484375,,,,,0.9910275673036008,0.9821187387878162,0.9958329474951385,10,6,1.6666666666666667,0,0,0.2501388888888889
gaussian_noise_curve_r4__noise0750__n7200__seed23__dbscan,ok,DBSCAN,gaussian_noise_curve_r4,compact_gaussian,4.0,23,0.75,7200,0.122787000000244,187.67578125,5.3671875,,,,,0.974995615546289,0.9008767730466776,0.47263470513364453,337,6,56.166666666666664,0,0,0.7679166666666667
gaussian_noise_curve_r4__noise0750__n7200__seed23__hdbscan,ok,HDBSCAN,gaussian_noise_curve_r4,compact_gaussian,4.0,23,0.75,7200,0.6129842000082135,185.64453125,3.58203125,,,,,0.9707369800808072,0.7319312131535465,0.6012174588783836,41,6,6.833333333333333,0,0,0.6776388888888889
gaussian_noise_curve_r4__noise0750__n7200__seed23__optics,ok,OPTICS,gaussian_noise_curve_r4,compact_gaussian,4.0,23,0.75,7200,10.305919000005815,185.40234375,3.21484375,,,,,0.9873384239958178,0.9753593200729764,0.9958321756043346,6,6,1.0,0,0,0.2504166666666667
gaussian_noise_curve_r4__noise0750__n7200__seed23__knn_dbscan,ok,kNN-DBSCAN,gaussian_noise_curve_r4,compact_gaussian,4.0,23,0.75,7200,0.0316272000054596,185.0390625,2.890625,,,,,0.9876636284658313,0.9788736647416298,0.9994442386068915,7,6,1.1666666666666667,1,0,0.25055555555555553
gaussian_noise_curve_r4__noise0750__n7200__seed23__snn_dbscan,ok,SNN-DBSCAN,gaussian_noise_curve_r4,compact_gaussian,4.0,23,0.75,7200,0.12942339999426622,231.140625,7.7109375,,,,,0.6065645958240057,0.36490301273095277,0.17570715474209653,153,6,25.5,17,0,0.9152777777777777
gaussian_noise_curve_r4__noise0750__n7200__seed23__vdbscan_2007,ok,VDBSCAN-2007,gaussian_noise_curve_r4,compact_gaussian,4.0,23,0.75,7200,0.19058519999089185,189.76953125,7.78125,,,,,0.996130452735844,0.0439368566469027,0.03672059625522633,27,6,4.5,0,0,0.9859722222222222
gaussian_noise_curve_r4__noise0750__n7200__seed23__knnplusleiden,ok,kNN+Leiden,gaussian_noise_curve_r4,compact_gaussian,4.0,23,0.75,7200,0.37497129999974277,240.15625,28.63671875,,,,,0.9509887043730855,0.28738900520792454,0.0,18,6,3.0,0,0,1.0
gaussian_noise_curve_r4__noise0750__n7200__seed23__amd_dbscan,skipped_resource_limit,AMD-DBSCAN,gaussian_noise_curve_r4,compact_gaussian,4.0,23,0.75,7200,,,,"AMD-DBSCAN's compatibility path is O(n^2) and is explicitly skipped for every cell in this n=3,600 to 180,000 replicated benchmark.",,,,,,,,,,,,
gaussian_noise_curve_r4__noise0750__n7200__seed42__stratascan,ok,StrataSCAN,gaussian_noise_curve_r4,compact_gaussian,4.0,42,0.75,7200,1.2764613999897847,223.55078125,41.54296875,,,,,0.9932986409231527,0.9866612923692442,0.9976841130152848,8,6,1.3333333333333333,0,0,0.25069444444444444
gaussian_noise_curve_r4__noise0750__n7200__seed42__dbscan,ok,DBSCAN,gaussian_noise_curve_r4,compact_gaussian,4.0,42,0.75,7200,0.12895559999742545,189.4765625,7.57421875,,,,,0.9797479604757647,0.9113800583540632,0.46175758438968806,347,6,57.833333333333336,0,0,0.7748611111111111
gaussian_noise_curve_r4__noise0750__n7200__seed42__hdbscan,ok,HDBSCAN,gaussian_noise_curve_r4,compact_gaussian,4.0,42,0.75,7200,0.49288150000211317,185.99609375,3.68359375,,,,,0.9360630880304696,0.5967005188700164,0.5470200457419615,36,6,6.0,0,0,0.7176388888888889
gaussian_noise_curve_r4__noise0750__n7200__seed42__optics,ok,OPTICS,gaussian_noise_curve_r4,compact_gaussian,4.0,42,0.75,7200,11.118518999996013,185.30078125,3.0859375,,,,,0.990678476839299,0.9794215916783742,0.9926312843951123,7,6,1.1666666666666667,0,0,0.2609722222222222
gaussian_noise_curve_r4__noise0750__n7200__seed42__knn_dbscan,ok,kNN-DBSCAN,gaussian_noise_curve_r4,compact_gaussian,4.0,42,0.75,7200,0.0448026999947615,184.71484375,2.859375,,,,,0.9980615502631048,0.9961077395461436,0.9993514314833688,6,6,1.0,0,0,0.2509722222222222
gaussian_noise_curve_r4__noise0750__n7200__seed42__snn_dbscan,ok,SNN-DBSCAN,gaussian_noise_curve_r4,compact_gaussian,4.0,42,0.75,7200,0.14107879999210127,231.65234375,8.34765625,,,,,0.49035471565950467,0.22069105028165903,0.17718567860116569,179,6,29.833333333333332,27,0,0.9159722222222222
gaussian_noise_curve_r4__noise0750__n7200__seed42__vdbscan_2007,ok,VDBSCAN-2007,gaussian_noise_curve_r4,compact_gaussian,4.0,42,0.75,7200,0.15177219999895897,189.27734375,7.2265625,,,,,0.9955813083496398,0.04124583259602512,0.03672059625522633,29,6,4.833333333333333,0,0,0.9859722222222222
gaussian_noise_curve_r4__noise0750__n7200__seed42__knnplusleiden,ok,kNN+Leiden,gaussian_noise_curve_r4,compact_gaussian,4.0,42,0.75,7200,0.5215639000089141,240.41796875,28.62890625,,,,,0.9580045460022101,0.2779559546717982,0.0,17,6,2.8333333333333335,0,0,1.0
gaussian_noise_curve_r4__noise0750__n7200__seed42__amd_dbscan,skipped_resource_limit,AMD-DBSCAN,gaussian_noise_curve_r4,compact_gaussian,4.0,42,0.75,7200,,,,"AMD-DBSCAN's compatibility path is O(n^2) and is explicitly skipped for every cell in this n=3,600 to 180,000 replicated benchmark.",,,,,,,,,,,,
gaussian_noise_curve_r4__noise0750__n7200__seed73__stratascan,ok,StrataSCAN,gaussian_noise_curve_r4,compact_gaussian,4.0,73,0.75,7200,1.221942799995304,224.44921875,42.8203125,,,,,0.9560475917217262,0.9405472510569853,0.9979640940218397,8,6,1.3333333333333333,2,0,0.24916666666666668
gaussian_noise_curve_r4__noise0750__n7200__seed73__dbscan,ok,DBSCAN,gaussian_noise_curve_r4,compact_gaussian,4.0,73,0.75,7200,0.11169190000509843,189.8125,7.69921875,,,,,0.9797110073907085,0.9113090712673495,0.4650369528140989,337,6,56.166666666666664,0,0,0.7727777777777778
gaussian_noise_curve_r4__noise0750__n7200__seed73__hdbscan,ok,HDBSCAN,gaussian_noise_curve_r4,compact_gaussian,4.0,73,0.75,7200,0.581843599997228,185.39453125,3.52734375,,,,,0.9421170849764758,0.6839940064739232,0.5961263486286235,38,6,6.333333333333333,0,0,0.6815277777777777
gaussian_noise_curve_r4__noise0750__n7200__seed73__optics,ok,OPTICS,gaussian_noise_curve_r4,compact_gaussian,4.0,73,0.75,7200,10.341076199998497,185.60546875,3.23046875,,,,,0.8614410254337637,0.8817197983619848,0.9661976977891468,7,6,1.1666666666666667,0,0,0.22972222222222222
gaussian_noise_curve_r4__noise0750__n7200__seed73__knn_dbscan,ok,kNN-DBSCAN,gaussian_noise_curve_r4,compact_gaussian,4.0,73,0.75,7200,0.048151599999982864,185.2109375,2.85546875,,,,,0.996661965911322,0.9933762543637102,0.9993514314833688,7,6,1.1666666666666667,0,0,0.2509722222222222
gaussian_noise_curve_r4__noise0750__n7200__seed73__snn_dbscan,ok,SNN-DBSCAN,gaussian_noise_curve_r4,compact_gaussian,4.0,73,0.75,7200,0.1414909000013722,230.2265625,7.06640625,,,,,0.49343460374343967,0.23635787727611832,0.178,170,6,28.333333333333332,27,0,0.9166666666666666
gaussian_noise_curve_r4__noise0750__n7200__seed73__vdbscan_2007,ok,VDBSCAN-2007,gaussian_noise_curve_r4,compact_gaussian,4.0,73,0.75,7200,0.17525050000404008,189.796875,7.453125,,,,,0.9928464657162693,0.04066323227817459,0.03600654664484452,38,6,6.333333333333333,0,0,0.98625
gaussian_noise_curve_r4__noise0750__n7200__seed73__knnplusleiden,ok,kNN+Leiden,gaussian_noise_curve_r4,compact_gaussian,4.0,73,0.75,7200,0.42311780000454746,240.51953125,28.265625,,,,,0.9541627503275657,0.27848263700600634,0.0,17,6,2.8333333333333335,0,0,1.0
gaussian_noise_curve_r4__noise0750__n7200__seed73__amd_dbscan,skipped_resource_limit,AMD-DBSCAN,gaussian_noise_curve_r4,compact_gaussian,4.0,73,0.75,7200,,,,"AMD-DBSCAN's compatibility path is O(n^2) and is explicitly skipped for every cell in this n=3,600 to 180,000 replicated benchmark.",,,,,,,,,,,,
gaussian_noise_curve_r4__noise0750__n7200__seed151__stratascan,ok,StrataSCAN,gaussian_noise_curve_r4,compact_gaussian,4.0,151,0.75,7200,10.368891299993265,261.234375,79.40625,,,,,0.9589499559545759,0.93926366347831,0.9951842933876643,11,6,1.8333333333333333,1,0,0.25027777777777777
gaussian_noise_curve_r4__noise0750__n7200__seed151__dbscan,ok,DBSCAN,gaussian_noise_curve_r4,compact_gaussian,4.0,151,0.75,7200,0.12415010000404436,188.73828125,6.39453125,,,,,0.9756191960396666,0.9058455821092973,0.48845346396081174,333,6,55.5,0,0,0.7576388888888889
gaussian_noise_curve_r4__noise0750__n7200__seed151__hdbscan,ok,HDBSCAN,gaussian_noise_curve_r4,compact_gaussian,4.0,151,0.75,7200,0.47000840000691824,185.421875,3.6875,,,,,0.9513207985010387,0.6652156017902234,0.5472154963680387,37,6,6.166666666666667,0,0,0.7175
gaussian_noise_curve_r4__noise0750__n7200__seed151__optics,ok,OPTICS,gaussian_noise_curve_r4,compact_gaussian,4.0,151,0.75,7200,10.357226500011166,185.21875,3.14453125,,,,,0.9797880959410253,0.9578773050906131,0.9853749417792269,8,6,1.3333333333333333,0,0,0.2590277777777778
gaussian_noise_curve_r4__noise0750__n7200__seed151__knn_dbscan,ok,kNN-DBSCAN,gaussian_noise_curve_r4,compact_gaussian,4.0,151,0.75,7200,0.04445229998964351,184.92578125,2.82421875,,,,,0.9961184754365083,0.9922211016521817,0.99870322341608,6,6,1.0,0,0,0.25055555555555553
gaussian_noise_curve_r4__noise0750__n7200__seed151__snn_dbscan,ok,SNN-DBSCAN,gaussian_noise_curve_r4,compact_gaussian,4.0,151,0.75,7200,0.12702089999220334,229.421875,6.62890625,,,,,0.6071582793762434,0.33015886775205283,0.17513368983957217,171,6,28.5,24,0,0.9188888888888889
gaussian_noise_curve_r4__noise0750__n7200__seed151__vdbscan_2007,ok,VDBSCAN-2007,gaussian_noise_curve_r4,compact_gaussian,4.0,151,0.75,7200,0.16956730000674725,189.5078125,7.69921875,,,,,0.9964059302761602,0.041928528452775754,0.03529197744224122,28,6,4.666666666666667,0,0,0.9865277777777778
gaussian_noise_curve_r4__noise0750__n7200__seed151__knnplusleiden,ok,kNN+Leiden,gaussian_noise_curve_r4,compact_gaussian,4.0,151,0.75,7200,0.37794010000652634,240.3203125,28.6015625,,,,,0.9536786209195331,0.29702773583406183,0.0,18,6,3.0,0,0,1.0
gaussian_noise_curve_r4__noise0750__n7200__seed151__amd_dbscan,skipped_resource_limit,AMD-DBSCAN,gaussian_noise_curve_r4,compact_gaussian,4.0,151,0.75,7200,,,,"AMD-DBSCAN's compatibility path is O(n^2) and is explicitly skipped for every cell in this n=3,600 to 180,000 replicated benchmark.",,,,,,,,,,,,
gaussian_noise_curve_r4__noise0900__n18000__seed23__stratascan,ok,StrataSCAN,gaussian_noise_curve_r4,compact_gaussian,4.0,23,0.9,18000,1.6591705000028014,236.046875,52.8125,,,,,0.9593872056493652,0.948530698002549,0.9992899262140718,7,6,1.1666666666666667,1,0,0.1005
gaussian_noise_curve_r4__noise0900__n18000__seed23__dbscan,ok,DBSCAN,gaussian_noise_curve_r4,compact_gaussian,4.0,23,0.9,18000,0.2229966000013519,192.6953125,9.58203125,,,,,0.979411906605545,0.8516820007405931,0.5424445544109047,1014,6,169.0,0,0,0.6650555555555555
gaussian_noise_curve_r4__noise0900__n18000__seed23__hdbscan,ok,HDBSCAN,gaussian_noise_curve_r4,compact_gaussian,4.0,23,0.9,18000,3.3706882999977097,186.46484375,4.1953125,,,,,0.9343835772764102,0.4355975991142363,0.5693469333686582,103,6,17.166666666666668,0,0,0.6418333333333334
gaussian_noise_curve_r4__noise0900__n18000__seed23__optics,ok,OPTICS,gaussian_noise_curve_r4,compact_gaussian,4.0,23,0.9,18000,23.014974099991377,186.66015625,3.9765625,,,,,0.985504039194334,0.9647695683444021,0.9929527180155847,10,6,1.6666666666666667,0,0,0.1105
gaussian_noise_curve_r4__noise0900__n18000__seed23__knn_dbscan,ok,kNN-DBSCAN,gaussian_noise_curve_r4,compact_gaussian,4.0,23,0.9,18000,0.0830561999900965,186.84375,3.625,,,,,0.9841969001405855,0.9320933132436223,0.7829614604462475,806,6,134.33333333333334,0,0,0.421
gaussian_noise_curve_r4__noise0900__n18000__seed23__snn_dbscan,ok,SNN-DBSCAN,gaussian_noise_curve_r4,compact_gaussian,4.0,23,0.9,18000,0.34803649999958,248.484375,25.63671875,,,,,0.5657205641419126,0.19712177420641394,0.17356670032536745,448,6,74.66666666666667,18,0,0.9096666666666666
gaussian_noise_curve_r4__noise0900__n18000__seed23__vdbscan_2007,ok,VDBSCAN-2007,gaussian_noise_curve_r4,compact_gaussian,4.0,23,0.9,18000,0.5001364000054309,190.609375,7.81640625,,,,,0.9321748831239148,0.0035954205695903113,0.001603651390859187,154,6,25.666666666666668,3,0,0.9992777777777778
gaussian_noise_curve_r4__noise0900__n18000__seed23__knnplusleiden,ok,kNN+Leiden,gaussian_noise_curve_r4,compact_gaussian,4.0,23,0.9,18000,3.224621000001207,276.7578125,64.68359375,,,,,0.9482904273121188,0.08946414269846595,0.0,31,6,5.166666666666667,0,0,1.0
gaussian_noise_curve_r4__noise0900__n18000__seed23__amd_dbscan,skipped_resource_limit,AMD-DBSCAN,gaussian_noise_curve_r4,compact_gaussian,4.0,23,0.9,18000,,,,"AMD-DBSCAN's compatibility path is O(n^2) and is explicitly skipped for every cell in this n=3,600 to 180,000 replicated benchmark.",,,,,,,,,,,,
gaussian_noise_curve_r4__noise0900__n18000__seed42__stratascan,ok,StrataSCAN,gaussian_noise_curve_r4,compact_gaussian,4.0,42,0.9,18000,1.8793167999974685,244.0546875,61.17578125,,,,,0.9919505947321231,0.9839048725786992,0.9989189189189189,9,6,1.5,0,0,0.10138888888888889
gaussian_noise_curve_r4__noise0900__n18000__seed42__dbscan,ok,DBSCAN,gaussian_noise_curve_r4,compact_gaussian,4.0,42,0.9,18000,0.3365955000044778,191.94140625,9.53125,,,,,0.9809910478560498,0.8556534015481889,0.5346660033467505,1049,6,174.83333333333334,0,0,0.6716111111111112
gaussian_noise_curve_r4__noise0900__n18000__seed42__hdbscan,ok,HDBSCAN,gaussian_noise_curve_r4,compact_gaussian,4.0,42,0.9,18000,3.1599265999975614,186.9765625,4.0859375,,,,,0.9344243587546145,0.41428171156386345,0.5468897161053057,106,6,17.666666666666668,0,0,0.6612777777777777
gaussian_noise_curve_r4__noise0900__n18000__seed42__optics,ok,OPTICS,gaussian_noise_curve_r4,compact_gaussian,4.0,42,0.9,18000,20.579617399998824,189.0078125,5.890625,,,,,0.9876304038144424,0.9718273681679318,0.9959112873249907,8,6,1.3333333333333333,0,0,0.10644444444444444
gaussian_noise_curve_r4__noise0900__n18000__seed42__knn_dbscan,ok,kNN-DBSCAN,gaussian_noise_curve_r4,compact_gaussian,4.0,42,0.9,18000,0.07462569999916013,184.9453125,1.7578125,,,,,0.9874258591744983,0.9383614068795734,0.7807172694087985,816,6,136.0,0,0,0.4237222222222222
gaussian_noise_curve_r4__noise0900__n18000__seed42__snn_dbscan,ok,SNN-DBSCAN,gaussian_noise_curve_r4,compact_gaussian,4.0,42,0.9,18000,0.270640499991714,246.21484375,22.76171875,,,,,0.4916030110050497,0.13801347144971168,0.17396184062850728,471,6,78.5,27,0,0.91
gaussian_noise_curve_r4__noise0900__n18000__seed42__vdbscan_2007,ok,VDBSCAN-2007,gaussian_noise_curve_r4,compact_gaussian,4.0,42,0.9,18000,0.35297710000304505,190.21484375,7.3046875,,,,,0.9953112633133344,0.004796387512784239,0.04146769026174213,78,6,13.0,0,0,0.9809444444444444
gaussian_noise_curve_r4__noise0900__n18000__seed42__knnplusleiden,ok,kNN+Leiden,gaussian_noise_curve_r4,compact_gaussian,4.0,42,0.9,18000,1.2376279000018258,275.8203125,63.8828125,,,,,0.9756638834514543,0.07480849608791318,0.0,27,6,4.5,0,0,1.0
gaussian_noise_curve_r4__noise0900__n18000__seed42__amd_dbscan,skipped_resource_limit,AMD-DBSCAN,gaussian_noise_curve_r4,compact_gaussian,4.0,42,0.9,18000,,,,"AMD-DBSCAN's compatibility path is O(n^2) and is explicitly skipped for every cell in this n=3,600 to 180,000 replicated benchmark.",,,,,,,,,,,,
gaussian_noise_curve_r4__noise0900__n18000__seed73__stratascan,ok,StrataSCAN,gaussian_noise_curve_r4,compact_gaussian,4.0,73,0.9,18000,1.2212153000000399,236.0,52.9609375,,,,,0.9733572979071056,0.9552761783017846,0.998764974681981,8,6,1.3333333333333333,1,0,0.10066666666666667
gaussian_noise_curve_r4__noise0900__n18000__seed73__dbscan,ok,DBSCAN,gaussian_noise_curve_r4,compact_gaussian,4.0,73,0.9,18000,0.21025100001133978,193.0546875,9.71875,,,,,0.964186606601571,0.8274589691355653,0.5427067872082041,1006,6,167.66666666666666,0,0,0.6648333333333334
gaussian_noise_curve_r4__noise0900__n18000__seed73__hdbscan,ok,HDBSCAN,gaussian_noise_curve_r4,compact_gaussian,4.0,73,0.9,18000,3.121706899997662,186.265625,3.2734375,,,,,0.9197009935980538,0.34633115487476224,0.5529900406413291,103,6,17.166666666666668,0,0,0.6560555555555555
gaussian_noise_curve_r4__noise0900__n18000__seed73__optics,ok,OPTICS,gaussian_noise_curve_r4,compact_gaussian,4.0,73,0.9,18000,20.769980299999588,186.06640625,3.2109375,,,,,0.8795030226567743,0.8777019012404058,0.9898369615278333,7,6,1.1666666666666667,0,0,0.09061111111111111
gaussian_noise_curve_r4__noise0900__n18000__seed73__knn_dbscan,ok,kNN-DBSCAN,gaussian_noise_curve_r4,compact_gaussian,4.0,73,0.9,18000,0.07525619999796618,186.296875,3.55859375,,,,,0.9782384165217262,0.9218228756740373,0.787878787878788,785,6,130.83333333333334,0,0,0.415
gaussian_noise_curve_r4__noise0900__n18000__seed73__snn_dbscan,ok,SNN-DBSCAN,gaussian_noise_curve_r4,compact_gaussian,4.0,73,0.9,18000,0.2849886000039987,242.8046875,19.2109375,,,,,0.47185910677145393,0.13411543321321867,0.18141172525568655,448,6,74.66666666666667,28,0,0.9059444444444444
gaussian_noise_curve_r4__noise0900__n18000__seed73__vdbscan_2007,ok,VDBSCAN-2007,gaussian_noise_curve_r4,compact_gaussian,4.0,73,0.9,18000,0.40699879999738187,190.0078125,7.1875,,,,,0.994761220409988,0.004922140642806692,0.041112454655380895,96,6,16.0,0,0,0.9811111111111112
gaussian_noise_curve_r4__noise0900__n18000__seed73__knnplusleiden,ok,kNN+Leiden,gaussian_noise_curve_r4,compact_gaussian,4.0,73,0.9,18000,1.7488875999988522,275.7109375,63.87890625,,,,,0.9512293959977933,0.07687025238352058,0.0,28,6,4.666666666666667,0,0,1.0
gaussian_noise_curve_r4__noise0900__n18000__seed73__amd_dbscan,skipped_resource_limit,AMD-DBSCAN,gaussian_noise_curve_r4,compact_gaussian,4.0,73,0.9,18000,,,,"AMD-DBSCAN's compatibility path is O(n^2) and is explicitly skipped for every cell in this n=3,600 to 180,000 replicated benchmark.",,,,,,,,,,,,
gaussian_noise_curve_r4__noise0900__n18000__seed151__stratascan,ok,StrataSCAN,gaussian_noise_curve_r4,compact_gaussian,4.0,151,0.9,18000,1.2853497000032803,236.23046875,53.11328125,,,,,0.9919537829207877,0.9838204767333479,0.9986722247954299,8,6,1.3333333333333333,0,0,0.10083333333333333
gaussian_noise_curve_r4__noise0900__n18000__seed151__dbscan,ok,DBSCAN,gaussian_noise_curve_r4,compact_gaussian,4.0,151,0.9,18000,0.2056245999992825,191.6640625,8.8671875,,,,,0.9687733665124781,0.8345298753012029,0.5398828301036502,1025,6,170.83333333333334,0,0,0.6672222222222223
gaussian_noise_curve_r4__noise0900__n18000__seed151__hdbscan,ok,HDBSCAN,gaussian_noise_curve_r4,compact_gaussian,4.0,151,0.9,18000,3.3008694000018295,186.890625,4.140625,,,,,0.9178854084447563,0.3978100490277602,0.525395958492627,112,6,18.666666666666668,0,0,0.6793333333333333
gaussian_noise_curve_r4__noise0900__n18000__seed151__optics,ok,OPTICS,gaussian_noise_curve_r4,compact_gaussian,4.0,151,0.9,18000,21.377725300000748,187.0390625,3.953125,,,,,0.9715933607423665,0.9366826214247606,0.991921255455474,9,6,1.5,0,0,0.10516666666666667
gaussian_noise_curve_r4__noise0900__n18000__seed151__knn_dbscan,ok,kNN-DBSCAN,gaussian_noise_curve_r4,compact_gaussian,4.0,151,0.9,18000,0.08293590000539552,186.7578125,3.9296875,,,,,0.9868742518913146,0.9370951790614422,0.784650587043775,793,6,132.16666666666666,0,0,0.41894444444444445
gaussian_noise_curve_r4__noise0900__n18000__seed151__snn_dbscan,ok,SNN-DBSCAN,gaussian_noise_curve_r4,compact_gaussian,4.0,151,0.9,18000,0.30889709999610204,248.6484375,25.48828125,,,,,0.5897308727402241,0.19231835812670864,0.16973380606674546,455,6,75.83333333333333,25,0,0.9128333333333334
gaussian_noise_curve_r4__noise0900__n18000__seed151__vdbscan_2007,ok,VDBSCAN-2007,gaussian_noise_curve_r4,compact_gaussian,4.0,151,0.9,18000,0.3906096999999136,190.26953125,7.640625,,,,,0.9947547818139512,0.005231403806333276,0.0392156862745098,82,6,13.666666666666666,0,0,0.982
gaussian_noise_curve_r4__noise0900__n18000__seed151__knnplusleiden,ok,kNN+Leiden,gaussian_noise_curve_r4,compact_gaussian,4.0,151,0.9,18000,1.0748339999991003,276.3515625,64.375,,,,,0.9302989464977182,0.07622780300764148,0.0,28,6,4.666666666666667,0,0,1.0
gaussian_noise_curve_r4__noise0900__n18000__seed151__amd_dbscan,skipped_resource_limit,AMD-DBSCAN,gaussian_noise_curve_r4,compact_gaussian,4.0,151,0.9,18000,,,,"AMD-DBSCAN's compatibility path is O(n^2) and is explicitly skipped for every cell in this n=3,600 to 180,000 replicated benchmark.",,,,,,,,,,,,
gaussian_noise_curve_r4__noise0950__n36000__seed23__stratascan,ok,StrataSCAN,gaussian_noise_curve_r4,compact_gaussian,4.0,23,0.95,36000,2.86113689999911,261.04296875,76.890625,,,,,0.9811146316450077,0.9621729837946055,0.9988879133743049,7,6,1.1666666666666667,0,0,0.051666666666666666
gaussian_noise_curve_r4__noise0950__n36000__seed23__dbscan,ok,DBSCAN,gaussian_noise_curve_r4,compact_gaussian,4.0,23,0.95,36000,0.5742617000069004,197.515625,13.34375,,,,,0.9668833588535101,0.6879643311841372,0.46419830702561915,2137,6,356.1666666666667,0,0,0.7128611111111111
gaussian_noise_curve_r4__noise0950__n36000__seed23__hdbscan,ok,HDBSCAN,gaussian_noise_curve_r4,compact_gaussian,4.0,23,0.95,36000,12.57104119998985,189.16015625,4.984375,,,,,0.9185141212856128,0.25512126792710416,0.5615746971736204,223,6,37.166666666666664,0,0,0.6291111111111111
gaussian_noise_curve_r4__noise0950__n36000__seed23__optics,ok,OPTICS,gaussian_noise_curve_r4,compact_gaussian,4.0,23,0.95,36000,44.36978799999633,193.9921875,9.234375,,,,,0.978520214270946,0.9435552735564254,0.9943901077921696,12,6,2.0,0,0,0.0585
gaussian_noise_curve_r4__noise0950__n36000__seed23__knn_dbscan,ok,kNN-DBSCAN,gaussian_noise_curve_r4,compact_gaussian,4.0,23,0.95,36000,0.16370770000503398,194.69140625,10.6328125,,,,,0.9809331426124256,0.8694486222421823,0.7244279506927997,1959,6,326.5,0,0,0.4604722222222222
gaussian_noise_curve_r4__noise0950__n36000__seed23__snn_dbscan,ok,SNN-DBSCAN,gaussian_noise_curve_r4,compact_gaussian,4.0,23,0.95,36000,0.5770331999956397,277.4140625,53.5703125,,,,,0.5628277482465696,0.11851676866404352,0.1704205807002562,914,6,152.33333333333334,18,0,0.9091111111111111
gaussian_noise_curve_r4__noise0950__n36000__seed23__vdbscan_2007,ok,VDBSCAN-2007,gaussian_noise_curve_r4,compact_gaussian,4.0,23,0.95,36000,0.729834599987953,197.48828125,13.26171875,,,,,0.9905776594727277,0.0009568602271101504,0.022433580989274667,67,6,11.166666666666666,0,0,0.9891388888888889
gaussian_noise_curve_r4__noise0950__n36000__seed23__knnplusleiden,ok,kNN+Leiden,gaussian_noise_curve_r4,compact_gaussian,4.0,23,0.95,36000,5.233881100008148,337.953125,125.29296875,,,,,0.8691084797135491,0.024224444201589864,0.0,34,6,5.666666666666667,0,0,1.0
gaussian_noise_curve_r4__noise0950__n36000__seed23__amd_dbscan,skipped_resource_limit,AMD-DBSCAN,gaussian_noise_curve_r4,compact_gaussian,4.0,23,0.95,36000,,,,"AMD-DBSCAN's compatibility path is O(n^2) and is explicitly skipped for every cell in this n=3,600 to 180,000 replicated benchmark.",,,,,,,,,,,,
gaussian_noise_curve_r4__noise0950__n36000__seed42__stratascan,ok,StrataSCAN,gaussian_noise_curve_r4,compact_gaussian,4.0,42,0.95,36000,2.6376954000006663,265.4140625,80.81640625,,,,,0.9374740932288246,0.9293209183278626,0.9990049168812924,9,6,1.5,1,0,0.05177777777777778
gaussian_noise_curve_r4__noise0950__n36000__seed42__dbscan,ok,DBSCAN,gaussian_noise_curve_r4,compact_gaussian,4.0,42,0.95,36000,0.4719335999980103,196.40625,11.96875,,,,,0.9649307110991835,0.6782702721776862,0.4615384615384615,2109,6,351.5,0,0,0.715
gaussian_noise_curve_r4__noise0950__n36000__seed42__hdbscan,ok,HDBSCAN,gaussian_noise_curve_r4,compact_gaussian,4.0,42,0.95,36000,12.356988700004877,191.83203125,7.60546875,,,,,0.8854326143849182,0.21072232889284248,0.5553466956723763,192,6,32.0,0,0,0.6348055555555555
gaussian_noise_curve_r4__noise0950__n36000__seed42__optics,ok,OPTICS,gaussian_noise_curve_r4,compact_gaussian,4.0,42,0.95,36000,43.6152648999996,191.94140625,7.6015625,,,,,0.9808115316587301,0.949807807108225,0.994728108433558,12,6,2.0,0,0,0.058416666666666665
gaussian_noise_curve_r4__noise0950__n36000__seed42__knn_dbscan,ok,kNN-DBSCAN,gaussian_noise_curve_r4,compact_gaussian,4.0,42,0.95,36000,0.2218262000096729,195.11328125,10.67578125,,,,,0.9784364369283493,0.8643089543178512,0.7283172513804451,1926,6,321.0,0,0,0.4559166666666667
gaussian_noise_curve_r4__noise0950__n36000__seed42__snn_dbscan,ok,SNN-DBSCAN,gaussian_noise_curve_r4,compact_gaussian,4.0,42,0.95,36000,0.5672825999936322,273.2265625,48.890625,,,,,0.5015691865639929,0.073711442000079,0.16754878374766108,867,6,144.5,26,0,0.9108333333333334
gaussian_noise_curve_r4__noise0950__n36000__seed42__vdbscan_2007,ok,VDBSCAN-2007,gaussian_noise_curve_r4,compact_gaussian,4.0,42,0.95,36000,0.7501238999975612,197.703125,13.5,,,,,0.9936511047559184,0.0009856495572712492,0.024947304593884445,69,6,11.5,0,0,0.9879722222222223
gaussian_noise_curve_r4__noise0950__n36000__seed42__knnplusleiden,ok,kNN+Leiden,gaussian_noise_curve_r4,compact_gaussian,4.0,42,0.95,36000,5.34815879999951,336.94140625,124.7109375,,,,,0.8043980945412289,0.025735643962524084,0.0,36,6,6.0,0,0,1.0
gaussian_noise_curve_r4__noise0950__n36000__seed42__amd_dbscan,skipped_resource_limit,AMD-DBSCAN,gaussian_noise_curve_r4,compact_gaussian,4.0,42,0.95,36000,,,,"AMD-DBSCAN's compatibility path is O(n^2) and is explicitly skipped for every cell in this n=3,600 to 180,000 replicated benchmark.",,,,,,,,,,,,
gaussian_noise_curve_r4__noise0950__n36000__seed73__stratascan,ok,StrataSCAN,gaussian_noise_curve_r4,compact_gaussian,4.0,73,0.95,36000,2.706502200002433,270.21875,85.84765625,,,,,0.9858208492392412,0.971705880931626,0.9989616998873957,9,6,1.5,0,0,0.050527777777777776
gaussian_noise_curve_r4__noise0950__n36000__seed73__dbscan,ok,DBSCAN,gaussian_noise_curve_r4,compact_gaussian,4.0,73,0.95,36000,0.46436469999025576,197.89453125,13.25390625,,,,,0.9491029415666642,0.6699596181902377,0.47082494969818917,2093,6,348.8333333333333,0,0,0.7075
gaussian_noise_curve_r4__noise0950__n36000__seed73__hdbscan,ok,HDBSCAN,gaussian_noise_curve_r4,compact_gaussian,4.0,73,0.95,36000,12.145369400008349,189.25390625,5.0078125,,,,,0.8733828139028085,0.22687848174370148,0.5442162392252846,198,6,33.0,0,0,0.6448611111111111
gaussian_noise_curve_r4__noise0950__n36000__seed73__optics,ok,OPTICS,gaussian_noise_curve_r4,compact_gaussian,4.0,73,0.95,36000,44.33000339999853,195.84375,11.33203125,,,,,0.8886165596253915,0.887109553051096,0.992258045632162,12,6,2.0,0,0,0.051972222222222225
gaussian_noise_curve_r4__noise0950__n36000__seed73__knn_dbscan,ok,kNN-DBSCAN,gaussian_noise_curve_r4,compact_gaussian,4.0,73,0.95,36000,0.1775424999941606,189.515625,5.37109375,,,,,0.9705282635869631,0.8458679292394538,0.7230467656118735,1912,6,318.6666666666667,0,0,0.46208333333333335
gaussian_noise_curve_r4__noise0950__n36000__seed73__snn_dbscan,ok,SNN-DBSCAN,gaussian_noise_curve_r4,compact_gaussian,4.0,73,0.95,36000,0.6723872000002302,276.91796875,53.3984375,,,,,0.48410018402328586,0.08174347100996614,0.17396632566069906,886,6,147.66666666666666,26,0,0.9073333333333333
gaussian_noise_curve_r4__noise0950__n36000__seed73__vdbscan_2007,ok,VDBSCAN-2007,gaussian_noise_curve_r4,compact_gaussian,4.0,73,0.95,36000,0.7721195999911288,198.15625,13.58984375,,,,,0.9914472495646961,0.000977271900994474,0.02203522165350915,77,6,12.833333333333334,0,0,0.9894166666666667
gaussian_noise_curve_r4__noise0950__n36000__seed73__knnplusleiden,ok,kNN+Leiden,gaussian_noise_curve_r4,compact_gaussian,4.0,73,0.95,36000,3.078808199992636,337.4921875,124.984375,,,,,0.7666322667760039,0.026141642237199995,0.0,36,6,6.0,0,0,1.0
gaussian_noise_curve_r4__noise0950__n36000__seed73__amd_dbscan,skipped_resource_limit,AMD-DBSCAN,gaussian_noise_curve_r4,compact_gaussian,4.0,73,0.95,36000,,,,"AMD-DBSCAN's compatibility path is O(n^2) and is explicitly skipped for every cell in this n=3,600 to 180,000 replicated benchmark.",,,,,,,,,,,,
gaussian_noise_curve_r4__noise0950__n36000__seed151__stratascan,ok,StrataSCAN,gaussian_noise_curve_r4,compact_gaussian,4.0,151,0.95,36000,3.3720850000099745,270.35546875,85.9609375,,,,,0.9872566812641949,0.9744734148873675,0.9989614568858333,10,6,1.6666666666666667,0,0,0.050972222222222224
gaussian_noise_curve_r4__noise0950__n36000__seed151__dbscan,ok,DBSCAN,gaussian_noise_curve_r4,compact_gaussian,4.0,151,0.95,36000,0.470441600002232,197.73828125,13.44140625,,,,,0.9598989568032698,0.6701723496003497,0.4592165431486946,2113,6,352.1666666666667,0,0,0.7168611111111111
gaussian_noise_curve_r4__noise0950__n36000__seed151__hdbscan,ok,HDBSCAN,gaussian_noise_curve_r4,compact_gaussian,4.0,151,0.95,36000,12.557951400012826,189.94140625,5.1171875,,,,,0.9579305903501023,0.2704833872842654,0.5565356856455493,224,6,37.333333333333336,0,0,0.6337222222222222
gaussian_noise_curve_r4__noise0950__n36000__seed151__optics,ok,OPTICS,gaussian_noise_curve_r4,compact_gaussian,4.0,151,0.95,36000,44.80487439999706,192.875,8.43359375,,,,,0.9749485017207192,0.9430680633768493,0.9962793695435637,9,6,1.5,0,0,0.05366666666666667
gaussian_noise_curve_r4__noise0950__n36000__seed151__knn_dbscan,ok,kNN-DBSCAN,gaussian_noise_curve_r4,compact_gaussian,4.0,151,0.95,36000,0.16872080000757705,195.90234375,11.35546875,,,,,0.9807084391998617,0.8657465495608533,0.7292150487691593,1882,6,313.6666666666667,0,0,0.4548611111111111
gaussian_noise_curve_r4__noise0950__n36000__seed151__snn_dbscan,ok,SNN-DBSCAN,gaussian_noise_curve_r4,compact_gaussian,4.0,151,0.95,36000,0.5731249000091339,275.265625,51.6328125,,,,,0.5880209021175846,0.11285851683692238,0.1668717564603285,934,6,155.66666666666666,26,0,0.9116111111111111
gaussian_noise_curve_r4__noise0950__n36000__seed151__vdbscan_2007,ok,VDBSCAN-2007,gaussian_noise_curve_r4,compact_gaussian,4.0,151,0.95,36000,0.8733528000011574,197.875,13.48828125,,,,,0.9889224726995044,0.0009653570503802756,0.025974025974025976,69,6,11.5,0,0,0.9875
gaussian_noise_curve_r4__noise0950__n36000__seed151__knnplusleiden,ok,kNN+Leiden,gaussian_noise_curve_r4,compact_gaussian,4.0,151,0.95,36000,5.644628499998362,338.81640625,126.0,,,,,0.7741801732773964,0.02524821310955529,0.0,35,6,5.833333333333333,0,0,1.0
gaussian_noise_curve_r4__noise0950__n36000__seed151__amd_dbscan,skipped_resource_limit,AMD-DBSCAN,gaussian_noise_curve_r4,compact_gaussian,4.0,151,0.95,36000,,,,"AMD-DBSCAN's compatibility path is O(n^2) and is explicitly skipped for every cell in this n=3,600 to 180,000 replicated benchmark.",,,,,,,,,,,,
gaussian_noise_curve_r4__noise0975__n72000__seed23__stratascan,ok,StrataSCAN,gaussian_noise_curve_r4,compact_gaussian,4.0,23,0.975,72000,5.375086100000772,324.25390625,139.41796875,,,,,0.9420181106980569,0.9154793296831966,0.9993306178255049,7,6,1.1666666666666667,1,0,0.02461111111111111
gaussian_noise_curve_r4__noise0975__n72000__seed23__dbscan,ok,DBSCAN,gaussian_noise_curve_r4,compact_gaussian,4.0,23,0.975,72000,1.1454605999897467,208.01171875,23.09765625,,,,,0.9497748532762299,0.5264300763529018,0.4587180134587729,4399,6,733.1666666666666,0,0,0.7098194444444444
gaussian_noise_curve_r4__noise0975__n72000__seed23__hdbscan,ok,HDBSCAN,gaussian_noise_curve_r4,compact_gaussian,4.0,23,0.975,72000,48.486395900006755,198.2109375,13.1171875,,,,,0.897984970629957,0.10737797626232466,0.5458010523263039,420,6,70.0,0,0,0.6340555555555556
gaussian_noise_curve_r4__noise0975__n72000__seed23__optics,ok,OPTICS,gaussian_noise_curve_r4,compact_gaussian,4.0,23,0.975,72000,100.10858249999,200.9453125,15.890625,,,,,0.9796706800333536,0.9395853035619314,0.9960548321159536,16,6,2.6666666666666665,0,0,0.03169444444444444
gaussian_noise_curve_r4__noise0975__n72000__seed23__knn_dbscan,ok,kNN-DBSCAN,gaussian_noise_curve_r4,compact_gaussian,4.0,23,0.975,72000,0.4029927000083262,202.65234375,17.76953125,,,,,0.9676074211239242,0.7525725480215957,0.6984936268829665,4171,6,695.1666666666666,0,0,0.47673611111111114
gaussian_noise_curve_r4__noise0975__n72000__seed23__snn_dbscan,ok,SNN-DBSCAN,gaussian_noise_curve_r4,compact_gaussian,4.0,23,0.975,72000,1.336244699996314,298.6015625,74.3515625,,,,,0.5905956798229314,0.06978761194153726,0.17436696532917803,1831,6,305.1666666666667,18,0,0.9054166666666666
gaussian_noise_curve_r4__noise0975__n72000__seed23__vdbscan_2007,ok,VDBSCAN-2007,gaussian_noise_curve_r4,compact_gaussian,4.0,23,0.975,72000,1.7627730999956839,212.65234375,27.80859375,,,,,0.975574180305487,0.00021782361263053242,0.019801980198019802,130,6,21.666666666666668,2,1,0.99025
gaussian_noise_curve_r4__noise0975__n72000__seed23__knnplusleiden,ok,kNN+Leiden,gaussian_noise_curve_r4,compact_gaussian,4.0,23,0.975,72000,24.856688400002895,458.19921875,244.8359375,,,,,0.8555953501715852,0.008179929137982135,0.0,46,6,7.666666666666667,0,0,1.0
gaussian_noise_curve_r4__noise0975__n72000__seed23__amd_dbscan,skipped_resource_limit,AMD-DBSCAN,gaussian_noise_curve_r4,compact_gaussian,4.0,23,0.975,72000,,,,"AMD-DBSCAN's compatibility path is O(n^2) and is explicitly skipped for every cell in this n=3,600 to 180,000 replicated benchmark.",,,,,,,,,,,,
gaussian_noise_curve_r4__noise0975__n72000__seed42__stratascan,ok,StrataSCAN,gaussian_noise_curve_r4,compact_gaussian,4.0,42,0.975,72000,3.588202699989779,309.50390625,124.85546875,,,,,0.9796865448371563,0.958712308739922,0.9992444761225946,12,6,2.0,0,0,0.02638888888888889
gaussian_noise_curve_r4__noise0975__n72000__seed42__dbscan,ok,DBSCAN,gaussian_noise_curve_r4,compact_gaussian,4.0,42,0.975,72000,1.1088230999885127,208.703125,23.29296875,,,,,0.9461684395687348,0.5235500232494343,0.4556833930967728,4376,6,729.3333333333334,0,0,0.7123055555555555
gaussian_noise_curve_r4__noise0975__n72000__seed42__hdbscan,ok,HDBSCAN,gaussian_noise_curve_r4,compact_gaussian,4.0,42,0.975,72000,48.38315069999953,193.23828125,8.66015625,,,,,0.8774041100489568,0.14145687970093776,0.551427421767795,443,6,73.83333333333333,0,0,0.6288472222222222
gaussian_noise_curve_r4__noise0975__n72000__seed42__optics,ok,OPTICS,gaussian_noise_curve_r4,compact_gaussian,4.0,42,0.975,72000,101.29931940000097,201.23046875,16.46484375,,,,,0.9812715768944956,0.9370753457369855,0.995334525939177,18,6,3.0,0,0,0.034027777777777775
gaussian_noise_curve_r4__noise0975__n72000__seed42__knn_dbscan,ok,kNN-DBSCAN,gaussian_noise_curve_r4,compact_gaussian,4.0,42,0.975,72000,0.5382850000023609,199.609375,15.140625,,,,,0.9655137961871586,0.7468206007035266,0.7017190201862349,4096,6,682.6666666666666,0,0,0.4730138888888889
gaussian_noise_curve_r4__noise0975__n72000__seed42__snn_dbscan,ok,SNN-DBSCAN,gaussian_noise_curve_r4,compact_gaussian,4.0,42,0.975,72000,1.3646597000042675,305.4453125,80.90234375,,,,,0.551250212568704,0.05731846584450948,0.17225863503953392,1891,6,315.1666666666667,23,0,0.907
gaussian_noise_curve_r4__noise0975__n72000__seed42__vdbscan_2007,ok,VDBSCAN-2007,gaussian_noise_curve_r4,compact_gaussian,4.0,42,0.975,72000,1.9013943000027211,212.4140625,27.61328125,,,,,0.9798720553957875,0.00021781973784731958,0.020499950653488797,110,6,18.333333333333332,0,0,0.9899027777777778
gaussian_noise_curve_r4__noise0975__n72000__seed42__knnplusleiden,ok,kNN+Leiden,gaussian_noise_curve_r4,compact_gaussian,4.0,42,0.975,72000,41.25347340000735,466.2265625,252.9296875,,,,,0.7151964581414775,0.00774952130291138,0.0,43,6,7.166666666666667,0,0,1.0
gaussian_noise_curve_r4__noise0975__n72000__seed42__amd_dbscan,skipped_resource_limit,AMD-DBSCAN,gaussian_noise_curve_r4,compact_gaussian,4.0,42,0.975,72000,,,,"AMD-DBSCAN's compatibility path is O(n^2) and is explicitly skipped for every cell in this n=3,600 to 180,000 replicated benchmark.",,,,,,,,,,,,
gaussian_noise_curve_r4__noise0975__n72000__seed73__stratascan,ok,StrataSCAN,gaussian_noise_curve_r4,compact_gaussian,4.0,73,0.975,72000,3.423991000003298,309.04296875,124.296875,,,,,0.9747462460689795,0.9493376234170232,0.9992159993157812,9,6,1.5,0,0,0.026305555555555554
gaussian_noise_curve_r4__noise0975__n72000__seed73__dbscan,ok,DBSCAN,gaussian_noise_curve_r4,compact_gaussian,4.0,73,0.975,72000,1.5444130999967456,208.3984375,23.45703125,,,,,0.9574667030962032,0.5174203968620212,0.45248330136895704,4435,6,739.1666666666666,0,0,0.7149166666666666
gaussian_noise_curve_r4__noise0975__n72000__seed73__hdbscan,ok,HDBSCAN,gaussian_noise_curve_r4,compact_gaussian,4.0,73,0.975,72000,48.518196799996076,197.98828125,13.09375,,,,,0.9234931561469919,0.11141237857354894,0.5507395976341134,412,6,68.66666666666667,0,0,0.6294861111111111
gaussian_noise_curve_r4__noise0975__n72000__seed73__optics,ok,OPTICS,gaussian_noise_curve_r4,compact_gaussian,4.0,73,0.975,72000,102.72150629998941,202.8828125,17.66015625,,,,,0.8797558407507414,0.8646718313509779,0.9949630432921435,15,6,2.5,0,0,0.028277777777777777
gaussian_noise_curve_r4__noise0975__n72000__seed73__knn_dbscan,ok,kNN-DBSCAN,gaussian_noise_curve_r4,compact_gaussian,4.0,73,0.975,72000,0.49711079998814967,201.15625,15.7265625,,,,,0.9678377773197293,0.7507254792230325,0.699650832167897,4147,6,691.1666666666666,0,0,0.4754027777777778
gaussian_noise_curve_r4__noise0975__n72000__seed73__snn_dbscan,ok,SNN-DBSCAN,gaussian_noise_curve_r4,compact_gaussian,4.0,73,0.975,72000,1.3877417000039713,302.734375,78.3125,,,,,0.4757778475979129,0.04980133038678942,0.17671401699422717,1930,6,321.6666666666667,26,0,0.904375
gaussian_noise_curve_r4__noise0975__n72000__seed73__vdbscan_2007,ok,VDBSCAN-2007,gaussian_noise_curve_r4,compact_gaussian,4.0,73,0.975,72000,2.0231205000018235,212.93359375,28.0703125,,,,,0.9811245666259688,0.00022295247947986134,0.020332482621508437,119,6,19.833333333333332,0,0,0.9899861111111111
gaussian_noise_curve_r4__noise0975__n72000__seed73__knnplusleiden,ok,kNN+Leiden,gaussian_noise_curve_r4,compact_gaussian,4.0,73,0.975,72000,22.426707800012082,458.8125,244.9609375,,,,,0.6052828269662452,0.00806464627647774,0.0,45,6,7.5,0,0,1.0
gaussian_noise_curve_r4__noise0975__n72000__seed73__amd_dbscan,skipped_resource_limit,AMD-DBSCAN,gaussian_noise_curve_r4,compact_gaussian,4.0,73,0.975,72000,,,,"AMD-DBSCAN's compatibility path is O(n^2) and is explicitly skipped for every cell in this n=3,600 to 180,000 replicated benchmark.",,,,,,,,,,,,
gaussian_noise_curve_r4__noise0975__n72000__seed151__stratascan,ok,StrataSCAN,gaussian_noise_curve_r4,compact_gaussian,4.0,151,0.975,72000,4.152318700012984,309.1796875,124.1484375,,,,,0.978784745736338,0.9573831301448555,0.9993372055731746,9,6,1.5,0,0,0.026180555555555554
gaussian_noise_curve_r4__noise0975__n72000__seed151__dbscan,ok,DBSCAN,gaussian_noise_curve_r4,compact_gaussian,4.0,151,0.975,72000,1.0889903999923263,209.015625,23.28125,,,,,0.9457235981678157,0.5068555461693417,0.45576832125298344,4319,6,719.8333333333334,0,0,0.7122361111111111
gaussian_noise_curve_r4__noise0975__n72000__seed151__hdbscan,ok,HDBSCAN,gaussian_noise_curve_r4,compact_gaussian,4.0,151,0.975,72000,48.242248599999584,195.25,9.953125,,,,,0.9059651481235856,0.1518896031820618,0.574720578233019,422,6,70.33333333333333,0,0,0.6068472222222222
gaussian_noise_curve_r4__noise0975__n72000__seed151__optics,ok,OPTICS,gaussian_noise_curve_r4,compact_gaussian,4.0,151,0.975,72000,102.32999749999726,203.1640625,17.98828125,,,,,0.9622741028439158,0.8976669419537517,0.9945859348738745,18,6,3.0,0,0,0.033041666666666664
gaussian_noise_curve_r4__noise0975__n72000__seed151__knn_dbscan,ok,kNN-DBSCAN,gaussian_noise_curve_r4,compact_gaussian,4.0,151,0.975,72000,0.415873100006138,203.81640625,19.046875,,,,,0.9716861059223824,0.7527630684536049,0.7007578912301158,4094,6,682.3333333333334,0,0,0.474125
gaussian_noise_curve_r4__noise0975__n72000__seed151__snn_dbscan,ok,SNN-DBSCAN,gaussian_noise_curve_r4,compact_gaussian,4.0,151,0.975,72000,1.333395900001051,306.49609375,82.03515625,,,,,0.5718168088990983,0.07158166927626636,0.1757169005491153,1859,6,309.8333333333333,25,0,0.9050972222222222
gaussian_noise_curve_r4__noise0975__n72000__seed151__vdbscan_2007,ok,VDBSCAN-2007,gaussian_noise_curve_r4,compact_gaussian,4.0,151,0.975,72000,1.9814419000031194,212.30078125,27.55078125,,,,,0.975356028961888,0.00021816236264030186,0.021057972852974755,107,6,17.833333333333332,1,0,0.989625
gaussian_noise_curve_r4__noise0975__n72000__seed151__knnplusleiden,ok,kNN+Leiden,gaussian_noise_curve_r4,compact_gaussian,4.0,151,0.975,72000,7.318409200001042,456.7734375,243.19140625,,,,,0.4916981965052176,0.008215510015869886,0.0,45,6,7.5,0,0,1.0
gaussian_noise_curve_r4__noise0975__n72000__seed151__amd_dbscan,skipped_resource_limit,AMD-DBSCAN,gaussian_noise_curve_r4,compact_gaussian,4.0,151,0.975,72000,,,,"AMD-DBSCAN's compatibility path is O(n^2) and is explicitly skipped for every cell in this n=3,600 to 180,000 replicated benchmark.",,,,,,,,,,,,
gaussian_noise_curve_r4__noise0990__n180000__seed23__stratascan,ok,StrataSCAN,gaussian_noise_curve_r4,compact_gaussian,4.0,23,0.99,180000,13.426329900001292,410.1875,224.48046875,,,,,0.9548542133721397,0.9095500615190097,0.9993879705327464,15,6,2.5,0,0,0.011155555555555556
gaussian_noise_curve_r4__noise0990__n180000__seed23__dbscan,ok,DBSCAN,gaussian_noise_curve_r4,compact_gaussian,4.0,23,0.99,180000,3.6907541999971727,237.8828125,51.51953125,,,,,0.9234754730671487,0.3281967473031399,0.4748112771529811,11287,6,1881.1666666666667,0,0,0.6918
gaussian_noise_curve_r4__noise0990__n180000__seed23__hdbscan,timeout,HDBSCAN,gaussian_noise_curve_r4,compact_gaussian,4.0,23,0.99,180000,,,,,,,240,,,,,,,,,
gaussian_noise_curve_r4__noise0990__n180000__seed23__optics,timeout,OPTICS,gaussian_noise_curve_r4,compact_gaussian,4.0,23,0.99,180000,,,,,,,240,,,,,,,,,
gaussian_noise_curve_r4__noise0990__n180000__seed23__knn_dbscan,ok,kNN-DBSCAN,gaussian_noise_curve_r4,compact_gaussian,4.0,23,0.99,180000,1.7553501999936998,219.8203125,33.8125,,,,,0.9513666427550493,0.548198680493948,0.684987307397131,10718,6,1786.3333333333333,0,0,0.48431111111111114
gaussian_noise_curve_r4__noise0990__n180000__seed23__snn_dbscan,ok,SNN-DBSCAN,gaussian_noise_curve_r4,compact_gaussian,4.0,23,0.99,180000,4.57486219999555,359.7734375,132.9140625,,,,,0.5157018778143425,0.026015367054586545,0.17537431814227672,4807,6,801.1666666666666,21,0,0.9043222222222222
gaussian_noise_curve_r4__noise0990__n180000__seed23__vdbscan_2007,ok,VDBSCAN-2007,gaussian_noise_curve_r4,compact_gaussian,4.0,23,0.99,180000,7.507686400000239,254.3046875,68.5234375,,,,,0.9291285631498649,2.9537640733309246e-05,0.02194508733079139,378,6,63.0,4,1,0.9890166666666667
gaussian_noise_curve_r4__noise0990__n180000__seed23__knnplusleiden,ok,kNN+Leiden,gaussian_noise_curve_r4,compact_gaussian,4.0,23,0.99,180000,134.88893210000242,831.74609375,616.125,,,,,0.30142301755281803,0.001779018999605588,0.0,58,6,9.666666666666666,0,0,1.0
gaussian_noise_curve_r4__noise0990__n180000__seed23__amd_dbscan,skipped_resource_limit,AMD-DBSCAN,gaussian_noise_curve_r4,compact_gaussian,4.0,23,0.99,180000,,,,"AMD-DBSCAN's compatibility path is O(n^2) and is explicitly skipped for every cell in this n=3,600 to 180,000 replicated benchmark.",,,,,,,,,,,,
gaussian_noise_curve_r4__noise0990__n180000__seed42__stratascan,ok,StrataSCAN,gaussian_noise_curve_r4,compact_gaussian,4.0,42,0.99,180000,12.076152499997988,408.609375,222.64453125,,,,,0.9677926441339534,0.9367536842028726,0.9996379953360329,8,6,1.3333333333333333,0,0,0.010283333333333334
gaussian_noise_curve_r4__noise0990__n180000__seed42__dbscan,ok,DBSCAN,gaussian_noise_curve_r4,compact_gaussian,4.0,42,0.99,180000,4.535636699991301,237.5703125,52.00390625,,,,,0.9272686221396893,0.32794137271067125,0.47308621664695905,11303,6,1883.8333333333333,0,0,0.6932666666666667
gaussian_noise_curve_r4__noise0990__n180000__seed42__hdbscan,timeout,HDBSCAN,gaussian_noise_curve_r4,compact_gaussian,4.0,42,0.99,180000,,,,,,,240,,,,,,,,,
gaussian_noise_curve_r4__noise0990__n180000__seed42__optics,timeout,OPTICS,gaussian_noise_curve_r4,compact_gaussian,4.0,42,0.99,180000,,,,,,,240,,,,,,,,,
gaussian_noise_curve_r4__noise0990__n180000__seed42__knn_dbscan,ok,kNN-DBSCAN,gaussian_noise_curve_r4,compact_gaussian,4.0,42,0.99,180000,1.7541410999983782,220.06640625,34.2578125,,,,,0.9473705587522936,0.5432878911001529,0.6836565096952908,10746,6,1791.0,0,0,0.48583333333333334
gaussian_noise_curve_r4__noise0990__n180000__seed42__snn_dbscan,ok,SNN-DBSCAN,gaussian_noise_curve_r4,compact_gaussian,4.0,42,0.99,180000,5.365453399994294,360.13671875,133.328125,,,,,0.49933154424910137,0.021699950735888648,0.17454653430878156,4800,6,800.0,27,0,0.9048388888888889
gaussian_noise_curve_r4__noise0990__n180000__seed42__vdbscan_2007,ok,VDBSCAN-2007,gaussian_noise_curve_r4,compact_gaussian,4.0,42,0.99,180000,7.469726399998763,255.390625,69.32421875,,,,,0.9345683278114411,2.933436665586439e-05,0.020593821853443967,347,6,57.833333333333336,5,1,0.9897
gaussian_noise_curve_r4__noise0990__n180000__seed42__knnplusleiden,ok,kNN+Leiden,gaussian_noise_curve_r4,compact_gaussian,4.0,42,0.99,180000,86.87785540000186,834.53515625,618.1875,,,,,0.27753563547401483,0.0017074080765928415,0.0,57,6,9.5,0,2,1.0
gaussian_noise_curve_r4__noise0990__n180000__seed42__amd_dbscan,skipped_resource_limit,AMD-DBSCAN,gaussian_noise_curve_r4,compact_gaussian,4.0,42,0.99,180000,,,,"AMD-DBSCAN's compatibility path is O(n^2) and is explicitly skipped for every cell in this n=3,600 to 180,000 replicated benchmark.",,,,,,,,,,,,
gaussian_noise_curve_r4__noise0990__n180000__seed73__stratascan,ok,StrataSCAN,gaussian_noise_curve_r4,compact_gaussian,4.0,73,0.99,180000,16.38461670000106,506.03515625,320.171875,,,,,0.96006074582553,0.9202862591790192,0.9995059565915496,11,6,1.8333333333333333,0,0,0.010866666666666667
gaussian_noise_curve_r4__noise0990__n180000__seed73__dbscan,ok,DBSCAN,gaussian_noise_curve_r4,compact_gaussian,4.0,73,0.99,180000,4.465469100003247,236.53515625,51.16015625,,,,,0.9378877655838348,0.33007348458737135,0.474595857783028,11108,6,1851.3333333333333,0,0,0.6919833333333333
gaussian_noise_curve_r4__noise0990__n180000__seed73__hdbscan,timeout,HDBSCAN,gaussian_noise_curve_r4,compact_gaussian,4.0,73,0.99,180000,,,,,,,240,,,,,,,,,
gaussian_noise_curve_r4__noise0990__n180000__seed73__optics,timeout,OPTICS,gaussian_noise_curve_r4,compact_gaussian,4.0,73,0.99,180000,,,,,,,240,,,,,,,,,
gaussian_noise_curve_r4__noise0990__n180000__seed73__knn_dbscan,ok,kNN-DBSCAN,gaussian_noise_curve_r4,compact_gaussian,4.0,73,0.99,180000,1.7676957000076072,219.74609375,33.54296875,,,,,0.9523139673895549,0.5469632172984462,0.6869446040939033,10589,6,1764.8333333333333,0,0,0.48206666666666664
gaussian_noise_curve_r4__noise0990__n180000__seed73__snn_dbscan,ok,SNN-DBSCAN,gaussian_noise_curve_r4,compact_gaussian,4.0,73,0.99,180000,4.847203500001342,362.03515625,135.1796875,,,,,0.4254965826859663,0.018838210011027364,0.1791116422056766,4794,6,799.0,29,0,0.9021
gaussian_noise_curve_r4__noise0990__n180000__seed73__vdbscan_2007,ok,VDBSCAN-2007,gaussian_noise_curve_r4,compact_gaussian,4.0,73,0.99,180000,6.256127899992862,254.4765625,68.62890625,,,,,0.9159793397453241,2.8138251469949225e-05,0.021604338630800062,349,6,58.166666666666664,5,1,0.9891722222222222
gaussian_noise_curve_r4__noise0990__n180000__seed73__knnplusleiden,ok,kNN+Leiden,gaussian_noise_curve_r4,compact_gaussian,4.0,73,0.99,180000,95.47985109999718,831.5078125,615.5703125,,,,,0.15755489804227915,0.0017588380139601152,0.0,58,6,9.666666666666666,0,2,1.0
gaussian_noise_curve_r4__noise0990__n180000__seed73__amd_dbscan,skipped_resource_limit,AMD-DBSCAN,gaussian_noise_curve_r4,compact_gaussian,4.0,73,0.99,180000,,,,"AMD-DBSCAN's compatibility path is O(n^2) and is explicitly skipped for every cell in this n=3,600 to 180,000 replicated benchmark.",,,,,,,,,,,,
gaussian_noise_curve_r4__noise0990__n180000__seed151__stratascan,ok,StrataSCAN,gaussian_noise_curve_r4,compact_gaussian,4.0,151,0.99,180000,15.642996099995798,502.515625,316.61328125,,,,,0.9594049666778846,0.9185376764752982,0.9994273073338349,15,6,2.5,0,0,0.011044444444444445
gaussian_noise_curve_r4__noise0990__n180000__seed151__dbscan,ok,DBSCAN,gaussian_noise_curve_r4,compact_gaussian,4.0,151,0.99,180000,4.8520198000042,237.83203125,51.9921875,,,,,0.9259967110512574,0.32311312665880054,0.47365107644078613,11133,6,1855.5,0,0,0.6927722222222222
gaussian_noise_curve_r4__noise0990__n180000__seed151__hdbscan,timeout,HDBSCAN,gaussian_noise_curve_r4,compact_gaussian,4.0,151,0.99,180000,,,,,,,240,,,,,,,,,
gaussian_noise_curve_r4__noise0990__n180000__seed151__optics,timeout,OPTICS,gaussian_noise_curve_r4,compact_gaussian,4.0,151,0.99,180000,,,,,,,240,,,,,,,,,
gaussian_noise_curve_r4__noise0990__n180000__seed151__knn_dbscan,ok,kNN-DBSCAN,gaussian_noise_curve_r4,compact_gaussian,4.0,151,0.99,180000,1.9646350999973947,219.55859375,33.734375,,,,,0.9531228543272204,0.5440840255321485,0.6874638639184217,10560,6,1760.0,0,0,0.4814277777777778
gaussian_noise_curve_r4__noise0990__n180000__seed151__snn_dbscan,ok,SNN-DBSCAN,gaussian_noise_curve_r4,compact_gaussian,4.0,151,0.99,180000,5.4890551999997115,361.6328125,134.42578125,,,,,0.5153367537826621,0.025173808816623202,0.17333968615034662,4672,6,778.6666666666666,29,0,0.9056166666666666
gaussian_noise_curve_r4__noise0990__n180000__seed151__vdbscan_2007,ok,VDBSCAN-2007,gaussian_noise_curve_r4,compact_gaussian,4.0,151,0.99,180000,8.771134000009624,254.1484375,68.8203125,,,,,0.928087657987238,2.920759913776307e-05,0.023184868822452718,355,6,59.166666666666664,5,1,0.9883888888888889
gaussian_noise_curve_r4__noise0990__n180000__seed151__knnplusleiden,ok,kNN+Leiden,gaussian_noise_curve_r4,compact_gaussian,4.0,151,0.99,180000,105.92075040000782,841.57421875,625.45703125,,,,,0.14466737766134483,0.0017686695509629314,0.0,57,6,9.5,0,2,1.0
gaussian_noise_curve_r4__noise0990__n180000__seed151__amd_dbscan,skipped_resource_limit,AMD-DBSCAN,gaussian_noise_curve_r4,compact_gaussian,4.0,151,0.99,180000,,,,"AMD-DBSCAN's compatibility path is O(n^2) and is explicitly skipped for every cell in this n=3,600 to 180,000 replicated benchmark.",,,,,,,,,,,,
anisotropic_ellipses_screen__noise0750__n7200__seed23__stratascan,ok,StrataSCAN,anisotropic_ellipses_screen,anisotropic_ellipses,1.0,23,0.75,7200,7.7670213999954285,237.70703125,55.87109375,,,,,0.8156103082654815,0.7042014876080527,0.9952712100139082,22,6,3.6666666666666665,14,0,0.2520833333333333
anisotropic_ellipses_screen__noise0750__n7200__seed23__dbscan,ok,DBSCAN,anisotropic_ellipses_screen,anisotropic_ellipses,1.0,23,0.75,7200,0.08947590000752825,188.21484375,5.8515625,,,,,0.9683729738727291,0.8893251241783409,0.4717701995188906,334,6,55.666666666666664,0,0,0.7684722222222222
anisotropic_ellipses_screen__noise0750__n7200__seed23__hdbscan,ok,HDBSCAN,anisotropic_ellipses_screen,anisotropic_ellipses,1.0,23,0.75,7200,0.4894471000006888,186.32421875,3.5703125,,,,,0.9632826539263455,0.7242525006358405,0.6185725249424405,38,6,6.333333333333333,0,0,0.6641666666666667
anisotropic_ellipses_screen__noise0750__n7200__seed23__optics,ok,OPTICS,anisotropic_ellipses_screen,anisotropic_ellipses,1.0,23,0.75,7200,8.146817000000738,184.8046875,3.12890625,,,,,0.8431377040411937,0.822233616617392,0.9696370822853037,7,6,1.1666666666666667,1,0,0.2038888888888889
anisotropic_ellipses_screen__noise0750__n7200__seed23__knn_dbscan,ok,kNN-DBSCAN,anisotropic_ellipses_screen,anisotropic_ellipses,1.0,23,0.75,7200,0.058155400009127334,185.1953125,2.8515625,,,,,0.9545074012700723,0.9309139357067484,0.9975881261595547,10,6,1.6666666666666667,3,0,0.25277777777777777
anisotropic_ellipses_screen__noise0750__n7200__seed23__snn_dbscan,ok,SNN-DBSCAN,anisotropic_ellipses_screen,anisotropic_ellipses,1.0,23,0.75,7200,0.11056479999388102,232.3828125,9.359375,,,,,0.7498864844701556,0.4923435373682113,0.1723325479636486,141,6,23.5,11,0,0.9247222222222222
anisotropic_ellipses_screen__noise0750__n7200__seed23__vdbscan_2007,ok,VDBSCAN-2007,anisotropic_ellipses_screen,anisotropic_ellipses,1.0,23,0.75,7200,0.12770799999998417,186.859375,5.01953125,,,,,0.9925601184210527,0.043789925780587546,0.037434126839905504,24,6,4.0,0,0,0.9856944444444444
anisotropic_ellipses_screen__noise0750__n7200__seed23__knnplusleiden,ok,kNN+Leiden,anisotropic_ellipses_screen,anisotropic_ellipses,1.0,23,0.75,7200,0.3199618999933591,240.390625,28.32421875,,,,,0.740265188379229,0.16842125085993165,0.0,24,6,4.0,6,0,1.0
anisotropic_ellipses_screen__noise0750__n7200__seed23__amd_dbscan,skipped_resource_limit,AMD-DBSCAN,anisotropic_ellipses_screen,anisotropic_ellipses,1.0,23,0.75,7200,,,,"AMD-DBSCAN's compatibility path is O(n^2) and is explicitly skipped for every cell in this n=3,600 to 180,000 replicated benchmark.",,,,,,,,,,,,
anisotropic_ellipses_screen__noise0750__n7200__seed42__stratascan,ok,StrataSCAN,anisotropic_ellipses_screen,anisotropic_ellipses,1.0,42,0.75,7200,3.8686839000001783,230.79296875,48.76953125,,,,,0.9774525411138612,0.9598019627318711,0.9972222222222222,9,6,1.5,1,0,0.25
anisotropic_ellipses_screen__noise0750__n7200__seed42__dbscan,ok,DBSCAN,anisotropic_ellipses_screen,anisotropic_ellipses,1.0,42,0.75,7200,0.09473240000079386,188.63671875,6.484375,,,,,0.9642570846247353,0.8846226546897986,0.4621956428876549,342,6,57.0,0,0,0.7745833333333333
anisotropic_ellipses_screen__noise0750__n7200__seed42__hdbscan,ok,HDBSCAN,anisotropic_ellipses_screen,anisotropic_ellipses,1.0,42,0.75,7200,0.7133191999892006,185.68359375,3.63671875,,,,,0.9382580337389784,0.5997425854009149,0.5491671144545943,36,6,6.0,0,0,0.7161111111111111
anisotropic_ellipses_screen__noise0750__n7200__seed42__optics,ok,OPTICS,anisotropic_ellipses_screen,anisotropic_ellipses,1.0,42,0.75,7200,8.396685500003514,185.2890625,3.2109375,,,,,0.910091643182939,0.8672816400941228,0.97223486572599,7,6,1.1666666666666667,0,0,0.22430555555555556
anisotropic_ellipses_screen__noise0750__n7200__seed42__knn_dbscan,ok,kNN-DBSCAN,anisotropic_ellipses_screen,anisotropic_ellipses,1.0,42,0.75,7200,0.034396000002743676,185.1796875,2.84765625,,,,,0.9845907687595942,0.9712320211924929,0.9986099527383931,8,6,1.3333333333333333,1,0,0.25125
anisotropic_ellipses_screen__noise0750__n7200__seed42__snn_dbscan,ok,SNN-DBSCAN,anisotropic_ellipses_screen,anisotropic_ellipses,1.0,42,0.75,7200,0.10640710000006948,227.6953125,4.3828125,,,,,0.7521258112845244,0.51452883535118,0.1779347460477632,150,6,25.0,8,0,0.9241666666666667
anisotropic_ellipses_screen__noise0750__n7200__seed42__vdbscan_2007,ok,VDBSCAN-2007,anisotropic_ellipses_screen,anisotropic_ellipses,1.0,42,0.75,7200,0.14481899999373127,187.3359375,5.1875,,,,,0.996127697960441,0.04105757665244349,0.03707742639040349,22,6,3.6666666666666665,0,0,0.9858333333333333
anisotropic_ellipses_screen__noise0750__n7200__seed42__knnplusleiden,ok,kNN+Leiden,anisotropic_ellipses_screen,anisotropic_ellipses,1.0,42,0.75,7200,0.4467803000006825,240.58203125,28.6171875,,,,,0.6999606401913326,0.15362935258990815,0.0,23,6,3.8333333333333335,6,0,1.0
anisotropic_ellipses_screen__noise0750__n7200__seed42__amd_dbscan,skipped_resource_limit,AMD-DBSCAN,anisotropic_ellipses_screen,anisotropic_ellipses,1.0,42,0.75,7200,,,,"AMD-DBSCAN's compatibility path is O(n^2) and is explicitly skipped for every cell in this n=3,600 to 180,000 replicated benchmark.",,,,,,,,,,,,
anisotropic_ellipses_screen__noise0750__n7200__seed73__stratascan,ok,StrataSCAN,anisotropic_ellipses_screen,anisotropic_ellipses,1.0,73,0.75,7200,1.5119040999998106,223.921875,41.859375,,,,,0.9661472446286807,0.9420866713662015,0.9950166112956811,8,6,1.3333333333333333,1,0,0.245
anisotropic_ellipses_screen__noise0750__n7200__seed73__dbscan,ok,DBSCAN,anisotropic_ellipses_screen,anisotropic_ellipses,1.0,73,0.75,7200,0.10161280000465922,186.89453125,4.796875,,,,,0.9646306554256577,0.8846153846153846,0.4661269706007669,334,6,55.666666666666664,0,0,0.7720833333333333
anisotropic_ellipses_screen__noise0750__n7200__seed73__hdbscan,ok,HDBSCAN,anisotropic_ellipses_screen,anisotropic_ellipses,1.0,73,0.75,7200,0.7647855000104755,185.7421875,3.6015625,,,,,0.9549330575265733,0.7085970384277624,0.6141408956756064,38,6,6.333333333333333,0,0,0.6676388888888889
anisotropic_ellipses_screen__noise0750__n7200__seed73__optics,ok,OPTICS,anisotropic_ellipses_screen,anisotropic_ellipses,1.0,73,0.75,7200,10.764170299997204,184.7109375,3.15625,,,,,0.8676738159888595,0.8706934398867028,0.9661510464058234,7,6,1.1666666666666667,0,0,0.22361111111111112
anisotropic_ellipses_screen__noise0750__n7200__seed73__knn_dbscan,ok,kNN-DBSCAN,anisotropic_ellipses_screen,anisotropic_ellipses,1.0,73,0.75,7200,0.04157200000190642,184.76171875,2.8671875,,,,,0.9904345191006726,0.9815347976542539,0.9982392734686313,7,6,1.1666666666666667,1,0,0.25125
anisotropic_ellipses_screen__noise0750__n7200__seed73__snn_dbscan,ok,SNN-DBSCAN,anisotropic_ellipses_screen,anisotropic_ellipses,1.0,73,0.75,7200,0.10117650000029244,227.52734375,4.20703125,,,,,0.5669153740401152,0.3112856470551014,0.17493692178301093,158,6,26.333333333333332,20,0,0.9243055555555556
anisotropic_ellipses_screen__noise0750__n7200__seed73__vdbscan_2007,ok,VDBSCAN-2007,anisotropic_ellipses_screen,anisotropic_ellipses,1.0,73,0.75,7200,0.13607589999446645,186.98046875,5.24609375,,,,,0.9901034285218787,0.04027303457684855,0.0377906976744186,32,6,5.333333333333333,0,0,0.9855555555555555
anisotropic_ellipses_screen__noise0750__n7200__seed73__knnplusleiden,ok,kNN+Leiden,anisotropic_ellipses_screen,anisotropic_ellipses,1.0,73,0.75,7200,0.39132430001336616,240.2734375,28.48046875,,,,,0.7019097802086213,0.16785462172039622,0.0,24,6,4.0,6,0,1.0
anisotropic_ellipses_screen__noise0750__n7200__seed73__amd_dbscan,skipped_resource_limit,AMD-DBSCAN,anisotropic_ellipses_screen,anisotropic_ellipses,1.0,73,0.75,7200,,,,"AMD-DBSCAN's compatibility path is O(n^2) and is explicitly skipped for every cell in this n=3,600 to 180,000 replicated benchmark.",,,,,,,,,,,,
anisotropic_ellipses_screen__noise0750__n7200__seed151__stratascan,ok,StrataSCAN,anisotropic_ellipses_screen,anisotropic_ellipses,1.0,151,0.75,7200,4.789584099999047,237.578125,55.76953125,,,,,0.8254375407633973,0.8221584557066587,0.9960233052806805,10,6,1.6666666666666667,4,0,0.24819444444444444
anisotropic_ellipses_screen__noise0750__n7200__seed151__dbscan,ok,DBSCAN,anisotropic_ellipses_screen,anisotropic_ellipses,1.0,151,0.75,7200,0.08942669999669306,188.80859375,6.8203125,,,,,0.9660563626094735,0.8893530460589697,0.4867591424968474,332,6,55.333333333333336,0,0,0.75875
anisotropic_ellipses_screen__noise0750__n7200__seed151__hdbscan,ok,HDBSCAN,anisotropic_ellipses_screen,anisotropic_ellipses,1.0,151,0.75,7200,0.49705200000607874,185.88671875,3.59765625,,,,,0.9445403752322846,0.6576238298829058,0.5419198055893074,37,6,6.166666666666667,0,0,0.72125
anisotropic_ellipses_screen__noise0750__n7200__seed151__optics,ok,OPTICS,anisotropic_ellipses_screen,anisotropic_ellipses,1.0,151,0.75,7200,12.083428900004947,185.67578125,3.21484375,,,,,0.871148360444629,0.875218004642635,0.9650082012028433,8,6,1.3333333333333333,0,0,0.22583333333333333
anisotropic_ellipses_screen__noise0750__n7200__seed151__knn_dbscan,ok,kNN-DBSCAN,anisotropic_ellipses_screen,anisotropic_ellipses,1.0,151,0.75,7200,0.04012910000164993,184.71484375,2.9375,,,,,0.9939082488940701,0.987819840061492,0.9979610750695089,6,6,1.0,0,0,0.2513888888888889
anisotropic_ellipses_screen__noise0750__n7200__seed151__snn_dbscan,ok,SNN-DBSCAN,anisotropic_ellipses_screen,anisotropic_ellipses,1.0,151,0.75,7200,0.14468399999896064,232.9296875,10.234375,,,,,0.6846648665110574,0.4667177777381568,0.16849569474928244,157,6,26.166666666666668,11,0,0.9273611111111111
anisotropic_ellipses_screen__noise0750__n7200__seed151__vdbscan_2007,ok,VDBSCAN-2007,anisotropic_ellipses_screen,anisotropic_ellipses,1.0,151,0.75,7200,0.17795029999979306,187.57421875,5.33984375,,,,,0.99255278908415,0.04241082605107388,0.03672059625522633,27,6,4.5,0,0,0.9859722222222222
anisotropic_ellipses_screen__noise0750__n7200__seed151__knnplusleiden,ok,kNN+Leiden,anisotropic_ellipses_screen,anisotropic_ellipses,1.0,151,0.75,7200,1.0457450999965658,240.80078125,28.8125,,,,,0.7352318837575749,0.14744441949814208,0.0,21,6,3.5,6,0,1.0
anisotropic_ellipses_screen__noise0750__n7200__seed151__amd_dbscan,skipped_resource_limit,AMD-DBSCAN,anisotropic_ellipses_screen,anisotropic_ellipses,1.0,151,0.75,7200,,,,"AMD-DBSCAN's compatibility path is O(n^2) and is explicitly skipped for every cell in this n=3,600 to 180,000 replicated benchmark.",,,,,,,,,,,,
anisotropic_ellipses_screen__noise0950__n36000__seed23__stratascan,ok,StrataSCAN,anisotropic_ellipses_screen,anisotropic_ellipses,1.0,23,0.95,36000,2.880254799994873,265.33984375,80.953125,,,,,0.960304482195128,0.9219719378949034,0.9979400119800723,6,6,1.0,0,0,0.04869444444444444
anisotropic_ellipses_screen__noise0950__n36000__seed23__dbscan,ok,DBSCAN,anisotropic_ellipses_screen,anisotropic_ellipses,1.0,23,0.95,36000,0.5082566999917617,194.96484375,10.84765625,,,,,0.9337767073211807,0.6538245431393678,0.4692059797690449,2123,6,353.8333333333333,0,0,0.7087777777777777
anisotropic_ellipses_screen__noise0950__n36000__seed23__hdbscan,ok,HDBSCAN,anisotropic_ellipses_screen,anisotropic_ellipses,1.0,23,0.95,36000,16.973194099991815,189.234375,4.72265625,,,,,0.8951750280819728,0.24984605431993653,0.5602727904186575,220,6,36.666666666666664,0,0,0.6303055555555556
anisotropic_ellipses_screen__noise0950__n36000__seed23__optics,ok,OPTICS,anisotropic_ellipses_screen,anisotropic_ellipses,1.0,23,0.95,36000,52.36599639999622,195.81640625,10.9765625,,,,,0.7453260226999955,0.7586336883047899,0.9880333897612514,13,6,2.1666666666666665,1,0,0.04655555555555556
anisotropic_ellipses_screen__noise0950__n36000__seed23__knn_dbscan,ok,kNN-DBSCAN,anisotropic_ellipses_screen,anisotropic_ellipses,1.0,23,0.95,36000,0.23965999999199994,195.16796875,10.64453125,,,,,0.9301809197731813,0.7934950721006504,0.7251514304351878,1953,6,325.5,3,0,0.45958333333333334
anisotropic_ellipses_screen__noise0950__n36000__seed23__snn_dbscan,ok,SNN-DBSCAN,anisotropic_ellipses_screen,anisotropic_ellipses,1.0,23,0.95,36000,0.7926282999978866,275.98046875,52.609375,,,,,0.6627111449384527,0.1614212086228159,0.17058572039333048,904,6,150.66666666666666,12,0,0.9104444444444444
anisotropic_ellipses_screen__noise0950__n36000__seed23__vdbscan_2007,ok,VDBSCAN-2007,anisotropic_ellipses_screen,anisotropic_ellipses,1.0,23,0.95,36000,1.3338723000051687,197.27734375,12.98046875,,,,,0.9752574913754114,0.0009240360988892862,0.023064250411861616,71,6,11.833333333333334,0,0,0.9889166666666667
anisotropic_ellipses_screen__noise0950__n36000__seed23__knnplusleiden,ok,kNN+Leiden,anisotropic_ellipses_screen,anisotropic_ellipses,1.0,23,0.95,36000,5.215126400013105,338.96484375,126.5625,,,,,0.7748819112227975,0.022908315352666776,0.0,37,6,6.166666666666667,2,0,1.0
anisotropic_ellipses_screen__noise0950__n36000__seed23__amd_dbscan,skipped_resource_limit,AMD-DBSCAN,anisotropic_ellipses_screen,anisotropic_ellipses,1.0,23,0.95,36000,,,,"AMD-DBSCAN's compatibility path is O(n^2) and is explicitly skipped for every cell in this n=3,600 to 180,000 replicated benchmark.",,,,,,,,,,,,
anisotropic_ellipses_screen__noise0950__n36000__seed42__stratascan,ok,StrataSCAN,anisotropic_ellipses_screen,anisotropic_ellipses,1.0,42,0.95,36000,2.9625519000110216,260.6953125,75.7734375,,,,,0.9703885797887585,0.9417152119567906,0.9984658767149307,6,6,1.0,0,0,0.04880555555555555
anisotropic_ellipses_screen__noise0950__n36000__seed42__dbscan,ok,DBSCAN,anisotropic_ellipses_screen,anisotropic_ellipses,1.0,42,0.95,36000,0.5224719999969238,195.2109375,10.6484375,,,,,0.9488936694808348,0.6656146113661549,0.4629904273965215,2120,6,353.3333333333333,0,0,0.7138333333333333
anisotropic_ellipses_screen__noise0950__n36000__seed42__hdbscan,ok,HDBSCAN,anisotropic_ellipses_screen,anisotropic_ellipses,1.0,42,0.95,36000,15.692265499994392,190.66015625,6.76953125,,,,,0.8460736740311957,0.20601059450247983,0.5547972701726214,192,6,32.0,0,0,0.6353055555555556
anisotropic_ellipses_screen__noise0950__n36000__seed42__optics,ok,OPTICS,anisotropic_ellipses_screen,anisotropic_ellipses,1.0,42,0.95,36000,43.574965599997086,192.34375,7.859375,,,,,0.9016563133025789,0.8386373814231876,0.991513768179557,12,6,2.0,0,0,0.0515
anisotropic_ellipses_screen__noise0950__n36000__seed42__knn_dbscan,ok,kNN-DBSCAN,anisotropic_ellipses_screen,anisotropic_ellipses,1.0,42,0.95,36000,0.19618719999562018,192.328125,7.69140625,,,,,0.9612583938489795,0.8369603321845392,0.7289789092260521,1920,6,320.0,1,0,0.45513888888888887
anisotropic_ellipses_screen__noise0950__n36000__seed42__snn_dbscan,ok,SNN-DBSCAN,anisotropic_ellipses_screen,anisotropic_ellipses,1.0,42,0.95,36000,0.778618500000448,277.875,53.8671875,,,,,0.7574986390061219,0.18755129528111203,0.1690834180534004,844,6,140.66666666666666,7,0,0.9117222222222222
anisotropic_ellipses_screen__noise0950__n36000__seed42__vdbscan_2007,ok,VDBSCAN-2007,anisotropic_ellipses_screen,anisotropic_ellipses,1.0,42,0.95,36000,1.0412442999950144,197.48828125,13.11328125,,,,,0.9827671610521596,0.00096002062713816,0.025518157150280003,71,6,11.833333333333334,0,0,0.9877222222222222
anisotropic_ellipses_screen__noise0950__n36000__seed42__knnplusleiden,ok,kNN+Leiden,anisotropic_ellipses_screen,anisotropic_ellipses,1.0,42,0.95,36000,3.34940110000025,339.21875,126.671875,,,,,0.7738875440952259,0.02571290485881217,0.0,36,6,6.0,0,0,1.0
anisotropic_ellipses_screen__noise0950__n36000__seed42__amd_dbscan,skipped_resource_limit,AMD-DBSCAN,anisotropic_ellipses_screen,anisotropic_ellipses,1.0,42,0.95,36000,,,,"AMD-DBSCAN's compatibility path is O(n^2) and is explicitly skipped for every cell in this n=3,600 to 180,000 replicated benchmark.",,,,,,,,,,,,
anisotropic_ellipses_screen__noise0950__n36000__seed73__stratascan,ok,StrataSCAN,anisotropic_ellipses_screen,anisotropic_ellipses,1.0,73,0.95,36000,1.5444035999971675,262.94140625,78.609375,,,,,0.9618251505475723,0.9249485200225477,0.9981008589960847,7,6,1.1666666666666667,0,0,0.04855555555555555
anisotropic_ellipses_screen__noise0950__n36000__seed73__dbscan,ok,DBSCAN,anisotropic_ellipses_screen,anisotropic_ellipses,1.0,73,0.95,36000,0.5018483000021661,195.69140625,11.1328125,,,,,0.9295018900218704,0.6514833515714282,0.4732613159539327,2096,6,349.3333333333333,0,0,0.7054444444444444
anisotropic_ellipses_screen__noise0950__n36000__seed73__hdbscan,ok,HDBSCAN,anisotropic_ellipses_screen,anisotropic_ellipses,1.0,73,0.95,36000,10.492147400000249,188.3828125,4.03515625,,,,,0.8540118765475434,0.22289996918662633,0.5398343437793527,199,6,33.166666666666664,0,0,0.6487777777777778
anisotropic_ellipses_screen__noise0950__n36000__seed73__optics,ok,OPTICS,anisotropic_ellipses_screen,anisotropic_ellipses,1.0,73,0.95,36000,37.87787280000339,194.625,10.09765625,,,,,0.867386095305649,0.8651727405637141,0.9915447630193094,12,6,2.0,0,0,0.051111111111111114
anisotropic_ellipses_screen__noise0950__n36000__seed73__knn_dbscan,ok,kNN-DBSCAN,anisotropic_ellipses_screen,anisotropic_ellipses,1.0,73,0.95,36000,0.13870570001017768,192.27734375,7.48828125,,,,,0.9533046306738427,0.8187702117343554,0.7233772535552985,1902,6,317.0,0,0,0.46161111111111114
anisotropic_ellipses_screen__noise0950__n36000__seed73__snn_dbscan,ok,SNN-DBSCAN,anisotropic_ellipses_screen,anisotropic_ellipses,1.0,73,0.95,36000,0.5066759000037564,273.71484375,49.73828125,,,,,0.561758785897553,0.1095500271407725,0.17553304904051173,876,6,146.0,21,0,0.9077777777777778
anisotropic_ellipses_screen__noise0950__n36000__seed73__vdbscan_2007,ok,VDBSCAN-2007,anisotropic_ellipses_screen,anisotropic_ellipses,1.0,73,0.95,36000,0.6508910999982618,197.97265625,13.421875,,,,,0.9817031275915826,0.0009553651266281028,0.022606382978723402,85,6,14.166666666666666,0,0,0.9891111111111112
anisotropic_ellipses_screen__noise0950__n36000__seed73__knnplusleiden,ok,kNN+Leiden,anisotropic_ellipses_screen,anisotropic_ellipses,1.0,73,0.95,36000,9.777760800003307,339.84765625,126.99609375,,,,,0.7540124332838042,0.02479502525734053,0.0,34,6,5.666666666666667,0,0,1.0
anisotropic_ellipses_screen__noise0950__n36000__seed73__amd_dbscan,skipped_resource_limit,AMD-DBSCAN,anisotropic_ellipses_screen,anisotropic_ellipses,1.0,73,0.95,36000,,,,"AMD-DBSCAN's compatibility path is O(n^2) and is explicitly skipped for every cell in this n=3,600 to 180,000 replicated benchmark.",,,,,,,,,,,,
anisotropic_ellipses_screen__noise0950__n36000__seed151__stratascan,ok,StrataSCAN,anisotropic_ellipses_screen,anisotropic_ellipses,1.0,151,0.95,36000,2.021443600009661,262.97265625,78.1484375,,,,,0.9618151666940746,0.9246553703660896,0.9980281895859198,6,6,1.0,0,0,0.04819444444444444
anisotropic_ellipses_screen__noise0950__n36000__seed151__dbscan,ok,DBSCAN,anisotropic_ellipses_screen,anisotropic_ellipses,1.0,151,0.95,36000,0.43452029999752995,195.25,10.859375,,,,,0.9153017901124594,0.623708574428412,0.46136542571139355,2102,6,350.3333333333333,0,0,0.7151388888888889
anisotropic_ellipses_screen__noise0950__n36000__seed151__hdbscan,ok,HDBSCAN,anisotropic_ellipses_screen,anisotropic_ellipses,1.0,151,0.95,36000,11.541164700000081,189.06640625,4.765625,,,,,0.9041992666704601,0.2621825936960342,0.5586834674870411,220,6,36.666666666666664,0,0,0.6317222222222222
anisotropic_ellipses_screen__noise0950__n36000__seed151__optics,ok,OPTICS,anisotropic_ellipses_screen,anisotropic_ellipses,1.0,151,0.95,36000,42.71775820000039,195.21875,10.72265625,,,,,0.8639621399793699,0.854785851053109,0.9928456709008614,9,6,1.5,0,0,0.0475
anisotropic_ellipses_screen__noise0950__n36000__seed151__knn_dbscan,ok,kNN-DBSCAN,anisotropic_ellipses_screen,anisotropic_ellipses,1.0,151,0.95,36000,0.18070219999935944,195.32421875,11.05078125,,,,,0.9535643925209101,0.8217442590805338,0.7297578368741643,1872,6,312.0,0,0,0.45422222222222225
anisotropic_ellipses_screen__noise0950__n36000__seed151__snn_dbscan,ok,SNN-DBSCAN,anisotropic_ellipses_screen,anisotropic_ellipses,1.0,151,0.95,36000,0.5325753000070108,275.13671875,51.00390625,,,,,0.6567351108504101,0.1676020666056531,0.16738955823293172,909,6,151.5,13,0,0.9125
anisotropic_ellipses_screen__noise0950__n36000__seed151__vdbscan_2007,ok,VDBSCAN-2007,anisotropic_ellipses_screen,anisotropic_ellipses,1.0,151,0.95,36000,0.792377599995234,197.421875,13.02734375,,,,,0.9760561693471529,0.0009316096795073861,0.026370455856895552,70,6,11.666666666666666,0,0,0.9872222222222222
anisotropic_ellipses_screen__noise0950__n36000__seed151__knnplusleiden,ok,kNN+Leiden,anisotropic_ellipses_screen,anisotropic_ellipses,1.0,151,0.95,36000,2.277981799998088,339.00390625,126.05078125,,,,,0.7679272940485063,0.026943032157425002,0.0,38,6,6.333333333333333,0,0,1.0
anisotropic_ellipses_screen__noise0950__n36000__seed151__amd_dbscan,skipped_resource_limit,AMD-DBSCAN,anisotropic_ellipses_screen,anisotropic_ellipses,1.0,151,0.95,36000,,,,"AMD-DBSCAN's compatibility path is O(n^2) and is explicitly skipped for every cell in this n=3,600 to 180,000 replicated benchmark.",,,,,,,,,,,,
anisotropic_ellipses_screen__noise0990__n180000__seed23__stratascan,ok,StrataSCAN,anisotropic_ellipses_screen,anisotropic_ellipses,1.0,23,0.99,180000,9.292904499990982,416.2734375,230.515625,,,,,0.8775099134599834,0.7674925436816852,0.998839080911013,6,6,1.0,0,0,0.008811111111111112
anisotropic_ellipses_screen__noise0990__n180000__seed23__dbscan,ok,DBSCAN,anisotropic_ellipses_screen,anisotropic_ellipses,1.0,23,0.99,180000,4.229073599999538,235.91015625,50.03515625,,,,,0.8684847038116494,0.31431296612844,0.48061559449204927,11284,6,1880.6666666666667,0,0,0.6868333333333333
anisotropic_ellipses_screen__noise0990__n180000__seed23__hdbscan,timeout,HDBSCAN,anisotropic_ellipses_screen,anisotropic_ellipses,1.0,23,0.99,180000,,,,,,,240,,,,,,,,,
anisotropic_ellipses_screen__noise0990__n180000__seed23__optics,timeout,OPTICS,anisotropic_ellipses_screen,anisotropic_ellipses,1.0,23,0.99,180000,,,,,,,240,,,,,,,,,
anisotropic_ellipses_screen__noise0990__n180000__seed23__knn_dbscan,ok,kNN-DBSCAN,anisotropic_ellipses_screen,anisotropic_ellipses,1.0,23,0.99,180000,2.216854300000705,218.2734375,32.26171875,,,,,0.8895664746491511,0.4944168855169731,0.6852948228480791,10695,6,1782.5,1,0,0.48391666666666666
anisotropic_ellipses_screen__noise0990__n180000__seed23__snn_dbscan,ok,SNN-DBSCAN,anisotropic_ellipses_screen,anisotropic_ellipses,1.0,23,0.99,180000,4.700589900006889,362.79296875,135.31640625,,,,,0.5885223591335041,0.036823120436001396,0.17629875943215245,4789,6,798.1666666666666,12,0,0.9040277777777778
anisotropic_ellipses_screen__noise0990__n180000__seed23__vdbscan_2007,ok,VDBSCAN-2007,anisotropic_ellipses_screen,anisotropic_ellipses,1.0,23,0.99,180000,6.16586060001282,253.35546875,67.92578125,,,,,0.8773565322432672,2.4643245069155786e-05,0.022954584537552215,411,6,68.5,7,1,0.9885055555555555
anisotropic_ellipses_screen__noise0990__n180000__seed23__knnplusleiden,ok,kNN+Leiden,anisotropic_ellipses_screen,anisotropic_ellipses,1.0,23,0.99,180000,122.59848839999177,822.8203125,606.58203125,,,,,0.15433579218413138,0.0017253880425315042,0.0,55,6,9.166666666666666,0,1,1.0
anisotropic_ellipses_screen__noise0990__n180000__seed23__amd_dbscan,skipped_resource_limit,AMD-DBSCAN,anisotropic_ellipses_screen,anisotropic_ellipses,1.0,23,0.99,180000,,,,"AMD-DBSCAN's compatibility path is O(n^2) and is explicitly skipped for every cell in this n=3,600 to 180,000 replicated benchmark.",,,,,,,,,,,,
anisotropic_ellipses_screen__noise0990__n180000__seed42__stratascan,ok,StrataSCAN,anisotropic_ellipses_screen,anisotropic_ellipses,1.0,42,0.99,180000,11.864694500007317,499.25390625,313.01171875,,,,,0.8726601918315312,0.7578717822178918,0.9987970692231982,6,6,1.0,0,0,0.008727777777777777
anisotropic_ellipses_screen__noise0990__n180000__seed42__dbscan,ok,DBSCAN,anisotropic_ellipses_screen,anisotropic_ellipses,1.0,42,0.99,180000,3.7088727000082145,236.6171875,51.23046875,,,,,0.8814607486738569,0.3180022849681737,0.4788647033717456,11319,6,1886.5,0,0,0.6883333333333334
anisotropic_ellipses_screen__noise0990__n180000__seed42__hdbscan,timeout,HDBSCAN,anisotropic_ellipses_screen,anisotropic_ellipses,1.0,42,0.99,180000,,,,,,,240,,,,,,,,,
anisotropic_ellipses_screen__noise0990__n180000__seed42__optics,timeout,OPTICS,anisotropic_ellipses_screen,anisotropic_ellipses,1.0,42,0.99,180000,,,,,,,240,,,,,,,,,
anisotropic_ellipses_screen__noise0990__n180000__seed42__knn_dbscan,ok,kNN-DBSCAN,anisotropic_ellipses_screen,anisotropic_ellipses,1.0,42,0.99,180000,1.843642899999395,221.01171875,35.10546875,,,,,0.9016995185717157,0.5020955598767007,0.6839040349769392,10722,6,1787.0,1,0,0.48551666666666665
anisotropic_ellipses_screen__noise0990__n180000__seed42__snn_dbscan,ok,SNN-DBSCAN,anisotropic_ellipses_screen,anisotropic_ellipses,1.0,42,0.99,180000,5.509019099990837,362.12109375,135.08984375,,,,,0.7118902146184188,0.05673268215129718,0.1751626759229395,4762,6,793.6666666666666,9,0,0.90485
anisotropic_ellipses_screen__noise0990__n180000__seed42__vdbscan_2007,ok,VDBSCAN-2007,anisotropic_ellipses_screen,anisotropic_ellipses,1.0,42,0.99,180000,9.399908399995184,254.09375,68.4609375,,,,,0.0005698232977953537,3.506989236931959e-05,0.021703533068746356,326,6,54.333333333333336,0,1,0.9891388888888889
anisotropic_ellipses_screen__noise0990__n180000__seed42__knnplusleiden,ok,kNN+Leiden,anisotropic_ellipses_screen,anisotropic_ellipses,1.0,42,0.99,180000,90.51770090000355,840.05859375,624.12109375,,,,,0.23449519127161064,0.0016299525821617626,0.0,54,6,9.0,0,2,1.0
anisotropic_ellipses_screen__noise0990__n180000__seed42__amd_dbscan,skipped_resource_limit,AMD-DBSCAN,anisotropic_ellipses_screen,anisotropic_ellipses,1.0,42,0.99,180000,,,,"AMD-DBSCAN's compatibility path is O(n^2) and is explicitly skipped for every cell in this n=3,600 to 180,000 replicated benchmark.",,,,,,,,,,,,
anisotropic_ellipses_screen__noise0990__n180000__seed73__stratascan,ok,StrataSCAN,anisotropic_ellipses_screen,anisotropic_ellipses,1.0,73,0.99,180000,14.191288899994106,414.45703125,228.52734375,,,,,0.8982921851282013,0.8103287232675793,0.9990426000847903,12,6,2.0,2,0,0.01126111111111111
anisotropic_ellipses_screen__noise0990__n180000__seed73__dbscan,ok,DBSCAN,anisotropic_ellipses_screen,anisotropic_ellipses,1.0,73,0.99,180000,4.6652186999999685,237.2578125,51.16015625,,,,,0.8750935873189666,0.31360500424761384,0.4791158146283178,11120,6,1853.3333333333333,0,0,0.6881111111111111
anisotropic_ellipses_screen__noise0990__n180000__seed73__hdbscan,timeout,HDBSCAN,anisotropic_ellipses_screen,anisotropic_ellipses,1.0,73,0.99,180000,,,,,,,240,,,,,,,,,
anisotropic_ellipses_screen__noise0990__n180000__seed73__optics,timeout,OPTICS,anisotropic_ellipses_screen,anisotropic_ellipses,1.0,73,0.99,180000,,,,,,,240,,,,,,,,,
anisotropic_ellipses_screen__noise0990__n180000__seed73__knn_dbscan,ok,kNN-DBSCAN,anisotropic_ellipses_screen,anisotropic_ellipses,1.0,73,0.99,180000,1.6592956999957096,220.2109375,34.38671875,,,,,0.9079461922198363,0.5115108828488476,0.6871300331151442,10567,6,1761.1666666666667,0,0,0.48179444444444447
anisotropic_ellipses_screen__noise0990__n180000__seed73__snn_dbscan,ok,SNN-DBSCAN,anisotropic_ellipses_screen,anisotropic_ellipses,1.0,73,0.99,180000,4.616388200010988,355.0234375,127.94140625,,,,,0.5430639588430844,0.027512314642105143,0.17951271327092877,4786,6,797.6666666666666,23,0,0.9021166666666667
anisotropic_ellipses_screen__noise0990__n180000__seed73__vdbscan_2007,ok,VDBSCAN-2007,anisotropic_ellipses_screen,anisotropic_ellipses,1.0,73,0.99,180000,6.801659899996594,253.8125,68.0078125,,,,,0.868175446155561,2.3890491304625957e-05,0.022614417523399485,446,6,74.33333333333333,9,1,0.9886722222222222
anisotropic_ellipses_screen__noise0990__n180000__seed73__knnplusleiden,ok,kNN+Leiden,anisotropic_ellipses_screen,anisotropic_ellipses,1.0,73,0.99,180000,120.32493470000918,839.796875,623.828125,,,,,0.15421166680806156,0.0016758955513137734,0.0,54,6,9.0,0,1,1.0
anisotropic_ellipses_screen__noise0990__n180000__seed73__amd_dbscan,skipped_resource_limit,AMD-DBSCAN,anisotropic_ellipses_screen,anisotropic_ellipses,1.0,73,0.99,180000,,,,"AMD-DBSCAN's compatibility path is O(n^2) and is explicitly skipped for every cell in this n=3,600 to 180,000 replicated benchmark.",,,,,,,,,,,,
anisotropic_ellipses_screen__noise0990__n180000__seed151__stratascan,ok,StrataSCAN,anisotropic_ellipses_screen,anisotropic_ellipses,1.0,151,0.99,180000,10.952281700010644,412.2265625,226.36328125,,,,,0.8590090059287202,0.7328646901017174,0.9986878921604361,6,6,1.0,0,0,0.008455555555555555
anisotropic_ellipses_screen__noise0990__n180000__seed151__dbscan,ok,DBSCAN,anisotropic_ellipses_screen,anisotropic_ellipses,1.0,151,0.99,180000,3.960184499999741,235.6953125,49.7421875,,,,,0.8565294479550661,0.30552847331202054,0.4782131587824134,11136,6,1856.0,0,0,0.6888833333333333
anisotropic_ellipses_screen__noise0990__n180000__seed151__hdbscan,timeout,HDBSCAN,anisotropic_ellipses_screen,anisotropic_ellipses,1.0,151,0.99,180000,,,,,,,240,,,,,,,,,
anisotropic_ellipses_screen__noise0990__n180000__seed151__optics,timeout,OPTICS,anisotropic_ellipses_screen,anisotropic_ellipses,1.0,151,0.99,180000,,,,,,,240,,,,,,,,,
anisotropic_ellipses_screen__noise0990__n180000__seed151__knn_dbscan,ok,kNN-DBSCAN,anisotropic_ellipses_screen,anisotropic_ellipses,1.0,151,0.99,180000,4.340646099997684,222.234375,35.859375,,,,,0.8921233472499118,0.498549969837874,0.6877078002172352,10541,6,1756.8333333333333,0,0,0.4811388888888889
anisotropic_ellipses_screen__noise0990__n180000__seed151__snn_dbscan,ok,SNN-DBSCAN,anisotropic_ellipses_screen,anisotropic_ellipses,1.0,151,0.99,180000,10.91139330000442,361.3671875,134.35546875,,,,,0.6024713723115299,0.04231272110049981,0.17384844743407807,4644,6,774.0,16,0,0.9055944444444445
anisotropic_ellipses_screen__noise0990__n180000__seed151__vdbscan_2007,ok,VDBSCAN-2007,anisotropic_ellipses_screen,anisotropic_ellipses,1.0,151,0.99,180000,16.383984999993118,255.35546875,69.3203125,,,,,0.8197401497237963,2.0109657722496262e-05,0.02405056273216167,385,6,64.16666666666667,11,1,0.9879444444444444
anisotropic_ellipses_screen__noise0990__n180000__seed151__knnplusleiden,ok,kNN+Leiden,anisotropic_ellipses_screen,anisotropic_ellipses,1.0,151,0.99,180000,115.0927542999998,840.984375,624.91015625,,,,,0.23431968213574575,0.0017236351074981927,0.0,57,6,9.5,0,2,1.0
anisotropic_ellipses_screen__noise0990__n180000__seed151__amd_dbscan,skipped_resource_limit,AMD-DBSCAN,anisotropic_ellipses_screen,anisotropic_ellipses,1.0,151,0.99,180000,,,,"AMD-DBSCAN's compatibility path is O(n^2) and is explicitly skipped for every cell in this n=3,600 to 180,000 replicated benchmark.",,,,,,,,,,,,
moon_arcs_screen__noise0750__n7200__seed23__stratascan,ok,StrataSCAN,moon_arcs_screen,moon_arcs,1.0,23,0.75,7200,2.7565785000042524,231.4296875,49.3203125,,,,,0.882901064525036,0.8600155039416442,0.9980571745767416,13,6,2.1666666666666665,5,0,0.24875
moon_arcs_screen__noise0750__n7200__seed23__dbscan,ok,DBSCAN,moon_arcs_screen,moon_arcs,1.0,23,0.75,7200,0.18074339999293443,189.68359375,7.61328125,,,,,0.9803765476569982,0.9181135513014286,0.4926727145847872,357,6,59.5,0,0,0.7548611111111111
moon_arcs_screen__noise0750__n7200__seed23__hdbscan,ok,HDBSCAN,moon_arcs_screen,moon_arcs,1.0,23,0.75,7200,0.7359494999982417,185.67578125,3.7109375,,,,,0.954695068256318,0.6857876810513883,0.5736925515055467,39,6,6.5,0,0,0.6983333333333334
moon_arcs_screen__noise0750__n7200__seed23__optics,ok,OPTICS,moon_arcs_screen,moon_arcs,1.0,23,0.75,7200,14.64094009999826,185.203125,3.05859375,,,,,0.6982907008351388,0.7119129384682151,0.9416116248348746,8,6,1.3333333333333333,1,0,0.17291666666666666
moon_arcs_screen__noise0750__n7200__seed23__knn_dbscan,ok,kNN-DBSCAN,moon_arcs_screen,moon_arcs,1.0,23,0.75,7200,0.04551450000144541,185.25,2.87109375,,,,,0.9980391827313625,0.9961545340726168,0.9999073988332252,7,6,1.1666666666666667,0,0,0.2501388888888889
moon_arcs_screen__noise0750__n7200__seed23__snn_dbscan,ok,SNN-DBSCAN,moon_arcs_screen,moon_arcs,1.0,23,0.75,7200,0.12810180000087712,232.61328125,9.140625,,,,,0.6201607367282959,0.38964282385110144,0.19172620036550925,172,6,28.666666666666668,17,0,0.9140277777777778
moon_arcs_screen__noise0750__n7200__seed23__vdbscan_2007,ok,VDBSCAN-2007,moon_arcs_screen,moon_arcs,1.0,23,0.75,7200,0.16310109999903943,187.4296875,5.7265625,,,,,0.9980624715773412,0.0392785761859145,0.03314514660353305,30,6,5.0,0,0,0.9873611111111111
moon_arcs_screen__noise0750__n7200__seed23__knnplusleiden,ok,kNN+Leiden,moon_arcs_screen,moon_arcs,1.0,23,0.75,7200,0.41165569999429863,240.2890625,28.59375,,,,,0.7259235763348401,0.14334312294569485,0.0,22,6,3.6666666666666665,6,0,1.0
moon_arcs_screen__noise0750__n7200__seed23__amd_dbscan,skipped_resource_limit,AMD-DBSCAN,moon_arcs_screen,moon_arcs,1.0,23,0.75,7200,,,,"AMD-DBSCAN's compatibility path is O(n^2) and is explicitly skipped for every cell in this n=3,600 to 180,000 replicated benchmark.",,,,,,,,,,,,
moon_arcs_screen__noise0750__n7200__seed42__stratascan,ok,StrataSCAN,moon_arcs_screen,moon_arcs,1.0,42,0.75,7200,1.0502470999927027,224.02734375,42.16796875,,,,,0.7805931434016559,0.7157055852573243,0.9978745032806579,15,6,2.5,9,0,0.24708333333333332
moon_arcs_screen__noise0750__n7200__seed42__dbscan,ok,DBSCAN,moon_arcs_screen,moon_arcs,1.0,42,0.75,7200,0.12173440000333358,189.40234375,7.6796875,,,,,0.9804461264710089,0.9108910891089108,0.47285067873303166,348,6,58.0,0,0,0.7677777777777778
moon_arcs_screen__noise0750__n7200__seed42__hdbscan,ok,HDBSCAN,moon_arcs_screen,moon_arcs,1.0,42,0.75,7200,0.5687472999998135,185.921875,3.609375,,,,,0.9582887342164627,0.7301597207430752,0.5828631413200367,43,6,7.166666666666667,0,0,0.6915277777777777
moon_arcs_screen__noise0750__n7200__seed42__optics,ok,OPTICS,moon_arcs_screen,moon_arcs,1.0,42,0.75,7200,9.286339500002214,184.87109375,3.21484375,,,,,0.7674273362507007,0.804569962273373,0.9601426660722248,7,6,1.1666666666666667,1,0,0.19236111111111112
moon_arcs_screen__noise0750__n7200__seed42__knn_dbscan,ok,kNN-DBSCAN,moon_arcs_screen,moon_arcs,1.0,42,0.75,7200,0.033154500008095056,184.62890625,2.8359375,,,,,0.9997226844148641,0.9994428969359331,0.9999073988332252,6,6,1.0,0,0,0.2501388888888889
moon_arcs_screen__noise0750__n7200__seed42__snn_dbscan,ok,SNN-DBSCAN,moon_arcs_screen,moon_arcs,1.0,42,0.75,7200,0.12084990000585094,231.60546875,8.51953125,,,,,0.5759391283110996,0.33617048469319394,0.18087596121698427,167,6,27.833333333333332,19,0,0.9191666666666667
moon_arcs_screen__noise0750__n7200__seed42__vdbscan_2007,ok,VDBSCAN-2007,moon_arcs_screen,moon_arcs,1.0,42,0.75,7200,0.19203380000544712,187.63671875,5.19140625,,,,,0.9980624715773412,0.0413162297550858,0.02955665024630542,34,6,5.666666666666667,0,0,0.98875
moon_arcs_screen__noise0750__n7200__seed42__knnplusleiden,ok,kNN+Leiden,moon_arcs_screen,moon_arcs,1.0,42,0.75,7200,0.40312940000148956,241.04296875,28.59375,,,,,0.7804152199583326,0.17092596923592993,0.0,21,6,3.5,5,0,1.0
moon_arcs_screen__noise0750__n7200__seed42__amd_dbscan,skipped_resource_limit,AMD-DBSCAN,moon_arcs_screen,moon_arcs,1.0,42,0.75,7200,,,,"AMD-DBSCAN's compatibility path is O(n^2) and is explicitly skipped for every cell in this n=3,600 to 180,000 replicated benchmark.",,,,,,,,,,,,
moon_arcs_screen__noise0750__n7200__seed73__stratascan,ok,StrataSCAN,moon_arcs_screen,moon_arcs,1.0,73,0.75,7200,1.2283725000015693,231.54296875,48.984375,,,,,0.8890993450598744,0.8472546866253305,0.997687112591359,13,6,2.1666666666666665,4,0,0.24875
moon_arcs_screen__noise0750__n7200__seed73__dbscan,ok,DBSCAN,moon_arcs_screen,moon_arcs,1.0,73,0.75,7200,0.11108570000214968,186.96484375,5.0234375,,,,,0.9858528657548301,0.9187796721277893,0.4687367077839218,334,6,55.666666666666664,0,0,0.7704166666666666
moon_arcs_screen__noise0750__n7200__seed73__hdbscan,ok,HDBSCAN,moon_arcs_screen,moon_arcs,1.0,73,0.75,7200,0.3464572000084445,185.8046875,3.60546875,,,,,0.9473561533465351,0.645717055472638,0.5487772104273044,37,6,6.166666666666667,0,0,0.7163888888888889
moon_arcs_screen__noise0750__n7200__seed73__optics,ok,OPTICS,moon_arcs_screen,moon_arcs,1.0,73,0.75,7200,5.978616699998383,185.23828125,3.1953125,,,,,0.6816798611806906,0.6783040853706338,0.9254128929142247,11,6,1.8333333333333333,1,0,0.18583333333333332
moon_arcs_screen__noise0750__n7200__seed73__knn_dbscan,ok,kNN-DBSCAN,moon_arcs_screen,moon_arcs,1.0,73,0.75,7200,0.025084199995035306,184.6875,2.8671875,,,,,0.9988907376594565,0.9977753058954394,0.9996294924045943,6,6,1.0,0,0,0.25055555555555553
moon_arcs_screen__noise0750__n7200__seed73__snn_dbscan,ok,SNN-DBSCAN,moon_arcs_screen,moon_arcs,1.0,73,0.75,7200,0.08645789998990949,227.05078125,4.5625,,,,,0.6038258877470106,0.35475930982966164,0.1966777408637874,178,6,29.666666666666668,18,0,0.9138888888888889
moon_arcs_screen__noise0750__n7200__seed73__vdbscan_2007,ok,VDBSCAN-2007,moon_arcs_screen,moon_arcs,1.0,73,0.75,7200,0.10518339999543969,189.33984375,6.828125,,,,,0.9958549660585775,0.03947746853923757,0.030275396680649276,34,6,5.666666666666667,0,0,0.9884722222222222
moon_arcs_screen__noise0750__n7200__seed73__knnplusleiden,ok,kNN+Leiden,moon_arcs_screen,moon_arcs,1.0,73,0.75,7200,0.4260138000099687,240.1640625,28.71875,,,,,0.7804277308278776,0.17778214438088744,0.0,22,6,3.6666666666666665,5,0,1.0
moon_arcs_screen__noise0750__n7200__seed73__amd_dbscan,skipped_resource_limit,AMD-DBSCAN,moon_arcs_screen,moon_arcs,1.0,73,0.75,7200,,,,"AMD-DBSCAN's compatibility path is O(n^2) and is explicitly skipped for every cell in this n=3,600 to 180,000 replicated benchmark.",,,,,,,,,,,,
moon_arcs_screen__noise0750__n7200__seed151__stratascan,ok,StrataSCAN,moon_arcs_screen,moon_arcs,1.0,151,0.75,7200,0.8758743000071263,231.375,49.26171875,,,,,0.8648838440633861,0.823063872953687,0.9976901044072809,10,6,1.6666666666666667,4,0,0.24680555555555556
moon_arcs_screen__noise0750__n7200__seed151__dbscan,ok,DBSCAN,moon_arcs_screen,moon_arcs,1.0,151,0.75,7200,0.07877540000481531,186.625,4.71875,,,,,0.9723886169166808,0.8973948537356436,0.485273492286115,337,6,56.166666666666664,0,0,0.7597222222222222
moon_arcs_screen__noise0750__n7200__seed151__hdbscan,ok,HDBSCAN,moon_arcs_screen,moon_arcs,1.0,151,0.75,7200,0.3899513000069419,185.515625,3.6015625,,,,,0.9666465526783776,0.540181927491968,0.5084933020301063,32,6,5.333333333333333,0,0,0.7443055555555556
moon_arcs_screen__noise0750__n7200__seed151__optics,ok,OPTICS,moon_arcs_screen,moon_arcs,1.0,151,0.75,7200,6.716612800009898,185.46875,3.265625,,,,,0.7777502521589067,0.7978631577345296,0.9519900053542745,7,6,1.1666666666666667,0,0,0.19361111111111112
moon_arcs_screen__noise0750__n7200__seed151__knn_dbscan,ok,kNN-DBSCAN,moon_arcs_screen,moon_arcs,1.0,151,0.75,7200,0.02597099999547936,185.140625,2.86328125,,,,,0.9997226844148641,0.9994428969359331,0.9999073988332252,6,6,1.0,0,0,0.2501388888888889
moon_arcs_screen__noise0750__n7200__seed151__snn_dbscan,ok,SNN-DBSCAN,moon_arcs_screen,moon_arcs,1.0,151,0.75,7200,0.10552810000081081,232.7265625,9.65625,,,,,0.5530855240366094,0.2814383370801956,0.1681012658227848,151,6,25.166666666666668,21,0,0.9270833333333334
moon_arcs_screen__noise0750__n7200__seed151__vdbscan_2007,ok,VDBSCAN-2007,moon_arcs_screen,moon_arcs,1.0,151,0.75,7200,0.10914040000352543,187.96484375,5.7734375,,,,,0.9966804956391906,0.04035058071997971,0.03529197744224122,31,6,5.166666666666667,0,0,0.9865277777777778
moon_arcs_screen__noise0750__n7200__seed151__knnplusleiden,ok,kNN+Leiden,moon_arcs_screen,moon_arcs,1.0,151,0.75,7200,0.5200008000101661,241.125,29.0078125,,,,,0.7498859875154001,0.15392206580335246,0.0,23,6,3.8333333333333335,6,0,1.0
moon_arcs_screen__noise0750__n7200__seed151__amd_dbscan,skipped_resource_limit,AMD-DBSCAN,moon_arcs_screen,moon_arcs,1.0,151,0.75,7200,,,,"AMD-DBSCAN's compatibility path is O(n^2) and is explicitly skipped for every cell in this n=3,600 to 180,000 replicated benchmark.",,,,,,,,,,,,
moon_arcs_screen__noise0950__n36000__seed23__stratascan,ok,StrataSCAN,moon_arcs_screen,moon_arcs,1.0,23,0.95,36000,2.029228700004751,265.82421875,81.99609375,,,,,0.9963847090623602,0.992627300944569,0.9993564617094716,11,6,1.8333333333333333,0,0,0.050777777777777776
moon_arcs_screen__noise0950__n36000__seed23__dbscan,ok,DBSCAN,moon_arcs_screen,moon_arcs,1.0,23,0.95,36000,0.4643324000062421,197.51171875,13.046875,,,,,0.9624456480012183,0.6826180978774408,0.4721911994639267,2119,6,353.1666666666667,0,0,0.7063888888888888
moon_arcs_screen__noise0950__n36000__seed23__hdbscan,ok,HDBSCAN,moon_arcs_screen,moon_arcs,1.0,23,0.95,36000,11.331953000000794,189.17578125,4.84765625,,,,,0.9198173609753284,0.21690251759259968,0.5491876299155813,206,6,34.333333333333336,0,0,0.6403888888888889
moon_arcs_screen__noise0950__n36000__seed23__optics,ok,OPTICS,moon_arcs_screen,moon_arcs,1.0,23,0.95,36000,46.7885479000106,189.10546875,4.43359375,,,,,0.6951612506678059,0.7087842241749911,0.989404839764552,10,6,1.6666666666666667,1,0,0.03875
moon_arcs_screen__noise0950__n36000__seed23__knn_dbscan,ok,kNN-DBSCAN,moon_arcs_screen,moon_arcs,1.0,23,0.95,36000,0.1595377999910852,195.30859375,10.68359375,,,,,0.9821231640923936,0.8687427980402475,0.7290969899665551,1919,6,319.8333333333333,0,0,0.455
moon_arcs_screen__noise0950__n36000__seed23__snn_dbscan,ok,SNN-DBSCAN,moon_arcs_screen,moon_arcs,1.0,23,0.95,36000,0.5766264999983832,277.98828125,54.05859375,,,,,0.5979426287147557,0.1313309141953289,0.17111728263191625,945,6,157.5,18,0,0.9097777777777778
moon_arcs_screen__noise0950__n36000__seed23__vdbscan_2007,ok,VDBSCAN-2007,moon_arcs_screen,moon_arcs,1.0,23,0.95,36000,0.7082520999974804,197.828125,13.51953125,,,,,0.9969559731795066,0.0009722834470943507,0.02352125292570867,69,6,11.5,0,0,0.9886944444444444
moon_arcs_screen__noise0950__n36000__seed23__knnplusleiden,ok,kNN+Leiden,moon_arcs_screen,moon_arcs,1.0,23,0.95,36000,8.28780910000205,339.41015625,126.328125,,,,,0.9504932063968096,0.02477021164355509,0.0,36,6,6.0,0,0,1.0
moon_arcs_screen__noise0950__n36000__seed23__amd_dbscan,skipped_resource_limit,AMD-DBSCAN,moon_arcs_screen,moon_arcs,1.0,23,0.95,36000,,,,"AMD-DBSCAN's compatibility path is O(n^2) and is explicitly skipped for every cell in this n=3,600 to 180,000 replicated benchmark.",,,,,,,,,,,,
moon_arcs_screen__noise0950__n36000__seed42__stratascan,ok,StrataSCAN,moon_arcs_screen,moon_arcs,1.0,42,0.95,36000,2.701952199990046,271.76953125,87.5703125,,,,,0.9688396510885359,0.9552987678531075,0.9992978966152766,12,6,2.0,1,0,0.050944444444444445
moon_arcs_screen__noise0950__n36000__seed42__dbscan,ok,DBSCAN,moon_arcs_screen,moon_arcs,1.0,42,0.95,36000,0.4593103999941377,197.51953125,13.234375,,,,,0.955811951681293,0.6725700875015932,0.4693192498769189,2113,6,352.1666666666667,0,0,0.7087222222222223
moon_arcs_screen__noise0950__n36000__seed42__hdbscan,ok,HDBSCAN,moon_arcs_screen,moon_arcs,1.0,42,0.95,36000,13.065552699990803,189.32421875,5.0546875,,,,,0.9131143455718215,0.25073900920354725,0.5675692655651191,217,6,36.166666666666664,0,0,0.6235833333333334
moon_arcs_screen__noise0950__n36000__seed42__optics,ok,OPTICS,moon_arcs_screen,moon_arcs,1.0,42,0.95,36000,50.42111840000143,193.1015625,9.14453125,,,,,0.8855123121694981,0.8775544631286059,0.9928808455275044,10,6,1.6666666666666667,0,0,0.049805555555555554
moon_arcs_screen__noise0950__n36000__seed42__knn_dbscan,ok,kNN-DBSCAN,moon_arcs_screen,moon_arcs,1.0,42,0.95,36000,0.19461910000245553,190.10546875,5.38671875,,,,,0.9804556774151382,0.8667280773516964,0.7271340045034147,1921,6,320.1666666666667,0,0,0.4573055555555556
moon_arcs_screen__noise0950__n36000__seed42__snn_dbscan,ok,SNN-DBSCAN,moon_arcs_screen,moon_arcs,1.0,42,0.95,36000,0.6138579999969807,274.515625,50.82421875,,,,,0.5747833096263745,0.12026803983689666,0.16819130155673248,872,6,145.33333333333334,19,0,0.9115
moon_arcs_screen__noise0950__n36000__seed42__vdbscan_2007,ok,VDBSCAN-2007,moon_arcs_screen,moon_arcs,1.0,42,0.95,36000,1.1159053000010317,198.046875,13.33984375,,,,,0.9947566910067721,0.0010019574435721939,0.02294996676012371,77,6,12.833333333333334,0,0,0.9889722222222223
moon_arcs_screen__noise0950__n36000__seed42__knnplusleiden,ok,kNN+Leiden,moon_arcs_screen,moon_arcs,1.0,42,0.95,36000,11.116866399999708,339.3125,126.5625,,,,,0.8820567247491583,0.0268303554314196,0.0,38,6,6.333333333333333,0,0,1.0
moon_arcs_screen__noise0950__n36000__seed42__amd_dbscan,skipped_resource_limit,AMD-DBSCAN,moon_arcs_screen,moon_arcs,1.0,42,0.95,36000,,,,"AMD-DBSCAN's compatibility path is O(n^2) and is explicitly skipped for every cell in this n=3,600 to 180,000 replicated benchmark.",,,,,,,,,,,,
moon_arcs_screen__noise0950__n36000__seed73__stratascan,ok,StrataSCAN,moon_arcs_screen,moon_arcs,1.0,73,0.95,36000,2.9411338999925647,271.640625,87.046875,,,,,0.9930632682262314,0.9860287067141216,0.99928334284001,10,6,1.6666666666666667,0,0,0.05075
moon_arcs_screen__noise0950__n36000__seed73__dbscan,ok,DBSCAN,moon_arcs_screen,moon_arcs,1.0,73,0.95,36000,0.48399769999377895,197.33203125,12.96484375,,,,,0.973570457172737,0.7004510894604367,0.4639913767936943,2125,6,354.1666666666667,0,0,0.7130277777777778
moon_arcs_screen__noise0950__n36000__seed73__hdbscan,ok,HDBSCAN,moon_arcs_screen,moon_arcs,1.0,73,0.95,36000,13.312898599993787,189.6015625,5.08984375,,,,,0.9080598010507958,0.23414924469248657,0.5485103132161956,212,6,35.333333333333336,0,0,0.641
moon_arcs_screen__noise0950__n36000__seed73__optics,ok,OPTICS,moon_arcs_screen,moon_arcs,1.0,73,0.95,36000,53.8609421000001,195.62890625,11.0625,,,,,0.7894203775587133,0.7923905918806876,0.9928549600547156,8,6,1.3333333333333333,1,0,0.04113888888888889
moon_arcs_screen__noise0950__n36000__seed73__knn_dbscan,ok,kNN-DBSCAN,moon_arcs_screen,moon_arcs,1.0,73,0.95,36000,0.20740430000296328,193.05078125,8.59375,,,,,0.9788456744340118,0.8654528029125012,0.7288844288342533,1914,6,319.0,0,0,0.45525
moon_arcs_screen__noise0950__n36000__seed73__snn_dbscan,ok,SNN-DBSCAN,moon_arcs_screen,moon_arcs,1.0,73,0.95,36000,0.675655300001381,275.56640625,51.3515625,,,,,0.603036108949787,0.12940224775343837,0.17001256382154026,941,6,156.83333333333334,18,0,0.9108611111111111
moon_arcs_screen__noise0950__n36000__seed73__vdbscan_2007,ok,VDBSCAN-2007,moon_arcs_screen,moon_arcs,1.0,73,0.95,36000,0.9215111000085017,198.0625,13.27734375,,,,,0.995858596704804,0.0009851210551969512,0.023292778082825184,78,6,13.0,0,0,0.9888055555555556
moon_arcs_screen__noise0950__n36000__seed73__knnplusleiden,ok,kNN+Leiden,moon_arcs_screen,moon_arcs,1.0,73,0.95,36000,5.676422999997158,338.65234375,126.37109375,,,,,0.8720249480228404,0.026406161202107373,0.0,37,6,6.166666666666667,0,0,1.0
moon_arcs_screen__noise0950__n36000__seed73__amd_dbscan,skipped_resource_limit,AMD-DBSCAN,moon_arcs_screen,moon_arcs,1.0,73,0.95,36000,,,,"AMD-DBSCAN's compatibility path is O(n^2) and is explicitly skipped for every cell in this n=3,600 to 180,000 replicated benchmark.",,,,,,,,,,,,
moon_arcs_screen__noise0950__n36000__seed151__stratascan,ok,StrataSCAN,moon_arcs_screen,moon_arcs,1.0,151,0.95,36000,2.4781292999978177,262.7578125,78.1328125,,,,,0.9469878802326915,0.9261789741420905,0.9996929240937606,10,6,1.6666666666666667,2,0,0.05036111111111111
moon_arcs_screen__noise0950__n36000__seed151__dbscan,ok,DBSCAN,moon_arcs_screen,moon_arcs,1.0,151,0.95,36000,0.5524011999950744,197.0859375,12.9453125,,,,,0.9535689304828706,0.6767061935842419,0.4679821712545076,2149,6,358.1666666666667,0,0,0.7098055555555556
moon_arcs_screen__noise0950__n36000__seed151__hdbscan,ok,HDBSCAN,moon_arcs_screen,moon_arcs,1.0,151,0.95,36000,13.81977449999249,189.296875,4.8203125,,,,,0.8906375926385124,0.24342686406767103,0.575979014427581,206,6,34.333333333333336,0,0,0.61575
moon_arcs_screen__noise0950__n36000__seed151__optics,ok,OPTICS,moon_arcs_screen,moon_arcs,1.0,151,0.95,36000,48.59012380000786,192.8515625,8.6171875,,,,,0.7771596147014832,0.796817869953015,0.9921516190919133,7,6,1.1666666666666667,0,0,0.03877777777777778
moon_arcs_screen__noise0950__n36000__seed151__knn_dbscan,ok,kNN-DBSCAN,moon_arcs_screen,moon_arcs,1.0,151,0.95,36000,0.23400699999183416,192.93359375,8.765625,,,,,0.9850718806037889,0.8730649250789604,0.7276549042950947,1908,6,318.0,0,0,0.45669444444444446
moon_arcs_screen__noise0950__n36000__seed151__snn_dbscan,ok,SNN-DBSCAN,moon_arcs_screen,moon_arcs,1.0,151,0.95,36000,0.6424516000115545,276.5625,52.69921875,,,,,0.5070047502488534,0.10403095810729847,0.17075517075517074,923,6,153.83333333333334,22,0,0.9105
moon_arcs_screen__noise0950__n36000__seed151__vdbscan_2007,ok,VDBSCAN-2007,moon_arcs_screen,moon_arcs,1.0,151,0.95,36000,0.8139822999946773,197.7265625,13.16015625,,,,,0.996684153454929,0.0009859683224389452,0.02443462438263582,79,6,13.166666666666666,0,0,0.98825
moon_arcs_screen__noise0950__n36000__seed151__knnplusleiden,ok,kNN+Leiden,moon_arcs_screen,moon_arcs,1.0,151,0.95,36000,5.746851500007324,339.37109375,127.06640625,,,,,0.9323190594731772,0.02546096312077419,0.0,36,6,6.0,0,0,1.0
moon_arcs_screen__noise0950__n36000__seed151__amd_dbscan,skipped_resource_limit,AMD-DBSCAN,moon_arcs_screen,moon_arcs,1.0,151,0.95,36000,,,,"AMD-DBSCAN's compatibility path is O(n^2) and is explicitly skipped for every cell in this n=3,600 to 180,000 replicated benchmark.",,,,,,,,,,,,
moon_arcs_screen__noise0990__n180000__seed23__stratascan,ok,StrataSCAN,moon_arcs_screen,moon_arcs,1.0,23,0.99,180000,14.86945630000264,408.86328125,222.86328125,,,,,0.9849853319317631,0.9694223093217287,0.999609836608554,20,6,3.3333333333333335,0,0,0.010772222222222223
moon_arcs_screen__noise0990__n180000__seed23__dbscan,ok,DBSCAN,moon_arcs_screen,moon_arcs,1.0,23,0.99,180000,4.3217239000077825,237.73828125,51.71484375,,,,,0.9507880740640635,0.3248266022244164,0.4673406812679273,11078,6,1846.3333333333333,0,0,0.6981277777777778
moon_arcs_screen__noise0990__n180000__seed23__hdbscan,timeout,HDBSCAN,moon_arcs_screen,moon_arcs,1.0,23,0.99,180000,,,,,,,240,,,,,,,,,
moon_arcs_screen__noise0990__n180000__seed23__optics,timeout,OPTICS,moon_arcs_screen,moon_arcs,1.0,23,0.99,180000,,,,,,,240,,,,,,,,,
moon_arcs_screen__noise0990__n180000__seed23__knn_dbscan,ok,kNN-DBSCAN,moon_arcs_screen,moon_arcs,1.0,23,0.99,180000,1.8684785999939777,220.734375,34.328125,,,,,0.9574081824267634,0.551616557410537,0.6862088795175394,10626,6,1771.0,0,0,0.4829111111111111
moon_arcs_screen__noise0990__n180000__seed23__snn_dbscan,ok,SNN-DBSCAN,moon_arcs_screen,moon_arcs,1.0,23,0.99,180000,4.86435899999924,356.75,129.8125,,,,,0.5951654329178327,0.03356156549587207,0.17590773261287815,4718,6,786.3333333333334,18,0,0.9042666666666667
moon_arcs_screen__noise0990__n180000__seed23__vdbscan_2007,ok,VDBSCAN-2007,moon_arcs_screen,moon_arcs,1.0,23,0.99,180000,6.969887800005381,255.76953125,69.953125,,,,,0.9862391394930953,3.530716639258187e-05,0.02141786487536779,329,6,54.833333333333336,0,0,0.9892777777777778
moon_arcs_screen__noise0990__n180000__seed23__knnplusleiden,ok,kNN+Leiden,moon_arcs_screen,moon_arcs,1.0,23,0.99,180000,94.25616279999667,841.1640625,624.265625,,,,,0.1707985062336991,0.0016994201159866544,0.0,55,6,9.166666666666666,0,1,1.0
moon_arcs_screen__noise0990__n180000__seed23__amd_dbscan,skipped_resource_limit,AMD-DBSCAN,moon_arcs_screen,moon_arcs,1.0,23,0.99,180000,,,,"AMD-DBSCAN's compatibility path is O(n^2) and is explicitly skipped for every cell in this n=3,600 to 180,000 replicated benchmark.",,,,,,,,,,,,
moon_arcs_screen__noise0990__n180000__seed42__stratascan,ok,StrataSCAN,moon_arcs_screen,moon_arcs,1.0,42,0.99,180000,12.372069300006842,413.46484375,227.890625,,,,,0.9855135042251907,0.9707213754724033,0.9997530268246546,12,6,2.0,0,0,0.010477777777777779
moon_arcs_screen__noise0990__n180000__seed42__dbscan,ok,DBSCAN,moon_arcs_screen,moon_arcs,1.0,42,0.99,180000,4.264952500001527,236.4453125,50.9140625,,,,,0.9510982685726521,0.33551064071186604,0.47013676050171277,11396,6,1899.3333333333333,0,0,0.6957666666666666
moon_arcs_screen__noise0990__n180000__seed42__hdbscan,timeout,HDBSCAN,moon_arcs_screen,moon_arcs,1.0,42,0.99,180000,,,,,,,240,,,,,,,,,
moon_arcs_screen__noise0990__n180000__seed42__optics,timeout,OPTICS,moon_arcs_screen,moon_arcs,1.0,42,0.99,180000,,,,,,,240,,,,,,,,,
moon_arcs_screen__noise0990__n180000__seed42__knn_dbscan,ok,kNN-DBSCAN,moon_arcs_screen,moon_arcs,1.0,42,0.99,180000,1.9651998000044841,217.1640625,31.73828125,,,,,0.9636831549256312,0.5572841973378341,0.6858116330007301,10675,6,1779.1666666666667,0,0,0.48336666666666667
moon_arcs_screen__noise0990__n180000__seed42__snn_dbscan,ok,SNN-DBSCAN,moon_arcs_screen,moon_arcs,1.0,42,0.99,180000,4.824067399997148,360.4921875,133.42578125,,,,,0.5710522238100689,0.03077990141758807,0.17544182904171848,4732,6,788.6666666666666,19,0,0.90455
moon_arcs_screen__noise0990__n180000__seed42__vdbscan_2007,ok,VDBSCAN-2007,moon_arcs_screen,moon_arcs,1.0,42,0.99,180000,6.572596500001964,254.3671875,68.64453125,,,,,0.9886739573348162,3.534546643559429e-05,0.021857256242749864,318,6,53.0,0,0,0.9890611111111111
moon_arcs_screen__noise0990__n180000__seed42__knnplusleiden,ok,kNN+Leiden,moon_arcs_screen,moon_arcs,1.0,42,0.99,180000,147.32678619999206,841.578125,625.296875,,,,,0.138500040861686,0.0016361853871735851,0.0,53,6,8.833333333333334,0,1,1.0
moon_arcs_screen__noise0990__n180000__seed42__amd_dbscan,skipped_resource_limit,AMD-DBSCAN,moon_arcs_screen,moon_arcs,1.0,42,0.99,180000,,,,"AMD-DBSCAN's compatibility path is O(n^2) and is explicitly skipped for every cell in this n=3,600 to 180,000 replicated benchmark.",,,,,,,,,,,,
moon_arcs_screen__noise0990__n180000__seed73__stratascan,ok,StrataSCAN,moon_arcs_screen,moon_arcs,1.0,73,0.99,180000,14.932534100007615,506.03125,320.21484375,,,,,0.9857706863650367,0.9712855366524036,0.9997305671561363,14,6,2.3333333333333335,0,0,0.010533333333333334
moon_arcs_screen__noise0990__n180000__seed73__dbscan,ok,DBSCAN,moon_arcs_screen,moon_arcs,1.0,73,0.99,180000,4.579625500002294,237.78125,52.2734375,,,,,0.9536225378880564,0.32322344216750687,0.46685278947617465,11142,6,1857.0,0,0,0.6985388888888889
moon_arcs_screen__noise0990__n180000__seed73__hdbscan,timeout,HDBSCAN,moon_arcs_screen,moon_arcs,1.0,73,0.99,180000,,,,,,,240,,,,,,,,,
moon_arcs_screen__noise0990__n180000__seed73__optics,timeout,OPTICS,moon_arcs_screen,moon_arcs,1.0,73,0.99,180000,,,,,,,240,,,,,,,,,
moon_arcs_screen__noise0990__n180000__seed73__knn_dbscan,ok,kNN-DBSCAN,moon_arcs_screen,moon_arcs,1.0,73,0.99,180000,2.2021778999915114,220.0,33.97265625,,,,,0.9640582920375816,0.5545772198802846,0.6864364613394368,10618,6,1769.6666666666667,0,0,0.48265
moon_arcs_screen__noise0990__n180000__seed73__snn_dbscan,ok,SNN-DBSCAN,moon_arcs_screen,moon_arcs,1.0,73,0.99,180000,5.548733499992522,357.4921875,130.2109375,,,,,0.6474387444459393,0.036040826631463,0.1749659529587647,4745,6,790.8333333333334,17,0,0.9049
moon_arcs_screen__noise0990__n180000__seed73__vdbscan_2007,ok,VDBSCAN-2007,moon_arcs_screen,moon_arcs,1.0,73,0.99,180000,7.916065400000662,254.13671875,68.359375,,,,,0.9878868487280082,3.56535672229491e-05,0.02284477976256518,340,6,56.666666666666664,0,0,0.9885555555555555
moon_arcs_screen__noise0990__n180000__seed73__knnplusleiden,ok,kNN+Leiden,moon_arcs_screen,moon_arcs,1.0,73,0.99,180000,187.5561663999979,841.83203125,626.1328125,,,,,0.15626450861140764,0.0017808672025823964,0.0,58,6,9.666666666666666,0,2,1.0
moon_arcs_screen__noise0990__n180000__seed73__amd_dbscan,skipped_resource_limit,AMD-DBSCAN,moon_arcs_screen,moon_arcs,1.0,73,0.99,180000,,,,"AMD-DBSCAN's compatibility path is O(n^2) and is explicitly skipped for every cell in this n=3,600 to 180,000 replicated benchmark.",,,,,,,,,,,,
moon_arcs_screen__noise0990__n180000__seed151__stratascan,ok,StrataSCAN,moon_arcs_screen,moon_arcs,1.0,151,0.99,180000,44.20476140000392,617.98046875,431.90234375,,,,,0.9838899248270682,0.9675557800761172,0.9997446037007204,12,6,2.0,0,0,0.010505555555555556
moon_arcs_screen__noise0990__n180000__seed151__dbscan,ok,DBSCAN,moon_arcs_screen,moon_arcs,1.0,151,0.99,180000,6.022161900007632,236.5703125,51.26953125,,,,,0.9288018316109126,0.317831329712505,0.46351494667138016,11163,6,1860.5,0,0,0.7013444444444444
moon_arcs_screen__noise0990__n180000__seed151__hdbscan,timeout,HDBSCAN,moon_arcs_screen,moon_arcs,1.0,151,0.99,180000,,,,,,,240,,,,,,,,,
moon_arcs_screen__noise0990__n180000__seed151__optics,timeout,OPTICS,moon_arcs_screen,moon_arcs,1.0,151,0.99,180000,,,,,,,240,,,,,,,,,
moon_arcs_screen__noise0990__n180000__seed151__knn_dbscan,ok,kNN-DBSCAN,moon_arcs_screen,moon_arcs,1.0,151,0.99,180000,2.3962375999981305,219.28515625,33.84765625,,,,,0.9662635890900413,0.5590102755270453,0.6863686792550192,10665,6,1777.5,0,0,0.48272777777777776
moon_arcs_screen__noise0990__n180000__seed151__snn_dbscan,ok,SNN-DBSCAN,moon_arcs_screen,moon_arcs,1.0,151,0.99,180000,7.042383200008771,360.62890625,133.64453125,,,,,0.576810344872193,0.03073013409856135,0.1765846322261838,4752,6,792.0,18,0,0.9039611111111111
moon_arcs_screen__noise0990__n180000__seed151__vdbscan_2007,ok,VDBSCAN-2007,moon_arcs_screen,moon_arcs,1.0,151,0.99,180000,9.666756799997529,255.50390625,69.6484375,,,,,0.9886969187293028,3.547560885366835e-05,0.021472784300663388,335,6,55.833333333333336,0,0,0.98925
moon_arcs_screen__noise0990__n180000__seed151__knnplusleiden,ok,kNN+Leiden,moon_arcs_screen,moon_arcs,1.0,151,0.99,180000,115.59507619999931,840.1796875,624.390625,,,,,0.2860368736698608,0.001697673951686729,0.0,57,6,9.5,0,1,1.0
moon_arcs_screen__noise0990__n180000__seed151__amd_dbscan,skipped_resource_limit,AMD-DBSCAN,moon_arcs_screen,moon_arcs,1.0,151,0.99,180000,,,,"AMD-DBSCAN's compatibility path is O(n^2) and is explicitly skipped for every cell in this n=3,600 to 180,000 replicated benchmark.",,,,,,,,,,,,
rings_screen__noise0750__n7200__seed23__stratascan,ok,StrataSCAN,rings_screen,rings,1.0,23,0.75,7200,1.3195312000025297,224.9609375,42.74609375,,,,,0.8802189099711079,0.8455544301520579,0.9988897113249444,10,6,1.6666666666666667,4,0,0.24888888888888888
rings_screen__noise0750__n7200__seed23__dbscan,ok,DBSCAN,rings_screen,rings,1.0,23,0.75,7200,0.1407626000000164,190.16796875,7.69140625,,,,,0.9779807666613687,0.914039214354254,0.49393390043229674,356,6,59.333333333333336,0,0,0.7540277777777777
rings_screen__noise0750__n7200__seed23__hdbscan,ok,HDBSCAN,rings_screen,rings,1.0,23,0.75,7200,0.6653975000081118,185.49609375,3.609375,,,,,0.95143592008654,0.6823368324965768,0.5738808926449227,39,6,6.5,0,0,0.6981944444444445
rings_screen__noise0750__n7200__seed23__optics,ok,OPTICS,rings_screen,rings,1.0,23,0.75,7200,14.1311929999938,185.4375,3.234375,,,,,0.7936515736533387,0.8154893447382333,0.9629763084406809,9,6,1.5,2,0,0.20819444444444443
rings_screen__noise0750__n7200__seed23__knn_dbscan,ok,kNN-DBSCAN,rings_screen,rings,1.0,23,0.75,7200,0.06347229999664705,184.98828125,2.8671875,,,,,0.9657112338931885,0.9600945438701679,0.9998147805149101,7,6,1.1666666666666667,1,0,0.25027777777777777
rings_screen__noise0750__n7200__seed23__snn_dbscan,ok,SNN-DBSCAN,rings_screen,rings,1.0,23,0.75,7200,0.15280249998613726,231.609375,8.5546875,,,,,0.8035066665877172,0.5695112007183873,0.19770344483275087,160,6,26.666666666666668,8,0,0.9154166666666667
rings_screen__noise0750__n7200__seed23__vdbscan_2007,ok,VDBSCAN-2007,rings_screen,rings,1.0,23,0.75,7200,0.23336919999564998,189.46484375,7.55078125,,,,,0.9980624715773412,0.03960398662471381,0.03493449781659389,33,6,5.5,0,0,0.9866666666666667
rings_screen__noise0750__n7200__seed23__knnplusleiden,ok,kNN+Leiden,rings_screen,rings,1.0,23,0.75,7200,0.5662401000008686,239.86328125,28.39453125,,,,,0.8344612247285302,0.20632595079613547,0.0,19,6,3.1666666666666665,3,0,1.0
rings_screen__noise0750__n7200__seed23__amd_dbscan,skipped_resource_limit,AMD-DBSCAN,rings_screen,rings,1.0,23,0.75,7200,,,,"AMD-DBSCAN's compatibility path is O(n^2) and is explicitly skipped for every cell in this n=3,600 to 180,000 replicated benchmark.",,,,,,,,,,,,
rings_screen__noise0750__n7200__seed42__stratascan,ok,StrataSCAN,rings_screen,rings,1.0,42,0.75,7200,1.8866064000030747,231.11328125,49.30078125,,,,,0.5469393408923446,0.47200068117957605,0.9969531899178286,22,6,3.6666666666666665,16,0,0.24569444444444444
rings_screen__noise0750__n7200__seed42__dbscan,ok,DBSCAN,rings_screen,rings,1.0,42,0.75,7200,0.12201549999008421,189.390625,7.52734375,,,,,0.9766654795797224,0.9044192526021799,0.47285067873303166,346,6,57.666666666666664,0,0,0.7677777777777778
rings_screen__noise0750__n7200__seed42__hdbscan,ok,HDBSCAN,rings_screen,rings,1.0,42,0.75,7200,0.8605057000095258,185.5234375,3.70703125,,,,,0.9668477238334329,0.7427638488471426,0.5824911405696286,44,6,7.333333333333333,0,0,0.6918055555555556
rings_screen__noise0750__n7200__seed42__optics,ok,OPTICS,rings_screen,rings,1.0,42,0.75,7200,16.96956179999688,185.01171875,3.12109375,,,,,0.7571973926966483,0.8002978113058806,0.9577514898158854,7,6,1.1666666666666667,1,0,0.18847222222222224
rings_screen__noise0750__n7200__seed42__knn_dbscan,ok,kNN-DBSCAN,rings_screen,rings,1.0,42,0.75,7200,0.06377720000455156,184.875,2.83203125,,,,,0.9994453688297282,0.9988864142538975,0.9998147805149101,6,6,1.0,0,0,0.25027777777777777
rings_screen__noise0750__n7200__seed42__snn_dbscan,ok,SNN-DBSCAN,rings_screen,rings,1.0,42,0.75,7200,0.1884660000068834,231.23046875,8.43359375,,,,,0.7823233899320035,0.5839280357728341,0.18206247900571046,158,6,26.333333333333332,9,0,0.9230555555555555
rings_screen__noise0750__n7200__seed42__vdbscan_2007,ok,VDBSCAN-2007,rings_screen,rings,1.0,42,0.75,7200,0.21056740000494756,189.15625,6.94921875,,,,,0.9980624715773412,0.04133207867717073,0.02991608901860635,34,6,5.666666666666667,0,0,0.9886111111111111
rings_screen__noise0750__n7200__seed42__knnplusleiden,ok,kNN+Leiden,rings_screen,rings,1.0,42,0.75,7200,0.9862014999962412,240.4375,28.50390625,,,,,0.8681682298439202,0.22120501770586717,0.0,21,6,3.5,3,0,1.0
rings_screen__noise0750__n7200__seed42__amd_dbscan,skipped_resource_limit,AMD-DBSCAN,rings_screen,rings,1.0,42,0.75,7200,,,,"AMD-DBSCAN's compatibility path is O(n^2) and is explicitly skipped for every cell in this n=3,600 to 180,000 replicated benchmark.",,,,,,,,,,,,
rings_screen__noise0750__n7200__seed73__stratascan,ok,StrataSCAN,rings_screen,rings,1.0,73,0.75,7200,1.7009838999947533,231.46875,49.24609375,,,,,0.5576809280083511,0.4658297751209792,0.9980560955290197,25,6,4.166666666666667,17,0,0.24958333333333332
rings_screen__noise0750__n7200__seed73__dbscan,ok,DBSCAN,rings_screen,rings,1.0,73,0.75,7200,0.12875759998860303,187.13671875,5.16015625,,,,,0.9775120576616919,0.9042794495690307,0.4678677826642077,332,6,55.333333333333336,0,0,0.7709722222222222
rings_screen__noise0750__n7200__seed73__hdbscan,ok,HDBSCAN,rings_screen,rings,1.0,73,0.75,7200,0.7172025999898324,185.296875,3.640625,,,,,0.9473115705031483,0.6482533174502036,0.5497515778165704,38,6,6.333333333333333,0,0,0.7156944444444444
rings_screen__noise0750__n7200__seed73__optics,ok,OPTICS,rings_screen,rings,1.0,73,0.75,7200,14.273208999991766,185.53515625,3.1015625,,,,,0.769209926940397,0.7894280051642322,0.938746053225079,10,6,1.6666666666666667,0,0,0.21041666666666667
rings_screen__noise0750__n7200__seed73__knn_dbscan,ok,kNN-DBSCAN,rings_screen,rings,1.0,73,0.75,7200,0.05594050000945572,184.64453125,2.8671875,,,,,0.9988907376594565,0.9977753058954394,0.9996294924045943,6,6,1.0,0,0,0.25055555555555553
rings_screen__noise0750__n7200__seed73__snn_dbscan,ok,SNN-DBSCAN,rings_screen,rings,1.0,73,0.75,7200,0.18836749999900348,229.69921875,6.75390625,,,,,0.766593553955461,0.5705205704145192,0.20345170925987388,169,6,28.166666666666668,12,0,0.9130555555555555
rings_screen__noise0750__n7200__seed73__vdbscan_2007,ok,VDBSCAN-2007,rings_screen,rings,1.0,73,0.75,7200,0.22262809998937882,188.703125,6.8515625,,,,,0.9961295314216078,0.03962686542438186,0.030634573304157548,36,6,6.0,0,0,0.9883333333333333
rings_screen__noise0750__n7200__seed73__knnplusleiden,ok,kNN+Leiden,rings_screen,rings,1.0,73,0.75,7200,0.49623910000082105,240.35546875,28.3203125,,,,,0.7292649936080945,0.20032657243227814,0.0,24,6,4.0,5,0,1.0
rings_screen__noise0750__n7200__seed73__amd_dbscan,skipped_resource_limit,AMD-DBSCAN,rings_screen,rings,1.0,73,0.75,7200,,,,"AMD-DBSCAN's compatibility path is O(n^2) and is explicitly skipped for every cell in this n=3,600 to 180,000 replicated benchmark.",,,,,,,,,,,,
rings_screen__noise0750__n7200__seed151__stratascan,ok,StrataSCAN,rings_screen,rings,1.0,151,0.75,7200,1.5428423000121256,230.75,49.08984375,,,,,0.6384692257044954,0.5414529995480856,0.9969481180061038,20,6,3.3333333333333335,13,0,0.24819444444444444
rings_screen__noise0750__n7200__seed151__dbscan,ok,DBSCAN,rings_screen,rings,1.0,151,0.75,7200,0.12791560000914615,189.3046875,7.58203125,,,,,0.9688540872810091,0.8919352940884013,0.48845346396081174,335,6,55.833333333333336,0,0,0.7576388888888889
rings_screen__noise0750__n7200__seed151__hdbscan,ok,HDBSCAN,rings_screen,rings,1.0,151,0.75,7200,0.7371357999945758,185.5703125,3.68359375,,,,,0.9567047660030065,0.5657039608737193,0.5187217116993554,32,6,5.333333333333333,0,0,0.7373611111111111
rings_screen__noise0750__n7200__seed151__optics,ok,OPTICS,rings_screen,rings,1.0,151,0.75,7200,11.070670799992513,185.0546875,3.20703125,,,,,0.6401969585574978,0.6650044366873712,0.9330657125403613,8,6,1.3333333333333333,1,0,0.1584722222222222
rings_screen__noise0750__n7200__seed151__knn_dbscan,ok,kNN-DBSCAN,rings_screen,rings,1.0,151,0.75,7200,0.0441617999895243,184.80859375,2.859375,,,,,0.9991680532445923,0.9983305509181971,0.999722145040289,6,6,1.0,0,0,0.2504166666666667
rings_screen__noise0750__n7200__seed151__snn_dbscan,ok,SNN-DBSCAN,rings_screen,rings,1.0,151,0.75,7200,0.14896520000183955,230.00390625,6.390625,,,,,0.6837045768923599,0.4199856067121869,0.17229729729729729,144,6,24.0,13,0,0.9277777777777778
rings_screen__noise0750__n7200__seed151__vdbscan_2007,ok,VDBSCAN-2007,rings_screen,rings,1.0,151,0.75,7200,0.18789560000004712,189.3828125,7.3671875,,,,,0.996130452735844,0.041139948059095675,0.03636363636363636,38,6,6.333333333333333,0,0,0.9861111111111112
rings_screen__noise0750__n7200__seed151__knnplusleiden,ok,kNN+Leiden,rings_screen,rings,1.0,151,0.75,7200,0.4801030999951763,240.23046875,28.54296875,,,,,0.8036715778771862,0.2147483427340695,0.0,21,6,3.5,4,0,1.0
rings_screen__noise0750__n7200__seed151__amd_dbscan,skipped_resource_limit,AMD-DBSCAN,rings_screen,rings,1.0,151,0.75,7200,,,,"AMD-DBSCAN's compatibility path is O(n^2) and is explicitly skipped for every cell in this n=3,600 to 180,000 replicated benchmark.",,,,,,,,,,,,
rings_screen__noise0950__n36000__seed23__stratascan,ok,StrataSCAN,rings_screen,rings,1.0,23,0.95,36000,2.40156699999352,265.3203125,81.1640625,,,,,0.996404096784638,0.9926336329800773,0.9993563110773013,11,6,1.8333333333333333,0,0,0.051222222222222225
rings_screen__noise0950__n36000__seed23__dbscan,ok,DBSCAN,rings_screen,rings,1.0,23,0.95,36000,0.5922273000032874,196.640625,12.62109375,,,,,0.9584676320629338,0.6801156525167564,0.47430406852248397,2117,6,352.8333333333333,0,0,0.7046666666666667
rings_screen__noise0950__n36000__seed23__hdbscan,ok,HDBSCAN,rings_screen,rings,1.0,23,0.95,36000,11.996005499997409,189.08203125,4.8828125,,,,,0.8955676379491653,0.21869372151536629,0.5529016015401866,207,6,34.5,0,0,0.6370277777777777
rings_screen__noise0950__n36000__seed23__optics,ok,OPTICS,rings_screen,rings,1.0,23,0.95,36000,51.904856799999834,194.16796875,9.8984375,,,,,0.7868494256643945,0.7983058001107126,0.992257330747583,11,6,1.8333333333333333,2,0,0.04497222222222222
rings_screen__noise0950__n36000__seed23__knn_dbscan,ok,kNN-DBSCAN,rings_screen,rings,1.0,23,0.95,36000,0.16803709999658167,189.54296875,5.33203125,,,,,0.954015496364015,0.8407495133633053,0.7291442161198024,1919,6,319.8333333333333,1,0,0.45494444444444443
rings_screen__noise0950__n36000__seed23__snn_dbscan,ok,SNN-DBSCAN,rings_screen,rings,1.0,23,0.95,36000,0.6091620000079274,277.1640625,53.23046875,,,,,0.7989815997149662,0.22926851226648656,0.1725684986380388,930,6,155.0,8,0,0.9098333333333334
rings_screen__noise0950__n36000__seed23__vdbscan_2007,ok,VDBSCAN-2007,rings_screen,rings,1.0,23,0.95,36000,0.8632932999898912,197.4453125,13.10546875,,,,,0.9953030942473617,0.0009747380267944906,0.02374967495882812,73,6,12.166666666666666,0,0,0.9885833333333334
rings_screen__noise0950__n36000__seed23__knnplusleiden,ok,kNN+Leiden,rings_screen,rings,1.0,23,0.95,36000,6.373298799997428,339.109375,126.84765625,,,,,0.8962394606987639,0.025896588790847754,0.0,38,6,6.333333333333333,0,0,1.0
rings_screen__noise0950__n36000__seed23__amd_dbscan,skipped_resource_limit,AMD-DBSCAN,rings_screen,rings,1.0,23,0.95,36000,,,,"AMD-DBSCAN's compatibility path is O(n^2) and is explicitly skipped for every cell in this n=3,600 to 180,000 replicated benchmark.",,,,,,,,,,,,
rings_screen__noise0950__n36000__seed42__stratascan,ok,StrataSCAN,rings_screen,rings,1.0,42,0.95,36000,3.1600261999992654,271.41015625,87.0546875,,,,,0.8734188437944462,0.834775718512302,0.999151575436646,17,6,2.8333333333333335,6,0,0.051055555555555555
rings_screen__noise0950__n36000__seed42__dbscan,ok,DBSCAN,rings_screen,rings,1.0,42,0.95,36000,0.6628860999917379,196.6328125,12.33203125,,,,,0.956517562129644,0.6745332974050144,0.47082494969818917,2117,6,352.8333333333333,0,0,0.7075
rings_screen__noise0950__n36000__seed42__hdbscan,ok,HDBSCAN,rings_screen,rings,1.0,42,0.95,36000,13.528271199989831,191.8515625,7.51171875,,,,,0.9069739690265489,0.24868782746554205,0.5674492638280939,214,6,35.666666666666664,0,0,0.6236944444444444
rings_screen__noise0950__n36000__seed42__optics,ok,OPTICS,rings_screen,rings,1.0,42,0.95,36000,52.22118469999987,189.42578125,5.23046875,,,,,0.8635901744117725,0.879697220745928,0.9925445136391545,10,6,1.6666666666666667,0,0,0.049833333333333334
rings_screen__noise0950__n36000__seed42__knn_dbscan,ok,kNN-DBSCAN,rings_screen,rings,1.0,42,0.95,36000,0.16948039999988396,195.51171875,11.11328125,,,,,0.9783759296383795,0.8633716733240291,0.727512883001879,1918,6,319.6666666666667,0,0,0.4568611111111111
rings_screen__noise0950__n36000__seed42__snn_dbscan,ok,SNN-DBSCAN,rings_screen,rings,1.0,42,0.95,36000,0.6930090999958338,275.08984375,51.41015625,,,,,0.7773114467138549,0.23111695047108655,0.16866502515790602,864,6,144.0,9,0,0.9121111111111111
rings_screen__noise0950__n36000__seed42__vdbscan_2007,ok,VDBSCAN-2007,rings_screen,rings,1.0,42,0.95,36000,0.913222000002861,197.77734375,13.25,,,,,0.9928365081839369,0.0010037889489159363,0.023064250411861616,80,6,13.333333333333334,0,0,0.9889166666666667
rings_screen__noise0950__n36000__seed42__knnplusleiden,ok,kNN+Leiden,rings_screen,rings,1.0,42,0.95,36000,8.385209800006123,338.49609375,126.23046875,,,,,0.836180756611855,0.025248350506777838,0.0,36,6,6.0,0,0,1.0
rings_screen__noise0950__n36000__seed42__amd_dbscan,skipped_resource_limit,AMD-DBSCAN,rings_screen,rings,1.0,42,0.95,36000,,,,"AMD-DBSCAN's compatibility path is O(n^2) and is explicitly skipped for every cell in this n=3,600 to 180,000 replicated benchmark.",,,,,,,,,,,,
rings_screen__noise0950__n36000__seed73__stratascan,ok,StrataSCAN,rings_screen,rings,1.0,73,0.95,36000,2.9379870999982813,271.12890625,87.0234375,,,,,0.961628534664969,0.947829083390765,0.9992247268259147,11,6,1.8333333333333333,1,0,0.051027777777777776
rings_screen__noise0950__n36000__seed73__dbscan,ok,DBSCAN,rings_screen,rings,1.0,73,0.95,36000,0.5668829000060214,195.53515625,11.33203125,,,,,0.9648400925514077,0.6919320872898942,0.46481876332622596,2125,6,354.1666666666667,0,0,0.7123611111111111
rings_screen__noise0950__n36000__seed73__hdbscan,ok,HDBSCAN,rings_screen,rings,1.0,73,0.95,36000,13.58205120000639,189.44921875,4.83984375,,,,,0.8965278006404634,0.2310053669474328,0.5478940217391305,210,6,35.0,0,0,0.6415555555555555
rings_screen__noise0950__n36000__seed73__optics,ok,OPTICS,rings_screen,rings,1.0,73,0.95,36000,54.23413470000378,191.703125,7.484375,,,,,0.8745666478730172,0.8816234850021059,0.9951125570809565,7,6,1.1666666666666667,0,0,0.04602777777777778
rings_screen__noise0950__n36000__seed73__knn_dbscan,ok,kNN-DBSCAN,rings_screen,rings,1.0,73,0.95,36000,0.1745933999918634,187.5546875,3.0703125,,,,,0.9767161615082992,0.8621490611193521,0.7290969899665551,1913,6,318.8333333333333,0,0,0.455
rings_screen__noise0950__n36000__seed73__snn_dbscan,ok,SNN-DBSCAN,rings_screen,rings,1.0,73,0.95,36000,0.6467967000062345,273.515625,49.890625,,,,,0.7351253298454029,0.22226471812748297,0.17067237000401017,933,6,155.5,13,0,0.9109722222222222
rings_screen__noise0950__n36000__seed73__vdbscan_2007,ok,VDBSCAN-2007,rings_screen,rings,1.0,73,0.95,36000,0.9726095999940298,197.62890625,13.0234375,,,,,0.9931201143487162,0.0009899578779544722,0.023464139166618502,86,6,14.333333333333334,0,0,0.9887222222222222
rings_screen__noise0950__n36000__seed73__knnplusleiden,ok,kNN+Leiden,rings_screen,rings,1.0,73,0.95,36000,8.27965939999558,339.05859375,126.07421875,,,,,0.8403779272140041,0.02599952773804689,0.0,37,6,6.166666666666667,0,0,1.0
rings_screen__noise0950__n36000__seed73__amd_dbscan,skipped_resource_limit,AMD-DBSCAN,rings_screen,rings,1.0,73,0.95,36000,,,,"AMD-DBSCAN's compatibility path is O(n^2) and is explicitly skipped for every cell in this n=3,600 to 180,000 replicated benchmark.",,,,,,,,,,,,
rings_screen__noise0950__n36000__seed151__stratascan,ok,StrataSCAN,rings_screen,rings,1.0,151,0.95,36000,2.109339500006172,263.1953125,78.93359375,,,,,0.996130452735844,0.9922127339498252,0.999722145040289,7,6,1.1666666666666667,0,0,0.050527777777777776
rings_screen__noise0950__n36000__seed151__dbscan,ok,DBSCAN,rings_screen,rings,1.0,151,0.95,36000,0.5788926999957766,197.0703125,12.73046875,,,,,0.9525451501889131,0.6760168514345576,0.46901090046332566,2150,6,358.3333333333333,0,0,0.7089722222222222
rings_screen__noise0950__n36000__seed151__hdbscan,ok,HDBSCAN,rings_screen,rings,1.0,151,0.95,36000,14.486937900001067,189.296875,4.83203125,,,,,0.8892826149640284,0.24310260718738141,0.5736033199174191,208,6,34.666666666666664,0,0,0.6179722222222223
rings_screen__noise0950__n36000__seed151__optics,ok,OPTICS,rings_screen,rings,1.0,151,0.95,36000,55.43210469999758,190.2109375,5.95703125,,,,,0.7078134698751967,0.6946442693396092,0.9903554698263984,8,6,1.3333333333333333,1,0,0.034694444444444444
rings_screen__noise0950__n36000__seed151__knn_dbscan,ok,kNN-DBSCAN,rings_screen,rings,1.0,151,0.95,36000,0.21637950000877026,188.48828125,3.5390625,,,,,0.9850646238905831,0.8733270156945724,0.7277968938900771,1910,6,318.3333333333333,0,0,0.45652777777777775
rings_screen__noise0950__n36000__seed151__snn_dbscan,ok,SNN-DBSCAN,rings_screen,rings,1.0,151,0.95,36000,0.7271036000020104,271.84765625,47.8359375,,,,,0.6810855404430308,0.17890884648418537,0.17230325372655875,914,6,152.33333333333334,13,0,0.9101666666666667
rings_screen__noise0950__n36000__seed151__vdbscan_2007,ok,VDBSCAN-2007,rings_screen,rings,1.0,151,0.95,36000,1.1203542000002926,198.05078125,13.73828125,,,,,0.996130452735844,0.000986504293167887,0.024662835359690414,79,6,13.166666666666666,0,0,0.9881388888888889
rings_screen__noise0950__n36000__seed151__knnplusleiden,ok,kNN+Leiden,rings_screen,rings,1.0,151,0.95,36000,9.282476599997608,340.38671875,127.31640625,,,,,0.7985415777100112,0.02666695206548476,0.0,37,6,6.166666666666667,0,0,1.0
rings_screen__noise0950__n36000__seed151__amd_dbscan,skipped_resource_limit,AMD-DBSCAN,rings_screen,rings,1.0,151,0.95,36000,,,,"AMD-DBSCAN's compatibility path is O(n^2) and is explicitly skipped for every cell in this n=3,600 to 180,000 replicated benchmark.",,,,,,,,,,,,
rings_screen__noise0990__n180000__seed23__stratascan,ok,StrataSCAN,rings_screen,rings,1.0,23,0.99,180000,15.528081700002076,412.125,226.16015625,,,,,0.967518291320284,0.9345502281677814,0.999455371330073,18,6,3.0,0,0,0.011077777777777778
rings_screen__noise0990__n180000__seed23__dbscan,ok,DBSCAN,rings_screen,rings,1.0,23,0.99,180000,4.832252599997446,236.9140625,51.14453125,,,,,0.9367824218733815,0.3243297967605588,0.47102279308614003,11098,6,1849.6666666666667,0,0,0.6950166666666666
rings_screen__noise0990__n180000__seed23__hdbscan,timeout,HDBSCAN,rings_screen,rings,1.0,23,0.99,180000,,,,,,,240,,,,,,,,,
rings_screen__noise0990__n180000__seed23__optics,timeout,OPTICS,rings_screen,rings,1.0,23,0.99,180000,,,,,,,240,,,,,,,,,
rings_screen__noise0990__n180000__seed23__knn_dbscan,ok,kNN-DBSCAN,rings_screen,rings,1.0,23,0.99,180000,2.312885699997423,220.546875,34.40234375,,,,,0.9165570488523033,0.5179277150535398,0.6863057324840764,10619,6,1769.8333333333333,1,0,0.4828
rings_screen__noise0990__n180000__seed23__snn_dbscan,ok,SNN-DBSCAN,rings_screen,rings,1.0,23,0.99,180000,6.188295799991465,358.69140625,131.5078125,,,,,0.8186427946954771,0.0694100271152776,0.17597207864651038,4702,6,783.6666666666666,8,0,0.9044111111111112
rings_screen__noise0990__n180000__seed23__vdbscan_2007,ok,VDBSCAN-2007,rings_screen,rings,1.0,23,0.99,180000,7.861522999999579,254.19140625,68.61328125,,,,,0.9785732454898118,3.505880948605612e-05,0.0219996115103921,356,6,59.333333333333336,0,0,0.9889722222222223
rings_screen__noise0990__n180000__seed23__knnplusleiden,ok,kNN+Leiden,rings_screen,rings,1.0,23,0.99,180000,143.96327530000417,835.16015625,619.23046875,,,,,0.23856847342653495,0.0016379109118890966,0.0,53,6,8.833333333333334,0,2,1.0
rings_screen__noise0990__n180000__seed23__amd_dbscan,skipped_resource_limit,AMD-DBSCAN,rings_screen,rings,1.0,23,0.99,180000,,,,"AMD-DBSCAN's compatibility path is O(n^2) and is explicitly skipped for every cell in this n=3,600 to 180,000 replicated benchmark.",,,,,,,,,,,,
rings_screen__noise0990__n180000__seed42__stratascan,ok,StrataSCAN,rings_screen,rings,1.0,42,0.99,180000,14.240180700013298,417.5625,231.5078125,,,,,0.9673135696171794,0.9340879625531737,0.999559289586041,12,6,2.0,0,0,0.010872222222222222
rings_screen__noise0990__n180000__seed42__dbscan,ok,DBSCAN,rings_screen,rings,1.0,42,0.99,180000,5.042906900009257,237.04296875,51.59375,,,,,0.911953113153947,0.32745631786261437,0.47394270005951794,11401,6,1900.1666666666667,0,0,0.6925388888888889
rings_screen__noise0990__n180000__seed42__hdbscan,timeout,HDBSCAN,rings_screen,rings,1.0,42,0.99,180000,,,,,,,240,,,,,,,,,
rings_screen__noise0990__n180000__seed42__optics,timeout,OPTICS,rings_screen,rings,1.0,42,0.99,180000,,,,,,,240,,,,,,,,,
rings_screen__noise0990__n180000__seed42__knn_dbscan,ok,kNN-DBSCAN,rings_screen,rings,1.0,42,0.99,180000,2.385040699999081,220.125,34.37109375,,,,,0.9467652830936051,0.5448427224723834,0.6859036993064492,10667,6,1777.8333333333333,0,0,0.4832611111111111
rings_screen__noise0990__n180000__seed42__snn_dbscan,ok,SNN-DBSCAN,rings_screen,rings,1.0,42,0.99,180000,6.851109399998677,360.39453125,133.2578125,,,,,0.787023041218213,0.06252824948459199,0.17585252135461718,4720,6,786.6666666666666,9,0,0.9044944444444445
rings_screen__noise0990__n180000__seed42__vdbscan_2007,ok,VDBSCAN-2007,rings_screen,rings,1.0,42,0.99,180000,12.699032499993336,254.1171875,68.46875,,,,,0.9797212444699106,3.540382441186017e-05,0.022559436291508306,366,6,61.0,0,0,0.9886944444444444
rings_screen__noise0990__n180000__seed42__knnplusleiden,ok,kNN+Leiden,rings_screen,rings,1.0,42,0.99,180000,86.57584100001259,840.28125,624.51171875,,,,,0.2701658992398154,0.0016539484830142472,0.0,54,6,9.0,0,1,1.0
rings_screen__noise0990__n180000__seed42__amd_dbscan,skipped_resource_limit,AMD-DBSCAN,rings_screen,rings,1.0,42,0.99,180000,,,,"AMD-DBSCAN's compatibility path is O(n^2) and is explicitly skipped for every cell in this n=3,600 to 180,000 replicated benchmark.",,,,,,,,,,,,
rings_screen__noise0990__n180000__seed73__stratascan,ok,StrataSCAN,rings_screen,rings,1.0,73,0.99,180000,19.878078099995037,508.171875,322.31640625,,,,,0.9725010881495811,0.9445750991610797,0.9995901800400838,14,6,2.3333333333333335,0,0,0.010811111111111112
rings_screen__noise0990__n180000__seed73__dbscan,ok,DBSCAN,rings_screen,rings,1.0,73,0.99,180000,6.428586900001392,237.19140625,51.55078125,,,,,0.9327658679605856,0.32266593284447825,0.47087847259465837,11192,6,1865.3333333333333,0,0,0.6951388888888889
rings_screen__noise0990__n180000__seed73__hdbscan,timeout,HDBSCAN,rings_screen,rings,1.0,73,0.99,180000,,,,,,,240,,,,,,,,,
rings_screen__noise0990__n180000__seed73__optics,timeout,OPTICS,rings_screen,rings,1.0,73,0.99,180000,,,,,,,240,,,,,,,,,
rings_screen__noise0990__n180000__seed73__knn_dbscan,ok,kNN-DBSCAN,rings_screen,rings,1.0,73,0.99,180000,3.2753427999996347,219.79296875,34.14453125,,,,,0.9488364378660913,0.5438747895542086,0.6865720045255038,10609,6,1768.1666666666667,0,0,0.48249444444444445
rings_screen__noise0990__n180000__seed73__snn_dbscan,ok,SNN-DBSCAN,rings_screen,rings,1.0,73,0.99,180000,6.5896225000033155,359.13671875,132.42578125,,,,,0.7319175393651624,0.05554194410239578,0.17537536922612254,4739,6,789.8333333333334,14,0,0.9047722222222222
rings_screen__noise0990__n180000__seed73__vdbscan_2007,ok,VDBSCAN-2007,rings_screen,rings,1.0,73,0.99,180000,10.023553499995614,254.1328125,68.19921875,,,,,0.9785453487309188,3.5133891826973304e-05,0.023348936264613884,366,6,61.0,0,0,0.9882888888888889
rings_screen__noise0990__n180000__seed73__knnplusleiden,ok,kNN+Leiden,rings_screen,rings,1.0,73,0.99,180000,145.8062585999869,840.8515625,625.1484375,,,,,0.2991412138339546,0.0017151027576634372,0.0,57,6,9.5,0,0,1.0
rings_screen__noise0990__n180000__seed73__amd_dbscan,skipped_resource_limit,AMD-DBSCAN,rings_screen,rings,1.0,73,0.99,180000,,,,"AMD-DBSCAN's compatibility path is O(n^2) and is explicitly skipped for every cell in this n=3,600 to 180,000 replicated benchmark.",,,,,,,,,,,,
rings_screen__noise0990__n180000__seed151__stratascan,ok,StrataSCAN,rings_screen,rings,1.0,151,0.99,180000,41.535728700007894,625.48828125,439.68359375,,,,,0.9708899568025341,0.9415559991392687,0.9996070285746366,12,6,2.0,0,0,0.010777777777777778
rings_screen__noise0990__n180000__seed151__dbscan,ok,DBSCAN,rings_screen,rings,1.0,151,0.99,180000,5.1009231000061845,236.46875,50.5859375,,,,,0.9100428678104636,0.31683294214884794,0.4674329501915709,11213,6,1868.8333333333333,0,0,0.69805
rings_screen__noise0990__n180000__seed151__hdbscan,timeout,HDBSCAN,rings_screen,rings,1.0,151,0.99,180000,,,,,,,240,,,,,,,,,
rings_screen__noise0990__n180000__seed151__optics,timeout,OPTICS,rings_screen,rings,1.0,151,0.99,180000,,,,,,,240,,,,,,,,,
rings_screen__noise0990__n180000__seed151__knn_dbscan,ok,kNN-DBSCAN,rings_screen,rings,1.0,151,0.99,180000,2.1649038000032306,220.57421875,34.953125,,,,,0.9496381644717921,0.5469473286267272,0.6864074127312333,10659,6,1776.5,0,0,0.48268333333333335
rings_screen__noise0990__n180000__seed151__snn_dbscan,ok,SNN-DBSCAN,rings_screen,rings,1.0,151,0.99,180000,6.670843400002923,358.61328125,131.19140625,,,,,0.6715648048423614,0.04239054938318472,0.1768987228470741,4748,6,791.3333333333334,15,0,0.9038166666666667
rings_screen__noise0990__n180000__seed151__vdbscan_2007,ok,VDBSCAN-2007,rings_screen,rings,1.0,151,0.99,180000,13.25833729999431,254.1328125,68.76171875,,,,,0.9766010120324715,3.481164618634304e-05,0.02202168869945501,360,6,60.0,0,0,0.9889666666666667
rings_screen__noise0990__n180000__seed151__knnplusleiden,ok,kNN+Leiden,rings_screen,rings,1.0,151,0.99,180000,170.2930548000004,832.390625,616.61328125,,,,,0.15167593243456576,0.0017905069953963874,0.0,59,6,9.833333333333334,0,2,1.0
rings_screen__noise0990__n180000__seed151__amd_dbscan,skipped_resource_limit,AMD-DBSCAN,rings_screen,rings,1.0,151,0.99,180000,,,,"AMD-DBSCAN's compatibility path is O(n^2) and is explicitly skipped for every cell in this n=3,600 to 180,000 replicated benchmark.",,,,,,,,,,,,
gaussian_density_r16__noise0950__n36000__seed23__stratascan,ok,StrataSCAN,gaussian_density_r16,compact_gaussian,16.0,23,0.95,36000,7.328399300007732,269.84375,85.86328125,,,,,0.9927758980652497,0.9856207741631009,0.9996198830409356,6,6,1.0,0,0,0.05
gaussian_density_r16__noise0950__n36000__seed23__dbscan,ok,DBSCAN,gaussian_density_r16,compact_gaussian,16.0,23,0.95,36000,1.0559356000012485,198.03125,13.65625,,,,,0.9697651425185295,0.6882572972281723,0.46257585974376264,2129,6,354.8333333333333,0,0,0.7141666666666666
gaussian_density_r16__noise0950__n36000__seed23__hdbscan,ok,HDBSCAN,gaussian_density_r16,compact_gaussian,16.0,23,0.95,36000,22.949693499991554,189.6640625,5.26953125,,,,,0.9263452519371205,0.25558152632793646,0.5616351936745595,222,6,37.0,0,0,0.6290555555555556
gaussian_density_r16__noise0950__n36000__seed23__optics,ok,OPTICS,gaussian_density_r16,compact_gaussian,16.0,23,0.95,36000,85.4326652000018,195.80859375,11.0625,,,,,0.9822441096509582,0.9510099452138321,0.9945790301018085,12,6,2.0,0,0,0.059194444444444445
gaussian_density_r16__noise0950__n36000__seed23__knn_dbscan,ok,kNN-DBSCAN,gaussian_density_r16,compact_gaussian,16.0,23,0.95,36000,0.2799013999901945,192.04296875,7.75,,,,,0.9865960560575388,0.8785231930449431,0.7244279506927997,1962,6,327.0,0,0,0.4604722222222222
gaussian_density_r16__noise0950__n36000__seed23__snn_dbscan,ok,SNN-DBSCAN,gaussian_density_r16,compact_gaussian,16.0,23,0.95,36000,0.9932308999996167,275.0859375,51.61328125,,,,,0.6042434777081354,0.14008271303419442,0.1700651222376428,913,6,152.16666666666666,17,0,0.9092222222222223
gaussian_density_r16__noise0950__n36000__seed23__vdbscan_2007,ok,VDBSCAN-2007,gaussian_density_r16,compact_gaussian,16.0,23,0.95,36000,1.7597396000055596,198.05859375,13.7109375,,,,,0.995856781336558,0.0009694531865267607,0.02203522165350915,67,6,11.166666666666666,0,0,0.9894166666666667
gaussian_density_r16__noise0950__n36000__seed23__knnplusleiden,ok,kNN+Leiden,gaussian_density_r16,compact_gaussian,16.0,23,0.95,36000,7.713921100003063,338.125,125.4921875,,,,,0.9396300361688992,0.025557973004854018,0.0,37,6,6.166666666666667,0,0,1.0
gaussian_density_r16__noise0950__n36000__seed23__amd_dbscan,skipped_resource_limit,AMD-DBSCAN,gaussian_density_r16,compact_gaussian,16.0,23,0.95,36000,,,,"AMD-DBSCAN's compatibility path is O(n^2) and is explicitly skipped for every cell in this n=3,600 to 180,000 replicated benchmark.",,,,,,,,,,,,
gaussian_density_r16__noise0950__n36000__seed42__stratascan,ok,StrataSCAN,gaussian_density_r16,compact_gaussian,16.0,42,0.95,36000,5.046357300001546,270.71875,86.15625,,,,,0.9841947028915143,0.9679238006955847,0.9989464442493415,9,6,1.5,0,0,0.051666666666666666
gaussian_density_r16__noise0950__n36000__seed42__dbscan,ok,DBSCAN,gaussian_density_r16,compact_gaussian,16.0,42,0.95,36000,0.761602500002482,198.484375,13.90234375,,,,,0.9659970408014861,0.6776835361431219,0.45855681254788844,2110,6,351.6666666666667,0,0,0.7173888888888889
gaussian_density_r16__noise0950__n36000__seed42__hdbscan,ok,HDBSCAN,gaussian_density_r16,compact_gaussian,16.0,42,0.95,36000,19.569838700001128,190.546875,6.58984375,,,,,0.8861590347637356,0.2106566758047774,0.5542168674698795,193,6,32.166666666666664,0,0,0.6358333333333334
gaussian_density_r16__noise0950__n36000__seed42__optics,ok,OPTICS,gaussian_density_r16,compact_gaussian,16.0,42,0.95,36000,77.8575073999964,194.125,10.0703125,,,,,0.9876994127039233,0.9630318863400493,0.9950782340409903,12,6,2.0,0,0,0.059305555555555556
gaussian_density_r16__noise0950__n36000__seed42__knn_dbscan,ok,kNN-DBSCAN,gaussian_density_r16,compact_gaussian,16.0,42,0.95,36000,0.2741528000042308,195.14453125,10.9453125,,,,,0.982446927122274,0.8707526137139492,0.7283172513804451,1928,6,321.3333333333333,0,0,0.4559166666666667
gaussian_density_r16__noise0950__n36000__seed42__snn_dbscan,ok,SNN-DBSCAN,gaussian_density_r16,compact_gaussian,16.0,42,0.95,36000,0.878702300004079,276.765625,53.19140625,,,,,0.502096190305026,0.07391149399741986,0.16677806593054034,862,6,143.66666666666666,26,0,0.9110277777777778
gaussian_density_r16__noise0950__n36000__seed42__vdbscan_2007,ok,VDBSCAN-2007,gaussian_density_r16,compact_gaussian,16.0,42,0.95,36000,1.359912700005225,197.00390625,12.88671875,,,,,0.9950211964764825,0.0009822094654474305,0.024605787558482067,64,6,10.666666666666666,0,0,0.9881666666666666
gaussian_density_r16__noise0950__n36000__seed42__knnplusleiden,ok,kNN+Leiden,gaussian_density_r16,compact_gaussian,16.0,42,0.95,36000,9.226062400004594,340.3359375,127.40234375,,,,,0.9072665466404694,0.026269654834209535,0.0,37,6,6.166666666666667,0,0,1.0
gaussian_density_r16__noise0950__n36000__seed42__amd_dbscan,skipped_resource_limit,AMD-DBSCAN,gaussian_density_r16,compact_gaussian,16.0,42,0.95,36000,,,,"AMD-DBSCAN's compatibility path is O(n^2) and is explicitly skipped for every cell in this n=3,600 to 180,000 replicated benchmark.",,,,,,,,,,,,
gaussian_density_r16__noise0950__n36000__seed73__stratascan,ok,StrataSCAN,gaussian_density_r16,compact_gaussian,16.0,73,0.95,36000,3.8005815999931656,263.6171875,79.51953125,,,,,0.9885821783767846,0.977377957093302,0.9994152046783625,7,6,1.1666666666666667,0,0,0.05
gaussian_density_r16__noise0950__n36000__seed73__dbscan,ok,DBSCAN,gaussian_density_r16,compact_gaussian,16.0,73,0.95,36000,0.928980099997716,197.6015625,13.1328125,,,,,0.9557677515208098,0.6758105771512739,0.46901090046332566,2095,6,349.1666666666667,0,0,0.7089722222222222
gaussian_density_r16__noise0950__n36000__seed73__hdbscan,ok,HDBSCAN,gaussian_density_r16,compact_gaussian,16.0,73,0.95,36000,22.093023800000083,189.375,4.578125,,,,,0.874111652782296,0.22648293298343922,0.5421062727795894,199,6,33.166666666666664,0,0,0.64675
gaussian_density_r16__noise0950__n36000__seed73__optics,ok,OPTICS,gaussian_density_r16,compact_gaussian,16.0,73,0.95,36000,76.67657609999878,192.4296875,7.4765625,,,,,0.8881216567032761,0.8859535327169996,0.992228548011767,12,6,2.0,0,0,0.05202777777777778
gaussian_density_r16__noise0950__n36000__seed73__knn_dbscan,ok,kNN-DBSCAN,gaussian_density_r16,compact_gaussian,16.0,73,0.95,36000,0.27246890000242274,191.30859375,7.0859375,,,,,0.9777450711843575,0.8575731600829937,0.7228798685537174,1915,6,319.1666666666667,0,0,0.4622777777777778
gaussian_density_r16__noise0950__n36000__seed73__snn_dbscan,ok,SNN-DBSCAN,gaussian_density_r16,compact_gaussian,16.0,73,0.95,36000,1.022210700000869,276.3984375,52.48046875,,,,,0.521457347413288,0.09086332494766085,0.17410761854022377,885,6,147.5,26,0,0.9072222222222223
gaussian_density_r16__noise0950__n36000__seed73__vdbscan_2007,ok,VDBSCAN-2007,gaussian_density_r16,compact_gaussian,16.0,73,0.95,36000,1.2415546999982325,198.19140625,13.6953125,,,,,0.9925437077804317,0.0009763073798769029,0.021920818994187224,75,6,12.5,0,0,0.9894722222222222
gaussian_density_r16__noise0950__n36000__seed73__knnplusleiden,ok,kNN+Leiden,gaussian_density_r16,compact_gaussian,16.0,73,0.95,36000,15.194037000008393,339.0,126.6015625,,,,,0.845315717688588,0.027149121315813287,0.0,39,6,6.5,0,0,1.0
gaussian_density_r16__noise0950__n36000__seed73__amd_dbscan,skipped_resource_limit,AMD-DBSCAN,gaussian_density_r16,compact_gaussian,16.0,73,0.95,36000,,,,"AMD-DBSCAN's compatibility path is O(n^2) and is explicitly skipped for every cell in this n=3,600 to 180,000 replicated benchmark.",,,,,,,,,,,,
gaussian_density_r16__noise0950__n36000__seed151__stratascan,ok,StrataSCAN,gaussian_density_r16,compact_gaussian,16.0,151,0.95,36000,4.578823600008036,264.90625,80.5859375,,,,,0.9862798350896069,0.9722837713588653,0.9986973639916279,13,6,2.1666666666666665,0,0,0.05213888888888889
gaussian_density_r16__noise0950__n36000__seed151__dbscan,ok,DBSCAN,gaussian_density_r16,compact_gaussian,16.0,151,0.95,36000,0.8091614000004483,197.51953125,13.3515625,,,,,0.9624806150381087,0.671907595851701,0.4577574350071024,2113,6,352.1666666666667,0,0,0.7180277777777778
gaussian_density_r16__noise0950__n36000__seed151__hdbscan,ok,HDBSCAN,gaussian_density_r16,compact_gaussian,16.0,151,0.95,36000,19.644216000000597,192.57421875,7.6328125,,,,,0.9587628961116046,0.2706112284050279,0.5585129923500032,222,6,37.0,0,0,0.6319166666666667
gaussian_density_r16__noise0950__n36000__seed151__optics,ok,OPTICS,gaussian_density_r16,compact_gaussian,16.0,151,0.95,36000,71.4380436000065,191.96875,7.3984375,,,,,0.9832352495117277,0.9583880326982691,0.9966877711337788,9,6,1.5,0,0,0.05466666666666667
gaussian_density_r16__noise0950__n36000__seed151__knn_dbscan,ok,kNN-DBSCAN,gaussian_density_r16,compact_gaussian,16.0,151,0.95,36000,0.3114251999941189,193.4609375,9.31640625,,,,,0.9828410211177833,0.8691158659668954,0.7290261441551926,1883,6,313.8333333333333,0,0,0.45508333333333334
gaussian_density_r16__noise0950__n36000__seed151__snn_dbscan,ok,SNN-DBSCAN,gaussian_density_r16,compact_gaussian,16.0,151,0.95,36000,0.8618763999984367,277.14453125,53.1015625,,,,,0.6079656007781319,0.11923371020487628,0.16683164343615403,931,6,155.16666666666666,25,0,0.9116944444444445
gaussian_density_r16__noise0950__n36000__seed151__vdbscan_2007,ok,VDBSCAN-2007,gaussian_density_r16,compact_gaussian,16.0,151,0.95,36000,1.361790300012217,198.22265625,13.56640625,,,,,0.9911357809584443,0.0009700477168758422,0.02562992466880249,71,6,11.833333333333334,0,0,0.9875833333333334
gaussian_density_r16__noise0950__n36000__seed151__knnplusleiden,ok,kNN+Leiden,gaussian_density_r16,compact_gaussian,16.0,151,0.95,36000,7.186157200005255,338.97265625,126.0,,,,,0.974847104505538,0.02706296529242585,0.0,39,6,6.5,0,0,1.0
gaussian_density_r16__noise0950__n36000__seed151__amd_dbscan,skipped_resource_limit,AMD-DBSCAN,gaussian_density_r16,compact_gaussian,16.0,151,0.95,36000,,,,"AMD-DBSCAN's compatibility path is O(n^2) and is explicitly skipped for every cell in this n=3,600 to 180,000 replicated benchmark.",,,,,,,,,,,,
gaussian_density_r16__noise0990__n180000__seed23__stratascan,ok,StrataSCAN,gaussian_density_r16,compact_gaussian,16.0,23,0.99,180000,25.020450099997106,501.0078125,315.2421875,,,,,0.9714181760520774,0.9431146332012549,0.9995846033804304,14,6,2.3333333333333335,0,0,0.010633333333333333
gaussian_density_r16__noise0990__n180000__seed23__dbscan,ok,DBSCAN,gaussian_density_r16,compact_gaussian,16.0,23,0.99,180000,7.460326900007203,238.2265625,52.26171875,,,,,0.9429741689159998,0.3301550845539318,0.4714359238291302,11265,6,1877.5,0,0,0.6946666666666667
gaussian_density_r16__noise0990__n180000__seed23__hdbscan,timeout,HDBSCAN,gaussian_density_r16,compact_gaussian,16.0,23,0.99,180000,,,,,,,240,,,,,,,,,
gaussian_density_r16__noise0990__n180000__seed23__optics,timeout,OPTICS,gaussian_density_r16,compact_gaussian,16.0,23,0.99,180000,,,,,,,240,,,,,,,,,
gaussian_density_r16__noise0990__n180000__seed23__knn_dbscan,ok,kNN-DBSCAN,gaussian_density_r16,compact_gaussian,16.0,23,0.99,180000,2.2413357999903383,219.09375,32.796875,,,,,0.9572500400357021,0.5526081523563882,0.6849970113568439,10719,6,1786.5,0,0,0.4843
gaussian_density_r16__noise0990__n180000__seed23__snn_dbscan,ok,SNN-DBSCAN,gaussian_density_r16,compact_gaussian,16.0,23,0.99,180000,6.8412882999982685,359.13671875,131.95703125,,,,,0.5883648197947614,0.03234749756138176,0.17530806075244604,4800,6,800.0,19,0,0.9043555555555556
gaussian_density_r16__noise0990__n180000__seed23__vdbscan_2007,ok,VDBSCAN-2007,gaussian_density_r16,compact_gaussian,16.0,23,0.99,180000,8.582754000002751,254.42578125,68.71875,,,,,0.9431328086385301,3.071401613895813e-05,0.021472903505168374,336,6,56.0,3,1,0.9892555555555556
gaussian_density_r16__noise0990__n180000__seed23__knnplusleiden,ok,kNN+Leiden,gaussian_density_r16,compact_gaussian,16.0,23,0.99,180000,145.38328320000437,840.5546875,624.4921875,,,,,0.16300900334720528,0.0017661304033639042,0.0,57,6,9.5,0,2,1.0
gaussian_density_r16__noise0990__n180000__seed23__amd_dbscan,skipped_resource_limit,AMD-DBSCAN,gaussian_density_r16,compact_gaussian,16.0,23,0.99,180000,,,,"AMD-DBSCAN's compatibility path is O(n^2) and is explicitly skipped for every cell in this n=3,600 to 180,000 replicated benchmark.",,,,,,,,,,,,
gaussian_density_r16__noise0990__n180000__seed42__stratascan,ok,StrataSCAN,gaussian_density_r16,compact_gaussian,16.0,42,0.99,180000,16.062662800002727,508.171875,322.38671875,,,,,0.9764895181184544,0.9532301784096529,0.9997221668738722,9,6,1.5,0,0,0.010394444444444444
gaussian_density_r16__noise0990__n180000__seed42__dbscan,ok,DBSCAN,gaussian_density_r16,compact_gaussian,16.0,42,0.99,180000,5.294360500003677,237.73828125,52.07421875,,,,,0.9439635059529622,0.3282984478107947,0.4689143210640272,11280,6,1880.0,0,0,0.6968
gaussian_density_r16__noise0990__n180000__seed42__hdbscan,timeout,HDBSCAN,gaussian_density_r16,compact_gaussian,16.0,42,0.99,180000,,,,,,,240,,,,,,,,,
gaussian_density_r16__noise0990__n180000__seed42__optics,timeout,OPTICS,gaussian_density_r16,compact_gaussian,16.0,42,0.99,180000,,,,,,,240,,,,,,,,,
gaussian_density_r16__noise0990__n180000__seed42__knn_dbscan,ok,kNN-DBSCAN,gaussian_density_r16,compact_gaussian,16.0,42,0.99,180000,2.144846700000926,221.65234375,35.58984375,,,,,0.9560840562556677,0.5492879260757654,0.6836078894880697,10750,6,1791.6666666666667,0,0,0.48588888888888887
gaussian_density_r16__noise0990__n180000__seed42__snn_dbscan,ok,SNN-DBSCAN,gaussian_density_r16,compact_gaussian,16.0,42,0.99,180000,5.607137099999818,362.08203125,134.59765625,,,,,0.4709178296609931,0.02039848042746173,0.17464087888685254,4801,6,800.1666666666666,28,0,0.9047888888888889
gaussian_density_r16__noise0990__n180000__seed42__vdbscan_2007,ok,VDBSCAN-2007,gaussian_density_r16,compact_gaussian,16.0,42,0.99,180000,8.565378300001612,255.05078125,69.36328125,,,,,0.9597988919497183,3.2061192212005376e-05,0.019867991199413293,325,6,54.166666666666664,3,1,0.9900666666666667
gaussian_density_r16__noise0990__n180000__seed42__knnplusleiden,ok,kNN+Leiden,gaussian_density_r16,compact_gaussian,16.0,42,0.99,180000,225.86616809999396,841.4296875,625.67578125,,,,,0.15455513287157355,0.0016801634280169007,0.0,55,6,9.166666666666666,0,1,1.0
gaussian_density_r16__noise0990__n180000__seed42__amd_dbscan,skipped_resource_limit,AMD-DBSCAN,gaussian_density_r16,compact_gaussian,16.0,42,0.99,180000,,,,"AMD-DBSCAN's compatibility path is O(n^2) and is explicitly skipped for every cell in this n=3,600 to 180,000 replicated benchmark.",,,,,,,,,,,,
gaussian_density_r16__noise0990__n180000__seed73__stratascan,ok,StrataSCAN,gaussian_density_r16,compact_gaussian,16.0,73,0.99,180000,18.777914099991904,506.4296875,320.4921875,,,,,0.9494228008633988,0.9102620804574708,0.9995846127074831,12,6,2.0,1,0,0.010588888888888889
gaussian_density_r16__noise0990__n180000__seed73__dbscan,ok,DBSCAN,gaussian_density_r16,compact_gaussian,16.0,73,0.99,180000,6.308517099998426,237.734375,51.8046875,,,,,0.9423150717221759,0.32679222644964717,0.4709571962400305,11094,6,1849.0,0,0,0.6950722222222222
gaussian_density_r16__noise0990__n180000__seed73__hdbscan,timeout,HDBSCAN,gaussian_density_r16,compact_gaussian,16.0,73,0.99,180000,,,,,,,240,,,,,,,,,
gaussian_density_r16__noise0990__n180000__seed73__optics,timeout,OPTICS,gaussian_density_r16,compact_gaussian,16.0,73,0.99,180000,,,,,,,240,,,,,,,,,
gaussian_density_r16__noise0990__n180000__seed73__knn_dbscan,ok,kNN-DBSCAN,gaussian_density_r16,compact_gaussian,16.0,73,0.99,180000,2.508929999996326,221.0546875,35.1484375,,,,,0.9610843028000734,0.5529253651476757,0.6869542791880042,10589,6,1764.8333333333333,0,0,0.48205555555555557
gaussian_density_r16__noise0990__n180000__seed73__snn_dbscan,ok,SNN-DBSCAN,gaussian_density_r16,compact_gaussian,16.0,73,0.99,180000,6.678798499997356,362.35546875,135.55859375,,,,,0.5176587684179714,0.024021279356229407,0.17905660762803619,4789,6,798.1666666666666,27,0,0.9022
gaussian_density_r16__noise0990__n180000__seed73__vdbscan_2007,ok,VDBSCAN-2007,gaussian_density_r16,compact_gaussian,16.0,73,0.99,180000,10.572536499996204,254.47265625,68.41796875,,,,,0.9407909458851567,3.068934007635551e-05,0.02097851617811193,334,6,55.666666666666664,3,1,0.9895055555555555
gaussian_density_r16__noise0990__n180000__seed73__knnplusleiden,ok,kNN+Leiden,gaussian_density_r16,compact_gaussian,16.0,73,0.99,180000,132.51841799999238,831.9140625,615.6171875,,,,,0.14895284529791494,0.0016779737686681948,0.0,54,6,9.0,0,1,1.0
gaussian_density_r16__noise0990__n180000__seed73__amd_dbscan,skipped_resource_limit,AMD-DBSCAN,gaussian_density_r16,compact_gaussian,16.0,73,0.99,180000,,,,"AMD-DBSCAN's compatibility path is O(n^2) and is explicitly skipped for every cell in this n=3,600 to 180,000 replicated benchmark.",,,,,,,,,,,,
gaussian_density_r16__noise0990__n180000__seed151__stratascan,ok,StrataSCAN,gaussian_density_r16,compact_gaussian,16.0,151,0.99,180000,14.600225599991973,507.64453125,321.7578125,,,,,0.9685429980985775,0.9379053084648493,0.9996267389614363,9,6,1.5,0,0,0.01045
gaussian_density_r16__noise0990__n180000__seed151__dbscan,ok,DBSCAN,gaussian_density_r16,compact_gaussian,16.0,151,0.99,180000,4.870566300000064,239.43359375,53.44140625,,,,,0.9396491310353158,0.32327123293602067,0.4700756372502726,11121,6,1853.5,0,0,0.6958111111111112
gaussian_density_r16__noise0990__n180000__seed151__hdbscan,timeout,HDBSCAN,gaussian_density_r16,compact_gaussian,16.0,151,0.99,180000,,,,,,,240,,,,,,,,,
gaussian_density_r16__noise0990__n180000__seed151__optics,timeout,OPTICS,gaussian_density_r16,compact_gaussian,16.0,151,0.99,180000,,,,,,,240,,,,,,,,,
gaussian_density_r16__noise0990__n180000__seed151__knn_dbscan,ok,kNN-DBSCAN,gaussian_density_r16,compact_gaussian,16.0,151,0.99,180000,2.2017826000083005,221.58203125,35.6015625,,,,,0.9631763325615346,0.5514738538976527,0.6874302570958226,10563,6,1760.5,0,0,0.4814833333333333
gaussian_density_r16__noise0990__n180000__seed151__snn_dbscan,ok,SNN-DBSCAN,gaussian_density_r16,compact_gaussian,16.0,151,0.99,180000,5.707425900007365,359.33203125,132.31640625,,,,,0.5431198885470049,0.028577470209393975,0.17340785786375537,4668,6,778.0,29,0,0.9055944444444445
gaussian_density_r16__noise0990__n180000__seed151__vdbscan_2007,ok,VDBSCAN-2007,gaussian_density_r16,compact_gaussian,16.0,151,0.99,180000,6.9657571999996435,255.80859375,69.984375,,,,,0.9394173741622471,3.071118416155867e-05,0.022735216284140276,329,6,54.833333333333336,2,1,0.9886166666666667
gaussian_density_r16__noise0990__n180000__seed151__knnplusleiden,ok,kNN+Leiden,gaussian_density_r16,compact_gaussian,16.0,151,0.99,180000,97.11894640000537,841.0390625,625.25,,,,,0.12881028114074067,0.001759615799300589,0.0,56,6,9.333333333333334,0,2,1.0
gaussian_density_r16__noise0990__n180000__seed151__amd_dbscan,skipped_resource_limit,AMD-DBSCAN,gaussian_density_r16,compact_gaussian,16.0,151,0.99,180000,,,,"AMD-DBSCAN's compatibility path is O(n^2) and is explicitly skipped for every cell in this n=3,600 to 180,000 replicated benchmark.",,,,,,,,,,,,
gaussian_density_r64__noise0950__n36000__seed23__stratascan,ok,StrataSCAN,gaussian_density_r64,compact_gaussian,64.0,23,0.95,36000,2.8733315999998013,263.3359375,79.37890625,,,,,0.9878271112184299,0.9764870580974386,0.9993715379781061,7,6,1.1666666666666667,0,0,0.049416666666666664
gaussian_density_r64__noise0950__n36000__seed23__dbscan,ok,DBSCAN,gaussian_density_r64,compact_gaussian,64.0,23,0.95,36000,0.5427219999983208,197.9140625,13.7421875,,,,,0.9708313698995209,0.6866144625347325,0.4606036054283978,2127,6,354.5,0,0,0.71575
gaussian_density_r64__noise0950__n36000__seed23__hdbscan,ok,HDBSCAN,gaussian_density_r64,compact_gaussian,64.0,23,0.95,36000,12.467372400002205,189.57421875,5.01953125,,,,,0.9281005373445338,0.25598584515282097,0.5619678334910123,222,6,37.0,0,0,0.62875
gaussian_density_r64__noise0950__n36000__seed23__optics,ok,OPTICS,gaussian_density_r64,compact_gaussian,64.0,23,0.95,36000,44.97636670000793,194.25390625,9.796875,,,,,0.9737206004387318,0.9362867162953209,0.9941875825627476,12,6,2.0,0,0,0.0575
gaussian_density_r64__noise0950__n36000__seed23__knn_dbscan,ok,kNN-DBSCAN,gaussian_density_r64,compact_gaussian,64.0,23,0.95,36000,0.18636469999910332,192.61328125,8.15234375,,,,,0.9882281917102355,0.8811236208909139,0.7244041624706277,1963,6,327.1666666666667,0,0,0.4605
gaussian_density_r64__noise0950__n36000__seed23__snn_dbscan,ok,SNN-DBSCAN,gaussian_density_r64,compact_gaussian,64.0,23,0.95,36000,0.7233798000088427,276.09765625,52.609375,,,,,0.60457900815341,0.13970432121779444,0.16973224058303749,914,6,152.33333333333334,18,0,0.9094722222222222
gaussian_density_r64__noise0950__n36000__seed23__vdbscan_2007,ok,VDBSCAN-2007,gaussian_density_r64,compact_gaussian,64.0,23,0.95,36000,1.0059939000057057,197.76171875,13.4375,,,,,0.9947346845557106,0.000964370923862055,0.021575659416936604,66,6,11.0,0,0,0.9895555555555555
gaussian_density_r64__noise0950__n36000__seed23__knnplusleiden,ok,kNN+Leiden,gaussian_density_r64,compact_gaussian,64.0,23,0.95,36000,8.871151200000895,338.296875,125.2265625,,,,,0.9458833915760728,0.025052441621573513,0.0,36,6,6.0,0,0,1.0
gaussian_density_r64__noise0950__n36000__seed23__amd_dbscan,skipped_resource_limit,AMD-DBSCAN,gaussian_density_r64,compact_gaussian,64.0,23,0.95,36000,,,,"AMD-DBSCAN's compatibility path is O(n^2) and is explicitly skipped for every cell in this n=3,600 to 180,000 replicated benchmark.",,,,,,,,,,,,
gaussian_density_r64__noise0950__n36000__seed42__stratascan,ok,StrataSCAN,gaussian_density_r64,compact_gaussian,64.0,42,0.95,36000,3.1596805000008317,264.43359375,79.9609375,,,,,0.9802302434100566,0.964327229762875,0.9990211976450308,6,6,1.0,0,0,0.04858333333333333
gaussian_density_r64__noise0950__n36000__seed42__dbscan,ok,DBSCAN,gaussian_density_r64,compact_gaussian,64.0,42,0.95,36000,0.7940987999900244,197.69921875,13.53125,,,,,0.9686961033142305,0.6795806348560974,0.45758354755784064,2110,6,351.6666666666667,0,0,0.7181666666666666
gaussian_density_r64__noise0950__n36000__seed42__hdbscan,ok,HDBSCAN,gaussian_density_r64,compact_gaussian,64.0,42,0.95,36000,17.89576840000518,189.171875,4.8671875,,,,,0.8865804900122312,0.21123883214990657,0.5557127473130767,193,6,32.166666666666664,0,0,0.6344722222222222
gaussian_density_r64__noise0950__n36000__seed42__optics,ok,OPTICS,gaussian_density_r64,compact_gaussian,64.0,42,0.95,36000,62.12151240000094,195.18359375,10.6875,,,,,0.9885176808121966,0.964611207197842,0.9951225245342892,12,6,2.0,0,0,0.059222222222222225
gaussian_density_r64__noise0950__n36000__seed42__knn_dbscan,ok,kNN-DBSCAN,gaussian_density_r64,compact_gaussian,64.0,42,0.95,36000,0.26954949999344535,194.93359375,10.60546875,,,,,0.9832171054137914,0.8721085679562487,0.7283645354998234,1928,6,321.3333333333333,0,0,0.4558611111111111
gaussian_density_r64__noise0950__n36000__seed42__snn_dbscan,ok,SNN-DBSCAN,gaussian_density_r64,compact_gaussian,64.0,42,0.95,36000,0.819757599994773,274.9140625,51.109375,,,,,0.5031430276681667,0.07454218652962111,0.16597110754414124,864,6,144.0,26,0,0.9116666666666666
gaussian_density_r64__noise0950__n36000__seed42__vdbscan_2007,ok,VDBSCAN-2007,gaussian_density_r64,compact_gaussian,64.0,42,0.95,36000,1.078627900002175,198.41796875,14.0,,,,,0.9961368425904015,0.0009849014382822313,0.024491682070240293,66,6,11.0,0,0,0.9882222222222222
gaussian_density_r64__noise0950__n36000__seed42__knnplusleiden,ok,kNN+Leiden,gaussian_density_r64,compact_gaussian,64.0,42,0.95,36000,6.188155900003039,338.17578125,126.04296875,,,,,0.91997156373534,0.02602476879081874,0.0,37,6,6.166666666666667,0,0,1.0
gaussian_density_r64__noise0950__n36000__seed42__amd_dbscan,skipped_resource_limit,AMD-DBSCAN,gaussian_density_r64,compact_gaussian,64.0,42,0.95,36000,,,,"AMD-DBSCAN's compatibility path is O(n^2) and is explicitly skipped for every cell in this n=3,600 to 180,000 replicated benchmark.",,,,,,,,,,,,
gaussian_density_r64__noise0950__n36000__seed73__stratascan,ok,StrataSCAN,gaussian_density_r64,compact_gaussian,64.0,73,0.95,36000,3.5406480000092415,265.92578125,81.47265625,,,,,0.9893084913284969,0.979138659946302,0.9994445581313767,6,6,1.0,0,0,0.04961111111111111
gaussian_density_r64__noise0950__n36000__seed73__dbscan,ok,DBSCAN,gaussian_density_r64,compact_gaussian,64.0,73,0.95,36000,0.7167324999900302,198.1796875,13.734375,,,,,0.9567601761844243,0.6750087480230722,0.4675016243586584,2091,6,348.5,0,0,0.7101944444444445
gaussian_density_r64__noise0950__n36000__seed73__hdbscan,ok,HDBSCAN,gaussian_density_r64,compact_gaussian,64.0,73,0.95,36000,16.611518099991372,189.296875,4.90234375,,,,,0.8934379797472006,0.2297365883476339,0.5450213779753674,198,6,33.0,0,0,0.6441388888888889
gaussian_density_r64__noise0950__n36000__seed73__optics,ok,OPTICS,gaussian_density_r64,compact_gaussian,64.0,73,0.95,36000,59.984272399990004,189.484375,5.22265625,,,,,0.8893581243468441,0.887707462201719,0.9923043160204827,12,6,2.0,0,0,0.05138888888888889
gaussian_density_r64__noise0950__n36000__seed73__knn_dbscan,ok,kNN-DBSCAN,gaussian_density_r64,compact_gaussian,64.0,73,0.95,36000,0.22835439999471419,192.08203125,7.578125,,,,,0.9793332155973032,0.8600866755259744,0.7229037136615695,1915,6,319.1666666666667,0,0,0.46225
gaussian_density_r64__noise0950__n36000__seed73__snn_dbscan,ok,SNN-DBSCAN,gaussian_density_r64,compact_gaussian,64.0,73,0.95,36000,0.7983494000072824,275.48046875,51.5859375,,,,,0.5080305577987269,0.08705120478266869,0.17426744805540756,887,6,147.83333333333334,27,0,0.9072222222222223
gaussian_density_r64__noise0950__n36000__seed73__vdbscan_2007,ok,VDBSCAN-2007,gaussian_density_r64,compact_gaussian,64.0,73,0.95,36000,1.1427495999960229,197.9375,13.78125,,,,,0.9930965009058838,0.0009758368802961874,0.02186361270171785,74,6,12.333333333333334,0,0,0.9895
gaussian_density_r64__noise0950__n36000__seed73__knnplusleiden,ok,kNN+Leiden,gaussian_density_r64,compact_gaussian,64.0,73,0.95,36000,3.0984135000035167,337.9609375,125.5390625,,,,,0.8331932248736487,0.024348242296226542,0.0,34,6,5.666666666666667,0,0,1.0
gaussian_density_r64__noise0950__n36000__seed73__amd_dbscan,skipped_resource_limit,AMD-DBSCAN,gaussian_density_r64,compact_gaussian,64.0,73,0.95,36000,,,,"AMD-DBSCAN's compatibility path is O(n^2) and is explicitly skipped for every cell in this n=3,600 to 180,000 replicated benchmark.",,,,,,,,,,,,
gaussian_density_r64__noise0950__n36000__seed151__stratascan,ok,StrataSCAN,gaussian_density_r64,compact_gaussian,64.0,151,0.95,36000,5.250755999993999,270.60546875,86.31640625,,,,,0.9617643001521697,0.9492759906355674,0.9993126142595977,11,6,1.8333333333333333,1,0,0.050694444444444445
gaussian_density_r64__noise0950__n36000__seed151__dbscan,ok,DBSCAN,gaussian_density_r64,compact_gaussian,64.0,151,0.95,36000,0.6557022000051802,198.14453125,13.734375,,,,,0.9627489201546872,0.6709936740581528,0.4563652366229604,2114,6,352.3333333333333,0,0,0.7191388888888889
gaussian_density_r64__noise0950__n36000__seed151__hdbscan,ok,HDBSCAN,gaussian_density_r64,compact_gaussian,64.0,151,0.95,36000,17.449057799996808,189.375,5.0078125,,,,,0.958746296782803,0.27087231757388597,0.5598484050952732,221,6,36.833333333333336,0,0,0.6306944444444444
gaussian_density_r64__noise0950__n36000__seed151__optics,ok,OPTICS,gaussian_density_r64,compact_gaussian,64.0,151,0.95,36000,60.0325412999955,194.61328125,9.71875,,,,,0.9791752561280654,0.9514805260458097,0.9964983224180622,9,6,1.5,0,0,0.05408333333333333
gaussian_density_r64__noise0950__n36000__seed151__knn_dbscan,ok,kNN-DBSCAN,gaussian_density_r64,compact_gaussian,64.0,151,0.95,36000,0.23316829999384936,195.2109375,10.92578125,,,,,0.9847080620652466,0.8721877132054924,0.7290733755736822,1884,6,314.0,0,0,0.45502777777777775
gaussian_density_r64__noise0950__n36000__seed151__snn_dbscan,ok,SNN-DBSCAN,gaussian_density_r64,compact_gaussian,64.0,151,0.95,36000,1.089036400007899,275.96484375,51.85546875,,,,,0.6070754109048397,0.11684890308441938,0.16683610680079194,931,6,155.16666666666666,25,0,0.9117222222222222
gaussian_density_r64__noise0950__n36000__seed151__vdbscan_2007,ok,VDBSCAN-2007,gaussian_density_r64,compact_gaussian,64.0,151,0.95,36000,1.1043896000046516,197.7578125,13.04296875,,,,,0.9930401235008768,0.0009655529002048861,0.02568913263097128,66,6,11.0,0,0,0.9876388888888888
gaussian_density_r64__noise0950__n36000__seed151__knnplusleiden,ok,kNN+Leiden,gaussian_density_r64,compact_gaussian,64.0,151,0.95,36000,7.653260299994145,339.35546875,126.33984375,,,,,0.8474097210525916,0.023439568029056355,0.0,34,6,5.666666666666667,0,0,1.0
gaussian_density_r64__noise0950__n36000__seed151__amd_dbscan,skipped_resource_limit,AMD-DBSCAN,gaussian_density_r64,compact_gaussian,64.0,151,0.95,36000,,,,"AMD-DBSCAN's compatibility path is O(n^2) and is explicitly skipped for every cell in this n=3,600 to 180,000 replicated benchmark.",,,,,,,,,,,,
gaussian_density_r64__noise0990__n180000__seed23__stratascan,ok,StrataSCAN,gaussian_density_r64,compact_gaussian,64.0,23,0.99,180000,16.741623099995195,412.44140625,227.20703125,,,,,0.9753032700173998,0.9511339791833757,0.9996267305808689,14,6,2.3333333333333335,0,0,0.010494444444444445
gaussian_density_r64__noise0990__n180000__seed23__dbscan,ok,DBSCAN,gaussian_density_r64,compact_gaussian,64.0,23,0.99,180000,5.393042800002149,238.5234375,52.46875,,,,,0.9472795022554016,0.3291161378814387,0.468940630638371,11246,6,1874.3333333333333,0,0,0.6967777777777778
gaussian_density_r64__noise0990__n180000__seed23__hdbscan,timeout,HDBSCAN,gaussian_density_r64,compact_gaussian,64.0,23,0.99,180000,,,,,,,240,,,,,,,,,
gaussian_density_r64__noise0990__n180000__seed23__optics,timeout,OPTICS,gaussian_density_r64,compact_gaussian,64.0,23,0.99,180000,,,,,,,240,,,,,,,,,
gaussian_density_r64__noise0990__n180000__seed23__knn_dbscan,ok,kNN-DBSCAN,gaussian_density_r64,compact_gaussian,64.0,23,0.99,180000,2.7279295999906026,220.40234375,34.2578125,,,,,0.9627148849022569,0.5562957442652028,0.6849824553635669,10721,6,1786.8333333333333,0,0,0.4843166666666667
gaussian_density_r64__noise0990__n180000__seed23__snn_dbscan,ok,SNN-DBSCAN,gaussian_density_r64,compact_gaussian,64.0,23,0.99,180000,6.767158200003905,361.3984375,134.47265625,,,,,0.5915201587272291,0.032716467215920204,0.17535743892578984,4802,6,800.3333333333334,19,0,0.9043444444444444
gaussian_density_r64__noise0990__n180000__seed23__vdbscan_2007,ok,VDBSCAN-2007,gaussian_density_r64,compact_gaussian,64.0,23,0.99,180000,9.29459499999939,254.609375,68.83203125,,,,,0.9576363759082808,3.194185699493066e-05,0.021220247514033015,325,6,54.166666666666664,2,1,0.9893833333333333
gaussian_density_r64__noise0990__n180000__seed23__knnplusleiden,ok,kNN+Leiden,gaussian_density_r64,compact_gaussian,64.0,23,0.99,180000,162.6117540999985,840.7890625,624.6015625,,,,,0.28124699887532173,0.0016881361810361006,0.0,55,6,9.166666666666666,0,1,1.0
gaussian_density_r64__noise0990__n180000__seed23__amd_dbscan,skipped_resource_limit,AMD-DBSCAN,gaussian_density_r64,compact_gaussian,64.0,23,0.99,180000,,,,"AMD-DBSCAN's compatibility path is O(n^2) and is explicitly skipped for every cell in this n=3,600 to 180,000 replicated benchmark.",,,,,,,,,,,,
gaussian_density_r64__noise0990__n180000__seed42__stratascan,ok,StrataSCAN,gaussian_density_r64,compact_gaussian,64.0,42,0.99,180000,16.432723600009922,416.3046875,230.5390625,,,,,0.9805544582504853,0.961380443714051,0.9997670796559515,8,6,1.3333333333333333,0,0,0.010305555555555556
gaussian_density_r64__noise0990__n180000__seed42__dbscan,ok,DBSCAN,gaussian_density_r64,compact_gaussian,64.0,42,0.99,180000,5.797535700010485,238.55859375,52.63671875,,,,,0.9485366010053934,0.32638001986660986,0.4664239795523198,11264,6,1877.3333333333333,0,0,0.6989
gaussian_density_r64__noise0990__n180000__seed42__hdbscan,timeout,HDBSCAN,gaussian_density_r64,compact_gaussian,64.0,42,0.99,180000,,,,,,,240,,,,,,,,,
gaussian_density_r64__noise0990__n180000__seed42__optics,timeout,OPTICS,gaussian_density_r64,compact_gaussian,64.0,42,0.99,180000,,,,,,,240,,,,,,,,,
gaussian_density_r64__noise0990__n180000__seed42__knn_dbscan,ok,kNN-DBSCAN,gaussian_density_r64,compact_gaussian,64.0,42,0.99,180000,2.3897780000115745,220.6875,34.5546875,,,,,0.9679058267508126,0.5572686175555146,0.683559265689063,10757,6,1792.8333333333333,0,0,0.48594444444444446
gaussian_density_r64__noise0990__n180000__seed42__snn_dbscan,ok,SNN-DBSCAN,gaussian_density_r64,compact_gaussian,64.0,42,0.99,180000,5.476508000007016,358.90625,131.89453125,,,,,0.49039245365337064,0.020683578582664622,0.17472408215082824,4799,6,799.8333333333334,28,0,0.9047333333333333
gaussian_density_r64__noise0990__n180000__seed42__vdbscan_2007,ok,VDBSCAN-2007,gaussian_density_r64,compact_gaussian,64.0,42,0.99,180000,7.864745099999709,254.73828125,68.61328125,,,,,0.9706977860120699,3.309133972101411e-05,0.019537892174840796,319,6,53.166666666666664,2,1,0.9902333333333333
gaussian_density_r64__noise0990__n180000__seed42__knnplusleiden,ok,kNN+Leiden,gaussian_density_r64,compact_gaussian,64.0,42,0.99,180000,150.5321466000023,840.4453125,624.6015625,,,,,0.12168564572644158,0.001646612525198342,0.0,54,6,9.0,0,3,1.0
gaussian_density_r64__noise0990__n180000__seed42__amd_dbscan,skipped_resource_limit,AMD-DBSCAN,gaussian_density_r64,compact_gaussian,64.0,42,0.99,180000,,,,"AMD-DBSCAN's compatibility path is O(n^2) and is explicitly skipped for every cell in this n=3,600 to 180,000 replicated benchmark.",,,,,,,,,,,,
gaussian_density_r64__noise0990__n180000__seed73__stratascan,ok,StrataSCAN,gaussian_density_r64,compact_gaussian,64.0,73,0.99,180000,13.602487599986489,416.87109375,231.14453125,,,,,0.975913230318788,0.9528508009471561,0.999741839895838,7,6,1.1666666666666667,0,0,0.010177777777777779
gaussian_density_r64__noise0990__n180000__seed73__dbscan,ok,DBSCAN,gaussian_density_r64,compact_gaussian,64.0,73,0.99,180000,5.078741099991021,238.47265625,52.56640625,,,,,0.9495213366331144,0.3259731953368026,0.46796657381615603,11078,6,1846.3333333333333,0,0,0.6976
gaussian_density_r64__noise0990__n180000__seed73__hdbscan,timeout,HDBSCAN,gaussian_density_r64,compact_gaussian,64.0,73,0.99,180000,,,,,,,240,,,,,,,,,
gaussian_density_r64__noise0990__n180000__seed73__optics,timeout,OPTICS,gaussian_density_r64,compact_gaussian,64.0,73,0.99,180000,,,,,,,240,,,,,,,,,
gaussian_density_r64__noise0990__n180000__seed73__knn_dbscan,ok,kNN-DBSCAN,gaussian_density_r64,compact_gaussian,64.0,73,0.99,180000,2.778451000005589,219.15625,33.24609375,,,,,0.9665429648537666,0.5567482780069607,0.6869542791880042,10592,6,1765.3333333333333,0,0,0.48205555555555557
gaussian_density_r64__noise0990__n180000__seed73__snn_dbscan,ok,SNN-DBSCAN,gaussian_density_r64,compact_gaussian,64.0,73,0.99,180000,6.543786499998532,360.52734375,133.15625,,,,,0.5428945202277546,0.026023649367752345,0.1790268790570114,4787,6,797.8333333333334,24,0,0.9022055555555556
gaussian_density_r64__noise0990__n180000__seed73__vdbscan_2007,ok,VDBSCAN-2007,gaussian_density_r64,compact_gaussian,64.0,73,0.99,180000,9.568187500000931,254.53125,68.703125,,,,,0.9529297351275922,3.198242459924877e-05,0.020703749777856766,324,6,54.0,2,1,0.9896444444444444
gaussian_density_r64__noise0990__n180000__seed73__knnplusleiden,ok,kNN+Leiden,gaussian_density_r64,compact_gaussian,64.0,73,0.99,180000,125.53003500000341,830.85546875,614.90625,,,,,0.08442501718286655,0.001753205611207853,0.0,57,6,9.5,0,2,1.0
gaussian_density_r64__noise0990__n180000__seed73__amd_dbscan,skipped_resource_limit,AMD-DBSCAN,gaussian_density_r64,compact_gaussian,64.0,73,0.99,180000,,,,"AMD-DBSCAN's compatibility path is O(n^2) and is explicitly skipped for every cell in this n=3,600 to 180,000 replicated benchmark.",,,,,,,,,,,,
gaussian_density_r64__noise0990__n180000__seed151__stratascan,ok,StrataSCAN,gaussian_density_r64,compact_gaussian,64.0,151,0.99,180000,23.205595699997502,618.921875,432.88671875,,,,,0.9162731724600471,0.8796126440803431,0.9993129306452563,6,6,1.0,0,0,0.00896111111111111
gaussian_density_r64__noise0990__n180000__seed151__dbscan,ok,DBSCAN,gaussian_density_r64,compact_gaussian,64.0,151,0.99,180000,5.8668326000042725,238.8359375,52.9765625,,,,,0.9526596706039855,0.3248228767260683,0.46824769206965916,11105,6,1850.8333333333333,0,0,0.6973555555555555
gaussian_density_r64__noise0990__n180000__seed151__hdbscan,timeout,HDBSCAN,gaussian_density_r64,compact_gaussian,64.0,151,0.99,180000,,,,,,,240,,,,,,,,,
gaussian_density_r64__noise0990__n180000__seed151__optics,timeout,OPTICS,gaussian_density_r64,compact_gaussian,64.0,151,0.99,180000,,,,,,,240,,,,,,,,,
gaussian_density_r64__noise0990__n180000__seed151__knn_dbscan,ok,kNN-DBSCAN,gaussian_density_r64,compact_gaussian,64.0,151,0.99,180000,2.801527799994801,217.98046875,32.10546875,,,,,0.9686470946228335,0.5552034147765262,0.6874592599958018,10563,6,1760.5,0,0,0.48145
gaussian_density_r64__noise0990__n180000__seed151__snn_dbscan,ok,SNN-DBSCAN,gaussian_density_r64,compact_gaussian,64.0,151,0.99,180000,6.769704599995748,361.75390625,134.78515625,,,,,0.554804070180761,0.0277133357541438,0.17350765384536568,4666,6,777.6666666666666,29,0,0.9055777777777778
gaussian_density_r64__noise0990__n180000__seed151__vdbscan_2007,ok,VDBSCAN-2007,gaussian_density_r64,compact_gaussian,64.0,151,0.99,180000,9.586487500011572,254.50390625,68.82421875,,,,,0.9479469104407926,3.153207439736402e-05,0.022417045832870935,325,6,54.166666666666664,2,1,0.9887777777777778
gaussian_density_r64__noise0990__n180000__seed151__knnplusleiden,ok,kNN+Leiden,gaussian_density_r64,compact_gaussian,64.0,151,0.99,180000,84.862329399999,838.8828125,623.16796875,,,,,0.4095951345917095,0.0016389541855876624,0.0,56,6,9.333333333333334,0,1,1.0
gaussian_density_r64__noise0990__n180000__seed151__amd_dbscan,skipped_resource_limit,AMD-DBSCAN,gaussian_density_r64,compact_gaussian,64.0,151,0.99,180000,,,,"AMD-DBSCAN's compatibility path is O(n^2) and is explicitly skipped for every cell in this n=3,600 to 180,000 replicated benchmark.",,,,,,,,,,,,
