release_version,source_run,job_id,status,dataset_id,method,seed,package_version,n,dimension,runtime_seconds,process_runtime_seconds,peak_rss_mb,process_peak_rss_mb,ami_signal,ari_signal,macro_target_f1,noise_aware_macro_f1,noise_f1,pairwise_f1,pairwise_precision,pairwise_recall,signal_f1,background_rejection,binary_balanced_accuracy,extra_signal_fragments,mean_target_fragments,merged_predicted_clusters,n_clusters,truth_clusters,error_type,error
0.2.3,v0.2.2-seven-family-robustness-v2,synthetic__imbalanced_16d__quality__n100000__AMD-DBSCAN__23__7a131f9609a2,error,imbalanced_16d__quality__n100000,AMD-DBSCAN,23,,,,,6.076899800013052,,190.07421875,,,,,,,,,,,,,,,,,MemoryError,"Unable to allocate 74.5 GiB for an array with shape (100000, 100000) and data type float64"
0.2.3,v0.2.2-seven-family-robustness-v2,synthetic__imbalanced_16d__quality__n100000__DBSCAN__23__46fece7f2153,ok,imbalanced_16d__quality__n100000,DBSCAN,23,0.2.2,100000,16,64.94644549998338,70.50506199999654,230.65234375,224.0859375,0.42174143842004247,0.10696810020545884,0.34232001580056615,0.4970578549546766,0.9070843286064161,0.37104919097829053,1.0,0.22778415954815087,0.5563736105096002,1.0,0.6927,0,0.5,0,34,8,,
0.2.3,v0.2.2-seven-family-robustness-v2,synthetic__imbalanced_16d__quality__n100000__HDBSCAN__23__498c6a62b718,ok,imbalanced_16d__quality__n100000,HDBSCAN,23,0.2.2,100000,16,699.4299931999994,704.9329646999831,219.91015625,233.21875,1.0,1.0,0.996758197675622,0.9949050693732832,0.9930588187908651,0.999009920793152,0.9980218001608315,1.0,0.9797389975310578,0.9862133333333334,0.9931066666666667,0,1.0,0,86,8,,
0.2.3,v0.2.2-seven-family-robustness-v2,synthetic__imbalanced_16d__quality__n100000__OPTICS__23__fe19b89582a1,ok,imbalanced_16d__quality__n100000,OPTICS,23,0.2.2,100000,16,175.20566760000656,180.27811199999996,230.8046875,224.9140625,0.33270670624047105,0.11626211702286715,0.20956228495530901,0.3391222823106436,0.8883151031333835,0.4176349798938964,1.0,0.2639308721990659,0.3943996660351305,1.0,0.62282,0,0.5,0,11,8,,
0.2.3,v0.2.2-seven-family-robustness-v2,synthetic__imbalanced_16d__quality__n100000__SNN-DBSCAN__23__646b198a02ca,ok,imbalanced_16d__quality__n100000,SNN-DBSCAN,23,0.2.2,100000,16,15.281628500000807,21.51781810002285,342.99609375,338.92578125,0.0,0.0,0.0,0.0,0.8571428571428571,0.0,0.0,0.0,0.0,1.0,0.5,0,0.0,0,0,8,,
0.2.3,v0.2.2-seven-family-robustness-stratascan-fast-v1,synthetic__imbalanced_16d__quality__n100000__StrataSCAN__23__6bab02bb06a1,ok,imbalanced_16d__quality__n100000,StrataSCAN,23,0.2.2,100000,16,52.18364130001282,59.39253560002544,421.6640625,420.90234375,0.9116798133920359,0.9248515402954981,0.9658604275823093,0.9780016718279936,0.9904520423121113,0.943732021350623,1.0,0.8934588953054782,0.9702187255426948,1.0,0.9710799999999999,0,1.0,0,18,8,,
0.2.3,v0.2.2-seven-family-robustness-v2,synthetic__imbalanced_16d__quality__n100000__VDBSCAN-2007__23__c9645924adb0,ok,imbalanced_16d__quality__n100000,VDBSCAN-2007,23,0.2.2,100000,16,108.6989181000099,113.66915619999054,2203.61328125,2218.8046875,0.8298554856072641,0.5947875742811989,0.830966711765661,0.01909756451469343,0.009659784512499337,0.03968264836363434,0.02024297154259714,1.0,0.40116820180365226,0.004853333333333334,0.5024266666666667,0,1.0,2,7,8,,
0.2.3,v0.2.2-seven-family-robustness-v2,synthetic__imbalanced_16d__quality__n100000__kNN+Leiden__23__3cf70990c455,ok,imbalanced_16d__quality__n100000,kNN+Leiden,23,0.2.2,100000,16,29.31327810001676,35.53191109999898,632.55078125,735.734375,0.999801781788642,0.9999287982884223,0.9381680213177506,0.0,0.0,0.04265456259696461,0.021792069593266586,0.9999511681063455,0.4,0.0,0.5,0,1.0,0,9,8,,
0.2.3,v0.2.2-seven-family-robustness-v2,synthetic__imbalanced_16d__quality__n100000__kNN-DBSCAN__23__082406fcf58d,ok,imbalanced_16d__quality__n100000,kNN-DBSCAN,23,0.2.2,100000,16,14.163197900023079,19.600530199997593,233.6875,224.72265625,0.4200364650994586,0.1057027929144818,0.34135417064654855,0.4960323206160278,0.9070404479570425,0.36868482275325004,1.0,0.22600465434000155,0.556040084327259,1.0,0.6925399999999999,0,0.5,0,38,8,,
0.2.3,v0.2.2-seven-family-robustness-v2,synthetic__imbalanced_16d__quality__n100000__AMD-DBSCAN__42__69d9b81e518b,error,imbalanced_16d__quality__n100000,AMD-DBSCAN,42,,,,,6.361240500002168,,190.59765625,,,,,,,,,,,,,,,,,MemoryError,"Unable to allocate 74.5 GiB for an array with shape (100000, 100000) and data type float64"
0.2.3,v0.2.2-seven-family-robustness-v2,synthetic__imbalanced_16d__quality__n100000__DBSCAN__42__82610eedddf9,ok,imbalanced_16d__quality__n100000,DBSCAN,42,0.2.2,100000,16,64.16399400000228,69.51145890000043,231.37109375,225.484375,0.4022716927139733,0.12780641677569612,0.29314449167047213,0.4425091694038526,0.902206797827486,0.41863613919381193,1.0,0.26473106510755146,0.5181233514122284,1.0,0.67482,0,0.5,0,45,8,,
0.2.3,v0.2.2-seven-family-robustness-v2,synthetic__imbalanced_16d__quality__n100000__HDBSCAN__42__5f12d58f0511,ok,imbalanced_16d__quality__n100000,HDBSCAN,42,0.2.2,100000,16,752.678676999989,757.7392047000176,220.09375,230.60546875,1.0000000000000002,1.0,0.9959269633870318,0.9943891065967703,0.9928559918354193,0.9946774453080071,0.9894112498179778,1.0,0.9791634027886573,0.9858133333333333,0.9929066666666666,0,1.0,0,84,8,,
0.2.3,v0.2.2-seven-family-robustness-v2,synthetic__imbalanced_16d__quality__n100000__OPTICS__42__16c56283d026,ok,imbalanced_16d__quality__n100000,OPTICS,42,0.2.2,100000,16,177.6495058000146,182.65704409999307,233.4921875,231.96875,0.2887568098182666,0.09394936226883911,0.2220483124613863,0.3545342177391784,0.878981787497363,0.18609002148492784,1.0,0.10259054952510234,0.2963063922584162,1.0,0.58696,0,0.5,0,9,8,,
0.2.3,v0.2.2-seven-family-robustness-v2,synthetic__imbalanced_16d__quality__n100000__SNN-DBSCAN__42__ca80bf36835d,ok,imbalanced_16d__quality__n100000,SNN-DBSCAN,42,0.2.2,100000,16,15.483901400002651,21.909155100001954,346.75390625,341.1640625,0.0,0.0,0.0,0.0,0.8571428571428571,0.0,0.0,0.0,0.0,1.0,0.5,0,0.0,0,0,8,,
0.2.3,v0.2.2-seven-family-robustness-stratascan-fast-v1,synthetic__imbalanced_16d__quality__n100000__StrataSCAN__42__f7b9f0e98e67,ok,imbalanced_16d__quality__n100000,StrataSCAN,42,0.2.2,100000,16,17.204741800000193,20.247873899992555,394.3515625,392.234375,0.8728236549039643,0.8830368576542127,0.9445117004723755,0.9643070735823583,0.9849499645418013,0.9168302685754142,1.0,0.8464326891498325,0.9519577429361952,1.0,0.95416,0,1.0,0,28,8,,
0.2.3,v0.2.2-seven-family-robustness-v2,synthetic__imbalanced_16d__quality__n100000__VDBSCAN-2007__42__0776f710fb31,ok,imbalanced_16d__quality__n100000,VDBSCAN-2007,42,0.2.2,100000,16,111.34393899998395,116.2941100000171,2388.19921875,2388.5625,0.9747947476671749,0.959189908557785,0.8930240853557686,0.01787087977583328,0.009025749933634192,0.040756462724833985,0.020802142229605806,1.0,0.4010909674314134,0.004533333333333334,0.5022666666666666,0,1.0,1,8,8,,
0.2.3,v0.2.2-seven-family-robustness-v2,synthetic__imbalanced_16d__quality__n100000__kNN+Leiden__42__52c009bb4991,ok,imbalanced_16d__quality__n100000,kNN+Leiden,42,0.2.2,100000,16,39.29144970001653,45.25859039998613,642.2265625,737.44921875,0.9993014421755053,0.999770294435472,0.8257254096241757,0.0,0.0,0.042207312200408235,0.02155866470866286,0.999907776541514,0.4,0.0,0.5,0,1.0,0,8,8,,
0.2.3,v0.2.2-seven-family-robustness-v2,synthetic__imbalanced_16d__quality__n100000__kNN-DBSCAN__42__60ae2a033c74,ok,imbalanced_16d__quality__n100000,kNN-DBSCAN,42,0.2.2,100000,16,13.438132699986454,18.76880990000791,232.99609375,223.95703125,0.3995674999527353,0.1269681521031702,0.28976503762369066,0.43864407776231606,0.9021742399182029,0.4169127875089152,1.0,0.26335427651700716,0.5178597895360901,1.0,0.6747,0,0.5,0,52,8,,
0.2.3,v0.2.2-seven-family-robustness-v2,synthetic__imbalanced_16d__quality__n100000__AMD-DBSCAN__73__547b814b7bdf,error,imbalanced_16d__quality__n100000,AMD-DBSCAN,73,,,,,5.834114700002829,,188.78125,,,,,,,,,,,,,,,,,MemoryError,"Unable to allocate 74.5 GiB for an array with shape (100000, 100000) and data type float64"
0.2.3,v0.2.2-seven-family-robustness-v2,synthetic__imbalanced_16d__quality__n100000__DBSCAN__73__fb143597afe0,ok,imbalanced_16d__quality__n100000,DBSCAN,73,0.2.2,100000,16,64.13257860002341,69.37202609999804,231.87890625,227.3828125,0.4828972277379237,0.1814337609129404,0.4963292152179544,0.6412986587871825,0.9058955683588795,0.2384726057443554,1.0,0.13537831232259942,0.5472717763960718,1.0,0.68836,0,0.875,0,43,8,,
0.2.3,v0.2.2-seven-family-robustness-v2,synthetic__imbalanced_16d__quality__n100000__HDBSCAN__73__013aac393311,ok,imbalanced_16d__quality__n100000,HDBSCAN,73,0.2.2,100000,16,724.367917800002,729.4934401999926,220.796875,223.80078125,1.0,1.0,0.9967562907712932,0.9944659360358644,0.9921860827616789,0.9911684559616118,0.9824915386704995,1.0,0.9772687293551982,0.9844933333333333,0.9922466666666667,0,1.0,0,95,8,,
0.2.3,v0.2.2-seven-family-robustness-v2,synthetic__imbalanced_16d__quality__n100000__OPTICS__73__4b83a7545ee3,ok,imbalanced_16d__quality__n100000,OPTICS,73,0.2.2,100000,16,178.66611699998612,183.53833440001472,233.6171875,233.02734375,0.4934965274234536,0.1916987329954515,0.3896249963123408,0.5446004469050731,0.9042844999608143,0.3321445150232301,1.0,0.1991446609223798,0.5347126571520675,1.0,0.6824600000000001,0,0.5,0,13,8,,
0.2.3,v0.2.2-seven-family-robustness-v2,synthetic__imbalanced_16d__quality__n100000__SNN-DBSCAN__73__52d2cb579745,ok,imbalanced_16d__quality__n100000,SNN-DBSCAN,73,0.2.2,100000,16,17.89357290000771,24.425057800021023,344.40234375,341.4609375,0.0,0.0,0.0,0.0,0.8571428571428571,0.0,0.0,0.0,0.0,1.0,0.5,0,0.0,0,0,8,,
0.2.3,v0.2.2-seven-family-robustness-stratascan-fast-v1,synthetic__imbalanced_16d__quality__n100000__StrataSCAN__73__b02010d28284,ok,imbalanced_16d__quality__n100000,StrataSCAN,73,0.2.2,100000,16,19.05658279999625,22.296094100020127,396.1875,385.18359375,0.830747794645972,0.7666917388567098,0.9290452981747914,0.9525077505184978,0.9771859650037132,0.821879658429474,1.0,0.6976194446603344,0.9246849326852769,1.0,0.92996,0,1.0,0,46,8,,
0.2.3,v0.2.2-seven-family-robustness-v2,synthetic__imbalanced_16d__quality__n100000__VDBSCAN-2007__73__da53f915bc8f,ok,imbalanced_16d__quality__n100000,VDBSCAN-2007,73,0.2.2,100000,16,113.50373009999748,118.80093890000717,2365.15625,2364.7109375,1.0,1.0,0.9995877890032939,0.019704353441372665,0.009950248756218907,0.04057376849841709,0.02070696403167159,1.0,0.4012036108324975,0.005,0.5025,0,1.0,0,9,8,,
0.2.3,v0.2.2-seven-family-robustness-v2,synthetic__imbalanced_16d__quality__n100000__kNN+Leiden__73__d471ee38bdca,ok,imbalanced_16d__quality__n100000,kNN+Leiden,73,0.2.2,100000,16,30.12678930000402,36.11377160000848,634.11328125,736.56640625,1.0,1.0,0.9400073669081502,0.0,0.0,0.042648321928731796,0.021788788599684104,1.0,0.4,0.0,0.5,0,1.0,0,9,8,,
0.2.3,v0.2.2-seven-family-robustness-v2,synthetic__imbalanced_16d__quality__n100000__kNN-DBSCAN__73__cc7bd6ec735f,ok,imbalanced_16d__quality__n100000,kNN-DBSCAN,73,0.2.2,100000,16,14.05864639999345,19.179115000006277,231.703125,230.0234375,0.48020656810179946,0.18040706090550881,0.49349817328602497,0.6389238914974034,0.9058682142921848,0.2361395961725908,1.0,0.13387657870214126,0.5470607038037951,1.0,0.68826,0,0.875,0,50,8,,
0.2.3,v0.2.2-seven-family-robustness-v2,synthetic__imbalanced_16d__quality__n100000__AMD-DBSCAN__101__b10ce56bc4c5,error,imbalanced_16d__quality__n100000,AMD-DBSCAN,101,,,,,5.7353592000145,,189.69921875,,,,,,,,,,,,,,,,,MemoryError,"Unable to allocate 74.5 GiB for an array with shape (100000, 100000) and data type float64"
0.2.3,v0.2.2-seven-family-robustness-v2,synthetic__imbalanced_16d__quality__n100000__DBSCAN__101__e194a33892e8,ok,imbalanced_16d__quality__n100000,DBSCAN,101,0.2.2,100000,16,64.08437120000599,69.19471969999722,230.34375,230.359375,0.42382518960953214,0.12986710082857136,0.3698425183697222,0.5253921777039949,0.9067608085888383,0.37344952784224256,1.0,0.22959602805735874,0.5539102267468764,1.0,0.69152,0,0.75,0,39,8,,
0.2.3,v0.2.2-seven-family-robustness-v2,synthetic__imbalanced_16d__quality__n100000__HDBSCAN__101__d4902e979ffc,ok,imbalanced_16d__quality__n100000,HDBSCAN,101,0.2.2,100000,16,703.3408847000101,708.0835996000096,220.23046875,230.62109375,1.0,1.0,0.9959637424361931,0.9938706918454375,0.9917864200352203,0.9984499951988678,0.9969047879912095,1.0,0.9761430635273907,0.9837066666666666,0.9918533333333333,0,1.0,0,90,8,,
0.2.3,v0.2.2-seven-family-robustness-v2,synthetic__imbalanced_16d__quality__n100000__OPTICS__101__6fc407f15cba,ok,imbalanced_16d__quality__n100000,OPTICS,101,0.2.2,100000,16,177.1504089999944,182.65130530000897,232.79296875,225.203125,0.24329372737982988,0.07805142546747827,0.19975688838220323,0.324890589971627,0.8696912596028409,0.06803444010788035,1.0,0.03521514126353234,0.1834695731153497,1.0,0.5505,0,0.375,0,11,8,,
0.2.3,v0.2.2-seven-family-robustness-v2,synthetic__imbalanced_16d__quality__n100000__SNN-DBSCAN__101__21be2fc349c0,ok,imbalanced_16d__quality__n100000,SNN-DBSCAN,101,0.2.2,100000,16,15.884835400007432,22.823577599978307,344.69140625,332.64453125,0.0,0.0,0.0,0.0,0.8571428571428571,0.0,0.0,0.0,0.0,1.0,0.5,0,0.0,0,0,8,,
0.2.3,v0.2.2-seven-family-robustness-stratascan-fast-v1,synthetic__imbalanced_16d__quality__n100000__StrataSCAN__101__8d87fe3053b8,ok,imbalanced_16d__quality__n100000,StrataSCAN,101,0.2.2,100000,16,50.25942320001195,57.37286210001912,425.8359375,420.77734375,0.902850015368268,0.9164680265363676,0.9605815486933142,0.9748222766034246,0.9894915992163227,0.937236922387342,1.0,0.8818869813323849,0.9670915363480488,1.0,0.96814,0,1.0,0,34,8,,
0.2.3,v0.2.2-seven-family-robustness-v2,synthetic__imbalanced_16d__quality__n100000__VDBSCAN-2007__101__4d98fb91738f,ok,imbalanced_16d__quality__n100000,VDBSCAN-2007,101,0.2.2,100000,16,123.12428379998892,128.50201700002071,2365.94140625,2380.9765625,0.9436362557335574,0.8569922368605309,0.9035105838734903,0.01766566959282853,0.008920038228735265,0.04036206258594558,0.020596693815393016,1.0,0.4010780979272284,0.00448,0.50224,0,1.0,1,8,8,,
0.2.3,v0.2.2-seven-family-robustness-v2,synthetic__imbalanced_16d__quality__n100000__kNN+Leiden__101__44c0226588af,ok,imbalanced_16d__quality__n100000,kNN+Leiden,101,0.2.2,100000,16,29.570862299995497,35.66369780001696,626.3671875,736.12890625,1.0,1.0,0.9344530930816279,0.0,0.0,0.043138366521495435,0.02204466876118009,1.0,0.4,0.0,0.5,0,1.0,0,9,8,,
0.2.3,v0.2.2-seven-family-robustness-v2,synthetic__imbalanced_16d__quality__n100000__kNN-DBSCAN__101__6004fda014c0,ok,imbalanced_16d__quality__n100000,kNN-DBSCAN,101,0.2.2,100000,16,14.200050599989481,19.640346100000897,233.41015625,225.5625,0.4197994174036195,0.12833168045329635,0.36620406947882705,0.5217058484182157,0.9067334022450719,0.370297192824959,1.0,0.22721761979832353,0.5537010789389951,1.0,0.69142,0,0.75,0,51,8,,
0.2.3,v0.2.2-seven-family-robustness-v2,synthetic__imbalanced_16d__quality__n100000__AMD-DBSCAN__151__a553296842e1,error,imbalanced_16d__quality__n100000,AMD-DBSCAN,151,,,,,6.217502799991053,,190.7734375,,,,,,,,,,,,,,,,,MemoryError,"Unable to allocate 74.5 GiB for an array with shape (100000, 100000) and data type float64"
0.2.3,v0.2.2-seven-family-robustness-v2,synthetic__imbalanced_16d__quality__n100000__DBSCAN__151__38686e944f29,ok,imbalanced_16d__quality__n100000,DBSCAN,151,0.2.2,100000,16,63.78959629999008,68.86157710000407,230.875,225.328125,0.436857786939014,0.12064775537625219,0.45618169792843966,0.6071088215860613,0.9072818440805909,0.3579721990731987,1.0,0.2180061743602333,0.5578725736206052,1.0,0.69342,0,0.875,0,45,8,,
0.2.3,v0.2.2-seven-family-robustness-v2,synthetic__imbalanced_16d__quality__n100000__HDBSCAN__151__dea8ce66d1a9,ok,imbalanced_16d__quality__n100000,HDBSCAN,151,0.2.2,100000,16,747.7937423999829,753.5690201999969,221.06640625,223.953125,0.9999999999999999,1.0,0.9970419817807117,0.9949004383228398,0.9927680747768981,0.9960684462506662,0.9921676856661177,1.0,0.9789141883822464,0.98564,0.99282,0,1.0,0,91,8,,
0.2.3,v0.2.2-seven-family-robustness-v2,synthetic__imbalanced_16d__quality__n100000__OPTICS__151__192dd82d192a,ok,imbalanced_16d__quality__n100000,OPTICS,151,0.2.2,100000,16,175.87893539998913,181.01944109998294,232.8359375,225.4375,0.3214835954442336,0.11382384597596902,0.2453256707036386,0.3831500123268433,0.8743755501279503,0.08374343648509805,1.0,0.04370157842094552,0.24246897957748953,1.0,0.56898,0,0.375,0,10,8,,
0.2.3,v0.2.2-seven-family-robustness-v2,synthetic__imbalanced_16d__quality__n100000__SNN-DBSCAN__151__b740ce7a3535,ok,imbalanced_16d__quality__n100000,SNN-DBSCAN,151,0.2.2,100000,16,15.025137300021015,21.469262899976457,346.53125,331.8203125,0.0,0.0,0.0,0.0,0.8571428571428571,0.0,0.0,0.0,0.0,1.0,0.5,0,0.0,0,0,8,,
0.2.3,v0.2.2-seven-family-robustness-stratascan-fast-v1,synthetic__imbalanced_16d__quality__n100000__StrataSCAN__151__fa1f2464c729,ok,imbalanced_16d__quality__n100000,StrataSCAN,151,0.2.2,100000,16,20.83474250001018,24.490328000014415,392.00390625,393.75390625,0.863487996970178,0.8637379651736369,0.9452315736071497,0.9641488599469908,0.9838388078497219,0.9026851536986065,1.0,0.82263094930429,0.9481656008078089,1.0,0.95072,0,1.0,0,32,8,,
0.2.3,v0.2.2-seven-family-robustness-v2,synthetic__imbalanced_16d__quality__n100000__VDBSCAN-2007__151__d23259fe9c4f,ok,imbalanced_16d__quality__n100000,VDBSCAN-2007,151,0.2.2,100000,16,121.27373989997432,126.56101209999179,2389.90625,2397.87890625,1.0,1.0,0.9998065815249138,0.021410535003840755,0.010821133036282623,0.04076348745280235,0.020805802256005253,1.0,0.40130987543341473,0.00544,0.5027200000000001,0,1.0,0,9,8,,
0.2.3,v0.2.2-seven-family-robustness-v2,synthetic__imbalanced_16d__quality__n100000__kNN+Leiden__151__5cd9e4b193e4,ok,imbalanced_16d__quality__n100000,kNN+Leiden,151,0.2.2,100000,16,30.32280249998439,36.215196900011506,640.83203125,734.36328125,0.9996190131884133,0.9998051198002395,0.9392241203753765,0.0,0.0,0.04288173625178739,0.02191071340887624,0.9998710932284129,0.4,0.0,0.5,0,1.0,0,9,8,,
0.2.3,v0.2.2-seven-family-robustness-v2,synthetic__imbalanced_16d__quality__n100000__kNN-DBSCAN__151__532c0c3d2cdf,ok,imbalanced_16d__quality__n100000,kNN-DBSCAN,151,0.2.2,100000,16,13.669264800002566,18.869620699988445,233.55078125,226.79296875,0.43293007795689126,0.11893669520156391,0.4445492033864744,0.5967139352347778,0.9072598936691404,0.3544428018040352,1.0,0.21539379013541016,0.5577061759021548,1.0,0.6933400000000001,0,0.75,0,58,8,,
0.2.3,v0.2.2-seven-family-robustness-v2,synthetic__imbalanced_16d__quality__n20000__AMD-DBSCAN__23__aeb7a124346a,ok,imbalanced_16d__quality__n20000,AMD-DBSCAN,23,0.2.2,20000,16,207.22284610000497,212.90473779999593,6009.32421875,6006.953125,0.0,0.0,0.059686777010548225,0.0,0.0,0.023530560964750324,0.011905350267513376,1.0,0.4,0.0,0.5,0,1.0,1,1,8,,
0.2.3,v0.2.2-seven-family-robustness-v2,synthetic__imbalanced_16d__quality__n20000__DBSCAN__23__4cb0f0529855,ok,imbalanced_16d__quality__n20000,DBSCAN,23,0.2.2,20000,16,3.8866028000047663,9.933579500007909,201.0625,197.734375,0.46426844163947384,0.20456108625436284,0.33978354802366845,0.4939348807417658,0.9041046350430957,0.3464383625860958,1.0,0.20951040151603287,0.5332942211792314,1.0,0.6818,0,0.5,0,14,8,,
0.2.3,v0.2.2-seven-family-robustness-v2,synthetic__imbalanced_16d__quality__n20000__HDBSCAN__23__7b35e969e24a,ok,imbalanced_16d__quality__n20000,HDBSCAN,23,0.2.2,20000,16,19.43282810000528,24.33025740001176,190.55859375,189.18359375,1.0,1.0,0.9859268318066428,0.9896610693139178,0.9934237015165749,0.9952123490796918,0.9904703229265943,1.0,0.9807767752059631,0.9869333333333333,0.9934666666666667,0,1.0,0,21,8,,
0.2.3,v0.2.2-seven-family-robustness-v2,synthetic__imbalanced_16d__quality__n20000__OPTICS__23__0d93dbfdc61c,ok,imbalanced_16d__quality__n20000,OPTICS,23,0.2.2,20000,16,9.596351800006232,14.307935300006648,198.171875,198.171875,0.6561117222085385,0.4814872432470835,0.5135922235906243,0.65845717356023,0.9171507184347294,0.49548383101553456,1.0,0.32933101101198636,0.6282578875171468,1.0,0.729,0,0.75,0,7,8,,
0.2.3,v0.2.2-seven-family-robustness-v2,synthetic__imbalanced_16d__quality__n20000__SNN-DBSCAN__23__4966ff5fefe7,ok,imbalanced_16d__quality__n20000,SNN-DBSCAN,23,0.2.2,20000,16,1.8649057999864453,7.987923199994839,258.94921875,244.95703125,0.004671107665295051,0.0011319879408275388,0.011666666666666665,0.02302005553246088,0.8572816643804297,1.7639802787004843e-05,0.75,8.820005115602967e-06,0.0027955271565495207,0.9999333333333333,0.5006666666666667,0,0.0,0,1,8,,
0.2.3,v0.2.2-seven-family-robustness-stratascan-fast-v1,synthetic__imbalanced_16d__quality__n20000__StrataSCAN__23__a55b9f6cee85,ok,imbalanced_16d__quality__n20000,StrataSCAN,23,0.2.2,20000,16,21.092839799996,28.555814499995904,296.6484375,296.80078125,0.8329979225392622,0.7892731082494987,0.9330280543831859,0.95539310946791,0.9788566953797964,0.8411859083164995,1.0,0.725902381023381,0.9307100085543198,1.0,0.9352,0,1.0,0,22,8,,
0.2.3,v0.2.2-seven-family-robustness-v2,synthetic__imbalanced_16d__quality__n20000__VDBSCAN-2007__23__11fae6010b18,ok,imbalanced_16d__quality__n20000,VDBSCAN-2007,23,0.2.2,20000,16,5.0681136999919545,10.004421899997396,293.3203125,306.57421875,0.8925280192994189,0.6604671756733275,0.9123612901585156,0.017096841374132397,0.0086292731496847,0.04046989695839434,0.020652857996708747,1.0,0.4010427110487267,0.004333333333333333,0.5021666666666667,0,1.0,1,8,8,,
0.2.3,v0.2.2-seven-family-robustness-v2,synthetic__imbalanced_16d__quality__n20000__kNN+Leiden__23__cbc486af09f8,ok,imbalanced_16d__quality__n20000,kNN+Leiden,23,0.2.2,20000,16,4.42780109999876,14.141698499995982,302.4375,323.07421875,1.0,1.0,0.8777370863290502,0.0,0.0,0.046839775692465384,0.02398153265130707,1.0,0.4,0.0,0.5,0,1.0,0,9,8,,
0.2.3,v0.2.2-seven-family-robustness-v2,synthetic__imbalanced_16d__quality__n20000__kNN-DBSCAN__23__95be41403587,ok,imbalanced_16d__quality__n20000,kNN-DBSCAN,23,0.2.2,20000,16,2.5044545999990078,8.0351948000025,202.58984375,197.39453125,0.46089720076166135,0.20373398811491603,0.3403536307705076,0.4945491746956117,0.9041863829530727,0.3430251999667346,1.0,0.20701896007099685,0.5339393050872306,1.0,0.6821,0,0.625,0,16,8,,
0.2.3,v0.2.2-seven-family-robustness-v2,synthetic__imbalanced_16d__quality__n20000__AMD-DBSCAN__42__3b71f5aab581,ok,imbalanced_16d__quality__n20000,AMD-DBSCAN,42,0.2.2,20000,16,201.38257260000682,207.539004700011,3527.97265625,3459.609375,0.0,0.0,0.059706811814197236,0.0,0.0,0.023341286306679712,0.011808455422771138,1.0,0.4,0.0,0.5,0,1.0,1,1,8,,
0.2.3,v0.2.2-seven-family-robustness-v2,synthetic__imbalanced_16d__quality__n20000__DBSCAN__42__7e72f649ec33,ok,imbalanced_16d__quality__n20000,DBSCAN,42,0.2.2,20000,16,4.671865100011928,10.768910300001153,202.2578125,199.0390625,0.43357471226123795,0.13794418034581424,0.39892235536593323,0.5547203716087088,0.9101941747572816,0.40525738951101703,1.0,0.2541208762125922,0.5795454545454546,1.0,0.704,0,0.875,0,19,8,,
0.2.3,v0.2.2-seven-family-robustness-v2,synthetic__imbalanced_16d__quality__n20000__HDBSCAN__42__5cf04cbf8138,ok,imbalanced_16d__quality__n20000,HDBSCAN,42,0.2.2,20000,16,19.9819453000091,24.9226512999885,190.82421875,189.3671875,1.0,1.0,0.9950983554774726,0.9950871134975737,0.9950758717716812,0.9875112850463675,0.9753306584672315,1.0,0.9855129594954174,0.9902,0.9951,0,1.0,0,17,8,,
0.2.3,v0.2.2-seven-family-robustness-v2,synthetic__imbalanced_16d__quality__n20000__OPTICS__42__1741812bf451,ok,imbalanced_16d__quality__n20000,OPTICS,42,0.2.2,20000,16,11.149842200000421,16.01260159999947,201.1953125,199.0390625,0.511799976851314,0.26481656026837797,0.46850162959370456,0.6195983364306707,0.9145504984300216,0.5052176513685397,1.0,0.33798743464631414,0.6105321661803529,1.0,0.7197,0,0.875,0,9,8,,
0.2.3,v0.2.2-seven-family-robustness-v2,synthetic__imbalanced_16d__quality__n20000__SNN-DBSCAN__42__97f1bbe00abd,ok,imbalanced_16d__quality__n20000,SNN-DBSCAN,42,0.2.2,20000,16,1.808509700000286,7.919582200003788,264.0859375,252.0625,0.0,0.0,0.0,0.0,0.8571428571428571,0.0,0.0,0.0,0.0,1.0,0.5,0,0.0,0,0,8,,
0.2.3,v0.2.2-seven-family-robustness-stratascan-fast-v1,synthetic__imbalanced_16d__quality__n20000__StrataSCAN__42__f49b26f76b96,ok,imbalanced_16d__quality__n20000,StrataSCAN,42,0.2.2,20000,16,6.044323899986921,8.98723619998782,283.4296875,283.4296875,0.7569363275804203,0.6507562854751989,0.887500572202658,0.9259288536393699,0.9678355969932574,0.7459899735399586,1.0,0.5948835797157234,0.8892591358436077,1.0,0.9003,1,1.125,0,25,8,,
0.2.3,v0.2.2-seven-family-robustness-v2,synthetic__imbalanced_16d__quality__n20000__VDBSCAN-2007__42__77c943b166fc,ok,imbalanced_16d__quality__n20000,VDBSCAN-2007,42,0.2.2,20000,16,4.851442299986957,9.916301199991722,285.53125,289.76171875,0.8799760052272787,0.785569787651072,0.6793410423673586,0.020125864722422532,0.010214233600848974,0.04047446570343673,0.020655237706798436,1.0,0.40123580628335276,0.0051333333333333335,0.5025666666666667,0,1.0,1,6,8,,
0.2.3,v0.2.2-seven-family-robustness-v2,synthetic__imbalanced_16d__quality__n20000__kNN+Leiden__42__9946cf01617f,ok,imbalanced_16d__quality__n20000,kNN+Leiden,42,0.2.2,20000,16,3.900092099996982,11.857501499995124,304.7578125,323.87890625,0.9993316430912695,0.9999125483313647,0.8429641899243885,0.0,0.0,0.04785479420657798,0.024513985762556655,0.999944105052014,0.4,0.0,0.5,0,1.0,0,9,8,,
0.2.3,v0.2.2-seven-family-robustness-v2,synthetic__imbalanced_16d__quality__n20000__kNN-DBSCAN__42__7b2af50ebc37,ok,imbalanced_16d__quality__n20000,kNN-DBSCAN,42,0.2.2,20000,16,2.5693063999933656,11.073272399997222,195.8515625,195.8515625,0.43286964951216605,0.1372291910595738,0.3978115885690632,0.5536455583279597,0.9101941747572816,0.4038885385640104,1.0,0.2530453219104385,0.5795454545454546,1.0,0.704,0,0.875,0,19,8,,
0.2.3,v0.2.2-seven-family-robustness-v2,synthetic__imbalanced_16d__quality__n20000__AMD-DBSCAN__73__beeb0051d5a6,ok,imbalanced_16d__quality__n20000,AMD-DBSCAN,73,0.2.2,20000,16,201.19511450000573,207.44537729999865,3138.40625,4632.41796875,0.0,0.0,0.05972933637195252,0.0,0.0,0.023150939740458076,0.011711030551527576,1.0,0.4,0.0,0.5,0,1.0,1,1,8,,
0.2.3,v0.2.2-seven-family-robustness-v2,synthetic__imbalanced_16d__quality__n20000__DBSCAN__73__34a081d8d76a,ok,imbalanced_16d__quality__n20000,DBSCAN,73,0.2.2,20000,16,4.032978400005959,10.582374299992807,198.56640625,197.48046875,0.4147309603727637,0.1570649972417843,0.3568235745165961,0.5118791693543058,0.9052504526252263,0.4400456112797334,1.0,0.2820887677624548,0.5422740524781342,1.0,0.6859999999999999,0,0.75,0,23,8,,
0.2.3,v0.2.2-seven-family-robustness-v2,synthetic__imbalanced_16d__quality__n20000__HDBSCAN__73__b4124b1a428b,ok,imbalanced_16d__quality__n20000,HDBSCAN,73,0.2.2,20000,16,21.019894099998055,25.86080249999941,190.703125,193.69140625,1.0000000000000002,1.0,0.9925739500796622,0.9933357461388649,0.994098712446352,0.985877898905473,0.9721491108826339,1.0,0.9827044025157233,0.9882666666666666,0.9941333333333333,0,1.0,0,19,8,,
0.2.3,v0.2.2-seven-family-robustness-v2,synthetic__imbalanced_16d__quality__n20000__OPTICS__73__dda42ec05eed,ok,imbalanced_16d__quality__n20000,OPTICS,73,0.2.2,20000,16,11.21626619999006,15.965193399999407,200.5390625,199.25390625,0.46861021767170075,0.2026298383109086,0.4616265523764545,0.6091148170180334,0.8950948800572861,0.20837312768910715,1.0,0.11630386377289675,0.4577421344848859,1.0,0.6484,0,0.625,0,10,8,,
0.2.3,v0.2.2-seven-family-robustness-v2,synthetic__imbalanced_16d__quality__n20000__SNN-DBSCAN__73__4746c0ac51cb,ok,imbalanced_16d__quality__n20000,SNN-DBSCAN,73,0.2.2,20000,16,1.8188364999950863,8.146845499999472,266.81640625,243.73828125,0.0,0.0,0.0,0.0,0.8571428571428571,0.0,0.0,0.0,0.0,1.0,0.5,0,0.0,0,0,8,,
0.2.3,v0.2.2-seven-family-robustness-stratascan-fast-v1,synthetic__imbalanced_16d__quality__n20000__StrataSCAN__73__cb1d9a8336cf,ok,imbalanced_16d__quality__n20000,StrataSCAN,73,0.2.2,20000,16,11.901796199992532,19.315542900003493,277.46484375,277.46484375,0.8996332302607322,0.9150266122451041,0.9591194445349962,0.973572532131476,0.9884678747940692,0.9372941142306429,1.0,0.8819882591993728,0.9637305699481865,1.0,0.9650000000000001,0,1.0,0,12,8,,
0.2.3,v0.2.2-seven-family-robustness-v2,synthetic__imbalanced_16d__quality__n20000__VDBSCAN-2007__73__0ea6a2bc7013,ok,imbalanced_16d__quality__n20000,VDBSCAN-2007,73,0.2.2,20000,16,5.384096800000407,10.316376900009345,292.80859375,291.87890625,1.0000000000000002,1.0,0.9967579824603741,0.01866767751754283,0.009422068873996417,0.0404263035088767,0.02063015215057508,1.0,0.40113923542861724,0.004733333333333333,0.5023666666666666,0,1.0,0,9,8,,
0.2.3,v0.2.2-seven-family-robustness-v2,synthetic__imbalanced_16d__quality__n20000__kNN+Leiden__73__a543c8806fc2,ok,imbalanced_16d__quality__n20000,kNN+Leiden,73,0.2.2,20000,16,4.0683914000110235,10.981401400000323,302.1875,318.7421875,1.0000000000000002,1.0,0.7816293646908087,0.0,0.0,0.044014505178822945,0.02250247013352566,1.0,0.4,0.0,0.5,0,1.0,0,8,8,,
0.2.3,v0.2.2-seven-family-robustness-v2,synthetic__imbalanced_16d__quality__n20000__kNN-DBSCAN__73__b5ec3877c712,ok,imbalanced_16d__quality__n20000,kNN-DBSCAN,73,0.2.2,20000,16,2.770556799994665,22.957005500007654,197.5859375,198.90625,0.41301896004584376,0.15644553584886772,0.35412481763539205,0.5090963099250385,0.9052504526252263,0.438814970942198,1.0,0.28107813153129535,0.5422740524781342,1.0,0.6859999999999999,0,0.75,0,24,8,,
0.2.3,v0.2.2-seven-family-robustness-v2,synthetic__imbalanced_16d__quality__n20000__AMD-DBSCAN__101__0755d172536f,ok,imbalanced_16d__quality__n20000,AMD-DBSCAN,101,0.2.2,20000,16,123.13159589999123,130.6418970000086,4303.42578125,4402.12109375,0.0,0.0,0.05981340436138335,0.0,0.0,0.022399160094659233,0.011326431321566079,1.0,0.4,0.0,0.5,0,1.0,1,1,8,,
0.2.3,v0.2.2-seven-family-robustness-v2,synthetic__imbalanced_16d__quality__n20000__DBSCAN__101__617accf3faa1,ok,imbalanced_16d__quality__n20000,DBSCAN,101,0.2.2,20000,16,3.6373738999973284,9.07866090000607,203.2109375,198.01171875,0.44088334198350493,0.17558754739182536,0.3513726730831017,0.5062674469614277,0.9053870529651427,0.4276385455274939,1.0,0.271972162832596,0.5433357611070648,1.0,0.6865,0,0.625,0,16,8,,
0.2.3,v0.2.2-seven-family-robustness-v2,synthetic__imbalanced_16d__quality__n20000__HDBSCAN__101__ce5d40f166b9,ok,imbalanced_16d__quality__n20000,HDBSCAN,101,0.2.2,20000,16,21.304296500005876,26.04207550000865,192.01953125,190.50390625,1.0,1.0,0.9897919709308666,0.9901342827602422,0.9904768314432817,0.9921323127487807,0.984387460078858,1.0,0.9724788485850432,0.9811333333333333,0.9905666666666666,0,1.0,0,26,8,,
0.2.3,v0.2.2-seven-family-robustness-v2,synthetic__imbalanced_16d__quality__n20000__OPTICS__101__4a225ebc5782,ok,imbalanced_16d__quality__n20000,OPTICS,101,0.2.2,20000,16,11.001520799996797,16.099361600005068,199.17578125,199.0,0.5320054738401591,0.2652925914185281,0.478848805950306,0.6257740341178324,0.9027715085311908,0.2799914499703673,1.0,0.16278491753168522,0.5226769094400945,1.0,0.6769000000000001,0,0.75,0,7,8,,
0.2.3,v0.2.2-seven-family-robustness-v2,synthetic__imbalanced_16d__quality__n20000__SNN-DBSCAN__101__01b82acba7f6,ok,imbalanced_16d__quality__n20000,SNN-DBSCAN,101,0.2.2,20000,16,1.7962240999913774,8.095992500006105,259.4609375,246.91015625,0.011312743267352593,0.0022642938896707504,0.012834821428571426,0.025291182608551264,0.8577064928381508,0.00022335754952931594,1.0,0.00011169124830642075,0.009157873780609197,1.0,0.5023,0,0.125,0,1,8,,
0.2.3,v0.2.2-seven-family-robustness-stratascan-fast-v1,synthetic__imbalanced_16d__quality__n20000__StrataSCAN__101__4daac7300f97,ok,imbalanced_16d__quality__n20000,StrataSCAN,101,0.2.2,20000,16,19.82156959999702,27.282122500007972,297.41796875,299.87890625,0.853775343232959,0.8451832575682839,0.9359710052131323,0.9586613261618592,0.9824791223186506,0.887929805009825,1.0,0.7984476240887561,0.9434759640781828,1.0,0.9465,1,1.125,0,15,8,,
0.2.3,v0.2.2-seven-family-robustness-v2,synthetic__imbalanced_16d__quality__n20000__VDBSCAN-2007__101__e61a1c5f4fc8,ok,imbalanced_16d__quality__n20000,VDBSCAN-2007,101,0.2.2,20000,16,5.006031400000211,10.138730999999098,292.046875,287.30859375,0.8832437748216893,0.7249554885118537,0.7942427698650899,0.019396683193653723,0.009818230065012605,0.03875766978590178,0.01976179546444463,1.0,0.40118751504453176,0.004933333333333333,0.5024666666666666,0,1.0,1,7,8,,
0.2.3,v0.2.2-seven-family-robustness-v2,synthetic__imbalanced_16d__quality__n20000__kNN+Leiden__101__d58f8e0fd00b,ok,imbalanced_16d__quality__n20000,kNN+Leiden,101,0.2.2,20000,16,4.132767100003548,10.697377899996354,302.32421875,318.796875,0.9983800644168934,0.9991036944314747,0.883899875904397,0.0,0.0,0.04378287955026422,0.02238169029011722,0.9994225606609296,0.4,0.0,0.5,0,1.0,0,9,8,,
0.2.3,v0.2.2-seven-family-robustness-v2,synthetic__imbalanced_16d__quality__n20000__kNN-DBSCAN__101__03930c62c209,ok,imbalanced_16d__quality__n20000,kNN-DBSCAN,101,0.2.2,20000,16,5.075849500004551,34.796214800007874,32.97265625,117.60546875,0.43724308718240407,0.17371472425185114,0.34390123665370126,0.49843678781420836,0.9051958240299318,0.4254071905779113,1.0,0.2701696515012319,0.5418489355497229,1.0,0.6858,0,0.625,0,18,8,,
0.2.3,v0.2.2-seven-family-robustness-v2,synthetic__imbalanced_16d__quality__n20000__AMD-DBSCAN__151__f66ace14dab4,ok,imbalanced_16d__quality__n20000,AMD-DBSCAN,151,0.2.2,20000,16,123.5196231000009,129.5758427999972,4338.55859375,4654.14453125,0.0,0.0,0.05967796547553469,0.0,0.0,0.023606610295198106,0.011944287214360718,1.0,0.4,0.0,0.5,0,1.0,1,1,8,,
0.2.3,v0.2.2-seven-family-robustness-v2,synthetic__imbalanced_16d__quality__n20000__DBSCAN__151__565a3d037842,ok,imbalanced_16d__quality__n20000,DBSCAN,151,0.2.2,20000,16,3.410112699988531,8.813475099988864,203.48828125,198.203125,0.46068198849377234,0.1490632443202546,0.5194278734473394,0.6616246954897452,0.9110233829334953,0.3620089773673246,1.0,0.22100791296492123,0.5855728429985856,1.0,0.707,0,1.0,0,18,8,,
0.2.3,v0.2.2-seven-family-robustness-v2,synthetic__imbalanced_16d__quality__n20000__HDBSCAN__151__a4803b172555,ok,imbalanced_16d__quality__n20000,HDBSCAN,151,0.2.2,20000,16,19.56275030001416,24.30816380000033,190.72265625,190.27734375,1.0,1.0,0.9919922424888364,0.993128480166861,0.9942673237453485,0.9912604726079794,0.9826723804219002,1.0,0.9831874938550782,0.9886,0.9943,0,1.0,0,18,8,,
0.2.3,v0.2.2-seven-family-robustness-v2,synthetic__imbalanced_16d__quality__n20000__OPTICS__151__95d07d9832e7,ok,imbalanced_16d__quality__n20000,OPTICS,151,0.2.2,20000,16,9.886845100001665,14.88703670000541,198.68359375,198.65234375,0.6124513641074406,0.39431587266763507,0.5808873255243212,0.7121820005737294,0.9201607214060056,0.5664491299180193,1.0,0.3951370974966698,0.64810058131675,1.0,0.7397,0,0.75,0,10,8,,
0.2.3,v0.2.2-seven-family-robustness-v2,synthetic__imbalanced_16d__quality__n20000__SNN-DBSCAN__151__cd619001b964,ok,imbalanced_16d__quality__n20000,SNN-DBSCAN,151,0.2.2,20000,16,1.9615656999958446,8.067515200003982,258.92578125,261.06640625,0.004857700244923934,0.0012140423946757448,0.00975609756097561,0.019292654129013837,0.8573388203017832,2.3443066420067938e-05,1.0,1.1721670605985253e-05,0.003194888178913738,1.0,0.5008,0,0.0,0,1,8,,
0.2.3,v0.2.2-seven-family-robustness-stratascan-fast-v1,synthetic__imbalanced_16d__quality__n20000__StrataSCAN__151__020d0804bccc,ok,imbalanced_16d__quality__n20000,StrataSCAN,151,0.2.2,20000,16,4.049842899985379,7.025388100009877,270.69140625,270.69140625,0.7697767643981084,0.7097128308072291,0.8858587877495661,0.9264485876010308,0.970936630202602,0.7983405320076906,1.0,0.6643650329169628,0.9013403647549989,1.0,0.9102,1,1.125,0,30,8,,
0.2.3,v0.2.2-seven-family-robustness-v2,synthetic__imbalanced_16d__quality__n20000__VDBSCAN-2007__151__de56004101af,ok,imbalanced_16d__quality__n20000,VDBSCAN-2007,151,0.2.2,20000,16,6.167590999990352,11.462174100000993,212.59765625,209.13671875,0.8583691380635379,0.7492598071358609,0.8245908584113602,0.002395077475908473,0.0011992804317409553,0.027191913884767688,0.01388156724184619,0.6608066686258601,0.4001440518586692,0.0006,0.5003,8,2.0,1,16,8,,
0.2.3,v0.2.2-seven-family-robustness-v2,synthetic__imbalanced_16d__quality__n20000__kNN+Leiden__151__0d0c926eafb8,ok,imbalanced_16d__quality__n20000,kNN+Leiden,151,0.2.2,20000,16,4.864227400001255,11.587491400001454,308.93359375,323.390625,0.9940310343238946,0.9974028406673692,0.770613989746255,0.0,0.0,0.0454595620878674,0.023259032023103227,0.998907372847085,0.4,0.0,0.5,0,1.0,0,8,8,,
0.2.3,v0.2.2-seven-family-robustness-v2,synthetic__imbalanced_16d__quality__n20000__kNN-DBSCAN__151__eb8032e6dbe6,ok,imbalanced_16d__quality__n20000,kNN-DBSCAN,151,0.2.2,20000,16,1.834831000000122,16.927966599992942,187.7578125,183.625,0.4589388728313421,0.1485467688905408,0.515531117015483,0.6584549027011961,0.9110233829334953,0.3609884824340996,1.0,0.22024767889990446,0.5855728429985856,1.0,0.707,0,1.0,0,20,8,,
0.2.3,v0.2.2-seven-family-robustness-v2,synthetic__imbalanced_16d__quality__n200000__AMD-DBSCAN__23__8eb378a712e8,error,imbalanced_16d__quality__n200000,AMD-DBSCAN,23,,,,,4.953936400008388,,214.0703125,,,,,,,,,,,,,,,,,MemoryError,"Unable to allocate 298. GiB for an array with shape (200000, 200000) and data type float64"
0.2.3,v0.2.2-seven-family-robustness-v2,synthetic__imbalanced_16d__quality__n200000__DBSCAN__23__0c12b7625cd9,ok,imbalanced_16d__quality__n200000,DBSCAN,23,0.2.2,200000,16,236.36453199997777,241.95694829997956,259.1171875,258.27734375,0.41453628066346787,0.12040086506239137,0.3622895899723035,0.5173988955052408,0.9047590325110079,0.38331946734343214,1.0,0.23710279155372305,0.5384390529085062,1.0,0.6842,0,0.625,0,71,8,,
0.2.3,v0.2.2-seven-family-robustness-v2,synthetic__imbalanced_16d__quality__n200000__HDBSCAN__23__8c86399408f6,timeout,imbalanced_16d__quality__n200000,HDBSCAN,23,,,,,1200.1132053000038,,239.6015625,,,,,,,,,,,,,,,,,,timeout_seconds=1200
0.2.3,v0.2.2-seven-family-robustness-v2,synthetic__imbalanced_16d__quality__n200000__OPTICS__23__c4a74979e560,ok,imbalanced_16d__quality__n200000,OPTICS,23,0.2.2,200000,16,774.6568547000061,779.5781803000136,259.1015625,259.1015625,0.08774537956608391,0.015828393270994997,0.10199992450064767,0.18240809803012845,0.8617000192446338,0.0073430472281771735,1.0,0.0036850533745725065,0.07139688723457599,1.0,0.51851,0,0.25,0,13,8,,
0.2.3,v0.2.2-seven-family-robustness-v2,synthetic__imbalanced_16d__quality__n200000__SNN-DBSCAN__23__0ec951607733,ok,imbalanced_16d__quality__n200000,SNN-DBSCAN,23,0.2.2,200000,16,31.80648130000918,37.941554299992276,381.734375,371.11328125,0.0,0.0,0.0,0.0,0.8571428571428571,0.0,0.0,0.0,0.0,1.0,0.5,0,0.0,0,0,8,,
0.2.3,v0.2.2-seven-family-robustness-stratascan-fast-v1,synthetic__imbalanced_16d__quality__n200000__StrataSCAN__23__94af4db55050,ok,imbalanced_16d__quality__n200000,StrataSCAN,23,0.2.2,200000,16,129.2424840000167,136.90001350000966,935.24609375,929.30859375,0.9129152935755334,0.9325716411219047,0.9623963084904945,0.9762274081366116,0.9904618523617562,0.9497697009751167,1.0,0.9043442203647692,0.9702505380440939,1.0,0.9711099999999999,0,1.0,0,42,8,,
0.2.3,v0.2.2-seven-family-robustness-v2,synthetic__imbalanced_16d__quality__n200000__VDBSCAN-2007__23__acc621525c62,ok,imbalanced_16d__quality__n200000,VDBSCAN-2007,23,0.2.2,200000,16,853.1711804000079,860.3623610999784,4852.82421875,4851.96484375,1.0,1.0,0.9996411240953553,0.020738913410239063,0.010478148418330127,0.04046479428109161,0.020650200191859275,1.0,0.40126800690180975,0.005266666666666667,0.5026333333333334,0,1.0,0,9,8,,
0.2.3,v0.2.2-seven-family-robustness-v2,synthetic__imbalanced_16d__quality__n200000__kNN+Leiden__23__18652c278042,ok,imbalanced_16d__quality__n200000,kNN+Leiden,23,0.2.2,200000,16,65.10456680000061,70.79959850001615,1027.0859375,1243.46484375,1.0,1.0,0.9480762228522579,0.0,0.0,0.04218142258069143,0.02154511304938822,1.0,0.4,0.0,0.5,0,1.0,0,9,8,,
0.2.3,v0.2.2-seven-family-robustness-v2,synthetic__imbalanced_16d__quality__n200000__kNN-DBSCAN__23__8eee7cffaa41,ok,imbalanced_16d__quality__n200000,kNN-DBSCAN,23,0.2.2,200000,16,25.232877800008282,30.63307999999961,259.48046875,254.796875,0.41212816101880195,0.11921178159850969,0.3587970379361232,0.5138190327330425,0.9047071915174654,0.38109394883837,1.0,0.23540213996045037,0.5380330696919636,1.0,0.68401,0,0.625,0,85,8,,
0.2.3,v0.2.2-seven-family-robustness-v2,synthetic__imbalanced_16d__quality__n200000__AMD-DBSCAN__42__bbf857d0bf62,error,imbalanced_16d__quality__n200000,AMD-DBSCAN,42,,,,,4.834016700013308,,215.1875,,,,,,,,,,,,,,,,,MemoryError,"Unable to allocate 298. GiB for an array with shape (200000, 200000) and data type float64"
0.2.3,v0.2.2-seven-family-robustness-v2,synthetic__imbalanced_16d__quality__n200000__DBSCAN__42__f8a80b2c3386,ok,imbalanced_16d__quality__n200000,DBSCAN,42,0.2.2,200000,16,235.0363534000062,240.88756249999278,260.48046875,258.12109375,0.3924106670248917,0.10636743930188805,0.31397999741865745,0.4660911398097674,0.9040855626576499,0.3991004297796246,1.0,0.24929760567346865,0.5331436199081748,1.0,0.68173,0,0.75,0,96,8,,
0.2.3,v0.2.2-seven-family-robustness-v2,synthetic__imbalanced_16d__quality__n200000__HDBSCAN__42__d595ea6d7446,timeout,imbalanced_16d__quality__n200000,HDBSCAN,42,,,,,1200.132637200004,,238.7734375,,,,,,,,,,,,,,,,,,timeout_seconds=1200
0.2.3,v0.2.2-seven-family-robustness-v2,synthetic__imbalanced_16d__quality__n200000__OPTICS__42__b9bf0b9a7f52,ok,imbalanced_16d__quality__n200000,OPTICS,42,0.2.2,200000,16,778.8098032999842,783.5265844999813,258.9375,258.234375,0.2314735942561764,0.06551240878333314,0.20679051741241566,0.33422990415122333,0.8710093256065128,0.05080145438122729,1.0,0.026062739732396208,0.200532642337868,1.0,0.55572,0,0.375,0,12,8,,
0.2.3,v0.2.2-seven-family-robustness-v2,synthetic__imbalanced_16d__quality__n200000__SNN-DBSCAN__42__b4504f9a2633,ok,imbalanced_16d__quality__n200000,SNN-DBSCAN,42,0.2.2,200000,16,32.22261100000469,38.13845469997614,383.41796875,377.51953125,0.0,0.0,0.0,0.0,0.8571428571428571,0.0,0.0,0.0,0.0,1.0,0.5,0,0.0,0,0,8,,
0.2.3,v0.2.2-seven-family-robustness-stratascan-fast-v1,synthetic__imbalanced_16d__quality__n200000__StrataSCAN__42__0adb46a4eca4,ok,imbalanced_16d__quality__n200000,StrataSCAN,42,0.2.2,200000,16,42.329582600010326,45.921131299983244,563.765625,552.40234375,0.8257639522786236,0.8204496782131036,0.9145834351362986,0.9458766440655475,0.9793871648047429,0.8771862555145202,1.0,0.7812393282703213,0.932604658113272,1.0,0.93686,0,1.0,0,97,8,,
0.2.3,v0.2.2-seven-family-robustness-v2,synthetic__imbalanced_16d__quality__n200000__VDBSCAN-2007__42__47cb108b3daa,ok,imbalanced_16d__quality__n200000,VDBSCAN-2007,42,0.2.2,200000,16,808.2833323000232,817.342000900011,4972.56640625,5035.27734375,0.9740984530410098,0.957397839763964,0.8937964472516435,0.019113003541144043,0.009659784512499337,0.04053556101677513,0.0206870613267211,1.0,0.40116820180365226,0.004853333333333334,0.5024266666666667,0,1.0,1,8,8,,
0.2.3,v0.2.2-seven-family-robustness-v2,synthetic__imbalanced_16d__quality__n200000__kNN+Leiden__42__f8deb2d5b62b,ok,imbalanced_16d__quality__n200000,kNN+Leiden,42,0.2.2,200000,16,70.92156869999599,76.4317435999983,1050.4765625,1244.98046875,0.9994376408586189,0.9997710176483691,0.9504218344230526,0.0,0.0,0.042460271824752566,0.02169065212965245,0.9999549971645031,0.4,0.0,0.5,0,1.0,0,9,8,,
0.2.3,v0.2.2-seven-family-robustness-v2,synthetic__imbalanced_16d__quality__n200000__kNN-DBSCAN__42__a37df5a20b10,ok,imbalanced_16d__quality__n200000,kNN-DBSCAN,42,0.2.2,200000,16,29.598670899984427,35.36382430000231,260.12109375,257.33984375,0.38897606573538246,0.10489295346992512,0.30479912032684153,0.45588762600785415,0.903998384856219,0.3963138218620762,1.0,0.24712679280072433,0.5324547629180669,1.0,0.68141,0,0.75,0,113,8,,
0.2.3,v0.2.2-seven-family-robustness-v2,synthetic__imbalanced_16d__quality__n200000__AMD-DBSCAN__73__910c430a4aa9,error,imbalanced_16d__quality__n200000,AMD-DBSCAN,73,,,,,5.584598499990534,,206.89453125,,,,,,,,,,,,,,,,,MemoryError,"Unable to allocate 298. GiB for an array with shape (200000, 200000) and data type float64"
0.2.3,v0.2.2-seven-family-robustness-v2,synthetic__imbalanced_16d__quality__n200000__DBSCAN__73__4dfc30124916,ok,imbalanced_16d__quality__n200000,DBSCAN,73,0.2.2,200000,16,236.8048020999995,242.53124280000338,260.23828125,259.5546875,0.45184613819861474,0.12826560377462093,0.4653962442663072,0.6150011121612575,0.906355363811043,0.27677098401088607,1.0,0.16061184058697076,0.550808648773984,1.0,0.69004,0,0.875,0,74,8,,
0.2.3,v0.2.2-seven-family-robustness-v2,synthetic__imbalanced_16d__quality__n200000__HDBSCAN__73__6ab6eb99e970,timeout,imbalanced_16d__quality__n200000,HDBSCAN,73,,,,,1200.1335720999923,,239.09375,,,,,,,,,,,,,,,,,,timeout_seconds=1200
0.2.3,v0.2.2-seven-family-robustness-v2,synthetic__imbalanced_16d__quality__n200000__OPTICS__73__1b020fca2816,ok,imbalanced_16d__quality__n200000,OPTICS,73,0.2.2,200000,16,785.5523632999975,790.5693491000275,260.85546875,260.06640625,0.4475632540911525,0.1878595458215466,0.3138890416748732,0.46336062821566354,0.8846008680883186,0.17866018168731607,1.0,0.09809272267095631,0.3569926393270242,1.0,0.60864,0,0.375,0,10,8,,
0.2.3,v0.2.2-seven-family-robustness-v2,synthetic__imbalanced_16d__quality__n200000__SNN-DBSCAN__73__744b94c53378,ok,imbalanced_16d__quality__n200000,SNN-DBSCAN,73,0.2.2,200000,16,32.17223060000106,38.11337979999371,380.37109375,373.48046875,0.0,0.0,0.0,0.0,0.8571428571428571,0.0,0.0,0.0,0.0,1.0,0.5,0,0.0,0,0,8,,
0.2.3,v0.2.2-seven-family-robustness-stratascan-fast-v1,synthetic__imbalanced_16d__quality__n200000__StrataSCAN__73__8138eb3aebfc,ok,imbalanced_16d__quality__n200000,StrataSCAN,73,0.2.2,200000,16,94.60749269998632,102.52839459999814,623.390625,608.66015625,0.9308256044114153,0.9387147052357816,0.9780964535364809,0.985373417996874,0.9927594742345824,0.9525392657208673,1.0,0.9093794493178871,0.977630556577925,1.0,0.97812,0,1.0,0,30,8,,
0.2.3,v0.2.2-seven-family-robustness-v2,synthetic__imbalanced_16d__quality__n200000__VDBSCAN-2007__73__a8e4e4b9d960,ok,imbalanced_16d__quality__n200000,VDBSCAN-2007,73,0.2.2,200000,16,644.6842488000111,651.9189914999879,4282.0078125,4279.9140625,1.0,1.0,0.9998422519745369,0.020480471046532712,0.010346199761241542,0.04059305109242602,0.020717008845486547,1.0,0.40125190594655324,0.0052,0.5026,0,1.0,0,11,8,,
0.2.3,v0.2.2-seven-family-robustness-v2,synthetic__imbalanced_16d__quality__n200000__kNN+Leiden__73__6b28c9cfe61c,ok,imbalanced_16d__quality__n200000,kNN+Leiden,73,0.2.2,200000,16,64.02849860000424,69.25148790000821,1039.48828125,1241.51953125,0.9996327785921879,0.999898380035451,0.955664935902994,0.0,0.0,0.04207521854685104,0.021489716207917585,0.9999675264589495,0.4,0.0,0.5,0,1.0,0,9,8,,
0.2.3,v0.2.2-seven-family-robustness-v2,synthetic__imbalanced_16d__quality__n200000__kNN-DBSCAN__73__87a2163580f3,ok,imbalanced_16d__quality__n200000,kNN-DBSCAN,73,0.2.2,200000,16,25.34455809998326,31.575364199990872,259.27734375,260.59765625,0.44660742048482255,0.12579515189629908,0.4569968095341464,0.6075766477650946,0.9061527773582626,0.27371807112746444,1.0,0.1585593097798541,0.5492528652255911,1.0,0.6893,0,0.875,0,98,8,,
0.2.3,v0.2.2-seven-family-robustness-v2,synthetic__imbalanced_16d__quality__n200000__AMD-DBSCAN__101__dfe4b9b35859,error,imbalanced_16d__quality__n200000,AMD-DBSCAN,101,,,,,4.4680188999918755,,215.015625,,,,,,,,,,,,,,,,,MemoryError,"Unable to allocate 298. GiB for an array with shape (200000, 200000) and data type float64"
0.2.3,v0.2.2-seven-family-robustness-v2,synthetic__imbalanced_16d__quality__n200000__DBSCAN__101__1e76d2e7dec6,ok,imbalanced_16d__quality__n200000,DBSCAN,101,0.2.2,200000,16,239.53609209999559,245.06082299997797,259.38671875,264.6640625,0.4121672129272416,0.12664729687645104,0.3724788441272364,0.5276864455352243,0.9046389887342291,0.3895187805881045,1.0,0.24186483884012405,0.5374985374985375,1.0,0.68376,0,0.875,0,63,8,,
0.2.3,v0.2.2-seven-family-robustness-v2,synthetic__imbalanced_16d__quality__n200000__HDBSCAN__101__e642c6ffae52,timeout,imbalanced_16d__quality__n200000,HDBSCAN,101,,,,,1200.1702048000006,,238.30859375,,,,,,,,,,,,,,,,,,timeout_seconds=1200
0.2.3,v0.2.2-seven-family-robustness-v2,synthetic__imbalanced_16d__quality__n200000__OPTICS__101__f57f81edc8a9,ok,imbalanced_16d__quality__n200000,OPTICS,101,0.2.2,200000,16,850.3700011000037,856.8798590000079,260.765625,259.23828125,0.08273604800633512,0.019880281677516473,0.08087185240904185,0.14784885448291366,0.8605210167916334,0.0062415307001044,1.0,0.0031305350152549326,0.05349009226456963,1.0,0.51374,0,0.125,0,12,8,,
0.2.3,v0.2.2-seven-family-robustness-v2,synthetic__imbalanced_16d__quality__n200000__SNN-DBSCAN__101__980eb7597f47,ok,imbalanced_16d__quality__n200000,SNN-DBSCAN,101,0.2.2,200000,16,32.080313400016166,38.47101680000196,382.640625,373.32421875,0.01361775307884456,0.002930923186512543,0.019620716504312057,0.03836369183180427,0.8575684283353631,0.00013126724777510492,0.8447420634920635,6.563872379614739e-05,0.007925445059540404,0.9998733333333333,0.5019266666666666,0,0.125,0,3,8,,
0.2.3,v0.2.2-seven-family-robustness-stratascan-fast-v1,synthetic__imbalanced_16d__quality__n200000__StrataSCAN__101__530682d9387d,ok,imbalanced_16d__quality__n200000,StrataSCAN,101,0.2.2,200000,16,39.98224129999289,43.438489000021946,556.18359375,553.12109375,0.8701362130105564,0.8793253400799633,0.9362804067727335,0.9600401986870938,0.9850372836611866,0.9124154425668277,1.0,0.8389374750964061,0.9522542250348376,1.0,0.95443,1,1.125,0,60,8,,
0.2.3,v0.2.2-seven-family-robustness-v2,synthetic__imbalanced_16d__quality__n200000__VDBSCAN-2007__101__78e520c13821,ok,imbalanced_16d__quality__n200000,VDBSCAN-2007,101,0.2.2,200000,16,615.3003241000115,621.8619390999957,4044.5625,4101.796875,1.0,1.0,0.9996674385726525,0.021900841498424313,0.01107170086518381,0.04030184510151552,0.02056533298292727,1.0,0.4013404771938273,0.005566666666666667,0.5027833333333334,0,1.0,0,11,8,,
0.2.3,v0.2.2-seven-family-robustness-v2,synthetic__imbalanced_16d__quality__n200000__kNN+Leiden__101__e3c774a5e6cc,ok,imbalanced_16d__quality__n200000,kNN+Leiden,101,0.2.2,200000,16,58.79720050000469,63.73139000000083,1027.58984375,1244.984375,1.0,1.0,0.9503336775602189,0.0,0.0,0.04203268191802496,0.02146750945730809,1.0,0.4,0.0,0.5,0,1.0,0,9,8,,
0.2.3,v0.2.2-seven-family-robustness-v2,synthetic__imbalanced_16d__quality__n200000__kNN-DBSCAN__101__af9dc4255eba,ok,imbalanced_16d__quality__n200000,kNN-DBSCAN,101,0.2.2,200000,16,24.039931799983606,28.620496000017738,260.03515625,256.59765625,0.4056899031069332,0.12320497678539992,0.34984145399536537,0.5045106154002154,0.9043226623259178,0.38617107112511173,1.0,0.23928872770569204,0.5350131848813361,1.0,0.6826,0,0.75,0,87,8,,
0.2.3,v0.2.2-seven-family-robustness-v2,synthetic__imbalanced_16d__quality__n200000__AMD-DBSCAN__151__c78dc1184534,error,imbalanced_16d__quality__n200000,AMD-DBSCAN,151,,,,,4.734069199999794,,214.7578125,,,,,,,,,,,,,,,,,MemoryError,"Unable to allocate 298. GiB for an array with shape (200000, 200000) and data type float64"
0.2.3,v0.2.2-seven-family-robustness-v2,synthetic__imbalanced_16d__quality__n200000__DBSCAN__151__3a2e1cb90d8c,ok,imbalanced_16d__quality__n200000,DBSCAN,151,0.2.2,200000,16,230.33067100000335,236.2506282000104,258.25,257.9375,0.49568045247460524,0.1589493596902815,0.5783246668084068,0.7055986508435024,0.9046990066404906,0.209268334404561,1.0,0.11686191651443036,0.5379689464604228,1.0,0.68398,0,0.875,0,74,8,,
0.2.3,v0.2.2-seven-family-robustness-v2,synthetic__imbalanced_16d__quality__n200000__HDBSCAN__151__3c61730e72cb,timeout,imbalanced_16d__quality__n200000,HDBSCAN,151,,,,,1200.12215499999,,237.46875,,,,,,,,,,,,,,,,,,timeout_seconds=1200
0.2.3,v0.2.2-seven-family-robustness-v2,synthetic__imbalanced_16d__quality__n200000__OPTICS__151__c8a0d14aea6d,ok,imbalanced_16d__quality__n200000,OPTICS,151,0.2.2,200000,16,848.2897329999832,854.1626436000224,261.046875,261.046875,0.3917873713306442,0.13212817682780928,0.3700454020497824,0.5206117435093934,0.8777601900643398,0.09589545822164323,1.0,0.05036249644784774,0.282406691743529,1.0,0.58221,0,0.5,0,12,8,,
0.2.3,v0.2.2-seven-family-robustness-v2,synthetic__imbalanced_16d__quality__n200000__SNN-DBSCAN__151__c905734fa5af,ok,imbalanced_16d__quality__n200000,SNN-DBSCAN,151,0.2.2,200000,16,34.79667549999431,41.28175540000666,382.38671875,378.68359375,0.0013596413548441898,0.0003042796386710081,0.002448694029850746,0.004883437791164565,0.8571910234357588,1.7786947937603386e-06,0.9090909090909091,8.893482669136921e-07,0.0008396305625524769,0.9999933333333333,0.5002066666666667,0,0.0,0,1,8,,
0.2.3,v0.2.2-seven-family-robustness-stratascan-fast-v1,synthetic__imbalanced_16d__quality__n200000__StrataSCAN__151__8cd7930d9059,ok,imbalanced_16d__quality__n200000,StrataSCAN,151,0.2.2,200000,16,159.0780233000114,166.7853182000108,947.96484375,934.93359375,0.8375542523353354,0.7792816835347386,0.94285079015789,0.9603211897726397,0.9784512421438519,0.8329228951668262,1.0,0.713682833565557,0.9292559399526732,1.0,0.9339299999999999,0,1.0,0,90,8,,
0.2.3,v0.2.2-seven-family-robustness-v2,synthetic__imbalanced_16d__quality__n200000__VDBSCAN-2007__151__381062a9e084,ok,imbalanced_16d__quality__n200000,VDBSCAN-2007,151,0.2.2,200000,16,414.3691020999977,421.8851111000113,6275.53515625,6343.46484375,1.0,1.0,0.9998749609942397,0.02019602589255087,0.01020103602199391,0.040692650438111336,0.02076889593009,1.0,0.40123419638808977,0.0051266666666666665,0.5025633333333334,0,1.0,0,9,8,,
0.2.3,v0.2.2-seven-family-robustness-v2,synthetic__imbalanced_16d__quality__n200000__kNN+Leiden__151__dcd4f05a8ec7,ok,imbalanced_16d__quality__n200000,kNN+Leiden,151,0.2.2,200000,16,61.2040602999914,67.07142510000267,1024.77734375,1244.375,0.9997091242503948,0.9999047158911775,0.9571783492311237,0.0,0.0,0.04218054184680349,0.021544689300159722,0.999922885035275,0.4,0.0,0.5,0,1.0,0,9,8,,
0.2.3,v0.2.2-seven-family-robustness-v2,synthetic__imbalanced_16d__quality__n200000__kNN-DBSCAN__151__f8251f0ccbed,ok,imbalanced_16d__quality__n200000,kNN-DBSCAN,151,0.2.2,200000,16,24.7016394000093,29.326002400019206,258.30078125,252.59765625,0.4899279328256961,0.1566459673573049,0.5742983819544343,0.7025616851745915,0.9045926167150624,0.20492946436468118,1.0,0.11416234643512306,0.5371348322825085,1.0,0.68359,0,0.875,0,96,8,,
0.2.3,v0.2.2-seven-family-robustness-v2,synthetic__imbalanced_16d__quality__n5000__AMD-DBSCAN__23__17e1fa5c00dd,ok,imbalanced_16d__quality__n5000,AMD-DBSCAN,23,0.2.2,5000,16,2.6201785000012023,8.16508839999733,790.98046875,784.875,0.0,0.0,0.05975282508533812,0.0,0.0,0.02287391314424588,0.011569273854770953,1.0,0.4,0.0,0.5,0,1.0,1,1,8,,
0.2.3,v0.2.2-seven-family-robustness-v2,synthetic__imbalanced_16d__quality__n5000__DBSCAN__23__3f79d6aa5617,ok,imbalanced_16d__quality__n5000,DBSCAN,23,0.2.2,5000,16,0.46714829999837093,6.070999600007781,194.75,194.984375,0.44088997837198585,0.13969484778632488,0.3968722636422911,0.5526741155516791,0.9098629139876259,0.4297846461267797,1.0,0.2737106378858404,0.5771200910643142,1.0,0.7028,1,0.875,0,7,8,,
0.2.3,v0.2.2-seven-family-robustness-v2,synthetic__imbalanced_16d__quality__n5000__HDBSCAN__23__aee3eb8d5fcf,ok,imbalanced_16d__quality__n5000,HDBSCAN,23,0.2.2,5000,16,1.1761451000056695,6.246226299990667,185.5859375,185.79296875,1.0,1.0,0.9688676115935835,0.9796028910672752,0.9905787348586811,0.967690552121782,0.9374035606384772,1.0,0.9727626459143969,0.9813333333333333,0.9906666666666666,0,1.0,0,10,8,,
0.2.3,v0.2.2-seven-family-robustness-v2,synthetic__imbalanced_16d__quality__n5000__OPTICS__23__f4574f7d564e,ok,imbalanced_16d__quality__n5000,OPTICS,23,0.2.2,5000,16,1.2857284000056097,6.620581199997105,193.8828125,194.38671875,0.41778314458396176,0.1739071962316092,0.4286429865162287,0.5782557665662743,0.8883098424730547,0.14150749376590657,1.0,0.07614100852773763,0.3943481053307643,1.0,0.6228,1,0.875,0,9,8,,
0.2.3,v0.2.2-seven-family-robustness-v2,synthetic__imbalanced_16d__quality__n5000__SNN-DBSCAN__23__e6852c2e2e74,ok,imbalanced_16d__quality__n5000,SNN-DBSCAN,23,0.2.2,5000,16,0.4987493000080576,7.060845700005302,241.5234375,235.40625,0.28142001286112645,0.07330404968968811,0.2618165790059897,0.4020864576236146,0.8661107250405374,0.02782308486924373,0.8005475166210403,0.014157566032907522,0.15373352855051248,0.9970666666666667,0.5405333333333333,0,0.375,0,4,8,,
0.2.3,v0.2.2-seven-family-robustness-stratascan-fast-v1,synthetic__imbalanced_16d__quality__n5000__StrataSCAN__23__b8fa9c667a0c,ok,imbalanced_16d__quality__n5000,StrataSCAN,23,0.2.2,5000,16,1.860391599999275,13.742914699978428,247.2578125,247.2578125,0.6237082188550481,0.2784578553039145,0.7321648008630636,0.8298022748419507,0.9574875526618154,0.3614254387207543,1.0,0.22057308056740924,0.8463313336409783,1.0,0.8668,6,1.75,0,21,8,,
0.2.3,v0.2.2-seven-family-robustness-v2,synthetic__imbalanced_16d__quality__n5000__VDBSCAN-2007__23__51ecba99d2b7,ok,imbalanced_16d__quality__n5000,VDBSCAN-2007,23,0.2.2,5000,16,0.754782800009707,5.990330699991318,195.03515625,195.234375,0.864030867230977,0.7849158544560197,0.8197290581603547,0.9000121329458121,0.9977281838834692,0.815751244593161,0.994834433131289,0.691306963973248,0.9932459276916965,0.9954666666666667,0.9977333333333334,8,2.0,0,21,8,,
0.2.3,v0.2.2-seven-family-robustness-v2,synthetic__imbalanced_16d__quality__n5000__kNN+Leiden__23__4279d6167951,ok,imbalanced_16d__quality__n5000,kNN+Leiden,23,0.2.2,5000,16,0.924942400000873,8.051226000010502,245.875,246.06640625,1.0,1.0,0.7204463296663641,0.0,0.0,0.046913116785714803,0.02401998456336347,1.0,0.4,0.0,0.5,0,1.0,0,8,8,,
0.2.3,v0.2.2-seven-family-robustness-v2,synthetic__imbalanced_16d__quality__n5000__kNN-DBSCAN__23__c632717f71eb,ok,imbalanced_16d__quality__n5000,kNN-DBSCAN,23,0.2.2,5000,16,0.4468931000010343,6.423572100000456,193.6640625,194.1171875,0.4377971618617891,0.13866979835902718,0.38742982813906945,0.5434517914876493,0.9098629139876259,0.42783824632748696,1.0,0.2721337326315644,0.5771200910643142,1.0,0.7028,1,0.875,0,8,8,,
0.2.3,v0.2.2-seven-family-robustness-v2,synthetic__imbalanced_16d__quality__n5000__AMD-DBSCAN__42__bf63150fe4bb,ok,imbalanced_16d__quality__n5000,AMD-DBSCAN,42,0.2.2,5000,16,2.4258058999985224,8.164060199997039,788.09765625,770.390625,0.0,0.0,0.059675096818993655,0.0,0.0,0.02352679206497603,0.011903420684136827,1.0,0.4,0.0,0.5,0,1.0,1,1,8,,
0.2.3,v0.2.2-seven-family-robustness-v2,synthetic__imbalanced_16d__quality__n5000__DBSCAN__42__c459cf270a39,ok,imbalanced_16d__quality__n5000,DBSCAN,42,0.2.2,5000,16,0.5119187000091188,5.918322800003807,194.46484375,194.7109375,0.4464439657221513,0.1754907532444466,0.3704136312042988,0.5261932881655085,0.9081002542680712,0.35642787696659006,1.0,0.21686171964803075,0.5640436530729466,1.0,0.6964,1,0.875,0,12,8,,
0.2.3,v0.2.2-seven-family-robustness-v2,synthetic__imbalanced_16d__quality__n5000__HDBSCAN__42__9b1e71315252,ok,imbalanced_16d__quality__n5000,HDBSCAN,42,0.2.2,5000,16,1.252868600000511,6.376498099998571,185.19921875,185.421875,1.0,1.0,0.9940989157367772,0.995442503031259,0.9967897271268058,0.985632555165754,0.9716721097322012,1.0,0.9904912836767037,0.9936,0.9968,0,1.0,0,9,8,,
0.2.3,v0.2.2-seven-family-robustness-v2,synthetic__imbalanced_16d__quality__n5000__OPTICS__42__f2b453d7f720,ok,imbalanced_16d__quality__n5000,OPTICS,42,0.2.2,5000,16,1.3374788999935845,6.557604300003732,193.77734375,194.26171875,0.49569252522536233,0.24457626534813615,0.3791963553135149,0.535701445799101,0.912186815859888,0.5270260904005148,1.0,0.3577973017484186,0.59392575928009,1.0,0.7112,0,0.75,0,7,8,,
0.2.3,v0.2.2-seven-family-robustness-v2,synthetic__imbalanced_16d__quality__n5000__SNN-DBSCAN__42__0713375cd091,ok,imbalanced_16d__quality__n5000,SNN-DBSCAN,42,0.2.2,5000,16,0.43543849998968653,7.203575700012152,237.45703125,235.3046875,0.2912761497556029,0.0791857485441288,0.2650435060007585,0.4057040421520447,0.8645011600928074,0.023017480879257212,0.6286950252343186,0.011723345186639152,0.1536231884057971,0.9936,0.5392,1,0.5,0,6,8,,
0.2.3,v0.2.2-seven-family-robustness-stratascan-fast-v1,synthetic__imbalanced_16d__quality__n5000__StrataSCAN__42__6b08a193a3b7,ok,imbalanced_16d__quality__n5000,StrataSCAN,42,0.2.2,5000,16,1.7984637999907136,4.889268800005084,245.83203125,245.83203125,0.7904628070872604,0.674649103944842,0.9278778282652032,0.9491892250756861,0.9715025906735751,0.7504577754632352,1.0,0.600586167259332,0.9035087719298246,1.0,0.9119999999999999,0,1.0,0,15,8,,
0.2.3,v0.2.2-seven-family-robustness-v2,synthetic__imbalanced_16d__quality__n5000__VDBSCAN-2007__42__4d9bc0ee7996,ok,imbalanced_16d__quality__n5000,VDBSCAN-2007,42,0.2.2,5000,16,0.5258849999954691,5.755761800013715,194.9296875,195.1328125,0.8209325423306219,0.7424000445122038,0.7013235017320718,0.8235344852667241,0.9973262032085561,0.7771904533077046,0.8981779395819928,0.684928376007475,0.9920634920634921,0.9946666666666667,0.9973333333333334,10,2.25,1,14,8,,
0.2.3,v0.2.2-seven-family-robustness-v2,synthetic__imbalanced_16d__quality__n5000__kNN+Leiden__42__f3f2b99ac454,ok,imbalanced_16d__quality__n5000,kNN+Leiden,42,0.2.2,5000,16,0.8497898999921745,8.130108400000609,246.24609375,246.2421875,1.0,1.0,0.6441007028134009,0.0,0.0,0.05457125961837572,0.02805101954424235,1.0,0.4,0.0,0.5,0,1.0,0,8,8,,
0.2.3,v0.2.2-seven-family-robustness-v2,synthetic__imbalanced_16d__quality__n5000__kNN-DBSCAN__42__535b94641155,ok,imbalanced_16d__quality__n5000,kNN-DBSCAN,42,0.2.2,5000,16,0.3308034000074258,6.08815599999798,193.28515625,193.75,0.43738993522495695,0.17055476668198585,0.357100115814979,0.5126187339787983,0.9081002542680712,0.34609462291473264,1.0,0.20925902274086972,0.5640436530729466,1.0,0.6964,2,1.0,0,14,8,,
0.2.3,v0.2.2-seven-family-robustness-v2,synthetic__imbalanced_16d__quality__n5000__AMD-DBSCAN__73__37b27ed16e78,ok,imbalanced_16d__quality__n5000,AMD-DBSCAN,73,0.2.2,5000,16,2.4444804999948246,8.409620100006578,788.7109375,788.73046875,0.0,0.0,0.05974189388787236,0.0,0.0,0.022962740025730358,0.011614722944588918,1.0,0.4,0.0,0.5,0,1.0,1,1,8,,
0.2.3,v0.2.2-seven-family-robustness-v2,synthetic__imbalanced_16d__quality__n5000__DBSCAN__73__f168caeecf85,ok,imbalanced_16d__quality__n5000,DBSCAN,73,0.2.2,5000,16,0.45027609998942353,5.81795380001131,194.7734375,195.0234375,0.4351197218859333,0.15987319404561223,0.3497858246965242,0.5050217301832219,0.9079903147699758,0.43830354933456706,1.0,0.2806586063173849,0.5632183908045978,1.0,0.696,1,0.75,0,6,8,,
0.2.3,v0.2.2-seven-family-robustness-v2,synthetic__imbalanced_16d__quality__n5000__HDBSCAN__73__0c283bdb740d,ok,imbalanced_16d__quality__n5000,HDBSCAN,73,0.2.2,5000,16,1.2311844999931054,6.581911699991906,184.87890625,185.109375,1.0,1.0,0.9793898166715973,0.9847508996321389,0.9901709977110543,0.9600166666115522,0.9231077420093357,1.0,0.9716284492809949,0.9805333333333334,0.9902666666666666,0,1.0,0,10,8,,
0.2.3,v0.2.2-seven-family-robustness-v2,synthetic__imbalanced_16d__quality__n5000__OPTICS__73__97737a5dd7ab,ok,imbalanced_16d__quality__n5000,OPTICS,73,0.2.2,5000,16,1.3323035000066739,6.650125100000878,194.0859375,194.5625,0.6238458541648433,0.447642317831383,0.504540240207711,0.6541643220248846,0.9299442033477991,0.6438991577796773,1.0,0.4748165753849333,0.7080103359173127,1.0,0.774,0,0.625,0,7,8,,
0.2.3,v0.2.2-seven-family-robustness-v2,synthetic__imbalanced_16d__quality__n5000__SNN-DBSCAN__73__1e2b8dc7cf0d,ok,imbalanced_16d__quality__n5000,SNN-DBSCAN,73,0.2.2,5000,16,0.3774931999942055,7.059342199994717,240.109375,237.94921875,0.27110429704557404,0.07049184713603526,0.25612923576063445,0.3950214987863597,0.8630089316784595,0.021728415068095423,0.5461642905634759,0.011084702559333127,0.14358230601885424,0.992,0.5356,0,0.375,0,4,8,,
0.2.3,v0.2.2-seven-family-robustness-stratascan-fast-v1,synthetic__imbalanced_16d__quality__n5000__StrataSCAN__73__3c2ba8d71a3d,ok,imbalanced_16d__quality__n5000,StrataSCAN,73,0.2.2,5000,16,3.1794839999929536,6.345294300001115,251.84765625,252.546875,0.8645222284674955,0.8536086266787917,0.9476885976483573,0.9649409906368127,0.9828331804481719,0.8944614540967873,1.0,0.8090730598325927,0.9447024060785142,1.0,0.9476,0,1.0,0,9,8,,
0.2.3,v0.2.2-seven-family-robustness-v2,synthetic__imbalanced_16d__quality__n5000__VDBSCAN-2007__73__8e8f804b502d,ok,imbalanced_16d__quality__n5000,VDBSCAN-2007,73,0.2.2,5000,16,0.5270523999934085,5.661604300010367,194.8984375,195.08984375,0.8760118704265626,0.7916404490694839,0.8525724820386682,0.9199675390318627,0.99893219434063,0.822119355241583,0.9900060157963168,0.7029175708725156,0.9968102073365231,0.9978666666666667,0.9989333333333333,7,1.875,1,14,8,,
0.2.3,v0.2.2-seven-family-robustness-v2,synthetic__imbalanced_16d__quality__n5000__kNN+Leiden__73__ef6a1747be61,ok,imbalanced_16d__quality__n5000,kNN+Leiden,73,0.2.2,5000,16,0.8069365999981528,8.200102999995579,246.5078125,246.51171875,0.9623367602893698,0.9669224377970012,0.5404730593271069,0.0,0.0,0.04335974955865089,0.022160307470354072,1.0,0.4,0.0,0.5,0,1.0,1,6,8,,
0.2.3,v0.2.2-seven-family-robustness-v2,synthetic__imbalanced_16d__quality__n5000__kNN-DBSCAN__73__0aa83c59ae3f,ok,imbalanced_16d__quality__n5000,kNN-DBSCAN,73,0.2.2,5000,16,0.4176054999988992,6.251187000001664,193.46484375,193.9296875,0.4350122431527749,0.1597820246509273,0.34906052271205484,0.5042653239481599,0.9079903147699758,0.43812710829437307,1.0,0.28051393338155767,0.5632183908045978,1.0,0.696,1,0.75,0,6,8,,
0.2.3,v0.2.2-seven-family-robustness-v2,synthetic__imbalanced_16d__quality__n5000__AMD-DBSCAN__101__f3d4f6b13aeb,ok,imbalanced_16d__quality__n5000,AMD-DBSCAN,101,0.2.2,5000,16,2.6977479999914067,8.546017200002098,795.5703125,780.84765625,0.0,0.0,0.05984313674929106,0.0,0.0,0.022046564165497926,0.01114614922984597,1.0,0.4,0.0,0.5,0,1.0,1,1,8,,
0.2.3,v0.2.2-seven-family-robustness-v2,synthetic__imbalanced_16d__quality__n5000__DBSCAN__101__21be3800ddfa,ok,imbalanced_16d__quality__n5000,DBSCAN,101,0.2.2,5000,16,0.5425820000091335,5.842547699998249,194.25390625,194.515625,0.44835665415949577,0.15825178294854086,0.40135535201379124,0.5574823297335181,0.9124087591240876,0.4571105782277135,1.0,0.296269176375997,0.5955056179775281,1.0,0.712,0,0.75,0,10,8,,
0.2.3,v0.2.2-seven-family-robustness-v2,synthetic__imbalanced_16d__quality__n5000__HDBSCAN__101__40a9223232b0,ok,imbalanced_16d__quality__n5000,HDBSCAN,101,0.2.2,5000,16,1.1772146000002977,6.431725000002189,185.2109375,185.421875,1.0,1.0,0.9863916374255994,0.9893577713144207,0.9923417976622331,0.9864949081483789,0.9733497306324373,1.0,0.9777082518576458,0.9848,0.9924,0,1.0,0,11,8,,
0.2.3,v0.2.2-seven-family-robustness-v2,synthetic__imbalanced_16d__quality__n5000__OPTICS__101__a48879652cc2,ok,imbalanced_16d__quality__n5000,OPTICS,101,0.2.2,5000,16,1.268592799999169,6.595162300000084,194.26953125,194.74609375,0.38833036837485785,0.14406157933252428,0.3816163867374791,0.5337272174331417,0.8874689385871494,0.1629003435519713,1.0,0.08867256764226591,0.38605551969012264,1.0,0.6196,0,0.625,0,7,8,,
0.2.3,v0.2.2-seven-family-robustness-v2,synthetic__imbalanced_16d__quality__n5000__SNN-DBSCAN__101__f97bfff1fd48,ok,imbalanced_16d__quality__n5000,SNN-DBSCAN,101,0.2.2,5000,16,0.4461958999891067,6.921276499997475,237.77734375,234.84765625,0.35311935001686134,0.09904150337745626,0.3256718528995757,0.47373082908636266,0.8686352011160196,0.03864368782401569,0.8015111886079628,0.019799137107947652,0.19170243204577966,0.9962666666666666,0.5517333333333333,1,0.5,0,4,8,,
0.2.3,v0.2.2-seven-family-robustness-stratascan-fast-v1,synthetic__imbalanced_16d__quality__n5000__StrataSCAN__101__7be604a2cefd,ok,imbalanced_16d__quality__n5000,StrataSCAN,101,0.2.2,5000,16,2.080040500004543,5.292477400013013,246.58984375,246.47265625,0.7349615643292711,0.5451256574366382,0.8818271530261407,0.9191138110782637,0.9596928982725529,0.6571843083196368,1.0,0.489407677011321,0.8558352402745996,1.0,0.874,0,1.0,0,11,8,,
0.2.3,v0.2.2-seven-family-robustness-v2,synthetic__imbalanced_16d__quality__n5000__VDBSCAN-2007__101__57eba5d6ceda,ok,imbalanced_16d__quality__n5000,VDBSCAN-2007,101,0.2.2,5000,16,0.768454599994584,5.947518500004662,195.27734375,195.48046875,0.8646754377062742,0.7955685655614301,0.8303403789389895,0.9063155382691332,0.9975942261427425,0.8220778633051794,0.9628209081797857,0.7172341509989304,0.9928514694201747,0.9952,0.9976,8,2.0,1,15,8,,
0.2.3,v0.2.2-seven-family-robustness-v2,synthetic__imbalanced_16d__quality__n5000__kNN+Leiden__101__0a8fc2b95c90,ok,imbalanced_16d__quality__n5000,kNN+Leiden,101,0.2.2,5000,16,1.1402529000042705,8.298346800002037,245.9921875,246.27734375,0.9999999999999999,1.0,0.7013299365027673,0.0,0.0,0.04749510938359054,0.024325219164289133,1.0,0.4,0.0,0.5,0,1.0,0,8,8,,
0.2.3,v0.2.2-seven-family-robustness-v2,synthetic__imbalanced_16d__quality__n5000__kNN-DBSCAN__101__37fcd346d69f,ok,imbalanced_16d__quality__n5000,kNN-DBSCAN,101,0.2.2,5000,16,0.3466608000017004,6.216695000010077,193.77734375,194.234375,0.44839505916679506,0.15825642129196058,0.40316385053281606,0.5592245169717691,0.9124087591240876,0.4571191227778701,1.0,0.29627635517842915,0.5955056179775281,1.0,0.712,0,0.75,0,10,8,,
0.2.3,v0.2.2-seven-family-robustness-v2,synthetic__imbalanced_16d__quality__n5000__AMD-DBSCAN__151__ec7de6e56c35,ok,imbalanced_16d__quality__n5000,AMD-DBSCAN,151,0.2.2,5000,16,2.575306400001864,8.28941379999742,791.4375,771.24609375,0.0,0.0,0.059561144099495984,0.0,0.0,0.024570876650317118,0.012438247649529907,1.0,0.4,0.0,0.5,0,1.0,1,1,8,,
0.2.3,v0.2.2-seven-family-robustness-v2,synthetic__imbalanced_16d__quality__n5000__DBSCAN__151__b35070f68fa6,ok,imbalanced_16d__quality__n5000,DBSCAN,151,0.2.2,5000,16,0.4220465999969747,5.65751679999812,194.47265625,194.73828125,0.4334387278660546,0.142833427059249,0.3849389768195219,0.5413089521666067,0.9116324298043029,0.387245035586081,1.0,0.24011399383712775,0.5899605188945289,1.0,0.7092,0,0.875,0,12,8,,
0.2.3,v0.2.2-seven-family-robustness-v2,synthetic__imbalanced_16d__quality__n5000__HDBSCAN__151__7de2fe62f20e,ok,imbalanced_16d__quality__n5000,HDBSCAN,151,0.2.2,5000,16,1.3328379000013229,6.47091060000821,185.0390625,185.25390625,1.0,1.0,0.9437858640185376,0.9653825718698568,0.9879908244501416,0.9617578637364813,0.9263329142060318,1.0,0.9656237929702587,0.9762666666666666,0.9881333333333333,0,1.0,0,9,8,,
0.2.3,v0.2.2-seven-family-robustness-v2,synthetic__imbalanced_16d__quality__n5000__OPTICS__151__fd9391003ad0,ok,imbalanced_16d__quality__n5000,OPTICS,151,0.2.2,5000,16,1.3147697999957018,6.542317599989474,194.1640625,194.640625,0.4581191850363201,0.20757543735302106,0.35089392550393383,0.5055274246558317,0.9038322487346349,0.46606933164921704,1.0,0.30383989398315825,0.5311398354876615,1.0,0.6808,0,0.5,0,7,8,,
0.2.3,v0.2.2-seven-family-robustness-v2,synthetic__imbalanced_16d__quality__n5000__SNN-DBSCAN__151__f431d9701eeb,ok,imbalanced_16d__quality__n5000,SNN-DBSCAN,151,0.2.2,5000,16,0.38923570000042673,7.095067000002018,238.0859375,235.21875,0.346059062092971,0.1021407169377747,0.29813799274818853,0.4432229630964295,0.8633714152483095,0.02656651017214397,0.49314431791773183,0.01365095498787368,0.1758087201125176,0.9874666666666667,0.5437333333333334,1,0.5,0,5,8,,
0.2.3,v0.2.2-seven-family-robustness-stratascan-fast-v1,synthetic__imbalanced_16d__quality__n5000__StrataSCAN__151__017e73e5d599,ok,imbalanced_16d__quality__n5000,StrataSCAN,151,0.2.2,5000,16,1.6308317999937572,4.7514126999885775,243.62109375,243.62109375,0.6882754428077043,0.4356765167232223,0.8545439190251102,0.9057089635384057,0.9633911368015413,0.5213197559107924,1.0,0.3525574633154709,0.871331828442438,1.0,0.886,3,1.375,0,19,8,,
0.2.3,v0.2.2-seven-family-robustness-v2,synthetic__imbalanced_16d__quality__n5000__VDBSCAN-2007__151__9e6e84358e25,ok,imbalanced_16d__quality__n5000,VDBSCAN-2007,151,0.2.2,5000,16,0.6217822000035085,6.263129099999787,195.19921875,195.40234375,0.8787699698024755,0.7840598936556747,0.8495529734617608,0.918206789830717,0.99893219434063,0.8181587181188964,0.9966367298665779,0.6938956686201728,0.9968102073365231,0.9978666666666667,0.9989333333333333,8,2.0,0,16,8,,
0.2.3,v0.2.2-seven-family-robustness-v2,synthetic__imbalanced_16d__quality__n5000__kNN+Leiden__151__86bae3f50370,ok,imbalanced_16d__quality__n5000,kNN+Leiden,151,0.2.2,5000,16,0.8720176000060746,8.14518729998963,245.88671875,245.87890625,1.0,1.0,0.6910555731231955,0.0,0.0,0.051737766835734326,0.026555853701328774,1.0,0.4,0.0,0.5,0,1.0,0,8,8,,
0.2.3,v0.2.2-seven-family-robustness-v2,synthetic__imbalanced_16d__quality__n5000__kNN-DBSCAN__151__8a4c33f7785c,ok,imbalanced_16d__quality__n5000,kNN-DBSCAN,151,0.2.2,5000,16,0.3920815000019502,6.261968799997703,193.7421875,194.1953125,0.42609663457805014,0.139398362894318,0.36573826262929837,0.5220393156162583,0.9116324298043029,0.3808447476693922,1.0,0.23521200151820235,0.5899605188945289,1.0,0.7092,1,1.0,0,14,8,,
0.2.3,v0.2.2-seven-family-robustness-v2,synthetic__imbalanced_16d__quality__n50000__AMD-DBSCAN__23__c56fadc0194d,error,imbalanced_16d__quality__n50000,AMD-DBSCAN,23,,,,,147.9935659999901,,4532.828125,,,,,,,,,,,,,,,,,MemoryError,"Unable to allocate 18.6 GiB for an array with shape (50000, 50000) and data type float64"
0.2.3,v0.2.2-seven-family-robustness-v2,synthetic__imbalanced_16d__quality__n50000__DBSCAN__23__f7620a3db6a7,ok,imbalanced_16d__quality__n50000,DBSCAN,23,0.2.2,50000,16,18.494397599992226,23.9373620999977,219.6796875,207.03515625,0.4390310627716404,0.1558360310647782,0.43578467088008555,0.5887794047596244,0.9073202598565224,0.39248525440058046,1.0,0.24415655002544207,0.5581636772593576,1.0,0.69356,0,0.875,0,33,8,,
0.2.3,v0.2.2-seven-family-robustness-v2,synthetic__imbalanced_16d__quality__n50000__HDBSCAN__23__3a6da3140cf5,ok,imbalanced_16d__quality__n50000,HDBSCAN,23,0.2.2,50000,16,191.42530010000337,196.64878599999065,203.1953125,203.25390625,1.0000000000000002,1.0,0.9948950222432215,0.9933314910993714,0.9917728665913856,0.9971197880647568,0.9942561197220448,1.0,0.9761049508043104,0.98368,0.99184,0,1.0,0,55,8,,
0.2.3,v0.2.2-seven-family-robustness-v2,synthetic__imbalanced_16d__quality__n50000__OPTICS__23__14532dedb281,ok,imbalanced_16d__quality__n50000,OPTICS,23,0.2.2,50000,16,44.87077259999933,49.69557870000426,217.66015625,217.6640625,0.2938279339634264,0.09455316253274666,0.30499120722006434,0.45222577122985214,0.8742889116851627,0.0798282865190171,1.0,0.041573514471942935,0.24141812042768712,1.0,0.56864,0,0.5,0,8,8,,
0.2.3,v0.2.2-seven-family-robustness-v2,synthetic__imbalanced_16d__quality__n50000__SNN-DBSCAN__23__6a1ccd240a6a,ok,imbalanced_16d__quality__n50000,SNN-DBSCAN,23,0.2.2,50000,16,6.207406800007448,11.941968599989195,315.03515625,299.0859375,0.0,0.0,0.0,0.0,0.8571428571428571,0.0,0.0,0.0,0.0,1.0,0.5,0,0.0,0,0,8,,
0.2.3,v0.2.2-seven-family-robustness-stratascan-fast-v1,synthetic__imbalanced_16d__quality__n50000__StrataSCAN__23__f5b5d40e101c,ok,imbalanced_16d__quality__n50000,StrataSCAN,23,0.2.2,50000,16,28.925985900015803,35.68065090000164,360.61328125,356.31640625,0.8775503211825115,0.8834616699694099,0.9494924103518635,0.9672017194006967,0.9855841886013903,0.9153757122375283,1.0,0.8439564949498825,0.9541061791406936,1.0,0.9561200000000001,0,1.0,0,19,8,,
0.2.3,v0.2.2-seven-family-robustness-v2,synthetic__imbalanced_16d__quality__n50000__VDBSCAN-2007__23__9ebea3f4414f,ok,imbalanced_16d__quality__n50000,VDBSCAN-2007,23,0.2.2,50000,16,30.126389500001096,35.90633889999299,764.20703125,764.20703125,1.0,1.0,0.999343943732512,0.020790533813963414,0.010504536049657807,0.040442354302305125,0.020638512161710733,1.0,0.4012712272479214,0.00528,0.50264,0,1.0,0,9,8,,
0.2.3,v0.2.2-seven-family-robustness-v2,synthetic__imbalanced_16d__quality__n50000__kNN+Leiden__23__bd5c1d0e0d2b,ok,imbalanced_16d__quality__n50000,kNN+Leiden,23,0.2.2,50000,16,12.493312299993704,19.036452100001043,425.28515625,478.26953125,1.0,1.0,0.921905357450671,0.0,0.0,0.04347764250016643,0.022221899143398942,1.0,0.4,0.0,0.5,0,1.0,0,9,8,,
0.2.3,v0.2.2-seven-family-robustness-v2,synthetic__imbalanced_16d__quality__n50000__kNN-DBSCAN__23__12361583cb88,ok,imbalanced_16d__quality__n50000,kNN-DBSCAN,23,0.2.2,50000,16,5.609234700008528,84.55057889998716,204.58203125,197.38671875,0.43759921242079847,0.15485132493201453,0.4329521843728653,0.5861841297637815,0.9072983075862237,0.39068173007004275,1.0,0.2427622536635009,0.557997346715118,1.0,0.69348,0,0.875,0,35,8,,
0.2.3,v0.2.2-seven-family-robustness-v2,synthetic__imbalanced_16d__quality__n50000__AMD-DBSCAN__42__34ccd288fd42,error,imbalanced_16d__quality__n50000,AMD-DBSCAN,42,,,,,145.5970770999993,,4031.625,,,,,,,,,,,,,,,,,MemoryError,"Unable to allocate 18.6 GiB for an array with shape (50000, 50000) and data type float64"
0.2.3,v0.2.2-seven-family-robustness-v2,synthetic__imbalanced_16d__quality__n50000__DBSCAN__42__ad492486736f,ok,imbalanced_16d__quality__n50000,DBSCAN,42,0.2.2,50000,16,18.29808489998686,23.29193249999662,220.16015625,217.10546875,0.43921066985535573,0.12501655414123303,0.43935391369098825,0.5923136518397741,0.9086613600843237,0.36595891041614653,1.0,0.22395942963058932,0.5682377870683237,1.0,0.69844,0,0.75,0,19,8,,
0.2.3,v0.2.2-seven-family-robustness-v2,synthetic__imbalanced_16d__quality__n50000__HDBSCAN__42__9a2badfa7457,ok,imbalanced_16d__quality__n50000,HDBSCAN,42,0.2.2,50000,16,206.7608959999925,211.80294569999387,202.51171875,202.4140625,1.0000000000000002,1.0,0.9971272994993885,0.9955971700017738,0.9940717293918828,0.992642964740471,0.9853933908197035,1.0,0.9826271519534628,0.9882133333333334,0.9941066666666667,0,1.0,0,43,8,,
0.2.3,v0.2.2-seven-family-robustness-v2,synthetic__imbalanced_16d__quality__n50000__OPTICS__42__ce1ae30c6c71,ok,imbalanced_16d__quality__n50000,OPTICS,42,0.2.2,50000,16,44.33674100000644,48.76949369999056,220.08203125,214.86328125,0.5754934539285597,0.3574092893299913,0.5383080772931689,0.6763324434203165,0.9095429243624105,0.4015981891200161,1.0,0.25124983366911996,0.5747676871330026,1.0,0.70164,0,0.875,0,8,8,,
0.2.3,v0.2.2-seven-family-robustness-v2,synthetic__imbalanced_16d__quality__n50000__SNN-DBSCAN__42__10b26a81c850,ok,imbalanced_16d__quality__n50000,SNN-DBSCAN,42,0.2.2,50000,16,7.041476800004602,13.84895929999766,319.12890625,296.34765625,0.0,0.0,0.0,0.0,0.8571428571428571,0.0,0.0,0.0,0.0,1.0,0.5,0,0.0,0,0,8,,
0.2.3,v0.2.2-seven-family-robustness-stratascan-fast-v1,synthetic__imbalanced_16d__quality__n50000__StrataSCAN__42__41c124d7922f,ok,imbalanced_16d__quality__n50000,StrataSCAN,42,0.2.2,50000,16,16.1086040000082,19.448315699992236,371.234375,371.24609375,0.6999313824817235,0.5649030709948006,0.8151411812566466,0.8828691528901261,0.962871668464027,0.6804930935647201,1.0,0.5157177201922417,0.8691876243893613,1.0,0.88432,3,1.375,0,72,8,,
0.2.3,v0.2.2-seven-family-robustness-v2,synthetic__imbalanced_16d__quality__n50000__VDBSCAN-2007__42__8f7d56ce1391,ok,imbalanced_16d__quality__n50000,VDBSCAN-2007,42,0.2.2,50000,16,28.65059219999239,33.9790917999926,770.640625,778.34765625,0.9746135291859562,0.9587413791297132,0.8920063940176048,0.01818139321863746,0.009184296445730364,0.04083095492762188,0.020840955521586168,1.0,0.40111027323631815,0.004613333333333333,0.5023066666666667,0,1.0,1,8,8,,
0.2.3,v0.2.2-seven-family-robustness-v2,synthetic__imbalanced_16d__quality__n50000__kNN+Leiden__42__047c5a42d2bc,ok,imbalanced_16d__quality__n50000,kNN+Leiden,42,0.2.2,50000,16,12.72907609998947,18.908060200003092,425.703125,480.0625,0.9996760824253232,0.9999431858831858,0.896240206254234,0.0,0.0,0.04488847868072434,0.02295958443540474,0.9999326920554302,0.4,0.0,0.5,0,1.0,0,9,8,,
0.2.3,v0.2.2-seven-family-robustness-v2,synthetic__imbalanced_16d__quality__n50000__kNN-DBSCAN__42__35d0c1c9e3fc,ok,imbalanced_16d__quality__n50000,kNN-DBSCAN,42,0.2.2,50000,16,4.536190499988152,10.785469299997203,218.28515625,210.77734375,0.4353261379577399,0.12323252934039798,0.4265505337129035,0.5805647624444044,0.9086503513448025,0.36231981221769033,1.0,0.22123966261589292,0.56815578465063,1.0,0.6984,0,0.75,0,26,8,,
0.2.3,v0.2.2-seven-family-robustness-v2,synthetic__imbalanced_16d__quality__n50000__AMD-DBSCAN__73__748f043aa90b,error,imbalanced_16d__quality__n50000,AMD-DBSCAN,73,,,,,5.823664399998961,,185.77734375,,,,,,,,,,,,,,,,,MemoryError,"Unable to allocate 18.6 GiB for an array with shape (50000, 50000) and data type float64"
0.2.3,v0.2.2-seven-family-robustness-v2,synthetic__imbalanced_16d__quality__n50000__DBSCAN__73__35dd58f059ee,ok,imbalanced_16d__quality__n50000,DBSCAN,73,0.2.2,50000,16,18.82569979999971,24.07552559999749,218.60546875,216.08203125,0.40630956171454724,0.10531379177621246,0.3125906319663199,0.46492682703734384,0.9068814161860195,0.41192929256485666,1.0,0.25938976812320547,0.5548297589456037,1.0,0.69196,0,0.5,0,16,8,,
0.2.3,v0.2.2-seven-family-robustness-v2,synthetic__imbalanced_16d__quality__n50000__HDBSCAN__73__d7262994d00d,ok,imbalanced_16d__quality__n50000,HDBSCAN,73,0.2.2,50000,16,186.68726190000598,191.2374176000012,203.1484375,202.9609375,1.0,1.0,0.9974459866703566,0.9949485698599199,0.9924636279369685,0.9919806492145862,0.9840888951602658,1.0,0.9780525018582998,0.98504,0.9925200000000001,0,1.0,0,50,8,,
0.2.3,v0.2.2-seven-family-robustness-v2,synthetic__imbalanced_16d__quality__n50000__OPTICS__73__f720d7ff4596,ok,imbalanced_16d__quality__n50000,OPTICS,73,0.2.2,50000,16,44.13665929999843,48.607259900003555,218.09765625,213.43359375,0.44929610738157555,0.224106187199366,0.3323085483407089,0.48441966982170487,0.8933357155619082,0.3253716858110109,1.0,0.19429486713807664,0.4418822062947959,1.0,0.6418,0,0.625,0,9,8,,
0.2.3,v0.2.2-seven-family-robustness-v2,synthetic__imbalanced_16d__quality__n50000__SNN-DBSCAN__73__680822aeb5e3,ok,imbalanced_16d__quality__n50000,SNN-DBSCAN,73,0.2.2,50000,16,6.972815299988724,13.737113299997873,314.74609375,299.1484375,0.0,0.0,0.0,0.0,0.8571428571428571,0.0,0.0,0.0,0.0,1.0,0.5,0,0.0,0,0,8,,
0.2.3,v0.2.2-seven-family-robustness-stratascan-fast-v1,synthetic__imbalanced_16d__quality__n50000__StrataSCAN__73__76d8862c7dbd,ok,imbalanced_16d__quality__n50000,StrataSCAN,73,0.2.2,50000,16,5.609317899972666,8.616715599986492,311.20703125,296.39453125,0.9440694179197106,0.9647423491323446,0.9785021586227337,0.9864542637863574,0.9945366785127036,0.9731768867665903,1.0,0.9477551432418674,0.9832438587929072,1.0,0.98352,0,1.0,0,12,8,,
0.2.3,v0.2.2-seven-family-robustness-v2,synthetic__imbalanced_16d__quality__n50000__VDBSCAN-2007__73__d25447a691c1,ok,imbalanced_16d__quality__n50000,VDBSCAN-2007,73,0.2.2,50000,16,29.45640349999303,34.66028070000175,766.3203125,766.34375,1.0,1.0,0.99912089309056,0.01913457056319301,0.009659784512499337,0.04054234531579986,0.020690595287364832,1.0,0.40116820180365226,0.004853333333333334,0.5024266666666667,0,1.0,0,9,8,,
0.2.3,v0.2.2-seven-family-robustness-v2,synthetic__imbalanced_16d__quality__n50000__kNN+Leiden__73__b31e999fb4de,ok,imbalanced_16d__quality__n50000,kNN+Leiden,73,0.2.2,50000,16,14.117590299996664,20.263279300008435,426.09375,477.57421875,0.9996562221910045,0.9998978648656406,0.9206328679603573,0.0,0.0,0.04340369756956666,0.022183283286969915,0.9999662617808284,0.4,0.0,0.5,0,1.0,0,9,8,,
0.2.3,v0.2.2-seven-family-robustness-v2,synthetic__imbalanced_16d__quality__n50000__kNN-DBSCAN__73__f5d01da9e3d8,ok,imbalanced_16d__quality__n50000,kNN-DBSCAN,73,0.2.2,50000,16,5.9042393999989145,10.732555999988108,218.70703125,207.97265625,0.4026872427683001,0.10288519022222249,0.308741458411382,0.4606558446544219,0.9068814161860195,0.4071638162273114,1.0,0.25562190285188624,0.5548297589456037,1.0,0.69196,0,0.5,0,24,8,,
0.2.3,v0.2.2-seven-family-robustness-v2,synthetic__imbalanced_16d__quality__n50000__AMD-DBSCAN__101__382473dfa3eb,error,imbalanced_16d__quality__n50000,AMD-DBSCAN,101,,,,,7.485252400001627,,187.7578125,,,,,,,,,,,,,,,,,MemoryError,"Unable to allocate 18.6 GiB for an array with shape (50000, 50000) and data type float64"
0.2.3,v0.2.2-seven-family-robustness-v2,synthetic__imbalanced_16d__quality__n50000__DBSCAN__101__79cf89cc3d42,ok,imbalanced_16d__quality__n50000,DBSCAN,101,0.2.2,50000,16,18.554002200005925,23.91120889999729,218.48828125,207.76953125,0.39339192779109317,0.11239406030226987,0.2665782516445473,0.4118386805034229,0.9049555365179724,0.4342664641855208,1.0,0.2773565579660524,0.5399754715879227,1.0,0.68492,0,0.375,0,25,8,,
0.2.3,v0.2.2-seven-family-robustness-v2,synthetic__imbalanced_16d__quality__n50000__HDBSCAN__101__f4342c07ef28,ok,imbalanced_16d__quality__n50000,HDBSCAN,101,0.2.2,50000,16,209.10674109999673,214.6842617999937,201.7578125,206.7890625,1.0,1.0,0.9889392819614347,0.9905363983573447,0.9921386817173957,0.9929695444076605,0.9860372532860406,1.0,0.9771350400625366,0.9844,0.9922,0,1.0,0,49,8,,
0.2.3,v0.2.2-seven-family-robustness-v2,synthetic__imbalanced_16d__quality__n50000__OPTICS__101__4639523d3e24,ok,imbalanced_16d__quality__n50000,OPTICS,101,0.2.2,50000,16,44.86702439999499,49.169503400000394,215.63671875,209.08203125,0.5037408662227799,0.28909170491829644,0.27630095622602563,0.4241156176633778,0.9120315198093247,0.6408974106317564,1.0,0.4715592595034839,0.592817741753912,1.0,0.7106399999999999,0,0.375,0,10,8,,
0.2.3,v0.2.2-seven-family-robustness-v2,synthetic__imbalanced_16d__quality__n50000__SNN-DBSCAN__101__cefa97cc5288,ok,imbalanced_16d__quality__n50000,SNN-DBSCAN,101,0.2.2,50000,16,7.640086899991729,16.241146400003345,317.0625,317.0625,0.0,0.0,0.0,0.0,0.8571428571428571,0.0,0.0,0.0,0.0,1.0,0.5,0,0.0,0,0,8,,
0.2.3,v0.2.2-seven-family-robustness-stratascan-fast-v1,synthetic__imbalanced_16d__quality__n50000__StrataSCAN__101__e2158e00a7d6,ok,imbalanced_16d__quality__n50000,StrataSCAN,101,0.2.2,50000,16,37.51208719998249,44.23240339997574,398.91796875,403.96875,0.8742251308533705,0.8921457193148684,0.9415358694373405,0.9630689877824193,0.9856100926473487,0.9245563675232574,1.0,0.8596976536966494,0.9541936833298473,1.0,0.9561999999999999,0,1.0,0,20,8,,
0.2.3,v0.2.2-seven-family-robustness-v2,synthetic__imbalanced_16d__quality__n50000__VDBSCAN-2007__101__3a500c089233,ok,imbalanced_16d__quality__n50000,VDBSCAN-2007,101,0.2.2,50000,16,28.204682099996717,33.515903999999864,764.828125,763.7578125,0.9999999999999999,1.0,0.9983435478249698,0.0192380435060904,0.00971260249980097,0.04079001721273194,0.020819625038201398,1.0,0.4011746393439992,0.00488,0.50244,0,1.0,0,9,8,,
0.2.3,v0.2.2-seven-family-robustness-v2,synthetic__imbalanced_16d__quality__n50000__kNN+Leiden__101__aeaccd4c4fab,ok,imbalanced_16d__quality__n50000,kNN+Leiden,101,0.2.2,50000,16,14.671021200003452,20.8334262999997,426.12890625,477.66796875,1.0,1.0,0.8088570367936669,0.0,0.0,0.04196917265310137,0.021434377879519368,1.0,0.4,0.0,0.5,0,1.0,0,8,8,,
0.2.3,v0.2.2-seven-family-robustness-v2,synthetic__imbalanced_16d__quality__n50000__kNN-DBSCAN__101__dbb6f83692a4,ok,imbalanced_16d__quality__n50000,kNN-DBSCAN,101,0.2.2,50000,16,6.088979599997401,11.158062000002246,219.33984375,206.9765625,0.3909674728867675,0.11090435827835689,0.26337333290002163,0.40800131784421256,0.9049336985243549,0.43146557897025983,1.0,0.27507562039155214,0.5398049179370364,1.0,0.68484,0,0.375,0,29,8,,
0.2.3,v0.2.2-seven-family-robustness-v2,synthetic__imbalanced_16d__quality__n50000__AMD-DBSCAN__151__e7ba63bdd7ae,error,imbalanced_16d__quality__n50000,AMD-DBSCAN,151,,,,,33.2377192999993,,100.7109375,,,,,,,,,,,,,,,,,MemoryError,"Unable to allocate 18.6 GiB for an array with shape (50000, 50000) and data type float64"
0.2.3,v0.2.2-seven-family-robustness-v2,synthetic__imbalanced_16d__quality__n50000__DBSCAN__151__c7b54f510b83,ok,imbalanced_16d__quality__n50000,DBSCAN,151,0.2.2,50000,16,17.930124999998952,23.02977429999737,216.8359375,208.046875,0.38933759324351547,0.14857620852377376,0.2796373096102675,0.4267697841558563,0.9006520721002006,0.47564398527319196,1.0,0.31202946075457044,0.5054104143002331,1.0,0.66908,0,0.625,0,36,8,,
0.2.3,v0.2.2-seven-family-robustness-v2,synthetic__imbalanced_16d__quality__n50000__HDBSCAN__151__3ffbe67a1cff,ok,imbalanced_16d__quality__n50000,HDBSCAN,151,0.2.2,50000,16,183.44798199999786,188.45814170000085,202.39453125,202.92578125,1.0,1.0,0.9872521944355847,0.9900192652953834,0.9928018908465835,0.9926515942579133,0.9854103988248766,1.0,0.9790100250626566,0.9857066666666666,0.9928533333333334,0,1.0,0,43,8,,
0.2.3,v0.2.2-seven-family-robustness-v2,synthetic__imbalanced_16d__quality__n50000__OPTICS__151__a44ddd2dc768,ok,imbalanced_16d__quality__n50000,OPTICS,151,0.2.2,50000,16,48.42825779999839,53.070143000004464,219.828125,220.1875,0.5775589102917947,0.38698929170096064,0.43809055544640874,0.594552750402248,0.9248640449853871,0.7010218759198514,1.0,0.5396718104211873,0.677738403765801,1.0,0.7562800000000001,0,0.625,0,9,8,,
0.2.3,v0.2.2-seven-family-robustness-v2,synthetic__imbalanced_16d__quality__n50000__SNN-DBSCAN__151__bf97b16baffb,ok,imbalanced_16d__quality__n50000,SNN-DBSCAN,151,0.2.2,50000,16,8.136800300009781,15.083559499995317,316.47265625,316.47265625,0.0,0.0,0.0,0.0,0.8571428571428571,0.0,0.0,0.0,0.0,1.0,0.5,0,0.0,0,0,8,,
0.2.3,v0.2.2-seven-family-robustness-stratascan-fast-v1,synthetic__imbalanced_16d__quality__n50000__StrataSCAN__151__76ce414a8928,ok,imbalanced_16d__quality__n50000,StrataSCAN,151,0.2.2,50000,16,6.085109500010731,9.03977699999814,319.078125,308.66015625,0.8955932066795087,0.9172808950526656,0.9541851359806077,0.9707537858695469,0.9879080060064807,0.9408711743628309,1.0,0.8883444124909028,0.9618802425047753,1.0,0.96328,0,1.0,0,15,8,,
0.2.3,v0.2.2-seven-family-robustness-v2,synthetic__imbalanced_16d__quality__n50000__VDBSCAN-2007__151__fd592e231dce,ok,imbalanced_16d__quality__n50000,VDBSCAN-2007,151,0.2.2,50000,16,38.664143600006355,136.5778707999998,622.65234375,622.20703125,1.0,1.0,0.9983380840817013,0.01861610343075285,0.009395652520105104,0.04101664619346854,0.020937720636455864,1.0,0.4011360172007124,0.00472,0.50236,0,1.0,0,9,8,,
0.2.3,v0.2.2-seven-family-robustness-v2,synthetic__imbalanced_16d__quality__n50000__kNN+Leiden__151__b3a32a6f2749,ok,imbalanced_16d__quality__n50000,kNN+Leiden,151,0.2.2,50000,16,12.231025399989448,18.276384900003904,425.1171875,478.2265625,1.0,1.0,0.9102686850397977,0.0,0.0,0.04454556969904633,0.022780162507898764,1.0,0.4,0.0,0.5,0,1.0,0,9,8,,
0.2.3,v0.2.2-seven-family-robustness-v2,synthetic__imbalanced_16d__quality__n50000__kNN-DBSCAN__151__72c0b8a250d5,ok,imbalanced_16d__quality__n50000,kNN-DBSCAN,151,0.2.2,50000,16,5.877215300002717,11.1680680999998,220.3046875,218.83984375,0.38550148617533964,0.14676050791508452,0.27266926439186473,0.41860678798664486,0.9006520721002006,0.4720222808650287,1.0,0.3089196098567805,0.5054104143002331,1.0,0.66908,0,0.625,0,44,8,,
0.2.3,v0.2.2-seven-family-robustness-v2,synthetic__moons_2d__quality__n100000__AMD-DBSCAN__23__81d5182a4c8f,error,moons_2d__quality__n100000,AMD-DBSCAN,23,,,,,5.11161870000069,,191.19140625,,,,,,,,,,,,,,,,,MemoryError,"Unable to allocate 74.5 GiB for an array with shape (100000, 100000) and data type float64"
0.2.3,v0.2.2-seven-family-robustness-v2,synthetic__moons_2d__quality__n100000__DBSCAN__23__ad44c8174d2a,ok,moons_2d__quality__n100000,DBSCAN,23,0.2.2,100000,2,2.2506915999983903,11.211265000005369,216.54296875,215.015625,0.17685320193820656,0.014535936418670037,0.1643127358497974,0.2663603983090258,0.7029045881575545,0.028655328775360683,0.9839912962088109,0.014539368694276291,0.8413786756246836,0.97864,0.855,0,1.0,0,2101,2,,
0.2.3,v0.2.2-seven-family-robustness-v2,synthetic__moons_2d__quality__n100000__HDBSCAN__23__a88a66f20baf,ok,moons_2d__quality__n100000,HDBSCAN,23,0.2.2,100000,2,117.80692180000187,123.1922523000103,207.6484375,209.4140625,0.9900232999099653,0.9965895351741195,0.9891015324379332,0.711367989845034,0.5554118154376887,0.977939255533625,0.9599494986049689,0.9966161572308595,0.9063946978179948,0.3864,0.6923666666666667,0,1.0,0,152,2,,
0.2.3,v0.2.2-seven-family-robustness-v2,synthetic__moons_2d__quality__n100000__OPTICS__23__3270032970c7,ok,moons_2d__quality__n100000,OPTICS,23,0.2.2,100000,2,227.0150474999973,231.96466180001153,210.89453125,202.0390625,0.012101331616150075,9.713645156192146e-06,0.0030086056621554808,0.0059719435632475506,0.39690991549794985,1.7627215372630526e-05,0.561042958670952,8.813746144341627e-06,0.013102911904667749,0.98544,0.4960333333333333,0,0.0,0,17,2,,
0.2.3,v0.2.2-seven-family-robustness-v2,synthetic__moons_2d__quality__n100000__SNN-DBSCAN__23__276e244b6108,ok,moons_2d__quality__n100000,SNN-DBSCAN,23,0.2.2,100000,2,2.397630500010564,12.908501900004921,324.73828125,311.1640625,0.16072803862937457,0.0013870989629157808,0.013662329808669178,0.0249994699222005,0.14689167246578522,0.002762367445579698,0.7377115742878525,0.0013837745006533507,0.8222364541543815,0.10132,0.5042933333333334,0,0.0,0,2727,2,,
0.2.3,v0.2.2-seven-family-robustness-stratascan-fast-v1,synthetic__moons_2d__quality__n100000__StrataSCAN__23__7fbb080c3547,ok,moons_2d__quality__n100000,StrataSCAN,23,0.2.2,100000,2,3.2809561000030953,6.140409000014188,337.29296875,333.64453125,0.8832841961300527,0.9463401108830523,0.9760780969223412,0.9702106515068927,0.9644133258979283,0.9527664158630242,0.9592545707529246,0.9463654397895055,0.9886332900127324,0.93388,0.9664733333333333,0,1.0,0,21,2,,
0.2.3,v0.2.2-seven-family-robustness-v2,synthetic__moons_2d__quality__n100000__VDBSCAN-2007__23__679e141f4bc8,ok,moons_2d__quality__n100000,VDBSCAN-2007,23,0.2.2,100000,2,2.636981600007857,8.945387900006608,223.5390625,223.1953125,0.5514661109406344,0.689885768795044,0.90352776335622,0.0023953813994350864,0.0011992804317409553,0.6789599481740166,0.6590997894635175,0.7000541539774394,0.8572163328285283,0.0006,0.5003,2,2.0,1,554,2,,
0.2.3,v0.2.2-seven-family-robustness-v2,synthetic__moons_2d__quality__n100000__kNN+Leiden__23__cae5aa51f819,ok,moons_2d__quality__n100000,kNN+Leiden,23,0.2.2,100000,2,41.053791700003785,47.59593710000627,560.73046875,595.47265625,0.35933339966459144,0.08876725877531128,0.22099296930376883,0.0,0.0,0.158800327301068,0.7519327809406633,0.08877426064695058,0.8571428571428571,0.0,0.5,21,11.5,0,33,2,,
0.2.3,v0.2.2-seven-family-robustness-v2,synthetic__moons_2d__quality__n100000__kNN-DBSCAN__23__d054928f408a,ok,moons_2d__quality__n100000,kNN-DBSCAN,23,0.2.2,100000,2,0.943327799992403,11.729266299997107,206.94921875,198.609375,0.12447217086702016,0.0003233052173749878,0.005902121121664574,0.011686599594508334,0.5863156516668055,0.0005943805656165381,0.9835934044215222,0.00029728010524725105,0.7002940238150669,0.98528,0.7633666666666667,0,0.0,0,3605,2,,
0.2.3,v0.2.2-seven-family-robustness-v2,synthetic__moons_2d__quality__n100000__AMD-DBSCAN__42__18804ca68342,error,moons_2d__quality__n100000,AMD-DBSCAN,42,,,,,5.4648096000018995,,189.17578125,,,,,,,,,,,,,,,,,MemoryError,"Unable to allocate 74.5 GiB for an array with shape (100000, 100000) and data type float64"
0.2.3,v0.2.2-seven-family-robustness-v2,synthetic__moons_2d__quality__n100000__DBSCAN__42__b8c419217869,ok,moons_2d__quality__n100000,DBSCAN,42,0.2.2,100000,2,2.035774300005869,10.493255699999281,216.1640625,215.0234375,0.18841268454484092,0.035208014556574976,0.2853666176431294,0.40574865536064625,0.7018057169083374,0.06798799110090828,0.9840638239647689,0.035210318497382154,0.8404092817611705,0.97864,0.8542733333333333,0,1.0,0,2021,2,,
0.2.3,v0.2.2-seven-family-robustness-v2,synthetic__moons_2d__quality__n100000__HDBSCAN__42__d938a91c891a,ok,moons_2d__quality__n100000,HDBSCAN,42,0.2.2,100000,2,117.87245419999817,123.15664150001248,207.92578125,222.53125,0.9640937976995358,0.9845671987629064,0.9874747841660443,0.7445196369451245,0.5975101458813207,0.974763212967603,0.9650512682395097,0.984672620247651,0.9102438666438373,0.4358,0.71408,0,1.0,0,136,2,,
0.2.3,v0.2.2-seven-family-robustness-v2,synthetic__moons_2d__quality__n100000__OPTICS__42__dfbe991bac9b,ok,moons_2d__quality__n100000,OPTICS,42,0.2.2,100000,2,226.85774789999414,232.15865349999513,209.60546875,205.9609375,0.011590655396950802,8.005445156548202e-06,0.00327450111445587,0.006495636248105201,0.3985679230862062,1.626048723114235e-05,0.6205156037991859,8.130350142670471e-06,0.012548708803909913,0.9908,0.49856666666666666,0,0.0,0,14,2,,
0.2.3,v0.2.2-seven-family-robustness-v2,synthetic__moons_2d__quality__n100000__SNN-DBSCAN__42__41fa6f2d91bf,ok,moons_2d__quality__n100000,SNN-DBSCAN,42,0.2.2,100000,2,2.4838347000040812,14.356073199989623,326.0390625,323.5546875,0.16138889648743357,0.001458195847458946,0.01221549994734672,0.02249606117955777,0.14202032963877562,0.0029152333464551833,0.7119337897873582,0.0014606071273011725,0.8190998583312143,0.09892,0.50044,0,0.0,0,2647,2,,
0.2.3,v0.2.2-seven-family-robustness-stratascan-fast-v1,synthetic__moons_2d__quality__n100000__StrataSCAN__42__2ff978948764,ok,moons_2d__quality__n100000,StrataSCAN,42,0.2.2,100000,2,3.1059381999948528,6.052950799989048,341.09375,339.03125,0.9283389857722049,0.969268270354982,0.9815573642378375,0.9726740090602777,0.9639500051647557,0.9635452732365989,0.9577870526398524,0.969373149506209,0.98848906626208,0.9332,0.9661,0,1.0,0,12,2,,
0.2.3,v0.2.2-seven-family-robustness-v2,synthetic__moons_2d__quality__n100000__VDBSCAN-2007__42__2c865204fc1f,ok,moons_2d__quality__n100000,VDBSCAN-2007,42,0.2.2,100000,2,2.774842400001944,9.220826300006593,223.56640625,222.921875,0.5511277248137026,0.6913199529303875,0.9038979362870732,0.0023953826997943216,0.0011992804317409553,0.6802952368548945,0.6606166542085,0.7011821940140626,0.8572163328285283,0.0006,0.5003,2,2.0,1,567,2,,
0.2.3,v0.2.2-seven-family-robustness-v2,synthetic__moons_2d__quality__n100000__kNN+Leiden__42__151a032f1e10,ok,moons_2d__quality__n100000,kNN+Leiden,42,0.2.2,100000,2,23.228428000002168,29.773680300000706,557.73046875,592.64453125,0.34785018643522925,0.07919330629109633,0.1923578033358412,0.0,0.0,0.14272298131400996,0.7169531707799361,0.07924954514342605,0.8571428571428571,0.0,0.5,18,10.0,0,36,2,,
0.2.3,v0.2.2-seven-family-robustness-v2,synthetic__moons_2d__quality__n100000__kNN-DBSCAN__42__c7c7f59783bd,ok,moons_2d__quality__n100000,kNN-DBSCAN,42,0.2.2,100000,2,0.8742012000002433,11.172739000001457,208.40625,209.4296875,0.12489928443306514,0.0003104040893995235,0.008575729625815568,0.0169036168853155,0.5848913172585818,0.0006331684952541805,0.9840176241434856,0.0003166861338524583,0.6982298592522235,0.98484,0.76196,0,0.0,0,3528,2,,
0.2.3,v0.2.2-seven-family-robustness-v2,synthetic__moons_2d__quality__n100000__AMD-DBSCAN__73__93bdf86404ba,error,moons_2d__quality__n100000,AMD-DBSCAN,73,,,,,5.7433341999858385,,188.0,,,,,,,,,,,,,,,,,MemoryError,"Unable to allocate 74.5 GiB for an array with shape (100000, 100000) and data type float64"
0.2.3,v0.2.2-seven-family-robustness-v2,synthetic__moons_2d__quality__n100000__DBSCAN__73__ea59b56573ff,ok,moons_2d__quality__n100000,DBSCAN,73,0.2.2,100000,2,2.094087000004947,10.378132099998766,216.33203125,214.58984375,0.18217455647855638,0.014440498097302187,0.12552897886850745,0.21320833750068802,0.7071094696751111,0.02846169476154439,0.9852135156998436,0.014439416517773807,0.8446481589176946,0.98028,0.85808,0,1.0,0,1937,2,,
0.2.3,v0.2.2-seven-family-robustness-v2,synthetic__moons_2d__quality__n100000__HDBSCAN__73__9bc8cda63603,ok,moons_2d__quality__n100000,HDBSCAN,73,0.2.2,100000,2,117.89890299999388,123.47536999998556,207.55078125,210.5234375,0.98723466714299,0.9954984406961448,0.989514639481023,0.7327355119139434,0.5817669437790616,0.9787453822921978,0.9624723055156088,0.9955781995964337,0.9097893809075159,0.41288,0.7053533333333333,0,1.0,0,139,2,,
0.2.3,v0.2.2-seven-family-robustness-v2,synthetic__moons_2d__quality__n100000__OPTICS__73__d27844ddb523,ok,moons_2d__quality__n100000,OPTICS,73,0.2.2,100000,2,232.61622300000454,238.1884665999969,206.4375,202.86328125,0.007965138693230973,1.0274685667548757e-05,0.002955554472168483,0.005867659622417372,0.39913597892944896,1.0363929947678681e-05,0.6733505821474773,5.182004853462759e-06,0.008454138287440701,0.99412,0.49918666666666667,0,0.0,0,10,2,,
0.2.3,v0.2.2-seven-family-robustness-v2,synthetic__moons_2d__quality__n100000__SNN-DBSCAN__73__568dec5b778b,ok,moons_2d__quality__n100000,SNN-DBSCAN,73,0.2.2,100000,2,3.8567782000027364,17.09097639999527,323.140625,320.77734375,0.16185053075838304,0.0014912688131786254,0.017776402571646047,0.03166838292616764,0.1449250087199163,0.0029797807423857492,0.7412567017123617,0.0014928910104269448,0.8223507814198411,0.09972,0.5037866666666666,0,0.0,0,2652,2,,
0.2.3,v0.2.2-seven-family-robustness-stratascan-fast-v1,synthetic__moons_2d__quality__n100000__StrataSCAN__73__a03e108c5eb4,ok,moons_2d__quality__n100000,StrataSCAN,73,0.2.2,100000,2,3.234174199984409,6.1564425000105985,337.49609375,330.6484375,0.8053424668659458,0.8993989342791884,0.9640134141353975,0.9640429435864316,0.9640724748466005,0.9291833753322659,0.9608937195489717,0.8994991077095389,0.9885287967439988,0.93328,0.9661666666666666,0,1.0,0,31,2,,
0.2.3,v0.2.2-seven-family-robustness-v2,synthetic__moons_2d__quality__n100000__VDBSCAN-2007__73__5fc2da4572aa,ok,moons_2d__quality__n100000,VDBSCAN-2007,73,0.2.2,100000,2,2.71981589999632,9.19361959998787,223.7578125,220.5078125,0.5561822569116934,0.6968904942947622,0.9061210867876267,0.0020763710236373066,0.0010393763741754947,0.6835592305665833,0.661800597505162,0.7067972607269527,0.8571934737263194,0.00052,0.5002466666666667,2,2.0,1,580,2,,
0.2.3,v0.2.2-seven-family-robustness-v2,synthetic__moons_2d__quality__n100000__kNN+Leiden__73__33f2fb9d32d2,ok,moons_2d__quality__n100000,kNN+Leiden,73,0.2.2,100000,2,28.708461400005035,35.48678769999242,560.39453125,594.8359375,0.35494223989566,0.08495076618162647,0.22230585881463236,0.0,0.0,0.15284339816785839,0.7593610091450382,0.08497337564557277,0.8571428571428571,0.0,0.5,20,11.0,0,35,2,,
0.2.3,v0.2.2-seven-family-robustness-v2,synthetic__moons_2d__quality__n100000__kNN-DBSCAN__73__6e152f4aa921,ok,moons_2d__quality__n100000,kNN-DBSCAN,73,0.2.2,100000,2,0.7774191000062274,12.018337500005146,209.3125,209.46875,0.12535457369253672,0.0003643697492634497,0.008496078590512135,0.0167501660369728,0.5880823763698589,0.0006619360888143386,0.9839671650244952,0.00033107940656195274,0.7025770399772691,0.98632,0.7651533333333334,0,0.0,0,3528,2,,
0.2.3,v0.2.2-seven-family-robustness-v2,synthetic__moons_2d__quality__n100000__AMD-DBSCAN__101__f0ee900a00e7,error,moons_2d__quality__n100000,AMD-DBSCAN,101,,,,,5.893454699995345,,190.375,,,,,,,,,,,,,,,,,MemoryError,"Unable to allocate 74.5 GiB for an array with shape (100000, 100000) and data type float64"
0.2.3,v0.2.2-seven-family-robustness-v2,synthetic__moons_2d__quality__n100000__DBSCAN__101__42177baa3137,ok,moons_2d__quality__n100000,DBSCAN,101,0.2.2,100000,2,2.14603960000386,10.361850700006471,216.2734375,213.078125,0.17917657404491558,0.012630254022412357,0.10641644345679112,0.18484030784186897,0.7026879558899547,0.02495026197351346,0.9840508194767453,0.012635312941678445,0.8411580594679187,0.97876,0.85488,0,1.0,0,2033,2,,
0.2.3,v0.2.2-seven-family-robustness-v2,synthetic__moons_2d__quality__n100000__HDBSCAN__101__b797f0e962a7,ok,moons_2d__quality__n100000,HDBSCAN,101,0.2.2,100000,2,117.16321610000159,122.7722766000079,207.96484375,221.8359375,0.9749147965692859,0.9899983343214103,0.9885682818285395,0.7445390236634479,0.5971354310678538,0.9769200785737304,0.9640821991502986,0.9901044749637768,0.9110685205757048,0.43192,0.7135066666666667,0,1.0,0,139,2,,
0.2.3,v0.2.2-seven-family-robustness-v2,synthetic__moons_2d__quality__n100000__OPTICS__101__0bfa15b50e75,ok,moons_2d__quality__n100000,OPTICS,101,0.2.2,100000,2,232.12274049999542,237.60604339999554,210.5078125,204.69921875,0.008781718732014339,5.384489438970553e-06,0.0027162334895611422,0.005395819740302998,0.39992934677885544,1.1016749422221733e-05,0.7810829888070989,5.5084135576948715e-06,0.009383946559219597,0.99624,0.50048,0,0.0,0,10,2,,
0.2.3,v0.2.2-seven-family-robustness-v2,synthetic__moons_2d__quality__n100000__SNN-DBSCAN__101__97ea97c222dc,ok,moons_2d__quality__n100000,SNN-DBSCAN,101,0.2.2,100000,2,3.5143848000006983,17.00509890000103,325.484375,306.40234375,0.161250306359403,0.0014348858135857412,0.013848175068759908,0.02520693347714669,0.1402216162905378,0.0028653131527356696,0.7223818073224332,0.001435503524538432,0.8209344755506687,0.09668,0.5012933333333334,0,0.0,0,2678,2,,
0.2.3,v0.2.2-seven-family-robustness-stratascan-fast-v1,synthetic__moons_2d__quality__n100000__StrataSCAN__101__079a7dff9ed8,ok,moons_2d__quality__n100000,StrataSCAN,101,0.2.2,100000,2,3.0992010999761987,5.9129798999929335,336.06640625,333.9921875,0.8080788522144438,0.9013404600777902,0.9640741377999249,0.963363489177876,0.9626538874659175,0.9293330507546008,0.9590070155229623,0.9014403363645253,0.9880729345330765,0.93208,0.9653066666666668,0,1.0,0,26,2,,
0.2.3,v0.2.2-seven-family-robustness-v2,synthetic__moons_2d__quality__n100000__VDBSCAN-2007__101__17c986c2ef20,ok,moons_2d__quality__n100000,VDBSCAN-2007,101,0.2.2,100000,2,2.7702273999893805,8.889522299999953,223.53125,223.53125,0.5482792366750512,0.6893920925389847,0.9031839107741723,0.003191792271886393,0.001598721023181455,0.6789936106805279,0.6598628664626903,0.6992667523578406,0.8572408275231455,0.0008,0.5004,2,2.0,1,575,2,,
0.2.3,v0.2.2-seven-family-robustness-v2,synthetic__moons_2d__quality__n100000__kNN+Leiden__101__5d5c9b4d5623,ok,moons_2d__quality__n100000,kNN+Leiden,101,0.2.2,100000,2,29.902760700002545,36.47208629999659,559.12109375,592.859375,0.353873336220088,0.08326988827082167,0.19554643084063833,0.0,0.0,0.149697053813339,0.7367563159980313,0.0833123976639377,0.8571428571428571,0.0,0.5,19,10.5,0,34,2,,
0.2.3,v0.2.2-seven-family-robustness-v2,synthetic__moons_2d__quality__n100000__kNN-DBSCAN__101__fb75d7483dee,ok,moons_2d__quality__n100000,kNN-DBSCAN,101,0.2.2,100000,2,0.8924952999950619,11.960097800008953,210.92578125,199.078125,0.12488901101259083,0.0003142871864518924,0.007967485963577235,0.015721231930238323,0.5860330146044431,0.0006401018598628262,0.9843365327852723,0.0003201550263562584,0.6997135856999895,0.98552,0.76312,0,0.0,0,3566,2,,
0.2.3,v0.2.2-seven-family-robustness-v2,synthetic__moons_2d__quality__n100000__AMD-DBSCAN__151__dffe1457b64b,error,moons_2d__quality__n100000,AMD-DBSCAN,151,,,,,5.629615500001819,,188.5078125,,,,,,,,,,,,,,,,,MemoryError,"Unable to allocate 74.5 GiB for an array with shape (100000, 100000) and data type float64"
0.2.3,v0.2.2-seven-family-robustness-v2,synthetic__moons_2d__quality__n100000__DBSCAN__151__1eba809f2415,ok,moons_2d__quality__n100000,DBSCAN,151,0.2.2,100000,2,1.9236613000102807,10.30088429999887,217.09765625,215.5703125,0.17652587198870592,0.01197352905968089,0.11337375915751546,0.19529289719625587,0.7039057888599358,0.02366878230521291,0.9845596518600658,0.011978370978781657,0.8424455526700831,0.97788,0.8555133333333333,1,1.5,0,2033,2,,
0.2.3,v0.2.2-seven-family-robustness-v2,synthetic__moons_2d__quality__n100000__HDBSCAN__151__e2f690e0537e,ok,moons_2d__quality__n100000,HDBSCAN,151,0.2.2,100000,2,115.96071780000057,121.35543320000579,208.03515625,222.22265625,0.9672219851163316,0.9860752940884124,0.9877193401966886,0.7301986115278974,0.5791905583699827,0.9752583617825754,0.9646508258204394,0.9861017776474039,0.9078586491461169,0.41616,0.7046,0,1.0,0,140,2,,
0.2.3,v0.2.2-seven-family-robustness-v2,synthetic__moons_2d__quality__n100000__OPTICS__151__7c2b29782aea,ok,moons_2d__quality__n100000,OPTICS,151,0.2.2,100000,2,220.32260720001068,225.92966069999966,210.66015625,207.9296875,0.013289515997459051,4.139108977449853e-05,0.0035396721571720677,0.00701697710160277,0.3982508979046208,2.0443268675366295e-05,0.6995668467416167,1.0221783692009565e-05,0.014481285115138087,0.98908,0.4982,0,0.0,0,17,2,,
0.2.3,v0.2.2-seven-family-robustness-v2,synthetic__moons_2d__quality__n100000__SNN-DBSCAN__151__2640c342d781,ok,moons_2d__quality__n100000,SNN-DBSCAN,151,0.2.2,100000,2,2.5744733000028646,13.307484000004479,322.6484375,314.57421875,0.1606533841154191,0.0013645679403744787,0.01610706403075699,0.028887678789617354,0.13987758535665593,0.002719947959475415,0.7265142578497518,0.0013625245117647581,0.8208691029258067,0.09644,0.50114,0,0.0,0,2735,2,,
0.2.3,v0.2.2-seven-family-robustness-stratascan-fast-v1,synthetic__moons_2d__quality__n100000__StrataSCAN__151__224819412381,ok,moons_2d__quality__n100000,StrataSCAN,151,0.2.2,100000,2,3.8132828999951016,7.048890500009293,336.20703125,330.14453125,0.868352867121973,0.9381629070390284,0.973290125335391,0.9676779639959097,0.9621301530115742,0.9473338615107962,0.9566061359276786,0.9382396117229793,0.9879435475896984,0.92936,0.96426,0,1.0,0,25,2,,
0.2.3,v0.2.2-seven-family-robustness-v2,synthetic__moons_2d__quality__n100000__VDBSCAN-2007__151__71a76bd449e9,ok,moons_2d__quality__n100000,VDBSCAN-2007,151,0.2.2,100000,2,2.6514797000127146,8.710643899990828,223.53515625,224.2109375,0.5465199592044218,0.6880833004354261,0.9026108027037412,0.003191788690933899,0.001598721023181455,0.6784947872394054,0.6602838247046814,0.6977387763229241,0.8572408275231455,0.0008,0.5004,2,2.0,1,566,2,,
0.2.3,v0.2.2-seven-family-robustness-v2,synthetic__moons_2d__quality__n100000__kNN+Leiden__151__f2b1be74ce85,ok,moons_2d__quality__n100000,kNN+Leiden,151,0.2.2,100000,2,37.92767649999587,44.346527099987725,568.2578125,595.37109375,0.3570628882036485,0.08756837913170719,0.21276937674849838,0.0,0.0,0.15704358311309188,0.7595986446105939,0.08757461976763825,0.8571428571428571,0.0,0.5,18,10.0,0,35,2,,
0.2.3,v0.2.2-seven-family-robustness-v2,synthetic__moons_2d__quality__n100000__kNN-DBSCAN__151__725988143a04,ok,moons_2d__quality__n100000,kNN-DBSCAN,151,0.2.2,100000,2,1.2140700000018114,12.030911499998183,207.078125,204.859375,0.12446463892380047,0.0002895331795991413,0.005822917319564051,0.011531461780553339,0.5870863888392059,0.0005885344536276126,0.9843030292941951,0.00029435522725050444,0.7018211564127955,0.98472,0.7640466666666668,0,0.0,0,3627,2,,
0.2.3,v0.2.2-seven-family-robustness-v2,synthetic__moons_2d__quality__n20000__AMD-DBSCAN__23__b5ba41773db0,ok,moons_2d__quality__n20000,AMD-DBSCAN,23,0.2.2,20000,2,39.23663149999629,46.53726749999623,3828.81640625,3806.3984375,0.9660652115486265,0.9867124357174465,0.987998125560791,0.0,0.0,0.8928270690869657,0.8152365389861622,0.9867405787438325,0.8571428571428571,0.0,0.5,0,1.0,0,46,2,,
0.2.3,v0.2.2-seven-family-robustness-v2,synthetic__moons_2d__quality__n20000__DBSCAN__23__3590eebada30,ok,moons_2d__quality__n20000,DBSCAN,23,0.2.2,20000,2,0.2687026000057813,5.655807699993602,191.96875,188.65234375,0.2067650077350213,0.02010767691207438,0.14631379979484332,0.24245624579036523,0.7070707070707071,0.03941991937023163,0.9820363128127889,0.02011365070898342,0.844682478959449,0.98,0.858,3,2.5,0,402,2,,
0.2.3,v0.2.2-seven-family-robustness-v2,synthetic__moons_2d__quality__n20000__HDBSCAN__23__568b92f401fe,ok,moons_2d__quality__n20000,HDBSCAN,23,0.2.2,20000,2,4.794460499993875,10.188928799994756,191.75,191.734375,0.9864569560922208,0.9950724343034314,0.9886683123637837,0.7663409714356584,0.6256480218281038,0.9761243171632358,0.9578843402470177,0.9950724274347691,0.9160085705540252,0.4586,0.7280666666666666,0,1.0,0,28,2,,
0.2.3,v0.2.2-seven-family-robustness-v2,synthetic__moons_2d__quality__n20000__OPTICS__23__49c6a96e9d38,ok,moons_2d__quality__n20000,OPTICS,23,0.2.2,20000,2,29.809533899999224,35.143751100011286,190.58203125,189.828125,0.010592918379106423,9.483313156976926e-05,0.005700649608908922,0.011241632418358134,0.40136463977523573,6.27263964197309e-05,1.0,3.136418189091879e-05,0.011269472986410341,1.0,0.5028333333333334,0,0.0,0,2,2,,
0.2.3,v0.2.2-seven-family-robustness-v2,synthetic__moons_2d__quality__n20000__SNN-DBSCAN__23__38c1c7087c2e,ok,moons_2d__quality__n20000,SNN-DBSCAN,23,0.2.2,20000,2,0.40020689999801107,7.023008699994534,254.43359375,253.83203125,0.20921342792614725,0.00945010406643486,0.06076412314562576,0.08808005720073399,0.1600118747216862,0.018672448736696958,0.7309751126588871,0.009457012046050584,0.8298710278688032,0.1078,0.5139666666666667,0,0.0,0,445,2,,
0.2.3,v0.2.2-seven-family-robustness-stratascan-fast-v1,synthetic__moons_2d__quality__n20000__StrataSCAN__23__b53da67554a2,ok,moons_2d__quality__n20000,StrataSCAN,23,0.2.2,20000,2,1.0166005000064615,4.025372200005222,242.6015625,241.8125,0.9699646555216788,0.9871513634855713,0.9869822193130201,0.9758675958415272,0.9650005131889562,0.9741166590677597,0.961422450008984,0.9871505711872695,0.9887298806887662,0.9402,0.9687,0,1.0,0,3,2,,
0.2.3,v0.2.2-seven-family-robustness-v2,synthetic__moons_2d__quality__n20000__VDBSCAN-2007__23__41cb512f3b40,ok,moons_2d__quality__n20000,VDBSCAN-2007,23,0.2.2,20000,2,0.48435159999644384,5.767854999998235,193.828125,192.53125,0.6061888380998262,0.7539293355399492,0.9248398862084095,0.027356098836347185,0.013883379611265371,0.7729984382174361,0.7930636858934806,0.7539234742410099,0.8577721837633733,0.007,0.5032666666666666,0,1.0,0,160,2,,
0.2.3,v0.2.2-seven-family-robustness-v2,synthetic__moons_2d__quality__n20000__kNN+Leiden__23__af22b19f0f45,ok,moons_2d__quality__n20000,kNN+Leiden,23,0.2.2,20000,2,1.7241573999926914,9.074462899996433,287.765625,293.23828125,0.4095780561109808,0.13810201016158064,0.3012388943292805,0.0,0.0,0.23321056739793705,0.7493440982932614,0.1380940747655243,0.8571428571428571,0.0,0.5,13,7.5,0,20,2,,
0.2.3,v0.2.2-seven-family-robustness-v2,synthetic__moons_2d__quality__n20000__kNN-DBSCAN__23__3e51c8a290fb,ok,moons_2d__quality__n20000,kNN-DBSCAN,23,0.2.2,20000,2,0.1690826999983983,10.239058699997258,191.81640625,187.953125,0.1479133293886029,0.0014769410230726907,0.021497923476754582,0.04148485232856786,0.5902325303365413,0.00295560585206408,0.986711869228672,0.0014800195581633107,0.7054273559365735,0.9874,0.7673000000000001,0,0.0,0,724,2,,
0.2.3,v0.2.2-seven-family-robustness-v2,synthetic__moons_2d__quality__n20000__AMD-DBSCAN__42__30449481788b,ok,moons_2d__quality__n20000,AMD-DBSCAN,42,0.2.2,20000,2,49.214335700002266,55.51162639999529,4306.890625,4306.890625,0.9641961830365817,0.9863140086720841,0.9876694840249161,0.0,0.0,0.8933421314689556,0.8162810585772291,0.9864698937636129,0.8571428571428571,0.0,0.5,0,1.0,0,48,2,,
0.2.3,v0.2.2-seven-family-robustness-v2,synthetic__moons_2d__quality__n20000__DBSCAN__42__5340ebfa5d38,ok,moons_2d__quality__n20000,DBSCAN,42,0.2.2,20000,2,0.2707654999976512,5.706764500006102,191.90625,189.06640625,0.21929074495832052,0.03423967697712195,0.20566989262564428,0.3192044101568957,0.7125464751767879,0.06612649498917163,0.9826631451659027,0.0342144463706272,0.8499790739261119,0.9774,0.8610333333333333,4,3.0,0,394,2,,
0.2.3,v0.2.2-seven-family-robustness-v2,synthetic__moons_2d__quality__n20000__HDBSCAN__42__ec3f4b06eb61,ok,moons_2d__quality__n20000,HDBSCAN,42,0.2.2,20000,2,4.761891799993464,10.176399700008915,191.421875,191.421875,0.9905115077944667,0.9969354929470753,0.9876378446134356,0.7271264034506819,0.5753619074652285,0.9731602006671612,0.9502505718179992,0.9972017780148464,0.9092067730776233,0.4054,0.7020666666666666,0,1.0,0,27,2,,
0.2.3,v0.2.2-seven-family-robustness-v2,synthetic__moons_2d__quality__n20000__OPTICS__42__9ecb2c137c25,ok,moons_2d__quality__n20000,OPTICS,42,0.2.2,20000,2,29.385101700012456,34.917532400009804,192.19140625,190.78125,0.012826228065981592,5.26852874698793e-05,0.013766251580071342,0.0265949231982887,0.3904865914330785,9.859470019175657e-05,0.3471457185778668,4.9304351691336624e-05,0.013615238593964782,0.9654,0.4861666666666667,0,0.0,0,5,2,,
0.2.3,v0.2.2-seven-family-robustness-v2,synthetic__moons_2d__quality__n20000__SNN-DBSCAN__42__3e3f93fba51f,ok,moons_2d__quality__n20000,SNN-DBSCAN,42,0.2.2,20000,2,0.4061102999985451,6.941429500002414,252.703125,233.9765625,0.20322214875452332,0.007438208488528109,0.04111523365930202,0.06630037472173672,0.17111987151408967,0.014723405650257548,0.6755829416929194,0.007442805707427657,0.8287532804440289,0.1172,0.5165,0,0.0,0,483,2,,
0.2.3,v0.2.2-seven-family-robustness-stratascan-fast-v1,synthetic__moons_2d__quality__n20000__StrataSCAN__42__fb47b24e4f56,ok,moons_2d__quality__n20000,StrataSCAN,42,0.2.2,20000,2,1.0526142000162508,3.9505904000252485,242.53125,242.53125,0.7960681647635027,0.7903081794388523,0.9101845203833794,0.9356648912130361,0.9626129827444536,0.866827984115286,0.9594321065030016,0.790526576876917,0.9879725085910653,0.9372,0.9669333333333334,1,1.5,0,5,2,,
0.2.3,v0.2.2-seven-family-robustness-v2,synthetic__moons_2d__quality__n20000__VDBSCAN-2007__42__e1009ee29b67,ok,moons_2d__quality__n20000,VDBSCAN-2007,42,0.2.2,20000,2,0.40266360000532586,5.697396800009301,194.0,190.9765625,0.6248722684535373,0.7576998608706278,0.9257496081590625,0.029605993122839958,0.015043547110055422,0.7748426935134659,0.7927834806440284,0.757695941681113,0.8576170310175117,0.0076,0.5033333333333333,0,1.0,0,137,2,,
0.2.3,v0.2.2-seven-family-robustness-v2,synthetic__moons_2d__quality__n20000__kNN+Leiden__42__e0d5529de6fc,ok,moons_2d__quality__n20000,kNN+Leiden,42,0.2.2,20000,2,2.9124983999936376,10.119398499999079,286.765625,292.453125,0.3943776671010725,0.12230145920179938,0.2681922809732108,0.0,0.0,0.20820262093592853,0.6981366407952454,0.12234447259634618,0.8571428571428571,0.0,0.5,15,8.5,0,21,2,,
0.2.3,v0.2.2-seven-family-robustness-v2,synthetic__moons_2d__quality__n20000__kNN-DBSCAN__42__34b9fab1d63a,ok,moons_2d__quality__n20000,kNN-DBSCAN,42,0.2.2,20000,2,0.12921070000447799,8.479534199999762,190.17578125,188.60546875,0.14690889722481984,0.001357322976624769,0.017440656511212297,0.03387619331882038,0.5878136200716845,0.002694744748805091,0.9792621078576867,0.0013492287860603636,0.70335339638865,0.984,0.7646666666666666,0,0.0,0,734,2,,
0.2.3,v0.2.2-seven-family-robustness-v2,synthetic__moons_2d__quality__n20000__AMD-DBSCAN__73__ad1ff699f6b9,ok,moons_2d__quality__n20000,AMD-DBSCAN,73,0.2.2,20000,2,52.678175000008196,59.165844700008165,5306.8515625,5306.8671875,0.9650781417460135,0.9860487991683303,0.9886828122522517,0.0,0.0,0.8943165102806505,0.8181762711970426,0.9860822331866471,0.8571428571428571,0.0,0.5,0,1.0,0,54,2,,
0.2.3,v0.2.2-seven-family-robustness-v2,synthetic__moons_2d__quality__n20000__DBSCAN__73__420df8a01c63,ok,moons_2d__quality__n20000,DBSCAN,73,0.2.2,20000,2,0.2689240999898175,5.884055200003786,191.24609375,189.125,0.21358070934028264,0.02287425916711024,0.12832721322999924,0.21739090046793696,0.7105110336817655,0.04469236581095009,0.9859757514140408,0.02286438191758901,0.8479255643685174,0.9788,0.86,5,3.5,0,390,2,,
0.2.3,v0.2.2-seven-family-robustness-v2,synthetic__moons_2d__quality__n20000__HDBSCAN__73__2f395f4e3c5b,ok,moons_2d__quality__n20000,HDBSCAN,73,0.2.2,20000,2,4.672508499992546,9.94807720000972,191.17578125,191.19921875,0.9910456897547152,0.9969355995123659,0.990018551330706,0.736903115946645,0.5868617245744832,0.9784666694145796,0.9606696660544805,0.9969355202915945,0.9107050560943721,0.4172,0.7078333333333333,0,1.0,0,28,2,,
0.2.3,v0.2.2-seven-family-robustness-v2,synthetic__moons_2d__quality__n20000__OPTICS__73__53b32494a652,ok,moons_2d__quality__n20000,OPTICS,73,0.2.2,20000,2,29.194500400000834,34.41111159999855,190.60546875,190.59765625,0.016746052129908026,7.66019882527797e-05,0.012849017551110254,0.02488715702461496,0.39435708799870656,0.00011295401193131416,0.30309101316542647,5.648753167088945e-05,0.018216368521066773,0.9756,0.49243333333333333,0,0.0,0,4,2,,
0.2.3,v0.2.2-seven-family-robustness-v2,synthetic__moons_2d__quality__n20000__SNN-DBSCAN__73__843acbaa7833,ok,moons_2d__quality__n20000,SNN-DBSCAN,73,0.2.2,20000,2,0.38463810000394005,7.030091300010099,254.31640625,237.16015625,0.20364475135632437,0.009200359632622836,0.08927370427645168,0.11631567997209677,0.16685912240184758,0.01813497031122546,0.7960390478159827,0.009171960705871894,0.8254716981132075,0.1156,0.5128,0,0.5,0,513,2,,
0.2.3,v0.2.2-seven-family-robustness-stratascan-fast-v1,synthetic__moons_2d__quality__n20000__StrataSCAN__73__be981ab933ec,ok,moons_2d__quality__n20000,StrataSCAN,73,0.2.2,20000,2,0.9361136000079568,3.8578317000065,237.5234375,235.046875,0.9690749235551465,0.9864988210547784,0.987468153043655,0.9771782276431685,0.967100543199754,0.9750959375353058,0.9639541776482995,0.9864982708805619,0.9893859736137287,0.9436,0.9704999999999999,0,1.0,0,4,2,,
0.2.3,v0.2.2-seven-family-robustness-v2,synthetic__moons_2d__quality__n20000__VDBSCAN-2007__73__e2cfc6894223,ok,moons_2d__quality__n20000,VDBSCAN-2007,73,0.2.2,20000,2,0.38214739999966696,5.661879700011923,193.671875,193.35546875,0.6247275106188998,0.7469888550512364,0.9221504083532011,0.02888229116502383,0.014670896114195083,0.7744732528426451,0.8040707709221385,0.7469773214206339,0.857821261013846,0.0074,0.5034666666666667,0,1.0,0,164,2,,
0.2.3,v0.2.2-seven-family-robustness-v2,synthetic__moons_2d__quality__n20000__kNN+Leiden__73__2d2e0f47edae,ok,moons_2d__quality__n20000,kNN+Leiden,73,0.2.2,20000,2,1.6963581000018166,8.975946899998235,287.8359375,291.90625,0.39638667349001716,0.1248421151422253,0.290707743111714,0.0,0.0,0.2134300924500986,0.7352049006518495,0.12483483131084144,0.8571428571428571,0.0,0.5,15,8.5,0,22,2,,
0.2.3,v0.2.2-seven-family-robustness-v2,synthetic__moons_2d__quality__n20000__kNN-DBSCAN__73__32fd9927bdb1,ok,moons_2d__quality__n20000,kNN-DBSCAN,73,0.2.2,20000,2,0.1269726000027731,7.267452799991588,192.07421875,188.05859375,0.1484070931789009,0.0017188931074110022,0.03301640176125765,0.06251940972549774,0.5875134040271655,0.00335728431865787,0.9862345138280566,0.0016815042005600747,0.7017317136210907,0.9862,0.7646,0,0.0,0,711,2,,
0.2.3,v0.2.2-seven-family-robustness-v2,synthetic__moons_2d__quality__n20000__AMD-DBSCAN__101__f38d85bb3614,ok,moons_2d__quality__n20000,AMD-DBSCAN,101,0.2.2,20000,2,13.800451599992812,26.144535400002496,6289.1796875,6289.1796875,0.9629911326106724,0.984724886131953,0.9876256232079417,0.0,0.0,0.8904508501496023,0.8126191635622091,0.9847710361381518,0.8571428571428571,0.0,0.5,0,1.0,0,39,2,,
0.2.3,v0.2.2-seven-family-robustness-v2,synthetic__moons_2d__quality__n20000__DBSCAN__101__784ea9e63b68,ok,moons_2d__quality__n20000,DBSCAN,101,0.2.2,20000,2,0.25695080000150483,6.053129799998715,192.41015625,190.87109375,0.21617705043962973,0.03222566305124999,0.2210415976352703,0.3365454994176423,0.7048718874052687,0.062433879521296254,0.982033405215598,0.03224184557941059,0.8436029833620194,0.9766,0.8559,4,3.0,0,400,2,,
0.2.3,v0.2.2-seven-family-robustness-v2,synthetic__moons_2d__quality__n20000__HDBSCAN__101__fb2358d03d1b,ok,moons_2d__quality__n20000,HDBSCAN,101,0.2.2,20000,2,4.685759400003008,9.985115100003895,190.56640625,192.4765625,0.9887558039004195,0.9960042125340338,0.9895557675983127,0.7307843260054527,0.5792967095043073,0.9777846926368187,0.9602200600156511,0.9960038938525136,0.9095051490020961,0.4102,0.7041,0,1.0,0,30,2,,
0.2.3,v0.2.2-seven-family-robustness-v2,synthetic__moons_2d__quality__n20000__OPTICS__101__340423d52e4a,ok,moons_2d__quality__n20000,OPTICS,101,0.2.2,20000,2,28.990418600005796,34.111482599997544,191.98046875,190.14453125,0.006759370081533736,4.8998868151461785e-05,0.007017079306235931,0.01379114170736944,0.39821729703685854,4.900017420308666e-05,0.626933575978162,2.4501044583722274e-05,0.00702265800980522,0.9918,0.4976666666666667,0,0.0,0,2,2,,
0.2.3,v0.2.2-seven-family-robustness-v2,synthetic__moons_2d__quality__n20000__SNN-DBSCAN__101__b64080f77d7d,ok,moons_2d__quality__n20000,SNN-DBSCAN,101,0.2.2,20000,2,0.36542370000097435,6.957421699989936,255.0234375,254.85546875,0.20805664617029968,0.010474730973486291,0.09333058710509476,0.1175844940246668,0.1588702559576346,0.02068513834744282,0.774492005023462,0.010482553229319465,0.8277814589482562,0.108,0.5120666666666667,0,0.5,0,466,2,,
0.2.3,v0.2.2-seven-family-robustness-stratascan-fast-v1,synthetic__moons_2d__quality__n20000__StrataSCAN__101__1dd76b2bf2f3,ok,moons_2d__quality__n20000,StrataSCAN,101,0.2.2,20000,2,1.0229221000045072,3.909422700002324,243.08203125,242.1875,0.9758338772618128,0.9901783431994065,0.9878208822658363,0.9769544236671623,0.9663244353182753,0.9757514829813977,0.9617393096770581,0.9901779970662755,0.9891606080634502,0.9412,0.9694666666666667,0,1.0,0,3,2,,
0.2.3,v0.2.2-seven-family-robustness-v2,synthetic__moons_2d__quality__n20000__VDBSCAN-2007__101__943b54068705,ok,moons_2d__quality__n20000,VDBSCAN-2007,101,0.2.2,20000,2,0.422460299989325,5.963244300000952,193.4375,192.12109375,0.6239724575454688,0.7555154309752581,0.9246907087970624,0.0326667680271782,0.0166270783847981,0.7717737725796415,0.7887523950209552,0.7555107080944126,0.857845942543207,0.0084,0.5038666666666667,0,1.0,0,129,2,,
0.2.3,v0.2.2-seven-family-robustness-v2,synthetic__moons_2d__quality__n20000__kNN+Leiden__101__3bfbc2cd9efd,ok,moons_2d__quality__n20000,kNN+Leiden,101,0.2.2,20000,2,2.2876926999888383,9.680807299999287,288.41796875,292.63671875,0.40131608052227774,0.12945853695902387,0.2895372219189747,0.0,0.0,0.22013102807076118,0.7340191721049452,0.12948108636707117,0.8571428571428571,0.0,0.5,14,8.0,0,21,2,,
0.2.3,v0.2.2-seven-family-robustness-v2,synthetic__moons_2d__quality__n20000__kNN-DBSCAN__101__25b76be87046,ok,moons_2d__quality__n20000,kNN-DBSCAN,101,0.2.2,20000,2,0.09906510000291746,6.086053799997899,190.6015625,188.62890625,0.14579750169838301,0.0015326157468897456,0.02110642620433034,0.040748399845868324,0.587286414147449,0.002595704875696239,0.9826700726001614,0.001299568831399742,0.703034992691944,0.983,0.7640666666666667,0,0.0,0,761,2,,
0.2.3,v0.2.2-seven-family-robustness-v2,synthetic__moons_2d__quality__n20000__AMD-DBSCAN__151__daeb1999133e,ok,moons_2d__quality__n20000,AMD-DBSCAN,151,0.2.2,20000,2,13.982682900008513,23.10786449999432,6106.7109375,6106.7109375,0.9739356180026605,0.9893615409949,0.9888653541361927,0.0,0.0,0.8952196522865014,0.8174182628641311,0.9893891274392141,0.8571428571428571,0.0,0.5,0,1.0,0,46,2,,
0.2.3,v0.2.2-seven-family-robustness-v2,synthetic__moons_2d__quality__n20000__DBSCAN__151__c9e500c1a4a6,ok,moons_2d__quality__n20000,DBSCAN,151,0.2.2,20000,2,0.4179301999974996,6.012382899993099,192.7890625,191.11328125,0.2113906822505803,0.021774130882248208,0.14611593708132567,0.2425573431650696,0.7134741442097596,0.04258690205404278,0.9846819546797586,0.021764092990176467,0.8502474305291207,0.9796,0.8620666666666668,3,2.5,0,394,2,,
0.2.3,v0.2.2-seven-family-robustness-v2,synthetic__moons_2d__quality__n20000__HDBSCAN__151__16b9d6895f4d,ok,moons_2d__quality__n20000,HDBSCAN,151,0.2.2,20000,2,4.626878200011561,10.087093599999207,191.78515625,191.77734375,0.9931133854287976,0.997734479724571,0.988522144686437,0.7444484862425736,0.5970357941834452,0.9749109297277694,0.9531082298139942,0.9977344712628351,0.9122625426205553,0.427,0.7129333333333333,0,1.0,0,24,2,,
0.2.3,v0.2.2-seven-family-robustness-v2,synthetic__moons_2d__quality__n20000__OPTICS__151__27c3f0c2fa71,ok,moons_2d__quality__n20000,OPTICS,151,0.2.2,20000,2,29.352105500001926,34.538187400001334,189.8203125,189.984375,0.0,0.0,0.546826583062958,0.05186638947464083,0.02722430459656737,0.4413687685795662,0.28317716191105174,1.0,0.8588359909535942,0.0138,0.5069,0,1.0,1,1,2,,
0.2.3,v0.2.2-seven-family-robustness-v2,synthetic__moons_2d__quality__n20000__SNN-DBSCAN__151__a956e933baad,ok,moons_2d__quality__n20000,SNN-DBSCAN,151,0.2.2,20000,2,0.38378750000265427,7.001703999994788,254.375,233.67578125,0.2061157845548455,0.009014632942457693,0.07625961601002845,0.10361766281915466,0.1615866997229109,0.017797380194081072,0.7791048405216326,0.009001502422545228,0.8265395407778415,0.1108,0.5119666666666667,0,0.0,0,474,2,,
0.2.3,v0.2.2-seven-family-robustness-stratascan-fast-v1,synthetic__moons_2d__quality__n20000__StrataSCAN__151__33d94b635d3b,ok,moons_2d__quality__n20000,StrataSCAN,151,0.2.2,20000,2,1.0351496000075713,4.039505700027803,242.21875,242.15234375,0.9811147298558158,0.9929466375467624,0.9880031252479557,0.9756111359535627,0.9635261481557587,0.9760771222672825,0.9597718378013484,0.9929459927990398,0.9882710542835431,0.9378,0.9674333333333334,0,1.0,0,3,2,,
0.2.3,v0.2.2-seven-family-robustness-v2,synthetic__moons_2d__quality__n20000__VDBSCAN-2007__151__4aa3e22c6cb7,ok,moons_2d__quality__n20000,VDBSCAN-2007,151,0.2.2,20000,2,0.3995831000065664,5.822151500004111,193.92578125,193.42578125,0.6266596744482689,0.7570940406946114,0.9256330503738908,0.04542409658777444,0.023283346487766376,0.7773402915504852,0.7987094698744218,0.7570847668578032,0.8582961181724492,0.0118,0.5055999999999999,0,1.0,0,149,2,,
0.2.3,v0.2.2-seven-family-robustness-v2,synthetic__moons_2d__quality__n20000__kNN+Leiden__151__a7d49251e859,ok,moons_2d__quality__n20000,kNN+Leiden,151,0.2.2,20000,2,2.441810499993153,9.507662300005904,287.4453125,291.71484375,0.41193600208191344,0.14291518482039484,0.3060911725325621,0.0,0.0,0.23969152045985762,0.7426654669365506,0.14290701871360625,0.8571428571428571,0.0,0.5,13,7.5,0,20,2,,
0.2.3,v0.2.2-seven-family-robustness-v2,synthetic__moons_2d__quality__n20000__kNN-DBSCAN__151__84f04cedbdcd,ok,moons_2d__quality__n20000,kNN-DBSCAN,151,0.2.2,20000,2,0.14219059998868033,6.092404600000009,192.09375,188.5234375,0.1494099443124158,0.0018939312153511978,0.0310897522595669,0.059066659836947095,0.5899323636798947,0.003532937241405333,0.9855722575406491,0.0017696403964973107,0.7058773021937922,0.9856,0.7668333333333334,0,0.0,0,708,2,,
0.2.3,v0.2.2-seven-family-robustness-v2,synthetic__moons_2d__quality__n200000__AMD-DBSCAN__23__6fa855a465c9,error,moons_2d__quality__n200000,AMD-DBSCAN,23,,,,,5.622549799998524,,192.4296875,,,,,,,,,,,,,,,,,MemoryError,"Unable to allocate 298. GiB for an array with shape (200000, 200000) and data type float64"
0.2.3,v0.2.2-seven-family-robustness-v2,synthetic__moons_2d__quality__n200000__DBSCAN__23__a27a6abb27dd,ok,moons_2d__quality__n200000,DBSCAN,23,0.2.2,200000,2,5.8407041000027675,23.28546680000727,244.71484375,244.1328125,0.1678936902470049,0.012043754808480682,0.13475503152382287,0.22608568414159577,0.7015916925259967,0.02375816192075983,0.9861617010830441,0.012023918363355956,0.8401346832371585,0.97898,0.8541966666666667,0,1.0,0,4029,2,,
0.2.3,v0.2.2-seven-family-robustness-v2,synthetic__moons_2d__quality__n200000__HDBSCAN__23__1ced325256b6,ok,moons_2d__quality__n200000,HDBSCAN,23,0.2.2,200000,2,505.6885792999965,511.8944499000063,227.01171875,257.73046875,0.9844044326637429,0.9942349769918039,0.989271901081149,0.7152605925796677,0.5601176369814123,0.9784347816154956,0.9631039746074858,0.9942615588652293,0.9066172860459337,0.39234,0.69474,0,1.0,0,289,2,,
0.2.3,v0.2.2-seven-family-robustness-v2,synthetic__moons_2d__quality__n200000__OPTICS__23__62934e31c95d,ok,moons_2d__quality__n200000,OPTICS,23,0.2.2,200000,2,646.7788806999888,652.0669058000058,225.3203125,220.76171875,0.0075588491807964,7.269923862182964e-06,0.001572070004641369,0.003131745321002062,0.3972123194900506,5.078441910462564e-06,0.49977256027152805,2.539233856451419e-06,0.00801635017957418,0.9883,0.49617,0,0.0,0,25,2,,
0.2.3,v0.2.2-seven-family-robustness-v2,synthetic__moons_2d__quality__n200000__SNN-DBSCAN__23__60e87a881b7b,ok,moons_2d__quality__n200000,SNN-DBSCAN,23,0.2.2,200000,2,6.840790400005062,29.399374199987506,374.87890625,369.19921875,0.14905349753558456,0.0007357483019567764,0.010766491964186326,0.019992164630968257,0.13969547253763254,0.0014720559953915182,0.7324142221295374,0.0007367684013564626,0.8199638428190508,0.0967,0.5003933333333334,0,0.0,0,5336,2,,
0.2.3,v0.2.2-seven-family-robustness-stratascan-fast-v1,synthetic__moons_2d__quality__n200000__StrataSCAN__23__b0c2a8b5f9cf,ok,moons_2d__quality__n200000,StrataSCAN,23,0.2.2,200000,2,6.999108999996679,11.320723500015447,459.78125,451.125,0.7116033673413272,0.8436740611237505,0.9495660894004924,0.9577348263751185,0.9660453276400065,0.9008205396470932,0.9662242489361124,0.8437098300866234,0.9890672095605731,0.94116,0.96936,0,1.0,0,72,2,,
0.2.3,v0.2.2-seven-family-robustness-v2,synthetic__moons_2d__quality__n200000__VDBSCAN-2007__23__d9e3c0ae72df,ok,moons_2d__quality__n200000,VDBSCAN-2007,23,0.2.2,200000,2,7.516469499998493,17.037366899996414,258.7734375,258.921875,0.5253147061018719,0.6791666230804221,0.899642323432527,0.0005597138547985168,0.0002799440111977604,0.6721580850054476,0.655911675815794,0.689229756485642,0.8571502042915511,0.00014,0.50006,2,2.0,1,1193,2,,
0.2.3,v0.2.2-seven-family-robustness-v2,synthetic__moons_2d__quality__n200000__kNN+Leiden__23__958e90152203,ok,moons_2d__quality__n200000,kNN+Leiden,23,0.2.2,200000,2,113.24421950000396,120.31971130000602,912.42578125,981.5078125,0.32504176251088424,0.058958473194569296,0.15254486832170203,0.0,0.0,0.10909659095854217,0.7265516768684873,0.05897612519278035,0.8571428571428571,0.0,0.5,21,11.5,0,48,2,,
0.2.3,v0.2.2-seven-family-robustness-v2,synthetic__moons_2d__quality__n200000__kNN-DBSCAN__23__d2c1194a5973,ok,moons_2d__quality__n200000,kNN-DBSCAN,23,0.2.2,200000,2,2.446027600002708,28.922331800000393,222.6015625,224.3515625,0.11738592876018981,0.0002170554789943691,0.004509618944492208,0.008950443813803244,0.5867233606679411,0.00033361756560732435,0.9838703082621555,0.00016683706893869696,0.7009793994338183,0.98522,0.7637499999999999,0,0.0,0,7074,2,,
0.2.3,v0.2.2-seven-family-robustness-v2,synthetic__moons_2d__quality__n200000__AMD-DBSCAN__42__ddb8b89cf308,error,moons_2d__quality__n200000,AMD-DBSCAN,42,,,,,5.511303799998132,,190.59765625,,,,,,,,,,,,,,,,,MemoryError,"Unable to allocate 298. GiB for an array with shape (200000, 200000) and data type float64"
0.2.3,v0.2.2-seven-family-robustness-v2,synthetic__moons_2d__quality__n200000__DBSCAN__42__54f05194117c,ok,moons_2d__quality__n200000,DBSCAN,42,0.2.2,200000,2,5.267563199988217,22.42905520000204,245.16015625,243.16015625,0.17337890181117613,0.014957902112317375,0.14022768961040494,0.23401277880592847,0.7065726513615139,0.02946903718603328,0.9849012850888405,0.014958300777343697,0.8444888139197754,0.97902,0.8574833333333334,1,1.5,0,3968,2,,
0.2.3,v0.2.2-seven-family-robustness-v2,synthetic__moons_2d__quality__n200000__HDBSCAN__42__51416c60f76f,ok,moons_2d__quality__n200000,HDBSCAN,42,0.2.2,200000,2,504.2824713000009,510.40550360000634,227.828125,259.0390625,0.981545817028066,0.9930521496315344,0.9890008699349448,0.7077916060330366,0.5510950475452864,0.9778677863298554,0.9630908428472282,0.9931052483366445,0.9052340913838991,0.38424,0.6904166666666667,0,1.0,0,269,2,,
0.2.3,v0.2.2-seven-family-robustness-v2,synthetic__moons_2d__quality__n200000__OPTICS__42__845548179f60,ok,moons_2d__quality__n200000,OPTICS,42,0.2.2,200000,2,645.2478884999873,650.8097545999917,221.64453125,222.83203125,0.013823836342270558,7.715140831273895e-06,0.0021177198123340903,0.004213152758015247,0.400337885400535,1.0252162766429435e-05,0.8365925839958219,5.126112792615013e-06,0.015297731100762907,0.99526,0.50149,0,0.0,0,29,2,,
0.2.3,v0.2.2-seven-family-robustness-v2,synthetic__moons_2d__quality__n200000__SNN-DBSCAN__42__43d7f616eb91,ok,moons_2d__quality__n200000,SNN-DBSCAN,42,0.2.2,200000,2,6.766074700004538,29.45770579999953,374.625,362.84375,0.14849299334982163,0.000702054361861566,0.008258292773623195,0.015603532624766893,0.14112932289639465,0.0014045602469984068,0.7207166254038865,0.000702965106201416,0.8198021359158699,0.0979,0.5007033333333334,0,0.0,0,5407,2,,
0.2.3,v0.2.2-seven-family-robustness-stratascan-fast-v1,synthetic__moons_2d__quality__n200000__StrataSCAN__42__1e1f29eeba14,ok,moons_2d__quality__n200000,StrataSCAN,42,0.2.2,200000,2,9.394394699978875,12.951665000000503,456.2421875,451.70703125,0.7432945771171934,0.8654477761614202,0.9553698146957039,0.9602943926268475,0.9652700023625849,0.9121813399732812,0.9641895145238408,0.8654966379107277,0.9888286430815896,0.9397,0.96863,0,1.0,0,57,2,,
0.2.3,v0.2.2-seven-family-robustness-v2,synthetic__moons_2d__quality__n200000__VDBSCAN-2007__42__004b00970512,ok,moons_2d__quality__n200000,VDBSCAN-2007,42,0.2.2,200000,2,7.5977573999989545,16.98820110000088,258.8515625,258.1796875,0.5154823538095193,0.6708186519390903,0.896718453326862,0.0004798044113134839,0.00023996640470334154,0.6670523343451783,0.653901813422871,0.6807426472352964,0.8571542859428616,0.00012,0.5000566666666666,2,2.0,1,1208,2,,
0.2.3,v0.2.2-seven-family-robustness-v2,synthetic__moons_2d__quality__n200000__kNN+Leiden__42__3b5d703fdbac,ok,moons_2d__quality__n200000,kNN+Leiden,42,0.2.2,200000,2,94.92152930000157,101.97625370000605,912.953125,981.68359375,0.3278781536209213,0.060386841674658465,0.1566206188035857,0.0,0.0,0.1118221133515343,0.7507171246838933,0.060410220402938704,0.8571428571428571,0.0,0.5,22,12.0,0,47,2,,
0.2.3,v0.2.2-seven-family-robustness-v2,synthetic__moons_2d__quality__n200000__kNN-DBSCAN__42__7b2bfe4d4999,ok,moons_2d__quality__n200000,kNN-DBSCAN,42,0.2.2,200000,2,2.5056944000098156,28.859556099996553,223.91796875,224.8984375,0.11747936069417085,0.0001627405506853031,0.003925364739645531,0.007798521429659954,0.5863471487185586,0.0003311999341362749,0.985153603106323,0.00016562780837077828,0.6999352974162102,0.98606,0.7634733333333333,0,0.0,0,7004,2,,
0.2.3,v0.2.2-seven-family-robustness-v2,synthetic__moons_2d__quality__n200000__AMD-DBSCAN__73__dc8d10ff27d7,error,moons_2d__quality__n200000,AMD-DBSCAN,73,,,,,5.461884200005443,,190.91796875,,,,,,,,,,,,,,,,,MemoryError,"Unable to allocate 298. GiB for an array with shape (200000, 200000) and data type float64"
0.2.3,v0.2.2-seven-family-robustness-v2,synthetic__moons_2d__quality__n200000__DBSCAN__73__5fb20d64a88b,ok,moons_2d__quality__n200000,DBSCAN,73,0.2.2,200000,2,5.160085399998934,22.362822900002357,244.41796875,242.60546875,0.17209733417326353,0.01467995936837792,0.14048491133121283,0.23433974672107197,0.7060078259553645,0.028926006992766522,0.9840667277613331,0.014678739538749406,0.8438278764771409,0.97972,0.8572500000000001,1,1.5,0,4065,2,,
0.2.3,v0.2.2-seven-family-robustness-v2,synthetic__moons_2d__quality__n200000__HDBSCAN__73__2cacc2f49cc9,ok,moons_2d__quality__n200000,HDBSCAN,73,0.2.2,200000,2,501.23697489999176,507.491383200002,230.29296875,252.671875,0.988365152778494,0.9960439065086043,0.9892954519598636,0.721883357566808,0.5682753513806018,0.9784822009548789,0.9613678737829888,0.9962169127588368,0.9080681794060835,0.39906,0.69863,0,1.0,0,296,2,,
0.2.3,v0.2.2-seven-family-robustness-v2,synthetic__moons_2d__quality__n200000__OPTICS__73__11c0c363203a,ok,moons_2d__quality__n200000,OPTICS,73,0.2.2,200000,2,650.4506216000009,656.2014584000135,235.80078125,221.4765625,0.007106506621884416,2.5730072319230875e-06,0.0016519386070963688,0.003290189343391194,0.39708080824318026,4.837017748312706e-06,0.4770320499333754,2.4185211358373665e-06,0.007515016802942499,0.98808,0.49593333333333334,0,0.0,0,24,2,,
0.2.3,v0.2.2-seven-family-robustness-v2,synthetic__moons_2d__quality__n200000__SNN-DBSCAN__73__7f0e407877fc,ok,moons_2d__quality__n200000,SNN-DBSCAN,73,0.2.2,200000,2,6.86964029999217,29.13773940000101,376.74609375,368.94921875,0.14834037947672005,0.0006827705823671715,0.008734288860080517,0.01644982043384939,0.14103210381529863,0.001366120287004055,0.7280900144225727,0.0006837015604652507,0.8195868336111372,0.09792,0.50051,0,0.0,0,5384,2,,
0.2.3,v0.2.2-seven-family-robustness-stratascan-fast-v1,synthetic__moons_2d__quality__n200000__StrataSCAN__73__4df129d03452,ok,moons_2d__quality__n200000,StrataSCAN,73,0.2.2,200000,2,7.119523200002732,10.626424200017937,448.3671875,447.9453125,0.7522411574320886,0.8714193430624717,0.9576904898068638,0.9625376034350616,0.9674340315909393,0.9166644864471781,0.9668048974817012,0.8714684137121829,0.9895130665274137,0.9426,0.97029,0,1.0,0,55,2,,
0.2.3,v0.2.2-seven-family-robustness-v2,synthetic__moons_2d__quality__n200000__VDBSCAN-2007__73__ccfff0c48808,ok,moons_2d__quality__n200000,VDBSCAN-2007,73,0.2.2,200000,2,7.457286500008195,16.7703821999894,259.6328125,259.0234375,0.5232110657650548,0.6778602312703275,0.8993253468132283,0.000879306002776188,0.0004398680395881235,0.6714586415579723,0.6558926469607453,0.6877814379747286,0.8571567352886552,0.00022,0.5000966666666667,2,2.0,1,1199,2,,
0.2.3,v0.2.2-seven-family-robustness-v2,synthetic__moons_2d__quality__n200000__kNN+Leiden__73__cddf14be905d,ok,moons_2d__quality__n200000,kNN+Leiden,73,0.2.2,200000,2,144.27269420000084,152.22720560000744,906.3359375,974.22265625,0.33037355787073047,0.0623519080610337,0.1607524287371287,0.0,0.0,0.11526015985567788,0.7587993915933638,0.06236677626812802,0.8571428571428571,0.0,0.5,22,12.0,0,46,2,,
0.2.3,v0.2.2-seven-family-robustness-v2,synthetic__moons_2d__quality__n200000__kNN-DBSCAN__73__2fdadd247386,ok,moons_2d__quality__n200000,kNN-DBSCAN,73,0.2.2,200000,2,2.2602986999991117,28.583045799998217,224.56640625,220.41015625,0.1171275909500493,0.00015834368317725164,0.004708553690088983,0.009342106335908932,0.5864959573544023,0.000322200449072895,0.984423232746729,0.0001611265927990151,0.7003108870846035,0.9858,0.76359,0,0.0,0,7123,2,,
0.2.3,v0.2.2-seven-family-robustness-v2,synthetic__moons_2d__quality__n200000__AMD-DBSCAN__101__8ca6a5da2bb3,error,moons_2d__quality__n200000,AMD-DBSCAN,101,,,,,5.772153099998832,,193.56640625,,,,,,,,,,,,,,,,,MemoryError,"Unable to allocate 298. GiB for an array with shape (200000, 200000) and data type float64"
0.2.3,v0.2.2-seven-family-robustness-v2,synthetic__moons_2d__quality__n200000__DBSCAN__101__e1797e85cf58,ok,moons_2d__quality__n200000,DBSCAN,101,0.2.2,200000,2,5.049742999995942,22.259325000006356,244.87109375,244.8359375,0.17021059154912027,0.013217951873747,0.09845356551510236,0.1727012289009401,0.7024341279799248,0.026066291587216957,0.9859499814050781,0.013207737169828931,0.8406947509835908,0.97972,0.8548966666666666,0,0.5,0,4102,2,,
0.2.3,v0.2.2-seven-family-robustness-v2,synthetic__moons_2d__quality__n200000__HDBSCAN__101__98804c98d071,ok,moons_2d__quality__n200000,HDBSCAN,101,0.2.2,200000,2,498.59053570000106,504.7372766000044,227.26171875,254.44921875,0.9743031076593689,0.9896803034784095,0.9888575628734171,0.7279321067912427,0.5759569126330701,0.9776572493638437,0.9658850909886757,0.989719905243181,0.9080233523880219,0.41064,0.70277,0,1.0,0,286,2,,
0.2.3,v0.2.2-seven-family-robustness-v2,synthetic__moons_2d__quality__n200000__OPTICS__101__0af56a5f9ed0,ok,moons_2d__quality__n200000,OPTICS,101,0.2.2,200000,2,594.8556738000043,600.3838006000005,225.953125,221.34375,0.008636310100897751,2.820930031821078e-06,0.001518844258300784,0.0030261779080896292,0.39930929242631114,5.747608906649572e-06,0.709395708079168,2.8738160953257155e-06,0.009246257782487747,0.99436,0.49950666666666665,0,0.0,0,21,2,,
0.2.3,v0.2.2-seven-family-robustness-v2,synthetic__moons_2d__quality__n200000__SNN-DBSCAN__101__0b13f05f63d6,ok,moons_2d__quality__n200000,SNN-DBSCAN,101,0.2.2,200000,2,6.574050099996384,28.615544499989483,377.30859375,362.48046875,0.14877623734985249,0.0007050199767646932,0.007742068378287331,0.014674883618609774,0.14039358896327853,0.001410987327027002,0.7216958498553332,0.0007061839935643586,0.8207882922349046,0.09688,0.5012333333333333,0,0.0,0,5310,2,,
0.2.3,v0.2.2-seven-family-robustness-stratascan-fast-v1,synthetic__moons_2d__quality__n200000__StrataSCAN__101__8e06a1f61182,ok,moons_2d__quality__n200000,StrataSCAN,101,0.2.2,200000,2,7.449770900013391,11.352154199994402,431.48828125,421.6015625,0.6246961092650571,0.7668996116535318,0.9263420770745004,0.9459666648411917,0.9664407442070944,0.8554928111328872,0.9671922809448299,0.7669222076738801,0.9892228068263264,0.93968,0.9690166666666666,0,1.0,0,88,2,,
0.2.3,v0.2.2-seven-family-robustness-v2,synthetic__moons_2d__quality__n200000__VDBSCAN-2007__101__b8033dafe728,ok,moons_2d__quality__n200000,VDBSCAN-2007,101,0.2.2,200000,2,7.9986436999897705,17.175456900004065,258.87109375,257.984375,0.5108220830349703,0.6670968075464035,0.8954068362719136,0.0008793041215850209,0.0004398680395881235,0.6644544140366148,0.6522903746921374,0.6770807491655444,0.8571567352886552,0.00022,0.5000966666666667,2,2.0,1,1250,2,,
0.2.3,v0.2.2-seven-family-robustness-v2,synthetic__moons_2d__quality__n200000__kNN+Leiden__101__f01b6b48d1b5,ok,moons_2d__quality__n200000,kNN+Leiden,101,0.2.2,200000,2,80.32818620000035,88.46464199999173,887.09375,960.828125,0.32825841256297456,0.062048581493686056,0.170278015784878,0.0,0.0,0.11482566145934596,0.7666898085608721,0.06206014515749099,0.8571428571428571,0.0,0.5,19,10.5,0,49,2,,
0.2.3,v0.2.2-seven-family-robustness-v2,synthetic__moons_2d__quality__n200000__kNN-DBSCAN__101__619917fe6e95,ok,moons_2d__quality__n200000,kNN-DBSCAN,101,0.2.2,200000,2,2.270799799996894,28.71753369999351,223.17578125,225.37890625,0.11722917368669898,0.00018256155384367543,0.004695489190651847,0.00931641856459571,0.5867120467446538,0.0003337398620017932,0.9843073235635492,0.00016689822530967078,0.7005320387344894,0.98604,0.7638199999999999,0,0.0,0,7118,2,,
0.2.3,v0.2.2-seven-family-robustness-v2,synthetic__moons_2d__quality__n200000__AMD-DBSCAN__151__465a95a5edf7,error,moons_2d__quality__n200000,AMD-DBSCAN,151,,,,,5.700351000006776,,195.64453125,,,,,,,,,,,,,,,,,MemoryError,"Unable to allocate 298. GiB for an array with shape (200000, 200000) and data type float64"
0.2.3,v0.2.2-seven-family-robustness-v2,synthetic__moons_2d__quality__n200000__DBSCAN__151__1f99ae1104a2,ok,moons_2d__quality__n200000,DBSCAN,151,0.2.2,200000,2,5.3969611000065925,22.549740700007533,245.3125,244.03515625,0.17324401784227667,0.014123429503954668,0.115680277932521,0.1988832767987506,0.7083990222595062,0.0278511271529969,0.9854179252380418,0.014125175357893661,0.8459357639021556,0.97956,0.85878,2,2.0,0,3949,2,,
0.2.3,v0.2.2-seven-family-robustness-v2,synthetic__moons_2d__quality__n200000__HDBSCAN__151__9ea050c5bedc,ok,moons_2d__quality__n200000,HDBSCAN,151,0.2.2,200000,2,502.8147683999996,508.9740630000015,228.69140625,249.4140625,0.982006093380888,0.9932381169337529,0.9889003038145388,0.7059596646181431,0.5489080459770115,0.9776695961016052,0.9625192232720068,0.9933045400605341,0.9049757869249395,0.38204,0.68936,0,1.0,0,274,2,,
0.2.3,v0.2.2-seven-family-robustness-v2,synthetic__moons_2d__quality__n200000__OPTICS__151__4c33d16574c3,ok,moons_2d__quality__n200000,OPTICS,151,0.2.2,200000,2,584.5024747999996,589.8289846999978,224.55078125,222.921875,0.014483935734635184,5.86029459813664e-06,0.0018781774426170341,0.003738785977497973,0.39968924597871414,1.0710826266050381e-05,0.7955631849993398,5.355449183766895e-06,0.016084764996173437,0.99294,0.5005333333333334,0,0.0,0,33,2,,
0.2.3,v0.2.2-seven-family-robustness-v2,synthetic__moons_2d__quality__n200000__SNN-DBSCAN__151__9e7b2254c064,ok,moons_2d__quality__n200000,SNN-DBSCAN,151,0.2.2,200000,2,6.809982699996908,29.42043990000093,374.1640625,370.09765625,0.14792821506778975,0.0006538030971382628,0.006790063402673745,0.012952271184905629,0.14007478740453055,0.0013078520189369815,0.7116071033374909,0.0006545274825886568,0.8199143125806909,0.09702,0.50047,0,0.0,0,5441,2,,
0.2.3,v0.2.2-seven-family-robustness-stratascan-fast-v1,synthetic__moons_2d__quality__n200000__StrataSCAN__151__69718d2bda86,ok,moons_2d__quality__n200000,StrataSCAN,151,0.2.2,200000,2,7.170693199994275,10.883053800003836,424.26171875,426.44140625,0.606182265940479,0.7493379548934832,0.9204097256608443,0.942229401059351,0.9651087326032985,0.8442173601947721,0.9664942032400621,0.7494056603421378,0.9888190884272448,0.93686,0.9676633333333333,0,1.0,0,101,2,,
0.2.3,v0.2.2-seven-family-robustness-v2,synthetic__moons_2d__quality__n200000__VDBSCAN-2007__151__28d4c9c55096,ok,moons_2d__quality__n200000,VDBSCAN-2007,151,0.2.2,200000,2,7.704640600000857,17.409033400006592,259.2734375,256.484375,0.5149667955669498,0.6705862752775827,0.8965740092485492,0.001438298411051493,0.0007197265039285072,0.6668751377992671,0.6537547842965548,0.6805329075498785,0.8571836756852514,0.00036,0.5001766666666666,2,2.0,1,1239,2,,
0.2.3,v0.2.2-seven-family-robustness-v2,synthetic__moons_2d__quality__n200000__kNN+Leiden__151__9d81dea933a3,ok,moons_2d__quality__n200000,kNN+Leiden,151,0.2.2,200000,2,156.03820560000895,163.0876600000047,912.59765625,979.8046875,0.3242414363372768,0.058223245229481496,0.16583905106246777,0.0,0.0,0.10809390525367985,0.750127146061603,0.0582434132010649,0.8571428571428571,0.0,0.5,21,11.5,0,50,2,,
0.2.3,v0.2.2-seven-family-robustness-v2,synthetic__moons_2d__quality__n200000__kNN-DBSCAN__151__06184831b9d0,ok,moons_2d__quality__n200000,kNN-DBSCAN,151,0.2.2,200000,2,2.388467800003127,26.77629409999645,224.74609375,220.27734375,0.11728291390960309,0.0001611249874293225,0.00498745927722364,0.009890815365499227,0.5865418359395911,0.00032878049408025135,0.986020561885561,0.0001644176589021187,0.7002272737074077,0.9861,0.7636633333333334,0,0.0,0,7063,2,,
0.2.3,v0.2.2-seven-family-robustness-v2,synthetic__moons_2d__quality__n5000__AMD-DBSCAN__23__00f069b3b588,ok,moons_2d__quality__n5000,AMD-DBSCAN,23,0.2.2,5000,2,0.4985869000083767,6.157028099987656,566.7265625,566.7265625,0.9395336174972517,0.9719318608869371,0.9838986864734687,0.0,0.0,0.8765618505989614,0.7981392170887692,0.9720748488082533,0.8571428571428571,0.0,0.5,0,1.0,0,7,2,,
0.2.3,v0.2.2-seven-family-robustness-v2,synthetic__moons_2d__quality__n5000__DBSCAN__23__c6725662fe54,ok,moons_2d__quality__n5000,DBSCAN,23,0.2.2,5000,2,0.09166510000068229,5.878209499991499,187.88671875,188.21484375,0.24706917793324745,0.0406849225136172,0.21897103604656243,0.33732284663984347,0.734093637454982,0.07765927175606281,0.9819447420628064,0.040428317324795446,0.867126574685063,0.9784,0.8746666666666667,8,5.0,0,112,2,,
0.2.3,v0.2.2-seven-family-robustness-v2,synthetic__moons_2d__quality__n5000__HDBSCAN__23__0046ae29f58d,ok,moons_2d__quality__n5000,HDBSCAN,23,0.2.2,5000,2,0.256317699997453,5.718714799993904,187.59765625,187.83984375,0.978375453856074,0.9914825799302923,0.9873085785876484,0.8322410437503938,0.7192716236722305,0.9723562086887982,0.9539537708564828,0.9914826040554963,0.9308238813411442,0.5688,0.7822666666666667,0,1.0,0,9,2,,
0.2.3,v0.2.2-seven-family-robustness-v2,synthetic__moons_2d__quality__n5000__OPTICS__23__220ccf76dec7,ok,moons_2d__quality__n5000,OPTICS,23,0.2.2,5000,2,6.644984700003988,12.11200110000209,187.23828125,187.46484375,0.0,0.0,0.5490483162518301,0.12337893784443285,0.06949806949806948,0.4451367033660316,0.2862867136485128,1.0,0.8615738081562321,0.036,0.518,0,1.0,1,1,2,,
0.2.3,v0.2.2-seven-family-robustness-v2,synthetic__moons_2d__quality__n5000__SNN-DBSCAN__23__eb6e40006106,ok,moons_2d__quality__n5000,SNN-DBSCAN,23,0.2.2,5000,2,0.08499199998914264,7.436821499999496,229.55078125,229.796875,0.27649279938709087,0.045094815663934536,0.2101254093488613,0.18426794576905922,0.16407706650093223,0.08500089283272497,0.7340242276061347,0.04511248665955176,0.8397092122512215,0.1056,0.5225333333333333,8,5.0,0,102,2,,
0.2.3,v0.2.2-seven-family-robustness-stratascan-fast-v1,synthetic__moons_2d__quality__n5000__StrataSCAN__23__192096e2968d,ok,moons_2d__quality__n5000,StrataSCAN,23,0.2.2,5000,2,0.4249906000040937,3.4424794999940787,224.296875,222.16015625,0.9804642955866576,0.9930787494568433,0.9857635102874969,0.9697863990519148,0.9543189368770765,0.9715932788241071,0.9500456506502736,0.9941410174315191,0.9855110642781876,0.9192,0.9584,0,1.0,0,3,2,,
0.2.3,v0.2.2-seven-family-robustness-v2,synthetic__moons_2d__quality__n5000__VDBSCAN-2007__23__83a306948bac,ok,moons_2d__quality__n5000,VDBSCAN-2007,23,0.2.2,5000,2,0.12063560000387952,5.535520600009477,188.265625,188.4921875,0.711330173384293,0.8355283671227333,0.9493050799661604,0.2553169063703153,0.14749262536873153,0.8844368707717237,0.9394429569953892,0.8355159018143009,0.8662656177695511,0.08,0.5392,0,1.0,0,72,2,,
0.2.3,v0.2.2-seven-family-robustness-v2,synthetic__moons_2d__quality__n5000__kNN+Leiden__23__ad393c1a3ece,ok,moons_2d__quality__n5000,kNN+Leiden,23,0.2.2,5000,2,0.27718520000053104,7.511298900004476,235.59375,235.53125,0.4169722423297243,0.1509155248019611,0.34201226547780983,0.0,0.0,0.2497954594106314,0.7201711789919157,0.151103237282106,0.8571428571428571,0.0,0.5,12,7.0,0,18,2,,
0.2.3,v0.2.2-seven-family-robustness-v2,synthetic__moons_2d__quality__n5000__kNN-DBSCAN__23__452c73e8f013,ok,moons_2d__quality__n5000,kNN-DBSCAN,23,0.2.2,5000,2,0.03122260000964161,5.711167400004342,186.53515625,187.01953125,0.17109868434503092,0.004533281225826528,0.05341771641098415,0.09799819143879127,0.5923612779245736,0.009229285022154077,0.9725986508268163,0.00463664176449662,0.7092684598252527,0.9864,0.7692000000000001,0,0.0,0,202,2,,
0.2.3,v0.2.2-seven-family-robustness-v2,synthetic__moons_2d__quality__n5000__AMD-DBSCAN__42__5f5abe4696a1,ok,moons_2d__quality__n5000,AMD-DBSCAN,42,0.2.2,5000,2,0.5419044000009308,6.158106400005636,566.8515625,566.8515625,0.9413792203694041,0.9724607920878952,0.9840329096420845,0.0,0.0,0.8764236878683279,0.7975498306888432,0.9726101743151904,0.8571428571428571,0.0,0.5,0,1.0,0,6,2,,
0.2.3,v0.2.2-seven-family-robustness-v2,synthetic__moons_2d__quality__n5000__DBSCAN__42__3bea8ad52d2d,ok,moons_2d__quality__n5000,DBSCAN,42,0.2.2,5000,2,0.07255019999865908,5.702524300009827,187.37109375,187.6640625,0.24912697379674512,0.04504386259779093,0.262399412774214,0.3843879751178123,0.7183431952662723,0.08573958735313053,0.9798099171497524,0.044831305585200994,0.8561933534743202,0.9712,0.8634666666666666,6,4.0,0,100,2,,
0.2.3,v0.2.2-seven-family-robustness-v2,synthetic__moons_2d__quality__n5000__HDBSCAN__42__412c99487d4c,ok,moons_2d__quality__n5000,HDBSCAN,42,0.2.2,5000,2,0.26907899999059737,5.646946299995761,187.359375,187.609375,0.9869617338417945,0.9952063952498929,0.9869411583746813,0.8149333992641978,0.6939834024896265,0.9700398526396878,0.9461158784987586,0.9952051227321238,0.9269078295341923,0.5352,0.7664,0,1.0,0,7,2,,
0.2.3,v0.2.2-seven-family-robustness-v2,synthetic__moons_2d__quality__n5000__OPTICS__42__ea10ecf8155e,ok,moons_2d__quality__n5000,OPTICS,42,0.2.2,5000,2,6.80361649999395,12.360985999999684,187.765625,188.0703125,0.03172520543355287,0.0012581723955356673,0.0345005149330587,0.06357627758427604,0.40433446546983665,0.001257693131408454,1.0,0.0006292422625400213,0.0351061042703694,1.0,0.5089333333333333,0,0.0,0,1,2,,
0.2.3,v0.2.2-seven-family-robustness-v2,synthetic__moons_2d__quality__n5000__SNN-DBSCAN__42__e7f904c96b99,ok,moons_2d__quality__n5000,SNN-DBSCAN,42,0.2.2,5000,2,0.08320459999958985,6.8898331000091275,232.53515625,229.8359375,0.28684774955106324,0.05556773726274605,0.2450381624522765,0.21919713486304732,0.19828641370869032,0.10326308017701574,0.7767066732211871,0.055308146567057986,0.8434138178340903,0.1296,0.5352,6,4.0,0,94,2,,
0.2.3,v0.2.2-seven-family-robustness-stratascan-fast-v1,synthetic__moons_2d__quality__n5000__StrataSCAN__42__80251f1148d7,ok,moons_2d__quality__n5000,StrataSCAN,42,0.2.2,5000,2,0.47294120001606643,3.585656300012488,223.87890625,223.84375,0.9340452208484288,0.9660701025838995,0.9758791070278143,0.9599164723995136,0.9444676409185804,0.9525863952851152,0.9379902638300126,0.9676439701173959,0.9825115055884286,0.9048,0.9505333333333333,0,1.0,0,3,2,,
0.2.3,v0.2.2-seven-family-robustness-v2,synthetic__moons_2d__quality__n5000__VDBSCAN-2007__42__68330b275d30,ok,moons_2d__quality__n5000,VDBSCAN-2007,42,0.2.2,5000,2,0.0918931999913184,5.606009500013897,187.81640625,188.0546875,0.6997696314560293,0.8150950607727656,0.9427397271331219,0.2577732171518222,0.1492978566149298,0.881383419783991,0.9593877801906856,0.8151097829953753,0.866890250954088,0.0808,0.5401333333333334,0,1.0,0,74,2,,
0.2.3,v0.2.2-seven-family-robustness-v2,synthetic__moons_2d__quality__n5000__kNN+Leiden__42__0e6d07b8a3fe,ok,moons_2d__quality__n5000,kNN+Leiden,42,0.2.2,5000,2,0.2605302000010852,6.589248399992357,235.4453125,235.4453125,0.41969598370597877,0.15211949010799802,0.3295491150565441,0.0,0.0,0.24944772844553847,0.6932671014378065,0.1520850942725009,0.8571428571428571,0.0,0.5,12,7.0,0,17,2,,
0.2.3,v0.2.2-seven-family-robustness-v2,synthetic__moons_2d__quality__n5000__kNN-DBSCAN__42__b4771865a580,ok,moons_2d__quality__n5000,kNN-DBSCAN,42,0.2.2,5000,2,0.027574499996262603,5.772918000002392,186.59375,187.078125,0.17149526068523027,0.005676755703111195,0.06394593632685419,0.11538521757402909,0.5899591640643767,0.009416837525281834,0.9809405794535906,0.004731127712557809,0.7075552509850951,0.9824,0.7665333333333333,0,0.0,0,201,2,,
0.2.3,v0.2.2-seven-family-robustness-v2,synthetic__moons_2d__quality__n5000__AMD-DBSCAN__73__daaf59bd3401,ok,moons_2d__quality__n5000,AMD-DBSCAN,73,0.2.2,5000,2,0.5607031999970786,5.942350599987549,566.33984375,566.33984375,0.9317880571376156,0.9661716539400786,0.9828011485664603,0.0,0.0,0.872491550339984,0.7952045891017732,0.9664190679473497,0.8571428571428571,0.0,0.5,0,1.0,0,7,2,,
0.2.3,v0.2.2-seven-family-robustness-v2,synthetic__moons_2d__quality__n5000__DBSCAN__73__8c4997fa6e2d,ok,moons_2d__quality__n5000,DBSCAN,73,0.2.2,5000,2,0.06612660000973847,5.596669999998994,187.43359375,187.73046875,0.23726192106673064,0.030554265887399772,0.1619205126508156,0.26436160467283937,0.7196702002355712,0.05931280352116291,0.9844059224510738,0.030577588046958377,0.8558449424591158,0.9776,0.8656,5,3.5,0,110,2,,
0.2.3,v0.2.2-seven-family-robustness-v2,synthetic__moons_2d__quality__n5000__HDBSCAN__73__eb44e1fa8611,ok,moons_2d__quality__n5000,HDBSCAN,73,0.2.2,5000,2,0.3059685000043828,5.6699809999990975,187.58203125,187.8359375,0.9924233281073731,0.9973363187161998,0.9890398519136423,0.8406918092391409,0.7310414560161781,0.9760875151017168,0.9557264316249514,0.9973350409107079,0.9336823734729495,0.5784,0.7885333333333333,0,1.0,0,9,2,,
0.2.3,v0.2.2-seven-family-robustness-v2,synthetic__moons_2d__quality__n5000__OPTICS__73__8e0e2c1f0f0d,ok,moons_2d__quality__n5000,OPTICS,73,0.2.2,5000,2,6.7258576000022,12.304600600007689,187.2421875,187.53125,0.0208590520394466,0.0005138499061961287,0.022419186652763295,0.04247416138719425,0.4027710649266957,0.0005138487355650758,1.0,0.0002569903948772679,0.02267334563669918,1.0,0.5057333333333334,0,0.0,0,1,2,,
0.2.3,v0.2.2-seven-family-robustness-v2,synthetic__moons_2d__quality__n5000__SNN-DBSCAN__73__bbeff184cbfa,ok,moons_2d__quality__n5000,SNN-DBSCAN,73,0.2.2,5000,2,0.08393290000094566,7.0640434000088135,234.46484375,232.4765625,0.26750442211949627,0.03484188038850865,0.15215628212718416,0.15132876693500164,0.15051020408163265,0.06660609046408766,0.7456928565340736,0.03485990750622554,0.8420303605313093,0.0944,0.5205333333333333,4,3.0,0,112,2,,
0.2.3,v0.2.2-seven-family-robustness-stratascan-fast-v1,synthetic__moons_2d__quality__n5000__StrataSCAN__73__c49e0e293330,ok,moons_2d__quality__n5000,StrataSCAN,73,0.2.2,5000,2,0.39437950000865385,3.175984800007427,223.67578125,223.37890625,0.9796395479548787,0.9920157733710084,0.9860087108946396,0.9697988112473515,0.9541132699462588,0.9721045950097553,0.9529781429878267,0.9920145144076841,0.9853581321725365,0.9232,0.9596,0,1.0,0,3,2,,
0.2.3,v0.2.2-seven-family-robustness-v2,synthetic__moons_2d__quality__n5000__VDBSCAN-2007__73__571d926dae73,ok,moons_2d__quality__n5000,VDBSCAN-2007,73,0.2.2,5000,2,0.08747939999739174,5.717490600000019,188.8984375,189.125,0.720711263544202,0.8276914022447184,0.9469541191465944,0.25096361628274305,0.14464944649446493,0.8900734388318344,0.9626728766542865,0.8276562077552473,0.8659340659340659,0.0784,0.5382666666666667,0,1.0,0,80,2,,
0.2.3,v0.2.2-seven-family-robustness-v2,synthetic__moons_2d__quality__n5000__kNN+Leiden__73__e391cbae7f62,ok,moons_2d__quality__n5000,kNN+Leiden,73,0.2.2,5000,2,0.2635991999995895,6.731143700002576,235.921875,235.87890625,0.4523349538677683,0.1918700234304642,0.39370755416354913,0.0,0.0,0.3033157654106322,0.7242160319926422,0.19182867307008183,0.8571428571428571,0.0,0.5,9,5.5,0,14,2,,
0.2.3,v0.2.2-seven-family-robustness-v2,synthetic__moons_2d__quality__n5000__kNN-DBSCAN__73__a71fefb7c0d8,ok,moons_2d__quality__n5000,kNN-DBSCAN,73,0.2.2,5000,2,0.02693839999847114,5.564583900006255,187.13671875,187.61328125,0.1729260600435646,0.005013259568935276,0.04781812390508043,0.08848696111550004,0.5918465227817746,0.00928789149567344,0.9845072959827058,0.004665955176093917,0.7080617495711835,0.9872,0.7687999999999999,0,0.0,0,189,2,,
0.2.3,v0.2.2-seven-family-robustness-v2,synthetic__moons_2d__quality__n5000__AMD-DBSCAN__101__613884f27333,ok,moons_2d__quality__n5000,AMD-DBSCAN,101,0.2.2,5000,2,0.5552048000099603,5.9976463000057265,566.4765625,566.4765625,0.9492069836782528,0.9761394054825985,0.9876065372954254,0.0,0.0,0.8798523248146173,0.8007630423090714,0.9762766275346851,0.8571428571428571,0.0,0.5,0,1.0,0,5,2,,
0.2.3,v0.2.2-seven-family-robustness-v2,synthetic__moons_2d__quality__n5000__DBSCAN__101__be917558a93e,ok,moons_2d__quality__n5000,DBSCAN,101,0.2.2,5000,2,0.06983740000578109,5.635965199995553,187.6328125,187.98828125,0.24138235775924066,0.040496759536978705,0.2377705056058807,0.3556593097369032,0.7054061867591789,0.07784699551530287,0.9827069848323834,0.04052877979366774,0.8442134230240024,0.976,0.8561333333333333,6,4.0,0,106,2,,
0.2.3,v0.2.2-seven-family-robustness-v2,synthetic__moons_2d__quality__n5000__HDBSCAN__101__529526461079,ok,moons_2d__quality__n5000,HDBSCAN,101,0.2.2,5000,2,0.2688666000030935,5.869765999988886,187.61328125,187.859375,0.9936657630017864,0.997868087905201,0.9911367536302012,0.873081070362756,0.7801556420233462,0.9802048634558133,0.963156603663188,0.997867520455354,0.9431017119838873,0.6416,0.8202666666666667,0,1.0,0,7,2,,
0.2.3,v0.2.2-seven-family-robustness-v2,synthetic__moons_2d__quality__n5000__OPTICS__101__ce20f3e194b4,ok,moons_2d__quality__n5000,OPTICS,101,0.2.2,5000,2,7.101956699989387,12.44515610000235,188.0703125,188.359375,0.9377712263304802,0.9604808687710746,0.5322867028227473,0.5496313838516298,0.5681444991789819,0.6578640991825304,0.9606152077044703,0.5002145855567414,0.6791005752135263,0.9688,0.7441333333333333,0,0.5,0,2,2,,
0.2.3,v0.2.2-seven-family-robustness-v2,synthetic__moons_2d__quality__n5000__SNN-DBSCAN__101__3ffc1a05fc72,ok,moons_2d__quality__n5000,SNN-DBSCAN,101,0.2.2,5000,2,0.10193099999742117,6.973626599996351,233.7109375,229.4296875,0.2910311658096975,0.05468447645462233,0.22216602418132073,0.1984508652564937,0.17931034482758618,0.1016845217435472,0.721655639583349,0.054695695482034866,0.8442593694229624,0.1144,0.5302666666666667,9,5.5,0,82,2,,
0.2.3,v0.2.2-seven-family-robustness-stratascan-fast-v1,synthetic__moons_2d__quality__n5000__StrataSCAN__101__1b833b1dfb58,ok,moons_2d__quality__n5000,StrataSCAN,101,0.2.2,5000,2,0.425394599995343,3.215561599994544,222.609375,222.609375,0.9762880023358217,0.9899154341485342,0.9875574316979745,0.9732800423832886,0.9594095940959411,0.9752174697485354,0.9609657688640632,0.9898982568480967,0.9869064938500198,0.936,0.9654666666666667,0,1.0,0,3,2,,
0.2.3,v0.2.2-seven-family-robustness-v2,synthetic__moons_2d__quality__n5000__VDBSCAN-2007__101__0dc5c2c5530b,ok,moons_2d__quality__n5000,VDBSCAN-2007,101,0.2.2,5000,2,0.10171870001067873,5.557922799998778,188.703125,188.9296875,0.6901484117001989,0.8069395970623564,0.9415570415783041,0.20355760808324974,0.11411411411411412,0.8711940411784533,0.9466096952845697,0.8069082888651725,0.8638670973696354,0.0608,0.5296,0,1.0,0,70,2,,
0.2.3,v0.2.2-seven-family-robustness-v2,synthetic__moons_2d__quality__n5000__kNN+Leiden__101__ee6af82b370a,ok,moons_2d__quality__n5000,kNN+Leiden,101,0.2.2,5000,2,0.24939589999848977,7.036334800010081,235.62109375,235.3046875,0.45187109479603343,0.1931688892201067,0.36577847569210875,0.0,0.0,0.3086209949226764,0.7662777691874462,0.19322063322660973,0.8571428571428571,0.0,0.5,9,5.5,0,15,2,,
0.2.3,v0.2.2-seven-family-robustness-v2,synthetic__moons_2d__quality__n5000__kNN-DBSCAN__101__d4302f387da4,ok,moons_2d__quality__n5000,kNN-DBSCAN,101,0.2.2,5000,2,0.027522300006239675,5.781355200000689,186.82421875,187.31640625,0.17465144055053325,0.005644946635915764,0.05137801606555406,0.09447689738892891,0.5862974456910958,0.010505672904852242,0.9762731481481481,0.00528125222340804,0.7017725004302185,0.9824,0.7630666666666667,0,0.0,0,181,2,,
0.2.3,v0.2.2-seven-family-robustness-v2,synthetic__moons_2d__quality__n5000__AMD-DBSCAN__151__14046b21444d,ok,moons_2d__quality__n5000,AMD-DBSCAN,151,0.2.2,5000,2,0.5436623999994481,6.065226000006078,566.2578125,566.2578125,0.9422300549098348,0.9719358449210508,0.9857346465098582,0.0,0.0,0.8757017905360583,0.7966806179293745,0.9721249377445749,0.8571428571428571,0.0,0.5,0,1.0,0,4,2,,
0.2.3,v0.2.2-seven-family-robustness-v2,synthetic__moons_2d__quality__n5000__DBSCAN__151__a7129326d72c,ok,moons_2d__quality__n5000,DBSCAN,151,0.2.2,5000,2,0.057245500007411465,5.399260600010166,187.89453125,188.1953125,0.2618876994907259,0.0578865768364599,0.2697615272571181,0.3909928893201412,0.71012402653591,0.10897478122208058,0.9854128881995128,0.05767655638562789,0.8461656206949334,0.9848,0.8609333333333333,5,3.5,0,86,2,,
0.2.3,v0.2.2-seven-family-robustness-v2,synthetic__moons_2d__quality__n5000__HDBSCAN__151__2b98768bdbff,ok,moons_2d__quality__n5000,HDBSCAN,151,0.2.2,5000,2,0.26764340000227094,5.74456019999343,187.80078125,188.01953125,0.9906852911588887,0.9968017041702285,0.9900837330143717,0.6875972929913626,0.5266862170087977,0.9739630874120881,0.9521475781553492,0.9968017075773746,0.9027124773960217,0.3592,0.6788,0,1.0,0,9,2,,
0.2.3,v0.2.2-seven-family-robustness-v2,synthetic__moons_2d__quality__n5000__OPTICS__151__54970e2aeb0a,ok,moons_2d__quality__n5000,OPTICS,151,0.2.2,5000,2,6.755219300001045,12.298661699998775,187.17578125,187.4609375,0.025454481525952692,0.0007841496498767185,0.027489626556016597,0.05137418814061879,0.3917425227568271,0.0007838189730833835,0.5819256756756757,0.000392173603699751,0.027546777546777545,0.964,0.48906666666666665,0,0.0,0,2,2,,
0.2.3,v0.2.2-seven-family-robustness-v2,synthetic__moons_2d__quality__n5000__SNN-DBSCAN__151__7f3fb2b7af81,ok,moons_2d__quality__n5000,SNN-DBSCAN,151,0.2.2,5000,2,0.11023920000297949,7.020746199996211,230.26171875,230.08203125,0.2717063409540511,0.04336420284213257,0.219798826112281,0.18964847501299514,0.16677195198989261,0.08197146856280249,0.7613852372091162,0.04331753824261828,0.843293334917429,0.1056,0.526,4,3.0,0,116,2,,
0.2.3,v0.2.2-seven-family-robustness-stratascan-fast-v1,synthetic__moons_2d__quality__n5000__StrataSCAN__151__90e58e0b5c08,ok,moons_2d__quality__n5000,StrataSCAN,151,0.2.2,5000,2,0.404950900003314,3.370034999999916,224.41015625,224.41796875,0.9754780440769143,0.9899154369695886,0.9867783039907827,0.9717649782004107,0.957201646090535,0.9736533357505996,0.9574377940481801,0.9904276058342227,0.9862615587846765,0.9304,0.9629333333333334,0,1.0,0,3,2,,
0.2.3,v0.2.2-seven-family-robustness-v2,synthetic__moons_2d__quality__n5000__VDBSCAN-2007__151__cb15c44c8803,ok,moons_2d__quality__n5000,VDBSCAN-2007,151,0.2.2,5000,2,0.08362900000065565,5.576559299996006,187.96484375,188.21484375,0.7015180794824016,0.8143199569291982,0.9441385251531855,0.9298316888829733,0.9159519725557461,0.8898145758379536,0.9806503791993804,0.814380078263963,0.9744392279603548,0.8544,0.9253333333333333,0,1.0,0,51,2,,
0.2.3,v0.2.2-seven-family-robustness-v2,synthetic__moons_2d__quality__n5000__kNN+Leiden__151__6d3fd35ee38a,ok,moons_2d__quality__n5000,kNN+Leiden,151,0.2.2,5000,2,0.23302679999324027,6.807285100003355,236.40234375,235.64453125,0.427572024527972,0.1618024016268043,0.3299401162688995,0.0,0.0,0.2650512107179988,0.7317936660528074,0.16183308431163287,0.8571428571428571,0.0,0.5,11,6.5,0,17,2,,
0.2.3,v0.2.2-seven-family-robustness-v2,synthetic__moons_2d__quality__n5000__kNN-DBSCAN__151__f3f0db19f1c1,ok,moons_2d__quality__n5000,kNN-DBSCAN,151,0.2.2,5000,2,0.027157200005603954,5.5972599999950035,187.37890625,187.8515625,0.1775049501089357,0.005922730669744183,0.054979253112033194,0.10060916122359717,0.591636798088411,0.011561789395147863,0.9893951866737688,0.005814870152970473,0.7061049011177988,0.9904,0.7689333333333332,0,0.0,0,171,2,,
0.2.3,v0.2.2-seven-family-robustness-v2,synthetic__moons_2d__quality__n50000__AMD-DBSCAN__23__67524de422df,memory_limit,moons_2d__quality__n50000,AMD-DBSCAN,23,,,,,12.395645099997637,,8194.33203125,,,,,,,,,,,,,,,,,,peak_rss_mb=8194.332; limit_mb=8192
0.2.3,v0.2.2-seven-family-robustness-v2,synthetic__moons_2d__quality__n50000__DBSCAN__23__6031af11a91f,ok,moons_2d__quality__n50000,DBSCAN,23,0.2.2,50000,2,0.8763829000090482,7.8557712999900104,202.97265625,193.13671875,0.19125967000102123,0.01608087283351706,0.11627254976064502,0.1995308629401774,0.7027259931634733,0.03161780675345034,0.9829021352362709,0.01606732874642203,0.8412413518032738,0.97856,0.8548666666666667,2,2.0,0,1022,2,,
0.2.3,v0.2.2-seven-family-robustness-v2,synthetic__moons_2d__quality__n50000__HDBSCAN__23__3f3b6a38b9a7,ok,moons_2d__quality__n50000,HDBSCAN,23,0.2.2,50000,2,29.13824939999904,34.53015610000875,194.8671875,194.86328125,0.9893555796522988,0.9962700598064139,0.9884465773090878,0.7285308920544901,0.5768468723464478,0.9763386377419417,0.9571890764473419,0.9962700545806887,0.9092123641221838,0.4076,0.7028666666666666,0,1.0,0,74,2,,
0.2.3,v0.2.2-seven-family-robustness-v2,synthetic__moons_2d__quality__n50000__OPTICS__23__653efd0dd62a,ok,moons_2d__quality__n50000,OPTICS,23,0.2.2,50000,2,85.18595379999897,90.30330120000872,203.453125,203.02734375,0.016294094073776674,2.9982668282922953e-05,0.006379224711002076,0.012556492531651493,0.3966227015159097,4.815722263091703e-05,0.6477159690871528,2.4079506462566893e-05,0.017920487689518354,0.98272,0.49590666666666666,0,0.0,0,12,2,,
0.2.3,v0.2.2-seven-family-robustness-v2,synthetic__moons_2d__quality__n50000__SNN-DBSCAN__23__959888694191,ok,moons_2d__quality__n50000,SNN-DBSCAN,23,0.2.2,50000,2,1.1028520999971079,8.702659899994615,298.24609375,246.80859375,0.17736125164748254,0.0030188282362814296,0.025009877123750735,0.04275134785095168,0.1471032160687333,0.006008972006545456,0.7578978364705975,0.0030164438992301814,0.8225046512189818,0.10136,0.50456,0,0.0,0,1298,2,,
0.2.3,v0.2.2-seven-family-robustness-stratascan-fast-v1,synthetic__moons_2d__quality__n50000__StrataSCAN__23__87cd60965ea2,ok,moons_2d__quality__n50000,StrataSCAN,23,0.2.2,50000,2,2.2108997000032105,5.169548800011398,296.625,292.37890625,0.8907120637433431,0.9486880691536191,0.9785160498214783,0.9700045995688488,0.9616399431702862,0.957593138739695,0.9666678968911571,0.9486871776272512,0.9874610230212965,0.9476,0.9699333333333333,0,1.0,0,11,2,,
0.2.3,v0.2.2-seven-family-robustness-v2,synthetic__moons_2d__quality__n50000__VDBSCAN-2007__23__21a22efeda2e,ok,moons_2d__quality__n50000,VDBSCAN-2007,23,0.2.2,50000,2,1.0887807999970391,6.8970962000021245,205.078125,203.828125,0.5740933470792682,0.7178018612701715,0.9125587667449249,0.006032875446431853,0.0030264415418923226,0.7445079988351229,0.7732611922895485,0.7178164794566821,0.856845523992498,0.00152,0.5002666666666666,0,1.0,0,323,2,,
0.2.3,v0.2.2-seven-family-robustness-v2,synthetic__moons_2d__quality__n50000__kNN+Leiden__23__25633f5bcaf7,ok,moons_2d__quality__n50000,kNN+Leiden,23,0.2.2,50000,2,5.532490700003109,11.913343000007444,387.8828125,405.60546875,0.3681248530840641,0.09475273588716732,0.23246385799998415,0.0,0.0,0.16803248320243475,0.7416082632291331,0.09475044855725638,0.8571428571428571,0.0,0.5,20,11.0,0,30,2,,
0.2.3,v0.2.2-seven-family-robustness-v2,synthetic__moons_2d__quality__n50000__kNN-DBSCAN__23__687551a634ab,ok,moons_2d__quality__n50000,kNN-DBSCAN,23,0.2.2,50000,2,0.30038559999957215,7.015204499999527,202.5703125,197.9921875,0.13362490527844453,0.0006676259744664867,0.01208503162680594,0.023682574851572772,0.5871004620587815,0.00124138202335519,0.9823584196815427,0.0006210834355610076,0.7011755783086842,0.986,0.7641866666666667,0,0.0,0,1805,2,,
0.2.3,v0.2.2-seven-family-robustness-v2,synthetic__moons_2d__quality__n50000__AMD-DBSCAN__42__2cbfca9bed70,memory_limit,moons_2d__quality__n50000,AMD-DBSCAN,42,,,,,13.11053200000606,,8243.50390625,,,,,,,,,,,,,,,,,,peak_rss_mb=8243.504; limit_mb=8192
0.2.3,v0.2.2-seven-family-robustness-v2,synthetic__moons_2d__quality__n50000__DBSCAN__42__4e0a2abb3379,ok,moons_2d__quality__n50000,DBSCAN,42,0.2.2,50000,2,0.8976636999868788,6.98044579999987,202.3828125,196.91015625,0.19140780258246548,0.015652519621018775,0.11602744363931858,0.19914172492246712,0.7020262901096379,0.030829488039086663,0.9826876585062145,0.015660397887887353,0.8406642315602075,0.9784,0.8543733333333334,2,2.0,0,1010,2,,
0.2.3,v0.2.2-seven-family-robustness-v2,synthetic__moons_2d__quality__n50000__HDBSCAN__42__ec712bf4582c,ok,moons_2d__quality__n50000,HDBSCAN,42,0.2.2,50000,2,29.160298200004036,34.643731100004516,198.23046875,201.76953125,0.9838729791931887,0.9940354268558761,0.988827202258896,0.7036529581458729,0.5461463077189139,0.9769602556956677,0.9604121585207009,0.9940886049033726,0.9047463491948265,0.37896,0.6880133333333334,0,1.0,0,68,2,,
0.2.3,v0.2.2-seven-family-robustness-v2,synthetic__moons_2d__quality__n50000__OPTICS__42__0274e84aa38b,ok,moons_2d__quality__n50000,OPTICS,42,0.2.2,50000,2,85.33453429999645,90.47160849999636,199.11328125,194.59765625,0.005510160518560391,8.064658532333805e-06,0.005743102661866022,0.011322094493583932,0.3962197434825934,1.6333364434615512e-05,0.43493410089380397,8.166835564563443e-06,0.005717008099094808,0.98608,0.49448,0,0.0,0,6,2,,
0.2.3,v0.2.2-seven-family-robustness-v2,synthetic__moons_2d__quality__n50000__SNN-DBSCAN__42__076d349e25dc,ok,moons_2d__quality__n50000,SNN-DBSCAN,42,0.2.2,50000,2,1.0782464000076288,8.36297060000652,297.1640625,294.015625,0.17586122926821676,0.002763304973972263,0.021576739546158012,0.03760666530734588,0.14628744608928781,0.00546733956494051,0.7196358661271649,0.002744093729443348,0.8231814779942541,0.1004,0.5048266666666666,0,0.0,0,1324,2,,
0.2.3,v0.2.2-seven-family-robustness-stratascan-fast-v1,synthetic__moons_2d__quality__n50000__StrataSCAN__42__8f1c06497770,ok,moons_2d__quality__n50000,StrataSCAN,42,0.2.2,50000,2,2.317417700018268,5.358947700005956,299.82421875,294.16796875,0.9212125606143102,0.9627833347835059,0.9821031935488729,0.9723959513145021,0.9628787263422955,0.9647325648590559,0.9666907473870511,0.9627822995004178,0.987874446124864,0.94832,0.9705866666666667,0,1.0,0,6,2,,
0.2.3,v0.2.2-seven-family-robustness-v2,synthetic__moons_2d__quality__n50000__VDBSCAN-2007__42__1f11a41fc742,ok,moons_2d__quality__n50000,VDBSCAN-2007,42,0.2.2,50000,2,1.1567500000091968,6.672438900000998,205.2578125,202.55859375,0.569412267152469,0.7089851331059215,0.9094783275422003,0.007296619551351525,0.003663003663003663,0.7382177757916917,0.7699391195977632,0.7090068305865201,0.8569108666315958,0.00184,0.5004533333333333,0,1.0,0,317,2,,
0.2.3,v0.2.2-seven-family-robustness-v2,synthetic__moons_2d__quality__n50000__kNN+Leiden__42__47a523355dc4,ok,moons_2d__quality__n50000,kNN+Leiden,42,0.2.2,50000,2,7.9661616999947,14.309337400001823,392.4453125,404.83984375,0.3782686522855232,0.105548590552939,0.24915172554784082,0.0,0.0,0.1853609990665676,0.7594043073902802,0.10556390776396964,0.8571428571428571,0.0,0.5,18,10.0,0,27,2,,
0.2.3,v0.2.2-seven-family-robustness-v2,synthetic__moons_2d__quality__n50000__kNN-DBSCAN__42__75b368c26b8b,ok,moons_2d__quality__n50000,kNN-DBSCAN,42,0.2.2,50000,2,0.3012862000032328,7.013645599989104,203.1875,192.265625,0.13304701537045535,0.0005640785659139756,0.010556693357804178,0.02074073834403199,0.58756090570364,0.0011493694286222424,0.9829851588181517,0.0005750208900030224,0.7029519025665726,0.984,0.7644266666666666,0,0.0,0,1846,2,,
0.2.3,v0.2.2-seven-family-robustness-v2,synthetic__moons_2d__quality__n50000__AMD-DBSCAN__73__64e841388296,memory_limit,moons_2d__quality__n50000,AMD-DBSCAN,73,,,,,12.71883820000221,,8216.87890625,,,,,,,,,,,,,,,,,,peak_rss_mb=8216.879; limit_mb=8192
0.2.3,v0.2.2-seven-family-robustness-v2,synthetic__moons_2d__quality__n50000__DBSCAN__73__a663af92eda1,ok,moons_2d__quality__n50000,DBSCAN,73,0.2.2,50000,2,0.8018847000057576,6.937033199996222,202.1953125,202.41796875,0.2018068285513744,0.02825328487200953,0.19745836987606946,0.30890117037540443,0.7091172214182345,0.05494770542144687,0.9865199968820424,0.028260897825661813,0.8464476699770818,0.98,0.8593333333333333,4,3.0,0,960,2,,
0.2.3,v0.2.2-seven-family-robustness-v2,synthetic__moons_2d__quality__n50000__HDBSCAN__73__951dbd29759c,ok,moons_2d__quality__n50000,HDBSCAN,73,0.2.2,50000,2,29.013623899998493,34.40131649999239,196.35546875,195.39453125,0.9756957281921661,0.9903697233563904,0.9892650193688479,0.746420732048461,0.5993039058615546,0.978026983936861,0.9658871452078599,0.9904758682240831,0.9114397001184387,0.43392,0.7146,0,1.0,0,72,2,,
0.2.3,v0.2.2-seven-family-robustness-v2,synthetic__moons_2d__quality__n50000__OPTICS__73__d80b73d09ab7,ok,moons_2d__quality__n50000,OPTICS,73,0.2.2,50000,2,85.01280820000102,90.3185467000003,202.33984375,194.74609375,0.008829184251769965,2.2535175255803742e-05,0.005053627471223874,0.009979866439980545,0.3959111397295557,2.2016613975846168e-05,0.43259557344064387,1.1008587124646647e-05,0.009345300950369588,0.98376,0.49423999999999996,0,0.0,0,8,2,,
0.2.3,v0.2.2-seven-family-robustness-v2,synthetic__moons_2d__quality__n50000__SNN-DBSCAN__73__aabd9a557240,ok,moons_2d__quality__n50000,SNN-DBSCAN,73,0.2.2,50000,2,1.0218432000110624,8.597783100005472,297.0625,293.31640625,0.17644715790134444,0.0028438706896436244,0.02073901726949236,0.0363659447962732,0.14753143921751283,0.005645259061828995,0.6941762792732786,0.0028341536437498887,0.8232154930937893,0.10136,0.5052266666666667,0,0.0,0,1301,2,,
0.2.3,v0.2.2-seven-family-robustness-stratascan-fast-v1,synthetic__moons_2d__quality__n50000__StrataSCAN__73__0870415d9cdf,ok,moons_2d__quality__n50000,StrataSCAN,73,0.2.2,50000,2,1.8174217999912798,4.863383699994301,303.26953125,292.54296875,0.9072458586982031,0.956710088930526,0.9813600450689592,0.9721735603769944,0.9631574694998788,0.9633008833194154,0.9699881871961331,0.9567051554749587,0.9878797544055498,0.95368,0.9723999999999999,0,1.0,0,8,2,,
0.2.3,v0.2.2-seven-family-robustness-v2,synthetic__moons_2d__quality__n50000__VDBSCAN-2007__73__d9198c9450dd,ok,moons_2d__quality__n50000,VDBSCAN-2007,73,0.2.2,50000,2,1.106257999999798,6.585125500001595,205.39453125,202.87890625,0.5681715058278767,0.7194629495280828,0.9134697448495908,0.00730138017282782,0.0036653386454183266,0.7456460498272014,0.7737883238983138,0.7194789780788309,0.8570154373927957,0.00184,0.50056,0,1.0,0,362,2,,
0.2.3,v0.2.2-seven-family-robustness-v2,synthetic__moons_2d__quality__n50000__kNN+Leiden__73__9c366cb0d822,ok,moons_2d__quality__n50000,kNN+Leiden,73,0.2.2,50000,2,12.71381649999239,19.044352800003253,393.5078125,406.28125,0.3770068362831461,0.10385965386187122,0.2230065855315661,0.0,0.0,0.18191940504047932,0.7304524020307973,0.10389756324781767,0.8571428571428571,0.0,0.5,18,10.0,0,27,2,,
0.2.3,v0.2.2-seven-family-robustness-v2,synthetic__moons_2d__quality__n50000__kNN-DBSCAN__73__431c8207fa96,ok,moons_2d__quality__n50000,kNN-DBSCAN,73,0.2.2,50000,2,0.30257020000135526,6.716576699996949,202.55078125,191.69921875,0.13457653398111633,0.0007308606097089439,0.01255739573788723,0.02459174189015397,0.5903995400977293,0.001373376336558405,0.9870070970667909,0.0006871662488666063,0.7064478472842134,0.98592,0.7673066666666667,0,0.0,0,1803,2,,
0.2.3,v0.2.2-seven-family-robustness-v2,synthetic__moons_2d__quality__n50000__AMD-DBSCAN__101__1b87a4a4ec5c,memory_limit,moons_2d__quality__n50000,AMD-DBSCAN,101,,,,,12.705604799994035,,8255.16015625,,,,,,,,,,,,,,,,,,peak_rss_mb=8255.160; limit_mb=8192
0.2.3,v0.2.2-seven-family-robustness-v2,synthetic__moons_2d__quality__n50000__DBSCAN__101__e1f663c28a25,ok,moons_2d__quality__n50000,DBSCAN,101,0.2.2,50000,2,0.7932929000089644,6.893343100004131,203.06640625,200.48046875,0.18954069158166995,0.013050928966941997,0.1063155276771941,0.1848586890521263,0.7076584277476746,0.025766454981469192,0.9828036305588167,0.013054352409906307,0.8459435935806012,0.97688,0.8577733333333333,1,1.0,0,979,2,,
0.2.3,v0.2.2-seven-family-robustness-v2,synthetic__moons_2d__quality__n50000__HDBSCAN__101__4d9c226f130c,ok,moons_2d__quality__n50000,HDBSCAN,101,0.2.2,50000,2,28.926457499997923,34.25094890000764,195.60546875,202.1328125,0.9891776459861247,0.9963233405578681,0.9890485778935247,0.7410286719416225,0.5924598061733236,0.9771838753250148,0.9586180358111946,0.996483057940868,0.9114414052514334,0.42304,0.71068,0,1.0,0,61,2,,
0.2.3,v0.2.2-seven-family-robustness-v2,synthetic__moons_2d__quality__n50000__OPTICS__101__913f682bbfea,ok,moons_2d__quality__n50000,OPTICS,101,0.2.2,50000,2,83.78653450000274,89.16165150000597,202.4296875,195.2578125,0.004963948293955115,1.9803555770460262e-05,0.0026592915647271564,0.005283507191566463,0.40057050367782565,1.3119187646246978e-05,0.9580390527627752,6.559638736288158e-06,0.00515971169445996,0.99984,0.5012133333333333,0,0.0,0,2,2,,
0.2.3,v0.2.2-seven-family-robustness-v2,synthetic__moons_2d__quality__n50000__SNN-DBSCAN__101__57fb9bed2ea9,ok,moons_2d__quality__n50000,SNN-DBSCAN,101,0.2.2,50000,2,1.0073531999951228,8.349757599993609,299.8046875,296.765625,0.17581400085186266,0.002900949620637298,0.02894892164442269,0.0489511016533653,0.15839080459770116,0.005719196758678319,0.7247668803073554,0.0028709257382615963,0.8227118644067797,0.11024,0.50816,0,0.0,0,1303,2,,
0.2.3,v0.2.2-seven-family-robustness-stratascan-fast-v1,synthetic__moons_2d__quality__n50000__StrataSCAN__101__9ea68d9ec030,ok,moons_2d__quality__n50000,StrataSCAN,101,0.2.2,50000,2,1.7890324000036344,4.750419999996666,302.47265625,289.63671875,0.9302082610851781,0.9685154780406808,0.9802984467982343,0.970559970430872,0.9610130786796761,0.9610316699420169,0.9533071777990917,0.9688823652817039,0.9876309029836,0.92584,0.9627600000000001,0,1.0,0,10,2,,
0.2.3,v0.2.2-seven-family-robustness-v2,synthetic__moons_2d__quality__n50000__VDBSCAN-2007__101__2fabbbac37eb,ok,moons_2d__quality__n50000,VDBSCAN-2007,101,0.2.2,50000,2,1.0320238999993308,6.682952200004365,205.140625,204.890625,0.5905014105130497,0.725993965003055,0.9149353950669361,0.0072933234024389814,0.003661254377586756,0.7522081802362224,0.7803803876808392,0.7259991679556242,0.8568324260030193,0.00184,0.5003733333333333,0,1.0,0,351,2,,
0.2.3,v0.2.2-seven-family-robustness-v2,synthetic__moons_2d__quality__n50000__kNN+Leiden__101__e3889fcb2770,ok,moons_2d__quality__n50000,kNN+Leiden,101,0.2.2,50000,2,21.955784100005985,28.373014400000102,394.08203125,406.98046875,0.36354532166038883,0.09175145872491473,0.22630916306137314,0.0,0.0,0.16314868685558176,0.7330928199027799,0.09178798087009085,0.8571428571428571,0.0,0.5,21,11.5,0,30,2,,
0.2.3,v0.2.2-seven-family-robustness-v2,synthetic__moons_2d__quality__n50000__kNN-DBSCAN__101__fb60f1bd6c55,ok,moons_2d__quality__n50000,kNN-DBSCAN,101,0.2.2,50000,2,0.2935163999936776,6.835253000012017,202.5546875,198.18359375,0.13406693595739996,0.0006104244149939245,0.009869778501579786,0.019413334719298483,0.5873458777515442,0.0012460264411239886,0.985138968178692,0.0006234074706206554,0.702026899033908,0.98512,0.7643333333333333,0,0.0,0,1781,2,,
0.2.3,v0.2.2-seven-family-robustness-v2,synthetic__moons_2d__quality__n50000__AMD-DBSCAN__151__76be90beab0f,error,moons_2d__quality__n50000,AMD-DBSCAN,151,,,,,5.502298199993675,,188.1875,,,,,,,,,,,,,,,,,MemoryError,"Unable to allocate 18.6 GiB for an array with shape (50000, 50000) and data type float64"
0.2.3,v0.2.2-seven-family-robustness-v2,synthetic__moons_2d__quality__n50000__DBSCAN__151__537b8218539f,ok,moons_2d__quality__n50000,DBSCAN,151,0.2.2,50000,2,0.772653399995761,6.92198549999739,202.41796875,197.4765625,0.18411073837603123,0.011404035017598992,0.08416745724960409,0.15034097294644505,0.7032265485707713,0.022566763288731105,0.9847266723209097,0.011414169644603268,0.8417808849231901,0.97816,0.85512,0,0.0,0,1101,2,,
0.2.3,v0.2.2-seven-family-robustness-v2,synthetic__moons_2d__quality__n50000__HDBSCAN__151__f45bd2893b02,ok,moons_2d__quality__n50000,HDBSCAN,151,0.2.2,50000,2,29.078548000004957,34.27586779999547,195.9140625,203.26953125,0.9781566552711226,0.991378464646013,0.9889682291437383,0.6891139426763351,0.5287863823854064,0.9771082343464343,0.9632430144698207,0.991378444361477,0.902025680360443,0.36408,0.67988,0,1.0,0,68,2,,
0.2.3,v0.2.2-seven-family-robustness-v2,synthetic__moons_2d__quality__n50000__OPTICS__151__fdfc2c750ae6,ok,moons_2d__quality__n50000,OPTICS,151,0.2.2,50000,2,85.47910419999971,90.7476183000108,202.29296875,195.81640625,0.013078693531196237,2.72330709287694e-05,0.005159848928134475,0.010186776237028643,0.3954377530772581,3.3695453646179034e-05,0.34777758205625037,1.6848543033406225e-05,0.014153052902954252,0.98048,0.4938266666666667,0,0.0,0,9,2,,
0.2.3,v0.2.2-seven-family-robustness-v2,synthetic__moons_2d__quality__n50000__SNN-DBSCAN__151__07bce972c522,ok,moons_2d__quality__n50000,SNN-DBSCAN,151,0.2.2,50000,2,1.0946583999902941,8.330437700002221,297.0,299.7265625,0.17711463584038425,0.0029968830531362438,0.02671544539588913,0.045352004751991325,0.14997104806022002,0.005971801353280439,0.7301370792992801,0.0029981616797340304,0.822555300374713,0.1036,0.5054666666666666,0,0.0,0,1281,2,,
0.2.3,v0.2.2-seven-family-robustness-stratascan-fast-v1,synthetic__moons_2d__quality__n50000__StrataSCAN__151__5a267ae572c5,ok,moons_2d__quality__n50000,StrataSCAN,151,0.2.2,50000,2,2.160114900005283,5.004770700004883,300.19140625,296.66796875,0.882758015794489,0.9419902340372278,0.9773867596930876,0.9706224764496137,0.9639511779733182,0.9553119087763196,0.9690181742930044,0.9419879716251534,0.9882000026546676,0.95088,0.9717733333333334,0,1.0,0,11,2,,
0.2.3,v0.2.2-seven-family-robustness-v2,synthetic__moons_2d__quality__n50000__VDBSCAN-2007__151__fa189bec0c5b,ok,moons_2d__quality__n50000,VDBSCAN-2007,151,0.2.2,50000,2,1.1483309999894118,6.705687099994975,205.01171875,204.19921875,0.5806069707336118,0.7186874677740138,0.9125523352683385,0.005719528709928966,0.002868754482428879,0.7444369958553091,0.7720708846557767,0.7187128913542056,0.8569141576425656,0.00144,0.5003066666666667,0,1.0,0,345,2,,
0.2.3,v0.2.2-seven-family-robustness-v2,synthetic__moons_2d__quality__n50000__kNN+Leiden__151__c1826d8f7280,ok,moons_2d__quality__n50000,kNN+Leiden,151,0.2.2,50000,2,13.16942070001096,19.382124399999157,391.2890625,405.953125,0.37984306301161286,0.10800627038659039,0.2529189106809362,0.0,0.0,0.18801161295835872,0.724877751590254,0.10801354881149217,0.8571428571428571,0.0,0.5,17,9.5,0,26,2,,
0.2.3,v0.2.2-seven-family-robustness-v2,synthetic__moons_2d__quality__n50000__kNN-DBSCAN__151__35da6af4d5f7,ok,moons_2d__quality__n50000,kNN-DBSCAN,151,0.2.2,50000,2,0.2932552999991458,6.835392700013472,202.69921875,191.96875,0.13361648117292763,0.0006411182418735823,0.011663681495569034,0.022874246871055125,0.5888069705093834,0.0012341382577009381,0.983395853720416,0.0006174565754618024,0.7049670239076669,0.98392,0.7656000000000001,0,0.0,0,1836,2,,
0.2.3,v0.2.2-seven-family-robustness-v2,synthetic__multidensity_2d__quality__n100000__AMD-DBSCAN__23__150db79b738b,error,multidensity_2d__quality__n100000,AMD-DBSCAN,23,,,,,7.809599000000162,,185.5234375,,,,,,,,,,,,,,,,,MemoryError,"Unable to allocate 74.5 GiB for an array with shape (100000, 100000) and data type float64"
0.2.3,v0.2.2-seven-family-robustness-v2,synthetic__multidensity_2d__quality__n100000__DBSCAN__23__0c0c56b525d0,ok,multidensity_2d__quality__n100000,DBSCAN,23,0.2.2,100000,2,1.563123200001428,11.64741919998778,342.6015625,354.203125,0.9996825769343679,0.999850682184747,0.9855306276051224,0.655887621503367,0.49149201496439926,0.9674126633296977,0.9370993179308303,0.9997527249264462,0.4971958156000159,0.32581333333333334,0.6629066666666666,0,1.0,0,4694,6,,
0.2.3,v0.2.2-seven-family-robustness-v2,synthetic__multidensity_2d__quality__n100000__HDBSCAN__23__9d9b031e10cb,ok,multidensity_2d__quality__n100000,HDBSCAN,23,0.2.2,100000,2,73.35106300000916,77.29984909998893,204.23828125,210.33203125,0.9998923732303104,0.9999417399685027,0.9732330846711198,0.7128833546446207,0.5624281223644867,0.9238072076550053,0.8584741892296754,0.9999035137614825,0.5226854562181148,0.39124,0.6956,0,1.0,0,476,6,,
0.2.3,v0.2.2-seven-family-robustness-v2,synthetic__multidensity_2d__quality__n100000__OPTICS__23__5ba3bef5b63b,ok,multidensity_2d__quality__n100000,OPTICS,23,0.2.2,100000,2,93.15448739999556,95.70413929999631,207.046875,204.55859375,0.0034233270730278905,-5.6813523138324164e-05,0.0033766424429274022,0.006726694294406861,0.8541984295294319,3.852577743948712e-05,0.08115101144738905,1.9267462254622584e-05,0.0036036036036036037,0.9935466666666667,0.4976933333333333,0,0.0,0,11,6,,
0.2.3,v0.2.2-seven-family-robustness-v2,synthetic__multidensity_2d__quality__n100000__SNN-DBSCAN__23__3e290e4124fd,ok,multidensity_2d__quality__n100000,SNN-DBSCAN,23,0.2.2,100000,2,1.5335070000000997,9.718928299989784,319.7421875,320.74609375,0.4080389005696925,0.02120260159021918,0.08308533481280639,0.11049916126142614,0.1649112819053041,0.02499725635558225,0.24735859326464021,0.01316377221913043,0.391397552036512,0.09269333333333334,0.4991466666666666,0,0.0,0,2556,6,,
0.2.3,v0.2.2-seven-family-robustness-stratascan-fast-v1,synthetic__multidensity_2d__quality__n100000__StrataSCAN__23__7cd85ec828b2,ok,multidensity_2d__quality__n100000,StrataSCAN,23,0.2.2,100000,2,20.05082819997915,23.263187300006393,514.8125,501.71484375,0.7481729606232759,0.5347073640137905,0.7363216036606741,0.8468791921991795,0.9965025630072618,0.5770391901213366,0.9756176235909961,0.4096719681973316,0.9895567602040817,0.9953333333333333,0.9941866666666667,16,3.6666666666666665,0,29,6,,
0.2.3,v0.2.2-seven-family-robustness-v2,synthetic__multidensity_2d__quality__n100000__VDBSCAN-2007__23__948daf0ae055,ok,multidensity_2d__quality__n100000,VDBSCAN-2007,23,0.2.2,100000,2,1.6703081999876304,4.779916900006356,232.65234375,230.7421875,0.9762652550061084,0.9846871435227457,0.9888113494365162,0.05082284100743366,0.026081692809769453,0.03867814822309426,0.019730319418149598,0.9752605412332535,0.4031836655699632,0.013213333333333334,0.5065866666666666,0,1.0,0,211,6,,
0.2.3,v0.2.2-seven-family-robustness-v2,synthetic__multidensity_2d__quality__n100000__kNN+Leiden__23__a6cab22d9a32,ok,multidensity_2d__quality__n100000,kNN+Leiden,23,0.2.2,100000,2,12.876293299996178,16.89577430000645,556.88671875,589.53515625,0.8976695610420232,0.8058260632469049,0.8744971206488857,0.0,0.0,0.3977640942057931,0.2755561008087163,0.7147549760548261,0.4,0.0,0.5,4,1.6666666666666667,0,40,6,,
0.2.3,v0.2.2-seven-family-robustness-v2,synthetic__multidensity_2d__quality__n100000__kNN-DBSCAN__23__79208162938b,ok,multidensity_2d__quality__n100000,kNN-DBSCAN,23,0.2.2,100000,2,0.44633980000799056,4.05678510000871,206.75,200.5703125,0.9788256002913157,0.9867165063183106,0.9893141478581157,0.9917651045240429,0.9942282354986925,0.9769479693124387,0.9755269453405284,0.9783731392587947,0.9829037817706372,0.9910533333333333,0.9916866666666666,0,1.0,0,87,6,,
0.2.3,v0.2.2-seven-family-robustness-v2,synthetic__multidensity_2d__quality__n100000__AMD-DBSCAN__42__2f794c3d7119,error,multidensity_2d__quality__n100000,AMD-DBSCAN,42,,,,,3.988847100001294,,185.2578125,,,,,,,,,,,,,,,,,MemoryError,"Unable to allocate 74.5 GiB for an array with shape (100000, 100000) and data type float64"
0.2.3,v0.2.2-seven-family-robustness-v2,synthetic__multidensity_2d__quality__n100000__DBSCAN__42__529d5009bbc1,ok,multidensity_2d__quality__n100000,DBSCAN,42,0.2.2,100000,2,1.6963685999944573,12.130559600002016,339.75390625,352.4140625,0.999570246863113,0.9997737949072674,0.9837932979680536,0.6575157352556065,0.4937592256017352,0.9651365886121321,0.9329479502585988,0.9996257492591587,0.49792357563263717,0.32781333333333335,0.6638866666666666,0,1.0,0,4717,6,,
0.2.3,v0.2.2-seven-family-robustness-v2,synthetic__multidensity_2d__quality__n100000__HDBSCAN__42__8dc4b5f6a995,ok,multidensity_2d__quality__n100000,HDBSCAN,42,0.2.2,100000,2,69.3499901000032,73.40561500001058,204.51953125,216.2421875,0.9996712913764425,0.9998279490659809,0.9767078209405599,0.7133716788321827,0.5618798354856337,0.9278061336332021,0.865547561321832,0.9997153544142467,0.5224415578986968,0.39072,0.6953,0,1.0,0,469,6,,
0.2.3,v0.2.2-seven-family-robustness-v2,synthetic__multidensity_2d__quality__n100000__OPTICS__42__d5ad4f603282,ok,multidensity_2d__quality__n100000,OPTICS,42,0.2.2,100000,2,91.16598090001207,93.86193769999954,206.1640625,199.6484375,0.3947746698928611,0.14233681537425524,0.1777011662173518,0.2953603571097281,0.8741531175264275,0.25398876993740305,0.9727358118712012,0.1460635393231778,0.281718482744743,0.9917733333333333,0.5798866666666667,0,0.16666666666666666,0,18,6,,
0.2.3,v0.2.2-seven-family-robustness-v2,synthetic__multidensity_2d__quality__n100000__SNN-DBSCAN__42__1d0f1ea493e0,ok,multidensity_2d__quality__n100000,SNN-DBSCAN,42,0.2.2,100000,2,1.3857891999941785,9.198563199999626,318.953125,319.390625,0.409876310220561,0.021446115704167205,0.08891701973333789,0.11694722362803606,0.17078571851500976,0.025330212051098335,0.24426148102074607,0.013357711471734273,0.3940288174462377,0.09614666666666667,0.5033933333333334,0,0.16666666666666666,0,2579,6,,
0.2.3,v0.2.2-seven-family-robustness-stratascan-fast-v1,synthetic__multidensity_2d__quality__n100000__StrataSCAN__42__88ea1f616163,ok,multidensity_2d__quality__n100000,StrataSCAN,42,0.2.2,100000,2,10.814392100000987,13.708261599997059,375.109375,369.1328125,0.7306906010598828,0.5412962264519385,0.6959745174911256,0.8193984740953639,0.9960351043200704,0.5848949592852132,0.9822355543371857,0.41643560220790515,0.9880840326036889,0.99648,0.99162,18,4.0,0,36,6,,
0.2.3,v0.2.2-seven-family-robustness-v2,synthetic__multidensity_2d__quality__n100000__VDBSCAN-2007__42__339b2b612158,ok,multidensity_2d__quality__n100000,VDBSCAN-2007,42,0.2.2,100000,2,1.7599003000068478,5.074935800003004,235.55859375,236.8125,0.9817747359652297,0.9887168663286551,0.9905842878943337,0.052646711836166114,0.027041957122188612,0.03956714591890242,0.020190438794708217,0.9817462769419522,0.4032911188190692,0.013706666666666667,0.5068133333333333,0,1.0,0,249,6,,
0.2.3,v0.2.2-seven-family-robustness-v2,synthetic__multidensity_2d__quality__n100000__kNN+Leiden__42__30d095a72e27,ok,multidensity_2d__quality__n100000,kNN+Leiden,42,0.2.2,100000,2,16.250881800006027,20.17532769999525,554.7265625,587.734375,0.8844862391710732,0.7553140780116078,0.846621838101033,0.0,0.0,0.3818544537900114,0.27015731123995795,0.6510202114121859,0.4,0.0,0.5,4,1.6666666666666667,0,42,6,,
0.2.3,v0.2.2-seven-family-robustness-v2,synthetic__multidensity_2d__quality__n100000__kNN-DBSCAN__42__0bb1f2108fc7,ok,multidensity_2d__quality__n100000,kNN-DBSCAN,42,0.2.2,100000,2,0.46589759999187663,3.845699599987711,207.01171875,196.65234375,0.97760122926913,0.9861357930261785,0.989577185672578,0.991817174012402,0.9940673261499154,0.9777377352670301,0.978001614839086,0.9774739980539332,0.982431816831389,0.9908266666666666,0.9914333333333334,0,1.0,0,94,6,,
0.2.3,v0.2.2-seven-family-robustness-v2,synthetic__multidensity_2d__quality__n100000__AMD-DBSCAN__73__53334d910401,error,multidensity_2d__quality__n100000,AMD-DBSCAN,73,,,,,3.6995007999939844,,185.00390625,,,,,,,,,,,,,,,,,MemoryError,"Unable to allocate 74.5 GiB for an array with shape (100000, 100000) and data type float64"
0.2.3,v0.2.2-seven-family-robustness-v2,synthetic__multidensity_2d__quality__n100000__DBSCAN__73__82893f1f0c52,ok,multidensity_2d__quality__n100000,DBSCAN,73,0.2.2,100000,2,1.5251030000072205,11.116445399995428,341.53125,354.30078125,0.9994359909307461,0.9997337972991525,0.9851427704030505,0.6611158482929979,0.4974859272020674,0.9666772852957701,0.935889710000775,0.9995593751349235,0.4991114394680617,0.33112,0.66548,0,1.0,0,4623,6,,
0.2.3,v0.2.2-seven-family-robustness-v2,synthetic__multidensity_2d__quality__n100000__HDBSCAN__73__f2eda47daa62,ok,multidensity_2d__quality__n100000,HDBSCAN,73,0.2.2,100000,2,68.3854480000009,72.04514070000732,204.45703125,216.9609375,0.9994373752561524,0.9997267425348934,0.9818742898176681,0.7180974999604134,0.566034489351126,0.9374958269834667,0.882697951547911,0.9995477352157128,0.5240701136411289,0.39476,0.69728,0,1.0,0,476,6,,
0.2.3,v0.2.2-seven-family-robustness-v2,synthetic__multidensity_2d__quality__n100000__OPTICS__73__3dd154737f34,ok,multidensity_2d__quality__n100000,OPTICS,73,0.2.2,100000,2,96.30287649999082,98.93741289999161,204.890625,207.4140625,0.007691498421545885,3.644845818766495e-05,0.007785046469964714,0.015429141508200342,0.852184203874348,9.70124567897318e-05,0.09637753406447325,4.853065357848862e-05,0.007789603578590158,0.98892,0.49648000000000003,0,0.0,0,17,6,,
0.2.3,v0.2.2-seven-family-robustness-v2,synthetic__multidensity_2d__quality__n100000__SNN-DBSCAN__73__79ab500ca940,ok,multidensity_2d__quality__n100000,SNN-DBSCAN,73,0.2.2,100000,2,1.4800633000122616,9.590417300001718,313.078125,322.23046875,0.40591428277308694,0.02063640244778021,0.09124191032950711,0.11950848536044463,0.17315005078060416,0.024383172487510447,0.2560481681436862,0.012801103419715293,0.39286519484573634,0.09774666666666666,0.5019333333333333,0,0.5,0,2711,6,,
0.2.3,v0.2.2-seven-family-robustness-stratascan-fast-v1,synthetic__multidensity_2d__quality__n100000__StrataSCAN__73__705904180fef,ok,multidensity_2d__quality__n100000,StrataSCAN,73,0.2.2,100000,2,7.401107899990166,10.685714699997334,334.35546875,336.04296875,0.7429619093099424,0.539322259893109,0.7406095568466556,0.8496598389507475,0.9963691801568675,0.5802584504186395,0.9685985151775177,0.41419521989053193,0.9892362281206017,0.9934,0.99574,17,3.8333333333333335,0,38,6,,
0.2.3,v0.2.2-seven-family-robustness-v2,synthetic__multidensity_2d__quality__n100000__VDBSCAN-2007__73__5d9f6c204b9f,ok,multidensity_2d__quality__n100000,VDBSCAN-2007,73,0.2.2,100000,2,1.8672876000055112,5.1747033999999985,231.93359375,231.93359375,0.9733728411501822,0.9824651273843686,0.988432564347824,0.05082234049370878,0.026081692809769453,0.03901528227502948,0.019907251900385305,0.9718044712239442,0.4031836655699632,0.013213333333333334,0.5065866666666666,0,1.0,0,241,6,,
0.2.3,v0.2.2-seven-family-robustness-v2,synthetic__multidensity_2d__quality__n100000__kNN+Leiden__73__57925cebc57f,ok,multidensity_2d__quality__n100000,kNN+Leiden,73,0.2.2,100000,2,20.217200300001423,24.12791759999527,556.5,590.94921875,0.8853993998037254,0.7587388792258033,0.8564821042244485,0.0,0.0,0.3814912224033979,0.26910063872772444,0.6550921801646777,0.4,0.0,0.5,4,1.6666666666666667,0,42,6,,
0.2.3,v0.2.2-seven-family-robustness-v2,synthetic__multidensity_2d__quality__n100000__kNN-DBSCAN__73__974701f0942d,ok,multidensity_2d__quality__n100000,kNN-DBSCAN,73,0.2.2,100000,2,0.44033880000642966,3.8478596999921137,201.60546875,206.49609375,0.977128330735698,0.985748731062796,0.9889822923985893,0.991775724828798,0.9945849823510535,0.976520619077219,0.9762106941943135,0.9768307408109439,0.9839336718502064,0.9918266666666666,0.9919733333333334,0,1.0,0,76,6,,
0.2.3,v0.2.2-seven-family-robustness-v2,synthetic__multidensity_2d__quality__n100000__AMD-DBSCAN__101__b17be230ace7,error,multidensity_2d__quality__n100000,AMD-DBSCAN,101,,,,,3.5313840999879176,,184.94140625,,,,,,,,,,,,,,,,,MemoryError,"Unable to allocate 74.5 GiB for an array with shape (100000, 100000) and data type float64"
0.2.3,v0.2.2-seven-family-robustness-v2,synthetic__multidensity_2d__quality__n100000__DBSCAN__101__65d9c6a695bf,ok,multidensity_2d__quality__n100000,DBSCAN,101,0.2.2,100000,2,1.4961847999948077,11.661407599996892,339.1953125,351.84375,0.9998956104000094,0.9999558824497927,0.9852250103336216,0.6602559617495403,0.49649186111779325,0.9668297188112924,0.9358533497201601,0.9999268965042811,0.49882273126346877,0.33022666666666667,0.6650933333333333,0,1.0,0,4702,6,,
0.2.3,v0.2.2-seven-family-robustness-v2,synthetic__multidensity_2d__quality__n100000__HDBSCAN__101__eb4214dd6a15,ok,multidensity_2d__quality__n100000,HDBSCAN,101,0.2.2,100000,2,63.42808260000311,66.94641689999844,204.30859375,213.2109375,0.9825419062414346,0.9776321136786662,0.9749784700792675,0.7174886171201948,0.5675893985612604,0.9155028028874852,0.8731021656291014,0.9622318637216465,0.5198535386043959,0.3981866666666667,0.6917533333333333,0,1.0,0,463,6,,
0.2.3,v0.2.2-seven-family-robustness-v2,synthetic__multidensity_2d__quality__n100000__OPTICS__101__039168a3bd19,ok,multidensity_2d__quality__n100000,OPTICS,101,0.2.2,100000,2,100.67544919998909,103.42740659999254,201.8359375,204.484375,0.3742910784053268,0.12592781452543816,0.17418775634303976,0.2902167300872311,0.8692100970509195,0.21004796953421906,0.9725922815118769,0.11773772432830401,0.2462974234124569,0.9875733333333333,0.5666266666666666,0,0.16666666666666666,0,22,6,,
0.2.3,v0.2.2-seven-family-robustness-v2,synthetic__multidensity_2d__quality__n100000__SNN-DBSCAN__101__0a5cffac0c8f,ok,multidensity_2d__quality__n100000,SNN-DBSCAN,101,0.2.2,100000,2,1.4667634999932488,9.48179929998878,320.828125,314.30859375,0.4117011599251058,0.02221640147380956,0.09354436082438944,0.12028125706918782,0.1684188044329481,0.02595629912621944,0.25322247979796236,0.013679237351186936,0.394376177390643,0.09462666666666666,0.5036933333333333,1,0.5,0,2599,6,,
0.2.3,v0.2.2-seven-family-robustness-stratascan-fast-v1,synthetic__multidensity_2d__quality__n100000__StrataSCAN__101__ba4bf562e3b3,ok,multidensity_2d__quality__n100000,StrataSCAN,101,0.2.2,100000,2,9.586280199990142,12.928905600012513,332.48046875,337.10546875,0.797818741556326,0.6976878418819292,0.7873664783446563,0.8795470832609017,0.9961737082920825,0.7254233744013359,0.9624603560300988,0.5820698531616347,0.9886750613764156,0.9928,0.99576,14,3.3333333333333335,0,34,6,,
0.2.3,v0.2.2-seven-family-robustness-v2,synthetic__multidensity_2d__quality__n100000__VDBSCAN-2007__101__8a0e0b7f7c5b,ok,multidensity_2d__quality__n100000,VDBSCAN-2007,101,0.2.2,100000,2,1.8591195000044536,5.987675500000478,232.58984375,233.41015625,0.9778227335414637,0.9862917962778937,0.98972649279357,0.05397254416637031,0.02774271589355212,0.03881432002124507,0.019800120347811177,0.9778699462869406,0.4033918543858517,0.014066666666666667,0.5070133333333333,0,1.0,0,236,6,,
0.2.3,v0.2.2-seven-family-robustness-v2,synthetic__multidensity_2d__quality__n100000__kNN+Leiden__101__72f1d1ecb6d3,ok,multidensity_2d__quality__n100000,kNN+Leiden,101,0.2.2,100000,2,12.954821899998933,16.795238899998367,551.3125,587.8828125,0.876966276360766,0.7261393226701877,0.7996965886798156,0.0,0.0,0.37072875523367393,0.26526434925893666,0.6154014825508376,0.4,0.0,0.5,4,1.6666666666666667,0,43,6,,
0.2.3,v0.2.2-seven-family-robustness-v2,synthetic__multidensity_2d__quality__n100000__kNN-DBSCAN__101__fd7c8afede3a,ok,multidensity_2d__quality__n100000,kNN-DBSCAN,101,0.2.2,100000,2,0.487685700005386,3.7742123999923933,206.75390625,201.89453125,0.9773404702058637,0.9862551548112539,0.9896118941910248,0.9919318132499815,0.9942626349083226,0.97785594610818,0.9780593066838897,0.9776526700813857,0.9829944107503866,0.9912533333333333,0.9915866666666666,0,1.0,0,92,6,,
0.2.3,v0.2.2-seven-family-robustness-v2,synthetic__multidensity_2d__quality__n100000__AMD-DBSCAN__151__e26b14c14f98,error,multidensity_2d__quality__n100000,AMD-DBSCAN,151,,,,,3.2920356999966316,,185.4609375,,,,,,,,,,,,,,,,,MemoryError,"Unable to allocate 74.5 GiB for an array with shape (100000, 100000) and data type float64"
0.2.3,v0.2.2-seven-family-robustness-v2,synthetic__multidensity_2d__quality__n100000__DBSCAN__151__73e0e3fca41b,ok,multidensity_2d__quality__n100000,DBSCAN,151,0.2.2,100000,2,1.9272832999995444,13.745107599999756,340.51953125,351.96875,0.9996930653923058,0.9998282833890486,0.9864270945233015,0.6581342033218363,0.4937944330642246,0.9690535434114308,0.9402161843461679,0.9997158149165951,0.49794845237621005,0.32784,0.6639200000000001,0,1.0,0,4670,6,,
0.2.3,v0.2.2-seven-family-robustness-v2,synthetic__multidensity_2d__quality__n100000__HDBSCAN__151__8e525275183b,ok,multidensity_2d__quality__n100000,HDBSCAN,151,0.2.2,100000,2,65.36004650000541,68.83726040000329,204.34765625,212.97265625,0.9993840025329616,0.9997647209867062,0.9736010335327521,0.715269461916008,0.5652801821016288,0.9153449515491955,0.8441815613993956,0.9996108230790285,0.5237681129050847,0.3940266666666667,0.6969133333333334,0,1.0,0,451,6,,
0.2.3,v0.2.2-seven-family-robustness-v2,synthetic__multidensity_2d__quality__n100000__OPTICS__151__cdca90376e26,ok,multidensity_2d__quality__n100000,OPTICS,151,0.2.2,100000,2,109.98619910000707,112.77556689998892,202.09765625,205.0625,0.5896699359537015,0.256213615997406,0.3309342130246902,0.4820791567043577,0.8873526597041008,0.31946868138852397,0.9748953741082435,0.19103497768640418,0.4034375295117575,0.9952133333333333,0.6257666666666666,0,0.3333333333333333,0,8,6,,
0.2.3,v0.2.2-seven-family-robustness-v2,synthetic__multidensity_2d__quality__n100000__SNN-DBSCAN__151__34423fe0401a,ok,multidensity_2d__quality__n100000,SNN-DBSCAN,151,0.2.2,100000,2,1.2605829999956768,8.902159799996298,322.54296875,316.18359375,0.40822673436787804,0.02018623469488083,0.08223407038921447,0.11160537069330881,0.1736148880323488,0.02428254990082294,0.25364014858141076,0.012751673480247791,0.39444819878359405,0.09789333333333333,0.5042266666666667,0,0.16666666666666666,0,2671,6,,
0.2.3,v0.2.2-seven-family-robustness-stratascan-fast-v1,synthetic__multidensity_2d__quality__n100000__StrataSCAN__151__4d90f265cef5,ok,multidensity_2d__quality__n100000,StrataSCAN,151,0.2.2,100000,2,9.874122099980013,13.214622400002554,335.8671875,335.4296875,0.7559281212998883,0.6112459360938517,0.7542059748745641,0.8585284725561485,0.9963436928702011,0.6500652114658079,0.9762943632579495,0.48725032168017973,0.98906667730737,0.9955333333333334,0.9935066666666668,15,3.5,0,34,6,,
0.2.3,v0.2.2-seven-family-robustness-v2,synthetic__multidensity_2d__quality__n100000__VDBSCAN-2007__151__a1ff607ab895,ok,multidensity_2d__quality__n100000,VDBSCAN-2007,151,0.2.2,100000,2,1.9069133000011789,5.444628099998226,232.8203125,234.5390625,0.9760390434284674,0.9843143273745537,0.9885483229421584,0.05382287355270901,0.027664554132590002,0.03982050187985512,0.020325373322009746,0.9748529608524097,0.4033692091717361,0.014026666666666666,0.5069733333333334,0,1.0,0,279,6,,
0.2.3,v0.2.2-seven-family-robustness-v2,synthetic__multidensity_2d__quality__n100000__kNN+Leiden__151__3c21403cf3e9,ok,multidensity_2d__quality__n100000,kNN+Leiden,151,0.2.2,100000,2,20.656225300001097,24.296603900002083,556.046875,591.1484375,0.8790755073944054,0.7344747879773128,0.8176242232728189,0.0,0.0,0.3534074047650867,0.24625536226133923,0.6256390475649772,0.4,0.0,0.5,4,1.6666666666666667,0,39,6,,
0.2.3,v0.2.2-seven-family-robustness-v2,synthetic__multidensity_2d__quality__n100000__kNN-DBSCAN__151__0efd2230712f,ok,multidensity_2d__quality__n100000,kNN-DBSCAN,151,0.2.2,100000,2,0.44467729999450967,3.874508100008825,201.4921875,206.41015625,0.976449640375613,0.9848286048275826,0.9884656714078491,0.9910699477302339,0.9936879830966328,0.975023284601898,0.9745928607911083,0.9754540887694944,0.9812861787328522,0.9907466666666667,0.9903733333333333,0,1.0,0,88,6,,
0.2.3,v0.2.2-seven-family-robustness-v2,synthetic__multidensity_2d__quality__n20000__AMD-DBSCAN__23__ba95f9b43ecb,ok,multidensity_2d__quality__n20000,AMD-DBSCAN,23,0.2.2,20000,2,8.02652169999783,11.228018399997381,6232.0390625,6232.0390625,0.9683831124344787,0.977361926388044,0.9881143965100572,0.0,0.0,0.03523558548301063,0.017945712445525182,0.9641501824628422,0.4,0.0,0.5,0,1.0,0,9,6,,
0.2.3,v0.2.2-seven-family-robustness-v2,synthetic__multidensity_2d__quality__n20000__DBSCAN__23__2870705628a8,ok,multidensity_2d__quality__n20000,DBSCAN,23,0.2.2,20000,2,0.2285005000012461,3.229752600003849,208.07421875,202.00390625,0.9999999999999999,1.0,0.9791727360776535,0.6426862545670927,0.478316003043368,0.9386470731274523,0.8843873224087028,1.0,0.4929751047572098,0.31433333333333335,0.6571666666666667,0,1.0,0,942,6,,
0.2.3,v0.2.2-seven-family-robustness-v2,synthetic__multidensity_2d__quality__n20000__HDBSCAN__23__db3702258d38,ok,multidensity_2d__quality__n20000,HDBSCAN,23,0.2.2,20000,2,2.5606100000004517,5.248097099989536,187.62890625,188.9921875,1.0,1.0,0.9624901852997767,0.7133361838150889,0.5666507405637841,0.8156873943436743,0.6887433186541441,1.0,0.5243838489774515,0.3953333333333333,0.6976666666666667,0,1.0,0,93,6,,
0.2.3,v0.2.2-seven-family-robustness-v2,synthetic__multidensity_2d__quality__n20000__OPTICS__23__008549226f24,ok,multidensity_2d__quality__n20000,OPTICS,23,0.2.2,20000,2,15.218573800011654,17.79157960000157,188.09765625,188.3359375,0.98852280904055,0.993251068736127,0.990347857450756,0.9911831485121732,0.9920198497854076,0.981653257147464,0.9744846964753805,0.9889280669767928,0.9766116352201257,0.9862,0.99,0,1.0,0,9,6,,
0.2.3,v0.2.2-seven-family-robustness-v2,synthetic__multidensity_2d__quality__n20000__SNN-DBSCAN__23__6d16add9dfcc,ok,multidensity_2d__quality__n20000,SNN-DBSCAN,23,0.2.2,20000,2,0.22966579999774694,4.079072399996221,244.79296875,242.26953125,0.5524675490931781,0.178619479653375,0.37318798069364245,0.24172932899324368,0.17875969910560918,0.17876701625440103,0.3659013817870959,0.11827643797430304,0.40022494268287406,0.1006,0.5129,26,5.333333333333333,0,487,6,,
0.2.3,v0.2.2-seven-family-robustness-stratascan-fast-v1,synthetic__multidensity_2d__quality__n20000__StrataSCAN__23__2fef6da2c950,ok,multidensity_2d__quality__n20000,StrataSCAN,23,0.2.2,20000,2,1.53669350000564,4.417628399998648,238.421875,237.4375,0.9194411837967658,0.8699838550716449,0.9339412104847616,0.9645484224512243,0.9972297319849137,0.8804263089447818,0.9765245988152261,0.8015472699656546,0.991732244247435,0.9959333333333333,0.9957666666666667,3,1.5,0,10,6,,
0.2.3,v0.2.2-seven-family-robustness-v2,synthetic__multidensity_2d__quality__n20000__VDBSCAN-2007__23__dbbc3bfd3559,ok,multidensity_2d__quality__n20000,VDBSCAN-2007,23,0.2.2,20000,2,0.29039389999525156,3.117655399997602,192.671875,189.22265625,0.9901339934455372,0.9940319768983431,0.9927688895105118,0.05910308643341168,0.030458185637390046,0.04067627549939399,0.020764627404584745,0.9902089010499665,0.4036178631995478,0.015466666666666667,0.5075333333333334,0,1.0,0,66,6,,
0.2.3,v0.2.2-seven-family-robustness-v2,synthetic__multidensity_2d__quality__n20000__kNN+Leiden__23__5bfc4b639980,ok,multidensity_2d__quality__n20000,kNN+Leiden,23,0.2.2,20000,2,1.1624035999993794,4.7160642000089865,284.0390625,288.8046875,1.0,1.0,0.9538837832271033,0.0,0.0,0.36697905550197757,0.2247240347641616,1.0,0.4,0.0,0.5,0,1.0,0,22,6,,
0.2.3,v0.2.2-seven-family-robustness-v2,synthetic__multidensity_2d__quality__n20000__kNN-DBSCAN__23__b81221f3bffd,ok,multidensity_2d__quality__n20000,kNN-DBSCAN,23,0.2.2,20000,2,0.08946020000439603,3.0349042999878293,186.2890625,185.6171875,0.990346391612619,0.9942722087369968,0.992770630734869,0.9939590607497112,0.9951503394762367,0.9849948516182303,0.9794458748910243,0.9906070612046375,0.9856449856449857,0.9918,0.9937,0,1.0,0,20,6,,
0.2.3,v0.2.2-seven-family-robustness-v2,synthetic__multidensity_2d__quality__n20000__AMD-DBSCAN__42__fb8a2640ec95,ok,multidensity_2d__quality__n20000,AMD-DBSCAN,42,0.2.2,20000,2,6.172127600002568,9.700758899998618,6286.72265625,6286.72265625,0.9710932061758905,0.9803223492349571,0.9863737404506234,0.0,0.0,0.03587844644917075,0.01827766633256205,0.968810203654421,0.4,0.0,0.5,0,1.0,0,9,6,,
0.2.3,v0.2.2-seven-family-robustness-v2,synthetic__multidensity_2d__quality__n20000__DBSCAN__42__c0437f2f87d0,ok,multidensity_2d__quality__n20000,DBSCAN,42,0.2.2,20000,2,0.22822079999605194,3.1675749999994878,207.91015625,206.76953125,1.0,1.0,0.9797790270446117,0.6531119500725666,0.4898061917946136,0.9419954767863723,0.8903510865200419,1.0,0.4966476285075738,0.3243333333333333,0.6621666666666667,0,1.0,0,929,6,,
0.2.3,v0.2.2-seven-family-robustness-v2,synthetic__multidensity_2d__quality__n20000__HDBSCAN__42__d3964143e245,ok,multidensity_2d__quality__n20000,HDBSCAN,42,0.2.2,20000,2,2.632174700003816,5.306814499999746,187.79296875,187.98046875,1.0,1.0,0.9515913003039508,0.7041768264274394,0.5588701542008935,0.8127718070013014,0.6845961136994262,1.0,0.521294896522963,0.3878,0.6939,0,1.0,0,103,6,,
0.2.3,v0.2.2-seven-family-robustness-v2,synthetic__multidensity_2d__quality__n20000__OPTICS__42__d95becba2c57,ok,multidensity_2d__quality__n20000,OPTICS,42,0.2.2,20000,2,15.223625800004811,17.831380700008594,187.60546875,187.828125,0.9973818953746869,0.9985626136625485,0.9875557983609594,0.9916365813135436,0.9957512294670636,0.9745971295252955,0.9526233133100844,0.9976086051398123,0.9874369373825305,0.9921333333333333,0.9951666666666666,0,1.0,0,6,6,,
0.2.3,v0.2.2-seven-family-robustness-v2,synthetic__multidensity_2d__quality__n20000__SNN-DBSCAN__42__027a12407f8f,ok,multidensity_2d__quality__n20000,SNN-DBSCAN,42,0.2.2,20000,2,0.22400640000705607,3.984667199998512,251.37109375,234.7265625,0.5464570523729024,0.14155531562420148,0.3249345960775238,0.22797058256750058,0.17557661362417307,0.14278711532586275,0.325344773739665,0.0914644994544847,0.4042892209637828,0.0982,0.5185,37,7.166666666666667,0,486,6,,
0.2.3,v0.2.2-seven-family-robustness-stratascan-fast-v1,synthetic__multidensity_2d__quality__n20000__StrataSCAN__42__99e2022441a6,ok,multidensity_2d__quality__n20000,StrataSCAN,42,0.2.2,20000,2,3.038158299983479,5.958537200000137,260.2578125,260.2578125,0.898475628756956,0.806754585999761,0.8772380484069416,0.9328952589019925,0.9960933587098066,0.823828322312036,0.9692177744766678,0.7163680927389858,0.9883593672271417,0.9944,0.9939,3,1.5,0,9,6,,
0.2.3,v0.2.2-seven-family-robustness-v2,synthetic__multidensity_2d__quality__n20000__VDBSCAN-2007__42__95feafecb3c6,ok,multidensity_2d__quality__n20000,VDBSCAN-2007,42,0.2.2,20000,2,0.2949262999900384,3.241426499997033,192.72265625,190.81640625,0.9935791168532696,0.9956567372117434,0.9905231779591128,0.06250513251226167,0.03227075954348682,0.04076325586960021,0.02080879725371337,0.9928549280525173,0.4039751151329078,0.0164,0.5082,0,1.0,0,61,6,,
0.2.3,v0.2.2-seven-family-robustness-v2,synthetic__multidensity_2d__quality__n20000__kNN+Leiden__42__85b4575f663e,ok,multidensity_2d__quality__n20000,kNN+Leiden,42,0.2.2,20000,2,1.3982409999880474,4.802245600003516,284.23828125,289.29296875,0.9636053572698209,0.9263483281948865,0.9294899460615288,0.0,0.0,0.34179474651324127,0.2118651136838087,0.8837976182169298,0.4,0.0,0.5,1,1.1666666666666667,0,24,6,,
0.2.3,v0.2.2-seven-family-robustness-v2,synthetic__multidensity_2d__quality__n20000__kNN-DBSCAN__42__12ec370402ef,ok,multidensity_2d__quality__n20000,kNN-DBSCAN,42,0.2.2,20000,2,0.06686599999375176,2.838716599988402,185.0859375,189.62109375,0.9890663193041532,0.9925169519029018,0.9897477892640202,0.9927422683261261,0.9957549219507303,0.9777805631619925,0.9680360540375785,0.9877232488404623,0.9874045422989189,0.993,0.9943,0,1.0,0,11,6,,
0.2.3,v0.2.2-seven-family-robustness-v2,synthetic__multidensity_2d__quality__n20000__AMD-DBSCAN__73__2a4dd6930e17,ok,multidensity_2d__quality__n20000,AMD-DBSCAN,73,0.2.2,20000,2,5.5288921000028495,8.546324199996889,6286.30078125,6286.30078125,0.9737038836634809,0.9812679594834364,0.9887511833618196,0.0,0.0,0.03558254118785192,0.018123662143020868,0.9700697211387429,0.4,0.0,0.5,0,1.0,0,8,6,,
0.2.3,v0.2.2-seven-family-robustness-v2,synthetic__multidensity_2d__quality__n20000__DBSCAN__73__efc38170123b,ok,multidensity_2d__quality__n20000,DBSCAN,73,0.2.2,20000,2,0.22799819998908788,3.1970674000040162,207.9140625,205.234375,1.0,1.0,0.9737588203441067,0.6564468451426764,0.49510910458991725,0.9317968380610167,0.8723030143157746,1.0,0.49838026414154,0.329,0.6645,0,1.0,0,966,6,,
0.2.3,v0.2.2-seven-family-robustness-v2,synthetic__multidensity_2d__quality__n20000__HDBSCAN__73__f7f36f72996d,ok,multidensity_2d__quality__n20000,HDBSCAN,73,0.2.2,20000,2,2.6732846000086283,5.302452400006587,187.5703125,188.68359375,1.0,1.0,0.9574169051920135,0.6862027847829328,0.5347269707922243,0.8105191599929754,0.6814058139752708,1.0,0.5121376626037079,0.36493333333333333,0.6824666666666667,0,1.0,0,101,6,,
0.2.3,v0.2.2-seven-family-robustness-v2,synthetic__multidensity_2d__quality__n20000__OPTICS__73__4cf32d994a15,ok,multidensity_2d__quality__n20000,OPTICS,73,0.2.2,20000,2,16.53439200000139,19.223223499997403,187.84375,188.078125,0.9902927070366904,0.9944043983281264,0.9894845859423108,0.9929601893440422,0.9964602951980231,0.9788455191214319,0.9671666094328852,0.9908099310337115,0.9894569325641536,0.9946666666666667,0.9947333333333334,0,1.0,0,6,6,,
0.2.3,v0.2.2-seven-family-robustness-v2,synthetic__multidensity_2d__quality__n20000__SNN-DBSCAN__73__cc07655da7cb,ok,multidensity_2d__quality__n20000,SNN-DBSCAN,73,0.2.2,20000,2,0.21034820000932086,3.971564799998305,245.66015625,233.109375,0.5363264322820142,0.1384247638811721,0.3498358533864087,0.238292519615248,0.18068276436303082,0.13896774370591722,0.3086952685739952,0.0896668920345125,0.40584835676701464,0.10126666666666667,0.5211333333333333,31,6.166666666666667,0,504,6,,
0.2.3,v0.2.2-seven-family-robustness-stratascan-fast-v1,synthetic__multidensity_2d__quality__n20000__StrataSCAN__73__320154676dac,ok,multidensity_2d__quality__n20000,StrataSCAN,73,0.2.2,20000,2,1.9487460999807809,5.2685041000077035,238.0390625,238.0390625,0.8935180961995498,0.8341706511679532,0.8889071856131352,0.9394650838441284,0.9961209202782235,0.8445562868732143,0.9626465686610638,0.7522730545015868,0.9885103011093501,0.9929333333333333,0.9954666666666667,6,2.0,0,12,6,,
0.2.3,v0.2.2-seven-family-robustness-v2,synthetic__multidensity_2d__quality__n20000__VDBSCAN-2007__73__d7ba0adab4a8,ok,multidensity_2d__quality__n20000,VDBSCAN-2007,73,0.2.2,20000,2,0.29120870000042487,2.9928545000002487,189.7421875,189.80859375,0.986976240538303,0.992149334481522,0.9914013467087232,0.05077758107852839,0.026056060007895773,0.04066570089109883,0.020760429339923947,0.9872299837707194,0.40319329086364,0.0132,0.5066,0,1.0,0,51,6,,
0.2.3,v0.2.2-seven-family-robustness-v2,synthetic__multidensity_2d__quality__n20000__kNN+Leiden__73__574976346d9f,ok,multidensity_2d__quality__n20000,kNN+Leiden,73,0.2.2,20000,2,1.2595338999963133,4.663474299988593,284.20703125,289.28125,0.9316652750346248,0.8600350097640155,0.8674503477448842,0.0,0.0,0.324264520966785,0.20415616488088503,0.7876540977885217,0.4,0.0,0.5,2,1.3333333333333333,0,26,6,,
0.2.3,v0.2.2-seven-family-robustness-v2,synthetic__multidensity_2d__quality__n20000__kNN-DBSCAN__73__4a878d7996b3,ok,multidensity_2d__quality__n20000,kNN-DBSCAN,73,0.2.2,20000,2,0.07023109999136068,2.8311067999893567,186.7734375,185.2734375,0.9881351070377573,0.9928129158739164,0.991425883410345,0.99351970499614,0.9956223893066,0.9817554046616436,0.9753488271562073,0.9882467018402038,0.9869975186104217,0.9931333333333333,0.9937666666666667,0,1.0,0,14,6,,
0.2.3,v0.2.2-seven-family-robustness-v2,synthetic__multidensity_2d__quality__n20000__AMD-DBSCAN__101__2761cd3bdde2,ok,multidensity_2d__quality__n20000,AMD-DBSCAN,101,0.2.2,20000,2,5.248432000007597,8.284166400000686,6286.625,6286.625,0.9694975567957145,0.9790781293823719,0.9869634495415816,0.0,0.0,0.03584732502852093,0.018262186754565014,0.9669182681474922,0.4,0.0,0.5,0,1.0,0,9,6,,
0.2.3,v0.2.2-seven-family-robustness-v2,synthetic__multidensity_2d__quality__n20000__DBSCAN__101__969607e2a340,ok,multidensity_2d__quality__n20000,DBSCAN,101,0.2.2,20000,2,0.24479609999980312,3.61296030000085,208.02734375,205.4609375,0.929789417961442,0.8257722683372375,0.8611679093994979,0.6251250736452069,0.4906419802777219,0.7938188939512317,0.6581257905387353,1.0,0.4969191015702643,0.32506666666666667,0.6625333333333333,0,1.0,1,934,6,,
0.2.3,v0.2.2-seven-family-robustness-v2,synthetic__multidensity_2d__quality__n20000__HDBSCAN__101__067179d66b66,ok,multidensity_2d__quality__n20000,HDBSCAN,101,0.2.2,20000,2,2.6540168000065023,5.296017700005905,187.51953125,187.69921875,1.0,1.0,0.9589761544638788,0.6822654073050777,0.5294838488309397,0.8016515218676122,0.6689636082460563,1.0,0.5102301137813153,0.36006666666666665,0.6800333333333333,0,1.0,0,88,6,,
0.2.3,v0.2.2-seven-family-robustness-v2,synthetic__multidensity_2d__quality__n20000__OPTICS__101__c2cfd5ea6cb9,ok,multidensity_2d__quality__n20000,OPTICS,101,0.2.2,20000,2,17.104232700003195,20.588803200007533,189.0859375,188.23046875,0.9884253846025957,0.9915349416284921,0.9884988584414574,0.9915984224671787,0.9947174857907054,0.9760782572464783,0.9662806385718646,0.9860765973760397,0.9843409316154608,0.9917333333333334,0.9924666666666666,0,1.0,0,7,6,,
0.2.3,v0.2.2-seven-family-robustness-v2,synthetic__multidensity_2d__quality__n20000__SNN-DBSCAN__101__c651540d1920,ok,multidensity_2d__quality__n20000,SNN-DBSCAN,101,0.2.2,20000,2,0.2452179999963846,3.9503996999992523,250.40625,252.56640625,0.5587099063528039,0.17031770800266838,0.3795782981839806,0.2380224532456788,0.17336833313447084,0.16872648404110466,0.34271905625366006,0.11191112835453922,0.4037352612100869,0.09686666666666667,0.5175333333333334,27,5.5,0,477,6,,
0.2.3,v0.2.2-seven-family-robustness-stratascan-fast-v1,synthetic__multidensity_2d__quality__n20000__StrataSCAN__101__040a40cd645e,ok,multidensity_2d__quality__n20000,StrataSCAN,101,0.2.2,20000,2,3.9691832000098657,7.365163500013296,257.30078125,257.30078125,0.9201536248215942,0.8943122677061467,0.9207100846505322,0.9565959328029997,0.9953926282051282,0.8972293616280234,0.9670057302165896,0.8368450178805851,0.986265923566879,0.9938,0.9924,3,1.5,0,11,6,,
0.2.3,v0.2.2-seven-family-robustness-v2,synthetic__multidensity_2d__quality__n20000__VDBSCAN-2007__101__d6bf547210cf,ok,multidensity_2d__quality__n20000,VDBSCAN-2007,101,0.2.2,20000,2,0.28819380000641104,3.1583820000087144,194.03125,192.98046875,0.9904554655934994,0.9946581694105474,0.9912302949363729,0.06419496297333999,0.033171627114199555,0.04043409346741546,0.02063796407667827,0.9912603773515354,0.4040248929119858,0.016866666666666665,0.5083333333333333,0,1.0,0,54,6,,
0.2.3,v0.2.2-seven-family-robustness-v2,synthetic__multidensity_2d__quality__n20000__kNN+Leiden__101__b22e5359ab10,ok,multidensity_2d__quality__n20000,kNN+Leiden,101,0.2.2,20000,2,0.9504748000035761,4.3652309000026435,284.25390625,289.0,1.0,1.0,0.9631614142927097,0.0,0.0,0.358816988920018,0.21863313627887124,1.0,0.4,0.0,0.5,0,1.0,0,23,6,,
0.2.3,v0.2.2-seven-family-robustness-v2,synthetic__multidensity_2d__quality__n20000__kNN-DBSCAN__101__936b24fa8c30,ok,multidensity_2d__quality__n20000,kNN-DBSCAN,101,0.2.2,20000,2,0.06586919999972451,2.736920499999542,189.203125,185.16796875,0.9880943749480204,0.9931414937955985,0.99110966365016,0.9930257832110773,0.9949493260193332,0.9816721108168376,0.974647778575127,0.9887984274485067,0.9850539443729585,0.9915333333333334,0.9933666666666667,0,1.0,0,19,6,,
0.2.3,v0.2.2-seven-family-robustness-v2,synthetic__multidensity_2d__quality__n20000__AMD-DBSCAN__151__0767b0d9400f,ok,multidensity_2d__quality__n20000,AMD-DBSCAN,151,0.2.2,20000,2,5.078999300007126,7.899759600011748,6286.55859375,6286.57421875,0.9720980362225243,0.9801521880105464,0.9871112291483173,0.0,0.0,0.03571384084179475,0.018192380216263494,0.9684018480783184,0.4,0.0,0.5,0,1.0,0,9,6,,
0.2.3,v0.2.2-seven-family-robustness-v2,synthetic__multidensity_2d__quality__n20000__DBSCAN__151__c6fb2a175a81,ok,multidensity_2d__quality__n20000,DBSCAN,151,0.2.2,20000,2,0.2382812000141712,3.336756799995783,207.76953125,205.31640625,1.0,1.0,0.96856275639005,0.6505337735941776,0.48973016512283524,0.9261586403105639,0.8624724983385038,1.0,0.49662296384584825,0.32426666666666665,0.6621333333333334,0,1.0,0,918,6,,
0.2.3,v0.2.2-seven-family-robustness-v2,synthetic__multidensity_2d__quality__n20000__HDBSCAN__151__f1dbafa8942a,ok,multidensity_2d__quality__n20000,HDBSCAN,151,0.2.2,20000,2,2.6143083999922965,5.244532800003071,188.015625,188.02734375,1.0,1.0,0.9507023081352735,0.6854654658974547,0.5359426089502708,0.7613973433778163,0.6147228405388998,1.0,0.5125839356194577,0.36606666666666665,0.6830333333333334,0,1.0,0,85,6,,
0.2.3,v0.2.2-seven-family-robustness-v2,synthetic__multidensity_2d__quality__n20000__OPTICS__151__2b39fc364521,ok,multidensity_2d__quality__n20000,OPTICS,151,0.2.2,20000,2,16.406795999995666,19.08146069999202,188.2421875,188.44921875,0.9681336639523406,0.9696267564440282,0.8400470524930572,0.8969090345275268,0.9620277750801205,0.8348089788209189,0.9701462480199418,0.7326086603750402,0.8712262597431113,0.9906,0.8921,0,1.0,0,8,6,,
0.2.3,v0.2.2-seven-family-robustness-v2,synthetic__multidensity_2d__quality__n20000__SNN-DBSCAN__151__a83d8ce51e83,ok,multidensity_2d__quality__n20000,SNN-DBSCAN,151,0.2.2,20000,2,0.235052199990605,4.017772099992726,252.8359375,240.9296875,0.5378213004382835,0.13424241492315717,0.2980834993324723,0.22207229723937877,0.17695008032367465,0.13239994031037192,0.27895018379531744,0.08679894382277736,0.403570042685293,0.09913333333333334,0.5175666666666667,31,6.166666666666667,0,477,6,,
0.2.3,v0.2.2-seven-family-robustness-stratascan-fast-v1,synthetic__multidensity_2d__quality__n20000__StrataSCAN__151__de752d655b74,ok,multidensity_2d__quality__n20000,StrataSCAN,151,0.2.2,20000,2,3.4232916999899317,6.699923199979821,247.82421875,247.82421875,0.987741670831439,0.9928581625221912,0.9890639213655928,0.9926655236680447,0.9962934517647845,0.9778149431079172,0.9675127152376795,0.9883389318144411,0.9889585198448224,0.9945333333333334,0.9943666666666666,0,1.0,0,6,6,,
0.2.3,v0.2.2-seven-family-robustness-v2,synthetic__multidensity_2d__quality__n20000__VDBSCAN-2007__151__10dc6b02c334,ok,multidensity_2d__quality__n20000,VDBSCAN-2007,151,0.2.2,20000,2,0.33171509999374393,3.578709400011576,191.953125,188.953125,0.9851003645816732,0.9906567132465206,0.989310290494779,0.05666229410803156,0.029166392958024045,0.040110308934222086,0.020472042608971626,0.9848444595900938,0.40351939298543,0.0148,0.5073,0,1.0,0,59,6,,
0.2.3,v0.2.2-seven-family-robustness-v2,synthetic__multidensity_2d__quality__n20000__kNN+Leiden__151__ca0e3082399a,ok,multidensity_2d__quality__n20000,kNN+Leiden,151,0.2.2,20000,2,1.3045801000116626,4.8606360999983735,283.640625,288.9296875,1.0,1.0,0.9247131577398332,0.0,0.0,0.3797287838920002,0.23436124774476597,1.0,0.4,0.0,0.5,0,1.0,0,23,6,,
0.2.3,v0.2.2-seven-family-robustness-v2,synthetic__multidensity_2d__quality__n20000__kNN-DBSCAN__151__cdb92cd56f86,ok,multidensity_2d__quality__n20000,kNN-DBSCAN,151,0.2.2,20000,2,0.06485099998826627,2.8310626999882516,184.859375,186.09765625,0.987056242126013,0.9919081708705438,0.9894506581272057,0.9923104614518575,0.9951868440403772,0.9777976347032696,0.9689624088903862,0.9867954665053191,0.9857171196191231,0.9924666666666667,0.9931333333333334,0,1.0,0,13,6,,
0.2.3,v0.2.2-seven-family-robustness-v2,synthetic__multidensity_2d__quality__n200000__AMD-DBSCAN__23__97c603b5b829,error,multidensity_2d__quality__n200000,AMD-DBSCAN,23,,,,,2.8901372000109404,,189.67578125,,,,,,,,,,,,,,,,,MemoryError,"Unable to allocate 298. GiB for an array with shape (200000, 200000) and data type float64"
0.2.3,v0.2.2-seven-family-robustness-v2,synthetic__multidensity_2d__quality__n200000__DBSCAN__23__bfac1c0ed85c,ok,multidensity_2d__quality__n200000,DBSCAN,23,0.2.2,200000,2,3.9068078999989666,36.64089039999817,509.91015625,536.40625,0.999134701993119,0.9996286050341487,0.9874068571115641,0.6581731529241222,0.49359309098212495,0.9722968680403014,0.9466382325336427,0.9993852107374099,0.49782911770563626,0.32768,0.66376,0,1.0,0,9422,6,,
0.2.3,v0.2.2-seven-family-robustness-v2,synthetic__multidensity_2d__quality__n200000__HDBSCAN__23__0278ca178882,ok,multidensity_2d__quality__n200000,HDBSCAN,23,0.2.2,200000,2,249.28783099999418,254.85401419999835,225.46484375,255.25,0.9993994546496446,0.9997240985912663,0.9809604297038158,0.7060409122241806,0.5514843980088934,0.9467138257195901,0.8991885195456775,0.9995432349508182,0.5183664369889931,0.3807466666666667,0.6902833333333334,0,1.0,0,957,6,,
0.2.3,v0.2.2-seven-family-robustness-v2,synthetic__multidensity_2d__quality__n200000__OPTICS__23__86cc138bb37a,ok,multidensity_2d__quality__n200000,OPTICS,23,0.2.2,200000,2,260.02985370000533,262.79462810000405,220.83203125,217.43359375,0.005343482118242856,0.00015712085622142716,0.003719629755124616,0.0074069387512936315,0.8524264486346202,2.7493698318317155e-05,0.07633508935027374,1.3749325214421912e-05,0.005186561387211643,0.9897466666666667,0.49621333333333334,0,0.0,0,36,6,,
0.2.3,v0.2.2-seven-family-robustness-v2,synthetic__multidensity_2d__quality__n200000__SNN-DBSCAN__23__6f0a32ad8135,ok,multidensity_2d__quality__n200000,SNN-DBSCAN,23,0.2.2,200000,2,3.0154547999991337,23.147690500001772,373.1953125,367.2265625,0.3734454623253553,0.010108116198262896,0.050274564697935065,0.07753280037051408,0.1693548864436776,0.012015356190626705,0.23740071868439694,0.0061636559760872255,0.39262853111623736,0.09537333333333334,0.5012766666666667,0,0.0,0,5358,6,,
0.2.3,v0.2.2-seven-family-robustness-stratascan-fast-v1,synthetic__multidensity_2d__quality__n200000__StrataSCAN__23__0517ff8fe7a8,ok,multidensity_2d__quality__n200000,StrataSCAN,23,0.2.2,200000,2,23.15896669999347,26.52063809998799,534.48828125,525.109375,0.6672035183351868,0.45493317406547545,0.5857318749923867,0.7378007911858564,0.9965191447041274,0.4993779527940512,0.9792299476586679,0.33514625349330424,0.9896075168641205,0.99532,0.99425,22,4.666666666666667,0,71,6,,
0.2.3,v0.2.2-seven-family-robustness-v2,synthetic__multidensity_2d__quality__n200000__VDBSCAN-2007__23__cd439ee0b074,ok,multidensity_2d__quality__n200000,VDBSCAN-2007,23,0.2.2,200000,2,5.410038699992583,9.348360799995135,764.1171875,1117.44921875,0.0,0.0,0.08207052334733621,0.0407541601734211,0.027107542367865525,0.02247989145494213,0.011367718263801375,1.0,0.40332501139393157,0.01374,0.50687,0,1.0,1,349,6,,
0.2.3,v0.2.2-seven-family-robustness-v2,synthetic__multidensity_2d__quality__n200000__kNN+Leiden__23__c6ec71c68c20,ok,multidensity_2d__quality__n200000,kNN+Leiden,23,0.2.2,200000,2,92.49987440000405,96.99626259999059,910.87109375,979.5703125,0.8612665351072898,0.6920987493697797,0.7935304446071193,0.0,0.0,0.3809253976236177,0.28460453952219505,0.575796566993501,0.4,0.0,0.5,5,1.8333333333333333,0,50,6,,
0.2.3,v0.2.2-seven-family-robustness-v2,synthetic__multidensity_2d__quality__n200000__kNN-DBSCAN__23__6f12ff8f81f4,ok,multidensity_2d__quality__n200000,kNN-DBSCAN,23,0.2.2,200000,2,0.9875510999991093,4.525975099997595,219.8046875,219.0234375,0.9726127700568804,0.9835496522713997,0.9878557679650813,0.9909263198696991,0.9940160196836179,0.9747147606921874,0.976095709166084,0.9733377141399842,0.9822540349764047,0.99114,0.9909600000000001,0,1.0,0,173,6,,
0.2.3,v0.2.2-seven-family-robustness-v2,synthetic__multidensity_2d__quality__n200000__AMD-DBSCAN__42__407e5443d414,error,multidensity_2d__quality__n200000,AMD-DBSCAN,42,,,,,2.862427900006878,,185.359375,,,,,,,,,,,,,,,,,MemoryError,"Unable to allocate 298. GiB for an array with shape (200000, 200000) and data type float64"
0.2.3,v0.2.2-seven-family-robustness-v2,synthetic__multidensity_2d__quality__n200000__DBSCAN__42__ab444626e2e5,ok,multidensity_2d__quality__n200000,DBSCAN,42,0.2.2,200000,2,4.18880089999584,35.28644329999224,507.8671875,536.80859375,0.9992639616131859,0.9996559101575699,0.9869698694893833,0.658418602706033,0.4939786252491127,0.9720245921641556,0.9460814238164774,0.9994306884575329,0.497975527035305,0.3280133333333333,0.6639566666666666,0,1.0,0,9472,6,,
0.2.3,v0.2.2-seven-family-robustness-v2,synthetic__multidensity_2d__quality__n200000__HDBSCAN__42__0f759e268b40,ok,multidensity_2d__quality__n200000,HDBSCAN,42,0.2.2,200000,2,260.130633400011,265.2561857999972,224.5546875,252.49609375,0.9995702909073942,0.99981710544826,0.9797012300212713,0.703310125531429,0.5485534591194968,0.9412895357076309,0.8893299332709295,0.9996974207881425,0.5172581479565442,0.3779533333333333,0.6889066666666667,0,1.0,0,898,6,,
0.2.3,v0.2.2-seven-family-robustness-v2,synthetic__multidensity_2d__quality__n200000__OPTICS__42__f8746c9523d1,ok,multidensity_2d__quality__n200000,OPTICS,42,0.2.2,200000,2,263.81126800000493,266.5855865999911,223.1953125,223.625,0.0,0.0,0.0,0.0,0.8523983440108105,0.0,0.0,0.0,0.0,0.9903533333333333,0.49517666666666665,0,0.0,0,28,6,,
0.2.3,v0.2.2-seven-family-robustness-v2,synthetic__multidensity_2d__quality__n200000__SNN-DBSCAN__42__0ffa280c8cc6,ok,multidensity_2d__quality__n200000,SNN-DBSCAN,42,0.2.2,200000,2,3.08609090000391,22.929149299990968,372.63671875,364.65234375,0.37632065390385244,0.010669082025335503,0.049796206600532696,0.07684317553550371,0.16820337899056653,0.012899372179581892,0.2466910396159749,0.0066228388382510855,0.392284961472399,0.09468,0.50069,0,0.0,0,5244,6,,
0.2.3,v0.2.2-seven-family-robustness-stratascan-fast-v1,synthetic__multidensity_2d__quality__n200000__StrataSCAN__42__31ad011a4579,ok,multidensity_2d__quality__n200000,StrataSCAN,42,0.2.2,200000,2,17.934332800010452,21.41801029999624,441.125,434.4609375,0.6931807215284693,0.47954164540374816,0.6584601073068787,0.7930309672746765,0.9967359674999917,0.5233929222553567,0.9755150721519826,0.35763825461563026,0.9902956981237026,0.9944866666666666,0.9957433333333333,21,4.5,0,65,6,,
0.2.3,v0.2.2-seven-family-robustness-v2,synthetic__multidensity_2d__quality__n200000__VDBSCAN-2007__42__532f7abacbbf,ok,multidensity_2d__quality__n200000,VDBSCAN-2007,42,0.2.2,200000,2,4.740906200007885,8.695012700001826,758.890625,952.05078125,-4.84209798733923e-06,-3.655455378266262e-06,0.08216763684331489,0.038477314270291274,0.025120302286237153,0.022607350305275914,0.011432915417169261,0.9999512334019144,0.4030698413082297,0.01272,0.50635,0,1.0,1,337,6,,
0.2.3,v0.2.2-seven-family-robustness-v2,synthetic__multidensity_2d__quality__n200000__kNN+Leiden__42__d14683a4f3db,ok,multidensity_2d__quality__n200000,kNN+Leiden,42,0.2.2,200000,2,59.49821989999327,63.58780380000826,897.40234375,966.5,0.8540103853186565,0.6707444646323943,0.7617692172020373,0.0,0.0,0.3644548305983781,0.27208992159223233,0.5517567357739043,0.4,0.0,0.5,5,1.8333333333333333,0,50,6,,
0.2.3,v0.2.2-seven-family-robustness-v2,synthetic__multidensity_2d__quality__n200000__kNN-DBSCAN__42__56d018e13aea,ok,multidensity_2d__quality__n200000,kNN-DBSCAN,42,0.2.2,200000,2,1.0142810999968788,4.615461499997764,221.1953125,217.25390625,0.974228257632263,0.984271233338325,0.9888305392541445,0.9912706368563523,0.9937228069119354,0.9764650540980503,0.9784428984014685,0.974495189772856,0.9814123448965648,0.9904733333333333,0.9907566666666667,0,1.0,0,199,6,,
0.2.3,v0.2.2-seven-family-robustness-v2,synthetic__multidensity_2d__quality__n200000__AMD-DBSCAN__73__71a62869e238,error,multidensity_2d__quality__n200000,AMD-DBSCAN,73,,,,,2.8376794999931008,,185.7421875,,,,,,,,,,,,,,,,,MemoryError,"Unable to allocate 298. GiB for an array with shape (200000, 200000) and data type float64"
0.2.3,v0.2.2-seven-family-robustness-v2,synthetic__multidensity_2d__quality__n200000__DBSCAN__73__1e233518aa6c,ok,multidensity_2d__quality__n200000,DBSCAN,73,0.2.2,200000,2,3.42877579999913,34.69199020000815,508.35546875,534.796875,0.9990231311913623,0.9995556380192182,0.987405501721165,0.6598028633586227,0.49542885513257073,0.9717331188027127,0.9456780506540737,0.9992645888881123,0.4984321799428705,0.3293,0.66457,0,1.0,0,9562,6,,
0.2.3,v0.2.2-seven-family-robustness-v2,synthetic__multidensity_2d__quality__n200000__HDBSCAN__73__c78c2b40e6c4,ok,multidensity_2d__quality__n200000,HDBSCAN,73,0.2.2,200000,2,249.94200979999732,255.39162660000147,223.44140625,251.62109375,0.9992205314883896,0.9996338457786822,0.9814811993261334,0.711963279068184,0.5585763907238634,0.9490327531783642,0.9035035188077807,0.9993940931725593,0.5210864568185016,0.38755333333333336,0.6936366666666667,0,1.0,0,934,6,,
0.2.3,v0.2.2-seven-family-robustness-v2,synthetic__multidensity_2d__quality__n200000__OPTICS__73__1c0e9037341d,ok,multidensity_2d__quality__n200000,OPTICS,73,0.2.2,200000,2,297.2366114000033,300.16564890000154,220.375,218.109375,0.0036732869729638787,0.00040356595287305167,0.0021875854525567405,0.004363974512720731,0.8526467119478665,1.449486085869702e-05,0.043641246573043135,7.248634198172371e-06,0.0031061326706916972,0.99046,0.49603,0,0.0,0,32,6,,
0.2.3,v0.2.2-seven-family-robustness-v2,synthetic__multidensity_2d__quality__n200000__SNN-DBSCAN__73__a336fba2bad5,ok,multidensity_2d__quality__n200000,SNN-DBSCAN,73,0.2.2,200000,2,2.955772599991178,22.78215959999943,372.421875,363.10546875,0.3722840342735531,0.00977045521790152,0.04908378776636154,0.07598445818106828,0.16812808406404203,0.011557627954561202,0.22810421915275148,0.005929020342395091,0.39131375927545387,0.09472,0.4993,0,0.0,0,5319,6,,
0.2.3,v0.2.2-seven-family-robustness-stratascan-fast-v1,synthetic__multidensity_2d__quality__n200000__StrataSCAN__73__d1be9f129ad2,ok,multidensity_2d__quality__n200000,StrataSCAN,73,0.2.2,200000,2,19.88336320000235,23.308372300001793,441.44140625,425.09765625,0.7175042282097409,0.5624261524165798,0.7230346185663642,0.8380402737197549,0.996551424542362,0.6034614718988057,0.974526059918151,0.4370489133700254,0.9897564171282235,0.9940733333333334,0.9956066666666668,17,3.8333333333333335,0,64,6,,
0.2.3,v0.2.2-seven-family-robustness-v2,synthetic__multidensity_2d__quality__n200000__VDBSCAN-2007__73__702397c6889a,ok,multidensity_2d__quality__n200000,VDBSCAN-2007,73,0.2.2,200000,2,4.871067700005369,8.909561199994641,759.015625,1099.5390625,0.0,0.0,0.08207200030270828,0.040798314748681654,0.027146464646464644,0.022505444374511914,0.011380787021885564,1.0,0.40332989158492516,0.01376,0.50688,0,1.0,1,361,6,,
0.2.3,v0.2.2-seven-family-robustness-v2,synthetic__multidensity_2d__quality__n200000__kNN+Leiden__73__a6536437f4be,ok,multidensity_2d__quality__n200000,kNN+Leiden,73,0.2.2,200000,2,65.8223364000005,69.73355849999643,906.8671875,975.6953125,0.8542223472473183,0.6985774283994253,0.8063197645410681,0.0,0.0,0.37198009016589534,0.27305527489942794,0.583304758923042,0.4,0.0,0.5,6,2.0,0,48,6,,
0.2.3,v0.2.2-seven-family-robustness-v2,synthetic__multidensity_2d__quality__n200000__kNN-DBSCAN__73__6b948efc2727,ok,multidensity_2d__quality__n200000,kNN-DBSCAN,73,0.2.2,200000,2,0.9240348000021186,4.525776399997994,220.05859375,216.7109375,0.9733110334870616,0.9831281068993895,0.9884341235883589,0.9909985003264232,0.9935762176261098,0.9748668343998114,0.9770772338183847,0.9726664133888556,0.9809717200732999,0.9904133333333334,0.9903766666666667,0,1.0,0,193,6,,
0.2.3,v0.2.2-seven-family-robustness-v2,synthetic__multidensity_2d__quality__n200000__AMD-DBSCAN__101__1a37623f239c,error,multidensity_2d__quality__n200000,AMD-DBSCAN,101,,,,,2.876192900002934,,185.7109375,,,,,,,,,,,,,,,,,MemoryError,"Unable to allocate 298. GiB for an array with shape (200000, 200000) and data type float64"
0.2.3,v0.2.2-seven-family-robustness-v2,synthetic__multidensity_2d__quality__n200000__DBSCAN__101__f1ea3fbae2d4,ok,multidensity_2d__quality__n200000,DBSCAN,101,0.2.2,200000,2,3.8579409000085434,34.5726549999963,509.21484375,537.875,0.9992760230300319,0.9996566684141335,0.9864348780116542,0.6581697375098968,0.4938324907499912,0.9702445915377755,0.9427141461851991,0.9994313719422583,0.4979209306263103,0.32788666666666666,0.6638833333333334,0,1.0,0,9423,6,,
0.2.3,v0.2.2-seven-family-robustness-v2,synthetic__multidensity_2d__quality__n200000__HDBSCAN__101__efe3e07a3e64,ok,multidensity_2d__quality__n200000,HDBSCAN,101,0.2.2,200000,2,243.4840627000085,248.97949379999773,224.15625,252.921875,0.9995870212354225,0.999817106964724,0.984297894433556,0.7127070164360823,0.558581325851118,0.953891385859561,0.9120993693735086,0.9996970939137148,0.5211349824352921,0.38754,0.6937,0,1.0,0,944,6,,
0.2.3,v0.2.2-seven-family-robustness-v2,synthetic__multidensity_2d__quality__n200000__OPTICS__101__688e3cabbda3,ok,multidensity_2d__quality__n200000,OPTICS,101,0.2.2,200000,2,302.18885999999475,305.57208230000106,219.09375,219.28515625,0.00451181694197296,-0.00014988094709368882,0.004513779470894427,0.008980049061312747,0.8531690817652645,2.3313225691703965e-05,0.07285751725342884,1.1658478107952577e-05,0.004822182037371911,0.9913,0.49689,0,0.0,0,30,6,,
0.2.3,v0.2.2-seven-family-robustness-v2,synthetic__multidensity_2d__quality__n200000__SNN-DBSCAN__101__0106f492549a,ok,multidensity_2d__quality__n200000,SNN-DBSCAN,101,0.2.2,200000,2,2.848103500000434,22.364773900000728,366.44140625,371.9375,0.3770399787989772,0.011011168522505615,0.050963945582606425,0.07846914041182114,0.17047357056230958,0.013374699544164512,0.2548118341893987,0.006867584492082535,0.3928993570454398,0.09605333333333334,0.5017566666666667,0,0.0,0,5275,6,,
0.2.3,v0.2.2-seven-family-robustness-stratascan-fast-v1,synthetic__multidensity_2d__quality__n200000__StrataSCAN__101__369b3b1d0a4a,ok,multidensity_2d__quality__n200000,StrataSCAN,101,0.2.2,200000,2,17.907095200003823,21.42700429999968,437.33984375,437.3671875,0.6826235002498158,0.44890573219318425,0.6499948429637009,0.7868219486881064,0.9966141124328588,0.4929234722822954,0.9768286117832853,0.3296300579907705,0.9899520914131547,0.9939,0.99597,20,4.333333333333333,0,72,6,,
0.2.3,v0.2.2-seven-family-robustness-v2,synthetic__multidensity_2d__quality__n200000__VDBSCAN-2007__101__1b313a919334,ok,multidensity_2d__quality__n200000,VDBSCAN-2007,101,0.2.2,200000,2,4.946703499997966,8.883812300002319,760.7734375,1059.578125,0.0,0.0,0.08200425508413033,0.04003818577365646,0.026484576976969074,0.02239933243321727,0.011326519453888104,1.0,0.4032469443962789,0.01342,0.50671,0,1.0,1,346,6,,
0.2.3,v0.2.2-seven-family-robustness-v2,synthetic__multidensity_2d__quality__n200000__kNN+Leiden__101__befa6f9a39ac,ok,multidensity_2d__quality__n200000,kNN+Leiden,101,0.2.2,200000,2,30.185637199989287,34.053251499994076,883.453125,958.515625,0.8251732586406199,0.6055447644636797,0.7115139349340649,0.0,0.0,0.32900729148901836,0.25001495440736904,0.48096996916295265,0.4,0.0,0.5,7,2.1666666666666665,0,52,6,,
0.2.3,v0.2.2-seven-family-robustness-v2,synthetic__multidensity_2d__quality__n200000__kNN-DBSCAN__101__2dcc37826bdb,ok,multidensity_2d__quality__n200000,kNN-DBSCAN,101,0.2.2,200000,2,0.9657746000011684,4.571839299998828,217.66015625,221.08984375,0.9708548213992513,0.9820587919055844,0.9878973710687663,0.9907955043569363,0.9937106918238993,0.9743366624927842,0.9777607846678096,0.970936439202847,0.9813616591195092,0.99066,0.9905299999999999,0,1.0,0,193,6,,
0.2.3,v0.2.2-seven-family-robustness-v2,synthetic__multidensity_2d__quality__n200000__AMD-DBSCAN__151__5e9928e5dd16,error,multidensity_2d__quality__n200000,AMD-DBSCAN,151,,,,,2.9673525000107475,,185.875,,,,,,,,,,,,,,,,,MemoryError,"Unable to allocate 298. GiB for an array with shape (200000, 200000) and data type float64"
0.2.3,v0.2.2-seven-family-robustness-v2,synthetic__multidensity_2d__quality__n200000__DBSCAN__151__dd360444eef2,ok,multidensity_2d__quality__n200000,DBSCAN,151,0.2.2,200000,2,3.3693973000044934,33.27947090000089,509.890625,536.76171875,0.9994195388986106,0.9997637346605551,0.9861810994049299,0.6608991927258283,0.49697649834922325,0.9698727949332919,0.9418546606105144,0.9996089955148525,0.4989695454522772,0.33066,0.66529,0,1.0,0,9407,6,,
0.2.3,v0.2.2-seven-family-robustness-v2,synthetic__multidensity_2d__quality__n200000__HDBSCAN__151__0d13c7278c43,ok,multidensity_2d__quality__n200000,HDBSCAN,151,0.2.2,200000,2,246.15782369999215,251.3088587000093,223.72265625,255.19140625,0.9993489922038296,0.999718748322116,0.9833920369068858,0.7192530126338882,0.5669659915934275,0.9523404966179138,0.9094020368607848,0.9995346720797409,0.5244439781787663,0.39566666666666667,0.6977333333333333,0,1.0,0,917,6,,
0.2.3,v0.2.2-seven-family-robustness-v2,synthetic__multidensity_2d__quality__n200000__OPTICS__151__fb3d7c9b934a,ok,multidensity_2d__quality__n200000,OPTICS,151,0.2.2,200000,2,299.19263199999114,302.1921904000046,219.7734375,218.06640625,0.007077734669316435,-9.042396387301177e-05,0.005939128806042243,0.01179624063953397,0.8542060308567465,4.1303048434604486e-05,0.14711230123309862,2.0654423671168876e-05,0.007378921271985476,0.99308,0.49843,0,0.0,0,25,6,,
0.2.3,v0.2.2-seven-family-robustness-v2,synthetic__multidensity_2d__quality__n200000__SNN-DBSCAN__151__1d2655213a7d,ok,multidensity_2d__quality__n200000,SNN-DBSCAN,151,0.2.2,200000,2,3.037679900007788,22.57673230000364,371.90625,364.5625,0.37686407111915043,0.010743702695207762,0.05303545673765823,0.08071597796665536,0.16883532423208192,0.012963817049073217,0.2458343416837315,0.006657445232335671,0.39336251037918624,0.09498,0.5022800000000001,0,0.0,0,5230,6,,
0.2.3,v0.2.2-seven-family-robustness-stratascan-fast-v1,synthetic__multidensity_2d__quality__n200000__StrataSCAN__151__f9669082afe2,ok,multidensity_2d__quality__n200000,StrataSCAN,151,0.2.2,200000,2,18.34912259998964,22.080526800011285,433.37109375,428.11328125,0.6940884433498037,0.549694102991415,0.689519827202076,0.8148009553704343,0.9957158467032674,0.593067078117629,0.9827026946795187,0.42468290145211923,0.9871173264946305,0.9963,0.9908399999999999,18,4.0,0,65,6,,
0.2.3,v0.2.2-seven-family-robustness-v2,synthetic__multidensity_2d__quality__n200000__VDBSCAN-2007__151__9534008de0e5,ok,multidensity_2d__quality__n200000,VDBSCAN-2007,151,0.2.2,200000,2,4.870384599998943,8.78147099999478,761.75,1148.1484375,0.0,0.0,0.08200528462913335,0.040892499032759835,0.027237277324407675,0.022494271753383255,0.011375072866832158,1.0,0.40334127915653273,0.013806666666666667,0.5069033333333334,0,1.0,1,344,6,,
0.2.3,v0.2.2-seven-family-robustness-v2,synthetic__multidensity_2d__quality__n200000__kNN+Leiden__151__26fd4185dc34,ok,multidensity_2d__quality__n200000,kNN+Leiden,151,0.2.2,200000,2,98.41292820000672,102.25120919999608,911.21875,979.5234375,0.8441709174354642,0.658639899804731,0.7649636680521729,0.0,0.0,0.3466778609967608,0.2556793277684251,0.5382434709486991,0.4,0.0,0.5,6,2.0,0,48,6,,
0.2.3,v0.2.2-seven-family-robustness-v2,synthetic__multidensity_2d__quality__n200000__kNN-DBSCAN__151__0252587dc7ba,ok,multidensity_2d__quality__n200000,kNN-DBSCAN,151,0.2.2,200000,2,0.9091007000097306,4.520226799999364,220.17578125,221.6640625,0.9718298455640033,0.9827301407224127,0.9881119124302519,0.9909211699889243,0.9937464468447982,0.9746680305388096,0.977342400171511,0.9720082570908934,0.9814796474200257,0.9905333333333334,0.9907666666666667,0,1.0,0,196,6,,
0.2.3,v0.2.2-seven-family-robustness-v2,synthetic__multidensity_2d__quality__n5000__AMD-DBSCAN__23__b76f14147ef7,ok,multidensity_2d__quality__n5000,AMD-DBSCAN,23,0.2.2,5000,2,0.32569719999446534,2.924938899988774,563.67578125,563.67578125,0.9500573939603357,0.957032651238769,0.9802235710557903,0.0,0.0,0.03403492667743733,0.017333553581319786,0.9331927179164984,0.4,0.0,0.5,0,1.0,0,9,6,,
0.2.3,v0.2.2-seven-family-robustness-v2,synthetic__multidensity_2d__quality__n5000__DBSCAN__23__a9735c80b7f0,ok,multidensity_2d__quality__n5000,DBSCAN,23,0.2.2,5000,2,0.04175709999981336,2.845776100002695,186.4375,186.69140625,0.9312269218363824,0.830328148711811,0.8424522029152285,0.6213353433090687,0.49215922798552475,0.7363420820012062,0.5827068160719656,1.0,0.49741345005968957,0.3264,0.6632,0,1.0,1,246,6,,
0.2.3,v0.2.2-seven-family-robustness-v2,synthetic__multidensity_2d__quality__n5000__HDBSCAN__23__56b22a625d1c,ok,multidensity_2d__quality__n5000,HDBSCAN,23,0.2.2,5000,2,0.18136020000383724,3.1508398999867495,184.58203125,184.7890625,1.0,1.0,0.9543765641838049,0.7057629538736565,0.5599078341013825,0.6663078418180459,0.4995964306533339,1.0,0.5217028380634391,0.3888,0.6944,0,1.0,0,32,6,,
0.2.3,v0.2.2-seven-family-robustness-v2,synthetic__multidensity_2d__quality__n5000__OPTICS__23__4bd38d061b2a,ok,multidensity_2d__quality__n5000,OPTICS,23,0.2.2,5000,2,3.851925900002243,6.886880800011568,184.328125,184.62890625,0.9814388714096816,0.9717313632208361,0.9734860844498233,0.9821215154513,0.9909115209836943,0.9446455018206519,0.9376395428520901,0.9517569447560921,0.9729944400317713,0.9885333333333334,0.9842666666666666,0,1.0,0,6,6,,
0.2.3,v0.2.2-seven-family-robustness-v2,synthetic__multidensity_2d__quality__n5000__SNN-DBSCAN__23__6fb1770e452f,ok,multidensity_2d__quality__n5000,SNN-DBSCAN,23,0.2.2,5000,2,0.0485284999886062,3.441712899992126,226.35546875,226.6015625,0.7754105806990638,0.5993655151801384,0.767434820781648,0.27947990353605034,0.17084942084942084,0.41520408728851965,0.3680328769023577,0.47624497000703075,0.41325136612021857,0.0944,0.5312,11,2.8333333333333335,0,107,6,,
0.2.3,v0.2.2-seven-family-robustness-stratascan-fast-v1,synthetic__multidensity_2d__quality__n5000__StrataSCAN__23__67a617814aba,ok,multidensity_2d__quality__n5000,StrataSCAN,23,0.2.2,5000,2,0.6531117999984417,4.486890800006222,220.5078125,220.41015625,0.9745779421736194,0.9797907936332905,0.9792628071357243,0.9855131676895594,0.9918438293889557,0.959873840445269,0.9524381084225564,0.9674265882810513,0.9758032526775089,0.9890666666666666,0.9865333333333333,0,1.0,0,8,6,,
0.2.3,v0.2.2-seven-family-robustness-v2,synthetic__multidensity_2d__quality__n5000__VDBSCAN-2007__23__356117563654,ok,multidensity_2d__quality__n5000,VDBSCAN-2007,23,0.2.2,5000,2,0.059568600001512095,2.716874200006714,185.63671875,185.86328125,0.9985059721802454,0.9987806059500411,0.9864775191879905,0.07543267851109366,0.0392156862745098,0.04272160181992974,0.021828008160718584,0.9979805232688597,0.40485829959514164,0.02,0.51,0,1.0,0,24,6,,
0.2.3,v0.2.2-seven-family-robustness-v2,synthetic__multidensity_2d__quality__n5000__kNN+Leiden__23__24a2a380ce30,ok,multidensity_2d__quality__n5000,kNN+Leiden,23,0.2.2,5000,2,0.13481109999702312,3.8694315000029746,231.84765625,231.83203125,1.0,1.0,0.9352341135554063,0.0,0.0,0.25438811797544364,0.1457300563745046,1.0,0.4,0.0,0.5,0,1.0,0,16,6,,
0.2.3,v0.2.2-seven-family-robustness-v2,synthetic__multidensity_2d__quality__n5000__kNN-DBSCAN__23__c6ab52e3ea62,ok,multidensity_2d__quality__n5000,kNN-DBSCAN,23,0.2.2,5000,2,0.015160900002229027,2.6861518999940017,184.03515625,184.51953125,0.994905524121993,0.9969025905467549,0.9886048827152741,0.9917482264419877,0.9949116229244778,0.9781810961664327,0.9620157954118089,0.9948989513680085,0.9849921011058453,0.9906666666666667,0.9941333333333333,0,1.0,0,8,6,,
0.2.3,v0.2.2-seven-family-robustness-v2,synthetic__multidensity_2d__quality__n5000__AMD-DBSCAN__42__eacb36a37134,ok,multidensity_2d__quality__n5000,AMD-DBSCAN,42,0.2.2,5000,2,0.31730660000175703,2.9431562999961898,563.32421875,563.32421875,0.9430410732718522,0.9523726235844809,0.9786909545194361,0.0,0.0,0.03376007492000953,0.017192428784033584,0.9289913630129369,0.4,0.0,0.5,3,1.5,1,7,6,,
0.2.3,v0.2.2-seven-family-robustness-v2,synthetic__multidensity_2d__quality__n5000__DBSCAN__42__78ed33db24a4,ok,multidensity_2d__quality__n5000,DBSCAN,42,0.2.2,5000,2,0.04137510000145994,2.7347345000016503,186.28125,186.53125,1.0,1.0,0.9512394090251574,0.6011732056757052,0.4394506866416979,0.8459205975409758,0.7329830129006314,1.0,0.48132460531382365,0.2816,0.6408,0,1.0,0,246,6,,
0.2.3,v0.2.2-seven-family-robustness-v2,synthetic__multidensity_2d__quality__n5000__HDBSCAN__42__ce9b32e7a7d7,ok,multidensity_2d__quality__n5000,HDBSCAN,42,0.2.2,5000,2,0.15868229999614414,2.9947366999986116,185.18359375,185.3828125,1.0,1.0,0.8893124305682774,0.7346892452899558,0.6258702821546355,0.6443068751224034,0.47526011845828064,1.0,0.5504183179216203,0.4554666666666667,0.7277333333333333,0,1.0,0,28,6,,
0.2.3,v0.2.2-seven-family-robustness-v2,synthetic__multidensity_2d__quality__n5000__OPTICS__42__5dd3fcc67d8e,ok,multidensity_2d__quality__n5000,OPTICS,42,0.2.2,5000,2,3.990729900004226,6.988628399994923,184.20703125,184.5078125,0.9528759392674243,0.9607530445263787,0.964613835540789,0.9770247923330964,0.9897592764995344,0.9446173689056554,0.9499610124760077,0.9393335063201987,0.9689641273679969,0.9922666666666666,0.9769333333333333,0,1.0,0,6,6,,
0.2.3,v0.2.2-seven-family-robustness-v2,synthetic__multidensity_2d__quality__n5000__SNN-DBSCAN__42__58960c7e5012,ok,multidensity_2d__quality__n5000,SNN-DBSCAN,42,0.2.2,5000,2,0.04967459999897983,3.4374156999983825,226.57421875,226.42578125,0.7603224644296942,0.542603392281974,0.7089161552315238,0.2916753324447162,0.18360970920451816,0.36700125266394446,0.32702075843673895,0.41811913852541055,0.4182222983387566,0.10186666666666666,0.5393333333333333,11,2.8333333333333335,0,106,6,,
0.2.3,v0.2.2-seven-family-robustness-stratascan-fast-v1,synthetic__multidensity_2d__quality__n5000__StrataSCAN__42__9d69e5f4f7e2,ok,multidensity_2d__quality__n5000,StrataSCAN,42,0.2.2,5000,2,1.100240899977507,4.266316399996867,229.296875,229.22265625,0.9817272729020077,0.9888214407333598,0.9888512799793312,0.9926096195535057,0.9963966368610704,0.9776188261694385,0.9734082039145359,0.9818660340289876,0.9892301555644196,0.9954666666666667,0.9937333333333334,0,1.0,0,7,6,,
0.2.3,v0.2.2-seven-family-robustness-v2,synthetic__multidensity_2d__quality__n5000__VDBSCAN-2007__42__175cb9d84fae,ok,multidensity_2d__quality__n5000,VDBSCAN-2007,42,0.2.2,5000,2,0.05760139999620151,2.6944537999952445,185.53515625,185.75390625,0.9985474684315223,0.9990135068451355,0.9902760398178625,0.08016893375996686,0.041775456919060046,0.04432443054059085,0.02266535026478394,0.998368980983801,0.40518638573743926,0.021333333333333333,0.5106666666666667,0,1.0,0,26,6,,
0.2.3,v0.2.2-seven-family-robustness-v2,synthetic__multidensity_2d__quality__n5000__kNN+Leiden__42__53b5e7cee6f8,ok,multidensity_2d__quality__n5000,kNN+Leiden,42,0.2.2,5000,2,0.2172831999923801,3.457860599999549,232.33984375,232.33984375,0.9999999999999999,1.0,0.9087574340996879,0.0,0.0,0.27875741791086417,0.16195126753866732,1.0,0.4,0.0,0.5,0,1.0,0,16,6,,
0.2.3,v0.2.2-seven-family-robustness-v2,synthetic__multidensity_2d__quality__n5000__kNN-DBSCAN__42__562b74139d3e,ok,multidensity_2d__quality__n5000,kNN-DBSCAN,42,0.2.2,5000,2,0.015430600004037842,2.6124019999988377,184.0234375,184.4921875,0.9985474684315221,0.9990135068451355,0.9935154116011632,0.9953507533860985,0.9971928886512498,0.9874212222421828,0.9767109576721111,0.998368980983801,0.9916633584755854,0.9946666666666667,0.9969333333333333,0,1.0,0,7,6,,
0.2.3,v0.2.2-seven-family-robustness-v2,synthetic__multidensity_2d__quality__n5000__AMD-DBSCAN__73__a97a7717d9c2,ok,multidensity_2d__quality__n5000,AMD-DBSCAN,73,0.2.2,5000,2,0.3333442000002833,3.035488199995598,563.515625,563.515625,0.9672621560526927,0.9758966569090772,0.9853608317552505,0.0,0.0,0.03491840832015458,0.017781893215973774,0.9620955478266107,0.4,0.0,0.5,0,1.0,0,7,6,,
0.2.3,v0.2.2-seven-family-robustness-v2,synthetic__multidensity_2d__quality__n5000__DBSCAN__73__d8879d7b49b2,ok,multidensity_2d__quality__n5000,DBSCAN,73,0.2.2,5000,2,0.041186299989931285,2.739992999995593,185.76953125,186.0234375,1.0,1.0,0.9485946476505588,0.6540650731363697,0.4990994596758055,0.8349351016688142,0.7166425688944518,1.0,0.4997001798920647,0.33253333333333335,0.6662666666666667,0,1.0,0,245,6,,
0.2.3,v0.2.2-seven-family-robustness-v2,synthetic__multidensity_2d__quality__n5000__HDBSCAN__73__cb4dc9646e26,ok,multidensity_2d__quality__n5000,HDBSCAN,73,0.2.2,5000,2,0.16165229999751318,3.0589495000022,184.63671875,184.890625,1.0,1.0,0.9351743406575386,0.7226993810607214,0.5888993414863594,0.6218776553535439,0.4512499617826605,1.0,0.5336179295624334,0.41733333333333333,0.7086666666666667,0,1.0,0,28,6,,
0.2.3,v0.2.2-seven-family-robustness-v2,synthetic__multidensity_2d__quality__n5000__OPTICS__73__0d87f7a4a13d,ok,multidensity_2d__quality__n5000,OPTICS,73,0.2.2,5000,2,3.934238399990136,7.294144100000267,184.3984375,184.703125,0.9925749580717991,0.9934765667857955,0.9781083811089406,0.9814790554537279,0.9848730415991356,0.9503808786613905,0.9146569009691433,0.9890088380986796,0.9568567026194146,0.9722666666666666,0.9829333333333333,0,1.0,0,7,6,,
0.2.3,v0.2.2-seven-family-robustness-v2,synthetic__multidensity_2d__quality__n5000__SNN-DBSCAN__73__6bfc57c8bce0,ok,multidensity_2d__quality__n5000,SNN-DBSCAN,73,0.2.2,5000,2,0.0479672999936156,3.3836381000000983,226.76171875,226.92578125,0.7871149668079145,0.6555885269191597,0.7418853732716529,0.3090670446832695,0.1951916210426089,0.3577378188799519,0.2683158215720304,0.5365569056115151,0.41696844283497153,0.10933333333333334,0.5382666666666667,8,2.3333333333333335,0,87,6,,
0.2.3,v0.2.2-seven-family-robustness-stratascan-fast-v1,synthetic__multidensity_2d__quality__n5000__StrataSCAN__73__ad593569e0c5,ok,multidensity_2d__quality__n5000,StrataSCAN,73,0.2.2,5000,2,0.6648946000204887,3.892759499984095,220.32421875,220.21875,0.9895839418061136,0.9939481626389154,0.9890103391612172,0.9925546963258042,0.9961245489776828,0.9759641428645637,0.9622329528826455,0.9900928979026454,0.9884783472387763,0.9938666666666667,0.9945333333333333,0,1.0,0,6,6,,
0.2.3,v0.2.2-seven-family-robustness-v2,synthetic__multidensity_2d__quality__n5000__VDBSCAN-2007__73__0df6787de43d,ok,multidensity_2d__quality__n5000,VDBSCAN-2007,73,0.2.2,5000,2,0.057652000003145076,2.6642731000029016,185.1875,185.40234375,0.9985418666324342,0.9989423861901634,0.9901753743104439,0.07733781147491438,0.040240397177946176,0.04395725702817702,0.022473431638319455,0.9982459310116386,0.4049894702737729,0.020533333333333334,0.5102666666666666,0,1.0,0,31,6,,
0.2.3,v0.2.2-seven-family-robustness-v2,synthetic__multidensity_2d__quality__n5000__kNN+Leiden__73__7ea6baaaa4d8,ok,multidensity_2d__quality__n5000,kNN+Leiden,73,0.2.2,5000,2,0.20554520000587218,3.463296000001719,232.5703125,232.5703125,1.0,1.0,0.9265000781039978,0.0,0.0,0.2476349735883246,0.14131472030996173,1.0,0.4,0.0,0.5,0,1.0,0,15,6,,
0.2.3,v0.2.2-seven-family-robustness-v2,synthetic__multidensity_2d__quality__n5000__kNN-DBSCAN__73__4e1bd82ff082,ok,multidensity_2d__quality__n5000,kNN-DBSCAN,73,0.2.2,5000,2,0.014697199992951937,2.682555399995181,184.046875,184.53515625,0.9904969604452308,0.9941857922120755,0.9905450219590172,0.9935935392779884,0.996660878856685,0.9791650386445924,0.9681302751348447,0.990454251170634,0.9900517309988062,0.9949333333333333,0.9950666666666667,0,1.0,0,6,6,,
0.2.3,v0.2.2-seven-family-robustness-v2,synthetic__multidensity_2d__quality__n5000__AMD-DBSCAN__101__83ab611c4bd4,ok,multidensity_2d__quality__n5000,AMD-DBSCAN,101,0.2.2,5000,2,0.32633609999902546,2.9634057999937795,563.3046875,563.3046875,0.9607411704664628,0.9681230601399538,0.9837463740017663,0.0,0.0,0.034593857875695945,0.01761750979772991,0.950552117008489,0.4,0.0,0.5,1,1.1666666666666667,0,7,6,,
0.2.3,v0.2.2-seven-family-robustness-v2,synthetic__multidensity_2d__quality__n5000__DBSCAN__101__e164cfd4a619,ok,multidensity_2d__quality__n5000,DBSCAN,101,0.2.2,5000,2,0.0407271000003675,2.80283149999741,186.8515625,187.07421875,1.0,1.0,0.9417872429611425,0.6374621470190331,0.4817813765182186,0.8330057839417875,0.7138045523099962,1.0,0.4940711462450593,0.31733333333333336,0.6586666666666667,0,1.0,0,239,6,,
0.2.3,v0.2.2-seven-family-robustness-v2,synthetic__multidensity_2d__quality__n5000__HDBSCAN__101__926573d10b22,ok,multidensity_2d__quality__n5000,HDBSCAN,101,0.2.2,5000,2,0.16167040000436828,2.91932590000215,184.4765625,184.6875,1.0,1.0,0.9307614067046027,0.6644362280537818,0.5166139240506329,0.5725736295257657,0.4011230571111976,1.0,0.505663430420712,0.34826666666666667,0.6741333333333334,0,1.0,0,29,6,,
0.2.3,v0.2.2-seven-family-robustness-v2,synthetic__multidensity_2d__quality__n5000__OPTICS__101__d2fe63c7f70c,ok,multidensity_2d__quality__n5000,OPTICS,101,0.2.2,5000,2,3.7021658000012394,6.477216799990856,184.453125,184.75390625,0.9626174988978744,0.9657388252586161,0.9769368624240052,0.9846792123897137,0.9925452609158679,0.9560557341907825,0.9666572542794564,0.945684229388005,0.9774919614147909,0.9941333333333333,0.9834666666666667,0,1.0,0,6,6,,
0.2.3,v0.2.2-seven-family-robustness-v2,synthetic__multidensity_2d__quality__n5000__SNN-DBSCAN__101__5651b5725118,ok,multidensity_2d__quality__n5000,SNN-DBSCAN,101,0.2.2,5000,2,0.04786299999977928,3.3685175999999046,230.21875,226.35546875,0.734175107736519,0.5120817488201438,0.6889127095663006,0.2749106081938926,0.17171717171717174,0.32136980318460173,0.2732545975688851,0.39005069471923787,0.4104758644299897,0.0952,0.5272,14,3.3333333333333335,0,102,6,,
0.2.3,v0.2.2-seven-family-robustness-stratascan-fast-v1,synthetic__multidensity_2d__quality__n5000__StrataSCAN__101__2060859a9cb5,ok,multidensity_2d__quality__n5000,StrataSCAN,101,0.2.2,5000,2,0.7697343000036199,3.8734339000075124,223.2578125,223.1484375,0.9397139305370923,0.9498337769145638,0.9537610750428479,0.9728236352487879,0.9926637321595305,0.9452084714393555,0.9709049688267524,0.9208370974846759,0.9780263683579705,0.9922666666666666,0.9857333333333334,2,1.3333333333333333,0,9,6,,
0.2.3,v0.2.2-seven-family-robustness-v2,synthetic__multidensity_2d__quality__n5000__VDBSCAN-2007__101__6f46389e74c7,ok,multidensity_2d__quality__n5000,VDBSCAN-2007,101,0.2.2,5000,2,0.05816410000261385,2.764383000001544,185.31640625,185.515625,1.0,1.0,0.9909017092324813,0.0968906112545738,0.05093555093555094,0.0411110754721064,0.020986935480282257,1.0,0.406371911573472,0.026133333333333335,0.5130666666666667,0,1.0,0,22,6,,
0.2.3,v0.2.2-seven-family-robustness-v2,synthetic__multidensity_2d__quality__n5000__kNN+Leiden__101__75c740337173,ok,multidensity_2d__quality__n5000,kNN+Leiden,101,0.2.2,5000,2,0.15079869999317452,3.3598686999903293,232.6484375,232.6484375,1.0,1.0,0.9283615216407437,0.0,0.0,0.27221160881229167,0.15754915949236656,1.0,0.4,0.0,0.5,0,1.0,0,16,6,,
0.2.3,v0.2.2-seven-family-robustness-v2,synthetic__multidensity_2d__quality__n5000__kNN-DBSCAN__101__189da12e7841,ok,multidensity_2d__quality__n5000,kNN-DBSCAN,101,0.2.2,5000,2,0.015710599996964447,2.675271600004635,183.4453125,183.890625,0.9948662461404875,0.996780330839537,0.9909404147925199,0.9929220481462484,0.9949116229244778,0.9815339391684562,0.9687127359450891,0.9946990794316816,0.9849921011058453,0.9906666666666667,0.9941333333333333,0,1.0,0,9,6,,
0.2.3,v0.2.2-seven-family-robustness-v2,synthetic__multidensity_2d__quality__n5000__AMD-DBSCAN__151__47e9d7c7ba1d,ok,multidensity_2d__quality__n5000,AMD-DBSCAN,151,0.2.2,5000,2,0.31853390000469517,2.9070570999901975,563.59375,563.59375,0.9454016207057616,0.9512115586458973,0.9794505498667926,0.0,0.0,0.03351763042121225,0.01706807059723723,0.9249334158951366,0.4,0.0,0.5,1,1.1666666666666667,0,9,6,,
0.2.3,v0.2.2-seven-family-robustness-v2,synthetic__multidensity_2d__quality__n5000__DBSCAN__151__831b9a0ff723,ok,multidensity_2d__quality__n5000,DBSCAN,151,0.2.2,5000,2,0.041896800001268275,2.7792067999980645,186.44140625,186.69140625,1.0,1.0,0.9371948121426001,0.6566590427011421,0.5053806297329613,0.8345120842723911,0.7160195082343765,1.0,0.5018065034122843,0.33813333333333334,0.6690666666666667,0,1.0,0,238,6,,
0.2.3,v0.2.2-seven-family-robustness-v2,synthetic__multidensity_2d__quality__n5000__HDBSCAN__151__8d7e7cb14406,ok,multidensity_2d__quality__n5000,HDBSCAN,151,0.2.2,5000,2,0.16392720000294503,2.904957899998408,184.76953125,185.01171875,1.0,1.0,0.9114094019651987,0.7351241304596706,0.6159808082672079,0.6091775891217801,0.43799811130244976,1.0,0.545732372844357,0.44506666666666667,0.7225333333333334,0,1.0,0,26,6,,
0.2.3,v0.2.2-seven-family-robustness-v2,synthetic__multidensity_2d__quality__n5000__OPTICS__151__efa1f753feb3,ok,multidensity_2d__quality__n5000,OPTICS,151,0.2.2,5000,2,3.5967084000003524,6.287341399991419,184.61328125,184.92578125,0.8510238374496131,0.7805337464853432,0.776315375970806,0.8570124949420082,0.9564325986673501,0.8014967049186694,0.9507412868083712,0.6927507255242799,0.8451730418943534,0.9952,0.8688,0,1.0,0,6,6,,
0.2.3,v0.2.2-seven-family-robustness-v2,synthetic__multidensity_2d__quality__n5000__SNN-DBSCAN__151__047ec8c7f821,ok,multidensity_2d__quality__n5000,SNN-DBSCAN,151,0.2.2,5000,2,0.04798990000563208,3.3463291999942157,226.6953125,226.93359375,0.8244184579666309,0.7071065081855716,0.8009467603303091,0.2562646133868307,0.15253411306042883,0.4214953320406406,0.326286212100762,0.5951611820263949,0.41010854816824965,0.08346666666666666,0.5253333333333333,6,2.0,0,91,6,,
0.2.3,v0.2.2-seven-family-robustness-stratascan-fast-v1,synthetic__multidensity_2d__quality__n5000__StrataSCAN__151__20a9dfcc2519,ok,multidensity_2d__quality__n5000,StrataSCAN,151,0.2.2,5000,2,0.9696224000072107,4.112189200008288,230.90625,229.890625,0.9711612298580485,0.9821179123891758,0.9798008881942971,0.9865127959509907,0.9933172948409517,0.962444143008682,0.9537197105101234,0.9713296677882141,0.9801429706115966,0.9909333333333333,0.9890666666666666,0,1.0,0,8,6,,
0.2.3,v0.2.2-seven-family-robustness-v2,synthetic__multidensity_2d__quality__n5000__VDBSCAN-2007__151__052a537b7f03,ok,multidensity_2d__quality__n5000,VDBSCAN-2007,151,0.2.2,5000,2,0.05737019999651238,2.6896897999977227,185.30078125,185.5390625,0.9967591211028421,0.9978262293321774,0.9888028668197469,0.0895068551083415,0.046875,0.049505638605502215,0.02538339261699813,0.9964115457210854,0.40584415584415584,0.024,0.512,0,1.0,0,28,6,,
0.2.3,v0.2.2-seven-family-robustness-v2,synthetic__multidensity_2d__quality__n5000__kNN+Leiden__151__c289186e1d5a,ok,multidensity_2d__quality__n5000,kNN+Leiden,151,0.2.2,5000,2,0.14290010000695474,3.3447233000042615,232.65234375,232.63671875,1.0,1.0,0.8884470062453481,0.0,0.0,0.24887968769582836,0.14212597840770044,1.0,0.4,0.0,0.5,0,1.0,0,15,6,,
0.2.3,v0.2.2-seven-family-robustness-v2,synthetic__multidensity_2d__quality__n5000__kNN-DBSCAN__151__b865f153ff4e,ok,multidensity_2d__quality__n5000,kNN-DBSCAN,151,0.2.2,5000,2,0.015390599990496412,2.6958428000070853,184.21875,184.66796875,0.9948865175351408,0.9968320256133006,0.9924358171990603,0.9939404633206413,0.9954496788008564,0.9847896810596632,0.9749930536260072,0.994785177669519,0.9865506329113923,0.9917333333333334,0.9946666666666667,0,1.0,0,9,6,,
0.2.3,v0.2.2-seven-family-robustness-v2,synthetic__multidensity_2d__quality__n50000__AMD-DBSCAN__23__c84d41ed8bb4,ok,multidensity_2d__quality__n50000,AMD-DBSCAN,23,0.2.2,50000,2,351.7278615000105,355.8234725999937,7499.83984375,7498.46875,0.9813774264572938,0.9879732134039407,0.9903283684233171,0.0,0.0,0.03625729333510494,0.018470116245842518,0.9805799187331542,0.4,0.0,0.5,0,1.0,0,24,6,,
0.2.3,v0.2.2-seven-family-robustness-v2,synthetic__multidensity_2d__quality__n50000__DBSCAN__23__f924e303f52b,ok,multidensity_2d__quality__n50000,DBSCAN,23,0.2.2,50000,2,0.7418915999878664,5.656810200001928,256.9296875,262.39453125,0.9998035750879879,0.9998989430264279,0.9839309997902493,0.6483497733171076,0.48346004529278547,0.960363363691191,0.9238919375147545,0.9998326131325804,0.49457898069009176,0.3188,0.65936,0,1.0,0,2374,6,,
0.2.3,v0.2.2-seven-family-robustness-v2,synthetic__multidensity_2d__quality__n50000__HDBSCAN__23__c03294b9782b,ok,multidensity_2d__quality__n50000,HDBSCAN,23,0.2.2,50000,2,17.047314100011135,20.019443600001978,191.80859375,191.80859375,1.0,1.0,0.9679328852851151,0.6863324294082987,0.5316574650534477,0.8780541879375685,0.7826172873032735,1.0,0.5110175381219084,0.36208,0.68104,0,1.0,0,234,6,,
0.2.3,v0.2.2-seven-family-robustness-v2,synthetic__multidensity_2d__quality__n50000__OPTICS__23__ed2606c2771b,ok,multidensity_2d__quality__n50000,OPTICS,23,0.2.2,50000,2,50.52319449999777,54.09356920000573,192.7265625,194.62109375,0.9073423788507824,0.7708134307629885,0.6664156072471471,0.7783059079741922,0.9353499257618842,0.711719872045188,0.9719742247821958,0.5614002008344302,0.7496833284614633,0.9911466666666666,0.8033333333333332,0,0.6666666666666666,0,10,6,,
0.2.3,v0.2.2-seven-family-robustness-v2,synthetic__multidensity_2d__quality__n50000__SNN-DBSCAN__23__aee47146aaef,ok,multidensity_2d__quality__n50000,SNN-DBSCAN,23,0.2.2,50000,2,0.7046430000045802,5.8391986999922665,293.26953125,278.2734375,0.45581884167660414,0.052965583445516995,0.1720384675156136,0.17151120122442867,0.17098715700677694,0.05993426192414476,0.2680930948714912,0.033738365830184455,0.3946849371950587,0.09621333333333333,0.5043466666666666,13,3.1666666666666665,0,1241,6,,
0.2.3,v0.2.2-seven-family-robustness-stratascan-fast-v1,synthetic__multidensity_2d__quality__n50000__StrataSCAN__23__57ee74d2d490,ok,multidensity_2d__quality__n50000,StrataSCAN,23,0.2.2,50000,2,5.8817027999903075,9.086218100012047,297.87109375,294.2265625,0.869936183766016,0.7818717718886548,0.8676395801472748,0.9274988820107556,0.9962297449061447,0.8012895740672138,0.9672129091549103,0.683958018240846,0.9888112997936835,0.99352,0.9952,5,1.8333333333333333,0,19,6,,
0.2.3,v0.2.2-seven-family-robustness-v2,synthetic__multidensity_2d__quality__n50000__VDBSCAN-2007__23__02553820a72f,ok,multidensity_2d__quality__n50000,VDBSCAN-2007,23,0.2.2,50000,2,0.8306176000041887,3.7079102999996394,208.6328125,209.2578125,0.9833707517353287,0.9896509615582517,0.9906709454959018,0.05519896250922944,0.02839042086170185,0.03936612069966743,0.02008515514981647,0.9831943137950776,0.4034603528139576,0.0144,0.50716,0,1.0,0,119,6,,
0.2.3,v0.2.2-seven-family-robustness-v2,synthetic__multidensity_2d__quality__n50000__kNN+Leiden__23__71756ca2fc8a,ok,multidensity_2d__quality__n50000,kNN+Leiden,23,0.2.2,50000,2,6.185943199991016,9.743573799991282,386.60546875,400.4921875,0.9297889612427424,0.8529903924118631,0.8956434032965808,0.0,0.0,0.3810142436756191,0.25229200003596547,0.7779156355282875,0.4,0.0,0.5,2,1.3333333333333333,0,34,6,,
0.2.3,v0.2.2-seven-family-robustness-v2,synthetic__multidensity_2d__quality__n50000__kNN-DBSCAN__23__097dbd5c9741,ok,multidensity_2d__quality__n50000,kNN-DBSCAN,23,0.2.2,50000,2,0.19120500001008622,3.048702600004617,189.1328125,193.42578125,0.9821791662655405,0.9891493920321803,0.9900909739239502,0.9924255289891019,0.9947711194618667,0.9794745433761027,0.9766632373723722,0.9823020806798739,0.9844982753835786,0.9918133333333333,0.9925466666666667,0,1.0,0,39,6,,
0.2.3,v0.2.2-seven-family-robustness-v2,synthetic__multidensity_2d__quality__n50000__AMD-DBSCAN__42__bc2baba70343,memory_limit,multidensity_2d__quality__n50000,AMD-DBSCAN,42,,,,,107.11604580000858,,8202.15625,,,,,,,,,,,,,,,,,,peak_rss_mb=8202.156; limit_mb=8192
0.2.3,v0.2.2-seven-family-robustness-v2,synthetic__multidensity_2d__quality__n50000__DBSCAN__42__8cae1adf0d53,ok,multidensity_2d__quality__n50000,DBSCAN,42,0.2.2,50000,2,0.7390741999988677,5.735986900006537,257.01953125,263.2421875,0.9998059862945995,0.9999110657553496,0.9813575939928265,0.6571626077056046,0.4939759036144578,0.9560970443697842,0.9160103524401288,0.9998528753861188,0.4980079681274901,0.328,0.664,0,1.0,0,2323,6,,
0.2.3,v0.2.2-seven-family-robustness-v2,synthetic__multidensity_2d__quality__n50000__HDBSCAN__42__331fb68037d6,ok,multidensity_2d__quality__n50000,HDBSCAN,42,0.2.2,50000,2,17.08305110000947,20.494655300004524,192.1640625,191.453125,1.0,1.0,0.9751692132014597,0.7065116250850174,0.5539102267468764,0.9014224750591905,0.8205360610374388,1.0,0.5193618082100715,0.38304,0.69152,0,1.0,0,234,6,,
0.2.3,v0.2.2-seven-family-robustness-v2,synthetic__multidensity_2d__quality__n50000__OPTICS__42__71cd02557b26,ok,multidensity_2d__quality__n50000,OPTICS,42,0.2.2,50000,2,44.866243600001326,47.80692550000094,197.4921875,192.28515625,0.7949928121053937,0.52099365635796,0.49656661097141647,0.6433717194649572,0.9134136034590464,0.5795647596440733,0.9751111466182275,0.41231310043936625,0.6149572416798301,0.9942933333333334,0.7229466666666666,0,0.5,0,6,6,,
0.2.3,v0.2.2-seven-family-robustness-v2,synthetic__multidensity_2d__quality__n50000__SNN-DBSCAN__42__35ce6925ed70,ok,multidensity_2d__quality__n50000,SNN-DBSCAN,42,0.2.2,50000,2,0.6504736000060802,5.746676400012802,297.21484375,294.90234375,0.45803890371105493,0.04952824667869726,0.1675056912674817,0.17193669402714534,0.17660849179473823,0.05512389567040444,0.2710330891110361,0.030682075191937986,0.3981236260407471,0.09944,0.5097200000000001,14,3.3333333333333335,0,1255,6,,
0.2.3,v0.2.2-seven-family-robustness-stratascan-fast-v1,synthetic__multidensity_2d__quality__n50000__StrataSCAN__42__9d2c5f1590e4,ok,multidensity_2d__quality__n50000,StrataSCAN,42,0.2.2,50000,2,4.339316800003871,7.2695230999961495,296.2109375,290.21875,0.8614106327677915,0.7759067814135522,0.8348686072634884,0.9087351603934761,0.9969414058847885,0.7986000278623603,0.9740565665527118,0.6767052916930673,0.9908870229615185,0.9952266666666667,0.9956133333333334,7,2.1666666666666665,0,15,6,,
0.2.3,v0.2.2-seven-family-robustness-v2,synthetic__multidensity_2d__quality__n50000__VDBSCAN-2007__42__195e67bacd24,ok,multidensity_2d__quality__n50000,VDBSCAN-2007,42,0.2.2,50000,2,0.8079962999909185,3.6501219000056153,207.90234375,205.2265625,0.9857290151707127,0.9914063801185858,0.9910720569196809,0.059201943950173405,0.030512302077042253,0.040168161117769975,0.020501687326625776,0.9859934552511893,0.40370172973496776,0.015493333333333333,0.5076666666666666,0,1.0,0,127,6,,
0.2.3,v0.2.2-seven-family-robustness-v2,synthetic__multidensity_2d__quality__n50000__kNN+Leiden__42__91d921aa44e8,ok,multidensity_2d__quality__n50000,kNN+Leiden,42,0.2.2,50000,2,6.402784999998403,10.054010599997127,387.921875,401.30859375,0.9297997950811953,0.8556220715208704,0.8809080885219508,0.0,0.0,0.39736647785146045,0.26638447317510516,0.7817601926576817,0.4,0.0,0.5,2,1.3333333333333333,0,34,6,,
0.2.3,v0.2.2-seven-family-robustness-v2,synthetic__multidensity_2d__quality__n50000__kNN-DBSCAN__42__5f791be3fb00,ok,multidensity_2d__quality__n50000,kNN-DBSCAN,42,0.2.2,50000,2,0.18087799999921117,2.8796689999871887,198.73828125,197.80859375,0.9861936160474442,0.9916844380566268,0.9910827683447524,0.9932298635163476,0.9953862818781176,0.9810280562054661,0.9757202397579792,0.9863939364509083,0.9863220076913928,0.9924266666666667,0.9937733333333334,0,1.0,0,35,6,,
0.2.3,v0.2.2-seven-family-robustness-v2,synthetic__multidensity_2d__quality__n50000__AMD-DBSCAN__73__f216477a6b38,memory_limit,multidensity_2d__quality__n50000,AMD-DBSCAN,73,,,,,8.776436799991643,,8202.671875,,,,,,,,,,,,,,,,,,peak_rss_mb=8202.672; limit_mb=8192
0.2.3,v0.2.2-seven-family-robustness-v2,synthetic__multidensity_2d__quality__n50000__DBSCAN__73__1538207b16da,ok,multidensity_2d__quality__n50000,DBSCAN,73,0.2.2,50000,2,0.7298206999985268,5.916450699995039,256.71875,261.58984375,0.999391631451908,0.999662013868359,0.9828613199656541,0.6561578002612514,0.49246291755436744,0.9568155738294755,0.9176777324537921,0.9994404979047696,0.49743263145325,0.32669333333333334,0.6632266666666666,0,1.0,0,2340,6,,
0.2.3,v0.2.2-seven-family-robustness-v2,synthetic__multidensity_2d__quality__n50000__HDBSCAN__73__22e40a89e831,ok,multidensity_2d__quality__n50000,HDBSCAN,73,0.2.2,50000,2,17.669601400004467,20.776802299995325,192.3984375,200.80859375,1.0000000000000002,1.0,0.9653160917423493,0.6969623728687561,0.5453558059698598,0.8838738336003098,0.7919121155016362,1.0,0.5160917404677855,0.37490666666666667,0.6874533333333334,0,1.0,0,228,6,,
0.2.3,v0.2.2-seven-family-robustness-v2,synthetic__multidensity_2d__quality__n50000__OPTICS__73__839660c7176c,ok,multidensity_2d__quality__n50000,OPTICS,73,0.2.2,50000,2,42.34760739999183,45.155061400000704,199.22265625,192.55859375,0.9092874536430844,0.759819645156418,0.6609924423450964,0.7732870844209189,0.9315454122733157,0.6872941395513106,0.9674392660879635,0.5329622123239751,0.7333692300161536,0.98832,0.7938000000000001,0,0.6666666666666666,0,10,6,,
0.2.3,v0.2.2-seven-family-robustness-v2,synthetic__multidensity_2d__quality__n50000__SNN-DBSCAN__73__cf4d7c393da1,ok,multidensity_2d__quality__n50000,SNN-DBSCAN,73,0.2.2,50000,2,0.6847867999895243,5.317676299993764,290.23828125,286.06640625,0.45688825977922576,0.04988823584048626,0.18349893867646683,0.17534493997864473,0.16788477562194973,0.05544776720692509,0.25799530462453685,0.031061743415375532,0.3973101129407708,0.09402666666666666,0.5078533333333334,11,2.8333333333333335,0,1295,6,,
0.2.3,v0.2.2-seven-family-robustness-stratascan-fast-v1,synthetic__multidensity_2d__quality__n50000__StrataSCAN__73__ee8268288f56,ok,multidensity_2d__quality__n50000,StrataSCAN,73,0.2.2,50000,2,3.7796775000169873,6.870191599999089,297.578125,294.828125,0.8618260987980079,0.7942949144840059,0.8906143740079645,0.940322646045391,0.9959077033818099,0.8160484923991455,0.9778319993198807,0.7001996063540327,0.9877106601016773,0.99616,0.99156,6,2.0,0,14,6,,
0.2.3,v0.2.2-seven-family-robustness-v2,synthetic__multidensity_2d__quality__n50000__VDBSCAN-2007__73__9b1b84315487,ok,multidensity_2d__quality__n50000,VDBSCAN-2007,73,0.2.2,50000,2,0.8004233999963617,3.6295556999975815,209.65625,207.97265625,0.9836603135498412,0.989866316958016,0.9903989851101395,0.0537260571082672,0.027611959923212456,0.03944149005774591,0.02012424146069315,0.983565165509695,0.4033369370532328,0.014,0.5069199999999999,0,1.0,0,128,6,,
0.2.3,v0.2.2-seven-family-robustness-v2,synthetic__multidensity_2d__quality__n50000__kNN+Leiden__73__d5bdc84f2bfd,ok,multidensity_2d__quality__n50000,kNN+Leiden,73,0.2.2,50000,2,2.3514570999977877,5.652128099987749,379.60546875,400.20703125,0.9303542983793982,0.8548654287480677,0.895253474096181,0.0,0.0,0.39006974888130347,0.26000070502043965,0.7805519363885264,0.4,0.0,0.5,2,1.3333333333333333,0,34,6,,
0.2.3,v0.2.2-seven-family-robustness-v2,synthetic__multidensity_2d__quality__n50000__kNN-DBSCAN__73__6f280c63acb2,ok,multidensity_2d__quality__n50000,kNN-DBSCAN,73,0.2.2,50000,2,0.18229839998821262,2.888787100004265,192.859375,188.8203125,0.9830952956611576,0.9893214227468416,0.9901430446577942,0.9924855463563145,0.9948391582212477,0.9788864225364518,0.9751967130245546,0.9826041585190446,0.9846861858287709,0.9921066666666667,0.9924533333333334,0,1.0,0,35,6,,
0.2.3,v0.2.2-seven-family-robustness-v2,synthetic__multidensity_2d__quality__n50000__AMD-DBSCAN__101__8feaf1a459e7,memory_limit,multidensity_2d__quality__n50000,AMD-DBSCAN,101,,,,,7.595294099999592,,8225.9921875,,,,,,,,,,,,,,,,,,peak_rss_mb=8225.992; limit_mb=8192
0.2.3,v0.2.2-seven-family-robustness-v2,synthetic__multidensity_2d__quality__n50000__DBSCAN__101__43fa9728ae11,ok,multidensity_2d__quality__n50000,DBSCAN,101,0.2.2,50000,2,0.7109237000113353,5.679571000000578,256.72265625,261.1484375,1.0000000000000002,1.0,0.9827264305675966,0.6554271847288838,0.49167404070468995,0.955941478650855,0.9156014333521992,1.0,0.4972551515633702,0.32597333333333334,0.6629866666666666,0,1.0,0,2274,6,,
0.2.3,v0.2.2-seven-family-robustness-v2,synthetic__multidensity_2d__quality__n50000__HDBSCAN__101__41e045ee5dd6,ok,multidensity_2d__quality__n50000,HDBSCAN,101,0.2.2,50000,2,18.681801999991876,22.147244499996305,192.42578125,196.75,1.0000000000000002,1.0,0.9744354824422641,0.6961539541390046,0.5415086634385392,0.8913766139360852,0.8040391580596653,1.0,0.5146468493319885,0.37128,0.68564,0,1.0,0,227,6,,
0.2.3,v0.2.2-seven-family-robustness-v2,synthetic__multidensity_2d__quality__n50000__OPTICS__101__003092e1eafe,ok,multidensity_2d__quality__n50000,OPTICS,101,0.2.2,50000,2,44.62190339999506,47.47658639999281,195.68359375,192.7890625,0.7911923167527476,0.510157969958522,0.49607932122939086,0.6421686653178289,0.9102163387877673,0.5574720923462628,0.9677658833483185,0.3914942741110549,0.602226445832202,0.9901333333333333,0.7168666666666667,0,0.5,0,9,6,,
0.2.3,v0.2.2-seven-family-robustness-v2,synthetic__multidensity_2d__quality__n50000__SNN-DBSCAN__101__6228ed843e86,ok,multidensity_2d__quality__n50000,SNN-DBSCAN,101,0.2.2,50000,2,0.6660969000076875,5.329768700001296,293.73046875,281.48828125,0.45768551090882836,0.05151366925739776,0.17117403290204192,0.17199403733616583,0.17282193600417467,0.05768023889828503,0.261443512809019,0.03241595932760012,0.39708857039124495,0.09714666666666667,0.5079333333333333,8,2.3333333333333335,0,1239,6,,
0.2.3,v0.2.2-seven-family-robustness-stratascan-fast-v1,synthetic__multidensity_2d__quality__n50000__StrataSCAN__101__d46f1f860c57,ok,multidensity_2d__quality__n50000,StrataSCAN,101,0.2.2,50000,2,5.382303499995032,8.371310199989239,292.375,294.875,0.8505657073538543,0.7656943977448988,0.8405015030406563,0.9119223311546433,0.9966081777635339,0.789001880643797,0.972653077223505,0.6636878584035457,0.9898861192960102,0.9950933333333334,0.9947466666666667,8,2.3333333333333335,0,15,6,,
0.2.3,v0.2.2-seven-family-robustness-v2,synthetic__multidensity_2d__quality__n50000__VDBSCAN-2007__101__06c6e8323088,ok,multidensity_2d__quality__n50000,VDBSCAN-2007,101,0.2.2,50000,2,0.7867721999937203,3.5986057999980403,208.0703125,205.98046875,0.9815764728227238,0.9876614433261123,0.9899509989491451,0.061627166135071965,0.03180351098165787,0.03918726413729341,0.019993372013192786,0.9799940696017171,0.40383900728700456,0.01616,0.50796,0,1.0,0,122,6,,
0.2.3,v0.2.2-seven-family-robustness-v2,synthetic__multidensity_2d__quality__n50000__kNN+Leiden__101__e3eacb225717,ok,multidensity_2d__quality__n50000,kNN+Leiden,101,0.2.2,50000,2,2.3298189000051934,5.643043999996735,380.76953125,397.8671875,0.9068395363575856,0.8105503525479641,0.8436252479192808,0.0,0.0,0.33725553753032494,0.2201149404369775,0.7209075595442533,0.4,0.0,0.5,3,1.5,0,31,6,,
0.2.3,v0.2.2-seven-family-robustness-v2,synthetic__multidensity_2d__quality__n50000__kNN-DBSCAN__101__fb2a59df62d0,ok,multidensity_2d__quality__n50000,kNN-DBSCAN,101,0.2.2,50000,2,0.1826918000006117,2.8711601000104565,188.71875,188.15625,0.9818458829633823,0.9880070554469668,0.989915172278338,0.9920093724747496,0.9941124521636738,0.977820020592691,0.9752256117841027,0.9804282701192114,0.9825852924879286,0.9905866666666666,0.9918133333333333,0,1.0,0,49,6,,
0.2.3,v0.2.2-seven-family-robustness-v2,synthetic__multidensity_2d__quality__n50000__AMD-DBSCAN__151__15fc3ab103b0,memory_limit,multidensity_2d__quality__n50000,AMD-DBSCAN,151,,,,,7.507912700006273,,8209.34375,,,,,,,,,,,,,,,,,,peak_rss_mb=8209.344; limit_mb=8192
0.2.3,v0.2.2-seven-family-robustness-v2,synthetic__multidensity_2d__quality__n50000__DBSCAN__151__48faa984cc21,ok,multidensity_2d__quality__n50000,DBSCAN,151,0.2.2,50000,2,0.7493257000023732,6.1818925000116,257.0390625,261.7265625,0.9998032701853641,0.9998990171448272,0.9824874273351322,0.6558587245812926,0.4922198544489566,0.9592451916744684,0.9218242192294572,0.9998328851459383,0.49743324445859366,0.3264533333333333,0.6632266666666666,0,1.0,0,2356,6,,
0.2.3,v0.2.2-seven-family-robustness-v2,synthetic__multidensity_2d__quality__n50000__HDBSCAN__151__7c5f91b132e2,ok,multidensity_2d__quality__n50000,HDBSCAN,151,0.2.2,50000,2,20.051799300010316,23.774561500002164,192.53515625,195.42578125,0.9998032701853642,0.9998990171448272,0.976765067533416,0.6949729428747307,0.5393678552649516,0.8978058064840275,0.8146731883201824,0.9998328851459383,0.5138229430021993,0.36928,0.6846,0,1.0,0,229,6,,
0.2.3,v0.2.2-seven-family-robustness-v2,synthetic__multidensity_2d__quality__n50000__OPTICS__151__dc897f0364ac,ok,multidensity_2d__quality__n50000,OPTICS,151,0.2.2,50000,2,43.06141350000689,45.90772840000864,195.57421875,192.37109375,0.812174372045217,0.5736941995538821,0.5018333013271196,0.6487307167331471,0.9172210817896271,0.6531655843559105,0.9618843761598062,0.4944657675016819,0.6501515626633219,0.98896,0.7432799999999999,0,0.5,0,11,6,,
0.2.3,v0.2.2-seven-family-robustness-v2,synthetic__multidensity_2d__quality__n50000__SNN-DBSCAN__151__6edab85b9549,ok,multidensity_2d__quality__n50000,SNN-DBSCAN,151,0.2.2,50000,2,0.8630294000031427,5.969798299993272,293.7890625,280.609375,0.45261010125064455,0.04772893233225457,0.17216429398192948,0.17195064835329665,0.17173753231046507,0.05427950984415344,0.2723656225442471,0.030143378905029636,0.39605056111773956,0.09656,0.50636,11,2.8333333333333335,0,1300,6,,
0.2.3,v0.2.2-seven-family-robustness-stratascan-fast-v1,synthetic__multidensity_2d__quality__n50000__StrataSCAN__151__674dd99b7b95,ok,multidensity_2d__quality__n50000,StrataSCAN,151,0.2.2,50000,2,4.018429399991874,7.246232000004966,294.34765625,291.01953125,0.8543056017305848,0.7859605254305558,0.8839319725386782,0.9367497137214509,0.9962806446882541,0.8095067194573842,0.9798754300741367,0.6896064207723467,0.988834193780766,0.9964533333333333,0.9923866666666666,6,2.0,0,16,6,,
0.2.3,v0.2.2-seven-family-robustness-v2,synthetic__multidensity_2d__quality__n50000__VDBSCAN-2007__151__4abe4e638244,ok,multidensity_2d__quality__n50000,VDBSCAN-2007,151,0.2.2,50000,2,0.8222057999955723,3.615682599993306,208.703125,208.015625,0.9803830688805062,0.9872595598867228,0.9903874217399835,0.05451382323476987,0.02802829122078195,0.039709842467384626,0.020265782196078146,0.9793471419278553,0.4034405409330773,0.014213333333333333,0.5071066666666667,0,1.0,0,120,6,,
0.2.3,v0.2.2-seven-family-robustness-v2,synthetic__multidensity_2d__quality__n50000__kNN+Leiden__151__16aa90f6302f,ok,multidensity_2d__quality__n50000,kNN+Leiden,151,0.2.2,50000,2,3.9272013000008883,7.223667700003716,386.94921875,400.8984375,0.9007715572407446,0.783741258081028,0.8545959054724652,0.0,0.0,0.3490957636670536,0.23405923978786708,0.6864999545109212,0.4,0.0,0.5,3,1.5,0,34,6,,
0.2.3,v0.2.2-seven-family-robustness-v2,synthetic__multidensity_2d__quality__n50000__kNN-DBSCAN__151__887513644cfe,ok,multidensity_2d__quality__n50000,kNN-DBSCAN,151,0.2.2,50000,2,0.18454280000878498,2.892338599995128,192.6796875,188.69921875,0.9815951223489788,0.9881246047981235,0.9902862727866554,0.9921692521524975,0.9940594059405939,0.9790088606108601,0.9773621488193989,0.9806611307026646,0.9824228028503562,0.9906133333333333,0.9916266666666667,0,1.0,0,49,6,,
0.2.3,v0.2.2-seven-family-robustness-v2,synthetic__overlap_8d__quality__n100000__AMD-DBSCAN__23__57818ce4abad,error,overlap_8d__quality__n100000,AMD-DBSCAN,23,,,,,4.547385400001076,,186.28515625,,,,,,,,,,,,,,,,,MemoryError,"Unable to allocate 74.5 GiB for an array with shape (100000, 100000) and data type float64"
0.2.3,v0.2.2-seven-family-robustness-v2,synthetic__overlap_8d__quality__n100000__DBSCAN__23__74d1c090cb34,ok,overlap_8d__quality__n100000,DBSCAN,23,0.2.2,100000,8,34.76924239999789,41.425241999997525,227.171875,223.53125,0.1951859918087164,0.03389267032980581,0.1418524208863889,0.21360811708559915,0.4322716741017395,0.08502300383977271,1.0,0.04439896876581528,0.22131575202770004,1.0,0.5622133333333333,0,0.3333333333333333,0,282,6,,
0.2.3,v0.2.2-seven-family-robustness-v2,synthetic__overlap_8d__quality__n100000__HDBSCAN__23__dbfd6dbbad73,ok,overlap_8d__quality__n100000,HDBSCAN,23,0.2.2,100000,8,220.6001019999967,225.79002869999385,211.5078125,224.57421875,0.0,0.0,0.28427758224904015,0.4393682024482978,0.9668354168819092,0.28283629010007505,0.16471131346967408,1.0,0.9894132779261897,0.9358,0.9679,0,1.0,1,100,6,,
0.2.3,v0.2.2-seven-family-robustness-v2,synthetic__overlap_8d__quality__n100000__OPTICS__23__f7d183872298,ok,overlap_8d__quality__n100000,OPTICS,23,0.2.2,100000,8,103.5367513000092,108.65438430001086,225.29296875,228.4375,0.01874165357689361,1.3007444211996486e-05,0.0027949023321343527,0.00555129007048907,0.40284245637216204,2.2085348860539685e-05,1.0,1.1042796372274981e-05,0.023246619751719776,1.0,0.50588,0,0.0,0,83,6,,
0.2.3,v0.2.2-seven-family-robustness-v2,synthetic__overlap_8d__quality__n100000__SNN-DBSCAN__23__18aca5765022,ok,overlap_8d__quality__n100000,SNN-DBSCAN,23,0.2.2,100000,8,10.00083319999976,15.959348999997019,337.49609375,334.4375,0.0,0.0,0.0,0.0,0.39992319631342305,0.0,0.0,0.0,0.0,0.99976,0.49988,0,0.0,0,1,6,,
0.2.3,v0.2.2-seven-family-robustness-stratascan-fast-v1,synthetic__overlap_8d__quality__n100000__StrataSCAN__23__1c30d25333cf,ok,overlap_8d__quality__n100000,StrataSCAN,23,0.2.2,100000,8,44.76567150000483,48.179238600016106,782.60546875,784.1875,0.8361868759657294,0.8269674969863762,0.9366238456755123,0.8962593696425651,0.859230227081292,0.8741373198516303,0.9958675419736139,0.7789251303419594,0.9422606414857537,0.99968,0.9453,0,1.0,0,110,6,,
0.2.3,v0.2.2-seven-family-robustness-v2,synthetic__overlap_8d__quality__n100000__VDBSCAN-2007__23__23abe25e9a87,ok,overlap_8d__quality__n100000,VDBSCAN-2007,23,0.2.2,100000,8,62.75735359999817,68.01303250000637,273.83203125,283.39453125,0.7130109410206764,0.5143125616794534,0.7104142688460908,0.8300212501448031,0.9980563069832682,0.6163259633086452,0.4871451297278883,0.8387434014571392,0.9993537426296679,0.99616,0.9980733333333334,4,1.6666666666666667,2,17,6,,
0.2.3,v0.2.2-seven-family-robustness-v2,synthetic__overlap_8d__quality__n100000__kNN+Leiden__23__d6ef6c594a52,ok,overlap_8d__quality__n100000,kNN+Leiden,23,0.2.2,100000,8,22.050772100003087,27.92009319999488,619.890625,695.33203125,0.9945013698866242,0.9968137627759303,0.9930498352849996,0.0,0.0,0.7541482336075951,0.6063018509949506,0.9973519818059262,0.8571428571428571,0.0,0.5,0,1.0,0,7,6,,
0.2.3,v0.2.2-seven-family-robustness-v2,synthetic__overlap_8d__quality__n100000__kNN-DBSCAN__23__0903e88c3a0e,ok,overlap_8d__quality__n100000,kNN-DBSCAN,23,0.2.2,100000,8,8.6506967000023,13.891501599995536,224.453125,218.71484375,0.1939905824071698,0.03363763812329485,0.13926546241984436,0.21066177764462926,0.4322716741017395,0.08385731910759459,1.0,0.04376360901712168,0.22131575202770004,1.0,0.5622133333333333,0,0.3333333333333333,0,292,6,,
0.2.3,v0.2.2-seven-family-robustness-v2,synthetic__overlap_8d__quality__n100000__AMD-DBSCAN__42__46f1d33f75ae,error,overlap_8d__quality__n100000,AMD-DBSCAN,42,,,,,4.525153500013403,,188.171875,,,,,,,,,,,,,,,,,MemoryError,"Unable to allocate 74.5 GiB for an array with shape (100000, 100000) and data type float64"
0.2.3,v0.2.2-seven-family-robustness-v2,synthetic__overlap_8d__quality__n100000__DBSCAN__42__89cdd0ed7607,ok,overlap_8d__quality__n100000,DBSCAN,42,0.2.2,100000,8,37.24116590000631,44.53040079999482,226.57421875,224.421875,0.19840062891691332,0.01945499157729019,0.18945155138039546,0.2644630072052213,0.4378092027494418,0.05534536061327171,0.9977329887970878,0.02846209229334514,0.25164636633836474,1.0,0.5719666666666666,0,0.5,0,344,6,,
0.2.3,v0.2.2-seven-family-robustness-v2,synthetic__overlap_8d__quality__n100000__HDBSCAN__42__b9c57358e74b,ok,overlap_8d__quality__n100000,HDBSCAN,42,0.2.2,100000,8,206.78923899999063,212.18420869999682,211.9921875,218.6171875,0.0,0.0,0.28419827526978164,0.43922054307254205,0.9663227967170412,0.2826940836719662,0.1646148662181438,1.0,0.9892566725362563,0.93484,0.96742,0,1.0,1,100,6,,
0.2.3,v0.2.2-seven-family-robustness-v2,synthetic__overlap_8d__quality__n100000__OPTICS__42__2fc8508a3c87,ok,overlap_8d__quality__n100000,OPTICS,42,0.2.2,100000,8,97.93975960000535,103.79222290001053,226.0859375,221.34375,0.0244455619351503,1.8483290965600252e-05,0.0035659135717388663,0.007069397901111095,0.4037989404315803,2.8403068755099896e-05,0.9950672645739911,1.420173706380475e-05,0.03087586641461878,1.0,0.50784,0,0.0,0,109,6,,
0.2.3,v0.2.2-seven-family-robustness-v2,synthetic__overlap_8d__quality__n100000__SNN-DBSCAN__42__82810e347186,ok,overlap_8d__quality__n100000,SNN-DBSCAN,42,0.2.2,100000,8,10.092779300000984,15.88560549999238,335.09765625,327.15625,0.0,0.0,0.0,0.0,0.4,0.0,0.0,0.0,0.0,1.0,0.5,0,0.0,0,0,6,,
0.2.3,v0.2.2-seven-family-robustness-stratascan-fast-v1,synthetic__overlap_8d__quality__n100000__StrataSCAN__42__c4cb7e64fc55,ok,overlap_8d__quality__n100000,StrataSCAN,42,0.2.2,100000,8,18.94895930000348,22.5070490000071,526.0625,523.3359375,0.7856232752551492,0.7824168786161069,0.9144710512850941,0.8862443278171699,0.8597079614055003,0.8347895418892043,0.9508531590441506,0.743977684810765,0.9424984315190649,0.99972,0.9455266666666666,1,1.1666666666666667,1,122,6,,
0.2.3,v0.2.2-seven-family-robustness-v2,synthetic__overlap_8d__quality__n100000__VDBSCAN-2007__42__0bff2c703162,ok,overlap_8d__quality__n100000,VDBSCAN-2007,42,0.2.2,100000,8,61.06418839999242,66.267519800007,258.52734375,264.95703125,0.018763357787293624,0.002757306181768252,0.2816245522989527,0.4391932508063317,0.9970315696578284,0.2796204110428092,0.16779263202162686,0.8383519695025281,0.9990142664943853,0.9942,0.99708,4,1.6666666666666667,2,13,6,,
0.2.3,v0.2.2-seven-family-robustness-v2,synthetic__overlap_8d__quality__n100000__kNN+Leiden__42__0293d10f6a2d,ok,overlap_8d__quality__n100000,kNN+Leiden,42,0.2.2,100000,8,38.9439807000017,44.83134560000326,624.71484375,701.51953125,0.9584602024396901,0.9692859112306508,0.981102660223106,0.0,0.0,0.7370719763810617,0.592705203408964,0.9744121093128161,0.8571428571428571,0.0,0.5,0,1.0,0,7,6,,
0.2.3,v0.2.2-seven-family-robustness-v2,synthetic__overlap_8d__quality__n100000__kNN-DBSCAN__42__31c513061b6f,ok,overlap_8d__quality__n100000,kNN-DBSCAN,42,0.2.2,100000,8,8.67113590000372,14.598993899999186,223.49609375,218.83984375,0.19549318537822047,0.018720087184001984,0.18279963349928105,0.2579124148117544,0.4378092027494418,0.052017511527380406,0.9980032294345588,0.026704701465748118,0.25164636633836474,1.0,0.5719666666666666,0,0.5,0,374,6,,
0.2.3,v0.2.2-seven-family-robustness-v2,synthetic__overlap_8d__quality__n100000__AMD-DBSCAN__73__33b1b226992d,error,overlap_8d__quality__n100000,AMD-DBSCAN,73,,,,,4.403384399993229,,186.4453125,,,,,,,,,,,,,,,,,MemoryError,"Unable to allocate 74.5 GiB for an array with shape (100000, 100000) and data type float64"
0.2.3,v0.2.2-seven-family-robustness-v2,synthetic__overlap_8d__quality__n100000__DBSCAN__73__c785ecae2f2c,ok,overlap_8d__quality__n100000,DBSCAN,73,0.2.2,100000,8,29.045383999997284,37.06939179998881,226.22265625,220.296875,0.19761018812983358,0.01667748061630861,0.19003740300400843,0.2653103293591087,0.43932484557731677,0.048776724748190024,1.0,0.024998023223095918,0.25963870099432645,1.0,0.5745933333333333,0,0.5,0,410,6,,
0.2.3,v0.2.2-seven-family-robustness-v2,synthetic__overlap_8d__quality__n100000__HDBSCAN__73__4b0488b6f9f1,ok,overlap_8d__quality__n100000,HDBSCAN,73,0.2.2,100000,8,214.53535850001208,219.60993829999643,211.33203125,223.17578125,0.0,0.0,0.2835547166941313,0.43799488535578196,0.961901795909893,0.2814037257417294,0.16374044908434385,1.0,0.9879145124641882,0.9266,0.9633,0,1.0,1,99,6,,
0.2.3,v0.2.2-seven-family-robustness-v2,synthetic__overlap_8d__quality__n100000__OPTICS__73__3976df6e0593,ok,overlap_8d__quality__n100000,OPTICS,73,0.2.2,100000,8,101.38968320000276,106.67182000000321,227.51953125,219.05859375,0.022951973852908692,2.9212585237663843e-06,0.0028736826925543422,0.00570673078858015,0.403580566788548,2.3612452814215564e-05,1.0,1.180636579573541e-05,0.029142414169152135,1.0,0.5073933333333334,0,0.0,0,110,6,,
0.2.3,v0.2.2-seven-family-robustness-v2,synthetic__overlap_8d__quality__n100000__SNN-DBSCAN__73__28cb68387c10,ok,overlap_8d__quality__n100000,SNN-DBSCAN,73,0.2.2,100000,8,10.147867100007716,16.086807999992743,337.45703125,326.98046875,0.0,0.0,0.0,0.0,0.4,0.0,0.0,0.0,0.0,1.0,0.5,0,0.0,0,0,6,,
0.2.3,v0.2.2-seven-family-robustness-stratascan-fast-v1,synthetic__overlap_8d__quality__n100000__StrataSCAN__73__f25caf0396dd,ok,overlap_8d__quality__n100000,StrataSCAN,73,0.2.2,100000,8,15.269017300015548,18.80754840001464,453.04296875,447.41796875,0.8438108928892412,0.836772258969124,0.9401714105544993,0.9005384247174296,0.8641117391830454,0.8811179593972531,0.9988801337626402,0.7881944099170588,0.9446996503717878,0.99976,0.9475133333333333,0,1.0,0,110,6,,
0.2.3,v0.2.2-seven-family-robustness-v2,synthetic__overlap_8d__quality__n100000__VDBSCAN-2007__73__388d4898e91a,ok,overlap_8d__quality__n100000,VDBSCAN-2007,73,0.2.2,100000,8,57.82583929999964,62.70487180000055,255.62890625,251.03125,0.7048049625255475,0.5144097764729364,0.7184705691176204,0.8351630263461103,0.9971117975049139,0.6163501070152959,0.48695327213872064,0.8394023155961348,0.9990409079404831,0.99428,0.9971333333333334,5,1.8333333333333333,2,10,6,,
0.2.3,v0.2.2-seven-family-robustness-v2,synthetic__overlap_8d__quality__n100000__kNN+Leiden__73__a03c58211dea,ok,overlap_8d__quality__n100000,kNN+Leiden,73,0.2.2,100000,8,25.43452119998983,31.506150900007924,624.1875,699.8359375,0.9961141449795679,0.9981761861223817,0.992967131029786,0.0,0.0,0.7557026879111014,0.6078957152239333,0.9984778663165371,0.8571428571428571,0.0,0.5,0,1.0,0,7,6,,
0.2.3,v0.2.2-seven-family-robustness-v2,synthetic__overlap_8d__quality__n100000__kNN-DBSCAN__73__9de6b2a950cb,ok,overlap_8d__quality__n100000,kNN-DBSCAN,73,0.2.2,100000,8,9.01145639999595,14.784451100000297,227.44921875,219.5234375,0.19474110753423188,0.01609847413869494,0.18227946584686927,0.25765554296628645,0.43932484557731677,0.04616915531221162,1.0,0.023630067791047284,0.25963870099432645,1.0,0.5745933333333333,0,0.5,0,439,6,,
0.2.3,v0.2.2-seven-family-robustness-v2,synthetic__overlap_8d__quality__n100000__AMD-DBSCAN__101__c71b9a396f72,error,overlap_8d__quality__n100000,AMD-DBSCAN,101,,,,,4.40634040000441,,186.59765625,,,,,,,,,,,,,,,,,MemoryError,"Unable to allocate 74.5 GiB for an array with shape (100000, 100000) and data type float64"
0.2.3,v0.2.2-seven-family-robustness-v2,synthetic__overlap_8d__quality__n100000__DBSCAN__101__84378131832e,ok,overlap_8d__quality__n100000,DBSCAN,101,0.2.2,100000,8,30.24414560000878,37.76497109999764,224.67578125,229.05078125,0.19625106957258417,0.012099062724436853,0.19949122086978252,0.27455360639436655,0.44017959327405576,0.041548226154595615,0.9999965809256681,0.02121483394341174,0.2640898044207846,1.0,0.5760666666666667,0,0.6666666666666666,0,415,6,,
0.2.3,v0.2.2-seven-family-robustness-v2,synthetic__overlap_8d__quality__n100000__HDBSCAN__101__a39e8c9f5d48,ok,overlap_8d__quality__n100000,HDBSCAN,101,0.2.2,100000,8,197.89000329999544,203.4091114000039,211.84375,220.00390625,0.0,0.0,0.2838826394410598,0.4383792728825625,0.9618371330094265,0.28206021535110704,0.16418515821772742,1.0,0.9878949933481738,0.92648,0.96324,0,1.0,1,111,6,,
0.2.3,v0.2.2-seven-family-robustness-v2,synthetic__overlap_8d__quality__n100000__OPTICS__101__c06ba2eb8ca9,ok,overlap_8d__quality__n100000,OPTICS,101,0.2.2,100000,8,91.87585879999097,97.17833369999425,224.76171875,225.6796875,0.022856093614634622,9.521813676963278e-07,0.0027438289775079164,0.00545059850007527,0.40355450810741006,2.35865080506143e-05,0.9987353206865403,1.1793393283907438e-05,0.028935230811684472,1.0,0.50734,0,0.0,0,107,6,,
0.2.3,v0.2.2-seven-family-robustness-v2,synthetic__overlap_8d__quality__n100000__SNN-DBSCAN__101__7465303400ef,ok,overlap_8d__quality__n100000,SNN-DBSCAN,101,0.2.2,100000,8,11.382298700002139,17.63168449999648,336.15625,334.5859375,0.0,0.0,0.0,0.0,0.4,0.0,0.0,0.0,0.0,1.0,0.5,0,0.0,0,0,6,,
0.2.3,v0.2.2-seven-family-robustness-stratascan-fast-v1,synthetic__overlap_8d__quality__n100000__StrataSCAN__101__9134f6ad2247,ok,overlap_8d__quality__n100000,StrataSCAN,101,0.2.2,100000,8,19.707732800015947,23.342462800006615,540.2734375,542.3359375,0.7748818176112827,0.7328410654873617,0.8688434280127938,0.10309891813091206,0.05480085554078271,0.7769655351324875,0.9348470234874704,0.6647066586065963,0.802287759519232,0.03792,0.46129333333333333,2,1.3333333333333333,0,160,6,,
0.2.3,v0.2.2-seven-family-robustness-v2,synthetic__overlap_8d__quality__n100000__VDBSCAN-2007__101__e49ed86d6e96,ok,overlap_8d__quality__n100000,VDBSCAN-2007,101,0.2.2,100000,8,62.51480420000735,67.27109789999668,253.9609375,256.8359375,0.46872946655809555,0.31022879071973164,0.4881969881984723,0.6552775131775377,0.996225809041998,0.4748762000774904,0.33075286168965695,0.841596009812052,0.9987482355447839,0.99248,0.99624,5,1.8333333333333333,3,8,6,,
0.2.3,v0.2.2-seven-family-robustness-v2,synthetic__overlap_8d__quality__n100000__kNN+Leiden__101__a36ce1bdfe61,ok,overlap_8d__quality__n100000,kNN+Leiden,101,0.2.2,100000,8,23.510866099997656,29.282447599995066,623.234375,699.55859375,0.9776614661565228,0.9838762976623634,0.986494863992517,0.0,0.0,0.7471738170525055,0.6012714363642213,0.9865718115738834,0.8571428571428571,0.0,0.5,0,1.0,0,7,6,,
0.2.3,v0.2.2-seven-family-robustness-v2,synthetic__overlap_8d__quality__n100000__kNN-DBSCAN__101__8f9a3ae3956b,ok,overlap_8d__quality__n100000,kNN-DBSCAN,101,0.2.2,100000,8,8.81005259999074,14.850702900002943,226.29296875,223.2578125,0.19363299013527827,0.011644580600365504,0.19078558995674744,0.26619511067060736,0.44017959327405576,0.03950243811596941,0.9999962942206677,0.02014919163051893,0.2640898044207846,1.0,0.5760666666666667,0,0.6666666666666666,0,442,6,,
0.2.3,v0.2.2-seven-family-robustness-v2,synthetic__overlap_8d__quality__n100000__AMD-DBSCAN__151__87623f41a14e,error,overlap_8d__quality__n100000,AMD-DBSCAN,151,,,,,4.496325699990848,,186.203125,,,,,,,,,,,,,,,,,MemoryError,"Unable to allocate 74.5 GiB for an array with shape (100000, 100000) and data type float64"
0.2.3,v0.2.2-seven-family-robustness-v2,synthetic__overlap_8d__quality__n100000__DBSCAN__151__e2809f2dde32,ok,overlap_8d__quality__n100000,DBSCAN,151,0.2.2,100000,8,30.323769000009634,36.48177690000739,227.06640625,218.203125,0.19304247102860103,0.011405220936924063,0.21030401267702717,0.2849310909084861,0.4416531962441812,0.03969355301250598,0.9593963899418657,0.02026601411973975,0.2716703729735335,1.0,0.5785933333333333,0,0.8333333333333334,0,435,6,,
0.2.3,v0.2.2-seven-family-robustness-v2,synthetic__overlap_8d__quality__n100000__HDBSCAN__151__b68eeb4509b6,ok,overlap_8d__quality__n100000,HDBSCAN,151,0.2.2,100000,8,201.62629150001158,206.9776994999993,211.76171875,222.96875,0.0,0.0,0.2836214458976684,0.4380521276586909,0.9616862215761602,0.2815436855937032,0.1638352300453868,1.0,0.9878494517435543,0.9262,0.9631000000000001,0,1.0,1,97,6,,
0.2.3,v0.2.2-seven-family-robustness-v2,synthetic__overlap_8d__quality__n100000__OPTICS__151__054f454a24aa,ok,overlap_8d__quality__n100000,OPTICS,151,0.2.2,100000,8,92.91190970000753,98.3061003999901,223.71875,225.25,0.018530968826381534,1.0331409844848855e-05,0.00261128003665087,0.005188927444094567,0.40287491539626774,1.864550047657174e-05,0.9844559585492227,9.322838525115084e-06,0.023507089021240712,1.0,0.5059466666666667,0,0.0,0,87,6,,
0.2.3,v0.2.2-seven-family-robustness-v2,synthetic__overlap_8d__quality__n100000__SNN-DBSCAN__151__f72ec2f17135,ok,overlap_8d__quality__n100000,SNN-DBSCAN,151,0.2.2,100000,8,11.178740799994557,17.608100599987665,337.88671875,330.98046875,0.0,0.0,0.0,0.0,0.4,0.0,0.0,0.0,0.0,1.0,0.5,0,0.0,0,0,6,,
0.2.3,v0.2.2-seven-family-robustness-stratascan-fast-v1,synthetic__overlap_8d__quality__n100000__StrataSCAN__151__02aee2c388bc,ok,overlap_8d__quality__n100000,StrataSCAN,151,0.2.2,100000,8,19.48888360001729,23.28809970000293,529.2265625,528.453125,0.7374131882901647,0.6988309879589752,0.8643884073181672,0.8520961360383974,0.840148573925612,0.7662811168999947,0.9375767344359252,0.6479080716237801,0.9323065316261093,0.99976,0.9365133333333333,2,1.3333333333333333,1,154,6,,
0.2.3,v0.2.2-seven-family-robustness-v2,synthetic__overlap_8d__quality__n100000__VDBSCAN-2007__151__98376a923b28,ok,overlap_8d__quality__n100000,VDBSCAN-2007,151,0.2.2,100000,8,64.45239569999103,69.34733229999256,254.4921875,260.43359375,0.33979120143730357,0.1413243504437173,0.43519774325038424,0.6059910087675547,0.9974336354158312,0.36523577382079464,0.2332561535249647,0.8411967611332543,0.9991473715062217,0.99496,0.9974666666666667,6,2.0,2,10,6,,
0.2.3,v0.2.2-seven-family-robustness-v2,synthetic__overlap_8d__quality__n100000__kNN+Leiden__151__c5088c8967a8,ok,overlap_8d__quality__n100000,kNN+Leiden,151,0.2.2,100000,8,38.806745599998976,45.05450209999981,622.3046875,699.36328125,0.9389178983394093,0.9421016417107807,0.9693750886258901,0.0,0.0,0.719051193484642,0.5793392362052756,0.9475630589704375,0.8571428571428571,0.0,0.5,1,1.1666666666666667,1,8,6,,
0.2.3,v0.2.2-seven-family-robustness-v2,synthetic__overlap_8d__quality__n100000__kNN-DBSCAN__151__5a611cd2ee3d,ok,overlap_8d__quality__n100000,kNN-DBSCAN,151,0.2.2,100000,8,8.71514539999771,14.690557699999772,223.9453125,217.8515625,0.18986555073103528,0.01064005644439312,0.20219912730647996,0.27736943747125353,0.4415050022516755,0.03652435553343775,0.963137105045536,0.01861514208734459,0.2709133035930422,1.0,0.57834,0,0.6666666666666666,0,467,6,,
0.2.3,v0.2.2-seven-family-robustness-v2,synthetic__overlap_8d__quality__n20000__AMD-DBSCAN__23__afa5b658e3dd,ok,overlap_8d__quality__n20000,AMD-DBSCAN,23,0.2.2,20000,8,20.962615399999777,26.989893800011487,6287.9609375,6287.9609375,0.6915655974879822,0.49829872564501904,0.6852907585926323,0.0,0.0,0.4549339068787835,0.31861074949695084,0.7951546858476712,0.8571428571428571,0.0,0.5,3,1.5,2,26,6,,
0.2.3,v0.2.2-seven-family-robustness-v2,synthetic__overlap_8d__quality__n20000__DBSCAN__23__6d1d093539b4,ok,overlap_8d__quality__n20000,DBSCAN,23,0.2.2,20000,8,3.2911388000065926,9.001445799993235,196.96875,196.42578125,0.21646755804052517,0.01925135113036083,0.21665903235439551,0.29083094746701027,0.4422234997567771,0.05312815147030574,1.0,0.027288982328461366,0.27457295680680965,1.0,0.5795666666666667,0,0.6666666666666666,0,77,6,,
0.2.3,v0.2.2-seven-family-robustness-v2,synthetic__overlap_8d__quality__n20000__HDBSCAN__23__5f5ab8556040,ok,overlap_8d__quality__n20000,HDBSCAN,23,0.2.2,20000,8,7.640545900008874,12.805420300006517,188.3671875,191.30078125,0.0,0.0,0.280140050505562,0.43366781416960737,0.9595255436479034,0.2746078015947661,0.15915674236187222,1.0,0.987199315541808,0.9222,0.9611000000000001,0,1.0,1,5,6,,
0.2.3,v0.2.2-seven-family-robustness-v2,synthetic__overlap_8d__quality__n20000__OPTICS__23__5b0c0b237761,ok,overlap_8d__quality__n20000,OPTICS,23,0.2.2,20000,8,8.47861649999686,13.700181099993642,200.59765625,196.85546875,0.020468204797084895,3.2928536097850086e-05,0.007706812972368522,0.015124517640874751,0.4031770350360844,9.229008127555349e-05,1.0,4.6147170100816364e-05,0.025926169638744487,1.0,0.5065666666666667,0,0.0,0,21,6,,
0.2.3,v0.2.2-seven-family-robustness-v2,synthetic__overlap_8d__quality__n20000__SNN-DBSCAN__23__bf95e4420056,ok,overlap_8d__quality__n20000,SNN-DBSCAN,23,0.2.2,20000,8,1.502906299996539,8.182251999998698,264.2265625,265.75,0.0,0.0,0.0,0.0,0.4,0.0,0.0,0.0,0.0,1.0,0.5,0,0.0,0,0,6,,
0.2.3,v0.2.2-seven-family-robustness-stratascan-fast-v1,synthetic__overlap_8d__quality__n20000__StrataSCAN__23__165c411bf078,ok,overlap_8d__quality__n20000,StrataSCAN,23,0.2.2,20000,8,8.359897299989825,11.347868000011658,333.72265625,333.72265625,0.7551287126311365,0.7040071131050922,0.8918779888951134,0.8452812044810945,0.8033116308978377,0.7881049831391749,0.9843965733795521,0.6570810725221183,0.9112086795602162,0.9994,0.9182333333333332,0,1.0,0,51,6,,
0.2.3,v0.2.2-seven-family-robustness-v2,synthetic__overlap_8d__quality__n20000__VDBSCAN-2007__23__e46fe545b47f,ok,overlap_8d__quality__n20000,VDBSCAN-2007,23,0.2.2,20000,8,6.241226099999039,11.788941999999224,206.2109375,202.43359375,0.6018681146337407,0.35151295985948644,0.6111912812263863,0.7566741841391965,0.9930520592085389,0.503223832053102,0.3563564473488099,0.856021096032101,0.9977052778609199,0.9862,0.9931,2,1.3333333333333333,2,7,6,,
0.2.3,v0.2.2-seven-family-robustness-v2,synthetic__overlap_8d__quality__n20000__kNN+Leiden__23__cbb8857f7776,ok,overlap_8d__quality__n20000,kNN+Leiden,23,0.2.2,20000,8,5.157684600009816,11.954962600008002,304.61328125,318.16796875,0.9777206774319099,0.9837241688315427,0.9748414147436494,0.0,0.0,0.7583114622648889,0.6158826126126216,0.9864339056756111,0.8571428571428571,0.0,0.5,0,1.0,0,7,6,,
0.2.3,v0.2.2-seven-family-robustness-v2,synthetic__overlap_8d__quality__n20000__kNN-DBSCAN__23__ef6f0d26a6ff,ok,overlap_8d__quality__n20000,kNN-DBSCAN,23,0.2.2,20000,8,1.4528987999947276,7.211565300007351,198.01171875,195.8515625,0.21207461931044497,0.0180699047189265,0.2049155527214872,0.28005873708922574,0.4422234997567771,0.047908182717691504,1.0,0.02454197199821728,0.27457295680680965,1.0,0.5795666666666667,0,0.6666666666666666,0,88,6,,
0.2.3,v0.2.2-seven-family-robustness-v2,synthetic__overlap_8d__quality__n20000__AMD-DBSCAN__42__91f53fc24aa5,ok,overlap_8d__quality__n20000,AMD-DBSCAN,42,0.2.2,20000,8,28.291874500006088,34.83732939999027,5464.30078125,5409.8203125,0.07451228136059149,0.007818322478564909,0.29923965202012254,0.0,0.0,0.24359002215042447,0.14368455114416095,0.7994714115882491,0.8571428571428571,0.0,0.5,5,1.8333333333333333,3,31,6,,
0.2.3,v0.2.2-seven-family-robustness-v2,synthetic__overlap_8d__quality__n20000__DBSCAN__42__a40421ac28f1,ok,overlap_8d__quality__n20000,DBSCAN,42,0.2.2,20000,8,3.2824450000043726,9.339049700007308,197.2890625,196.828125,0.21165931671563656,0.026633595937271687,0.19725541283671943,0.2720285534714913,0.43809690703583637,0.06867228938942652,0.9965056129899129,0.035561470244260394,0.2531734016536625,1.0,0.5724666666666667,0,0.5,0,61,6,,
0.2.3,v0.2.2-seven-family-robustness-v2,synthetic__overlap_8d__quality__n20000__HDBSCAN__42__a70e672edc94,ok,overlap_8d__quality__n20000,HDBSCAN,42,0.2.2,20000,8,7.162660900008632,12.34712189999118,188.140625,190.12890625,0.0,0.0,0.27500139902267806,0.42334280522170503,0.9191526156506702,0.26464873263663785,0.15250441660652186,1.0,0.9756732145180175,0.8504,0.9252,0,1.0,1,7,6,,
0.2.3,v0.2.2-seven-family-robustness-v2,synthetic__overlap_8d__quality__n20000__OPTICS__42__362e1647f50b,ok,overlap_8d__quality__n20000,OPTICS,42,0.2.2,20000,8,8.584758400000283,13.772057700000005,201.1328125,198.01171875,0.020747806104045342,3.5599482964829705e-05,0.01306206739720689,0.025304168968570878,0.4030957755562722,0.0002013790518534526,0.9905561385099685,0.00010069976200613981,0.025276461295418644,1.0,0.5064,0,0.0,0,15,6,,
0.2.3,v0.2.2-seven-family-robustness-v2,synthetic__overlap_8d__quality__n20000__SNN-DBSCAN__42__a622276b5f7f,ok,overlap_8d__quality__n20000,SNN-DBSCAN,42,0.2.2,20000,8,1.691104900004575,8.20645520000835,265.0390625,264.7265625,0.0,0.0,0.0,0.0,0.39961590781787626,0.0,0.0,0.0,0.0,0.9988,0.4994,0,0.0,0,1,6,,
0.2.3,v0.2.2-seven-family-robustness-stratascan-fast-v1,synthetic__overlap_8d__quality__n20000__StrataSCAN__42__fed386ed6d39,ok,overlap_8d__quality__n20000,StrataSCAN,42,0.2.2,20000,8,3.4703794999804813,7.134248399990611,283.89453125,283.89453125,0.6893555066362167,0.6477289006550577,0.8595013808610265,0.8315459884529796,0.8053518175223664,0.73404482644724,0.921346253642537,0.6100309977122272,0.9124778023411735,0.9992,0.9192333333333333,1,1.1666666666666667,1,73,6,,
0.2.3,v0.2.2-seven-family-robustness-v2,synthetic__overlap_8d__quality__n20000__VDBSCAN-2007__42__15dccd261e3e,ok,overlap_8d__quality__n20000,VDBSCAN-2007,42,0.2.2,20000,8,6.86811100000341,12.378203300002497,205.25390625,201.46875,0.036382383418846295,0.005558765517254566,0.292924684047653,0.45209646993551594,0.9901109989909183,0.28168512462425127,0.16884376237385856,0.8492631769612172,0.9967431040212695,0.9812,0.9904666666666666,3,1.5,2,4,6,,
0.2.3,v0.2.2-seven-family-robustness-v2,synthetic__overlap_8d__quality__n20000__kNN+Leiden__42__71cb2bbf8ff0,ok,overlap_8d__quality__n20000,kNN+Leiden,42,0.2.2,20000,8,6.4763873999909265,13.078658099999302,305.1171875,317.58203125,0.9431315814027261,0.958444101287638,0.9537127635866612,0.0,0.0,0.7505808386316437,0.6139746563928841,0.96537085594211,0.8571428571428571,0.0,0.5,0,1.0,0,7,6,,
0.2.3,v0.2.2-seven-family-robustness-v2,synthetic__overlap_8d__quality__n20000__kNN-DBSCAN__42__cbccaa4a798f,ok,overlap_8d__quality__n20000,kNN-DBSCAN,42,0.2.2,20000,8,1.1014160999911837,6.398114900002838,196.0703125,196.04296875,0.2086421516258208,0.025797204030985822,0.18894604019000305,0.2640223486130555,0.43809690703583637,0.06493075073536098,0.9963783205985985,0.0335588357294063,0.2531734016536625,1.0,0.5724666666666667,0,0.5,0,68,6,,
0.2.3,v0.2.2-seven-family-robustness-v2,synthetic__overlap_8d__quality__n20000__AMD-DBSCAN__73__110c5ea2ad26,ok,overlap_8d__quality__n20000,AMD-DBSCAN,73,0.2.2,20000,8,26.2019663000101,34.16669029998593,6107.97265625,6106.30078125,0.7381366589747219,0.623714499311298,0.7484197640073996,0.0,0.0,0.5100942159604307,0.3649951370297917,0.8466814269523228,0.8571428571428571,0.0,0.5,3,1.5,3,44,6,,
0.2.3,v0.2.2-seven-family-robustness-v2,synthetic__overlap_8d__quality__n20000__DBSCAN__73__480926df4310,ok,overlap_8d__quality__n20000,DBSCAN,73,0.2.2,20000,8,3.7220232999970904,9.618637099993066,197.21875,196.3515625,0.20920070911143188,0.020030542080287823,0.19238074007785247,0.26796628391112376,0.4413841807909605,0.05536753804346248,1.0,0.02847198076070168,0.27029520295202947,1.0,0.5781333333333334,0,0.5,0,92,6,,
0.2.3,v0.2.2-seven-family-robustness-v2,synthetic__overlap_8d__quality__n20000__HDBSCAN__73__68c25e0c6faa,ok,overlap_8d__quality__n20000,HDBSCAN,73,0.2.2,20000,8,7.256729799992172,12.603821900003823,189.25,190.7890625,0.0,0.0,0.27820467881634636,0.43016166166237735,0.9479221462388217,0.27083515540902076,0.15662772479802797,1.0,0.9837678307919331,0.901,0.9505,0,1.0,1,3,6,,
0.2.3,v0.2.2-seven-family-robustness-v2,synthetic__overlap_8d__quality__n20000__OPTICS__73__3cdd57844bf7,ok,overlap_8d__quality__n20000,OPTICS,73,0.2.2,20000,8,7.915190100000473,13.242648400002508,197.33984375,197.328125,0.04120887682183794,7.746337462993756e-05,0.01261576823998417,0.024472321003404716,0.40665284047009065,0.00023255841243253005,1.0,0.00011629272864244029,0.05308585891362191,1.0,0.5136333333333334,0,0.0,0,39,6,,
0.2.3,v0.2.2-seven-family-robustness-v2,synthetic__overlap_8d__quality__n20000__SNN-DBSCAN__73__634027779790,ok,overlap_8d__quality__n20000,SNN-DBSCAN,73,0.2.2,20000,8,1.596504899993306,8.121087699997588,263.734375,255.9453125,0.0,0.0,0.0,0.0,0.4,0.0,0.0,0.0,0.0,1.0,0.5,0,0.0,0,0,6,,
0.2.3,v0.2.2-seven-family-robustness-stratascan-fast-v1,synthetic__overlap_8d__quality__n20000__StrataSCAN__73__b12d9a35eae0,ok,overlap_8d__quality__n20000,StrataSCAN,73,0.2.2,20000,8,8.979516499995952,12.220096800010651,334.05859375,334.05859375,0.7023400174572565,0.5841304260584452,0.8144640787432472,0.7971398831185689,0.7805373320837238,0.685306968189218,0.9935008613706909,0.5230512459378897,0.8966759817620237,0.9994,0.9061333333333332,3,1.5,0,72,6,,
0.2.3,v0.2.2-seven-family-robustness-v2,synthetic__overlap_8d__quality__n20000__VDBSCAN-2007__73__b66bfbe2667d,ok,overlap_8d__quality__n20000,VDBSCAN-2007,73,0.2.2,20000,8,4.899289699998917,10.505510800008778,204.83984375,201.4609375,0.7496687474950894,0.6229196147504515,0.7494350011810956,0.8536117584857631,0.9914271306101865,0.6958481394932167,0.5864378096382145,0.8554468580105259,0.9971746717633373,0.983,0.9915,4,1.6666666666666667,3,7,6,,
0.2.3,v0.2.2-seven-family-robustness-v2,synthetic__overlap_8d__quality__n20000__kNN+Leiden__73__5999d87e99a3,ok,overlap_8d__quality__n20000,kNN+Leiden,73,0.2.2,20000,8,3.578272899991134,10.024416400003247,302.0859375,313.046875,0.9950422241237316,0.9972828312178136,0.9791705034242258,0.0,0.0,0.768155989439105,0.6244669263277894,0.9977331453160863,0.8571428571428571,0.0,0.5,0,1.0,0,7,6,,
0.2.3,v0.2.2-seven-family-robustness-v2,synthetic__overlap_8d__quality__n20000__kNN-DBSCAN__73__b04538705680,ok,overlap_8d__quality__n20000,kNN-DBSCAN,73,0.2.2,20000,8,1.1548442999919644,6.512614000006579,196.17578125,196.125,0.207755482848654,0.01970095698390455,0.1885008445391925,0.26417929463151113,0.4413841807909605,0.05390904444253771,1.0,0.027701194689071118,0.27029520295202947,1.0,0.5781333333333334,0,0.5,0,96,6,,
0.2.3,v0.2.2-seven-family-robustness-v2,synthetic__overlap_8d__quality__n20000__AMD-DBSCAN__101__362a88fd7a4a,ok,overlap_8d__quality__n20000,AMD-DBSCAN,101,0.2.2,20000,8,17.807612899996457,25.507005000006757,6288.15625,6288.15625,0.70703202150636,0.5425436674058663,0.719080034288104,0.0,0.0,0.4713622725353135,0.33700129163363457,0.78389977837078,0.8571428571428571,0.0,0.5,6,2.0,3,36,6,,
0.2.3,v0.2.2-seven-family-robustness-v2,synthetic__overlap_8d__quality__n20000__DBSCAN__101__76959a8c1061,ok,overlap_8d__quality__n20000,DBSCAN,101,0.2.2,20000,8,3.187786700000288,8.653133399988292,197.13671875,196.1953125,0.2086572802310865,0.03410417395878283,0.16180117197982571,0.23587617823376825,0.4350474201687984,0.08652116115631958,1.0,0.04521668042516974,0.23674620900434934,1.0,0.5671333333333334,0,0.3333333333333333,0,56,6,,
0.2.3,v0.2.2-seven-family-robustness-v2,synthetic__overlap_8d__quality__n20000__HDBSCAN__101__8b02c0349efe,ok,overlap_8d__quality__n20000,HDBSCAN,101,0.2.2,20000,8,7.359626899997238,12.623043700004928,189.87109375,188.05078125,0.73059807655053,0.5221897845006489,0.7211414721252106,0.7934172574336932,0.8817943384281451,0.6251108735235541,0.49344112349722474,0.8526252610382657,0.9548422761980444,0.975,0.9480999999999999,0,1.0,1,16,6,,
0.2.3,v0.2.2-seven-family-robustness-v2,synthetic__overlap_8d__quality__n20000__OPTICS__101__4bffde68a39e,ok,overlap_8d__quality__n20000,OPTICS,101,0.2.2,20000,8,8.439652600005502,13.597632700009854,198.40625,198.27734375,0.027405278422626217,0.00014986537151518006,0.013303247806344287,0.025758619084246814,0.40415471042315,0.00016370212079563494,1.0,8.185776054231966e-05,0.03368945402110507,1.0,0.5085666666666666,0,0.0,0,23,6,,
0.2.3,v0.2.2-seven-family-robustness-v2,synthetic__overlap_8d__quality__n20000__SNN-DBSCAN__101__420bd0e3a621,ok,overlap_8d__quality__n20000,SNN-DBSCAN,101,0.2.2,20000,8,1.5248534999991534,8.273045600013575,265.31640625,260.078125,0.001141911124083673,-1.5539069886601379e-06,0.0007936507936507938,0.0015841599215777476,0.4001920922042581,3.1996467589978068e-06,1.0,1.5998259389378435e-06,0.001598721023181455,1.0,0.5004,0,0.0,0,2,6,,
0.2.3,v0.2.2-seven-family-robustness-stratascan-fast-v1,synthetic__overlap_8d__quality__n20000__StrataSCAN__101__577e37d43b0d,ok,overlap_8d__quality__n20000,StrataSCAN,101,0.2.2,20000,8,3.4137025000236463,6.401092200016137,283.8984375,283.8984375,0.7742344449930647,0.73249415111334,0.9021974027439067,0.8563159173707414,0.8148752242701028,0.8080343120884768,0.9835428132399787,0.6856783048670971,0.9181628091426923,0.9992,0.9240666666666666,0,1.0,0,52,6,,
0.2.3,v0.2.2-seven-family-robustness-v2,synthetic__overlap_8d__quality__n20000__VDBSCAN-2007__101__a8a10feaf77a,ok,overlap_8d__quality__n20000,VDBSCAN-2007,101,0.2.2,20000,8,5.95972559999791,11.30472529999679,206.18359375,207.44140625,0.7459165226647383,0.5520843976689007,0.7298169271125969,0.8421590135935961,0.9953796705504219,0.6447083836517555,0.5162943031555893,0.858149619988012,0.9984689122620156,0.991,0.9954666666666667,3,1.5,2,6,6,,
0.2.3,v0.2.2-seven-family-robustness-v2,synthetic__overlap_8d__quality__n20000__kNN+Leiden__101__05edc395358a,ok,overlap_8d__quality__n20000,kNN+Leiden,101,0.2.2,20000,8,4.799189299999853,11.491802699994878,304.55078125,317.453125,0.9804606549462146,0.9857601277299434,0.9742631996944686,0.0,0.0,0.7609873609948153,0.618769430780711,0.988089882487452,0.8571428571428571,0.0,0.5,0,1.0,0,7,6,,
0.2.3,v0.2.2-seven-family-robustness-v2,synthetic__overlap_8d__quality__n20000__kNN-DBSCAN__101__810e0269e60e,ok,overlap_8d__quality__n20000,kNN-DBSCAN,101,0.2.2,20000,8,1.250788499994087,6.467248000000836,201.98046875,196.4609375,0.20751030617470967,0.033910799149202836,0.15860673089718533,0.23246346033065274,0.4350474201687984,0.08565354956255053,1.0,0.04474297196465025,0.23674620900434934,1.0,0.5671333333333334,0,0.3333333333333333,0,59,6,,
0.2.3,v0.2.2-seven-family-robustness-v2,synthetic__overlap_8d__quality__n20000__AMD-DBSCAN__151__27b221a4d431,ok,overlap_8d__quality__n20000,AMD-DBSCAN,151,0.2.2,20000,8,15.885875899999519,22.154624200004037,6288.5625,6288.5625,0.35542994418901697,0.14481218610477692,0.43822717534129385,0.0,0.0,0.3101394253653198,0.18851769065760202,0.8739955565557178,0.8571428571428571,0.0,0.5,3,1.5,2,20,6,,
0.2.3,v0.2.2-seven-family-robustness-v2,synthetic__overlap_8d__quality__n20000__DBSCAN__151__f961b16f9056,ok,overlap_8d__quality__n20000,DBSCAN,151,0.2.2,20000,8,3.4142458999995142,8.75095760000113,201.8046875,201.32421875,0.18243540883213624,0.01321259655803872,0.1731413790768155,0.24911170308849892,0.4438723423143504,0.04318270825761721,0.7636735614230953,0.022219568319275976,0.2828687539350924,1.0,0.5823666666666667,0,0.5,1,107,6,,
0.2.3,v0.2.2-seven-family-robustness-v2,synthetic__overlap_8d__quality__n20000__HDBSCAN__151__ca09b8c93972,ok,overlap_8d__quality__n20000,HDBSCAN,151,0.2.2,20000,8,7.396928799993475,12.632935499990708,188.421875,188.390625,0.0,0.0,0.2781851375122297,0.4292356835765935,0.9392171422509812,0.2708325425713336,0.156625977089617,1.0,0.9812579727210284,0.8854,0.9427,0,1.0,1,11,6,,
0.2.3,v0.2.2-seven-family-robustness-v2,synthetic__overlap_8d__quality__n20000__OPTICS__151__bce975352524,ok,overlap_8d__quality__n20000,OPTICS,151,0.2.2,20000,8,8.727092200002517,13.92849630001001,196.59765625,196.5078125,0.03264846304602251,0.0001077458233348351,0.011562980258990808,0.0224846444194358,0.4053999270280131,0.00016992267345006227,0.9737163814180929,8.49687506484001e-05,0.04343572686362747,1.0,0.5111,0,0.0,0,34,6,,
0.2.3,v0.2.2-seven-family-robustness-v2,synthetic__overlap_8d__quality__n20000__SNN-DBSCAN__151__9111a5599b41,ok,overlap_8d__quality__n20000,SNN-DBSCAN,151,0.2.2,20000,8,1.6858591999916825,8.43484410000383,263.38671875,242.328125,0.0,0.0,0.0,0.0,0.4,0.0,0.0,0.0,0.0,1.0,0.5,0,0.0,0,0,6,,
0.2.3,v0.2.2-seven-family-robustness-stratascan-fast-v1,synthetic__overlap_8d__quality__n20000__StrataSCAN__151__c81512723d20,ok,overlap_8d__quality__n20000,StrataSCAN,151,0.2.2,20000,8,3.0164157999970485,5.997096100007184,284.2734375,286.77734375,0.6267754485429738,0.5339882193236277,0.7940195539427188,0.7882901063013936,0.7826427508420146,0.6357046774071347,0.8926070868302356,0.49363185083221106,0.8981015679506481,0.9992,0.9072333333333333,6,2.0,4,64,6,,
0.2.3,v0.2.2-seven-family-robustness-v2,synthetic__overlap_8d__quality__n20000__VDBSCAN-2007__151__9a159c14f27e,ok,overlap_8d__quality__n20000,VDBSCAN-2007,151,0.2.2,20000,8,6.500348800007487,12.071591599989915,204.2109375,203.47265625,0.3519057966795987,0.1451868462013463,0.4375329300989737,0.6074345177452818,0.99305485656769,0.3687106061775314,0.23448981796631793,0.8622690688838408,0.9977049725594546,0.9866,0.9932333333333334,4,1.6666666666666667,2,3,6,,
0.2.3,v0.2.2-seven-family-robustness-v2,synthetic__overlap_8d__quality__n20000__kNN+Leiden__151__f43eacc5709d,ok,overlap_8d__quality__n20000,kNN+Leiden,151,0.2.2,20000,8,3.550062700000126,9.983637299999828,304.1640625,317.04296875,0.9108745955785351,0.9058760766420589,0.9406645517741389,0.0,0.0,0.7082264964088546,0.5746607635092894,0.9226809438348024,0.8571428571428571,0.0,0.5,1,1.1666666666666667,1,7,6,,
0.2.3,v0.2.2-seven-family-robustness-v2,synthetic__overlap_8d__quality__n20000__kNN-DBSCAN__151__f8964ce123c4,ok,overlap_8d__quality__n20000,kNN-DBSCAN,151,0.2.2,20000,8,1.2627211000071838,6.574949999994715,196.41015625,196.3828125,0.18018525606812422,0.012624038115246037,0.1666509628336067,0.24232245550059092,0.4438723423143504,0.04040758447178051,0.7668284298458979,0.020750510359226863,0.2828687539350924,1.0,0.5823666666666667,0,0.5,1,118,6,,
0.2.3,v0.2.2-seven-family-robustness-v2,synthetic__overlap_8d__quality__n200000__AMD-DBSCAN__23__2e7918843d83,error,overlap_8d__quality__n200000,AMD-DBSCAN,23,,,,,4.2737370999966515,,193.6875,,,,,,,,,,,,,,,,,MemoryError,"Unable to allocate 298. GiB for an array with shape (200000, 200000) and data type float64"
0.2.3,v0.2.2-seven-family-robustness-v2,synthetic__overlap_8d__quality__n200000__DBSCAN__23__4285d368b017,ok,overlap_8d__quality__n200000,DBSCAN,23,0.2.2,200000,8,76.4585681999888,86.90089720000105,255.078125,258.5234375,0.19454806847483425,0.011458465878450346,0.20437242932404323,0.2792341425879494,0.4406412211049519,0.03887435425496339,0.9993682435740866,0.01982271838402648,0.2664771348334084,1.0,0.57686,0,0.6666666666666666,0,883,6,,
0.2.3,v0.2.2-seven-family-robustness-v2,synthetic__overlap_8d__quality__n200000__HDBSCAN__23__caa349ef1d55,ok,overlap_8d__quality__n200000,HDBSCAN,23,0.2.2,200000,8,935.3603792999929,941.5628565999941,237.4453125,264.26953125,0.0,0.0,0.28458050369796645,0.4392681359265079,0.9623865110246433,0.2834449142649359,0.165124275137118,1.0,0.9880609304240429,0.9275,0.96375,0,1.0,1,230,6,,
0.2.3,v0.2.2-seven-family-robustness-v2,synthetic__overlap_8d__quality__n200000__OPTICS__23__6acf2ff1d6eb,ok,overlap_8d__quality__n200000,OPTICS,23,0.2.2,200000,8,397.48827850000816,403.4859717000072,246.703125,245.4375,0.020744753056117473,3.973214662899569e-06,0.0015320800836082652,0.003052561733240842,0.4032241805476591,1.0639199006899573e-05,0.9992986674681895,5.319627821599745e-06,0.02630280462371463,1.0,0.5066633333333334,0,0.0,0,197,6,,
0.2.3,v0.2.2-seven-family-robustness-v2,synthetic__overlap_8d__quality__n200000__SNN-DBSCAN__23__d9b32843b60f,ok,overlap_8d__quality__n200000,SNN-DBSCAN,23,0.2.2,200000,8,23.927681399989524,30.166480799991405,368.1015625,368.1015625,0.0,0.0,0.0,0.0,0.4,0.0,0.0,0.0,0.0,1.0,0.5,0,0.0,0,0,6,,
0.2.3,v0.2.2-seven-family-robustness-stratascan-fast-v1,synthetic__overlap_8d__quality__n200000__StrataSCAN__23__9b53fbb4fec8,ok,overlap_8d__quality__n200000,StrataSCAN,23,0.2.2,200000,8,34.06667270002072,38.377404900005786,697.328125,685.9453125,0.8422711853239586,0.8486849746790647,0.9422387986994121,0.9115637735157144,0.8828230556610356,0.8858236316449998,0.9821126351200992,0.8067296543241733,0.953728017408225,0.9997,0.95567,0,1.0,0,167,6,,
0.2.3,v0.2.2-seven-family-robustness-v2,synthetic__overlap_8d__quality__n200000__VDBSCAN-2007__23__9332280b6310,ok,overlap_8d__quality__n200000,VDBSCAN-2007,23,0.2.2,200000,8,168.5648613999947,174.33065180000267,316.73828125,326.77734375,0.5534313358319767,0.31611323059872937,0.5813046261928015,0.6989184721311033,0.8761971522453451,0.47998964813052475,0.33905351881312057,0.8214431837950539,0.9505763008307827,0.99996,0.95289,0,1.0,1,9,6,,
0.2.3,v0.2.2-seven-family-robustness-v2,synthetic__overlap_8d__quality__n200000__kNN+Leiden__23__4b73f26a41c2,ok,overlap_8d__quality__n200000,kNN+Leiden,23,0.2.2,200000,8,50.58347680000588,56.85287229999085,1000.51171875,1166.6953125,0.9797976644296184,0.9852403340177083,0.9891452197071992,0.0,0.0,0.7458408823381143,0.5991115030191728,0.9877531153879788,0.8571428571428571,0.0,0.5,0,1.0,0,7,6,,
0.2.3,v0.2.2-seven-family-robustness-v2,synthetic__overlap_8d__quality__n200000__kNN-DBSCAN__23__c9f91f812481,ok,overlap_8d__quality__n200000,kNN-DBSCAN,23,0.2.2,200000,8,19.581481600005645,29.519564799993532,245.39453125,244.27734375,0.19085357737038494,0.010765305310779922,0.19243337439020172,0.2678802077228322,0.4406412211049519,0.035753743636330604,0.9994210263006512,0.018202463432708215,0.2664771348334084,1.0,0.57686,0,0.6666666666666666,0,949,6,,
0.2.3,v0.2.2-seven-family-robustness-v2,synthetic__overlap_8d__quality__n200000__AMD-DBSCAN__42__548648ed8b1b,error,overlap_8d__quality__n200000,AMD-DBSCAN,42,,,,,4.529817000002367,,210.91796875,,,,,,,,,,,,,,,,,MemoryError,"Unable to allocate 298. GiB for an array with shape (200000, 200000) and data type float64"
0.2.3,v0.2.2-seven-family-robustness-v2,synthetic__overlap_8d__quality__n200000__DBSCAN__42__1a8a8499bbf9,ok,overlap_8d__quality__n200000,DBSCAN,42,0.2.2,200000,8,69.36146119999466,78.48705289998907,256.91015625,261.59765625,0.19344585324634223,0.018712317923885936,0.1847866945914153,0.25982174780059236,0.4374568011408873,0.05364620608211428,0.9986310886522363,0.027563453879292623,0.24976955299114384,1.0,0.5713533333333334,0,0.5,0,718,6,,
0.2.3,v0.2.2-seven-family-robustness-v2,synthetic__overlap_8d__quality__n200000__HDBSCAN__42__fe11680bed53,ok,overlap_8d__quality__n200000,HDBSCAN,42,0.2.2,200000,8,914.0359888000094,920.1268285000115,237.69921875,263.59375,0.0,0.0,0.2843303999072117,0.43850960288102186,0.9579751372867756,0.2829544823927787,0.16479148600969432,1.0,0.9867349925830419,0.91934,0.95967,0,1.0,1,238,6,,
0.2.3,v0.2.2-seven-family-robustness-v2,synthetic__overlap_8d__quality__n200000__OPTICS__42__972a8e423c07,ok,overlap_8d__quality__n200000,OPTICS,42,0.2.2,200000,8,405.36331359999895,411.31231700000353,254.7421875,244.94921875,0.020821577064644176,-4.775239189153303e-06,0.0016644981528254742,0.0033153116746075777,0.4032501965844708,1.08341260990262e-05,0.9944194243195614,5.41709255892454e-06,0.026510541722856294,1.0,0.5067166666666667,0,0.0,0,197,6,,
0.2.3,v0.2.2-seven-family-robustness-v2,synthetic__overlap_8d__quality__n200000__SNN-DBSCAN__42__15a503255361,ok,overlap_8d__quality__n200000,SNN-DBSCAN,42,0.2.2,200000,8,25.29999920001137,31.973269499998423,368.79296875,358.14453125,0.0,0.0,0.0,0.0,0.399910394982119,0.0,0.0,0.0,0.0,0.99972,0.49986,0,0.0,0,1,6,,
0.2.3,v0.2.2-seven-family-robustness-stratascan-fast-v1,synthetic__overlap_8d__quality__n200000__StrataSCAN__42__12652b18f16b,ok,overlap_8d__quality__n200000,StrataSCAN,42,0.2.2,200000,8,30.65789939998649,34.58154879999347,702.58984375,696.203125,0.8390642246405455,0.852214836591021,0.9419235985266087,0.9166438331786101,0.892685540769849,0.8862984345469195,0.9707494325725227,0.8153651926948571,0.9582821233899248,0.99954,0.9597933333333333,0,1.0,0,133,6,,
0.2.3,v0.2.2-seven-family-robustness-v2,synthetic__overlap_8d__quality__n200000__VDBSCAN-2007__42__4faea75e3649,ok,overlap_8d__quality__n200000,VDBSCAN-2007,42,0.2.2,200000,8,188.3230773999967,193.72568129999854,326.21875,348.4765625,0.01608658554779748,0.002672469092542261,0.2813856219064705,0.43897951775939725,0.9978253680339123,0.27912575971448284,0.1677666861413713,0.8301717018660225,0.9992771798689597,0.9957,0.9978433333333334,4,1.6666666666666667,2,16,6,,
0.2.3,v0.2.2-seven-family-robustness-v2,synthetic__overlap_8d__quality__n200000__kNN+Leiden__42__511564a45f76,ok,overlap_8d__quality__n200000,kNN+Leiden,42,0.2.2,200000,8,66.4104626999906,72.71715860000404,1007.93359375,1167.29296875,0.9657306424180001,0.9751441792180191,0.9852455318573227,0.0,0.0,0.7390168256760066,0.5934174702880299,0.9792937815631308,0.8571428571428571,0.0,0.5,0,1.0,0,7,6,,
0.2.3,v0.2.2-seven-family-robustness-v2,synthetic__overlap_8d__quality__n200000__kNN-DBSCAN__42__d9294ca5019c,ok,overlap_8d__quality__n200000,kNN-DBSCAN,42,0.2.2,200000,8,18.788512899991474,27.72666410000238,243.96484375,240.07421875,0.19049105438871944,0.018164476681230314,0.17709995199430129,0.25212831227188326,0.4374568011408873,0.05115915345151865,0.9987278446417857,0.026251945743966804,0.24976955299114384,1.0,0.5713533333333334,0,0.5,0,775,6,,
0.2.3,v0.2.2-seven-family-robustness-v2,synthetic__overlap_8d__quality__n200000__AMD-DBSCAN__73__216ae7f9aca9,error,overlap_8d__quality__n200000,AMD-DBSCAN,73,,,,,4.416241099999752,,190.38671875,,,,,,,,,,,,,,,,,MemoryError,"Unable to allocate 298. GiB for an array with shape (200000, 200000) and data type float64"
0.2.3,v0.2.2-seven-family-robustness-v2,synthetic__overlap_8d__quality__n200000__DBSCAN__73__ddf21efd468c,ok,overlap_8d__quality__n200000,DBSCAN,73,0.2.2,200000,8,67.85600859999249,76.72824530000798,254.95703125,258.5,0.19740118767480402,0.01800024593019544,0.19331786481805183,0.26810162992392406,0.43724830894216515,0.05202578635374963,0.9998847283423614,0.026707718293484246,0.2486558433597786,1.0,0.57099,0,0.5,0,627,6,,
0.2.3,v0.2.2-seven-family-robustness-v2,synthetic__overlap_8d__quality__n200000__HDBSCAN__73__bd15643a8989,ok,overlap_8d__quality__n200000,HDBSCAN,73,0.2.2,200000,8,926.5187733000057,933.4201788999926,238.25,265.33984375,0.0,0.0,0.2843341949698283,0.43907081517698354,0.9633115974331596,0.28295707330026565,0.16479324360522957,1.0,0.988340872177875,0.92922,0.96461,0,1.0,1,214,6,,
0.2.3,v0.2.2-seven-family-robustness-v2,synthetic__overlap_8d__quality__n200000__OPTICS__73__d4db8199d6ac,ok,overlap_8d__quality__n200000,OPTICS,73,0.2.2,200000,8,357.09306389999983,363.7228729000053,248.19140625,246.00390625,0.019615792917884168,3.670714235188226e-06,0.0018258706149159388,0.003635270918477813,0.4029999314900116,1.1013503569792244e-05,1.0,5.506782109378332e-06,0.02450925517413951,1.0,0.5062033333333333,0,0.0,0,175,6,,
0.2.3,v0.2.2-seven-family-robustness-v2,synthetic__overlap_8d__quality__n200000__SNN-DBSCAN__73__4bd1a27baa6c,ok,overlap_8d__quality__n200000,SNN-DBSCAN,73,0.2.2,200000,8,24.898874299993622,31.220255199994426,370.50390625,364.66015625,0.00023258221709271395,-8.320799605656892e-08,0.000252767134951043,0.0005052150346656161,0.4000240019201536,1.824038053811494e-07,0.9,9.120191193256125e-08,0.0002532995600586588,0.99998,0.5000533333333333,0,0.0,0,1,6,,
0.2.3,v0.2.2-seven-family-robustness-stratascan-fast-v1,synthetic__overlap_8d__quality__n200000__StrataSCAN__73__173237441ec5,ok,overlap_8d__quality__n200000,StrataSCAN,73,0.2.2,200000,8,38.71769399999175,42.78218199999537,857.609375,852.93359375,0.8518143940455726,0.8537463128979871,0.9455289607868732,0.9099620091008385,0.8769738227244017,0.8917650782361459,0.9961508263223383,0.8071812788664151,0.950966406534083,0.99968,0.9531466666666667,0,1.0,0,201,6,,
0.2.3,v0.2.2-seven-family-robustness-v2,synthetic__overlap_8d__quality__n200000__VDBSCAN-2007__73__bcf5a22fe636,ok,overlap_8d__quality__n200000,VDBSCAN-2007,73,0.2.2,200000,8,163.90049,169.77916070001083,329.16015625,338.84375,0.7073224200662468,0.5248110442029158,0.7193994953529513,0.7881095588448124,0.8713306089729627,0.6273536066805023,0.5096888279602465,0.8156518079069938,0.9482282905554407,1.0,0.9507766666666666,0,1.0,1,23,6,,
0.2.3,v0.2.2-seven-family-robustness-v2,synthetic__overlap_8d__quality__n200000__kNN+Leiden__73__78142d6a99a4,ok,overlap_8d__quality__n200000,kNN+Leiden,73,0.2.2,200000,8,59.91968009999255,65.97239690000424,1004.5703125,1167.31640625,0.9919568470012774,0.9953355844958957,0.9932256380657108,0.0,0.0,0.7523861259972702,0.604479422888657,0.9961215629601469,0.8571428571428571,0.0,0.5,0,1.0,0,7,6,,
0.2.3,v0.2.2-seven-family-robustness-v2,synthetic__overlap_8d__quality__n200000__kNN-DBSCAN__73__a9927b51c469,ok,overlap_8d__quality__n200000,kNN-DBSCAN,73,0.2.2,200000,8,19.304275800008327,27.465718699997524,248.21875,240.1640625,0.19517034827237925,0.017440444283164252,0.1889052636894666,0.2638282705993153,0.43724830894216515,0.04947943671296051,0.9998814550874026,0.025367374461540245,0.2486558433597786,1.0,0.57099,0,0.5,0,663,6,,
0.2.3,v0.2.2-seven-family-robustness-v2,synthetic__overlap_8d__quality__n200000__AMD-DBSCAN__101__b04991457db6,error,overlap_8d__quality__n200000,AMD-DBSCAN,101,,,,,4.61076559999492,,211.63671875,,,,,,,,,,,,,,,,,MemoryError,"Unable to allocate 298. GiB for an array with shape (200000, 200000) and data type float64"
0.2.3,v0.2.2-seven-family-robustness-v2,synthetic__overlap_8d__quality__n200000__DBSCAN__101__d3e90e02a082,ok,overlap_8d__quality__n200000,DBSCAN,101,0.2.2,200000,8,69.78385000000708,78.72488100000191,254.91015625,252.5859375,0.19476612519388664,0.013860207793497706,0.19760465610309189,0.2725200521806456,0.43892375894307156,0.043669623249869345,0.999999593822101,0.02232221314191168,0.2575361561247604,1.0,0.5739,0,0.6666666666666666,0,752,6,,
0.2.3,v0.2.2-seven-family-robustness-v2,synthetic__overlap_8d__quality__n200000__HDBSCAN__101__064ceef952d5,ok,overlap_8d__quality__n200000,HDBSCAN,101,0.2.2,200000,8,936.0845587999938,943.4897315999988,237.49609375,261.06640625,0.0,0.0,0.2842789883474423,0.43886964087076075,0.9620095495121445,0.2828492991501012,0.164720137265824,1.0,0.9879470460383324,0.9268,0.9634,0,1.0,1,221,6,,
0.2.3,v0.2.2-seven-family-robustness-v2,synthetic__overlap_8d__quality__n200000__OPTICS__101__392db9fa0c3a,ok,overlap_8d__quality__n200000,OPTICS,101,0.2.2,200000,8,362.8101519999909,369.0055478999857,248.2421875,241.6328125,0.022059287167852614,6.200916808110741e-06,0.0014921748748646373,0.0029733530558472394,0.40346332921800737,1.0883292754676384e-05,0.9992165311918519,5.441676012232766e-06,0.02820974590196259,1.0,0.5071533333333333,0,0.0,0,216,6,,
0.2.3,v0.2.2-seven-family-robustness-v2,synthetic__overlap_8d__quality__n200000__SNN-DBSCAN__101__6641bd4a7f7f,ok,overlap_8d__quality__n200000,SNN-DBSCAN,101,0.2.2,200000,8,24.997981100008474,31.52951920000487,368.97265625,360.60546875,7.100770809523512e-05,2.0258803298158775e-07,9.379480376787127e-05,0.00018754562682799157,0.39996639811829465,2.2400312397743407e-08,0.5,1.1200156449758707e-08,9.332462303518338e-05,0.99986,0.4999533333333333,0,0.0,0,2,6,,
0.2.3,v0.2.2-seven-family-robustness-stratascan-fast-v1,synthetic__overlap_8d__quality__n200000__StrataSCAN__101__d1824a3e1e5c,ok,overlap_8d__quality__n200000,StrataSCAN,101,0.2.2,200000,8,34.77265920001082,38.832077600003686,701.359375,701.88671875,0.8602387951775289,0.8690139959491737,0.9502311404529107,0.9197943967191079,0.8912469681837638,0.9011601470385446,0.9894064113934202,0.8273664114952979,0.9576315935745651,0.99948,0.9591733333333334,0,1.0,0,155,6,,
0.2.3,v0.2.2-seven-family-robustness-v2,synthetic__overlap_8d__quality__n200000__VDBSCAN-2007__101__0ebf52f0cdcb,ok,overlap_8d__quality__n200000,VDBSCAN-2007,101,0.2.2,200000,8,146.38237439999648,152.11879130000307,322.75390625,330.625,0.3413754299270094,0.1434460397309155,0.4347628991505081,0.5806415584225699,0.8738497033042901,0.3654781963932763,0.23525400768585186,0.8186266648805226,0.9494525042633583,0.99992,0.9518566666666667,0,1.0,1,13,6,,
0.2.3,v0.2.2-seven-family-robustness-v2,synthetic__overlap_8d__quality__n200000__kNN+Leiden__101__0cc44b75f59d,ok,overlap_8d__quality__n200000,kNN+Leiden,101,0.2.2,200000,8,61.035437600003206,67.27851650000957,1006.05078125,1168.86328125,0.9879963442224908,0.9921429770112479,0.9919264322181501,0.0,0.0,0.7503335819278227,0.6028056961866697,0.9934711221344852,0.8571428571428571,0.0,0.5,0,1.0,0,7,6,,
0.2.3,v0.2.2-seven-family-robustness-v2,synthetic__overlap_8d__quality__n200000__kNN-DBSCAN__101__d3eceea1b9e0,ok,overlap_8d__quality__n200000,kNN-DBSCAN,101,0.2.2,200000,8,19.300475299998652,28.439483200010727,247.6328125,241.35546875,0.1917496458533257,0.013180775247993068,0.19077136361328031,0.26595119135083684,0.43892375894307156,0.040590664194930466,0.999999536578574,0.020715765635529473,0.2575361561247604,1.0,0.5739,0,0.6666666666666666,0,806,6,,
0.2.3,v0.2.2-seven-family-robustness-v2,synthetic__overlap_8d__quality__n200000__AMD-DBSCAN__151__ace94eb6e10b,error,overlap_8d__quality__n200000,AMD-DBSCAN,151,,,,,4.695199599998887,,204.98046875,,,,,,,,,,,,,,,,,MemoryError,"Unable to allocate 298. GiB for an array with shape (200000, 200000) and data type float64"
0.2.3,v0.2.2-seven-family-robustness-v2,synthetic__overlap_8d__quality__n200000__DBSCAN__151__7c5bda49e2f7,ok,overlap_8d__quality__n200000,DBSCAN,151,0.2.2,200000,8,71.70891780000238,80.14943210000638,256.03125,251.05078125,0.19437131488997453,0.02207072091815778,0.1788092066261474,0.25369560943753977,0.4365077632905701,0.05875848485224882,0.9963374634081179,0.030271876530477367,0.24467991738293482,1.0,0.5696966666666666,0,0.5,0,672,6,,
0.2.3,v0.2.2-seven-family-robustness-v2,synthetic__overlap_8d__quality__n200000__HDBSCAN__151__3b420ef6547b,ok,overlap_8d__quality__n200000,HDBSCAN,151,0.2.2,200000,8,917.9815557999973,924.4086085000017,237.37890625,263.546875,0.0,0.0,0.284369361629124,0.4389750835747787,0.9619880005812868,0.2830308100274133,0.1648432666586942,1.0,0.9879405391520836,0.92676,0.96338,0,1.0,1,221,6,,
0.2.3,v0.2.2-seven-family-robustness-v2,synthetic__overlap_8d__quality__n200000__OPTICS__151__8e8c1516a5fa,ok,overlap_8d__quality__n200000,OPTICS,151,0.2.2,200000,8,364.5471397999936,371.674053499999,255.59765625,240.3515625,0.021486261617623844,2.1413396913656246e-05,0.0018237329608485375,0.0036310487012761006,0.4033608022039634,1.1570172239965852e-05,0.9961428965010561,5.785119716985821e-06,0.027392936751642196,1.0,0.5069433333333333,0,0.0,0,206,6,,
0.2.3,v0.2.2-seven-family-robustness-v2,synthetic__overlap_8d__quality__n200000__SNN-DBSCAN__151__d4e1befb1715,ok,overlap_8d__quality__n200000,SNN-DBSCAN,151,0.2.2,200000,8,25.16730619998998,31.893164200009778,368.40625,369.46875,0.0,0.0,0.0,0.0,0.39992319631342305,0.0,0.0,0.0,0.0,0.99976,0.49988,0,0.0,0,2,6,,
0.2.3,v0.2.2-seven-family-robustness-stratascan-fast-v1,synthetic__overlap_8d__quality__n200000__StrataSCAN__151__2a836af7cd3e,ok,overlap_8d__quality__n200000,StrataSCAN,151,0.2.2,200000,8,38.185421900008805,42.516642900009174,855.90234375,843.18359375,0.7795966423557259,0.7499518114668551,0.8882494748030556,0.8797252477670868,0.871363073758346,0.8015968214378436,0.9537601377381518,0.6913056161646743,0.9482672798782924,0.99968,0.9507,3,1.5,1,205,6,,
0.2.3,v0.2.2-seven-family-robustness-v2,synthetic__overlap_8d__quality__n200000__VDBSCAN-2007__151__71ba0a15b0f0,ok,overlap_8d__quality__n200000,VDBSCAN-2007,151,0.2.2,200000,8,165.61600760000874,170.69061210000655,330.86328125,353.59765625,0.3191359339347849,0.12126011486185408,0.4214403220544973,0.568454577071128,0.8729844166048277,0.350743038558731,0.22323959381989772,0.8178700962444986,0.9490322467639382,0.99996,0.95149,0,1.0,1,23,6,,
0.2.3,v0.2.2-seven-family-robustness-v2,synthetic__overlap_8d__quality__n200000__kNN+Leiden__151__5471a595a65c,ok,overlap_8d__quality__n200000,kNN+Leiden,151,0.2.2,200000,8,105.28915840000263,112.00271240000438,1022.73828125,1168.859375,0.962354165567537,0.9670655982745777,0.9819990469353078,0.0,0.0,0.7337303302204536,0.5889787866173692,0.9728165176571758,0.8571428571428571,0.0,0.5,1,1.1666666666666667,1,7,6,,
0.2.3,v0.2.2-seven-family-robustness-v2,synthetic__overlap_8d__quality__n200000__kNN-DBSCAN__151__64312b6abfd1,ok,overlap_8d__quality__n200000,kNN-DBSCAN,151,0.2.2,200000,8,19.65735589999531,28.217905500001507,248.078125,240.02734375,0.19190313782978144,0.021595430232081398,0.17367492090307024,0.24848443991244942,0.4365077632905701,0.05659567983066543,0.996383315696326,0.029125006280190924,0.24467991738293482,1.0,0.5696966666666666,0,0.5,0,723,6,,
0.2.3,v0.2.2-seven-family-robustness-v2,synthetic__overlap_8d__quality__n5000__AMD-DBSCAN__23__647d5b8d3813,ok,overlap_8d__quality__n5000,AMD-DBSCAN,23,0.2.2,5000,8,1.221105600008741,6.835475600004429,564.015625,564.015625,0.6794597414802767,0.49522632960492946,0.713695718150854,0.015760297555910418,0.00796812749003984,0.4322640116055689,0.2951540337688816,0.807271528979488,0.8576329331046312,0.004,0.502,6,2.0,2,11,6,,
0.2.3,v0.2.2-seven-family-robustness-v2,synthetic__overlap_8d__quality__n5000__DBSCAN__23__591f9050e56c,ok,overlap_8d__quality__n5000,DBSCAN,23,0.2.2,5000,8,0.5818817999970634,6.073275199989439,193.5859375,193.8515625,0.22155669197051145,0.018821114054730553,0.2054166380905091,0.28116128694098547,0.4453946196329948,0.05605328513972248,1.0,0.02883478477636736,0.2904034647823114,1.0,0.5849333333333333,0,0.6666666666666666,0,29,6,,
0.2.3,v0.2.2-seven-family-robustness-v2,synthetic__overlap_8d__quality__n5000__HDBSCAN__23__a268d6f8154d,ok,overlap_8d__quality__n5000,HDBSCAN,23,0.2.2,5000,8,0.475033099995926,6.087936800002353,184.7734375,185.00390625,0.38580236505909526,0.14258978577714143,0.4429046691665199,0.6097858754788311,0.9784567175871525,0.37325432341057607,0.23099862100433266,0.9715843850283815,0.9926144756277696,0.9992,0.9924,0,1.0,1,2,6,,
0.2.3,v0.2.2-seven-family-robustness-v2,synthetic__overlap_8d__quality__n5000__OPTICS__23__70f206f998cc,ok,overlap_8d__quality__n5000,OPTICS,23,0.2.2,5000,8,1.483490599988727,6.692707399997744,193.71484375,193.95703125,0.11174468026281688,0.00485160703378926,0.0880415708774997,0.14548553907845854,0.4186202277294039,0.011200719888621006,1.0,0.005631900614924665,0.13803376365441905,1.0,0.5370666666666667,0,0.16666666666666666,0,17,6,,
0.2.3,v0.2.2-seven-family-robustness-v2,synthetic__overlap_8d__quality__n5000__SNN-DBSCAN__23__f64564bd39f6,ok,overlap_8d__quality__n5000,SNN-DBSCAN,23,0.2.2,5000,8,0.38241600000765175,6.976571899998817,240.45703125,236.76953125,0.003251112821256547,-5.875804083745143e-05,0.004034291477559254,0.007988120067835117,0.4005126561999359,4.7806411351973855e-05,1.0,2.3903777052886254e-05,0.00425758382118148,1.0,0.5010666666666667,0,0.0,0,1,6,,
0.2.3,v0.2.2-seven-family-robustness-stratascan-fast-v1,synthetic__overlap_8d__quality__n5000__StrataSCAN__23__467f16ae77ac,ok,overlap_8d__quality__n5000,StrataSCAN,23,0.2.2,5000,8,0.9036171000043396,3.884706999990158,236.30859375,236.1953125,0.7794503670294719,0.7336581340710945,0.9024181033186071,0.8583198106136939,0.8183306055646482,0.8076525434749972,0.9805592403655765,0.6865839197584352,0.920086393088553,1.0,0.9259999999999999,0,1.0,0,17,6,,
0.2.3,v0.2.2-seven-family-robustness-v2,synthetic__overlap_8d__quality__n5000__VDBSCAN-2007__23__036212baf3fa,ok,overlap_8d__quality__n5000,VDBSCAN-2007,23,0.2.2,5000,8,0.6902782000106527,6.161649599991506,194.91015625,195.08203125,0.634049387890491,0.445370654016787,0.6246262062224276,0.1462519476757477,0.08282208588957056,0.48114526007690256,0.3316964551336277,0.8756995056186682,0.8624655013799448,0.0432,0.5216,4,1.6666666666666667,3,6,6,,
0.2.3,v0.2.2-seven-family-robustness-v2,synthetic__overlap_8d__quality__n5000__kNN+Leiden__23__509d1e275b71,ok,overlap_8d__quality__n5000,kNN+Leiden,23,0.2.2,5000,8,1.067913499995484,8.259831400006078,246.08984375,246.08203125,0.9855349397740816,0.9896962982596071,0.8808955404467399,0.0,0.0,0.7525478244558103,0.6063974646137138,0.9915175739715186,0.8571428571428571,0.0,0.5,0,1.0,0,7,6,,
0.2.3,v0.2.2-seven-family-robustness-v2,synthetic__overlap_8d__quality__n5000__kNN-DBSCAN__23__a0513d1bb91d,ok,overlap_8d__quality__n5000,kNN-DBSCAN,23,0.2.2,5000,8,0.3697093000082532,6.211216399999103,192.796875,193.25390625,0.2203574568493256,0.01849796871285543,0.20273964026652394,0.27864333224735827,0.4453946196329948,0.05465861202798364,1.0,0.028097182513021155,0.2904034647823114,1.0,0.5849333333333333,0,0.6666666666666666,0,30,6,,
0.2.3,v0.2.2-seven-family-robustness-v2,synthetic__overlap_8d__quality__n5000__AMD-DBSCAN__42__aa6a8ab5eb37,ok,overlap_8d__quality__n5000,AMD-DBSCAN,42,0.2.2,5000,8,1.2310085000062827,6.788242099995841,564.05078125,564.05078125,0.03959956131148122,0.001072976364536777,0.28062974768082233,0.003179329706940178,0.001598721023181455,0.23582060455218437,0.13838278117608774,0.797009274645405,0.8572408275231455,0.0008,0.5004,5,1.8333333333333333,2,19,6,,
0.2.3,v0.2.2-seven-family-robustness-v2,synthetic__overlap_8d__quality__n5000__DBSCAN__42__ee782c3529e9,ok,overlap_8d__quality__n5000,DBSCAN,42,0.2.2,5000,8,0.5079539999860572,6.099279400004889,194.01953125,194.2890625,0.20540951310495928,0.019902632432490953,0.16516599363129045,0.24087925499430235,0.44476071873332146,0.04560384348113005,0.9611210620587926,0.02335602706861633,0.2872802009591231,1.0,0.5838666666666666,0,0.5,0,40,6,,
0.2.3,v0.2.2-seven-family-robustness-v2,synthetic__overlap_8d__quality__n5000__HDBSCAN__42__dd5518780888,ok,overlap_8d__quality__n5000,HDBSCAN,42,0.2.2,5000,8,0.5044694000098389,6.132279199999175,184.6640625,184.87890625,0.29585104616742536,0.11113341870120332,0.4295140359579394,0.49185819477314857,0.5753739930955121,0.292364252684143,0.32083750563388036,0.268532861535783,0.6737400530503979,1.0,0.754,0,1.0,1,3,6,,
0.2.3,v0.2.2-seven-family-robustness-v2,synthetic__overlap_8d__quality__n5000__OPTICS__42__40d6a9930b07,ok,overlap_8d__quality__n5000,OPTICS,42,0.2.2,5000,8,1.4448927999910666,6.759499399995548,193.37890625,193.64453125,0.10863141134253376,0.008406646446797547,0.09191299409650261,0.1505904522852596,0.4164584374479427,0.0218979519312015,0.9986910994764397,0.011070343751626925,0.12359269452089067,1.0,0.5329333333333334,0,0.16666666666666666,0,10,6,,
0.2.3,v0.2.2-seven-family-robustness-v2,synthetic__overlap_8d__quality__n5000__SNN-DBSCAN__42__cb7a5b5dce71,ok,overlap_8d__quality__n5000,SNN-DBSCAN,42,0.2.2,5000,8,0.3575494999968214,7.168169099997613,240.92578125,237.17578125,0.0,0.0,0.0,0.0,0.4,0.0,0.0,0.0,0.0,1.0,0.5,0,0.0,0,0,6,,
0.2.3,v0.2.2-seven-family-robustness-stratascan-fast-v1,synthetic__overlap_8d__quality__n5000__StrataSCAN__42__5dee12778958,ok,overlap_8d__quality__n5000,StrataSCAN,42,0.2.2,5000,8,0.886969900020631,3.8082995000004303,236.078125,236.1015625,0.6773152004999189,0.6169232298448962,0.8484489301343237,0.8180513525731729,0.789756560227632,0.7136185178573008,0.9145550115399496,0.5850724893721798,0.9027351177416995,0.9992,0.9110666666666667,1,1.1666666666666667,1,22,6,,
0.2.3,v0.2.2-seven-family-robustness-v2,synthetic__overlap_8d__quality__n5000__VDBSCAN-2007__42__c37217f8b333,ok,overlap_8d__quality__n5000,VDBSCAN-2007,42,0.2.2,5000,8,0.887697099999059,6.204904800004442,194.64453125,194.828125,0.0076422926945541765,0.0002746793406911922,0.28307994514698104,0.1350581788786953,0.08868501529051988,0.25761353358404343,0.15069530829518613,0.8867916315677624,0.8628624022089277,0.0464,0.5232,4,1.6666666666666667,2,4,6,,
0.2.3,v0.2.2-seven-family-robustness-v2,synthetic__overlap_8d__quality__n5000__kNN+Leiden__42__db57653a76d6,ok,overlap_8d__quality__n5000,kNN+Leiden,42,0.2.2,5000,8,0.8479126000020187,8.167474599991692,245.03125,245.0078125,0.9255194798132816,0.9381253544495685,0.8799377418656936,0.0,0.0,0.7405976961913501,0.6070250445489831,0.9495386574423759,0.8571428571428571,0.0,0.5,1,1.1666666666666667,1,7,6,,
0.2.3,v0.2.2-seven-family-robustness-v2,synthetic__overlap_8d__quality__n5000__kNN-DBSCAN__42__6a0c027a91ae,ok,overlap_8d__quality__n5000,kNN-DBSCAN,42,0.2.2,5000,8,0.3343157999916002,5.976256900001317,193.390625,193.859375,0.2007780236717645,0.01881312940052799,0.15005581907212076,0.22440174305463995,0.44476071873332146,0.040755797729866476,0.9661715191126956,0.020816957400811992,0.2872802009591231,1.0,0.5838666666666666,0,0.3333333333333333,0,45,6,,
0.2.3,v0.2.2-seven-family-robustness-v2,synthetic__overlap_8d__quality__n5000__AMD-DBSCAN__73__2b21843eb0dd,ok,overlap_8d__quality__n5000,AMD-DBSCAN,73,0.2.2,5000,8,1.1714289999945322,6.879982099999324,563.79296875,563.79296875,0.8244601290200315,0.7687188025936891,0.8575628210550539,0.01266495347312499,0.006379585326953748,0.5297692061922991,0.43458460413814537,0.6783427794460786,0.8575348730848389,0.0032,0.5016,6,2.0,1,21,6,,
0.2.3,v0.2.2-seven-family-robustness-v2,synthetic__overlap_8d__quality__n5000__DBSCAN__73__14f737fe4f64,ok,overlap_8d__quality__n5000,DBSCAN,73,0.2.2,5000,8,0.43951940000988543,6.127225500007626,193.796875,194.0390625,0.21494973781254242,0.038291775512020454,0.16556003993945145,0.23990869510455554,0.435464204842362,0.09916748922021923,1.0,0.052170556142023074,0.23902324489316745,1.0,0.5678666666666666,0,0.3333333333333333,0,18,6,,
0.2.3,v0.2.2-seven-family-robustness-v2,synthetic__overlap_8d__quality__n5000__HDBSCAN__73__f0a03c829d7d,ok,overlap_8d__quality__n5000,HDBSCAN,73,0.2.2,5000,8,0.5037642000097549,6.147304500002065,184.62890625,184.83984375,0.8505019699928849,0.8004613158763041,0.8952744288758209,0.8459607269882231,0.8017960230917254,0.8465673070342621,0.9994175915258986,0.7342687205556295,0.910200523103749,1.0,0.9176,0,1.0,0,6,6,,
0.2.3,v0.2.2-seven-family-robustness-v2,synthetic__overlap_8d__quality__n5000__OPTICS__73__ebc7405193be,ok,overlap_8d__quality__n5000,OPTICS,73,0.2.2,5000,8,1.4067989000031957,6.571125799993752,194.20703125,194.46484375,0.10301995477421187,0.00799226680074452,0.09030192213803571,0.14830676609193277,0.4146624647536905,0.026365094442192243,1.0,0.013358648232227472,0.11130697557290355,1.0,0.5294666666666666,0,0.16666666666666666,0,5,6,,
0.2.3,v0.2.2-seven-family-robustness-v2,synthetic__overlap_8d__quality__n5000__SNN-DBSCAN__73__085428ff0ae8,ok,overlap_8d__quality__n5000,SNN-DBSCAN,73,0.2.2,5000,8,0.38321189999987837,7.1285607000027085,237.51171875,237.51171875,0.007176433166442561,2.0773947243302377e-05,0.008892546296183248,0.017399333765574728,0.4010909674314134,0.0001195638992178813,1.0,5.978552370410607e-05,0.009025749933634192,1.0,0.5022666666666666,0,0.0,0,2,6,,
0.2.3,v0.2.2-seven-family-robustness-stratascan-fast-v1,synthetic__overlap_8d__quality__n5000__StrataSCAN__73__f41cbe1b7d40,ok,overlap_8d__quality__n5000,StrataSCAN,73,0.2.2,5000,8,0.9748109999927692,3.879662499995902,244.75,243.0078125,0.7432504517148496,0.6506769805857717,0.8757594447016882,0.821309598297039,0.7732342007434945,0.7555794776614079,0.99652957484844,0.608460334867259,0.8919078558771412,0.9984,0.9018666666666666,0,1.0,0,20,6,,
0.2.3,v0.2.2-seven-family-robustness-v2,synthetic__overlap_8d__quality__n5000__VDBSCAN-2007__73__dff114320cd9,ok,overlap_8d__quality__n5000,VDBSCAN-2007,73,0.2.2,5000,8,0.769052500007092,6.262309299985645,194.359375,194.54296875,0.8471167002620648,0.7738908725056212,0.8605470652238302,0.12605097406180615,0.0680061823802164,0.6386728372927356,0.5017054308938331,0.878508983201976,0.861474844934528,0.0352,0.5176,3,1.5,2,8,6,,
0.2.3,v0.2.2-seven-family-robustness-v2,synthetic__overlap_8d__quality__n5000__kNN+Leiden__73__5850565671ad,ok,overlap_8d__quality__n5000,kNN+Leiden,73,0.2.2,5000,8,0.7584457999910228,8.017534900005558,245.84765625,245.55859375,0.9916555105886317,0.9943582233681717,0.8608793153820896,0.0,0.0,0.7073784692455293,0.548620920955082,0.9954323859890063,0.8571428571428571,0.0,0.5,0,1.0,0,6,6,,
0.2.3,v0.2.2-seven-family-robustness-v2,synthetic__overlap_8d__quality__n5000__kNN-DBSCAN__73__0eb6dc56a4ec,ok,overlap_8d__quality__n5000,kNN-DBSCAN,73,0.2.2,5000,8,0.2856153000029735,5.988814799988177,192.91015625,193.328125,0.21436105751414977,0.03807548588919925,0.16361679308338178,0.23786184821620227,0.435464204842362,0.09820882552393172,1.0,0.051640173138876644,0.23902324489316745,1.0,0.5678666666666666,0,0.3333333333333333,0,18,6,,
0.2.3,v0.2.2-seven-family-robustness-v2,synthetic__overlap_8d__quality__n5000__AMD-DBSCAN__101__edfcf5f90214,ok,overlap_8d__quality__n5000,AMD-DBSCAN,101,0.2.2,5000,8,1.154673900004127,6.95322570001008,564.18359375,564.18359375,0.7757950947319036,0.7031381599730102,0.8279269323703499,0.0031912797079240536,0.001598721023181455,0.5087663240694774,0.38149016159659443,0.7634880370601385,0.8572408275231455,0.0008,0.5004,5,1.8333333333333333,2,24,6,,
0.2.3,v0.2.2-seven-family-robustness-v2,synthetic__overlap_8d__quality__n5000__DBSCAN__101__a8cd5c1e6530,ok,overlap_8d__quality__n5000,DBSCAN,101,0.2.2,5000,8,0.5114302000001771,6.028426300006686,193.90625,194.1640625,0.2066581519923594,0.02895210144336113,0.16222814501825222,0.23677161413999767,0.4380585246188891,0.08122032957388879,1.0,0.042329158905384835,0.2529699510831586,1.0,0.5724,0,0.3333333333333333,0,26,6,,
0.2.3,v0.2.2-seven-family-robustness-v2,synthetic__overlap_8d__quality__n5000__HDBSCAN__101__0c2a00083538,ok,overlap_8d__quality__n5000,HDBSCAN,101,0.2.2,5000,8,0.46108140000433195,6.027509999999893,184.86328125,185.109375,0.8493237685930392,0.7539179316279453,0.8509426034299,0.872156130857265,0.8944543828264759,0.797236391308778,0.7488987475894331,0.8522444818668943,0.9590562109646079,1.0,0.9606666666666667,0,1.0,1,5,6,,
0.2.3,v0.2.2-seven-family-robustness-v2,synthetic__overlap_8d__quality__n5000__OPTICS__101__ef9a21eaa223,ok,overlap_8d__quality__n5000,OPTICS,101,0.2.2,5000,8,1.3771019999985583,6.639923999988241,193.16796875,193.43359375,0.0732932569483384,0.0014101879603208459,0.05350324261481757,0.09470030589385951,0.41172595520421607,0.002345839661859112,1.0,0.0011742971873880481,0.09063136456211811,1.0,0.5237333333333334,0,0.0,0,13,6,,
0.2.3,v0.2.2-seven-family-robustness-v2,synthetic__overlap_8d__quality__n5000__SNN-DBSCAN__101__ff16593eae1b,ok,overlap_8d__quality__n5000,SNN-DBSCAN,101,0.2.2,5000,8,0.34650679999322165,6.821437999999034,238.10546875,234.84765625,0.009433056031195312,0.00034308745694902886,0.006700674269354779,0.013181386015509606,0.40154192097654995,0.00010210758565762816,1.0,5.105639945165427e-05,0.012718600953895072,1.0,0.5032,0,0.0,0,4,6,,
0.2.3,v0.2.2-seven-family-robustness-stratascan-fast-v1,synthetic__overlap_8d__quality__n5000__StrataSCAN__101__c794da9670ea,ok,overlap_8d__quality__n5000,StrataSCAN,101,0.2.2,5000,8,0.8430859000072815,3.7632544999942183,238.125,235.83203125,0.760621387018453,0.6849394427434251,0.8767000254441801,0.8385600054656354,0.8036001285760206,0.7665932505333405,0.9965636066337096,0.6228599922904837,0.9113078821309334,1.0,0.9185333333333333,1,1.1666666666666667,0,20,6,,
0.2.3,v0.2.2-seven-family-robustness-v2,synthetic__overlap_8d__quality__n5000__VDBSCAN-2007__101__d356b163bced,ok,overlap_8d__quality__n5000,VDBSCAN-2007,101,0.2.2,5000,8,0.7170936000038637,6.270518699995591,194.1640625,194.3515625,0.772975531883219,0.6440608536950956,0.7550406242021439,0.16106103937542207,0.09014514896867838,0.5780709281068053,0.42985497500691316,0.8822877691842294,0.8629616845012082,0.0472,0.5236,3,1.5,3,7,6,,
0.2.3,v0.2.2-seven-family-robustness-v2,synthetic__overlap_8d__quality__n5000__kNN+Leiden__101__240a4a8d92f0,ok,overlap_8d__quality__n5000,kNN+Leiden,101,0.2.2,5000,8,0.6792254000029061,7.664372400002321,245.375,245.92578125,0.9953019381462125,0.9969245980546695,0.8697233150785145,0.0,0.0,0.6930147988018595,0.5309520423166154,0.9974744101071248,0.8571428571428571,0.0,0.5,0,1.0,0,6,6,,
0.2.3,v0.2.2-seven-family-robustness-v2,synthetic__overlap_8d__quality__n5000__kNN-DBSCAN__101__816d1bb2d851,ok,overlap_8d__quality__n5000,kNN-DBSCAN,101,0.2.2,5000,8,0.3110154000023613,6.124716100006481,193.2734375,193.73828125,0.20515177158702608,0.02889094183586304,0.15749290582035697,0.23168816809229442,0.4380585246188891,0.08095086071118594,1.0,0.04218279722695676,0.2529699510831586,1.0,0.5724,0,0.3333333333333333,0,28,6,,
0.2.3,v0.2.2-seven-family-robustness-v2,synthetic__overlap_8d__quality__n5000__AMD-DBSCAN__151__3afba6610fdf,ok,overlap_8d__quality__n5000,AMD-DBSCAN,151,0.2.2,5000,8,1.082070999997086,6.9508768000087,563.98046875,563.98046875,0.6931591194863463,0.5972378622221418,0.7300121917485836,0.003190454974777881,0.001598721023181455,0.46522469931592375,0.3385072753949664,0.7435764476712997,0.8572408275231455,0.0008,0.5004,7,2.1666666666666665,4,17,6,,
0.2.3,v0.2.2-seven-family-robustness-v2,synthetic__overlap_8d__quality__n5000__DBSCAN__151__77d296b863da,ok,overlap_8d__quality__n5000,DBSCAN,151,0.2.2,5000,8,0.46576309998636134,6.080807299993467,193.69140625,193.9453125,0.2169297877221792,0.025702482830071843,0.18954430566878488,0.2656250144766228,0.4437344692935747,0.06729021530464085,0.9794064058304565,0.034842019887063855,0.28218048557031605,1.0,0.5821333333333334,0,0.3333333333333333,0,29,6,,
0.2.3,v0.2.2-seven-family-robustness-v2,synthetic__overlap_8d__quality__n5000__HDBSCAN__151__bb524a5d3900,ok,overlap_8d__quality__n5000,HDBSCAN,151,0.2.2,5000,8,0.4200796000077389,5.963352900012978,184.82421875,185.04296875,0.4012816449633892,0.14737963882400104,0.44345354178921276,0.6125447045936622,0.9900596421471173,0.3765947084930991,0.23256419649049362,0.9892556295366991,0.9966599866399465,0.996,0.9953333333333334,0,1.0,1,2,6,,
0.2.3,v0.2.2-seven-family-robustness-v2,synthetic__overlap_8d__quality__n5000__OPTICS__151__b606dab5db8c,ok,overlap_8d__quality__n5000,OPTICS,151,0.2.2,5000,8,1.3977522000059253,6.580732400005218,193.97265625,194.3125,0.06563869831924059,0.0006878227642577352,0.052282669079889856,0.09275922837889847,0.41077883667433457,0.002868289475813285,0.9917550058892816,0.0014362216113826532,0.08380173735309146,1.0,0.5218666666666667,0,0.16666666666666666,0,13,6,,
0.2.3,v0.2.2-seven-family-robustness-v2,synthetic__overlap_8d__quality__n5000__SNN-DBSCAN__151__960f7b44808d,ok,overlap_8d__quality__n5000,SNN-DBSCAN,151,0.2.2,5000,8,0.3953361000021687,7.059448400003021,241.1796875,237.609375,0.0,0.0,0.0,0.0,0.398975344220301,0.0,0.0,0.0,0.0,0.9968,0.4984,0,0.0,0,1,6,,
0.2.3,v0.2.2-seven-family-robustness-stratascan-fast-v1,synthetic__overlap_8d__quality__n5000__StrataSCAN__151__c2bf6d7fd945,ok,overlap_8d__quality__n5000,StrataSCAN,151,0.2.2,5000,8,0.9836444000247866,3.941672799992375,244.76171875,244.65234375,0.6777667641335765,0.567621908816499,0.786640448840119,0.7802453988280621,0.7739534883720929,0.6762967684778027,0.7527570088571458,0.6139369785274634,0.8923985239852398,0.9984,0.9022666666666667,0,1.0,1,20,6,,
0.2.3,v0.2.2-seven-family-robustness-v2,synthetic__overlap_8d__quality__n5000__VDBSCAN-2007__151__ac3f305067de,ok,overlap_8d__quality__n5000,VDBSCAN-2007,151,0.2.2,5000,8,0.73562540000421,6.413504700001795,194.3671875,194.55078125,0.3680530678108379,0.14927886262457998,0.4382515295346421,0.6066128121191374,0.9850263051396195,0.372066897806787,0.23585130385589811,0.8807330529687741,0.9950856687475097,0.9736,0.9862666666666666,3,1.5,2,3,6,,
0.2.3,v0.2.2-seven-family-robustness-v2,synthetic__overlap_8d__quality__n5000__kNN+Leiden__151__d537fa008956,ok,overlap_8d__quality__n5000,kNN+Leiden,151,0.2.2,5000,8,0.6923530999920331,7.723479699998279,245.2109375,244.5625,0.9482282619097435,0.9521501691209732,0.8729057434168123,0.0,0.0,0.738074155696792,0.5995985589898223,0.9597184186893027,0.8571428571428571,0.0,0.5,1,1.1666666666666667,1,7,6,,
0.2.3,v0.2.2-seven-family-robustness-v2,synthetic__overlap_8d__quality__n5000__kNN-DBSCAN__151__fdb1e6ab598d,ok,overlap_8d__quality__n5000,kNN-DBSCAN,151,0.2.2,5000,8,0.30203679999976885,6.077888899992104,193.26953125,193.73828125,0.2143518296052232,0.024496528414799854,0.1837072231052227,0.25984000788452727,0.4437344692935747,0.06206215960657849,0.9786945876959942,0.03204718721455735,0.28218048557031605,1.0,0.5821333333333334,0,0.3333333333333333,0,31,6,,
0.2.3,v0.2.2-seven-family-robustness-v2,synthetic__overlap_8d__quality__n50000__AMD-DBSCAN__23__4197d344697a,memory_limit,overlap_8d__quality__n50000,AMD-DBSCAN,23,,,,,171.54737039998872,,8198.87109375,,,,,,,,,,,,,,,,,,peak_rss_mb=8198.871; limit_mb=8192
0.2.3,v0.2.2-seven-family-robustness-v2,synthetic__overlap_8d__quality__n50000__DBSCAN__23__8a8fa0e7fbeb,ok,overlap_8d__quality__n50000,DBSCAN,23,0.2.2,50000,8,11.449769999991986,17.201420599987614,215.5390625,205.08984375,0.2024058708059115,0.018613439434749593,0.1956512189922932,0.270595860824804,0.43860418603835155,0.05421231112137715,0.9967340384448063,0.02786391395671859,0.2558545150112788,1.0,0.5733466666666667,0,0.5,0,167,6,,
0.2.3,v0.2.2-seven-family-robustness-v2,synthetic__overlap_8d__quality__n50000__HDBSCAN__23__97cbe76459e0,ok,overlap_8d__quality__n50000,HDBSCAN,23,0.2.2,50000,8,45.77898989999085,50.87599559999944,198.94921875,201.43359375,0.0,0.0,0.2811692469580756,0.43460718021076505,0.9566814122360404,0.27666416754310713,0.16053990309519522,1.0,0.986348930797759,0.91696,0.95848,0,1.0,1,31,6,,
0.2.3,v0.2.2-seven-family-robustness-v2,synthetic__overlap_8d__quality__n50000__OPTICS__23__6ac572a5fb83,ok,overlap_8d__quality__n50000,OPTICS,23,0.2.2,50000,8,29.632879600001615,34.89609090000158,217.6953125,217.6953125,0.02792063022970287,3.8878515619919905e-05,0.011937721541920158,0.023190460297335777,0.4041579772701554,0.0001567640299582632,1.0,7.838815920100029e-05,0.03371522953097554,1.0,0.5085733333333333,0,0.0,0,48,6,,
0.2.3,v0.2.2-seven-family-robustness-v2,synthetic__overlap_8d__quality__n50000__SNN-DBSCAN__23__24f4918292b1,ok,overlap_8d__quality__n50000,SNN-DBSCAN,23,0.2.2,50000,8,4.132527100009611,10.049407500002417,313.23828125,310.24609375,0.0,0.0,0.0,0.0,0.4,0.0,0.0,0.0,0.0,1.0,0.5,0,0.0,0,0,6,,
0.2.3,v0.2.2-seven-family-robustness-stratascan-fast-v1,synthetic__overlap_8d__quality__n50000__StrataSCAN__23__f3eadc5a4c73,ok,overlap_8d__quality__n50000,StrataSCAN,23,0.2.2,50000,8,8.102461599977687,11.328528599988203,378.94921875,377.7109375,0.8001870543759277,0.7777108828912571,0.9184249636341543,0.8759411728598051,0.8372139770176557,0.8390711947151304,0.9839779083108463,0.731365724253806,0.930735128508503,0.9996,0.93508,0,1.0,0,69,6,,
0.2.3,v0.2.2-seven-family-robustness-v2,synthetic__overlap_8d__quality__n50000__VDBSCAN-2007__23__85ac073a809e,ok,overlap_8d__quality__n50000,VDBSCAN-2007,23,0.2.2,50000,8,19.60593640001025,24.398134299990488,224.46875,228.0234375,0.3371436021779646,0.13172039686169726,0.4289366708413431,0.599558990034459,0.995580909529166,0.3593735728131698,0.228144619462851,0.8459844553848009,0.9985354422964264,0.99128,0.9956266666666667,3,1.5,2,5,6,,
0.2.3,v0.2.2-seven-family-robustness-v2,synthetic__overlap_8d__quality__n50000__kNN+Leiden__23__0fd30dd28ad7,ok,overlap_8d__quality__n50000,kNN+Leiden,23,0.2.2,50000,8,16.51975730000413,23.006634300007136,424.0,462.1171875,0.9853661466150224,0.9894982868027344,0.9845234102394756,0.0,0.0,0.7551798212943495,0.6099033152973021,0.9913045640795208,0.8571428571428571,0.0,0.5,0,1.0,0,7,6,,
0.2.3,v0.2.2-seven-family-robustness-v2,synthetic__overlap_8d__quality__n50000__kNN-DBSCAN__23__74707ac8be06,ok,overlap_8d__quality__n50000,kNN-DBSCAN,23,0.2.2,50000,8,3.874259799995343,10.326241699993261,217.13671875,205.375,0.20012799800000666,0.018003155364864645,0.18815057590480208,0.2633362686915099,0.43860418603835155,0.05146240624257972,0.9966955120990116,0.026413097201172325,0.2558545150112788,1.0,0.5733466666666667,0,0.5,0,178,6,,
0.2.3,v0.2.2-seven-family-robustness-v2,synthetic__overlap_8d__quality__n50000__AMD-DBSCAN__42__fe8bc118e274,error,overlap_8d__quality__n50000,AMD-DBSCAN,42,,,,,128.67465869999432,,2489.56640625,,,,,,,,,,,,,,,,,MemoryError,"Unable to allocate 18.6 GiB for an array with shape (50000, 50000) and data type float64"
0.2.3,v0.2.2-seven-family-robustness-v2,synthetic__overlap_8d__quality__n50000__DBSCAN__42__cc6893df0fce,ok,overlap_8d__quality__n50000,DBSCAN,42,0.2.2,50000,8,11.212250800002948,16.55823190000956,217.8828125,205.578125,0.20448654260137403,0.03433935693873969,0.16441360373474123,0.238252320956545,0.432481057329689,0.08405151504598578,0.9997687702994492,0.043869847505191094,0.22249608949139688,1.0,0.5625866666666667,0,0.3333333333333333,0,94,6,,
0.2.3,v0.2.2-seven-family-robustness-v2,synthetic__overlap_8d__quality__n50000__HDBSCAN__42__c250bd17e801,ok,overlap_8d__quality__n50000,HDBSCAN,42,0.2.2,50000,8,44.665961199993035,50.0301005999936,198.21875,197.484375,0.0,0.0,0.2818696430214111,0.435815381200812,0.9602828030775629,0.2780780244486175,0.16149281349381303,1.0,0.9874267658481996,0.9236,0.9618,0,1.0,1,34,6,,
0.2.3,v0.2.2-seven-family-robustness-v2,synthetic__overlap_8d__quality__n50000__OPTICS__42__5a1b79eb6cd4,ok,overlap_8d__quality__n50000,OPTICS,42,0.2.2,50000,8,30.55255809999653,35.69121849999647,216.32421875,210.390625,0.016049171308473987,2.4884338751455442e-05,0.0042011546828602635,0.008315498049583531,0.4024209645225678,3.256338839873993e-05,0.9963446475195823,1.6281960269849428e-05,0.01985426127362974,1.0,0.5050133333333333,0,0.0,0,36,6,,
0.2.3,v0.2.2-seven-family-robustness-v2,synthetic__overlap_8d__quality__n50000__SNN-DBSCAN__42__bfd425f17dc7,ok,overlap_8d__quality__n50000,SNN-DBSCAN,42,0.2.2,50000,8,4.256595900005777,9.948390699995798,312.51953125,290.30859375,0.0,0.0,0.0,0.0,0.4,0.0,0.0,0.0,0.0,1.0,0.5,0,0.0,0,0,6,,
0.2.3,v0.2.2-seven-family-robustness-stratascan-fast-v1,synthetic__overlap_8d__quality__n50000__StrataSCAN__42__6e978b9ba754,ok,overlap_8d__quality__n50000,StrataSCAN,42,0.2.2,50000,8,8.872079299995676,11.987154399976134,374.84765625,376.92578125,0.6928596576760254,0.6335694300429312,0.8459179239716385,0.8241835830454125,0.8035381151495659,0.7226478109411519,0.8903475962728049,0.6081086278457344,0.9113626469307792,0.99928,0.91832,1,1.1666666666666667,1,112,6,,
0.2.3,v0.2.2-seven-family-robustness-v2,synthetic__overlap_8d__quality__n50000__VDBSCAN-2007__42__c226f11decd1,ok,overlap_8d__quality__n50000,VDBSCAN-2007,42,0.2.2,50000,8,22.144006200003787,26.981871399999363,230.359375,234.45703125,0.030830242106823703,0.004106911516175231,0.28396390926092985,0.44188232541114,0.9955027304850625,0.28071016117834985,0.1683349146329965,0.844417464102267,0.9985085756897838,0.99168,0.9957333333333334,4,1.6666666666666667,2,2,6,,
0.2.3,v0.2.2-seven-family-robustness-v2,synthetic__overlap_8d__quality__n50000__kNN+Leiden__42__db7da4eb8817,ok,overlap_8d__quality__n50000,kNN+Leiden,42,0.2.2,50000,8,14.132217000005767,20.83703460000106,422.203125,460.15234375,0.9490450346400632,0.9618438580249336,0.9754399841348563,0.0,0.0,0.7349642021488637,0.5922635997320329,0.9682570554926497,0.8571428571428571,0.0,0.5,0,1.0,0,7,6,,
0.2.3,v0.2.2-seven-family-robustness-v2,synthetic__overlap_8d__quality__n50000__kNN-DBSCAN__42__5a08271b6849,ok,overlap_8d__quality__n50000,kNN-DBSCAN,42,0.2.2,50000,8,3.718374000003678,9.191386399994371,213.72265625,205.04296875,0.20323442790793234,0.033976840998277705,0.16214966420683358,0.23586624667026457,0.432481057329689,0.08239142707034003,0.99999324722754,0.04296572936649598,0.22249608949139688,1.0,0.5625866666666667,0,0.3333333333333333,0,101,6,,
0.2.3,v0.2.2-seven-family-robustness-v2,synthetic__overlap_8d__quality__n50000__AMD-DBSCAN__73__4b3a81d5239b,error,overlap_8d__quality__n50000,AMD-DBSCAN,73,,,,,6.445415900001535,,187.734375,,,,,,,,,,,,,,,,,MemoryError,"Unable to allocate 18.6 GiB for an array with shape (50000, 50000) and data type float64"
0.2.3,v0.2.2-seven-family-robustness-v2,synthetic__overlap_8d__quality__n50000__DBSCAN__73__409d6b546c7f,ok,overlap_8d__quality__n50000,DBSCAN,73,0.2.2,50000,8,10.812510600007954,15.931645900011063,217.0390625,203.6875,0.2019216987685207,0.0428656768914273,0.13204478240509107,0.20196903059545795,0.4293098414988066,0.1058518496103349,1.0,0.05588361691167558,0.2043239878372878,1.0,0.5568933333333334,0,0.16666666666666666,0,76,6,,
0.2.3,v0.2.2-seven-family-robustness-v2,synthetic__overlap_8d__quality__n50000__HDBSCAN__73__e541f5dfa25f,ok,overlap_8d__quality__n50000,HDBSCAN,73,0.2.2,50000,8,46.555860300009954,51.89398100000108,198.921875,197.53125,0.0,0.0,0.2822537043904689,0.43654083990515363,0.9628707736984029,0.27881830283082304,0.16199237029384797,1.0,0.9882073917912906,0.9284,0.9642,0,1.0,1,35,6,,
0.2.3,v0.2.2-seven-family-robustness-v2,synthetic__overlap_8d__quality__n50000__OPTICS__73__2143fa45932c,ok,overlap_8d__quality__n50000,OPTICS,73,0.2.2,50000,8,30.788970800000243,35.34822689999419,210.43359375,213.01171875,0.03881592420504,0.0002705011125571994,0.021041800158220294,0.04000860107077708,0.40571243102888677,0.0009507718839432881,1.0,0.0004756120412498867,0.04585721730067743,1.0,0.5117333333333334,0,0.16666666666666666,0,51,6,,
0.2.3,v0.2.2-seven-family-robustness-v2,synthetic__overlap_8d__quality__n50000__SNN-DBSCAN__73__c159c24af74d,ok,overlap_8d__quality__n50000,SNN-DBSCAN,73,0.2.2,50000,8,4.059945199987851,9.906856400004472,313.4140625,312.703125,0.002000159218311445,6.551219307363506e-06,0.0020717131474103584,0.00412207110900259,0.3998911076592951,1.2647387184218232e-05,0.8089519650655022,6.323743025715778e-06,0.002077064415625915,0.99888,0.49996,0,0.0,0,2,6,,
0.2.3,v0.2.2-seven-family-robustness-stratascan-fast-v1,synthetic__overlap_8d__quality__n50000__StrataSCAN__73__7b4ad29cd5d2,ok,overlap_8d__quality__n50000,StrataSCAN,73,0.2.2,50000,8,9.587492999999085,12.749651799997082,371.5703125,370.359375,0.7880254755168205,0.7407618335274604,0.8962578747028233,0.8614330299466424,0.8292132594485185,0.8085163099897537,0.9985418889065503,0.6792524827113261,0.9263272404563215,0.9996,0.9312400000000001,1,1.1666666666666667,0,84,6,,
0.2.3,v0.2.2-seven-family-robustness-v2,synthetic__overlap_8d__quality__n50000__VDBSCAN-2007__73__06cb6a7ddcea,ok,overlap_8d__quality__n50000,VDBSCAN-2007,73,0.2.2,50000,8,20.993913500002236,25.871963899990078,233.0,231.96875,0.7158074895705776,0.5184587144351825,0.7190314552898381,0.8354287445087732,0.9967897271268058,0.6197967560596596,0.4881584880834298,0.8486448461916777,0.9989344698987747,0.9936,0.9968,4,1.6666666666666667,2,8,6,,
0.2.3,v0.2.2-seven-family-robustness-v2,synthetic__overlap_8d__quality__n50000__kNN+Leiden__73__0ed0e90e6155,ok,overlap_8d__quality__n50000,kNN+Leiden,73,0.2.2,50000,8,12.662946399999782,19.463687600000412,421.45703125,462.078125,0.9947123558284182,0.9972474485381421,0.9907129388617694,0.0,0.0,0.7570761321248821,0.6099605236807412,0.9977133567104732,0.8571428571428571,0.0,0.5,0,1.0,0,7,6,,
0.2.3,v0.2.2-seven-family-robustness-v2,synthetic__overlap_8d__quality__n50000__kNN-DBSCAN__73__99d53432d03a,ok,overlap_8d__quality__n50000,kNN-DBSCAN,73,0.2.2,50000,8,3.8230898000037996,8.81785089999903,213.921875,205.24609375,0.20115408529717815,0.04263482866688206,0.13024152278106335,0.1998528502335493,0.4293098414988066,0.10479489131582595,1.0,0.05529474927839564,0.2043239878372878,1.0,0.5568933333333334,0,0.16666666666666666,0,80,6,,
0.2.3,v0.2.2-seven-family-robustness-v2,synthetic__overlap_8d__quality__n50000__AMD-DBSCAN__101__f29d7ea351b5,error,overlap_8d__quality__n50000,AMD-DBSCAN,101,,,,,107.81610370000999,,142.8203125,,,,,,,,,,,,,,,,,MemoryError,"Unable to allocate 18.6 GiB for an array with shape (50000, 50000) and data type float64"
0.2.3,v0.2.2-seven-family-robustness-v2,synthetic__overlap_8d__quality__n50000__DBSCAN__101__94dddbca273e,ok,overlap_8d__quality__n50000,DBSCAN,101,0.2.2,50000,8,11.794415399999707,17.183865500002867,213.1015625,206.68359375,0.200900779199506,0.015196134498486353,0.20063454728752525,0.2755235933648698,0.4396145459660969,0.044644856892340455,0.9999985050875607,0.022832097061000374,0.26115181303904295,1.0,0.5750933333333333,0,0.6666666666666666,0,191,6,,
0.2.3,v0.2.2-seven-family-robustness-v2,synthetic__overlap_8d__quality__n50000__HDBSCAN__101__4723050ec8e9,ok,overlap_8d__quality__n50000,HDBSCAN,101,0.2.2,50000,8,46.695928000001004,52.05373349999718,198.59375,198.53515625,0.0,0.0,0.28273466787049545,0.43723532337987253,0.9640311619426488,0.2798092217562572,0.16266173804392386,1.0,0.9885590762903991,0.93056,0.96528,0,1.0,1,40,6,,
0.2.3,v0.2.2-seven-family-robustness-v2,synthetic__overlap_8d__quality__n50000__OPTICS__101__90b0567b058f,ok,overlap_8d__quality__n50000,OPTICS,101,0.2.2,50000,8,31.334495500006597,35.80907760000264,216.41015625,205.57421875,0.024275528758134934,1.9993374946024007e-05,0.004829558327988199,0.009544950607494053,0.4037793749495276,4.8619904637407115e-05,1.0,2.431054330685219e-05,0.030720756203229616,1.0,0.5078,0,0.0,0,58,6,,
0.2.3,v0.2.2-seven-family-robustness-v2,synthetic__overlap_8d__quality__n50000__SNN-DBSCAN__101__6dc8b663d043,ok,overlap_8d__quality__n50000,SNN-DBSCAN,101,0.2.2,50000,8,4.352753200000734,10.05824909999501,314.55859375,305.47265625,0.0,0.0,0.0,0.0,0.4,0.0,0.0,0.0,0.0,1.0,0.5,0,0.0,0,0,6,,
0.2.3,v0.2.2-seven-family-robustness-stratascan-fast-v1,synthetic__overlap_8d__quality__n50000__StrataSCAN__101__73fbc36d3cce,ok,overlap_8d__quality__n50000,StrataSCAN,101,0.2.2,50000,8,8.52838159998646,11.942741200007731,371.33984375,371.33984375,0.7938220989254302,0.7699649778547575,0.9154530204142833,0.8724346256401825,0.8332777592530844,0.833630282996145,0.9884628975087202,0.7207345750221361,0.9285816311955435,0.9996,0.9332,0,1.0,0,103,6,,
0.2.3,v0.2.2-seven-family-robustness-v2,synthetic__overlap_8d__quality__n50000__VDBSCAN-2007__101__9183dfcf63ef,ok,overlap_8d__quality__n50000,VDBSCAN-2007,101,0.2.2,50000,8,21.571341800008668,26.495274999993853,224.19921875,223.66015625,0.5701033115556401,0.3194180918251708,0.579814193834398,0.7328016011474275,0.9954594768352956,0.48124084525779515,0.3362747489168543,0.8459060383763045,0.9984955999627227,0.99096,0.9954799999999999,4,1.6666666666666667,2,8,6,,
0.2.3,v0.2.2-seven-family-robustness-v2,synthetic__overlap_8d__quality__n50000__kNN+Leiden__101__48ee2afbef3d,ok,overlap_8d__quality__n50000,kNN+Leiden,101,0.2.2,50000,8,13.284792600010405,21.242205100003048,421.109375,462.28125,0.985179326874472,0.9896366276644671,0.9863146267854533,0.0,0.0,0.7535344194871206,0.607751429313484,0.9913266398304095,0.8571428571428571,0.0,0.5,0,1.0,0,7,6,,
0.2.3,v0.2.2-seven-family-robustness-v2,synthetic__overlap_8d__quality__n50000__kNN-DBSCAN__101__1f912b2b4e5e,ok,overlap_8d__quality__n50000,kNN-DBSCAN,101,0.2.2,50000,8,3.816838300001109,9.11398010000994,217.07421875,217.69140625,0.19816468860416028,0.01458239756402215,0.19357965847520356,0.26879726021477773,0.4396145459660969,0.041876722665262246,0.9999984040148602,0.021386153047319778,0.26115181303904295,1.0,0.5750933333333333,0,0.6666666666666666,0,207,6,,
0.2.3,v0.2.2-seven-family-robustness-v2,synthetic__overlap_8d__quality__n50000__AMD-DBSCAN__151__f7d029970450,error,overlap_8d__quality__n50000,AMD-DBSCAN,151,,,,,7.788615199999185,,185.296875,,,,,,,,,,,,,,,,,MemoryError,"Unable to allocate 18.6 GiB for an array with shape (50000, 50000) and data type float64"
0.2.3,v0.2.2-seven-family-robustness-v2,synthetic__overlap_8d__quality__n50000__DBSCAN__151__da15d72b2295,ok,overlap_8d__quality__n50000,DBSCAN,151,0.2.2,50000,8,12.383844999989378,18.032958199997665,213.078125,204.41796875,0.1986572780641087,0.014256813585399784,0.19839065245366802,0.2737625906486858,0.4414933069614665,0.04454971083412397,0.9887279429569638,0.02278824731393513,0.2708535067090884,1.0,0.57832,0,0.6666666666666666,0,233,6,,
0.2.3,v0.2.2-seven-family-robustness-v2,synthetic__overlap_8d__quality__n50000__HDBSCAN__151__5fa3ddff7a51,ok,overlap_8d__quality__n50000,HDBSCAN,151,0.2.2,50000,8,45.67071939999005,50.69829240000399,198.7109375,198.1328125,0.0,0.0,0.28116011901534416,0.4340887287208133,0.9517819706498952,0.2766706483957649,0.16054426748909845,1.0,0.9848982271831911,0.908,0.954,0,1.0,1,36,6,,
0.2.3,v0.2.2-seven-family-robustness-v2,synthetic__overlap_8d__quality__n50000__OPTICS__151__c7353d68e857,ok,overlap_8d__quality__n50000,OPTICS,151,0.2.2,50000,8,29.83037109998986,34.78412609999941,217.65625,205.28125,0.023831444518012872,2.1822242796814706e-05,0.004358706704498594,0.008624321826928747,0.40380546268029915,4.572230931761783e-05,0.9798829553767374,2.2861688033313517e-05,0.030927564388668644,1.0,0.5078533333333334,0,0.0,0,60,6,,
0.2.3,v0.2.2-seven-family-robustness-v2,synthetic__overlap_8d__quality__n50000__SNN-DBSCAN__151__cdbbcec3b1de,ok,overlap_8d__quality__n50000,SNN-DBSCAN,151,0.2.2,50000,8,4.2669598999927985,10.111457300008624,315.46484375,310.28125,0.0,0.0,0.0,0.0,0.4,0.0,0.0,0.0,0.0,1.0,0.5,0,0.0,0,0,6,,
0.2.3,v0.2.2-seven-family-robustness-stratascan-fast-v1,synthetic__overlap_8d__quality__n50000__StrataSCAN__151__c0e476cec950,ok,overlap_8d__quality__n50000,StrataSCAN,151,0.2.2,50000,8,6.70817190001253,9.851273399981437,333.48828125,333.48828125,0.7388077352869702,0.6626307069989457,0.8236068060309191,0.8345887224502853,0.845867460908414,0.7384549868634197,0.734847536047516,0.7420980311913641,0.9353620802225566,0.99968,0.9391733333333334,0,1.0,1,79,6,,
0.2.3,v0.2.2-seven-family-robustness-v2,synthetic__overlap_8d__quality__n50000__VDBSCAN-2007__151__03a46ca7d213,ok,overlap_8d__quality__n50000,VDBSCAN-2007,151,0.2.2,50000,8,29.74609600000258,125.11033660000248,213.54296875,217.10546875,0.3271942740010693,0.12773468355045975,0.42756605833216144,0.598356980330042,0.9963469953032797,0.3569117448447521,0.22616675094332062,0.84594511993332,0.998788104782325,0.9928,0.9963866666666668,4,1.6666666666666667,2,8,6,,
0.2.3,v0.2.2-seven-family-robustness-v2,synthetic__overlap_8d__quality__n50000__kNN+Leiden__151__6b6cbbea588b,ok,overlap_8d__quality__n50000,kNN+Leiden,151,0.2.2,50000,8,14.704436800006079,21.5851488999906,422.08984375,462.47265625,0.9472325110656353,0.9509964033590793,0.9709078220892091,0.0,0.0,0.7277497845038449,0.5862009485975401,0.95941883967623,0.8571428571428571,0.0,0.5,1,1.1666666666666667,1,7,6,,
0.2.3,v0.2.2-seven-family-robustness-v2,synthetic__overlap_8d__quality__n50000__kNN-DBSCAN__151__629f22bd40b1,ok,overlap_8d__quality__n50000,kNN-DBSCAN,151,0.2.2,50000,8,3.910993999990751,9.283552900000359,217.79296875,211.859375,0.195277472671858,0.01343471325570279,0.18688135864072622,0.2626040594958644,0.4414933069614665,0.0408706183017096,0.9893994062405037,0.020866286791146438,0.2708535067090884,1.0,0.57832,0,0.5,0,251,6,,
0.2.3,v0.2.2-seven-family-robustness-v2,synthetic__overlapping_density_16d__quality__n100000__AMD-DBSCAN__23__e64cd66b81d4,error,overlapping_density_16d__quality__n100000,AMD-DBSCAN,23,,,,,4.942758100005449,,193.33984375,,,,,,,,,,,,,,,,,MemoryError,"Unable to allocate 74.5 GiB for an array with shape (100000, 100000) and data type float64"
0.2.3,v0.2.2-seven-family-robustness-v2,synthetic__overlapping_density_16d__quality__n100000__DBSCAN__23__a0396bebb6f8,ok,overlapping_density_16d__quality__n100000,DBSCAN,23,0.2.2,100000,16,65.50904099999752,71.7757941000018,231.46484375,225.765625,0.5071232973991457,0.19828553576102947,0.5355413286720523,0.6770080686822515,0.9200435934094264,0.267355066926848,0.7551226378401144,0.16243258009105518,0.5347743079230873,0.9813875,0.6867687499999999,0,0.875,1,164,8,,
0.2.3,v0.2.2-seven-family-robustness-v2,synthetic__overlapping_density_16d__quality__n100000__HDBSCAN__23__1c3acdbf8a58,ok,overlapping_density_16d__quality__n100000,HDBSCAN,23,0.2.2,100000,16,350.1610580000124,355.56999049999285,221.37890625,232.109375,0.45236528368701734,0.14514674069612854,0.46415281431612426,0.6132477834093221,0.9034553141857415,0.19923947372540313,0.8224329408085872,0.11334955242005114,0.4196319018404909,0.96825,0.63375,0,0.875,1,145,8,,
0.2.3,v0.2.2-seven-family-robustness-v2,synthetic__overlapping_density_16d__quality__n100000__OPTICS__23__dfc1fa8cee24,ok,overlapping_density_16d__quality__n100000,OPTICS,23,0.2.2,100000,16,195.73209730000235,201.33212819999608,229.875,225.48828125,0.21781581354817245,0.04964747802494416,0.11492132616950866,0.2034726671952182,0.8867410666258996,0.08881257024791846,0.7703443962371989,0.0471226573991197,0.1446957711549151,0.9788125,0.5317062499999999,0,0.125,0,124,8,,
0.2.3,v0.2.2-seven-family-robustness-v2,synthetic__overlapping_density_16d__quality__n100000__SNN-DBSCAN__23__689f6262bb7f,ok,overlapping_density_16d__quality__n100000,SNN-DBSCAN,23,0.2.2,100000,16,13.391579899995122,19.148466200000257,343.484375,333.34765625,0.0,0.0,0.0,0.0,0.888888888888889,0.0,0.0,0.0,0.0,1.0,0.5,0,0.0,0,0,8,,
0.2.3,v0.2.2-seven-family-robustness-stratascan-fast-v1,synthetic__overlapping_density_16d__quality__n100000__StrataSCAN__23__222d902a775f,ok,overlapping_density_16d__quality__n100000,StrataSCAN,23,0.2.2,100000,16,20.08268809999572,23.65601340000285,463.9375,465.96484375,0.5729770669072687,0.3804307393346832,0.3692470534682317,0.417032860639977,0.47902556455814455,0.07035628118848081,0.03809046707978621,0.4600967003127328,0.3459413131244784,0.3333,0.5501,3,1.375,2,202,8,,
0.2.3,v0.2.2-seven-family-robustness-v2,synthetic__overlapping_density_16d__quality__n100000__VDBSCAN-2007__23__8d0e9045e4d1,ok,overlapping_density_16d__quality__n100000,VDBSCAN-2007,23,0.2.2,100000,16,65.6505266000022,71.10749629999918,349.7890625,370.19921875,0.0029146957496929546,-0.001045617431061839,0.04951303927272178,0.051462045170877616,0.053570777808821565,0.011205219654015166,0.005634656375205638,0.9850914670882955,0.33793625030804136,0.0275625,0.51088125,0,1.0,1,1,8,,
0.2.3,v0.2.2-seven-family-robustness-v2,synthetic__overlapping_density_16d__quality__n100000__kNN+Leiden__23__c226416dda38,ok,overlapping_density_16d__quality__n100000,kNN+Leiden,23,0.2.2,100000,16,229.32792399999744,234.81612350000069,673.3828125,739.078125,0.8904557491346221,0.8684801167244431,0.4956713136989307,0.0,0.0,0.08444047737754168,0.04437921360631376,0.8678660303339384,0.33333333333333337,0.0,0.5,2,1.25,2,11,8,,
0.2.3,v0.2.2-seven-family-robustness-v2,synthetic__overlapping_density_16d__quality__n100000__kNN-DBSCAN__23__59b0cbc659d9,ok,overlapping_density_16d__quality__n100000,kNN-DBSCAN,23,0.2.2,100000,16,10.678323799991631,16.32061189999513,229.77734375,228.33203125,0.5054166890762521,0.19784093483532078,0.533552245106969,0.6754109669092957,0.920022967763104,0.2665066674566867,0.7610196787438421,0.161538460974658,0.5345427265907386,0.9814,0.68665,0,0.875,1,171,8,,
0.2.3,v0.2.2-seven-family-robustness-v2,synthetic__overlapping_density_16d__quality__n100000__AMD-DBSCAN__42__df0ddc531416,error,overlapping_density_16d__quality__n100000,AMD-DBSCAN,42,,,,,4.91264009999577,,195.41796875,,,,,,,,,,,,,,,,,MemoryError,"Unable to allocate 74.5 GiB for an array with shape (100000, 100000) and data type float64"
0.2.3,v0.2.2-seven-family-robustness-v2,synthetic__overlapping_density_16d__quality__n100000__DBSCAN__42__4ce5e9973673,ok,overlapping_density_16d__quality__n100000,DBSCAN,42,0.2.2,100000,16,63.52579300000798,69.52040720000514,234.08984375,227.00390625,0.5061344953900098,0.1979418793262974,0.5423119481207199,0.6822155024485222,0.9193983621559472,0.2628588613505368,0.7304890780284109,0.16026411403934823,0.534741974806989,0.97955,0.687175,0,0.875,1,183,8,,
0.2.3,v0.2.2-seven-family-robustness-v2,synthetic__overlapping_density_16d__quality__n100000__HDBSCAN__42__7c3c69bf0125,ok,overlapping_density_16d__quality__n100000,HDBSCAN,42,0.2.2,100000,16,361.0296323000075,366.66546760000347,222.140625,228.4296875,0.4682818339966669,0.15709918808427809,0.4629978898220809,0.612259264932233,0.9035440071358197,0.20833708043062707,0.829534035885622,0.11912801214409882,0.41888237153594887,0.96865,0.6334,0,0.875,1,158,8,,
0.2.3,v0.2.2-seven-family-robustness-v2,synthetic__overlapping_density_16d__quality__n100000__OPTICS__42__019777571c33,ok,overlapping_density_16d__quality__n100000,OPTICS,42,0.2.2,100000,16,196.04748589999508,201.63763550001022,230.87890625,225.859375,0.005508701941894476,-0.0002729981876090479,0.005113413104178708,0.010167715015142473,0.8795580730188995,2.1629979151103428e-05,0.023143458271643418,1.0820045807046451e-05,0.009866297833102812,0.9802125,0.49278125,0,0.0,0,132,8,,
0.2.3,v0.2.2-seven-family-robustness-v2,synthetic__overlapping_density_16d__quality__n100000__SNN-DBSCAN__42__a3014479586b,ok,overlapping_density_16d__quality__n100000,SNN-DBSCAN,42,0.2.2,100000,16,13.294180800003232,19.53663410000445,343.26953125,337.1171875,0.0,0.0,0.0,0.0,0.888888888888889,0.0,0.0,0.0,0.0,1.0,0.5,0,0.0,0,0,8,,
0.2.3,v0.2.2-seven-family-robustness-stratascan-fast-v1,synthetic__overlapping_density_16d__quality__n100000__StrataSCAN__42__6f0e846c62e2,ok,overlapping_density_16d__quality__n100000,StrataSCAN,42,0.2.2,100000,16,150.1675874000066,153.72164139998495,584.921875,584.921875,0.5736001093323118,0.34790963873625724,0.44235761599784845,0.45343110389875846,0.4650732291609953,0.09380840262411239,0.05447633433807277,0.3374437485126991,0.3435265818837836,0.320325,0.5457625,6,1.75,3,178,8,,
0.2.3,v0.2.2-seven-family-robustness-v2,synthetic__overlapping_density_16d__quality__n100000__VDBSCAN-2007__42__c12e93b65460,ok,overlapping_density_16d__quality__n100000,VDBSCAN-2007,42,0.2.2,100000,16,63.58047559999977,69.0065700999985,347.04296875,365.03515625,0.003102740713311918,-0.0010486532224968908,0.04954282391203456,0.05193412330383087,0.05456797318956725,0.011288803814030666,0.0056769062934500245,0.9857974330042436,0.3381557920505933,0.0280875,0.51131875,0,1.0,1,2,8,,
0.2.3,v0.2.2-seven-family-robustness-v2,synthetic__overlapping_density_16d__quality__n100000__kNN+Leiden__42__c6ff39c3b5b7,ok,overlapping_density_16d__quality__n100000,kNN+Leiden,42,0.2.2,100000,16,165.25417060000473,170.90088020000258,670.8203125,737.91015625,0.8856561307967501,0.8639745223980365,0.3992202428186288,0.0,0.0,0.08381345955199167,0.04404568331694194,0.8629502760241046,0.33333333333333337,0.0,0.5,2,1.25,2,10,8,,
0.2.3,v0.2.2-seven-family-robustness-v2,synthetic__overlapping_density_16d__quality__n100000__kNN-DBSCAN__42__2d07b9c9c658,ok,overlapping_density_16d__quality__n100000,kNN-DBSCAN,42,0.2.2,100000,16,11.121429100006935,16.904324600007385,234.08984375,233.18359375,0.504877818933075,0.19734261182573834,0.5391802937541516,0.6797332881090845,0.9194021445834017,0.26168919789725015,0.7485211868203457,0.15856186945909825,0.5346159057038341,0.9796,0.6871,0,0.875,1,197,8,,
0.2.3,v0.2.2-seven-family-robustness-v2,synthetic__overlapping_density_16d__quality__n100000__AMD-DBSCAN__73__cb38dd37610a,error,overlapping_density_16d__quality__n100000,AMD-DBSCAN,73,,,,,4.935027200001059,,203.22265625,,,,,,,,,,,,,,,,,MemoryError,"Unable to allocate 74.5 GiB for an array with shape (100000, 100000) and data type float64"
0.2.3,v0.2.2-seven-family-robustness-v2,synthetic__overlapping_density_16d__quality__n100000__DBSCAN__73__4e5c35c3f349,ok,overlapping_density_16d__quality__n100000,DBSCAN,73,0.2.2,100000,16,63.63124170000083,69.54836710001109,231.96484375,233.48828125,0.5125317290506105,0.2021145515683255,0.5413996426778845,0.681638833929849,0.9199287213214693,0.26857570295313093,0.7530392831833232,0.16343239342041105,0.535405754710564,0.9808625,0.68720625,0,0.875,1,162,8,,
0.2.3,v0.2.2-seven-family-robustness-v2,synthetic__overlapping_density_16d__quality__n100000__HDBSCAN__73__04daa6a902bd,ok,overlapping_density_16d__quality__n100000,HDBSCAN,73,0.2.2,100000,16,359.72610509999504,364.85490059999574,220.8125,223.8359375,0.465512994880171,0.15413818093337445,0.47455566637596375,0.6227709430331089,0.9056172302953582,0.20963112496703037,0.8046889864849701,0.12051311830142668,0.43392463524719216,0.97025,0.64015,0,0.875,1,139,8,,
0.2.3,v0.2.2-seven-family-robustness-v2,synthetic__overlapping_density_16d__quality__n100000__OPTICS__73__f256c185e7da,ok,overlapping_density_16d__quality__n100000,OPTICS,73,0.2.2,100000,16,196.14599999999336,201.19120010000188,230.73828125,226.4296875,0.21951691472572282,0.0495466220062329,0.11888479140868735,0.20968357618456895,0.8875661300817608,0.0856002614216452,0.7772952429674574,0.04529415845626993,0.14588437567160972,0.9804,0.532625,0,0.125,0,113,8,,
0.2.3,v0.2.2-seven-family-robustness-v2,synthetic__overlapping_density_16d__quality__n100000__SNN-DBSCAN__73__ce6d41fb22b6,ok,overlapping_density_16d__quality__n100000,SNN-DBSCAN,73,0.2.2,100000,16,13.090497099998174,19.358497500012163,345.09765625,341.453125,0.0,0.0,0.0,0.0,0.888888888888889,0.0,0.0,0.0,0.0,1.0,0.5,0,0.0,0,0,8,,
0.2.3,v0.2.2-seven-family-robustness-stratascan-fast-v1,synthetic__overlapping_density_16d__quality__n100000__StrataSCAN__73__6757673b10a6,ok,overlapping_density_16d__quality__n100000,StrataSCAN,73,0.2.2,100000,16,139.7160631000006,142.8280235999846,583.92578125,583.92578125,0.18907600711794714,0.034046629407953645,0.1901341487422044,0.3137895573123943,0.8974615073842976,0.036539581105194265,0.9687852218752435,0.018620952917600825,0.16112743297833274,0.9996375,0.54369375,0,0.375,0,4,8,,
0.2.3,v0.2.2-seven-family-robustness-v2,synthetic__overlapping_density_16d__quality__n100000__VDBSCAN-2007__73__271c5ce9dca1,ok,overlapping_density_16d__quality__n100000,VDBSCAN-2007,73,0.2.2,100000,16,63.23174780000409,68.25021840000409,348.01953125,364.125,0.00336032629498897,-0.0011960181606916174,0.049469118719114066,0.05094123134527847,0.05250364608653379,0.011216448385740109,0.005640379686206259,0.9837359197825952,0.33775059463132856,0.027,0.5105,0,1.0,1,2,8,,
0.2.3,v0.2.2-seven-family-robustness-v2,synthetic__overlapping_density_16d__quality__n100000__kNN+Leiden__73__124340bff941,ok,overlapping_density_16d__quality__n100000,kNN+Leiden,73,0.2.2,100000,16,156.6460006999987,162.58465920000162,669.859375,736.41796875,0.8850349811942375,0.8503335359551074,0.5345161681825621,0.0,0.0,0.08141004956741332,0.0427416041398183,0.8542746201299082,0.33333333333333337,0.0,0.5,2,1.25,2,12,8,,
0.2.3,v0.2.2-seven-family-robustness-v2,synthetic__overlapping_density_16d__quality__n100000__kNN-DBSCAN__73__f46111475431,ok,overlapping_density_16d__quality__n100000,kNN-DBSCAN,73,0.2.2,100000,16,10.9142492999963,16.135164299994358,234.0625,230.23828125,0.5103343795529558,0.2016488506604598,0.5394710809547446,0.6801068022478552,0.9199233289761369,0.26759604348407395,0.7621810485224205,0.16228687306223538,0.5353559402741405,0.9808625,0.68718125,0,0.875,1,175,8,,
0.2.3,v0.2.2-seven-family-robustness-v2,synthetic__overlapping_density_16d__quality__n100000__AMD-DBSCAN__101__3c25b21a0822,error,overlapping_density_16d__quality__n100000,AMD-DBSCAN,101,,,,,4.706798700004583,,191.4765625,,,,,,,,,,,,,,,,,MemoryError,"Unable to allocate 74.5 GiB for an array with shape (100000, 100000) and data type float64"
0.2.3,v0.2.2-seven-family-robustness-v2,synthetic__overlapping_density_16d__quality__n100000__DBSCAN__101__426ac62c1e7e,ok,overlapping_density_16d__quality__n100000,DBSCAN,101,0.2.2,100000,16,63.477322599996114,69.1014545999933,232.984375,232.578125,0.5005776448410236,0.19385712841079533,0.5349657193539726,0.6764914055672566,0.9198344879323885,0.2644668692306214,0.7427856204455402,0.16087256102574946,0.5344135067056982,0.9809,0.6867,0,1.0,2,184,8,,
0.2.3,v0.2.2-seven-family-robustness-v2,synthetic__overlapping_density_16d__quality__n100000__HDBSCAN__101__b9246af0b037,ok,overlapping_density_16d__quality__n100000,HDBSCAN,101,0.2.2,100000,16,356.79835399999865,361.7117256000056,221.78515625,233.2265625,0.4402341114062882,0.1376051967792831,0.45184083112005063,0.6024054320926898,0.9034611558131012,0.19144859574028272,0.8392828067930272,0.10804766058171225,0.40994274741296544,0.9705375,0.62936875,0,0.875,1,142,8,,
0.2.3,v0.2.2-seven-family-robustness-v2,synthetic__overlapping_density_16d__quality__n100000__OPTICS__101__8619b3ad046d,ok,overlapping_density_16d__quality__n100000,OPTICS,101,0.2.2,100000,16,178.3014206999942,184.6292945000023,231.16796875,230.65625,0.002957891491846715,-0.00018983488877486268,0.0032652649521230804,0.006506379737249406,0.8797062862587932,1.1227050587769118e-05,0.010450819672131148,5.616542148294333e-06,0.006205140078721927,0.9809,0.492125,0,0.0,0,119,8,,
0.2.3,v0.2.2-seven-family-robustness-v2,synthetic__overlapping_density_16d__quality__n100000__SNN-DBSCAN__101__53ab1160bcb0,ok,overlapping_density_16d__quality__n100000,SNN-DBSCAN,101,0.2.2,100000,16,13.942833499997505,20.24950550000358,342.33203125,331.25,0.0,0.0,0.0,0.0,0.888888888888889,0.0,0.0,0.0,0.0,1.0,0.5,0,0.0,0,0,8,,
0.2.3,v0.2.2-seven-family-robustness-stratascan-fast-v1,synthetic__overlapping_density_16d__quality__n100000__StrataSCAN__101__dcd8a8d3e4dc,ok,overlapping_density_16d__quality__n100000,StrataSCAN,101,0.2.2,100000,16,74.36485109999194,77.18458629999077,519.1953125,519.1953125,0.3337378286774649,0.08060188050477521,0.3191129526670147,0.4719364124648759,0.9056556698458782,0.10619877162668084,0.9301355743112146,0.056314241495160226,0.29637147931996954,0.998225,0.5867125,0,0.625,0,5,8,,
0.2.3,v0.2.2-seven-family-robustness-v2,synthetic__overlapping_density_16d__quality__n100000__VDBSCAN-2007__101__bc1910fb4a6d,ok,overlapping_density_16d__quality__n100000,VDBSCAN-2007,101,0.2.2,100000,16,62.736633800013806,67.62582580000162,347.62890625,379.12109375,0.0032412681868859137,-0.0011299973519152992,0.04949442203783353,0.051470486760181046,0.05361090193601672,0.011173652096958907,0.00561873666522281,0.9837134961469787,0.33778661635476687,0.0275875,0.51061875,0,1.0,1,1,8,,
0.2.3,v0.2.2-seven-family-robustness-v2,synthetic__overlapping_density_16d__quality__n100000__kNN+Leiden__101__6adcffdf38f7,ok,overlapping_density_16d__quality__n100000,kNN+Leiden,101,0.2.2,100000,16,251.11972539999988,256.89091539999936,673.0234375,737.59375,0.8604178369866954,0.7845098513391996,0.4893554819072149,0.0,0.0,0.08388810129955962,0.044250509986881986,0.8047163903181092,0.33333333333333337,0.0,0.5,2,1.25,2,12,8,,
0.2.3,v0.2.2-seven-family-robustness-v2,synthetic__overlapping_density_16d__quality__n100000__kNN-DBSCAN__101__484b14b19eee,ok,overlapping_density_16d__quality__n100000,kNN-DBSCAN,101,0.2.2,100000,16,10.887880199996289,16.164409599994542,231.03515625,225.46484375,0.4968157887922173,0.19282804603400203,0.5299138335319422,0.6724410694446775,0.9198455164006962,0.26231820756816215,0.7589634629766034,0.1585604912602199,0.5342731637552355,0.980975,0.6866125000000001,0,0.875,1,202,8,,
0.2.3,v0.2.2-seven-family-robustness-v2,synthetic__overlapping_density_16d__quality__n100000__AMD-DBSCAN__151__022bfc5aa3e3,error,overlapping_density_16d__quality__n100000,AMD-DBSCAN,151,,,,,4.890464500000235,,202.83203125,,,,,,,,,,,,,,,,,MemoryError,"Unable to allocate 74.5 GiB for an array with shape (100000, 100000) and data type float64"
0.2.3,v0.2.2-seven-family-robustness-v2,synthetic__overlapping_density_16d__quality__n100000__DBSCAN__151__56f3a9cf2870,ok,overlapping_density_16d__quality__n100000,DBSCAN,151,0.2.2,100000,16,62.96906790000503,68.62578550000035,229.9765625,224.76171875,0.5105453112502202,0.202272875027092,0.5347594663146104,0.6762600017553045,0.9195886202124913,0.2658626833519461,0.7431823385895939,0.16188785578106274,0.5343609941599892,0.9802125,0.68683125,0,0.875,1,164,8,,
0.2.3,v0.2.2-seven-family-robustness-v2,synthetic__overlapping_density_16d__quality__n100000__HDBSCAN__151__2e8dc9d36693,ok,overlapping_density_16d__quality__n100000,HDBSCAN,151,0.2.2,100000,16,343.2214615999983,348.87356120000186,220.8125,233.58984375,0.47120544949109133,0.15948381580354462,0.4721722514038703,0.6206442643100658,0.905315982960845,0.2127700433955604,0.8129578372042902,0.12240286528481938,0.4332518337408313,0.96965,0.639875,0,0.875,1,144,8,,
0.2.3,v0.2.2-seven-family-robustness-v2,synthetic__overlapping_density_16d__quality__n100000__OPTICS__151__0018896eed5f,ok,overlapping_density_16d__quality__n100000,OPTICS,151,0.2.2,100000,16,177.91172709999955,183.2429148999945,230.55859375,227.12890625,0.21510736417947282,0.0463490425677055,0.1197877520965639,0.2110898973428301,0.8876758155751832,0.07311602236237008,0.7963641185942977,0.03831699701781374,0.13724554017101437,0.981775,0.5304125,0,0.125,0,117,8,,
0.2.3,v0.2.2-seven-family-robustness-v2,synthetic__overlapping_density_16d__quality__n100000__SNN-DBSCAN__151__087f18ebc673,ok,overlapping_density_16d__quality__n100000,SNN-DBSCAN,151,0.2.2,100000,16,14.617131300008623,21.216596900005243,343.30078125,335.671875,0.0,0.0,0.0,0.0,0.888888888888889,0.0,0.0,0.0,0.0,1.0,0.5,0,0.0,0,0,8,,
0.2.3,v0.2.2-seven-family-robustness-stratascan-fast-v1,synthetic__overlapping_density_16d__quality__n100000__StrataSCAN__151__9120825427ec,ok,overlapping_density_16d__quality__n100000,StrataSCAN,151,0.2.2,100000,16,79.30149129999336,82.81871010002214,523.18359375,523.18359375,0.3163126114783694,0.0754317019359546,0.29829698385229947,0.44861895594123496,0.9043532408717804,0.09700620945854642,0.9304313870563331,0.05117061320532683,0.2764025695931477,0.9984625,0.5799062500000001,0,0.5,0,6,8,,
0.2.3,v0.2.2-seven-family-robustness-v2,synthetic__overlapping_density_16d__quality__n100000__VDBSCAN-2007__151__5fb9dbf43872,ok,overlapping_density_16d__quality__n100000,VDBSCAN-2007,151,0.2.2,100000,16,62.458847899994,67.26470569999947,347.08984375,365.828125,0.0038421609918288285,-0.0012743254942027818,0.04945487784914536,0.05079723541190445,0.05221449754484904,0.011230052511332573,0.005647278096989083,0.9831877340047807,0.3376032075022935,0.02685,0.510225,0,1.0,1,1,8,,
0.2.3,v0.2.2-seven-family-robustness-v2,synthetic__overlapping_density_16d__quality__n100000__kNN+Leiden__151__cf9997281dfb,ok,overlapping_density_16d__quality__n100000,kNN+Leiden,151,0.2.2,100000,16,236.1016374000028,242.1672760000074,671.4375,736.9609375,0.8530646108047717,0.7368241598114625,0.4748415731048241,0.0,0.0,0.09476633225809046,0.05006017555137834,0.8860669651781963,0.33333333333333337,0.0,0.5,1,1.125,2,12,8,,
0.2.3,v0.2.2-seven-family-robustness-v2,synthetic__overlapping_density_16d__quality__n100000__kNN-DBSCAN__151__d19d8ee94cea,ok,overlapping_density_16d__quality__n100000,kNN-DBSCAN,151,0.2.2,100000,16,10.615842600003816,15.994923999998719,230.04296875,224.0703125,0.5077869482358082,0.20158649480367433,0.5318319524797592,0.6739115030627685,0.9195778364116095,0.2644299969286655,0.7528838732966555,0.16037946188074953,0.5342614601018675,0.9802125,0.68678125,0,0.875,1,176,8,,
0.2.3,v0.2.2-seven-family-robustness-v2,synthetic__overlapping_density_16d__quality__n20000__AMD-DBSCAN__23__681b24e22600,ok,overlapping_density_16d__quality__n20000,AMD-DBSCAN,23,0.2.2,20000,16,209.78237430000445,215.72426869999617,5447.5546875,5447.5546875,0.0,0.0,0.04867278495033367,0.0,0.0,0.01085348519077983,0.005456352817640882,1.0,0.33333333333333337,0.0,0.5,0,1.0,1,1,8,,
0.2.3,v0.2.2-seven-family-robustness-v2,synthetic__overlapping_density_16d__quality__n20000__DBSCAN__23__5b25bceceb3e,ok,overlapping_density_16d__quality__n20000,DBSCAN,23,0.2.2,20000,16,3.0087217000109376,8.074618400001782,199.56640625,197.90625,0.5278617060323019,0.21111476635717105,0.5433012922142619,0.6831533666307571,0.9199623905506259,0.2785752371225377,0.7716059141171674,0.16997001510241785,0.5434126718069058,0.9784375,0.69184375,0,0.875,0,49,8,,
0.2.3,v0.2.2-seven-family-robustness-v2,synthetic__overlapping_density_16d__quality__n20000__HDBSCAN__23__74c9fd0f1d39,ok,overlapping_density_16d__quality__n20000,HDBSCAN,23,0.2.2,20000,16,9.36021929999697,14.11745369998971,190.6875,193.67578125,0.5087984913449906,0.22314528327866193,0.511202977628215,0.6526472458915382,0.9023052249767679,0.27017077463209044,0.4493291208861488,0.1931551590152637,0.5092606535160368,0.940625,0.6816875,0,1.0,1,48,8,,
0.2.3,v0.2.2-seven-family-robustness-v2,synthetic__overlapping_density_16d__quality__n20000__OPTICS__23__14de358eeeee,ok,overlapping_density_16d__quality__n20000,OPTICS,23,0.2.2,20000,16,9.273339499995927,14.18625030000112,199.59375,199.6015625,0.5070113715490652,0.18228416410783077,0.3370148034823697,0.49058221147171993,0.9012581898301154,0.24846776533567044,0.6461393944993686,0.1538063958006481,0.38140210679258996,0.9715,0.617,0,0.375,0,29,8,,
0.2.3,v0.2.2-seven-family-robustness-v2,synthetic__overlapping_density_16d__quality__n20000__SNN-DBSCAN__23__3657b6cb95c5,ok,overlapping_density_16d__quality__n20000,SNN-DBSCAN,23,0.2.2,20000,16,1.7475952000095276,7.746990899991943,266.21875,243.69921875,0.0,0.0,0.0,0.0,0.888888888888889,0.0,0.0,0.0,0.0,1.0,0.5,0,0.0,0,0,8,,
0.2.3,v0.2.2-seven-family-robustness-stratascan-fast-v1,synthetic__overlapping_density_16d__quality__n20000__StrataSCAN__23__1d0429d20d59,ok,overlapping_density_16d__quality__n20000,StrataSCAN,23,0.2.2,20000,16,21.63948199999868,24.967287100007525,297.41015625,297.41015625,0.20076249413651626,0.03647993175178533,0.2048836464495928,0.33364948754902946,0.8980727088835196,0.040387218213597455,0.9220348694442171,0.02064577498863653,0.17657739446209714,0.9989375,0.54809375,0,0.5,0,4,8,,
0.2.3,v0.2.2-seven-family-robustness-v2,synthetic__overlapping_density_16d__quality__n20000__VDBSCAN-2007__23__d3acd7c4a394,ok,overlapping_density_16d__quality__n20000,VDBSCAN-2007,23,0.2.2,20000,16,3.273529399986728,8.090777899997192,216.28125,210.94140625,0.0039924362158498625,-0.0012110778452725593,0.04922005397245626,0.04309455648488252,0.03832496632790498,0.011062035406348446,0.005562230722684907,0.9856398733156405,0.33626299332375553,0.0195625,0.50715625,0,1.0,1,1,8,,
0.2.3,v0.2.2-seven-family-robustness-v2,synthetic__overlapping_density_16d__quality__n20000__kNN+Leiden__23__750b6cefd912,ok,overlapping_density_16d__quality__n20000,kNN+Leiden,23,0.2.2,20000,16,18.348296900003334,28.157734499996877,306.9140625,319.15625,0.8649899787963954,0.817031438496207,0.40145374250591415,0.0,0.0,0.08008939427576346,0.04209489083081298,0.8222038533159338,0.33333333333333337,0.0,0.5,2,1.25,2,11,8,,
0.2.3,v0.2.2-seven-family-robustness-v2,synthetic__overlapping_density_16d__quality__n20000__kNN-DBSCAN__23__5aa9894d031d,ok,overlapping_density_16d__quality__n20000,kNN-DBSCAN,23,0.2.2,20000,16,1.8036264999973355,7.595344800007297,198.70703125,197.2734375,0.5257271069500401,0.21049561381984758,0.5401730540670974,0.6806837505853294,0.9199941236961953,0.27700954442348885,0.7748296971176921,0.1686522191756719,0.543503772003353,0.9785,0.691875,0,0.875,0,51,8,,
0.2.3,v0.2.2-seven-family-robustness-v2,synthetic__overlapping_density_16d__quality__n20000__AMD-DBSCAN__42__fd256a41078a,ok,overlapping_density_16d__quality__n20000,AMD-DBSCAN,42,0.2.2,20000,16,210.88605819999066,216.90902949999145,2782.28125,3195.69921875,0.0,0.0,0.048661562279743976,0.0,0.0,0.010949237602482014,0.005504755237761888,1.0,0.33333333333333337,0.0,0.5,0,1.0,1,1,8,,
0.2.3,v0.2.2-seven-family-robustness-v2,synthetic__overlapping_density_16d__quality__n20000__DBSCAN__42__a19fa0a7b0d5,ok,overlapping_density_16d__quality__n20000,DBSCAN,42,0.2.2,20000,16,3.2175589999969816,8.342328700004146,197.98828125,197.33984375,0.5214325231585178,0.209538183173673,0.5406383958079324,0.6809540188196347,0.9196326398873274,0.26419786798915346,0.6884683953999067,0.1634632154172601,0.5372529143436391,0.9794375,0.68846875,0,0.875,1,36,8,,
0.2.3,v0.2.2-seven-family-robustness-v2,synthetic__overlapping_density_16d__quality__n20000__HDBSCAN__42__b8a02210d1d3,ok,overlapping_density_16d__quality__n20000,HDBSCAN,42,0.2.2,20000,16,8.714759400012554,13.594578399992315,190.02734375,191.97265625,0.5137449816827842,0.20316147272040963,0.5523157684686284,0.6853742920703684,0.9028896541398413,0.2656583997028845,0.5469831541502872,0.17543074005173967,0.5090083270249811,0.94225,0.68125,0,1.0,2,48,8,,
0.2.3,v0.2.2-seven-family-robustness-v2,synthetic__overlapping_density_16d__quality__n20000__OPTICS__42__48995ff59f77,ok,overlapping_density_16d__quality__n20000,OPTICS,42,0.2.2,20000,16,9.477451400001883,14.451653899988742,202.5625,198.9453125,0.38237324698925307,0.11502108641860796,0.23977449166051906,0.37834773408716177,0.8964131994261119,0.18931301768393463,0.6797010970255674,0.1099713324419382,0.29902912621359223,0.97625,0.584375,0,0.25,0,30,8,,
0.2.3,v0.2.2-seven-family-robustness-v2,synthetic__overlapping_density_16d__quality__n20000__SNN-DBSCAN__42__e69ce9ce4211,ok,overlapping_density_16d__quality__n20000,SNN-DBSCAN,42,0.2.2,20000,16,1.7721471000113524,7.796690800008946,263.3828125,266.43359375,0.0,0.0,0.0,0.0,0.888888888888889,0.0,0.0,0.0,0.0,1.0,0.5,0,0.0,0,0,8,,
0.2.3,v0.2.2-seven-family-robustness-stratascan-fast-v1,synthetic__overlapping_density_16d__quality__n20000__StrataSCAN__42__cd6cad5bb1e0,ok,overlapping_density_16d__quality__n20000,StrataSCAN,42,0.2.2,20000,16,4.05136839998886,7.404165399988415,281.45703125,284.43359375,0.2009898637051244,0.03941791367200834,0.192582082046124,0.3171189345197035,0.897512214297748,0.044481819325728,0.9090546903295907,0.02279870214806848,0.16780665754673962,0.998875,0.5454375,0,0.375,0,3,8,,
0.2.3,v0.2.2-seven-family-robustness-v2,synthetic__overlapping_density_16d__quality__n20000__VDBSCAN-2007__42__4d6b995236a2,ok,overlapping_density_16d__quality__n20000,VDBSCAN-2007,42,0.2.2,20000,16,5.15218060000916,9.998079600001802,212.21484375,210.2265625,0.28247479167253325,0.06484779694725458,0.28922415927406797,0.07105336360682153,0.04050168247170389,0.010485526971556457,0.005274773240470799,0.8639362846263408,0.33701120270555907,0.0206875,0.5085937500000001,4,1.5,1,21,8,,
0.2.3,v0.2.2-seven-family-robustness-v2,synthetic__overlapping_density_16d__quality__n20000__kNN+Leiden__42__0465e628aa91,ok,overlapping_density_16d__quality__n20000,kNN+Leiden,42,0.2.2,20000,16,9.037623500000336,18.75807180000993,304.8125,316.91796875,0.8630761314000007,0.8152470683313717,0.44625348167045265,0.0,0.0,0.0916416999449665,0.04855670425710049,0.8132412144289742,0.33333333333333337,0.0,0.5,2,1.25,2,12,8,,
0.2.3,v0.2.2-seven-family-robustness-v2,synthetic__overlapping_density_16d__quality__n20000__kNN-DBSCAN__42__f42746429731,ok,overlapping_density_16d__quality__n20000,kNN-DBSCAN,42,0.2.2,20000,16,3.48482939999667,23.65527760000259,49.36328125,152.1796875,0.5159801734771916,0.20677220583471734,0.5272468031978365,0.6702332690042107,0.9196326398873274,0.25735074284683274,0.718026484941526,0.15676957678109468,0.5372529143436391,0.9794375,0.68846875,1,1.0,1,43,8,,
0.2.3,v0.2.2-seven-family-robustness-v2,synthetic__overlapping_density_16d__quality__n20000__AMD-DBSCAN__73__addfd326901b,ok,overlapping_density_16d__quality__n20000,AMD-DBSCAN,73,0.2.2,20000,16,196.99749300000258,208.0304324000026,3397.34765625,3388.9609375,0.0,0.0,0.04867327677234816,0.0,0.0,0.010849142481680384,0.005454157707885395,1.0,0.33333333333333337,0.0,0.5,0,1.0,1,1,8,,
0.2.3,v0.2.2-seven-family-robustness-v2,synthetic__overlapping_density_16d__quality__n20000__DBSCAN__73__a3b6b28c473c,ok,overlapping_density_16d__quality__n20000,DBSCAN,73,0.2.2,20000,16,3.2217142000008607,8.464640199992573,199.89453125,198.625,0.522205629510597,0.20403075392129835,0.5331958698004763,0.6753506905114348,0.9208603538836234,0.2737279709977994,0.7892128802212832,0.165578298772343,0.544502617801047,0.9806875,0.6918437500000001,0,0.875,0,44,8,,
0.2.3,v0.2.2-seven-family-robustness-v2,synthetic__overlapping_density_16d__quality__n20000__HDBSCAN__73__6ecaf8412c21,ok,overlapping_density_16d__quality__n20000,HDBSCAN,73,0.2.2,20000,16,9.172550000002957,14.198242900005425,190.9140625,191.12890625,0.53188332068738,0.2106285921859076,0.5255989646883449,0.6646143209553366,0.9036094428257121,0.27368691150388935,0.6679511539036315,0.17210208869457277,0.490732013823437,0.94975,0.670125,0,0.875,1,52,8,,
0.2.3,v0.2.2-seven-family-robustness-v2,synthetic__overlapping_density_16d__quality__n20000__OPTICS__73__61af899c6de5,ok,overlapping_density_16d__quality__n20000,OPTICS,73,0.2.2,20000,16,9.479767700002412,14.432282800000394,202.94140625,199.09765625,0.5498402877424191,0.23313548947675367,0.4334788098174751,0.5873307254426822,0.9104826077961994,0.2912996045274785,0.44971989519276223,0.2154161666408441,0.5085185786143112,0.96275,0.67725,0,0.625,1,22,8,,
0.2.3,v0.2.2-seven-family-robustness-v2,synthetic__overlapping_density_16d__quality__n20000__SNN-DBSCAN__73__ab2ca20253cc,ok,overlapping_density_16d__quality__n20000,SNN-DBSCAN,73,0.2.2,20000,16,1.5903426000004401,7.663993299996946,261.546875,264.6953125,0.0,0.0,0.0,0.0,0.888888888888889,0.0,0.0,0.0,0.0,1.0,0.5,0,0.0,0,0,8,,
0.2.3,v0.2.2-seven-family-robustness-stratascan-fast-v1,synthetic__overlapping_density_16d__quality__n20000__StrataSCAN__73__9c7013f89332,ok,overlapping_density_16d__quality__n20000,StrataSCAN,73,0.2.2,20000,16,3.450005999999121,6.988119799993001,282.4609375,282.4609375,0.14542811131809955,0.024826049222927155,0.1397848224082293,0.24181203084268899,0.8952274317704689,0.02303363410404886,0.9346707818930041,0.011660495224963489,0.12444444444444447,0.9994375,0.53296875,0,0.375,0,5,8,,
0.2.3,v0.2.2-seven-family-robustness-v2,synthetic__overlapping_density_16d__quality__n20000__VDBSCAN-2007__73__0f027d72e7cc,ok,overlapping_density_16d__quality__n20000,VDBSCAN-2007,73,0.2.2,20000,16,3.4462885999964783,8.19849609999801,215.34375,216.09765625,0.0008601259627066084,-0.00046006095929694004,0.049404146007190605,0.044880639619121324,0.041116005873715125,0.011168767081510612,0.005615917101544169,0.9945415057339859,0.3375042272573554,0.021,0.5095,0,1.0,1,1,8,,
0.2.3,v0.2.2-seven-family-robustness-v2,synthetic__overlapping_density_16d__quality__n20000__kNN+Leiden__73__ab54927b4912,ok,overlapping_density_16d__quality__n20000,kNN+Leiden,73,0.2.2,20000,16,13.92543360000127,21.023754599998938,306.28125,318.15234375,0.8727594184692813,0.8310483095711093,0.39201514807484045,0.0,0.0,0.08632427006615816,0.04550650444332195,0.8378192792844,0.33333333333333337,0.0,0.5,3,1.375,3,11,8,,
0.2.3,v0.2.2-seven-family-robustness-v2,synthetic__overlapping_density_16d__quality__n20000__kNN-DBSCAN__73__a8bd1e52354e,ok,overlapping_density_16d__quality__n20000,kNN-DBSCAN,73,0.2.2,20000,16,2.183154899990768,12.669794900008128,196.35546875,196.35546875,0.5204790764055817,0.20357816460766687,0.5297577870588625,0.672586298895556,0.9208603538836234,0.2725285796326543,0.7899393971378561,0.16466977209823822,0.544502617801047,0.9806875,0.6918437500000001,0,0.875,0,45,8,,
0.2.3,v0.2.2-seven-family-robustness-v2,synthetic__overlapping_density_16d__quality__n20000__AMD-DBSCAN__101__ff0aa861bdc6,ok,overlapping_density_16d__quality__n20000,AMD-DBSCAN,101,0.2.2,20000,16,132.8309198000061,141.3267138000083,5234.1875,5158.0,0.0,0.0,0.04867535557435583,0.0,0.0,0.010827527576878996,0.00544323216160808,1.0,0.33333333333333337,0.0,0.5,0,1.0,1,1,8,,
0.2.3,v0.2.2-seven-family-robustness-v2,synthetic__overlapping_density_16d__quality__n20000__DBSCAN__101__fbbecd3d74b8,ok,overlapping_density_16d__quality__n20000,DBSCAN,101,0.2.2,20000,16,3.2899596000061138,8.374811100002262,203.05078125,198.01953125,0.5378296384981993,0.21753575895447544,0.5443801386362219,0.6841411395709084,0.9204528745772682,0.29635156553724695,0.7960621445326307,0.1820645384129224,0.5487906588824021,0.978125,0.6946875,0,0.75,0,52,8,,
0.2.3,v0.2.2-seven-family-robustness-v2,synthetic__overlapping_density_16d__quality__n20000__HDBSCAN__101__c17fd9243afe,ok,overlapping_density_16d__quality__n20000,HDBSCAN,101,0.2.2,20000,16,8.778452000013203,13.722115800002939,191.01953125,190.0234375,0.4867563159964456,0.16608773211322034,0.4937056347792377,0.6373030292275421,0.8986937762279094,0.23349512635434197,0.692077863286555,0.14043829092993518,0.4436871145731905,0.9503125,0.6460312500000001,0,0.875,1,49,8,,
0.2.3,v0.2.2-seven-family-robustness-v2,synthetic__overlapping_density_16d__quality__n20000__OPTICS__101__662804c2892a,ok,overlapping_density_16d__quality__n20000,OPTICS,101,0.2.2,20000,16,9.507078900001943,14.59795270000177,199.125,202.9140625,0.2294230949391997,0.05132827028178948,0.12755087068023815,0.22316309146439045,0.8912288626033934,0.08663613701953961,0.7060361183332162,0.04614952158384408,0.15818221542495084,0.9865625,0.53853125,0,0.125,0,21,8,,
0.2.3,v0.2.2-seven-family-robustness-v2,synthetic__overlapping_density_16d__quality__n20000__SNN-DBSCAN__101__3d2ace636756,ok,overlapping_density_16d__quality__n20000,SNN-DBSCAN,101,0.2.2,20000,16,1.552527399995597,7.460828800001764,262.99609375,257.44140625,0.0,0.0,0.0,0.0,0.8883330554165972,0.0,0.0,0.0,0.0,0.998875,0.4994375,0,0.0,0,2,8,,
0.2.3,v0.2.2-seven-family-robustness-stratascan-fast-v1,synthetic__overlapping_density_16d__quality__n20000__StrataSCAN__101__ae1a284c0787,ok,overlapping_density_16d__quality__n20000,StrataSCAN,101,0.2.2,20000,16,26.634276700002374,29.95035420000204,323.0703125,323.0703125,0.27731711750612403,0.05693000960163853,0.28045485012795585,0.4279155978815055,0.9023783967007514,0.07140095782633793,0.9111962153638207,0.03715625321516234,0.2483688560243584,0.9983125,0.57053125,0,0.5,0,5,8,,
0.2.3,v0.2.2-seven-family-robustness-v2,synthetic__overlapping_density_16d__quality__n20000__VDBSCAN-2007__101__400df3967c16,ok,overlapping_density_16d__quality__n20000,VDBSCAN-2007,101,0.2.2,20000,16,4.912916999994195,9.823245799998404,210.9453125,206.69921875,0.32231836415741916,0.07438246011587896,0.34225503082558617,0.08033745536063723,0.04551000488042948,0.010089573650467,0.005075843128292757,0.8245201140555874,0.337258556421552,0.0233125,0.50928125,4,1.5,1,20,8,,
0.2.3,v0.2.2-seven-family-robustness-v2,synthetic__overlapping_density_16d__quality__n20000__kNN+Leiden__101__f19ed04efe12,ok,overlapping_density_16d__quality__n20000,kNN+Leiden,101,0.2.2,20000,16,8.644186699995771,15.845507800011546,305.43359375,317.9609375,0.8756508866606995,0.8375284190914576,0.3708834814102151,0.0,0.0,0.07046385863332687,0.03675823230560351,0.8484969575378103,0.33333333333333337,0.0,0.5,2,1.25,2,9,8,,
0.2.3,v0.2.2-seven-family-robustness-v2,synthetic__overlapping_density_16d__quality__n20000__kNN-DBSCAN__101__26cb0e2351ce,ok,overlapping_density_16d__quality__n20000,kNN-DBSCAN,101,0.2.2,20000,16,2.157915099989623,35.28808460000437,82.6171875,124.3984375,0.5318791275512084,0.2159270907799887,0.5379236542926088,0.6790199431972872,0.9204528745772682,0.29250154833624237,0.8001256761252326,0.17896236606552318,0.5487906588824021,0.978125,0.6946875,0,0.75,0,59,8,,
0.2.3,v0.2.2-seven-family-robustness-v2,synthetic__overlapping_density_16d__quality__n20000__AMD-DBSCAN__151__4b47f0e2bcb7,ok,overlapping_density_16d__quality__n20000,AMD-DBSCAN,151,0.2.2,20000,16,131.81896649999544,138.26919859999907,5109.82421875,5067.55859375,0.0,0.0,0.04865737826802782,0.0,0.0,0.010987179912798512,0.00552393619680984,1.0,0.33333333333333337,0.0,0.5,0,1.0,1,1,8,,
0.2.3,v0.2.2-seven-family-robustness-v2,synthetic__overlapping_density_16d__quality__n20000__DBSCAN__151__3cb759095c0e,ok,overlapping_density_16d__quality__n20000,DBSCAN,151,0.2.2,20000,16,3.175131700001657,8.186821999988751,198.6015625,197.3203125,0.5297258615510917,0.21521413049940333,0.5562400257190224,0.6936806409611135,0.9213311382878645,0.27538437041099767,0.7418616843811067,0.1690726800708226,0.5528074866310161,0.979375,0.6964375,0,1.0,1,40,8,,
0.2.3,v0.2.2-seven-family-robustness-v2,synthetic__overlapping_density_16d__quality__n20000__HDBSCAN__151__766ed9bdb623,ok,overlapping_density_16d__quality__n20000,HDBSCAN,151,0.2.2,20000,16,8.747691399999894,13.84786229999736,190.921875,190.34765625,0.4962079622632788,0.18472486476432876,0.526065892380088,0.665052507326167,0.903849575894181,0.24242837803629802,0.639934457472894,0.14953943580886586,0.483922317733206,0.952375,0.6661874999999999,0,1.0,2,48,8,,
0.2.3,v0.2.2-seven-family-robustness-v2,synthetic__overlapping_density_16d__quality__n20000__OPTICS__151__5267ecd04b3c,ok,overlapping_density_16d__quality__n20000,OPTICS,151,0.2.2,20000,16,9.341836299994611,14.440836800000397,199.171875,199.140625,0.34195032258768376,0.12755027834579657,0.23870905188203256,0.37740804277681284,0.9008165296028564,0.1839004367105309,0.2097905261729177,0.1636985259773411,0.4187960898645172,0.961875,0.6335625,0,0.5,1,22,8,,
0.2.3,v0.2.2-seven-family-robustness-v2,synthetic__overlapping_density_16d__quality__n20000__SNN-DBSCAN__151__2185512e1724,ok,overlapping_density_16d__quality__n20000,SNN-DBSCAN,151,0.2.2,20000,16,1.4660606999968877,7.386313800001517,266.8125,262.50390625,0.0,0.0,0.0,0.0,0.8886727974884004,0.0,0.0,0.0,0.0,0.9995625,0.49978125,0,0.0,0,1,8,,
0.2.3,v0.2.2-seven-family-robustness-stratascan-fast-v1,synthetic__overlapping_density_16d__quality__n20000__StrataSCAN__151__4d3e7740ca7b,ok,overlapping_density_16d__quality__n20000,StrataSCAN,151,0.2.2,20000,16,3.709046700008912,7.1728283999837,280.23828125,281.48046875,0.1722832965790757,0.032135980385678636,0.17007210516561277,0.28590432891306466,0.8964686098654708,0.03395381960466338,0.9532724277370076,0.01728473512127828,0.1449074074074074,0.9995625,0.53890625,0,0.375,0,3,8,,
0.2.3,v0.2.2-seven-family-robustness-v2,synthetic__overlapping_density_16d__quality__n20000__VDBSCAN-2007__151__d2590e756fac,ok,overlapping_density_16d__quality__n20000,VDBSCAN-2007,151,0.2.2,20000,16,5.515813800011529,10.541069200000493,212.3203125,208.890625,0.30782129783417195,0.07520614553993894,0.31439192684350936,0.07640842131516791,0.043488883459565114,0.010645282700551638,0.005355492161684688,0.8677217641925824,0.33722701879126454,0.02225,0.509125,4,1.5,1,17,8,,
0.2.3,v0.2.2-seven-family-robustness-v2,synthetic__overlapping_density_16d__quality__n20000__kNN+Leiden__151__9856427c80a5,ok,overlapping_density_16d__quality__n20000,kNN+Leiden,151,0.2.2,20000,16,5.642035299999407,12.592439499989268,306.4296875,317.3203125,0.8116460544061822,0.6584471334499052,0.337731954106852,0.0,0.0,0.07263627751565681,0.03803429540704142,0.8049001929879827,0.33333333333333337,0.0,0.5,2,1.25,2,10,8,,
0.2.3,v0.2.2-seven-family-robustness-v2,synthetic__overlapping_density_16d__quality__n20000__kNN-DBSCAN__151__75068f63963b,ok,overlapping_density_16d__quality__n20000,kNN-DBSCAN,151,0.2.2,20000,16,2.227000600003521,11.572480200004065,201.16015625,202.74609375,0.5271766213891608,0.21477309865166713,0.5492660534034857,0.6882318571859857,0.9213311382878645,0.27448755577121076,0.7505339373837068,0.1679565722727322,0.5528074866310161,0.979375,0.6964375,0,1.0,1,43,8,,
0.2.3,v0.2.2-seven-family-robustness-v2,synthetic__overlapping_density_16d__quality__n200000__AMD-DBSCAN__23__5555a46aa622,error,overlapping_density_16d__quality__n200000,AMD-DBSCAN,23,,,,,4.891380499990191,,209.05078125,,,,,,,,,,,,,,,,,MemoryError,"Unable to allocate 298. GiB for an array with shape (200000, 200000) and data type float64"
0.2.3,v0.2.2-seven-family-robustness-v2,synthetic__overlapping_density_16d__quality__n200000__DBSCAN__23__14833602a857,ok,overlapping_density_16d__quality__n200000,DBSCAN,23,0.2.2,200000,16,233.7366849999962,241.73655800000415,261.94140625,260.80859375,0.5021164135535694,0.19411788014686704,0.5349493417302076,0.6761810513763026,0.9187361165651723,0.2618156947462116,0.7427802196208628,0.15891510065193395,0.5281285096824695,0.9797,0.683825,0,0.875,1,357,8,,
0.2.3,v0.2.2-seven-family-robustness-v2,synthetic__overlapping_density_16d__quality__n200000__HDBSCAN__23__d6c1bad8b22c,timeout,overlapping_density_16d__quality__n200000,HDBSCAN,23,,,,,1200.1627652000025,,247.8671875,,,,,,,,,,,,,,,,,,timeout_seconds=1200
0.2.3,v0.2.2-seven-family-robustness-v2,synthetic__overlapping_density_16d__quality__n200000__OPTICS__23__19b01f842ead,ok,overlapping_density_16d__quality__n200000,OPTICS,23,0.2.2,200000,16,801.8782730000094,809.0257172999991,260.4921875,260.4921875,0.004809975243186158,-0.0006003075447885619,0.002234389066266437,0.004457444412408118,0.878763984723785,8.56377411014633e-06,0.014514778401513507,4.283150592591273e-06,0.009718306630910632,0.97864375,0.491971875,0,0.0,0,273,8,,
0.2.3,v0.2.2-seven-family-robustness-v2,synthetic__overlapping_density_16d__quality__n200000__SNN-DBSCAN__23__bc7ab3c8bb40,ok,overlapping_density_16d__quality__n200000,SNN-DBSCAN,23,0.2.2,200000,16,29.57994029999827,35.99980109999888,383.5703125,364.91015625,0.0,0.0,0.0,0.0,0.888888888888889,0.0,0.0,0.0,0.0,1.0,0.5,0,0.0,0,0,8,,
0.2.3,v0.2.2-seven-family-robustness-stratascan-fast-v1,synthetic__overlapping_density_16d__quality__n200000__StrataSCAN__23__0de2ed0b3534,ok,overlapping_density_16d__quality__n200000,StrataSCAN,23,0.2.2,200000,16,58.01858919998631,64.02221850000205,703.22265625,700.68359375,0.6048705408102342,0.4217868824282384,0.4395764455905597,0.4701364807655133,0.5052631578947369,0.08207530821946499,0.04487297521338894,0.4801375389210718,0.35488869049333294,0.35745,0.5638125,1,1.125,2,297,8,,
0.2.3,v0.2.2-seven-family-robustness-v2,synthetic__overlapping_density_16d__quality__n200000__VDBSCAN-2007__23__4818e8c82907,ok,overlapping_density_16d__quality__n200000,VDBSCAN-2007,23,0.2.2,200000,16,289.4216621000087,295.2420681999938,574.5234375,612.27734375,0.0036245576696396766,-0.0012772980420919944,0.04955799418011533,0.05353712361976926,0.058211025568026944,0.011230215531579518,0.005647407587800589,0.9817639921423589,0.33813657087152155,0.03003125,0.511465625,0,1.0,1,1,8,,
0.2.3,v0.2.2-seven-family-robustness-v2,synthetic__overlapping_density_16d__quality__n200000__kNN+Leiden__23__6c2479b3bfb6,ok,overlapping_density_16d__quality__n200000,kNN+Leiden,23,0.2.2,200000,16,1012.4953894000064,1020.1153501999943,1106.92578125,1258.515625,0.8487636064576689,0.7266540538669156,0.4928726350449569,0.0,0.0,0.09793618469130817,0.05189311327930559,0.8687482314843747,0.33333333333333337,0.0,0.5,1,1.125,2,13,8,,
0.2.3,v0.2.2-seven-family-robustness-v2,synthetic__overlapping_density_16d__quality__n200000__kNN-DBSCAN__23__72b5e525a5f3,ok,overlapping_density_16d__quality__n200000,kNN-DBSCAN,23,0.2.2,200000,16,25.688646199996583,33.2475826000009,259.83984375,253.734375,0.49839798622315756,0.19299154512337988,0.5312538755946264,0.6732106528368296,0.9186962089488383,0.25968887802010643,0.7559512251437255,0.15677207933471177,0.5277366423258268,0.97970625,0.683628125,0,0.875,1,385,8,,
0.2.3,v0.2.2-seven-family-robustness-v2,synthetic__overlapping_density_16d__quality__n200000__AMD-DBSCAN__42__ac3d517e9528,error,overlapping_density_16d__quality__n200000,AMD-DBSCAN,42,,,,,5.1918091000115965,,213.41015625,,,,,,,,,,,,,,,,,MemoryError,"Unable to allocate 298. GiB for an array with shape (200000, 200000) and data type float64"
0.2.3,v0.2.2-seven-family-robustness-v2,synthetic__overlapping_density_16d__quality__n200000__DBSCAN__42__a065485363ad,ok,overlapping_density_16d__quality__n200000,DBSCAN,42,0.2.2,200000,16,229.66585189999023,237.7523741000041,261.65625,259.8671875,0.49748294285618905,0.1902925094138816,0.5364491469699885,0.6774001230044673,0.9188176958784638,0.25720559345043864,0.7440198327018114,0.15547673481713972,0.5286210182412197,0.97978125,0.684053125,0,0.875,1,366,8,,
0.2.3,v0.2.2-seven-family-robustness-v2,synthetic__overlapping_density_16d__quality__n200000__HDBSCAN__42__44260fd1bc5f,timeout,overlapping_density_16d__quality__n200000,HDBSCAN,42,,,,,1200.132153300001,,247.109375,,,,,,,,,,,,,,,,,,timeout_seconds=1200
0.2.3,v0.2.2-seven-family-robustness-v2,synthetic__overlapping_density_16d__quality__n200000__OPTICS__42__b86076149487,ok,overlapping_density_16d__quality__n200000,OPTICS,42,0.2.2,200000,16,827.5203460000048,834.9642790999933,259.65625,259.65625,0.0038194246423964564,-0.00044814786304437244,0.0034623350510273503,0.006897497626292606,0.8788837647692463,7.215926073639144e-06,0.012156934978817462,3.6090341342448417e-06,0.007813218126666055,0.9790875,0.49166875,0,0.0,0,250,8,,
0.2.3,v0.2.2-seven-family-robustness-v2,synthetic__overlapping_density_16d__quality__n200000__SNN-DBSCAN__42__2071f50960a3,ok,overlapping_density_16d__quality__n200000,SNN-DBSCAN,42,0.2.2,200000,16,29.857237699994585,36.147959800000535,381.7578125,371.90625,0.0,0.0,0.0,0.0,0.888888888888889,0.0,0.0,0.0,0.0,1.0,0.5,0,0.0,0,0,8,,
0.2.3,v0.2.2-seven-family-robustness-stratascan-fast-v1,synthetic__overlapping_density_16d__quality__n200000__StrataSCAN__42__59dff73a06d7,ok,overlapping_density_16d__quality__n200000,StrataSCAN,42,0.2.2,200000,16,56.19105980001041,61.46652839999297,705.0390625,703.078125,0.5925874636529042,0.38686981805594645,0.4582687786019586,0.47088262908926976,0.4842105263157895,0.07774527344509759,0.042803858568175604,0.42325233980244803,0.3491419039271678,0.33766875,0.554734375,3,1.375,2,279,8,,
0.2.3,v0.2.2-seven-family-robustness-v2,synthetic__overlapping_density_16d__quality__n200000__VDBSCAN-2007__42__cce5181c84c5,ok,overlapping_density_16d__quality__n200000,VDBSCAN-2007,42,0.2.2,200000,16,291.4456947000144,297.01480640000955,566.1796875,606.08984375,0.0043918816194413865,-0.0014829249741603401,0.04948323747838023,0.05321022841379453,0.05754436973771882,0.011238043339927499,0.005651480202712212,0.9783495135933359,0.33766123196117664,0.0296875,0.5105937500000001,0,1.0,1,1,8,,
0.2.3,v0.2.2-seven-family-robustness-v2,synthetic__overlapping_density_16d__quality__n200000__kNN+Leiden__42__85a57da6b201,ok,overlapping_density_16d__quality__n200000,kNN+Leiden,42,0.2.2,200000,16,658.8458338999917,665.333458299996,1104.28125,1255.171875,0.8811299520069963,0.8474752160645701,0.49346750661220407,0.0,0.0,0.09754426419709637,0.051748390559508126,0.8480040874681138,0.33333333333333337,0.0,0.5,2,1.25,2,13,8,,
0.2.3,v0.2.2-seven-family-robustness-v2,synthetic__overlapping_density_16d__quality__n200000__kNN-DBSCAN__42__69eb5d0859c6,ok,overlapping_density_16d__quality__n200000,kNN-DBSCAN,42,0.2.2,200000,16,25.6902759999939,33.448949400000856,257.3671875,252.5859375,0.4947784179395168,0.18956392747121512,0.5341225766764719,0.6755402458460676,0.9188102564102565,0.255800082865056,0.7537058957701277,0.15403981063580172,0.528408510638298,0.979825,0.6839375,0,0.875,1,386,8,,
0.2.3,v0.2.2-seven-family-robustness-v2,synthetic__overlapping_density_16d__quality__n200000__AMD-DBSCAN__73__ca2fd7e09ff8,error,overlapping_density_16d__quality__n200000,AMD-DBSCAN,73,,,,,4.9455146999971475,,221.0703125,,,,,,,,,,,,,,,,,MemoryError,"Unable to allocate 298. GiB for an array with shape (200000, 200000) and data type float64"
0.2.3,v0.2.2-seven-family-robustness-v2,synthetic__overlapping_density_16d__quality__n200000__DBSCAN__73__cc9877d865ff,ok,overlapping_density_16d__quality__n200000,DBSCAN,73,0.2.2,200000,16,228.38140840000415,236.09298619999026,261.53515625,259.15625,0.5023180289353427,0.1931260382191327,0.5326439446717538,0.6744189400488684,0.919042469956308,0.26109244337683357,0.7730685560217486,0.15707030511160863,0.5297291776601359,0.98008125,0.684540625,0,0.875,1,360,8,,
0.2.3,v0.2.2-seven-family-robustness-v2,synthetic__overlapping_density_16d__quality__n200000__HDBSCAN__73__9100a75bdd32,timeout,overlapping_density_16d__quality__n200000,HDBSCAN,73,,,,,1200.1357801999984,,246.35546875,,,,,,,,,,,,,,,,,,timeout_seconds=1200
0.2.3,v0.2.2-seven-family-robustness-v2,synthetic__overlapping_density_16d__quality__n200000__OPTICS__73__2871e597c012,ok,overlapping_density_16d__quality__n200000,OPTICS,73,0.2.2,200000,16,826.8127168000065,833.4236814000033,260.40625,260.40625,0.0025239689217704756,-0.0004603162637963066,0.0022932984488671345,0.004574654038654129,0.8784368081840858,4.454610368375829e-06,0.008411182736392154,2.227895137176023e-06,0.006330130042888924,0.97835625,0.490903125,0,0.0,0,273,8,,
0.2.3,v0.2.2-seven-family-robustness-v2,synthetic__overlapping_density_16d__quality__n200000__SNN-DBSCAN__73__75c39977a225,ok,overlapping_density_16d__quality__n200000,SNN-DBSCAN,73,0.2.2,200000,16,29.591256899992004,35.84943200000271,380.20703125,372.5703125,0.0,0.0,0.0,0.0,0.888888888888889,0.0,0.0,0.0,0.0,1.0,0.5,0,0.0,0,0,8,,
0.2.3,v0.2.2-seven-family-robustness-stratascan-fast-v1,synthetic__overlapping_density_16d__quality__n200000__StrataSCAN__73__3cc5f345e537,ok,overlapping_density_16d__quality__n200000,StrataSCAN,73,0.2.2,200000,16,249.75087389998953,254.14005069999257,965.28515625,943.84765625,0.5374329048587675,0.31189618600063357,0.4247039289082248,0.4651473575234911,0.5141041301692322,0.07187219881861479,0.03959921536760063,0.38847837638306976,0.3423491271526997,0.369575,0.54845,2,1.25,2,308,8,,
0.2.3,v0.2.2-seven-family-robustness-v2,synthetic__overlapping_density_16d__quality__n200000__VDBSCAN-2007__73__b822c7fb1b03,ok,overlapping_density_16d__quality__n200000,VDBSCAN-2007,73,0.2.2,200000,16,250.0621659999888,256.8475599000085,565.44921875,603.6640625,0.0033993925404033993,-0.001218192991441728,0.04953456939368296,0.052967248127710476,0.056911111245824715,0.011249377278270677,0.0056570818593325726,0.9822834491633363,0.3381112231483018,0.0293375,0.51135625,0,1.0,1,4,8,,
0.2.3,v0.2.2-seven-family-robustness-v2,synthetic__overlapping_density_16d__quality__n200000__kNN+Leiden__73__072463090e3a,ok,overlapping_density_16d__quality__n200000,kNN+Leiden,73,0.2.2,200000,16,890.2424040999904,898.8213909000042,1108.046875,1259.14453125,0.8526550538503672,0.7262174907857152,0.5179252923089408,0.0,0.0,0.10096164161322353,0.053575856234206326,0.8738359419109214,0.33333333333333337,0.0,0.5,2,1.25,2,13,8,,
0.2.3,v0.2.2-seven-family-robustness-v2,synthetic__overlapping_density_16d__quality__n200000__kNN-DBSCAN__73__5a57a3dff80c,ok,overlapping_density_16d__quality__n200000,kNN-DBSCAN,73,0.2.2,200000,16,25.31356740000774,33.35808440000983,256.5546875,252.5859375,0.4992565383282848,0.1923849016366438,0.5302772851014437,0.6725178446108482,0.9190391354797876,0.2594203058800898,0.77878378382083,0.15563128572878399,0.5294939036850351,0.98014375,0.684409375,0,0.875,1,377,8,,
0.2.3,v0.2.2-seven-family-robustness-v2,synthetic__overlapping_density_16d__quality__n200000__AMD-DBSCAN__101__f502d8bd7849,error,overlapping_density_16d__quality__n200000,AMD-DBSCAN,101,,,,,4.8610547999996925,,219.3046875,,,,,,,,,,,,,,,,,MemoryError,"Unable to allocate 298. GiB for an array with shape (200000, 200000) and data type float64"
0.2.3,v0.2.2-seven-family-robustness-v2,synthetic__overlapping_density_16d__quality__n200000__DBSCAN__101__24718645e42f,ok,overlapping_density_16d__quality__n200000,DBSCAN,101,0.2.2,200000,16,219.71627820000867,227.2111664999975,260.5703125,265.0703125,0.5016215066005089,0.19326890270694252,0.5345659785440386,0.6759356600353209,0.9189613692905934,0.2636597039147088,0.743934214910722,0.1602222486121418,0.5292205028684269,0.98000625,0.684303125,0,0.875,1,354,8,,
0.2.3,v0.2.2-seven-family-robustness-v2,synthetic__overlapping_density_16d__quality__n200000__HDBSCAN__101__3059723ad7c9,timeout,overlapping_density_16d__quality__n200000,HDBSCAN,101,,,,,1200.1879563999973,,246.265625,,,,,,,,,,,,,,,,,,timeout_seconds=1200
0.2.3,v0.2.2-seven-family-robustness-v2,synthetic__overlapping_density_16d__quality__n200000__OPTICS__101__84c450c761a3,ok,overlapping_density_16d__quality__n200000,OPTICS,101,0.2.2,200000,16,818.7098221000051,826.7557309999975,259.8984375,259.27734375,0.003690052017803296,-0.0005296882012634835,0.0019153015266673875,0.0038222725351697885,0.8787934047991113,6.863891284037227e-06,0.010058630520144156,3.4331170013709428e-06,0.008172823067563534,0.97886875,0.49165937499999995,0,0.0,0,257,8,,
0.2.3,v0.2.2-seven-family-robustness-v2,synthetic__overlapping_density_16d__quality__n200000__SNN-DBSCAN__101__d39424784946,ok,overlapping_density_16d__quality__n200000,SNN-DBSCAN,101,0.2.2,200000,16,32.074440000011236,38.4263876999903,379.171875,372.33203125,0.0,0.0,0.0,0.0,0.888888888888889,0.0,0.0,0.0,0.0,1.0,0.5,0,0.0,0,0,8,,
0.2.3,v0.2.2-seven-family-robustness-stratascan-fast-v1,synthetic__overlapping_density_16d__quality__n200000__StrataSCAN__101__9f3bc3cc4a71,ok,overlapping_density_16d__quality__n200000,StrataSCAN,101,0.2.2,200000,16,143.14656319998903,146.27053529999102,831.9140625,831.0859375,0.3236621390563421,0.07651881873777805,0.3087739590925681,0.46045584657330413,0.9050537896340946,0.10070263140571782,0.9378362824119414,0.053207989436060324,0.2861706205545381,0.99850625,0.5832406250000001,0,0.5,0,6,8,,
0.2.3,v0.2.2-seven-family-robustness-v2,synthetic__overlapping_density_16d__quality__n200000__VDBSCAN-2007__101__91e585dedecb,ok,overlapping_density_16d__quality__n200000,VDBSCAN-2007,101,0.2.2,200000,16,245.49500690000423,251.58752370000002,579.4921875,611.4609375,0.0035338386496310643,-0.0011670607092444743,0.04956275586636195,0.053226123408436646,0.057474259603788797,0.011201179093038438,0.005632689505118847,0.982754599612592,0.3381378544345007,0.0296375,0.51143125,0,1.0,1,4,8,,
0.2.3,v0.2.2-seven-family-robustness-v2,synthetic__overlapping_density_16d__quality__n200000__kNN+Leiden__101__5b294136d92c,ok,overlapping_density_16d__quality__n200000,kNN+Leiden,101,0.2.2,200000,16,1129.7557138999982,1136.2515444000019,1107.70703125,1260.01171875,0.8777405874949789,0.8372892427418437,0.5159484913469088,0.0,0.0,0.09145945155317144,0.0483631454796105,0.8398332320273135,0.33333333333333337,0.0,0.5,2,1.25,2,13,8,,
0.2.3,v0.2.2-seven-family-robustness-v2,synthetic__overlapping_density_16d__quality__n200000__kNN-DBSCAN__101__07caacd0b36c,ok,overlapping_density_16d__quality__n200000,kNN-DBSCAN,101,0.2.2,200000,16,25.486544400002458,34.237853200000245,256.8828125,260.48828125,0.4984497314776337,0.19234966493817598,0.5314033602267787,0.6733899606197686,0.918917018284107,0.2618580941870213,0.7527964106328392,0.15849507865890664,0.5287465940054497,0.980025,0.6840625,0,0.875,1,377,8,,
0.2.3,v0.2.2-seven-family-robustness-v2,synthetic__overlapping_density_16d__quality__n200000__AMD-DBSCAN__151__cecbe77d7e0a,error,overlapping_density_16d__quality__n200000,AMD-DBSCAN,151,,,,,4.8302805999992415,,214.40234375,,,,,,,,,,,,,,,,,MemoryError,"Unable to allocate 298. GiB for an array with shape (200000, 200000) and data type float64"
0.2.3,v0.2.2-seven-family-robustness-v2,synthetic__overlapping_density_16d__quality__n200000__DBSCAN__151__1f1085ef0452,ok,overlapping_density_16d__quality__n200000,DBSCAN,151,0.2.2,200000,16,217.51966479999828,224.52501380001195,261.3515625,260.80859375,0.5084521401871377,0.20100991610462113,0.5388960769700826,0.6794891891270866,0.9193355076731926,0.2655889264201233,0.7598385327137251,0.16091747771079185,0.5314313922413059,0.98039375,0.685321875,0,0.875,1,355,8,,
0.2.3,v0.2.2-seven-family-robustness-v2,synthetic__overlapping_density_16d__quality__n200000__HDBSCAN__151__f7be60ce142a,timeout,overlapping_density_16d__quality__n200000,HDBSCAN,151,,,,,1200.1891694000078,,247.39453125,,,,,,,,,,,,,,,,,,timeout_seconds=1200
0.2.3,v0.2.2-seven-family-robustness-v2,synthetic__overlapping_density_16d__quality__n200000__OPTICS__151__b9f48f54fa41,ok,overlapping_density_16d__quality__n200000,OPTICS,151,0.2.2,200000,16,806.5831242999993,813.7538156999944,260.37109375,259.7265625,0.004365834673796482,-0.00030378122568246077,0.0022783511752496486,0.004544907951259997,0.8779503018391128,7.037668161639376e-06,0.010407679033649697,3.520024200257569e-06,0.008711516533637399,0.97713125,0.490953125,0,0.0,0,268,8,,
0.2.3,v0.2.2-seven-family-robustness-v2,synthetic__overlapping_density_16d__quality__n200000__SNN-DBSCAN__151__94b29cffe06d,ok,overlapping_density_16d__quality__n200000,SNN-DBSCAN,151,0.2.2,200000,16,31.90653750000638,38.89775479999662,384.03515625,382.84765625,0.0,0.0,0.0,0.0,0.888888888888889,0.0,0.0,0.0,0.0,1.0,0.5,0,0.0,0,0,8,,
0.2.3,v0.2.2-seven-family-robustness-stratascan-fast-v1,synthetic__overlapping_density_16d__quality__n200000__StrataSCAN__151__c4585367934e,ok,overlapping_density_16d__quality__n200000,StrataSCAN,151,0.2.2,200000,16,46.377598399994895,50.474646899994696,704.65234375,708.62890625,0.5958481432295207,0.3906962244491703,0.43232752668654295,0.46397250461266143,0.5006159763890489,0.07981404110469244,0.044131989748712436,0.4168494822240465,0.3536267795482443,0.353025,0.5618375,3,1.375,2,245,8,,
0.2.3,v0.2.2-seven-family-robustness-v2,synthetic__overlapping_density_16d__quality__n200000__VDBSCAN-2007__151__5d478d346a9b,ok,overlapping_density_16d__quality__n200000,VDBSCAN-2007,151,0.2.2,200000,16,220.4972332999896,225.8008775999915,557.6328125,608.23828125,0.0034031267560659956,-0.0012529822251780382,0.04951971509557655,0.05268497898427751,0.05628251615954596,0.011255851102811996,0.00566035860369966,0.9822102627728159,0.3379501620711071,0.02900625,0.511040625,0,1.0,1,1,8,,
0.2.3,v0.2.2-seven-family-robustness-v2,synthetic__overlapping_density_16d__quality__n200000__kNN+Leiden__151__e55407da634a,ok,overlapping_density_16d__quality__n200000,kNN+Leiden,151,0.2.2,200000,16,809.9639939999906,815.9906582999974,1107.38671875,1259.6796875,0.8104535281371859,0.6369244890786384,0.5412168357313949,0.0,0.0,0.09605593313630137,0.05075930428133508,0.8925539149841384,0.33333333333333337,0.0,0.5,0,1.0,2,12,8,,
0.2.3,v0.2.2-seven-family-robustness-v2,synthetic__overlapping_density_16d__quality__n200000__kNN-DBSCAN__151__d1784fcc3267,ok,overlapping_density_16d__quality__n200000,kNN-DBSCAN,151,0.2.2,200000,16,27.761919899989152,36.030423199990764,259.2890625,253.7734375,0.5055454649246718,0.19986792023861993,0.5345401718088149,0.6760034795407664,0.9192884372518512,0.2636794777815302,0.7776150831703409,0.1587557816055518,0.5309333651209918,0.9804125,0.68506875,0,0.875,1,381,8,,
0.2.3,v0.2.2-seven-family-robustness-v2,synthetic__overlapping_density_16d__quality__n5000__AMD-DBSCAN__23__37afacc448f5,ok,overlapping_density_16d__quality__n5000,AMD-DBSCAN,23,0.2.2,5000,16,2.298360800006776,6.956181700006709,788.23046875,784.12109375,0.0,0.0,0.04867040878592498,0.0,0.0,0.010818061915247559,0.005438447689537908,1.0,0.33333333333333337,0.0,0.5,0,1.0,1,1,8,,
0.2.3,v0.2.2-seven-family-robustness-v2,synthetic__overlapping_density_16d__quality__n5000__DBSCAN__23__70c474635c5f,ok,overlapping_density_16d__quality__n5000,DBSCAN,23,0.2.2,5000,16,0.41616110000177287,5.713284400000703,194.83203125,195.08203125,0.5208216854273289,0.22025350378680458,0.5422831713913292,0.682874866522218,0.9218805231530576,0.27875374053863755,0.6886015769944341,0.17474656818750275,0.5617977528089888,0.978,0.7015,0,0.875,1,19,8,,
0.2.3,v0.2.2-seven-family-robustness-v2,synthetic__overlapping_density_16d__quality__n5000__HDBSCAN__23__f87352985461,ok,overlapping_density_16d__quality__n5000,HDBSCAN,23,0.2.2,5000,16,0.5981764000025578,5.847465300001204,185.3046875,185.5390625,0.5338995392079917,0.2632244697819749,0.48790381961392715,0.6299351923937542,0.8886159891931721,0.2665940145863023,0.30982210704752255,0.23395177071225742,0.5115778136779752,0.9045,0.68975,0,0.875,1,21,8,,
0.2.3,v0.2.2-seven-family-robustness-v2,synthetic__overlapping_density_16d__quality__n5000__OPTICS__23__d8365c82bbd6,ok,overlapping_density_16d__quality__n5000,OPTICS,23,0.2.2,5000,16,1.1917185000056634,6.515385200007586,194.421875,194.89453125,0.23938492595231678,0.051054156723131044,0.16945015383419862,0.2848802320764352,0.8936122102882985,0.07604813451288532,0.5732035618140402,0.040725646269513145,0.18528138528138527,0.988,0.5475,0,0.5,0,7,8,,
0.2.3,v0.2.2-seven-family-robustness-v2,synthetic__overlapping_density_16d__quality__n5000__SNN-DBSCAN__23__b2b3c5091582,ok,overlapping_density_16d__quality__n5000,SNN-DBSCAN,23,0.2.2,5000,16,0.33670929999789223,7.220418900004006,241.59375,236.234375,0.0,0.0,0.0,0.0,0.8757729061270376,0.0,0.0,0.0,0.0,0.97375,0.486875,0,0.0,0,14,8,,
0.2.3,v0.2.2-seven-family-robustness-stratascan-fast-v1,synthetic__overlapping_density_16d__quality__n5000__StrataSCAN__23__2b6ad5cf0266,ok,overlapping_density_16d__quality__n5000,StrataSCAN,23,0.2.2,5000,16,1.152156299998751,4.576507499994477,248.40625,245.7734375,0.2599672063228092,0.057532913549415365,0.24031443335508837,0.3794562837507017,0.9013194992669448,0.07691113588574816,0.9416033172080166,0.04009298630217606,0.22771403353927627,0.999,0.5640000000000001,0,0.375,0,3,8,,
0.2.3,v0.2.2-seven-family-robustness-v2,synthetic__overlapping_density_16d__quality__n5000__VDBSCAN-2007__23__a283a8998bcd,ok,overlapping_density_16d__quality__n5000,VDBSCAN-2007,23,0.2.2,5000,16,0.4649681999871973,5.338250200002221,196.9921875,197.17578125,0.001329842927883795,-0.0009689601840581413,0.049148405803369453,0.037644367582073256,0.030504305043050434,0.011002390666305522,0.005531906679825161,0.9909073520973414,0.3359730412805392,0.0155,0.50625,0,1.0,1,1,8,,
0.2.3,v0.2.2-seven-family-robustness-v2,synthetic__overlapping_density_16d__quality__n5000__kNN+Leiden__23__28f3d816fae2,ok,overlapping_density_16d__quality__n5000,kNN+Leiden,23,0.2.2,5000,16,0.8579889999964507,6.7255273000046145,244.4609375,244.4609375,0.8539936197511853,0.7332589443685652,0.3745583916031807,0.0,0.0,0.0797101058668794,0.04176784984193181,0.8702752806509041,0.33333333333333337,0.0,0.5,2,1.25,2,10,8,,
0.2.3,v0.2.2-seven-family-robustness-v2,synthetic__overlapping_density_16d__quality__n5000__kNN-DBSCAN__23__7a18bffd8552,ok,overlapping_density_16d__quality__n5000,kNN-DBSCAN,23,0.2.2,5000,16,0.29422969999723136,5.3389021000039065,193.92578125,194.40234375,0.5181054490444189,0.21940480790688713,0.5412290190770963,0.6820384623995881,0.9218805231530576,0.27687672135778346,0.6920859076198882,0.17305457060043844,0.5617977528089888,0.978,0.7015,0,0.875,1,19,8,,
0.2.3,v0.2.2-seven-family-robustness-v2,synthetic__overlapping_density_16d__quality__n5000__AMD-DBSCAN__42__ad47dfb73878,ok,overlapping_density_16d__quality__n5000,AMD-DBSCAN,42,0.2.2,5000,16,2.2095383999985643,7.049141700001201,788.96875,760.140625,0.0,0.0,0.0486760602402848,0.0,0.0,0.010763761662837549,0.005411002200440088,1.0,0.33333333333333337,0.0,0.5,0,1.0,1,1,8,,
0.2.3,v0.2.2-seven-family-robustness-v2,synthetic__overlapping_density_16d__quality__n5000__DBSCAN__42__353f7bd993fc,ok,overlapping_density_16d__quality__n5000,DBSCAN,42,0.2.2,5000,16,0.43228690000250936,5.697188600010122,194.58203125,194.83984375,0.5419129903098466,0.2249578333340293,0.5473967584811996,0.6859415753001518,0.9183818310858766,0.29412520289127364,0.6991617165380558,0.1862356559801254,0.5536869340232858,0.9705,0.69925,0,0.875,0,22,8,,
0.2.3,v0.2.2-seven-family-robustness-v2,synthetic__overlapping_density_16d__quality__n5000__HDBSCAN__42__9c410be0a0c2,ok,overlapping_density_16d__quality__n5000,HDBSCAN,42,0.2.2,5000,16,0.6149724999995669,5.97565370000666,185.21875,185.42578125,0.05014813738518558,-0.005774329555571534,0.08350317828181295,0.149898082829772,0.7316323393790347,0.03129900476533197,0.01599238726207764,0.7299035845262037,0.5002862049227246,0.595,0.7344999999999999,0,1.0,1,2,8,,
0.2.3,v0.2.2-seven-family-robustness-v2,synthetic__overlapping_density_16d__quality__n5000__OPTICS__42__f7ca9e1f5d6f,ok,overlapping_density_16d__quality__n5000,OPTICS,42,0.2.2,5000,16,1.2179482000065036,6.4855950999917695,194.078125,194.55078125,0.586082663415992,0.27148471956733383,0.5101502128218844,0.6544899810903152,0.9127355659584684,0.32462833320223394,0.48438967136150235,0.24411451555660713,0.5644098262432594,0.9505,0.71075,1,1.125,1,13,8,,
0.2.3,v0.2.2-seven-family-robustness-v2,synthetic__overlapping_density_16d__quality__n5000__SNN-DBSCAN__42__aa4abc7a289b,ok,overlapping_density_16d__quality__n5000,SNN-DBSCAN,42,0.2.2,5000,16,0.3115800999948988,6.935813399992185,237.73046875,237.7265625,0.008608078220505161,0.0013708518802632763,0.01453488372093023,0.028596718683615734,0.8786620271635425,0.0002942258183155572,0.02849002849002849,0.0001478764935525849,0.00916590284142988,0.9785,0.49175,0,0.125,0,12,8,,
0.2.3,v0.2.2-seven-family-robustness-stratascan-fast-v1,synthetic__overlapping_density_16d__quality__n5000__StrataSCAN__42__64421ab16f85,ok,overlapping_density_16d__quality__n5000,StrataSCAN,42,0.2.2,5000,16,1.0214500000001863,4.458693499997025,246.03125,246.03125,0.2024340151140235,0.04045764138956542,0.20168519557471604,0.32936621611707717,0.8976289470727049,0.04470900233489954,0.8822525597269625,0.022935644150005915,0.17257039055404177,0.9985,0.5467500000000001,0,0.375,0,3,8,,
0.2.3,v0.2.2-seven-family-robustness-v2,synthetic__overlapping_density_16d__quality__n5000__VDBSCAN-2007__42__9d8d831dba61,ok,overlapping_density_16d__quality__n5000,VDBSCAN-2007,42,0.2.2,5000,16,0.427423799992539,5.3881545000040205,195.33203125,195.5234375,0.0006295850577291283,-0.0003335100211385456,0.049426328639857034,0.045454985796733224,0.04207436399217221,0.011094200365404023,0.005578200768466986,0.9949278362711463,0.3376184032476319,0.0215,0.50975,0,1.0,1,1,8,,
0.2.3,v0.2.2-seven-family-robustness-v2,synthetic__overlapping_density_16d__quality__n5000__kNN+Leiden__42__e10f152e8395,ok,overlapping_density_16d__quality__n5000,kNN+Leiden,42,0.2.2,5000,16,1.0582443000021158,7.082540600007633,244.5234375,244.5234375,0.8960274517853677,0.8594172833312753,0.41462586430255,0.0,0.0,0.08543821576207263,0.04492019191427402,0.8718206553886194,0.33333333333333337,0.0,0.5,2,1.25,2,11,8,,
0.2.3,v0.2.2-seven-family-robustness-v2,synthetic__overlapping_density_16d__quality__n5000__kNN-DBSCAN__42__c1df57df39eb,ok,overlapping_density_16d__quality__n5000,kNN-DBSCAN,42,0.2.2,5000,16,0.2707366999966325,5.209640000000945,193.50390625,193.94140625,0.5348447576817753,0.22288072287777944,0.5260493628285914,0.6689334585288499,0.9183818310858766,0.2893384337377673,0.7005909762473008,0.1823169289009819,0.5536869340232858,0.9705,0.69925,1,0.875,0,24,8,,
0.2.3,v0.2.2-seven-family-robustness-v2,synthetic__overlapping_density_16d__quality__n5000__AMD-DBSCAN__73__2015f17220d0,ok,overlapping_density_16d__quality__n5000,AMD-DBSCAN,73,0.2.2,5000,16,2.141287000005832,7.15649090000079,787.484375,783.43359375,0.0,0.0,0.04868759992938535,0.0,0.0,0.010668135352564204,0.005362672534506901,1.0,0.33333333333333337,0.0,0.5,0,1.0,1,1,8,,
0.2.3,v0.2.2-seven-family-robustness-v2,synthetic__overlapping_density_16d__quality__n5000__DBSCAN__73__5b9f3eafc922,ok,overlapping_density_16d__quality__n5000,DBSCAN,73,0.2.2,5000,16,0.3998931999958586,5.715914200001862,194.9375,195.1875,0.5611179545574109,0.2447586877643599,0.5501196722302479,0.6897810651375704,0.9244840525328331,0.3208983722373383,0.8014425369575584,0.20061175768427336,0.5625,0.9855,0.69975,0,0.875,0,13,8,,
0.2.3,v0.2.2-seven-family-robustness-v2,synthetic__overlapping_density_16d__quality__n5000__HDBSCAN__73__355033239fb9,ok,overlapping_density_16d__quality__n5000,HDBSCAN,73,0.2.2,5000,16,0.6652769999927841,5.9231427000049734,185.53125,185.77734375,0.6080039367879325,0.3224413940579049,0.5853179395522985,0.7132242945668099,0.9126637554585152,0.3571694208965472,0.4948083172606938,0.27943897344076396,0.5899772209567198,0.9405,0.72925,0,1.0,2,15,8,,
0.2.3,v0.2.2-seven-family-robustness-v2,synthetic__overlapping_density_16d__quality__n5000__OPTICS__73__f4e3de10cf27,ok,overlapping_density_16d__quality__n5000,OPTICS,73,0.2.2,5000,16,1.0781750000023749,6.486321600008523,194.41796875,194.88671875,0.6000703643942552,0.314214566861416,0.5370142032978907,0.6784260178278785,0.9209358128374326,0.3483751458316635,0.4320807652373694,0.2918382572366458,0.6042042042042043,0.9595,0.73125,0,1.0,2,7,8,,
0.2.3,v0.2.2-seven-family-robustness-v2,synthetic__overlapping_density_16d__quality__n5000__SNN-DBSCAN__73__66991590c7f4,ok,overlapping_density_16d__quality__n5000,SNN-DBSCAN,73,0.2.2,5000,16,0.31620280000788625,6.6463402999943355,240.98046875,235.51171875,0.008321978613948648,0.0012476284670741552,0.013888888888888888,0.027346441621715678,0.8805468399820708,0.00029703999643552,0.03215434083601286,0.00014920919128618324,0.00929368029739777,0.98225,0.493625,0,0.125,0,9,8,,
0.2.3,v0.2.2-seven-family-robustness-stratascan-fast-v1,synthetic__overlapping_density_16d__quality__n5000__StrataSCAN__73__f42476e5a97a,ok,overlapping_density_16d__quality__n5000,StrataSCAN,73,0.2.2,5000,16,4.685344700003043,7.970251899998402,248.171875,248.171875,0.41913550211499817,0.12059063286188243,0.3928635460943343,0.5492308370824872,0.9123729007197532,0.1739542696142176,0.9437095825984715,0.09580722172485825,0.3849238171611868,0.99825,0.6191249999999999,0,0.625,0,5,8,,
0.2.3,v0.2.2-seven-family-robustness-v2,synthetic__overlapping_density_16d__quality__n5000__VDBSCAN-2007__73__074c6b055537,ok,overlapping_density_16d__quality__n5000,VDBSCAN-2007,73,0.2.2,5000,16,0.45535319999908097,5.235889099989436,196.421875,196.609375,0.0009962147585211416,-0.0007935937540623529,0.04916479584725353,0.03908304125000167,0.032432432432432434,0.010855688444099024,0.005457784515783353,0.9894359892569382,0.3359190556492411,0.0165,0.50625,0,1.0,1,1,8,,
0.2.3,v0.2.2-seven-family-robustness-v2,synthetic__overlapping_density_16d__quality__n5000__kNN+Leiden__73__6301576debbe,ok,overlapping_density_16d__quality__n5000,kNN+Leiden,73,0.2.2,5000,16,0.6894448999955785,6.790811900005792,244.484375,244.375,0.8332828441531432,0.7123263817525861,0.3967611892541091,0.0,0.0,0.07225762948233884,0.03774408072350159,0.8442256042972247,0.33333333333333337,0.0,0.5,3,1.375,2,10,8,,
0.2.3,v0.2.2-seven-family-robustness-v2,synthetic__overlapping_density_16d__quality__n5000__kNN-DBSCAN__73__62fb1191de98,ok,overlapping_density_16d__quality__n5000,kNN-DBSCAN,73,0.2.2,5000,16,0.2615511000039987,5.112539199995808,193.65625,194.12109375,0.5530939906329034,0.2432897104036874,0.5334124789629842,0.6764970209749058,0.9244840525328331,0.31737811821963297,0.807145905737455,0.19752312742464936,0.5625,0.9855,0.69975,0,0.75,0,16,8,,
0.2.3,v0.2.2-seven-family-robustness-v2,synthetic__overlapping_density_16d__quality__n5000__AMD-DBSCAN__101__67a5d6aaa130,ok,overlapping_density_16d__quality__n5000,AMD-DBSCAN,101,0.2.2,5000,16,2.158765599990147,7.154899600005592,792.83984375,796.69921875,0.0,0.0,0.04872936373214871,0.0,0.0,0.010308346085827952,0.005180876175235047,1.0,0.33333333333333337,0.0,0.5,0,1.0,1,1,8,,
0.2.3,v0.2.2-seven-family-robustness-v2,synthetic__overlapping_density_16d__quality__n5000__DBSCAN__101__77ed9255c9df,ok,overlapping_density_16d__quality__n5000,DBSCAN,101,0.2.2,5000,16,0.45196979999309406,5.811695399999735,194.75390625,195.01171875,0.5673448531691277,0.24514208176512564,0.5460306544209702,0.6871923772766899,0.926789077212806,0.36665836800986357,0.7888588481354895,0.2388336319268549,0.586436170212766,0.98425,0.712625,0,0.75,0,13,8,,
0.2.3,v0.2.2-seven-family-robustness-v2,synthetic__overlapping_density_16d__quality__n5000__HDBSCAN__101__782745b88b59,ok,overlapping_density_16d__quality__n5000,HDBSCAN,101,0.2.2,5000,16,0.5789186000038171,5.830590099998517,185.48046875,185.71875,0.05649228888958338,0.0007628504238063343,0.08082754307624686,0.14512977455817902,0.709849435382685,0.028560230185045547,0.01455043315963289,0.7686569469327238,0.489514348785872,0.56575,0.726375,0,1.0,1,2,8,,
0.2.3,v0.2.2-seven-family-robustness-v2,synthetic__overlapping_density_16d__quality__n5000__OPTICS__101__fae515c82f2c,ok,overlapping_density_16d__quality__n5000,OPTICS,101,0.2.2,5000,16,1.254971200003638,6.62469389999751,194.41796875,194.890625,0.7101853020796585,0.46208709198154496,0.6414491439791772,0.7595715193439776,0.9310177313577848,0.4891375601288904,0.608089805100893,0.4091091616729474,0.6783691959229898,0.95825,0.778625,0,0.875,0,9,8,,
0.2.3,v0.2.2-seven-family-robustness-v2,synthetic__overlapping_density_16d__quality__n5000__SNN-DBSCAN__101__5714ef437621,ok,overlapping_density_16d__quality__n5000,SNN-DBSCAN,101,0.2.2,5000,16,0.3346081000054255,6.504832100006752,241.984375,235.4765625,0.0,0.0,0.0,0.0,0.8769092542677448,0.0,0.0,0.0,0.0,0.976,0.488,0,0.0,0,15,8,,
0.2.3,v0.2.2-seven-family-robustness-stratascan-fast-v1,synthetic__overlapping_density_16d__quality__n5000__StrataSCAN__101__51abcae0af4d,ok,overlapping_density_16d__quality__n5000,StrataSCAN,101,0.2.2,5000,16,0.9892604000051506,4.148534900014056,245.96875,245.96875,0.2775422234196896,0.05735926388005492,0.25977730449318925,0.4034788756438235,0.9029850746268656,0.09706179454521498,0.9314414161281259,0.051198492617532586,0.2577854671280277,0.99825,0.5736249999999999,0,0.5,0,4,8,,
0.2.3,v0.2.2-seven-family-robustness-v2,synthetic__overlapping_density_16d__quality__n5000__VDBSCAN-2007__101__3187c8176f57,ok,overlapping_density_16d__quality__n5000,VDBSCAN-2007,101,0.2.2,5000,16,0.3918892999936361,5.249231099995086,197.0,195.82421875,0.0018677379566540352,-0.0001508635612024277,0.049264616712125446,0.041148792178318454,0.03532875368007851,0.010536739155304635,0.0052965135053833915,0.9914746401433249,0.3362592842673869,0.018,0.507,0,1.0,1,1,8,,
0.2.3,v0.2.2-seven-family-robustness-v2,synthetic__overlapping_density_16d__quality__n5000__kNN+Leiden__101__849acee483e3,ok,overlapping_density_16d__quality__n5000,kNN+Leiden,101,0.2.2,5000,16,0.756340399995679,6.678473899999517,244.01953125,244.015625,0.8505437793691596,0.8069542552620051,0.379272014996435,0.0,0.0,0.06646989433151027,0.03463306686348705,0.8232686723914252,0.33333333333333337,0.0,0.5,3,1.375,2,9,8,,
0.2.3,v0.2.2-seven-family-robustness-v2,synthetic__overlapping_density_16d__quality__n5000__kNN-DBSCAN__101__0a9d5440f2dd,ok,overlapping_density_16d__quality__n5000,kNN-DBSCAN,101,0.2.2,5000,16,0.2602075999893714,5.1059460999968,193.79296875,194.22265625,0.5640342765568007,0.2443294381417371,0.53209914093365,0.6760540878699703,0.926789077212806,0.3649059471784153,0.7895169578622816,0.23728918267745722,0.586436170212766,0.98425,0.712625,1,0.875,0,14,8,,
0.2.3,v0.2.2-seven-family-robustness-v2,synthetic__overlapping_density_16d__quality__n5000__AMD-DBSCAN__151__e6a0850cfc19,ok,overlapping_density_16d__quality__n5000,AMD-DBSCAN,151,0.2.2,5000,16,2.1957533999957377,7.055612099997234,793.08203125,792.140625,0.0,0.0,0.04865170370902337,0.0,0.0,0.010979203810771271,0.005519903980796159,1.0,0.33333333333333337,0.0,0.5,0,1.0,1,1,8,,
0.2.3,v0.2.2-seven-family-robustness-v2,synthetic__overlapping_density_16d__quality__n5000__DBSCAN__151__0161c8ca8a9a,ok,overlapping_density_16d__quality__n5000,DBSCAN,151,0.2.2,5000,16,0.402067499991972,5.6614904000016395,194.52734375,194.76171875,0.5743235729814723,0.24938402060646078,0.567725615418579,0.7029239361951108,0.9226421759095726,0.3046977396583044,0.7364530650808648,0.19208523592085236,0.5640345056403451,0.9795,0.70225,0,0.875,0,11,8,,
0.2.3,v0.2.2-seven-family-robustness-v2,synthetic__overlapping_density_16d__quality__n5000__HDBSCAN__151__7f24555a46d1,ok,overlapping_density_16d__quality__n5000,HDBSCAN,151,0.2.2,5000,16,0.5971876999974484,5.717742100008763,184.92578125,185.17578125,0.5660186806800319,0.2933199190476677,0.5375269996695207,0.6728309823411841,0.8991649009098841,0.250051609055669,0.20685369486637004,0.3160542146843517,0.5907941325240262,0.90175,0.742875,0,1.0,1,19,8,,
0.2.3,v0.2.2-seven-family-robustness-v2,synthetic__overlapping_density_16d__quality__n5000__OPTICS__151__82a65b4fb8f6,ok,overlapping_density_16d__quality__n5000,OPTICS,151,0.2.2,5000,16,1.1841019999992568,6.571605100005399,194.8125,195.28125,0.5451600629302854,0.21662439195340005,0.3709824616382646,0.5270997290231408,0.9100811123986096,0.27890872590704546,0.6282390001016157,0.179241864173371,0.4335766423357664,0.98175,0.639375,0,0.5,0,6,8,,
0.2.3,v0.2.2-seven-family-robustness-v2,synthetic__overlapping_density_16d__quality__n5000__SNN-DBSCAN__151__f223357949af,ok,overlapping_density_16d__quality__n5000,SNN-DBSCAN,151,0.2.2,5000,16,0.3555625000008149,6.500256800005445,241.76171875,235.51171875,0.0,0.0,0.0,0.0,0.8741274487727989,0.0,0.0,0.0,0.0,0.9705,0.48525,0,0.0,0,13,8,,
0.2.3,v0.2.2-seven-family-robustness-stratascan-fast-v1,synthetic__overlapping_density_16d__quality__n5000__StrataSCAN__151__f3be734dd327,ok,overlapping_density_16d__quality__n5000,StrataSCAN,151,0.2.2,5000,16,1.069988100003684,4.239598999993177,247.59765625,247.59765625,0.47678039617801543,0.16792119888869955,0.4289047951731829,0.5838246354697999,0.9139377226243823,0.21280818258148232,0.869348300592454,0.12124374864100891,0.42251349267540483,0.99425,0.634125,0,0.625,0,5,8,,
0.2.3,v0.2.2-seven-family-robustness-v2,synthetic__overlapping_density_16d__quality__n5000__VDBSCAN-2007__151__677771d6fed9,ok,overlapping_density_16d__quality__n5000,VDBSCAN-2007,151,0.2.2,5000,16,0.40896120000979863,5.416864099999657,197.20703125,197.41015625,0.00023003626057053957,-0.0006821083016661039,0.04920702933465214,0.039107961806939706,0.032448377581120944,0.01121317319701286,0.005638393775710646,0.9938682322243966,0.33648010788941335,0.0165,0.50725,0,1.0,1,1,8,,
0.2.3,v0.2.2-seven-family-robustness-v2,synthetic__overlapping_density_16d__quality__n5000__kNN+Leiden__151__76794937ee2d,ok,overlapping_density_16d__quality__n5000,kNN+Leiden,151,0.2.2,5000,16,0.6888036999880569,6.629030600000988,244.0703125,244.05859375,0.7818012789097429,0.6346222739974414,0.29200166734321686,0.0,0.0,0.0721301716440123,0.037635790049186504,0.8641588751177792,0.33333333333333337,0.0,0.5,2,1.25,3,9,8,,
0.2.3,v0.2.2-seven-family-robustness-v2,synthetic__overlapping_density_16d__quality__n5000__kNN-DBSCAN__151__09dd086638fc,ok,overlapping_density_16d__quality__n5000,kNN-DBSCAN,151,0.2.2,5000,16,0.2981449000071734,5.056272000001627,193.625,194.08203125,0.5700172290946577,0.24802075305034926,0.5574610390620451,0.6950016199713199,0.9226421759095726,0.30191599200803815,0.7425860697647995,0.18947597303761687,0.5640345056403451,0.9795,0.70225,0,0.875,0,12,8,,
0.2.3,v0.2.2-seven-family-robustness-v2,synthetic__overlapping_density_16d__quality__n50000__AMD-DBSCAN__23__78bf2606abc6,error,overlapping_density_16d__quality__n50000,AMD-DBSCAN,23,,,,,144.0462688999978,,5716.6953125,,,,,,,,,,,,,,,,,MemoryError,"Unable to allocate 18.6 GiB for an array with shape (50000, 50000) and data type float64"
0.2.3,v0.2.2-seven-family-robustness-v2,synthetic__overlapping_density_16d__quality__n50000__DBSCAN__23__d82c3b58a3d9,ok,overlapping_density_16d__quality__n50000,DBSCAN,23,0.2.2,50000,16,18.23986230000446,23.952945900004124,218.50390625,208.1015625,0.5220890928507742,0.20401851613681393,0.5365547122786892,0.6778398915836862,0.9201270466345534,0.27375368134861805,0.7680277889690522,0.16656113341537124,0.5356680520542345,0.98135,0.687225,0,0.875,1,77,8,,
0.2.3,v0.2.2-seven-family-robustness-v2,synthetic__overlapping_density_16d__quality__n50000__HDBSCAN__23__598ac4df6f4a,ok,overlapping_density_16d__quality__n50000,HDBSCAN,23,0.2.2,50000,16,75.09701299999142,80.45729150000261,203.859375,203.8515625,0.49104712523710903,0.17379780878052872,0.4899232451863693,0.6352581628562406,0.9031871245341578,0.234906100557639,0.7569501355607241,0.139025031351599,0.44875828368699383,0.960325,0.6477625,0,1.0,2,100,8,,
0.2.3,v0.2.2-seven-family-robustness-v2,synthetic__overlapping_density_16d__quality__n50000__OPTICS__23__8180be3de562,ok,overlapping_density_16d__quality__n50000,OPTICS,23,0.2.2,50000,16,50.83540489998995,56.19981629999529,217.23828125,208.29296875,0.3805833956097977,0.11236365794942799,0.22580903979285666,0.3608352257488487,0.8975247241753844,0.182264194414597,0.6893253856563967,0.10501566845720764,0.2849621061029119,0.981275,0.5799375,0,0.25,0,47,8,,
0.2.3,v0.2.2-seven-family-robustness-v2,synthetic__overlapping_density_16d__quality__n50000__SNN-DBSCAN__23__93090e4af720,ok,overlapping_density_16d__quality__n50000,SNN-DBSCAN,23,0.2.2,50000,16,5.429596099987975,11.488907899998594,319.4765625,319.3515625,0.0,0.0,0.0,0.0,0.888888888888889,0.0,0.0,0.0,0.0,1.0,0.5,0,0.0,0,0,8,,
0.2.3,v0.2.2-seven-family-robustness-stratascan-fast-v1,synthetic__overlapping_density_16d__quality__n50000__StrataSCAN__23__a9b044d9d714,ok,overlapping_density_16d__quality__n50000,StrataSCAN,23,0.2.2,50000,16,16.029710399976466,20.117014200019184,374.125,367.5,0.24320684799543957,0.049664021856224524,0.2334173647445814,0.37069765129078924,0.9000405515004056,0.061257414294125685,0.931197810074005,0.03167040144731316,0.2093727726300784,0.998775,0.5581375,0,0.5,0,4,8,,
0.2.3,v0.2.2-seven-family-robustness-v2,synthetic__overlapping_density_16d__quality__n50000__VDBSCAN-2007__23__d1a0e2fc0d65,ok,overlapping_density_16d__quality__n50000,VDBSCAN-2007,23,0.2.2,50000,16,30.635335999992094,35.67019849999633,249.359375,252.1953125,0.16654934008009054,0.02720917574908835,0.20031988140224255,0.07943022674709913,0.049536056111638783,0.010658041157381701,0.005360399778123017,0.910338097993204,0.3378408184733368,0.025425,0.5105125,3,1.375,1,17,8,,
0.2.3,v0.2.2-seven-family-robustness-v2,synthetic__overlapping_density_16d__quality__n50000__kNN+Leiden__23__23881609d4b1,ok,overlapping_density_16d__quality__n50000,kNN+Leiden,23,0.2.2,50000,16,37.938881100009894,44.58652979999897,429.734375,475.265625,0.8847794880961984,0.855913174629416,0.4799090429536997,0.0,0.0,0.08752470828773992,0.04610969969206083,0.859638670985894,0.33333333333333337,0.0,0.5,2,1.25,2,12,8,,
0.2.3,v0.2.2-seven-family-robustness-v2,synthetic__overlapping_density_16d__quality__n50000__kNN-DBSCAN__23__782db7aa9b1b,ok,overlapping_density_16d__quality__n50000,kNN-DBSCAN,23,0.2.2,50000,16,10.47433060000185,35.98282370000379,31.359375,115.90625,0.5183855019848437,0.20331856035324228,0.5316302704814849,0.6738974199010481,0.9201289188397306,0.27234628639550257,0.7745309482915882,0.16522131145133673,0.5356047700170359,0.981375,0.6871875000000001,0,0.875,1,85,8,,
0.2.3,v0.2.2-seven-family-robustness-v2,synthetic__overlapping_density_16d__quality__n50000__AMD-DBSCAN__42__68c7b34dc86a,error,overlapping_density_16d__quality__n50000,AMD-DBSCAN,42,,,,,138.57804369999212,,3186.421875,,,,,,,,,,,,,,,,,MemoryError,"Unable to allocate 18.6 GiB for an array with shape (50000, 50000) and data type float64"
0.2.3,v0.2.2-seven-family-robustness-v2,synthetic__overlapping_density_16d__quality__n50000__DBSCAN__42__48a505f21531,ok,overlapping_density_16d__quality__n50000,DBSCAN,42,0.2.2,50000,16,18.35173950000899,24.36837650000234,218.546875,208.76171875,0.5170061206327868,0.20959893852806813,0.5401590706579513,0.6804607623046544,0.9192203827638841,0.2674201608430328,0.7424324597486723,0.16308042429829325,0.5360755225893459,0.978625,0.6880625,0,0.875,1,104,8,,
0.2.3,v0.2.2-seven-family-robustness-v2,synthetic__overlapping_density_16d__quality__n50000__HDBSCAN__42__ac340727dced,ok,overlapping_density_16d__quality__n50000,HDBSCAN,42,0.2.2,50000,16,77.3125211000006,82.32085389998974,203.49609375,207.61328125,0.49604954152538144,0.1798090498961794,0.48134936837921527,0.6281802250205792,0.9039085848227366,0.22875974432786939,0.7831539652575986,0.1339421657565571,0.44129471890971034,0.964075,0.6439375,0,0.75,0,89,8,,
0.2.3,v0.2.2-seven-family-robustness-v2,synthetic__overlapping_density_16d__quality__n50000__OPTICS__42__61661fb57f69,ok,overlapping_density_16d__quality__n50000,OPTICS,42,0.2.2,50000,16,51.07137089999742,56.30721640000411,216.91796875,209.2265625,0.23157078023628958,0.05355286615123373,0.12325508746924074,0.2164718200119331,0.8882394916578884,0.09626484722479095,0.7837066505232206,0.051281976870307465,0.15760266370699225,0.98025,0.536275,0,0.125,0,62,8,,
0.2.3,v0.2.2-seven-family-robustness-v2,synthetic__overlapping_density_16d__quality__n50000__SNN-DBSCAN__42__4babadf5bbb5,ok,overlapping_density_16d__quality__n50000,SNN-DBSCAN,42,0.2.2,50000,16,5.78599309999845,11.824394499999471,320.66015625,316.859375,0.0,0.0,0.0,0.0,0.888888888888889,0.0,0.0,0.0,0.0,1.0,0.5,0,0.0,0,0,8,,
0.2.3,v0.2.2-seven-family-robustness-stratascan-fast-v1,synthetic__overlapping_density_16d__quality__n50000__StrataSCAN__42__7988e7a42c56,ok,overlapping_density_16d__quality__n50000,StrataSCAN,42,0.2.2,50000,16,69.23949740000535,75.20833479997236,434.9765625,434.9765625,0.28692600615447156,0.06552140564850342,0.2696434076137453,0.4151904871145804,0.9021489955168092,0.0797340937585896,0.9314209689457118,0.04164975613281036,0.24303310911155757,0.9986,0.5688500000000001,0,0.5,0,4,8,,
0.2.3,v0.2.2-seven-family-robustness-v2,synthetic__overlapping_density_16d__quality__n50000__VDBSCAN-2007__42__19eb9c83cd5f,ok,overlapping_density_16d__quality__n50000,VDBSCAN-2007,42,0.2.2,50000,16,18.202775699988706,23.279464599996572,258.6328125,265.59375,0.0013397793007085537,-0.0007354709004712091,0.049430420747652484,0.04909728266111865,0.048768604906092416,0.01129916737612594,0.005682084302618803,0.9877170394771304,0.33757994198374863,0.025025,0.5100125,0,1.0,1,1,8,,
0.2.3,v0.2.2-seven-family-robustness-v2,synthetic__overlapping_density_16d__quality__n50000__kNN+Leiden__42__3cc550f1f93e,ok,overlapping_density_16d__quality__n50000,kNN+Leiden,42,0.2.2,50000,16,53.01373289999901,59.414433500001905,441.7421875,476.8984375,0.8805613698968191,0.8544122983623289,0.4032473665112801,0.0,0.0,0.07828649933570243,0.04101564688017398,0.857449314468602,0.33333333333333337,0.0,0.5,2,1.25,2,10,8,,
0.2.3,v0.2.2-seven-family-robustness-v2,synthetic__overlapping_density_16d__quality__n50000__kNN-DBSCAN__42__24e138af3a80,ok,overlapping_density_16d__quality__n50000,kNN-DBSCAN,42,0.2.2,50000,16,4.7985862999921665,83.02275090001058,193.13671875,181.4140625,0.5139590413062192,0.2085834225605417,0.5358454631467758,0.6770278790068073,0.9192203827638841,0.2650477934956014,0.758258540127982,0.16059103893821824,0.5360755225893459,0.978625,0.6880625,0,0.875,1,112,8,,
0.2.3,v0.2.2-seven-family-robustness-v2,synthetic__overlapping_density_16d__quality__n50000__AMD-DBSCAN__73__d12cfaea5854,error,overlapping_density_16d__quality__n50000,AMD-DBSCAN,73,,,,,6.080718900004285,,186.640625,,,,,,,,,,,,,,,,,MemoryError,"Unable to allocate 18.6 GiB for an array with shape (50000, 50000) and data type float64"
0.2.3,v0.2.2-seven-family-robustness-v2,synthetic__overlapping_density_16d__quality__n50000__DBSCAN__73__03816a76d2df,ok,overlapping_density_16d__quality__n50000,DBSCAN,73,0.2.2,50000,16,18.37058510001225,24.15861810000206,217.02734375,214.5234375,0.5145681965840765,0.20344121403610044,0.5385066502943112,0.6797378099092969,0.9213841268353274,0.27125088665444586,0.7805479017637953,0.16414710610556268,0.5423913784871427,0.982875,0.6902375000000001,0,0.875,1,84,8,,
0.2.3,v0.2.2-seven-family-robustness-v2,synthetic__overlapping_density_16d__quality__n50000__HDBSCAN__73__712cdfe81e33,ok,overlapping_density_16d__quality__n50000,HDBSCAN,73,0.2.2,50000,16,76.78729959999328,81.61355090000143,203.421875,203.26953125,0.5015455474844185,0.18158535111979157,0.49220651997015796,0.6379330642325196,0.9062423099007465,0.23934581304437197,0.8047005087445972,0.14057951599165083,0.45434085794175816,0.9667,0.6499,0,0.875,1,83,8,,
0.2.3,v0.2.2-seven-family-robustness-v2,synthetic__overlapping_density_16d__quality__n50000__OPTICS__73__164ecaee9458,ok,overlapping_density_16d__quality__n50000,OPTICS,73,0.2.2,50000,16,50.93410640000366,56.247474399991916,217.08203125,208.3984375,0.3700443447104318,0.10673319763931216,0.21954643345804764,0.35260569156602023,0.8950844062947068,0.17978805708363232,0.7034418805218969,0.10306486165841422,0.2739009900990099,0.9776,0.57525,0,0.25,0,59,8,,
0.2.3,v0.2.2-seven-family-robustness-v2,synthetic__overlapping_density_16d__quality__n50000__SNN-DBSCAN__73__a4f8d032bae2,ok,overlapping_density_16d__quality__n50000,SNN-DBSCAN,73,0.2.2,50000,16,5.71984180000436,12.195230400000582,318.1171875,310.34375,0.0,0.0,0.0,0.0,0.888888888888889,0.0,0.0,0.0,0.0,1.0,0.5,0,0.0,0,0,8,,
0.2.3,v0.2.2-seven-family-robustness-stratascan-fast-v1,synthetic__overlapping_density_16d__quality__n50000__StrataSCAN__73__0674fe08d9b4,ok,overlapping_density_16d__quality__n50000,StrataSCAN,73,0.2.2,50000,16,8.815348700009054,12.434816199995112,338.953125,345.65234375,0.6077072351586084,0.44116745074872227,0.45077942156503076,0.42855527568969093,0.4084195396864422,0.08399925888557452,0.04586809555010981,0.49798627231202675,0.3361840290304098,0.26995,0.5310250000000001,3,1.375,3,129,8,,
0.2.3,v0.2.2-seven-family-robustness-v2,synthetic__overlapping_density_16d__quality__n50000__VDBSCAN-2007__73__709e32bb26c0,ok,overlapping_density_16d__quality__n50000,VDBSCAN-2007,73,0.2.2,50000,16,17.738437799998792,22.60460730000341,259.828125,266.83984375,0.0025450169882931944,-0.0009328976418490344,0.04940989246401743,0.048204805671961275,0.04705710245282099,0.011188935822183742,0.005626350630034005,0.9872570188698672,0.33740209541247074,0.024125,0.5096125,0,1.0,1,1,8,,
0.2.3,v0.2.2-seven-family-robustness-v2,synthetic__overlapping_density_16d__quality__n50000__kNN+Leiden__73__8f92799bc871,ok,overlapping_density_16d__quality__n50000,kNN+Leiden,73,0.2.2,50000,16,66.91608759999508,73.44383549998747,446.5625,475.37890625,0.883915272732428,0.8504220512347528,0.41825645441196496,0.0,0.0,0.07476124605430627,0.039086877555680445,0.8563152863708265,0.33333333333333337,0.0,0.5,2,1.25,2,10,8,,
0.2.3,v0.2.2-seven-family-robustness-v2,synthetic__overlapping_density_16d__quality__n50000__kNN-DBSCAN__73__ebbb453e9627,ok,overlapping_density_16d__quality__n50000,kNN-DBSCAN,73,0.2.2,50000,16,4.675302000003285,74.35552700000699,208.0234375,199.30859375,0.5103563659974546,0.20233863942339,0.5312306325211148,0.6739122941453477,0.9213841268353274,0.2684768315770335,0.7891381871577857,0.16175400376274138,0.5423913784871427,0.982875,0.6902375000000001,0,0.875,1,93,8,,
0.2.3,v0.2.2-seven-family-robustness-v2,synthetic__overlapping_density_16d__quality__n50000__AMD-DBSCAN__101__b5e9fbee9a98,error,overlapping_density_16d__quality__n50000,AMD-DBSCAN,101,,,,,7.719612499990035,,173.0390625,,,,,,,,,,,,,,,,,MemoryError,"Unable to allocate 18.6 GiB for an array with shape (50000, 50000) and data type float64"
0.2.3,v0.2.2-seven-family-robustness-v2,synthetic__overlapping_density_16d__quality__n50000__DBSCAN__101__9d2cce4c1ea6,ok,overlapping_density_16d__quality__n50000,DBSCAN,101,0.2.2,50000,16,17.966070099995704,23.456999999994878,214.359375,208.6328125,0.4817347981503472,0.19866699424470194,0.5030476385260445,0.6504936468388385,0.9202131405366071,0.2581099282501723,0.5769919956293466,0.16623693970186737,0.5406135964319503,0.98005,0.690025,0,0.875,1,96,8,,
0.2.3,v0.2.2-seven-family-robustness-v2,synthetic__overlapping_density_16d__quality__n50000__HDBSCAN__101__e90222e4d392,ok,overlapping_density_16d__quality__n50000,HDBSCAN,101,0.2.2,50000,16,73.62575279999874,78.96941109999898,203.27734375,203.21484375,0.470874451144713,0.17690022386330165,0.4740339113475849,0.6223552459810904,0.9057602088207974,0.23287626858334062,0.6163649682709196,0.143557780999588,0.4639154571600562,0.962925,0.6548625,0,0.875,1,90,8,,
0.2.3,v0.2.2-seven-family-robustness-v2,synthetic__overlapping_density_16d__quality__n50000__OPTICS__101__6f312bd29983,ok,overlapping_density_16d__quality__n50000,OPTICS,101,0.2.2,50000,16,49.25178700000106,54.66844310000306,221.4375,209.015625,0.011361860901839254,9.838034650403039e-05,0.01240025184811911,0.024456768603534754,0.8822785235275019,8.01246422456736e-05,0.07078039927404718,4.008500958663105e-05,0.01535724318756438,0.985075,0.4966375,0,0.0,0,63,8,,
0.2.3,v0.2.2-seven-family-robustness-v2,synthetic__overlapping_density_16d__quality__n50000__SNN-DBSCAN__101__694bb575cc11,ok,overlapping_density_16d__quality__n50000,SNN-DBSCAN,101,0.2.2,50000,16,6.361907800004701,12.81754550000187,318.84375,304.84375,0.0,0.0,0.0,0.0,0.888888888888889,0.0,0.0,0.0,0.0,1.0,0.5,0,0.0,0,0,8,,
0.2.3,v0.2.2-seven-family-robustness-stratascan-fast-v1,synthetic__overlapping_density_16d__quality__n50000__StrataSCAN__101__94652b3b4ac0,ok,overlapping_density_16d__quality__n50000,StrataSCAN,101,0.2.2,50000,16,8.38007079999079,11.54993090001517,339.515625,337.63671875,0.6289746262961462,0.46619487853028957,0.4542338301437885,0.4537380010392393,0.4532432532211024,0.08816807864880406,0.048301723709348356,0.5048588023891253,0.35364203727141796,0.306925,0.5586125,2,1.25,2,152,8,,
0.2.3,v0.2.2-seven-family-robustness-v2,synthetic__overlapping_density_16d__quality__n50000__VDBSCAN-2007__101__83789a2712e4,ok,overlapping_density_16d__quality__n50000,VDBSCAN-2007,101,0.2.2,50000,16,18.20205450001231,23.189612399990438,259.359375,266.0078125,0.0025916643440827805,-0.0008889187009885093,0.049528089815137,0.05089028990906702,0.05232953992802256,0.011198565546369336,0.0056312099579100845,0.9875827505834351,0.3380664447312997,0.0269,0.51105,0,1.0,1,1,8,,
0.2.3,v0.2.2-seven-family-robustness-v2,synthetic__overlapping_density_16d__quality__n50000__kNN+Leiden__101__032b0b41304e,ok,overlapping_density_16d__quality__n50000,kNN+Leiden,101,0.2.2,50000,16,57.71692229999462,63.9544911999983,447.0,476.19921875,0.869999346446742,0.8229570538724066,0.3822635223041634,0.0,0.0,0.0852526511410123,0.04494412935630467,0.8265596519270317,0.33333333333333337,0.0,0.5,2,1.25,2,11,8,,
0.2.3,v0.2.2-seven-family-robustness-v2,synthetic__overlapping_density_16d__quality__n50000__kNN-DBSCAN__101__a7f6773c4d07,ok,overlapping_density_16d__quality__n50000,kNN-DBSCAN,101,0.2.2,50000,16,5.029171899994253,10.956210599993938,215.8203125,206.2578125,0.5108714241873917,0.20378603153372585,0.5311979765563811,0.6735696768307232,0.9202023402931823,0.2695842197391823,0.7697988879834983,0.16340426569107877,0.5405149692505237,0.98005,0.689975,0,0.875,1,102,8,,
0.2.3,v0.2.2-seven-family-robustness-v2,synthetic__overlapping_density_16d__quality__n50000__AMD-DBSCAN__151__33447eff4b3f,error,overlapping_density_16d__quality__n50000,AMD-DBSCAN,151,,,,,26.259803000008105,,105.55859375,,,,,,,,,,,,,,,,,MemoryError,"Unable to allocate 18.6 GiB for an array with shape (50000, 50000) and data type float64"
0.2.3,v0.2.2-seven-family-robustness-v2,synthetic__overlapping_density_16d__quality__n50000__DBSCAN__151__8d564b32800a,ok,overlapping_density_16d__quality__n50000,DBSCAN,151,0.2.2,50000,16,16.854189199992106,22.217084600008093,217.13671875,212.03515625,0.5211296085794979,0.21027211337082363,0.5382158251595849,0.6790460640068539,0.9196944988678625,0.272165442689797,0.7685638784429312,0.165361865617908,0.5363408521303259,0.9799,0.6879,0,0.875,1,94,8,,
0.2.3,v0.2.2-seven-family-robustness-v2,synthetic__overlapping_density_16d__quality__n50000__HDBSCAN__151__d8fb830cfe75,ok,overlapping_density_16d__quality__n50000,HDBSCAN,151,0.2.2,50000,16,77.16535650000151,82.34878049998952,203.390625,203.3828125,0.055875096296976914,-0.002428380724702409,0.08358801410964642,0.15049889962881538,0.754320749966678,0.03095167099334831,0.015896427841080446,0.5849143607228084,0.4892077470209687,0.636675,0.7155374999999999,0,1.0,1,2,8,,
0.2.3,v0.2.2-seven-family-robustness-v2,synthetic__overlapping_density_16d__quality__n50000__OPTICS__151__168337b5e874,ok,overlapping_density_16d__quality__n50000,OPTICS,151,0.2.2,50000,16,48.783018200003426,54.04437930000131,219.3359375,208.55859375,0.22326405358729517,0.05163878447754866,0.1151269651091015,0.20383696638522752,0.8883356719322862,0.09321251263107498,0.7524640548274278,0.04968356612542972,0.15135878912968695,0.9813,0.53465,0,0.125,0,60,8,,
0.2.3,v0.2.2-seven-family-robustness-v2,synthetic__overlapping_density_16d__quality__n50000__SNN-DBSCAN__151__c1d1d0fc80c1,ok,overlapping_density_16d__quality__n50000,SNN-DBSCAN,151,0.2.2,50000,16,5.9400905000075,12.486052200008999,316.38671875,312.9453125,0.0,0.0,0.0,0.0,0.888888888888889,0.0,0.0,0.0,0.0,1.0,0.5,0,0.0,0,0,8,,
0.2.3,v0.2.2-seven-family-robustness-stratascan-fast-v1,synthetic__overlapping_density_16d__quality__n50000__StrataSCAN__151__01de0986ff02,ok,overlapping_density_16d__quality__n50000,StrataSCAN,151,0.2.2,50000,16,35.2302447000111,38.25707140000304,371.1875,371.1875,0.3583154945530245,0.09265228419490358,0.33858731732075126,0.49311057293116195,0.9070808526110076,0.12090554166860223,0.9221735950059433,0.06469374702871719,0.3178178178178178,0.997925,0.5942125,0,0.625,0,5,8,,
0.2.3,v0.2.2-seven-family-robustness-v2,synthetic__overlapping_density_16d__quality__n50000__VDBSCAN-2007__151__f54dfdb1d438,ok,overlapping_density_16d__quality__n50000,VDBSCAN-2007,151,0.2.2,50000,16,21.15429619999486,26.737378500009072,257.828125,260.56640625,0.0030982090498627647,-0.0011455332187903543,0.049401706801547554,0.049173197122079,0.04894679167173993,0.011215201545941637,0.0056397272865565794,0.984399972534085,0.33732077712734365,0.025125,0.5095625,0,1.0,1,1,8,,
0.2.3,v0.2.2-seven-family-robustness-v2,synthetic__overlapping_density_16d__quality__n50000__kNN+Leiden__151__cafe2813e32a,ok,overlapping_density_16d__quality__n50000,kNN+Leiden,151,0.2.2,50000,16,61.67195709999942,67.91909490000398,445.52734375,474.75390625,0.8514741919560044,0.7333144270941334,0.4161610874677352,0.0,0.0,0.08384184912874591,0.044035437158992725,0.8730173771479797,0.33333333333333337,0.0,0.5,2,1.25,2,10,8,,
0.2.3,v0.2.2-seven-family-robustness-v2,synthetic__overlapping_density_16d__quality__n50000__kNN-DBSCAN__151__173f056508d0,ok,overlapping_density_16d__quality__n50000,kNN-DBSCAN,151,0.2.2,50000,16,4.962786300005973,10.939587000000756,216.85546875,211.0234375,0.5177745489216885,0.2094526862259219,0.5354624482382138,0.6768505197661044,0.9196944988678625,0.27015497645824343,0.7758270149456034,0.1635534013051558,0.5363408521303259,0.9799,0.6879,0,0.875,1,102,8,,
0.2.3,v0.2.2-seven-family-robustness-v2,synthetic__rings_2d__quality__n100000__AMD-DBSCAN__23__7cf8877d6504,error,rings_2d__quality__n100000,AMD-DBSCAN,23,,,,,5.099498299998231,,188.15234375,,,,,,,,,,,,,,,,,MemoryError,"Unable to allocate 74.5 GiB for an array with shape (100000, 100000) and data type float64"
0.2.3,v0.2.2-seven-family-robustness-v2,synthetic__rings_2d__quality__n100000__DBSCAN__23__80507000ed25,ok,rings_2d__quality__n100000,DBSCAN,23,0.2.2,100000,2,2.54915500000061,14.384999200003222,229.921875,229.6328125,0.9884929623612548,0.9965643164951535,0.9359280691950547,0.6719321032309277,0.5240999409797364,0.8689848658457399,0.770363649897905,0.9965640387230978,0.5080333536709376,0.3552,0.6772,0,1.0,0,4628,2,,
0.2.3,v0.2.2-seven-family-robustness-v2,synthetic__rings_2d__quality__n100000__HDBSCAN__23__37f7ece9cd4d,ok,rings_2d__quality__n100000,HDBSCAN,23,0.2.2,100000,2,115.41971039999044,121.30122819999815,207.70703125,220.76171875,0.9884967955753763,0.9954553245801421,0.925104477059471,0.6852784156028919,0.54419908255991,0.8413745059873464,0.7286024961030364,0.9954485510840867,0.5149091209346971,0.37409333333333333,0.6859266666666667,0,1.0,0,426,2,,
0.2.3,v0.2.2-seven-family-robustness-v2,synthetic__rings_2d__quality__n100000__OPTICS__23__3394b661cf3d,ok,rings_2d__quality__n100000,OPTICS,23,0.2.2,100000,2,210.1854255000071,215.52018740000494,208.4609375,202.875,0.021218236585001295,0.0001567182121070214,0.011530019933221999,0.02275329106231028,0.8552466903195435,0.00012155222044721965,0.38673290711406116,6.0785662853028246e-05,0.023243201363601147,0.9931466666666666,0.5025733333333333,0,0.0,0,14,2,,
0.2.3,v0.2.2-seven-family-robustness-v2,synthetic__rings_2d__quality__n100000__SNN-DBSCAN__23__687c3bc8f4f0,ok,rings_2d__quality__n100000,SNN-DBSCAN,23,0.2.2,100000,2,2.567203500002506,12.668215999990935,323.390625,325.390625,0.1869027880106026,0.004787871232112431,0.045285612055725205,0.07168928130922281,0.17193638472097317,0.009129920557002073,0.24468645273543735,0.0046517449395951675,0.3940879021923597,0.09686666666666667,0.5035733333333333,0,0.0,0,2569,2,,
0.2.3,v0.2.2-seven-family-robustness-stratascan-fast-v1,synthetic__rings_2d__quality__n100000__StrataSCAN__23__aab7629007af,ok,rings_2d__quality__n100000,StrataSCAN,23,0.2.2,100000,2,3.733271800010698,6.452221899991855,340.94140625,331.28125,0.6078571132163995,0.5999404873042743,0.707732627001256,0.8225699587091241,0.9818927598024665,0.7113315403479047,0.8741878451863245,0.5996247955836467,0.9481573051070077,0.9702933333333333,0.9760266666666666,5,3.5,0,7,2,,
0.2.3,v0.2.2-seven-family-robustness-v2,synthetic__rings_2d__quality__n100000__VDBSCAN-2007__23__0c1174080dd8,ok,rings_2d__quality__n100000,VDBSCAN-2007,23,0.2.2,100000,2,2.6554283000004943,8.1150401999912,250.42578125,260.21484375,0.0,0.0,0.23206809806269552,0.05895533475728899,0.033766778523489936,0.06662103423774482,0.03445834232063178,1.0,0.4041645111226073,0.017173333333333332,0.5085866666666666,0,1.0,1,280,2,,
0.2.3,v0.2.2-seven-family-robustness-v2,synthetic__rings_2d__quality__n100000__kNN+Leiden__23__97f2a985f401,ok,rings_2d__quality__n100000,kNN+Leiden,23,0.2.2,100000,2,53.076259099994786,59.433376800006954,566.60546875,599.47265625,0.4247137178425648,0.16429766424629078,0.3263052917746728,0.0,0.0,0.17905535685376125,0.19670201025246542,0.16431429074325946,0.4,0.0,0.5,12,7.0,0,40,2,,
0.2.3,v0.2.2-seven-family-robustness-v2,synthetic__rings_2d__quality__n100000__kNN-DBSCAN__23__abf1321cbfb4,ok,rings_2d__quality__n100000,kNN-DBSCAN,23,0.2.2,100000,2,0.9299344000028213,6.548512900000787,207.53515625,207.5,0.6551341874515042,0.6743988075598264,0.7859830261762801,0.8675108555236973,0.9679094008173444,0.7631624589464856,0.8814814154561622,0.6728478438275062,0.909721825010963,0.9521066666666667,0.9531933333333333,1,1.5,0,411,2,,
0.2.3,v0.2.2-seven-family-robustness-v2,synthetic__rings_2d__quality__n100000__AMD-DBSCAN__42__1d83858248b7,error,rings_2d__quality__n100000,AMD-DBSCAN,42,,,,,5.060391200007871,,188.79296875,,,,,,,,,,,,,,,,,MemoryError,"Unable to allocate 74.5 GiB for an array with shape (100000, 100000) and data type float64"
0.2.3,v0.2.2-seven-family-robustness-v2,synthetic__rings_2d__quality__n100000__DBSCAN__42__4b8ee56163f5,ok,rings_2d__quality__n100000,DBSCAN,42,0.2.2,100000,2,2.457055200007744,14.060584299993934,229.66796875,227.9375,0.9894230171318892,0.9966446909320202,0.9353246175812999,0.676527795658136,0.5299068259084719,0.8670626976862006,0.7673005257607616,0.9966433538683095,0.5100630022566448,0.36057333333333336,0.6798066666666667,0,1.0,0,4614,2,,
0.2.3,v0.2.2-seven-family-robustness-v2,synthetic__rings_2d__quality__n100000__HDBSCAN__42__252c3764561a,ok,rings_2d__quality__n100000,HDBSCAN,42,0.2.2,100000,2,117.13869570000679,122.85046149999835,207.8515625,215.484375,0.9885838570396585,0.995848114829336,0.931598654533426,0.6983115125077034,0.5584633853541416,0.8541787149616805,0.7477984864422917,0.9958456004480358,0.5204693611473273,0.38766666666666666,0.6928333333333333,0,1.0,0,440,2,,
0.2.3,v0.2.2-seven-family-robustness-v2,synthetic__rings_2d__quality__n100000__OPTICS__42__4e52a03ed332,ok,rings_2d__quality__n100000,OPTICS,42,0.2.2,100000,2,211.29694970000128,216.6402575000102,209.5234375,208.0,0.022219695866357875,5.952865179910102e-05,0.008203624522086046,0.016251215433927657,0.8544240515784999,9.318988754690131e-05,0.30224159402241596,4.660212817025362e-05,0.024640024640024644,0.99128,0.50204,0,0.0,0,20,2,,
0.2.3,v0.2.2-seven-family-robustness-v2,synthetic__rings_2d__quality__n100000__SNN-DBSCAN__42__ded25e0c2aab,ok,rings_2d__quality__n100000,SNN-DBSCAN,42,0.2.2,100000,2,2.582004299998516,12.360761300005834,322.27734375,315.34375,0.1869679008507642,0.004635410039560221,0.033376894023281686,0.056024211833644484,0.17427661111703324,0.00897856945838104,0.24495587126607965,0.0045730954476358105,0.3967777383599692,0.09809333333333334,0.5076066666666667,0,0.0,0,2612,2,,
0.2.3,v0.2.2-seven-family-robustness-stratascan-fast-v1,synthetic__rings_2d__quality__n100000__StrataSCAN__42__ac72c9dc6e17,ok,rings_2d__quality__n100000,StrataSCAN,42,0.2.2,100000,2,3.9354173000028823,6.90410030001658,337.41015625,330.859375,0.8268988930346978,0.8678292258327615,0.9232409055678679,0.9510319561641507,0.980548044715283,0.8590274419487675,0.8513394637749766,0.8668555372429795,0.9436542882749483,0.97188,0.97028,1,1.5,0,5,2,,
0.2.3,v0.2.2-seven-family-robustness-v2,synthetic__rings_2d__quality__n100000__VDBSCAN-2007__42__7276345e22ed,ok,rings_2d__quality__n100000,VDBSCAN-2007,42,0.2.2,100000,2,2.821423400004278,8.326528000005055,250.05859375,261.83984375,7.347483611804529e-15,0.0,0.23386938340209368,0.0623665600114977,0.03598083117291225,0.06775711916586621,0.035066662651181225,0.99992,0.4044456667691263,0.01832,0.50916,0,1.0,1,288,2,,
0.2.3,v0.2.2-seven-family-robustness-v2,synthetic__rings_2d__quality__n100000__kNN+Leiden__42__6a2b56d1124d,ok,rings_2d__quality__n100000,kNN+Leiden,42,0.2.2,100000,2,47.357717999999295,53.43783629999962,568.46875,599.10546875,0.4304571451723167,0.16766474476420842,0.3350239124837342,0.0,0.0,0.1778171894063847,0.18923455571473907,0.16769915033202656,0.4,0.0,0.5,11,6.5,0,39,2,,
0.2.3,v0.2.2-seven-family-robustness-v2,synthetic__rings_2d__quality__n100000__kNN-DBSCAN__42__b9005b21b54d,ok,rings_2d__quality__n100000,kNN-DBSCAN,42,0.2.2,100000,2,0.9242353000008734,6.515453999993042,209.4453125,199.29296875,0.7519678005681695,0.8609321673736378,0.9268977076074925,0.9469180821818979,0.9678224029825454,0.8619154895816545,0.8644742602034197,0.8593718217457397,0.9095378751786565,0.9518533333333333,0.9532066666666666,0,1.0,0,426,2,,
0.2.3,v0.2.2-seven-family-robustness-v2,synthetic__rings_2d__quality__n100000__AMD-DBSCAN__73__188204f6ee10,error,rings_2d__quality__n100000,AMD-DBSCAN,73,,,,,5.058541400008835,,188.828125,,,,,,,,,,,,,,,,,MemoryError,"Unable to allocate 74.5 GiB for an array with shape (100000, 100000) and data type float64"
0.2.3,v0.2.2-seven-family-robustness-v2,synthetic__rings_2d__quality__n100000__DBSCAN__73__8d0f80386858,ok,rings_2d__quality__n100000,DBSCAN,73,0.2.2,100000,2,2.4834643000067445,13.514550600011717,229.8125,229.10546875,0.989191074291769,0.9965641116871051,0.935931181103079,0.672851226779629,0.52521817752968,0.8686563505592632,0.7698477423500233,0.9965635330826466,0.5082851559319274,0.35628,0.67752,0,1.0,0,4590,2,,
0.2.3,v0.2.2-seven-family-robustness-v2,synthetic__rings_2d__quality__n100000__HDBSCAN__73__80741e9ad875,ok,rings_2d__quality__n100000,HDBSCAN,73,0.2.2,100000,2,115.8659081000078,121.73621080000885,208.734375,222.39453125,0.9867383781699393,0.9948945531328283,0.9303798959619756,0.6976547654097641,0.5580613558215033,0.8515703215013445,0.7443438065395057,0.9948891719337547,0.5201384977994703,0.3873466666666667,0.6924133333333333,0,1.0,0,433,2,,
0.2.3,v0.2.2-seven-family-robustness-v2,synthetic__rings_2d__quality__n100000__OPTICS__73__e8a31f2eb65b,ok,rings_2d__quality__n100000,OPTICS,73,0.2.2,100000,2,207.39730329999293,213.01724939999986,209.796875,202.2421875,0.012200384761659583,4.258361489354248e-05,0.006935014859602377,0.013758504176746891,0.8555477858150012,4.318742056679432e-05,0.28832678174670995,2.1595327626210096e-05,0.013002271481162373,0.9950933333333334,0.5008666666666667,0,0.0,0,12,2,,
0.2.3,v0.2.2-seven-family-robustness-v2,synthetic__rings_2d__quality__n100000__SNN-DBSCAN__73__90a81329935c,ok,rings_2d__quality__n100000,SNN-DBSCAN,73,0.2.2,100000,2,2.3846109000005526,12.432051900002989,322.859375,316.60546875,0.1893060658929125,0.005410098158947844,0.05443547005767395,0.08267944262066591,0.17183799147323545,0.01050827105670193,0.2804811770121602,0.005354437955036403,0.39485981308411217,0.09673333333333334,0.5046666666666666,0,0.0,0,2571,2,,
0.2.3,v0.2.2-seven-family-robustness-stratascan-fast-v1,synthetic__rings_2d__quality__n100000__StrataSCAN__73__e13f54b38892,ok,rings_2d__quality__n100000,StrataSCAN,73,0.2.2,100000,2,3.9755362999858335,6.96218930001487,340.41015625,333.63671875,0.6819651440978429,0.6527586339655432,0.7652951041650617,0.8599733256154476,0.9813850393117247,0.7456422147039432,0.8701526733473277,0.6523038259060725,0.9464233774795913,0.9711066666666667,0.9736333333333334,2,2.0,0,4,2,,
0.2.3,v0.2.2-seven-family-robustness-v2,synthetic__rings_2d__quality__n100000__VDBSCAN-2007__73__b0829ab05770,ok,rings_2d__quality__n100000,VDBSCAN-2007,73,0.2.2,100000,2,2.7456776999897556,8.326634700002614,249.8125,260.29296875,7.988234933059852e-05,2.560102453247509e-08,0.2355696286034699,0.06130067096257867,0.0352347894426616,0.06884025896276333,0.03564741255367166,0.9997600256020481,0.4043508147668918,0.017933333333333332,0.5089666666666667,0,1.0,1,329,2,,
0.2.3,v0.2.2-seven-family-robustness-v2,synthetic__rings_2d__quality__n100000__kNN+Leiden__73__54dbc6ea9fe8,ok,rings_2d__quality__n100000,kNN+Leiden,73,0.2.2,100000,2,35.71502189998864,41.915928500005975,561.7734375,595.19921875,0.4052518369422777,0.13712099578758125,0.3064518073347564,0.0,0.0,0.15418412608883164,0.17608355099795636,0.13712940875270022,0.4,0.0,0.5,14,8.0,0,44,2,,
0.2.3,v0.2.2-seven-family-robustness-v2,synthetic__rings_2d__quality__n100000__kNN-DBSCAN__73__ab130a5fefcb,ok,rings_2d__quality__n100000,kNN-DBSCAN,73,0.2.2,100000,2,0.7792279999994207,6.29672969999956,208.1875,208.4453125,0.6678933306067713,0.7113307453648676,0.8580152597645243,0.9097923561886104,0.9682197647313926,0.7847668564878765,0.8771292590033059,0.7100029826386111,0.9105371585533345,0.9525733333333334,0.9536266666666666,1,1.5,0,398,2,,
0.2.3,v0.2.2-seven-family-robustness-v2,synthetic__rings_2d__quality__n100000__AMD-DBSCAN__101__48dfe536f034,error,rings_2d__quality__n100000,AMD-DBSCAN,101,,,,,5.062925799997174,,187.5703125,,,,,,,,,,,,,,,,,MemoryError,"Unable to allocate 74.5 GiB for an array with shape (100000, 100000) and data type float64"
0.2.3,v0.2.2-seven-family-robustness-v2,synthetic__rings_2d__quality__n100000__DBSCAN__101__8157d17ca62c,ok,rings_2d__quality__n100000,DBSCAN,101,0.2.2,100000,2,2.2836838999937754,13.135181800011196,229.7109375,225.7109375,0.9903845145316521,0.9970437597961964,0.93363675170825,0.674000225550451,0.5273489257707068,0.8645283437524399,0.7631056922135737,0.9970430850468037,0.5091680001630773,0.3582,0.67866,0,1.0,0,4513,2,,
0.2.3,v0.2.2-seven-family-robustness-v2,synthetic__rings_2d__quality__n100000__HDBSCAN__101__0a93e077e683,ok,rings_2d__quality__n100000,HDBSCAN,101,0.2.2,100000,2,121.07951660000253,127.08933279999474,208.04296875,222.55078125,0.9916667391130071,0.9968079807067429,0.9229940186004026,0.7008018185895011,0.5648303099270366,0.8369296707291971,0.7212503698337857,0.9968042819425554,0.5231223867458895,0.3937733333333333,0.6960866666666666,0,1.0,0,419,2,,
0.2.3,v0.2.2-seven-family-robustness-v2,synthetic__rings_2d__quality__n100000__OPTICS__101__66e6ae61c983,ok,rings_2d__quality__n100000,OPTICS,101,0.2.2,100000,2,201.09391139999207,206.4418491999968,209.24609375,206.18359375,0.011776283013952622,4.102169883407458e-05,0.006536939120645815,0.01297472583843406,0.8554002774370321,4.002565225749159e-05,0.2543103448275862,2.0014401152092167e-05,0.01252642292335395,0.9948533333333334,0.5006266666666667,0,0.0,0,12,2,,
0.2.3,v0.2.2-seven-family-robustness-v2,synthetic__rings_2d__quality__n100000__SNN-DBSCAN__101__6c835bbd43da,ok,rings_2d__quality__n100000,SNN-DBSCAN,101,0.2.2,100000,2,2.688510399995721,12.561088599992217,325.02734375,320.74609375,0.18719554711600142,0.004935281582542159,0.046563578211876615,0.0730249450671789,0.16915068102403194,0.009681952166372495,0.23932280275013337,0.004940920073605888,0.3966442837168355,0.09488,0.507,0,0.0,0,2593,2,,
0.2.3,v0.2.2-seven-family-robustness-stratascan-fast-v1,synthetic__rings_2d__quality__n100000__StrataSCAN__101__d3aff0b667c2,ok,rings_2d__quality__n100000,StrataSCAN,101,0.2.2,100000,2,4.677494700008538,7.734877300012158,377.93359375,371.45703125,0.6719077071378058,0.6429914724196574,0.745836162381579,0.8472519261578675,0.9805883341738106,0.740414392025578,0.8743810103010883,0.6420447331786543,0.943695758166748,0.9722533333333333,0.9700066666666667,2,2.0,0,5,2,,
0.2.3,v0.2.2-seven-family-robustness-v2,synthetic__rings_2d__quality__n100000__VDBSCAN-2007__101__725ce242ba45,ok,rings_2d__quality__n100000,VDBSCAN-2007,101,0.2.2,100000,2,2.793732699996326,8.316300799997407,250.50390625,258.7421875,0.0,0.0,0.2325019065156334,0.05900860882408015,0.033792552006187,0.06689283026075923,0.0346037877816068,1.0,0.4041677781280565,0.017186666666666666,0.5085933333333333,0,1.0,1,285,2,,
0.2.3,v0.2.2-seven-family-robustness-v2,synthetic__rings_2d__quality__n100000__kNN+Leiden__101__8f54602de75e,ok,rings_2d__quality__n100000,kNN+Leiden,101,0.2.2,100000,2,69.66568669999833,75.71774469999946,567.9921875,600.015625,0.40915754324902104,0.1466080487135368,0.3340626853219954,0.0,0.0,0.16609056631313038,0.19153629171490136,0.1466129386350908,0.4,0.0,0.5,13,7.5,0,46,2,,
0.2.3,v0.2.2-seven-family-robustness-v2,synthetic__rings_2d__quality__n100000__kNN-DBSCAN__101__a66411d84a46,ok,rings_2d__quality__n100000,kNN-DBSCAN,101,0.2.2,100000,2,0.8549248000053922,6.279484600003343,209.38671875,206.796875,0.7774282124978933,0.8731613988619006,0.929583684821253,0.9487257499604687,0.9686727402038813,0.8664019366590897,0.8613978644549931,0.8714644883590688,0.9116776472834908,0.9534,0.9541,0,1.0,0,375,2,,
0.2.3,v0.2.2-seven-family-robustness-v2,synthetic__rings_2d__quality__n100000__AMD-DBSCAN__151__12472ea6deda,error,rings_2d__quality__n100000,AMD-DBSCAN,151,,,,,5.114346500005922,,189.04296875,,,,,,,,,,,,,,,,,MemoryError,"Unable to allocate 74.5 GiB for an array with shape (100000, 100000) and data type float64"
0.2.3,v0.2.2-seven-family-robustness-v2,synthetic__rings_2d__quality__n100000__DBSCAN__151__1838069403cc,ok,rings_2d__quality__n100000,DBSCAN,151,0.2.2,100000,2,2.268180500002927,13.271057700010715,229.92578125,231.7734375,0.9903526214801293,0.9969638205793929,0.9374196672722281,0.6747651146899782,0.5270824744291969,0.8722067401260278,0.7752009831325917,0.9969629634370749,0.5090190163667122,0.3579733333333333,0.6784666666666667,0,1.0,0,4611,2,,
0.2.3,v0.2.2-seven-family-robustness-v2,synthetic__rings_2d__quality__n100000__HDBSCAN__151__ff1d23622a2f,ok,rings_2d__quality__n100000,HDBSCAN,151,0.2.2,100000,2,116.68499589999556,122.79421909998928,208.1953125,223.421875,0.9844389077907788,0.9934722619773115,0.9354652966520429,0.7047809265807111,0.5653631925402937,0.8634217862478035,0.7634871097186766,0.9934578958316665,0.5227890193116614,0.39450666666666667,0.6956333333333333,0,1.0,0,433,2,,
0.2.3,v0.2.2-seven-family-robustness-v2,synthetic__rings_2d__quality__n100000__OPTICS__151__55406d5a219c,ok,rings_2d__quality__n100000,OPTICS,151,0.2.2,100000,2,185.61451909999596,190.77332670000033,206.90625,204.3515625,0.01492347618808579,5.9782788574265414e-05,0.009472228190708313,0.018736886274252098,0.8550367140890317,6.786363901228709e-05,0.3116074052306788,3.3935514841187294e-05,0.015965732087227416,0.9936666666666667,0.5009333333333333,0,0.0,0,14,2,,
0.2.3,v0.2.2-seven-family-robustness-v2,synthetic__rings_2d__quality__n100000__SNN-DBSCAN__151__16b11ea53bac,ok,rings_2d__quality__n100000,SNN-DBSCAN,151,0.2.2,100000,2,2.3558256999967853,12.148683499995968,323.140625,303.5859375,0.18799439894344963,0.004797844588680173,0.043772197653824896,0.07009634055467497,0.1758517449084648,0.009395352976469836,0.26411642493943566,0.004782744219537563,0.39701464107292833,0.09906666666666666,0.5080733333333334,0,0.0,0,2618,2,,
0.2.3,v0.2.2-seven-family-robustness-stratascan-fast-v1,synthetic__rings_2d__quality__n100000__StrataSCAN__151__602285f44e74,ok,rings_2d__quality__n100000,StrataSCAN,151,0.2.2,100000,2,3.9162044000113383,6.789846600004239,335.96484375,342.1875,0.6178957109120965,0.6055370795770713,0.720312286334974,0.8303988861803927,0.9802054117314716,0.7160984044982046,0.8782054873836742,0.6045121113689095,0.942657288155408,0.97156,0.96958,4,3.0,0,10,2,,
0.2.3,v0.2.2-seven-family-robustness-v2,synthetic__rings_2d__quality__n100000__VDBSCAN-2007__151__3e3d26c8ba52,ok,rings_2d__quality__n100000,VDBSCAN-2007,151,0.2.2,100000,2,2.8028871999995317,8.360757500006002,249.87890625,259.15625,0.0,0.0,0.2329633874740246,0.06090061962586138,0.03502888507538939,0.0671841579855663,0.0347597306091744,1.0,0.4043246565262043,0.017826666666666668,0.5089133333333333,0,1.0,1,284,2,,
0.2.3,v0.2.2-seven-family-robustness-v2,synthetic__rings_2d__quality__n100000__kNN+Leiden__151__6fc09aa864de,ok,rings_2d__quality__n100000,kNN+Leiden,151,0.2.2,100000,2,28.339563799992902,34.34467219999351,560.65625,593.4140625,0.4120902581033141,0.1455359831200972,0.3007451482621819,0.0,0.0,0.16167346613653183,0.18184377474370714,0.14553100888071047,0.4,0.0,0.5,13,7.5,0,43,2,,
0.2.3,v0.2.2-seven-family-robustness-v2,synthetic__rings_2d__quality__n100000__kNN-DBSCAN__151__9a7c9c565ab5,ok,rings_2d__quality__n100000,kNN-DBSCAN,151,0.2.2,100000,2,0.7798090999858687,6.395316800000728,210.1640625,209.54296875,0.7624006885484285,0.8645859233235325,0.9277753312928456,0.9476293916490454,0.9683517733569872,0.862886490832641,0.8626940947820556,0.8630789727178174,0.910654891616011,0.9534133333333333,0.9531066666666667,0,1.0,0,381,2,,
0.2.3,v0.2.2-seven-family-robustness-v2,synthetic__rings_2d__quality__n20000__AMD-DBSCAN__23__12773e1bbace,ok,rings_2d__quality__n20000,AMD-DBSCAN,23,0.2.2,20000,2,61.71265329999733,67.95000289999007,3576.9453125,3576.9453125,0.9972594619479015,0.9991999998400127,0.9211960867264706,0.0,0.0,0.3928890781497193,0.2445170328924168,0.9992,0.4,0.0,0.5,0,1.0,0,875,2,,
0.2.3,v0.2.2-seven-family-robustness-v2,synthetic__rings_2d__quality__n20000__DBSCAN__23__364284f6188b,ok,rings_2d__quality__n20000,DBSCAN,23,0.2.2,20000,2,0.3281005000026198,5.817813699992257,195.25,190.5703125,0.9972594619479015,0.9991999998400127,0.9193840380571638,0.6699494619990527,0.5269772693799402,0.829728473853028,0.7094077955397043,0.9992,0.509194641128827,0.3578,0.6787000000000001,0,1.0,0,881,2,,
0.2.3,v0.2.2-seven-family-robustness-v2,synthetic__rings_2d__quality__n20000__HDBSCAN__23__fdb38b5dbefa,ok,rings_2d__quality__n20000,HDBSCAN,23,0.2.2,20000,2,5.050957200000994,10.826010500008124,191.1171875,191.9453125,0.9950786511571651,0.998400799584755,0.9116688425270288,0.7091926537776845,0.5803094100392676,0.7863430487825249,0.6485853576365836,0.9984004801920768,0.5297142554206649,0.40886666666666666,0.7040333333333333,0,1.0,0,83,2,,
0.2.3,v0.2.2-seven-family-robustness-v2,synthetic__rings_2d__quality__n20000__OPTICS__23__7a7781576ee9,ok,rings_2d__quality__n20000,OPTICS,23,0.2.2,20000,2,30.069710199997644,35.471981399998185,192.2265625,189.859375,0.03128008994691836,0.0009584453042287785,0.01843137254901961,0.036085259575677146,0.855451122416717,0.0006345768245762905,0.36164783084214364,0.0003175670268107243,0.03455557688615857,0.9920666666666667,0.5050333333333333,0,0.0,0,4,2,,
0.2.3,v0.2.2-seven-family-robustness-v2,synthetic__rings_2d__quality__n20000__SNN-DBSCAN__23__5071eb0ae4c1,ok,rings_2d__quality__n20000,SNN-DBSCAN,23,0.2.2,20000,2,0.3507021999976132,7.102248800001689,255.640625,238.078125,0.2587011674876043,0.030010968035298864,0.1523398648016283,0.16881482612642423,0.18928529098020624,0.05431708689753092,0.3080871298669475,0.02978407362945178,0.40845801262648107,0.10646666666666667,0.5255333333333333,4,3.0,0,499,2,,
0.2.3,v0.2.2-seven-family-robustness-stratascan-fast-v1,synthetic__rings_2d__quality__n20000__StrataSCAN__23__c652af12a779,ok,rings_2d__quality__n20000,StrataSCAN,23,0.2.2,20000,2,1.073930200014729,4.159704599995166,240.29296875,240.2265625,0.9787247277885337,0.9916170290735672,0.9336519654177022,0.9537731676795934,0.9747807391734636,0.8645428501213893,0.7663382672415264,0.9916163265306123,0.9309152098719267,0.9521333333333334,0.9739666666666666,0,1.0,0,5,2,,
0.2.3,v0.2.2-seven-family-robustness-v2,synthetic__rings_2d__quality__n20000__VDBSCAN-2007__23__db9463cd9475,ok,rings_2d__quality__n20000,VDBSCAN-2007,23,0.2.2,20000,2,0.4759550000017043,6.0110617999889655,192.18359375,192.10546875,0.8727707774100679,0.9400188019740867,0.9393901708290466,0.09497565988282954,0.05001623903864892,0.14003266740908574,0.07565119199319396,0.9400092837134854,0.40560861613493193,0.025666666666666667,0.5118333333333334,0,1.0,0,175,2,,
0.2.3,v0.2.2-seven-family-robustness-v2,synthetic__rings_2d__quality__n20000__kNN+Leiden__23__e6c23f698ce6,ok,rings_2d__quality__n20000,kNN+Leiden,23,0.2.2,20000,2,1.5389809000043897,8.39446969999699,287.18359375,292.5,0.445780971449987,0.19060020326846616,0.3392614517160808,0.0,0.0,0.1649172398952553,0.1453517679503174,0.19056934773909565,0.4,0.0,0.5,10,6.0,0,27,2,,
0.2.3,v0.2.2-seven-family-robustness-v2,synthetic__rings_2d__quality__n20000__kNN-DBSCAN__23__a598f618a244,ok,rings_2d__quality__n20000,kNN-DBSCAN,23,0.2.2,20000,2,0.1804301999945892,14.557809399993857,70.171875,127.9765625,0.5666481780684129,0.5695142119547734,0.7015918592157182,0.8140616058511584,0.9694747207225561,0.6914720378159239,0.8828869066122218,0.5682682673069228,0.9147786520049294,0.9517333333333333,0.9583666666666666,5,3.5,0,70,2,,
0.2.3,v0.2.2-seven-family-robustness-v2,synthetic__rings_2d__quality__n20000__AMD-DBSCAN__42__376624a4b1ed,ok,rings_2d__quality__n20000,AMD-DBSCAN,42,0.2.2,20000,2,22.46697249999852,28.990091800005757,5454.58203125,5454.578125,0.998728169227063,0.9996000799680064,0.9180042642614014,0.0,0.0,0.3617494164221118,0.22083397220172815,0.9996,0.4,0.0,0.5,0,1.0,0,890,2,,
0.2.3,v0.2.2-seven-family-robustness-v2,synthetic__rings_2d__quality__n20000__DBSCAN__42__5a0bfc48191a,ok,rings_2d__quality__n20000,DBSCAN,42,0.2.2,20000,2,0.32578559999819845,5.841277600004105,195.2265625,195.2265625,1.0,1.0,0.9154367651451203,0.6689402892449489,0.5270290175283546,0.8229293743504078,0.699133387936052,1.0,0.5093465084296847,0.3578,0.6789000000000001,0,1.0,0,905,2,,
0.2.3,v0.2.2-seven-family-robustness-v2,synthetic__rings_2d__quality__n20000__HDBSCAN__42__f7c40b74385c,ok,rings_2d__quality__n20000,HDBSCAN,42,0.2.2,20000,2,5.110640499988222,10.579596199997468,193.00390625,191.23828125,0.998728169227063,0.9996000799680064,0.9077691960743277,0.7000042431290724,0.5696305125148986,0.7810772222597092,0.6409573859370585,0.9996,0.5255190538764783,0.39826666666666666,0.6990333333333334,0,1.0,0,83,2,,
0.2.3,v0.2.2-seven-family-robustness-v2,synthetic__rings_2d__quality__n20000__OPTICS__42__8a788ab3adf9,ok,rings_2d__quality__n20000,OPTICS,42,0.2.2,20000,2,29.73130400000082,35.40075380000053,190.9296875,190.921875,0.0,0.0,0.0,0.0,0.8524543133373497,0.0,0.0,0.0,0.0,0.9904666666666667,0.49523333333333336,0,0.0,0,3,2,,
0.2.3,v0.2.2-seven-family-robustness-v2,synthetic__rings_2d__quality__n20000__SNN-DBSCAN__42__251a92e43b32,ok,rings_2d__quality__n20000,SNN-DBSCAN,42,0.2.2,20000,2,0.45641660000546835,7.493019699992146,247.375,246.1875,0.26877599728726503,0.03552910919795261,0.13698660821557182,0.15940034677709744,0.19058362524490888,0.06341793043289001,0.3041677153690951,0.03539927971188475,0.4112795267089865,0.107,0.5297000000000001,8,5.0,0,473,2,,
0.2.3,v0.2.2-seven-family-robustness-stratascan-fast-v1,synthetic__rings_2d__quality__n20000__StrataSCAN__42__5682137980d0,ok,rings_2d__quality__n20000,StrataSCAN,42,0.2.2,20000,2,0.7843927000067197,4.07091379998019,233.5390625,233.5390625,0.9366265953429126,0.9599302243529448,0.9422740524781341,0.9605898579126422,0.9796318189495018,0.8862069207741903,0.8235424269555759,0.9591932773109244,0.9419913419913419,0.9667333333333333,0.9729666666666666,0,1.0,0,2,2,,
0.2.3,v0.2.2-seven-family-robustness-v2,synthetic__rings_2d__quality__n20000__VDBSCAN-2007__42__b8386eaf6132,ok,rings_2d__quality__n20000,VDBSCAN-2007,42,0.2.2,20000,2,0.49860150000313297,6.086275100009516,200.1640625,197.28125,0.0,0.0,0.23485204321277597,0.0624400433674483,0.03600654664484452,0.06832210218037071,0.035369303680229974,1.0,0.40444893832153694,0.018333333333333333,0.5091666666666667,0,1.0,1,46,2,,
0.2.3,v0.2.2-seven-family-robustness-v2,synthetic__rings_2d__quality__n20000__kNN+Leiden__42__4fd553381a19,ok,rings_2d__quality__n20000,kNN+Leiden,42,0.2.2,20000,2,1.4850235000048997,8.10153800000262,285.98046875,290.6796875,0.47827596918027476,0.24132897657058017,0.3898225381700454,0.0,0.0,0.20933917391601403,0.18485916615612363,0.24129235694277712,0.4,0.0,0.5,8,5.0,0,27,2,,
0.2.3,v0.2.2-seven-family-robustness-v2,synthetic__rings_2d__quality__n20000__kNN-DBSCAN__42__8978f3a776ca,ok,rings_2d__quality__n20000,kNN-DBSCAN,42,0.2.2,20000,2,0.10142950000590645,7.141065400006482,188.33203125,187.359375,0.8625117285615449,0.9174739884274906,0.9367587702682834,0.9542485065377126,0.9724037517353469,0.8773708303325572,0.8416972366643517,0.9162021608643457,0.9221362376994362,0.9572666666666667,0.9612333333333334,0,1.0,0,49,2,,
0.2.3,v0.2.2-seven-family-robustness-v2,synthetic__rings_2d__quality__n20000__AMD-DBSCAN__73__104e29f3fd19,ok,rings_2d__quality__n20000,AMD-DBSCAN,73,0.2.2,20000,2,51.90756999999576,59.67381619999651,2209.36328125,2204.390625,0.998728169227063,0.9996000799680064,0.9198741262437704,0.0,0.0,0.3462245069032,0.20937153547997067,0.9996,0.4,0.0,0.5,0,1.0,0,871,2,,
0.2.3,v0.2.2-seven-family-robustness-v2,synthetic__rings_2d__quality__n20000__DBSCAN__73__27a352105dff,ok,rings_2d__quality__n20000,DBSCAN,73,0.2.2,20000,2,0.32603029999881983,6.11845139999059,194.28515625,189.80078125,0.998728169227063,0.9996000799680064,0.9140624152963264,0.6692496670463983,0.5278704612365064,0.8185542159041584,0.6930332579338424,0.9996,0.5095820591233435,0.3586,0.6792,0,1.0,0,876,2,,
0.2.3,v0.2.2-seven-family-robustness-v2,synthetic__rings_2d__quality__n20000__HDBSCAN__73__10f939799faf,ok,rings_2d__quality__n20000,HDBSCAN,73,0.2.2,20000,2,4.822204899988719,10.600991800005431,191.83984375,191.828125,0.9976587203507865,0.9992004799361536,0.9097796569549393,0.6920427230322218,0.5584009993753904,0.7905160658620818,0.6539399588602038,0.9992001600640256,0.520977745348413,0.3874,0.6935,0,1.0,0,96,2,,
0.2.3,v0.2.2-seven-family-robustness-v2,synthetic__rings_2d__quality__n20000__OPTICS__73__78d0f3a4ca46,ok,rings_2d__quality__n20000,OPTICS,73,0.2.2,20000,2,29.60392990001128,35.23360179999145,191.99609375,192.2890625,0.0,0.0,0.0,0.0,0.8536711182438241,0.0,0.0,0.0,0.0,0.9929333333333333,0.49646666666666667,0,0.0,0,2,2,,
0.2.3,v0.2.2-seven-family-robustness-v2,synthetic__rings_2d__quality__n20000__SNN-DBSCAN__73__b492f7042121,ok,rings_2d__quality__n20000,SNN-DBSCAN,73,0.2.2,20000,2,0.43411239999113604,7.657452300001751,255.015625,252.21484375,0.26271694617283536,0.031673740815791704,0.135690600238793,0.1586229847621884,0.1908831908831909,0.05621466865963703,0.2598348616831334,0.03151660664265706,0.41119557705597787,0.1072,0.5296,5,3.5,0,452,2,,
0.2.3,v0.2.2-seven-family-robustness-stratascan-fast-v1,synthetic__rings_2d__quality__n20000__StrataSCAN__73__a197344cec79,ok,rings_2d__quality__n20000,StrataSCAN,73,0.2.2,20000,2,1.0367884000006597,4.37681060002069,239.921875,239.921875,0.9872174698550298,0.9952091170495092,0.9382482829648233,0.9570986499595462,0.9767219931154357,0.8743931683838901,0.7797369871836997,0.9952062424969988,0.9359226944366263,0.9552666666666667,0.9764333333333334,0,1.0,0,5,2,,
0.2.3,v0.2.2-seven-family-robustness-v2,synthetic__rings_2d__quality__n20000__VDBSCAN-2007__73__3f8edb05b66a,ok,rings_2d__quality__n20000,VDBSCAN-2007,73,0.2.2,20000,2,0.4521402000100352,5.993139800004428,192.75390625,192.01171875,0.8989837612250596,0.9582881083532079,0.9445914100383264,0.10088230580924601,0.05328665888759238,0.15407079828095036,0.08376947366151395,0.9582927571028411,0.40571335557906735,0.0274,0.5122,0,1.0,0,235,2,,
0.2.3,v0.2.2-seven-family-robustness-v2,synthetic__rings_2d__quality__n20000__kNN+Leiden__73__024441824a1c,ok,rings_2d__quality__n20000,kNN+Leiden,73,0.2.2,20000,2,1.6714838000043528,8.461398900006316,287.47265625,291.8671875,0.45856009428652494,0.20569110116806788,0.38432567238070514,0.0,0.0,0.1857879453887832,0.16941888911348835,0.20565842336934773,0.4,0.0,0.5,9,5.5,0,28,2,,
0.2.3,v0.2.2-seven-family-robustness-v2,synthetic__rings_2d__quality__n20000__kNN-DBSCAN__73__4d963e7f5400,ok,rings_2d__quality__n20000,kNN-DBSCAN,73,0.2.2,20000,2,0.11182259999623057,5.21009170000616,192.18359375,188.17578125,0.5757536898300496,0.5891883301548554,0.7121059956160891,0.8214776654700329,0.97054231996199,0.7049776098834816,0.8797637458371433,0.5881312525010004,0.9176001518891209,0.9532666666666667,0.9599333333333333,4,3.0,0,69,2,,
0.2.3,v0.2.2-seven-family-robustness-v2,synthetic__rings_2d__quality__n20000__AMD-DBSCAN__101__07133f650023,ok,rings_2d__quality__n20000,AMD-DBSCAN,101,0.2.2,20000,2,18.993667400005506,35.8728548999934,4809.28515625,4809.28515625,0.9974590623075531,0.9992001598720256,0.9208549699632667,0.0,0.0,0.38447752185300554,0.23803493974295667,0.9992,0.4,0.0,0.5,0,1.0,0,914,2,,
0.2.3,v0.2.2-seven-family-robustness-v2,synthetic__rings_2d__quality__n20000__DBSCAN__101__fd19e3888509,ok,rings_2d__quality__n20000,DBSCAN,101,0.2.2,20000,2,0.3670196000020951,6.216307599999709,194.75,189.12890625,0.9974590623075531,0.9992001598720256,0.9142776639138789,0.6607263104883393,0.5172737606879849,0.8227855575709823,0.6993171395770469,0.9992,0.5058936611524257,0.34886666666666666,0.6744333333333333,0,1.0,0,906,2,,
0.2.3,v0.2.2-seven-family-robustness-v2,synthetic__rings_2d__quality__n20000__HDBSCAN__101__4513098d3ee7,ok,rings_2d__quality__n20000,HDBSCAN,101,0.2.2,20000,2,5.173968400005833,10.326988200002233,192.015625,189.0859375,0.9938552451585562,0.9980007192652094,0.9162184620830451,0.7257197444308072,0.6008019395747856,0.8019020549112411,0.6702112747969752,0.9980006402561025,0.5384864165588615,0.4295333333333333,0.7142666666666666,0,1.0,0,85,2,,
0.2.3,v0.2.2-seven-family-robustness-v2,synthetic__rings_2d__quality__n20000__OPTICS__101__4acb61499fe6,ok,rings_2d__quality__n20000,OPTICS,101,0.2.2,20000,2,28.98163310000382,34.605610700004036,189.87109375,190.1328125,0.01552829729069179,0.00027557695171169007,0.01650943396226415,0.032394640414896696,0.8567664327652871,0.0002755523608692605,0.48754246885617214,0.00013781512605042016,0.016519174041297935,0.9971333333333333,0.5027666666666667,0,0.0,0,2,2,,
0.2.3,v0.2.2-seven-family-robustness-v2,synthetic__rings_2d__quality__n20000__SNN-DBSCAN__101__b07f8df11c23,ok,rings_2d__quality__n20000,SNN-DBSCAN,101,0.2.2,20000,2,0.4035911999962991,7.689649400010239,255.75,235.6015625,0.27215775428101474,0.03777757612896556,0.16899505409908677,0.17625568342998402,0.1841682053725654,0.065985515907623,0.2910607439718647,0.037210724289715884,0.4098918616173366,0.10306666666666667,0.5272333333333333,6,4.0,0,450,2,,
0.2.3,v0.2.2-seven-family-robustness-stratascan-fast-v1,synthetic__rings_2d__quality__n20000__StrataSCAN__101__2f3375a68132,ok,rings_2d__quality__n20000,StrataSCAN,101,0.2.2,20000,2,0.9534645000239834,3.7741048999887425,240.1953125,240.1953125,0.9778086119521207,0.991226229538419,0.9343586709740965,0.9544583067523413,0.975441708165632,0.8665733387367256,0.7697739993605772,0.9912195278111244,0.9325968919677964,0.9532666666666667,0.9747333333333333,0,1.0,0,5,2,,
0.2.3,v0.2.2-seven-family-robustness-v2,synthetic__rings_2d__quality__n20000__VDBSCAN-2007__101__1d22ebf41a1a,ok,rings_2d__quality__n20000,VDBSCAN-2007,101,0.2.2,20000,2,0.3618315000057919,5.926026600005571,199.65234375,199.875,0.0,0.0,0.23241760795797892,0.061773906774453664,0.035620743844945,0.0668203182817273,0.034564980644911,1.0,0.4043998705920414,0.018133333333333335,0.5090666666666667,0,1.0,1,60,2,,
0.2.3,v0.2.2-seven-family-robustness-v2,synthetic__rings_2d__quality__n20000__kNN+Leiden__101__304e2b045f01,ok,rings_2d__quality__n20000,kNN+Leiden,101,0.2.2,20000,2,1.487163199999486,7.925938200001838,287.84375,291.85546875,0.44673890799124205,0.19648249307728352,0.35799728868811054,0.0,0.0,0.17229380240594563,0.15339677597110093,0.19650084033613446,0.4,0.0,0.5,10,6.0,0,28,2,,
0.2.3,v0.2.2-seven-family-robustness-v2,synthetic__rings_2d__quality__n20000__kNN-DBSCAN__101__15990024a859,ok,rings_2d__quality__n20000,kNN-DBSCAN,101,0.2.2,20000,2,0.10176320000027772,5.491371700001764,188.80078125,187.6953125,0.6396065476902771,0.6989863852563396,0.855542835215496,0.9088799916013971,0.9693097236855521,0.772600618564407,0.864790398361872,0.6981728691476591,0.914626075446724,0.9506666666666667,0.9590333333333334,3,2.5,0,74,2,,
0.2.3,v0.2.2-seven-family-robustness-v2,synthetic__rings_2d__quality__n20000__AMD-DBSCAN__151__5c801b2e35c9,ok,rings_2d__quality__n20000,AMD-DBSCAN,151,0.2.2,20000,2,20.96110280000721,35.2791991999984,3559.8671875,3560.84765625,0.998728169227063,0.9996000799680064,0.9193559871736793,0.0,0.0,0.380632379303366,0.2350721227129735,0.9996,0.4,0.0,0.5,0,1.0,0,900,2,,
0.2.3,v0.2.2-seven-family-robustness-v2,synthetic__rings_2d__quality__n20000__DBSCAN__151__5d3cd527e311,ok,rings_2d__quality__n20000,DBSCAN,151,0.2.2,20000,2,0.3166289000073448,6.292614200006938,195.26953125,192.95703125,1.0,1.0,0.9153132586176554,0.662667110701984,0.5193228369774444,0.8252996243846416,0.7025618119448666,1.0,0.5066112771670297,0.35073333333333334,0.6753666666666667,0,1.0,0,899,2,,
0.2.3,v0.2.2-seven-family-robustness-v2,synthetic__rings_2d__quality__n20000__HDBSCAN__151__bb4f2d6762cc,ok,rings_2d__quality__n20000,HDBSCAN,151,0.2.2,20000,2,5.093458699993789,10.719526099986979,191.453125,191.44140625,0.9928526682814792,0.9976014390424568,0.9177297797987454,0.7041376286015608,0.5711973339681028,0.8061614275229728,0.676366643023275,0.9976011204481793,0.5258225848907607,0.3999333333333333,0.6993666666666667,0,1.0,0,89,2,,
0.2.3,v0.2.2-seven-family-robustness-v2,synthetic__rings_2d__quality__n20000__OPTICS__151__85cdb3807987,ok,rings_2d__quality__n20000,OPTICS,151,0.2.2,20000,2,31.068496799998684,36.461922800008324,189.91015625,190.15234375,0.042059349810373806,0.0017117365369578373,0.020336331638639026,0.03972820634701452,0.8554397281575764,0.0008618836971900353,0.4316143497757848,0.00043137254901960784,0.048160788775123246,0.9902,0.5078,0,0.0,0,6,2,,
0.2.3,v0.2.2-seven-family-robustness-v2,synthetic__rings_2d__quality__n20000__SNN-DBSCAN__151__02fcfb096eb0,ok,rings_2d__quality__n20000,SNN-DBSCAN,151,0.2.2,20000,2,0.41041409999888856,7.442007299992838,251.421875,250.359375,0.2719216809824642,0.037233830091849655,0.1502981617081517,0.16662373781781686,0.18692810457516337,0.06533394258625005,0.30512905064702217,0.03658359343737495,0.4094087181700474,0.10486666666666666,0.5267333333333333,4,3.0,0,469,2,,
0.2.3,v0.2.2-seven-family-robustness-stratascan-fast-v1,synthetic__rings_2d__quality__n20000__StrataSCAN__151__2bed11d3e702,ok,rings_2d__quality__n20000,StrataSCAN,151,0.2.2,20000,2,0.9860757999995258,3.8775472000124864,241.94921875,240.6484375,0.9713802807082406,0.9880378986482425,0.9347530780727036,0.9547230253659903,0.975564870667621,0.8686215879746251,0.7749602460488979,0.9880350540216086,0.9327202777517124,0.9542,0.9741,0,1.0,0,5,2,,
0.2.3,v0.2.2-seven-family-robustness-v2,synthetic__rings_2d__quality__n20000__VDBSCAN-2007__151__4764807d5fd3,ok,rings_2d__quality__n20000,VDBSCAN-2007,151,0.2.2,20000,2,0.4680881000094814,6.1079169000004185,199.67578125,194.328125,0.0,0.0,0.23056349718712538,0.06247830237216532,0.03613511390416339,0.06566174712776758,0.03394532834692624,1.0,0.40446529687752797,0.0184,0.5092,0,1.0,1,56,2,,
0.2.3,v0.2.2-seven-family-robustness-v2,synthetic__rings_2d__quality__n20000__kNN+Leiden__151__2b5ed720238a,ok,rings_2d__quality__n20000,kNN+Leiden,151,0.2.2,20000,2,1.903435599990189,8.230453600001056,287.00390625,291.5390625,0.4550557144599603,0.1968170514381731,0.35952398464768576,0.0,0.0,0.16990442006580217,0.14948471408008837,0.19678543417366948,0.4,0.0,0.5,9,5.5,0,27,2,,
0.2.3,v0.2.2-seven-family-robustness-v2,synthetic__rings_2d__quality__n20000__kNN-DBSCAN__151__7c92887a0a8e,ok,rings_2d__quality__n20000,kNN-DBSCAN,151,0.2.2,20000,2,0.14404640000429936,5.572562300003483,191.515625,188.02734375,0.5961425334977478,0.6046670749408314,0.7552670659975176,0.8483801143666853,0.9676805437553102,0.7108249901820325,0.864617316599864,0.603481712685074,0.9100709219858156,0.9491333333333334,0.9557666666666667,3,2.5,0,72,2,,
0.2.3,v0.2.2-seven-family-robustness-v2,synthetic__rings_2d__quality__n200000__AMD-DBSCAN__23__e2fb57eacbc2,error,rings_2d__quality__n200000,AMD-DBSCAN,23,,,,,5.250069700006861,,194.65625,,,,,,,,,,,,,,,,,MemoryError,"Unable to allocate 298. GiB for an array with shape (200000, 200000) and data type float64"
0.2.3,v0.2.2-seven-family-robustness-v2,synthetic__rings_2d__quality__n200000__DBSCAN__23__0ee0c647870c,ok,rings_2d__quality__n200000,DBSCAN,23,0.2.2,200000,2,6.457515199988848,35.161998499999754,272.5625,278.69921875,0.9773566890924992,0.99301528332802,0.9408540059205165,0.6724491905893687,0.523193632020938,0.8796063826160534,0.7894468589237116,0.9930145461818473,0.5073576878307147,0.3544933333333333,0.6763166666666667,0,1.0,0,9306,2,,
0.2.3,v0.2.2-seven-family-robustness-v2,synthetic__rings_2d__quality__n200000__HDBSCAN__23__7362c4fcb9eb,ok,rings_2d__quality__n200000,HDBSCAN,23,0.2.2,200000,2,492.1712569999945,499.50893889999134,227.8671875,251.4609375,0.9805039227633103,0.9923426648810457,0.9391362616324903,0.6951413475060925,0.5517836566045194,0.8723620570644264,0.7782681449102558,0.9923372838913557,0.5172881109513005,0.38148666666666664,0.6888633333333334,0,1.0,0,877,2,,
0.2.3,v0.2.2-seven-family-robustness-v2,synthetic__rings_2d__quality__n200000__OPTICS__23__a495b392603f,ok,rings_2d__quality__n200000,OPTICS,23,0.2.2,200000,2,626.0122223999933,631.2048785000079,233.6796875,221.27734375,0.008565287294043832,1.0629807136162e-05,0.004150591091925953,0.008261033722683633,0.8540345503096219,1.678374824377634e-05,0.15258181818181818,8.392335693427737e-06,0.008919355781027868,0.9925333333333334,0.4985566666666667,0,0.0,0,27,2,,
0.2.3,v0.2.2-seven-family-robustness-v2,synthetic__rings_2d__quality__n200000__SNN-DBSCAN__23__a9075b55ab1c,ok,rings_2d__quality__n200000,SNN-DBSCAN,23,0.2.2,200000,2,6.320321999999578,26.889249699990614,375.66796875,366.9765625,0.16898756862246028,0.002162123940579025,0.01985111568213404,0.035621055651473534,0.1732632325141777,0.004278183011829382,0.23087373095936453,0.0021590959638385534,0.3934205963938973,0.09776666666666667,0.5027333333333333,0,0.0,0,5247,2,,
0.2.3,v0.2.2-seven-family-robustness-stratascan-fast-v1,synthetic__rings_2d__quality__n200000__StrataSCAN__23__10c47f0de7d2,ok,rings_2d__quality__n200000,StrataSCAN,23,0.2.2,200000,2,11.10779760000878,14.183995800005505,545.77734375,529.83984375,0.6051019675517412,0.5889501551221323,0.6859297172890075,0.8070764954011302,0.9801956006814125,0.6988795644660528,0.859311564537838,0.5889277587103484,0.9445868702406046,0.96282,0.97882,5,3.5,0,19,2,,
0.2.3,v0.2.2-seven-family-robustness-v2,synthetic__rings_2d__quality__n200000__VDBSCAN-2007__23__912dc46e8522,ok,rings_2d__quality__n200000,VDBSCAN-2007,23,0.2.2,200000,2,7.554791699993075,14.435039400006644,313.60546875,331.140625,3.997788387839468e-05,3.200064011520026e-09,0.23180383047971403,0.06041346353965101,0.03473282192714099,0.06645840699726074,0.03437143011907027,0.999920003200128,0.40428705998407105,0.017673333333333333,0.5088366666666667,0,1.0,1,568,2,,
0.2.3,v0.2.2-seven-family-robustness-v2,synthetic__rings_2d__quality__n200000__kNN+Leiden__23__31582ad2cfd7,ok,rings_2d__quality__n200000,kNN+Leiden,23,0.2.2,200000,2,113.79399120000016,120.61884110000392,913.23046875,980.7109375,0.4017713998087779,0.13670571545932217,0.28562738757528583,0.0,0.0,0.16141485458842775,0.19690115591350918,0.13676629465178608,0.4,0.0,0.5,14,8.0,0,50,2,,
0.2.3,v0.2.2-seven-family-robustness-v2,synthetic__rings_2d__quality__n200000__kNN-DBSCAN__23__d2fe7b4e90a5,ok,rings_2d__quality__n200000,kNN-DBSCAN,23,0.2.2,200000,2,2.3445246999908704,10.185628799998085,223.3125,213.6328125,0.726391092098997,0.8483273954384487,0.9246349509859966,0.94545269810171,0.9672294413354834,0.8581092497941777,0.8699904132116174,0.8465482283291331,0.9076873163097827,0.9517666666666666,0.9514933333333333,0,1.0,0,886,2,,
0.2.3,v0.2.2-seven-family-robustness-v2,synthetic__rings_2d__quality__n200000__AMD-DBSCAN__42__72c027298b22,error,rings_2d__quality__n200000,AMD-DBSCAN,42,,,,,5.473795800004154,,189.71875,,,,,,,,,,,,,,,,,MemoryError,"Unable to allocate 298. GiB for an array with shape (200000, 200000) and data type float64"
0.2.3,v0.2.2-seven-family-robustness-v2,synthetic__rings_2d__quality__n200000__DBSCAN__42__f489632b1842,ok,rings_2d__quality__n200000,DBSCAN,42,0.2.2,200000,2,5.825837900003535,34.952631099993596,271.83203125,277.60546875,0.983867085792018,0.9950874068638556,0.9388404651869279,0.6780725315836647,0.5306747865590977,0.8750339273714866,0.7808300915891934,0.9950869426777071,0.5101876072917518,0.36134,0.67996,0,1.0,0,9270,2,,
0.2.3,v0.2.2-seven-family-robustness-v2,synthetic__rings_2d__quality__n200000__HDBSCAN__42__aca286c50349,ok,rings_2d__quality__n200000,HDBSCAN,42,0.2.2,200000,2,498.01005549999536,505.4993725999957,228.62890625,254.27734375,0.9821730271995376,0.9927927412147104,0.9368030100682448,0.7024786776333158,0.5619236404378178,0.8687618375128094,0.7722875822027568,0.99278003600144,0.5213397089136054,0.3912,0.6938599999999999,0,1.0,0,878,2,,
0.2.3,v0.2.2-seven-family-robustness-v2,synthetic__rings_2d__quality__n200000__OPTICS__42__0b507b29a93d,ok,rings_2d__quality__n200000,OPTICS,42,0.2.2,200000,2,626.7029801000026,632.0041607000021,226.21484375,221.4140625,0.013849263555159738,3.225399306083382e-05,0.00744506602176242,0.014761498259141146,0.8543659789377026,4.8133065751417374e-05,0.35539279385705846,2.406816272650906e-05,0.014715589205979422,0.99246,0.50002,0,0.0,0,30,2,,
0.2.3,v0.2.2-seven-family-robustness-v2,synthetic__rings_2d__quality__n200000__SNN-DBSCAN__42__5adfa7430b7d,ok,rings_2d__quality__n200000,SNN-DBSCAN,42,0.2.2,200000,2,6.602642100013327,26.761082699988037,373.3515625,354.375,0.1692727427459745,0.002200823512743419,0.021199876186853796,0.03779388911935471,0.1739577850455683,0.004337071847758935,0.24013718904334821,0.0021882971318852753,0.3951271691069797,0.09804666666666667,0.5052233333333334,0,0.0,0,5301,2,,
0.2.3,v0.2.2-seven-family-robustness-stratascan-fast-v1,synthetic__rings_2d__quality__n200000__StrataSCAN__42__2a1be9f5bd5d,ok,rings_2d__quality__n200000,StrataSCAN,42,0.2.2,200000,2,8.979620599973714,12.19899949998944,433.82421875,427.71484375,0.6696905985806929,0.6531811459819575,0.7795509576381692,0.8682970751105298,0.9798452139599485,0.7359276834172943,0.8427072092896623,0.6531650642025681,0.943759535293616,0.9617866666666667,0.9788633333333334,2,2.0,0,15,2,,
0.2.3,v0.2.2-seven-family-robustness-v2,synthetic__rings_2d__quality__n200000__VDBSCAN-2007__42__2e53f2ecb1a5,ok,rings_2d__quality__n200000,VDBSCAN-2007,42,0.2.2,200000,2,7.659233200000017,14.351254299996071,312.43359375,335.77734375,-3.791553070739532e-15,0.0,0.23181813966858617,0.05951547530029624,0.034140204185942886,0.06646704293907246,0.034376002795738284,0.99996,0.40420543748029464,0.017366666666666666,0.5086733333333333,0,1.0,1,560,2,,
0.2.3,v0.2.2-seven-family-robustness-v2,synthetic__rings_2d__quality__n200000__kNN+Leiden__42__08047bb36955,ok,rings_2d__quality__n200000,kNN+Leiden,42,0.2.2,200000,2,130.9428126999992,137.70601900000474,914.46484375,981.8203125,0.39195088146284385,0.12285147905356546,0.26557915121385084,0.0,0.0,0.14950006616256842,0.19089705518038586,0.12285774470978839,0.4,0.0,0.5,16,9.0,0,54,2,,
0.2.3,v0.2.2-seven-family-robustness-v2,synthetic__rings_2d__quality__n200000__kNN-DBSCAN__42__202d77e4ea46,ok,rings_2d__quality__n200000,kNN-DBSCAN,42,0.2.2,200000,2,2.4647804999985965,10.142337099998258,225.15234375,223.88671875,0.7166275576038243,0.847172032868523,0.9242287680099123,0.9459572588165038,0.9687320148147145,0.8567649607479524,0.8678217607015573,0.8459863626545062,0.911716912959529,0.95382,0.95382,0,1.0,0,838,2,,
0.2.3,v0.2.2-seven-family-robustness-v2,synthetic__rings_2d__quality__n200000__AMD-DBSCAN__73__35fa84ce6653,error,rings_2d__quality__n200000,AMD-DBSCAN,73,,,,,5.178980099997716,,189.52734375,,,,,,,,,,,,,,,,,MemoryError,"Unable to allocate 298. GiB for an array with shape (200000, 200000) and data type float64"
0.2.3,v0.2.2-seven-family-robustness-v2,synthetic__rings_2d__quality__n200000__DBSCAN__73__0883846f3c63,ok,rings_2d__quality__n200000,DBSCAN,73,0.2.2,200000,2,6.338294200002565,34.321935300002224,273.01953125,278.35546875,0.9841580317997815,0.9952481125089787,0.9403163291902087,0.6745333090479804,0.5258892523502195,0.878691126197316,0.786573279514191,0.9952473954958199,0.5085182431950794,0.3569,0.67782,0,1.0,0,9211,2,,
0.2.3,v0.2.2-seven-family-robustness-v2,synthetic__rings_2d__quality__n200000__HDBSCAN__73__41588f054024,ok,rings_2d__quality__n200000,HDBSCAN,73,0.2.2,200000,2,489.0269490000064,496.488995599997,228.43359375,257.265625,0.9846943421384882,0.9937073325531884,0.9359582932827184,0.6973417541091903,0.5556757900609348,0.8669407330092297,0.7688650269988982,0.993695619824793,0.5190005883179832,0.3851333333333333,0.6909966666666667,0,1.0,0,864,2,,
0.2.3,v0.2.2-seven-family-robustness-v2,synthetic__rings_2d__quality__n200000__OPTICS__73__de09730d7585,ok,rings_2d__quality__n200000,OPTICS,73,0.2.2,200000,2,613.6151439999958,619.3989722000115,228.53515625,222.80859375,0.008605102259251507,1.3442632569627377e-05,0.00482711794348799,0.00959993764399771,0.8534351889848967,1.8489178091747287e-05,0.14716519790127858,9.245169806792271e-06,0.008926319057691189,0.9913133333333334,0.4979566666666667,0,0.0,0,31,2,,
0.2.3,v0.2.2-seven-family-robustness-v2,synthetic__rings_2d__quality__n200000__SNN-DBSCAN__73__a7b2f15f0ea0,ok,rings_2d__quality__n200000,SNN-DBSCAN,73,0.2.2,200000,2,6.458766200012178,26.81620750000002,377.15234375,365.45703125,0.16911038410902154,0.00223608556531127,0.025012511306693228,0.043639531922195884,0.17093976616841794,0.0044083377305634075,0.24903082649052757,0.0022238521540861637,0.3939240506329114,0.09625333333333333,0.5032566666666667,0,0.0,0,5330,2,,
0.2.3,v0.2.2-seven-family-robustness-stratascan-fast-v1,synthetic__rings_2d__quality__n200000__StrataSCAN__73__92d7a069f64e,ok,rings_2d__quality__n200000,StrataSCAN,73,0.2.2,200000,2,11.693934100010665,15.035284500016132,538.0,542.671875,0.7211827446065178,0.689373419319503,0.7784052866319178,0.8677526941706161,0.9802707510149768,0.7569702910986152,0.8392847874997557,0.689359964798592,0.9448639623572269,0.9625866666666667,0.9792933333333333,2,2.0,0,12,2,,
0.2.3,v0.2.2-seven-family-robustness-v2,synthetic__rings_2d__quality__n200000__VDBSCAN-2007__73__a95d94fd8b31,ok,rings_2d__quality__n200000,VDBSCAN-2007,73,0.2.2,200000,2,7.328470799999195,14.382208600000013,313.015625,337.0546875,-3.99762847676656e-05,-3.199936008959565e-09,0.23356238934539184,0.060784045449303485,0.034938330636868,0.06756526907994606,0.03496390175648107,0.99992,0.40430031011074236,0.01778,0.5088699999999999,0,1.0,1,565,2,,
0.2.3,v0.2.2-seven-family-robustness-v2,synthetic__rings_2d__quality__n200000__kNN+Leiden__73__433e9eb2c4ce,ok,rings_2d__quality__n200000,kNN+Leiden,73,0.2.2,200000,2,105.55868149999878,112.04170810000505,911.69921875,979.80859375,0.40553150157090656,0.1372499002382793,0.26362837128995764,0.0,0.0,0.16419999690760118,0.2042940186302369,0.13726153366134644,0.4,0.0,0.5,13,7.5,0,52,2,,
0.2.3,v0.2.2-seven-family-robustness-v2,synthetic__rings_2d__quality__n200000__kNN-DBSCAN__73__156f8a017ede,ok,rings_2d__quality__n200000,kNN-DBSCAN,73,0.2.2,200000,2,2.3578738999931375,10.094912699991255,225.7734375,225.5234375,0.7406067899401982,0.85857334768321,0.9280695599944098,0.9474907539103122,0.9677421540692455,0.8640775195242538,0.8711299239709004,0.8571383863354535,0.9091914885499823,0.9521066666666667,0.9526833333333333,0,1.0,0,864,2,,
0.2.3,v0.2.2-seven-family-robustness-v2,synthetic__rings_2d__quality__n200000__AMD-DBSCAN__101__e26317ab0ad7,error,rings_2d__quality__n200000,AMD-DBSCAN,101,,,,,5.212228300006245,,189.62890625,,,,,,,,,,,,,,,,,MemoryError,"Unable to allocate 298. GiB for an array with shape (200000, 200000) and data type float64"
0.2.3,v0.2.2-seven-family-robustness-v2,synthetic__rings_2d__quality__n200000__DBSCAN__101__89e45eefcb21,ok,rings_2d__quality__n200000,DBSCAN,101,0.2.2,200000,2,5.986834700001054,34.23911860000226,272.578125,279.63671875,0.984972467851481,0.9954076645298461,0.9376116945630277,0.6740780272922123,0.5261839753285275,0.873049693020445,0.7774805605885097,0.9954066418656746,0.5086370210425536,0.3571666666666667,0.6779733333333333,0,1.0,0,9221,2,,
0.2.3,v0.2.2-seven-family-robustness-v2,synthetic__rings_2d__quality__n200000__HDBSCAN__101__563c62e8a2ae,ok,rings_2d__quality__n200000,HDBSCAN,101,0.2.2,200000,2,493.52602679999836,501.2489886999974,229.16015625,254.0390625,0.9824666360774437,0.9932587954664766,0.9352064089224266,0.70114493685295,0.5607912858874889,0.8645756011324925,0.7654145599386434,0.9932536709468379,0.5209719485488196,0.3900733333333333,0.6934166666666667,0,1.0,0,858,2,,
0.2.3,v0.2.2-seven-family-robustness-v2,synthetic__rings_2d__quality__n200000__OPTICS__101__fc5ec6ac4b4f,ok,rings_2d__quality__n200000,OPTICS,101,0.2.2,200000,2,545.6341889000032,551.1833385000064,230.4453125,222.10546875,0.013781576263542736,3.0393014035976054e-05,0.004548931575597857,0.009049676248993842,0.8543059660802939,2.9125854391194858e-05,0.2479568486433475,1.4563782551302051e-05,0.014748690083446536,0.9923333333333333,0.49996666666666667,0,0.0,0,32,2,,
0.2.3,v0.2.2-seven-family-robustness-v2,synthetic__rings_2d__quality__n200000__SNN-DBSCAN__101__39a201e6a67b,ok,rings_2d__quality__n200000,SNN-DBSCAN,101,0.2.2,200000,2,6.3323683999915374,27.251160300002084,376.78125,375.65625,0.16895336245236556,0.002235053280044655,0.021876979352989344,0.03879329356040729,0.17108191287878788,0.004416155173221628,0.24602331874439487,0.0022280747229889196,0.39381059556786707,0.09635333333333333,0.5031066666666667,0,0.0,0,5301,2,,
0.2.3,v0.2.2-seven-family-robustness-stratascan-fast-v1,synthetic__rings_2d__quality__n200000__StrataSCAN__101__5cd65835a4b0,ok,rings_2d__quality__n200000,StrataSCAN,101,0.2.2,200000,2,9.60152869997546,12.941973700013477,440.53515625,426.46484375,0.5697654759267319,0.597298279643502,0.7783619640079111,0.8674073698074503,0.9794584156125429,0.7115290111141661,0.8835891271204317,0.5955570014800592,0.9397701691782908,0.97382,0.9649099999999999,4,3.0,0,15,2,,
0.2.3,v0.2.2-seven-family-robustness-v2,synthetic__rings_2d__quality__n200000__VDBSCAN-2007__101__be0876c75b9f,ok,rings_2d__quality__n200000,VDBSCAN-2007,101,0.2.2,200000,2,7.520909499988193,14.569815299997572,312.96875,335.15625,-3.791553070739532e-15,0.0,0.23267469565541116,0.06005229225380064,0.03447507731013155,0.06700508874265446,0.03466392035618382,0.99996,0.4042479221241228,0.01754,0.50876,0,1.0,1,573,2,,
0.2.3,v0.2.2-seven-family-robustness-v2,synthetic__rings_2d__quality__n200000__kNN+Leiden__101__09ee4b7f6a00,ok,rings_2d__quality__n200000,kNN+Leiden,101,0.2.2,200000,2,145.50499400000263,152.14020619999792,914.375,982.47265625,0.4100628957092905,0.14030034653348913,0.29249930409548797,0.0,0.0,0.1662427494349011,0.20391830006485867,0.1403178879155166,0.4,0.0,0.5,13,7.5,0,49,2,,
0.2.3,v0.2.2-seven-family-robustness-v2,synthetic__rings_2d__quality__n200000__kNN-DBSCAN__101__6158498e68e0,ok,rings_2d__quality__n200000,kNN-DBSCAN,101,0.2.2,200000,2,2.4350119000009727,9.87088390000281,223.45703125,223.62109375,0.7364522096847287,0.8549160633593952,0.9256921445896831,0.946503111785433,0.968271323681244,0.8599980503457608,0.8668421830097686,0.8532611464458578,0.9103825450095134,0.95346,0.9528099999999999,0,1.0,0,805,2,,
0.2.3,v0.2.2-seven-family-robustness-v2,synthetic__rings_2d__quality__n200000__AMD-DBSCAN__151__1db3db31db2f,error,rings_2d__quality__n200000,AMD-DBSCAN,151,,,,,5.392094299997552,,189.73828125,,,,,,,,,,,,,,,,,MemoryError,"Unable to allocate 298. GiB for an array with shape (200000, 200000) and data type float64"
0.2.3,v0.2.2-seven-family-robustness-v2,synthetic__rings_2d__quality__n200000__DBSCAN__151__3999a659b935,ok,rings_2d__quality__n200000,DBSCAN,151,0.2.2,200000,2,5.799869200011017,33.71776189999946,271.9140625,279.18359375,0.9808898599944659,0.9940533667581871,0.9400134961024436,0.6770806078566732,0.5290883431013191,0.8781720301615273,0.7864885423816557,0.9940518356734269,0.5095339199314047,0.3599,0.67912,0,1.0,0,9051,2,,
0.2.3,v0.2.2-seven-family-robustness-v2,synthetic__rings_2d__quality__n200000__HDBSCAN__151__917925fb44ac,ok,rings_2d__quality__n200000,HDBSCAN,151,0.2.2,200000,2,498.2346804999979,505.92683149999357,227.4296875,251.52734375,0.9815434114115928,0.9926327443681561,0.9342007376221777,0.6921447349151423,0.5497117251103363,0.8634829015251851,0.7640780506361529,0.992620632825313,0.5165935740723461,0.37947333333333333,0.6880066666666667,0,1.0,0,890,2,,
0.2.3,v0.2.2-seven-family-robustness-v2,synthetic__rings_2d__quality__n200000__OPTICS__151__1c4ec199d671,ok,rings_2d__quality__n200000,OPTICS,151,0.2.2,200000,2,536.2738607999927,541.7331238999905,232.6875,220.59375,0.006657887018809325,1.3357419061536443e-05,0.0036722156650862824,0.007312968959892866,0.8535529565658914,1.2249442795550939e-05,0.11592622876351413,6.125045001800072e-06,0.00684784934731436,0.99182,0.49767,0,0.0,0,30,2,,
0.2.3,v0.2.2-seven-family-robustness-v2,synthetic__rings_2d__quality__n200000__SNN-DBSCAN__151__df6cd7eca0c3,ok,rings_2d__quality__n200000,SNN-DBSCAN,151,0.2.2,200000,2,6.5897533999959705,27.640864700006205,377.95703125,359.03125,0.16793780109832965,0.002032096985313597,0.020133488302404072,0.03602413666975428,0.1709448259531139,0.004032566311013706,0.22515653664444932,0.0020345021800872035,0.3939588021464428,0.09625333333333333,0.5033066666666667,0,0.0,0,5356,2,,
0.2.3,v0.2.2-seven-family-robustness-stratascan-fast-v1,synthetic__rings_2d__quality__n200000__StrataSCAN__151__7f5b0750788e,ok,rings_2d__quality__n200000,StrataSCAN,151,0.2.2,200000,2,9.554202900006203,12.683644099975936,439.94921875,440.859375,0.5536768493693598,0.5538595829574751,0.6254398438401676,0.7636000547115032,0.980106424857806,0.6750833924421504,0.8642977366702689,0.5538361246449858,0.9443473968024912,0.9626866666666667,0.9786933333333334,7,4.5,0,25,2,,
0.2.3,v0.2.2-seven-family-robustness-v2,synthetic__rings_2d__quality__n200000__VDBSCAN-2007__151__5ab93c1e4f11,ok,rings_2d__quality__n200000,VDBSCAN-2007,151,0.2.2,200000,2,7.580793900007848,14.517449000006309,312.7421875,336.75,-3.791553070739532e-15,0.0,0.2326184051363171,0.06003088044087893,0.0344621996842057,0.06696987411520776,0.03464507150156782,0.99996,0.4042462879342198,0.017533333333333335,0.5087566666666666,0,1.0,1,565,2,,
0.2.3,v0.2.2-seven-family-robustness-v2,synthetic__rings_2d__quality__n200000__kNN+Leiden__151__05acd68ea58a,ok,rings_2d__quality__n200000,kNN+Leiden,151,0.2.2,200000,2,174.62439529999392,181.41730270000699,911.203125,980.25,0.3914529582976889,0.121133003236095,0.2665820620300232,0.0,0.0,0.14853176292833567,0.1919533246301582,0.1211308740349614,0.4,0.0,0.5,16,9.0,0,54,2,,
0.2.3,v0.2.2-seven-family-robustness-v2,synthetic__rings_2d__quality__n200000__kNN-DBSCAN__151__ace5d45d14d2,ok,rings_2d__quality__n200000,kNN-DBSCAN,151,0.2.2,200000,2,2.262060900000506,9.861595599999418,224.37109375,225.890625,0.6746142837772434,0.776896293628879,0.8988193782814058,0.9320893290307002,0.9679169375812745,0.8215119641315716,0.8734388829388914,0.7754128053122125,0.9095163508557457,0.95274,0.95252,1,1.5,0,834,2,,
0.2.3,v0.2.2-seven-family-robustness-v2,synthetic__rings_2d__quality__n5000__AMD-DBSCAN__23__866ee3fd4c2d,ok,rings_2d__quality__n5000,AMD-DBSCAN,23,0.2.2,5000,2,0.5891492000082508,5.760423999992781,566.9921875,566.9921875,0.9957207663465746,0.9984012779536358,0.9184808831291632,0.0,0.0,0.15535344088784336,0.08422990860902627,0.9984,0.4,0.0,0.5,0,1.0,0,109,2,,
0.2.3,v0.2.2-seven-family-robustness-v2,synthetic__rings_2d__quality__n5000__DBSCAN__23__d038be6cca72,ok,rings_2d__quality__n5000,DBSCAN,23,0.2.2,5000,2,0.08871399999770802,5.590474399999948,187.72265625,187.984375,1.0,1.0,0.8632204698189744,0.6426857116425512,0.5119047619047619,0.6979135070422157,0.5359962727643801,1.0,0.5040322580645161,0.344,0.6719999999999999,0,1.0,0,213,2,,
0.2.3,v0.2.2-seven-family-robustness-v2,synthetic__rings_2d__quality__n5000__HDBSCAN__23__51fb5decebeb,ok,rings_2d__quality__n5000,HDBSCAN,23,0.2.2,5000,2,0.27469859999837354,5.799750799997128,187.30859375,187.51953125,1.0,1.0,0.9013961985575587,0.7293093321554805,0.6123959296947271,0.6670035889923884,0.5003791334203224,1.0,0.544069640914037,0.44133333333333336,0.7206666666666667,0,1.0,0,17,2,,
0.2.3,v0.2.2-seven-family-robustness-v2,synthetic__rings_2d__quality__n5000__OPTICS__23__88da537f10f4,ok,rings_2d__quality__n5000,OPTICS,23,0.2.2,5000,2,6.558801199993468,12.102328399996622,187.27734375,187.6171875,0.851352734937741,0.88035099255374,0.5494681737550198,0.685702730641794,0.9117647058823529,0.6365180865591851,0.8625826652867192,0.5043410256410257,0.6704545454545454,0.9589333333333333,0.7626666666666666,1,1.5,0,5,2,,
0.2.3,v0.2.2-seven-family-robustness-v2,synthetic__rings_2d__quality__n5000__SNN-DBSCAN__23__4ff06da2864a,ok,rings_2d__quality__n5000,SNN-DBSCAN,23,0.2.2,5000,2,0.08077780000166968,6.914655799992033,230.25,230.47265625,0.5395708551872099,0.4667530581295679,0.6219795590211239,0.3007500521410538,0.19832335329341316,0.45061460055608193,0.43580677231185694,0.4664641025641026,0.4254077253218884,0.1104,0.5508,7,4.5,0,87,2,,
0.2.3,v0.2.2-seven-family-robustness-stratascan-fast-v1,synthetic__rings_2d__quality__n5000__StrataSCAN__23__77713acb1164,ok,rings_2d__quality__n5000,StrataSCAN,23,0.2.2,5000,2,0.4346169999917038,3.4994090999825858,224.28515625,222.0703125,0.9796223878699014,0.9920114732054067,0.9290332374498363,0.9502025289953124,0.9723590585659552,0.8540476224639929,0.7497737407485644,0.9920102564102564,0.924962852897474,0.9474666666666667,0.9717333333333333,0,1.0,0,3,2,,
0.2.3,v0.2.2-seven-family-robustness-v2,synthetic__rings_2d__quality__n5000__VDBSCAN-2007__23__806aaf8a6f12,ok,rings_2d__quality__n5000,VDBSCAN-2007,23,0.2.2,5000,2,0.08612379999249242,5.026398700007121,188.02734375,188.26171875,0.9733092714336525,0.9888729121539641,0.9337643187375498,0.11976072068464783,0.06398348813209494,0.24859693018347795,0.14216888877747716,0.9888615384615385,0.4075767472240367,0.03306666666666667,0.5157333333333333,0,1.0,0,64,2,,
0.2.3,v0.2.2-seven-family-robustness-v2,synthetic__rings_2d__quality__n5000__kNN+Leiden__23__c684b9642a0f,ok,rings_2d__quality__n5000,kNN+Leiden,23,0.2.2,5000,2,0.27287049998994917,6.635925099995802,235.65625,235.3671875,0.5280603497982217,0.2957307612554661,0.4621468303982405,0.0,0.0,0.19735529860539813,0.1481339644051831,0.29556410256410254,0.4,0.0,0.5,5,3.5,0,17,2,,
0.2.3,v0.2.2-seven-family-robustness-v2,synthetic__rings_2d__quality__n5000__kNN-DBSCAN__23__fd643ebb7e52,ok,rings_2d__quality__n5000,kNN-DBSCAN,23,0.2.2,5000,2,0.02645259999553673,5.257255000004079,187.01953125,187.515625,0.5525148476408431,0.5666401741303667,0.6685021391976281,0.7913753378554174,0.9695895267966725,0.6807115425859378,0.8546218129268963,0.5656128205128205,0.9163854518185228,0.948,0.9628,7,4.5,0,20,2,,
0.2.3,v0.2.2-seven-family-robustness-v2,synthetic__rings_2d__quality__n5000__AMD-DBSCAN__42__213bc441712b,ok,rings_2d__quality__n5000,AMD-DBSCAN,42,0.2.2,5000,2,0.6035439999977825,5.799736600005417,566.45703125,566.45703125,0.9957207663465746,0.9984012779536358,0.9151153030274586,0.002129715070164915,0.0010660980810234544,0.16003047917780197,0.08698665161843346,0.9984,0.4001280409731114,0.0005333333333333334,0.5002666666666666,0,1.0,0,113,2,,
0.2.3,v0.2.2-seven-family-robustness-v2,synthetic__rings_2d__quality__n5000__DBSCAN__42__456d043a7a18,ok,rings_2d__quality__n5000,DBSCAN,42,0.2.2,5000,2,0.10364040000422392,6.090180500003044,187.578125,187.7890625,0.0,0.0,0.5638249887235002,0.5495679027368081,0.536014054265079,0.46710922271228766,0.3047244002203392,1.0,0.5126102111954071,0.3661333333333333,0.6830666666666667,0,1.0,1,211,2,,
0.2.3,v0.2.2-seven-family-robustness-v2,synthetic__rings_2d__quality__n5000__HDBSCAN__42__f9578632ea14,ok,rings_2d__quality__n5000,HDBSCAN,42,0.2.2,5000,2,0.26454370000283234,5.859290000007604,187.453125,187.64453125,1.0,1.0,0.9085371614791856,0.7171328930342136,0.5923423423423423,0.7237078335806002,0.5670393132717733,1.0,0.5351027397260274,0.4208,0.7104,0,1.0,0,23,2,,
0.2.3,v0.2.2-seven-family-robustness-v2,synthetic__rings_2d__quality__n5000__OPTICS__42__db3e25ff615e,ok,rings_2d__quality__n5000,OPTICS,42,0.2.2,5000,2,6.61834380000073,12.081477399988216,187.3515625,187.69921875,0.8848195991319068,0.8967510471388626,0.5700552676160284,0.7032709755719014,0.9177358490566037,0.6115475127684231,0.7710175912235049,0.5067384615384616,0.6809756097560976,0.9728,0.7656000000000001,0,1.0,0,2,2,,
0.2.3,v0.2.2-seven-family-robustness-v2,synthetic__rings_2d__quality__n5000__SNN-DBSCAN__42__355e69810dca,ok,rings_2d__quality__n5000,SNN-DBSCAN,42,0.2.2,5000,2,0.09828460001153871,6.615117800000007,234.38671875,231.96875,0.4713251988123558,0.25882020991689203,0.5368701054485729,0.2856906557501765,0.19463087248322147,0.3061794851542897,0.375560788755906,0.25843589743589745,0.4234728894989705,0.10826666666666666,0.5477333333333333,9,5.5,0,89,2,,
0.2.3,v0.2.2-seven-family-robustness-stratascan-fast-v1,synthetic__rings_2d__quality__n5000__StrataSCAN__42__c582b5399eb0,ok,rings_2d__quality__n5000,StrataSCAN,42,0.2.2,5000,2,0.36747150000883266,3.1631994000053965,222.7890625,221.953125,1.0,1.0,0.9168847038643768,0.9419210869663954,0.968363136176066,0.8305258719456879,0.7101703680503456,1.0,0.9157509157509157,0.9386666666666666,0.9693333333333334,0,1.0,0,2,2,,
0.2.3,v0.2.2-seven-family-robustness-v2,synthetic__rings_2d__quality__n5000__VDBSCAN-2007__42__fc77eb5434d0,ok,rings_2d__quality__n5000,VDBSCAN-2007,42,0.2.2,5000,2,0.09703150000132155,5.036294600009569,187.875,188.109375,0.8494364425777174,0.8782112661737282,0.9051823504862901,0.12475304468860172,0.06699304303014686,0.1770785343291994,0.09846750565700305,0.8781256410256411,0.4082366399738519,0.034666666666666665,0.5169333333333334,1,1.5,0,68,2,,
0.2.3,v0.2.2-seven-family-robustness-v2,synthetic__rings_2d__quality__n5000__kNN+Leiden__42__ccbf2aa4ccfa,ok,rings_2d__quality__n5000,kNN+Leiden,42,0.2.2,5000,2,0.2550778000004357,6.49488269998983,235.45703125,235.421875,0.5133107439319254,0.2902263727531947,0.48355473963678763,0.0,0.0,0.19815011547546377,0.1504706697650043,0.2900615384615385,0.4,0.0,0.5,6,4.0,0,18,2,,
0.2.3,v0.2.2-seven-family-robustness-v2,synthetic__rings_2d__quality__n5000__kNN-DBSCAN__42__5496f8af165e,ok,rings_2d__quality__n5000,kNN-DBSCAN,42,0.2.2,5000,2,0.026324699996621348,5.187251800001832,186.8125,187.30078125,0.48668654355778546,0.528686738965453,0.5849022574912464,0.7297218468664822,0.9698540444686945,0.6562247549788958,0.8666829405847668,0.5280076923076923,0.9171974522292993,0.948,0.9636,9,5.5,0,29,2,,
0.2.3,v0.2.2-seven-family-robustness-v2,synthetic__rings_2d__quality__n5000__AMD-DBSCAN__73__409504897f5d,ok,rings_2d__quality__n5000,AMD-DBSCAN,73,0.2.2,5000,2,0.5780694999994012,5.753948099998524,566.59765625,566.59765625,0.9922670477690253,0.9968076759433112,0.918526190812476,0.001065763637699624,0.0005331911490269262,0.15196765301617018,0.08225381817766346,0.9968051282051282,0.4000640102416386,0.0002666666666666667,0.5001333333333333,0,1.0,0,105,2,,
0.2.3,v0.2.2-seven-family-robustness-v2,synthetic__rings_2d__quality__n5000__DBSCAN__73__e9f428b972ff,ok,rings_2d__quality__n5000,DBSCAN,73,0.2.2,5000,2,0.06669340000371449,5.588009500002954,187.984375,188.2890625,0.0,0.0,0.5630630630630631,0.5413737296964377,0.5212933753943217,0.46488452983485873,0.3028335906124693,1.0,0.5073051948051948,0.3525333333333333,0.6762666666666667,0,1.0,1,199,2,,
0.2.3,v0.2.2-seven-family-robustness-v2,synthetic__rings_2d__quality__n5000__HDBSCAN__73__e52c82b07439,ok,rings_2d__quality__n5000,HDBSCAN,73,0.2.2,5000,2,0.297652699999162,5.966275500002666,187.3828125,187.63671875,1.0,1.0,0.9086123261108544,0.6987251130435296,0.5676088617265088,0.7193541306605331,0.5617119829009112,1.0,0.5247691015952981,0.39626666666666666,0.6981333333333333,0,1.0,0,24,2,,
0.2.3,v0.2.2-seven-family-robustness-v2,synthetic__rings_2d__quality__n5000__OPTICS__73__fff94631b95b,ok,rings_2d__quality__n5000,OPTICS,73,0.2.2,5000,2,6.522974799998337,12.281950199991115,187.5703125,187.86328125,0.06072289956465806,0.005304044854766858,0.06845238095238095,0.12669432439220848,0.8493787016606665,0.005265032048021161,0.3275316455696203,0.0026538461538461538,0.06623470122390208,0.9752,0.506,0,0.5,0,3,2,,
0.2.3,v0.2.2-seven-family-robustness-v2,synthetic__rings_2d__quality__n5000__SNN-DBSCAN__73__db26185fef02,ok,rings_2d__quality__n5000,SNN-DBSCAN,73,0.2.2,5000,2,0.08449490000202786,6.684942499996396,234.1640625,229.9140625,0.4679930261334285,0.23280701550824207,0.4618210079415536,0.26558216882539926,0.1863833896668276,0.26931697079262734,0.3197501885568878,0.23262564102564104,0.4247183339023558,0.10293333333333334,0.5490666666666667,9,5.5,0,85,2,,
0.2.3,v0.2.2-seven-family-robustness-stratascan-fast-v1,synthetic__rings_2d__quality__n5000__StrataSCAN__73__75667c023185,ok,rings_2d__quality__n5000,StrataSCAN,73,0.2.2,5000,2,0.3717892999993637,3.264997399994172,222.55078125,222.50390625,0.9957207663465747,0.9984012779536358,0.9234474477294979,0.9463870596578305,0.9704954027720597,0.8439496416677593,0.7308835150643739,0.9984,0.9207519351271655,0.9429333333333333,0.9710666666666666,0,1.0,0,3,2,,
0.2.3,v0.2.2-seven-family-robustness-v2,synthetic__rings_2d__quality__n5000__VDBSCAN-2007__73__f770faf6e5f0,ok,rings_2d__quality__n5000,VDBSCAN-2007,73,0.2.2,5000,2,0.09348480000335258,5.393760999999358,187.61328125,187.84375,0.9603680208832597,0.9841125179764081,0.9366043468046721,0.09568124409628272,0.05041580041580042,0.2844420992093725,0.16624679028474204,0.9841025641025641,0.4060468140442133,0.025866666666666666,0.5125333333333333,0,1.0,0,62,2,,
0.2.3,v0.2.2-seven-family-robustness-v2,synthetic__rings_2d__quality__n5000__kNN+Leiden__73__bd3c8faa3451,ok,rings_2d__quality__n5000,kNN+Leiden,73,0.2.2,5000,2,0.5161626000044635,6.804821700003231,235.59375,235.59375,0.5098171364188769,0.28018702300346493,0.4784256920656156,0.0,0.0,0.1869040518696823,0.14026079440446637,0.28002564102564104,0.4,0.0,0.5,6,4.0,0,19,2,,
0.2.3,v0.2.2-seven-family-robustness-v2,synthetic__rings_2d__quality__n5000__kNN-DBSCAN__73__f8c46fc34058,ok,rings_2d__quality__n5000,kNN-DBSCAN,73,0.2.2,5000,2,0.02660650000325404,5.203745999999228,187.0078125,187.5546875,0.5533913043621396,0.5668146478251745,0.6515151059898141,0.7789181762614636,0.9682604549788857,0.6787445077987334,0.8488519352541525,0.5654333333333333,0.9123730725836781,0.9477333333333333,0.9590666666666667,4,3.0,0,24,2,,
0.2.3,v0.2.2-seven-family-robustness-v2,synthetic__rings_2d__quality__n5000__AMD-DBSCAN__101__8a9cb1a4df54,ok,rings_2d__quality__n5000,AMD-DBSCAN,101,0.2.2,5000,2,0.58256930000789,5.743274599997676,566.52734375,566.52734375,0.9922670477690253,0.9968076759433112,0.9311003486675916,0.0,0.0,0.15212369338831253,0.08234525341424796,0.9968051282051282,0.4,0.0,0.5,0,1.0,0,107,2,,
0.2.3,v0.2.2-seven-family-robustness-v2,synthetic__rings_2d__quality__n5000__DBSCAN__101__59dfd4e8c634,ok,rings_2d__quality__n5000,DBSCAN,101,0.2.2,5000,2,0.07392940000863746,5.587995499998215,187.4609375,187.6640625,0.0,0.0,0.5744485294117647,0.555329161083822,0.5374414976599065,0.4864037675089766,0.3213563545335142,1.0,0.513136288998358,0.36746666666666666,0.6837333333333333,0,1.0,1,232,2,,
0.2.3,v0.2.2-seven-family-robustness-v2,synthetic__rings_2d__quality__n5000__HDBSCAN__101__893e052c8d1b,ok,rings_2d__quality__n5000,HDBSCAN,101,0.2.2,5000,2,0.2774792999989586,5.763027900000452,187.62890625,187.8125,1.0,1.0,0.9177734204746137,0.7408181467226114,0.6210700496414782,0.7469482853227535,0.5961033184613198,1.0,0.5481254110940583,0.4504,0.7252000000000001,0,1.0,0,22,2,,
0.2.3,v0.2.2-seven-family-robustness-v2,synthetic__rings_2d__quality__n5000__OPTICS__101__7c32922207a9,ok,rings_2d__quality__n5000,OPTICS,101,0.2.2,5000,2,6.74400059999607,12.313671700001578,187.41015625,187.69921875,0.12097881583800593,0.022349414580341682,0.09077809798270892,0.16433774571661036,0.8664117715212606,0.014955370187335957,0.8241388966676001,0.0075461538461538465,0.15777940102264426,0.9970666666666667,0.5417333333333333,1,1.0,0,2,2,,
0.2.3,v0.2.2-seven-family-robustness-v2,synthetic__rings_2d__quality__n5000__SNN-DBSCAN__101__17d0a433b88d,ok,rings_2d__quality__n5000,SNN-DBSCAN,101,0.2.2,5000,2,0.07475820000399835,6.0767870000127004,229.60546875,229.828125,0.5171741551447203,0.32640417306680847,0.5697292044845457,0.29559513581457575,0.19956927494615934,0.3702426073742861,0.4281804225750414,0.32611538461538464,0.42535646796083154,0.1112,0.5508,6,4.0,0,86,2,,
0.2.3,v0.2.2-seven-family-robustness-stratascan-fast-v1,synthetic__rings_2d__quality__n5000__StrataSCAN__101__ebc9de55359d,ok,rings_2d__quality__n5000,StrataSCAN,101,0.2.2,5000,2,0.3787372999940999,3.4192223999998532,222.2578125,221.51953125,0.989134431227801,0.995219194008238,0.9401128942898922,0.9583193224939112,0.9772448562474452,0.8766844504275783,0.783387694468889,0.9952076923076923,0.9372416384817739,0.9562666666666667,0.9769333333333334,0,1.0,0,3,2,,
0.2.3,v0.2.2-seven-family-robustness-v2,synthetic__rings_2d__quality__n5000__VDBSCAN-2007__101__26fb8c84d5cd,ok,rings_2d__quality__n5000,VDBSCAN-2007,101,0.2.2,5000,2,0.09587279999686871,5.3379600000043865,187.6015625,187.83984375,0.9611416502196487,0.9841150800276844,0.9445499773857984,0.10658067881181128,0.05647668393782384,0.15962033815972057,0.08685397827654823,0.9841025641025641,0.4068403908794788,0.029066666666666668,0.5141333333333333,0,1.0,0,55,2,,
0.2.3,v0.2.2-seven-family-robustness-v2,synthetic__rings_2d__quality__n5000__kNN+Leiden__101__af7458a52a6a,ok,rings_2d__quality__n5000,kNN+Leiden,101,0.2.2,5000,2,0.3302008000027854,6.620106999995187,235.03515625,234.88671875,0.5106436905786073,0.2798407472039144,0.4711759933605006,0.0,0.0,0.195023350950845,0.14970820111339256,0.27967948717948715,0.4,0.0,0.5,6,4.0,0,19,2,,
0.2.3,v0.2.2-seven-family-robustness-v2,synthetic__rings_2d__quality__n5000__kNN-DBSCAN__101__e4e3d5040d29,ok,rings_2d__quality__n5000,kNN-DBSCAN,101,0.2.2,5000,2,0.02931699999317061,5.196025500001269,187.015625,187.50390625,0.5237135256342842,0.5501212928663444,0.6426732512953368,0.773566039748627,0.9714130138851076,0.6768554192316258,0.881469321253564,0.5493384615384616,0.9208741522230596,0.9514666666666667,0.9645333333333334,5,3.5,0,27,2,,
0.2.3,v0.2.2-seven-family-robustness-v2,synthetic__rings_2d__quality__n5000__AMD-DBSCAN__151__7c1070705a17,ok,rings_2d__quality__n5000,AMD-DBSCAN,151,0.2.2,5000,2,0.5758691000082763,5.774419399996987,566.4140625,566.4140625,1.0,1.0,0.9218008654810395,0.0,0.0,0.15315896250904226,0.08293023568347697,1.0,0.4,0.0,0.5,0,1.0,0,106,2,,
0.2.3,v0.2.2-seven-family-robustness-v2,synthetic__rings_2d__quality__n5000__DBSCAN__151__cb5bf294e323,ok,rings_2d__quality__n5000,DBSCAN,151,0.2.2,5000,2,0.06211339999572374,5.774960800001281,187.984375,188.18359375,0.0,0.0,0.5718206770356815,0.5483943944523588,0.5268120212139069,0.4809121052975552,0.3165795125974294,1.0,0.5092686901609289,0.3576,0.6788,0,1.0,1,234,2,,
0.2.3,v0.2.2-seven-family-robustness-v2,synthetic__rings_2d__quality__n5000__HDBSCAN__151__0a343cb4cc60,ok,rings_2d__quality__n5000,HDBSCAN,151,0.2.2,5000,2,0.27664939999522176,5.836790800007293,187.3671875,187.65625,0.9957207663465747,0.9984012779536358,0.9161296840005675,0.712494851914667,0.5829240649792218,0.7369367357406066,0.5839980082250705,0.9984,0.5308117297067574,0.41146666666666665,0.7053333333333334,0,1.0,0,23,2,,
0.2.3,v0.2.2-seven-family-robustness-v2,synthetic__rings_2d__quality__n5000__OPTICS__151__674996a1640c,ok,rings_2d__quality__n5000,OPTICS,151,0.2.2,5000,2,6.7613667999976315,12.117840300008538,186.9609375,187.25390625,0.12080141418346065,0.008583630764526185,0.1281181631406519,0.22327287625319986,0.8677887405687753,0.012626307606574232,0.8300434928069589,0.006361538461538462,0.17761732851985562,0.9968,0.5476,1,1.5,0,3,2,,
0.2.3,v0.2.2-seven-family-robustness-v2,synthetic__rings_2d__quality__n5000__SNN-DBSCAN__151__e3d3114e97b6,ok,rings_2d__quality__n5000,SNN-DBSCAN,151,0.2.2,5000,2,0.0700253000104567,6.2344712000049185,229.6875,229.7265625,0.44180146585574936,0.22645560591335315,0.5019362088339527,0.28386696848202725,0.19789171058936272,0.2773128521641301,0.358101143566727,0.22626666666666667,0.4253347064881566,0.11013333333333333,0.5506666666666666,10,6.0,0,93,2,,
0.2.3,v0.2.2-seven-family-robustness-stratascan-fast-v1,synthetic__rings_2d__quality__n5000__StrataSCAN__151__deac1c78f00b,ok,rings_2d__quality__n5000,StrataSCAN,151,0.2.2,5000,2,0.41195459998562,3.7219301000004634,223.2734375,223.0703125,0.9957207663465747,0.9984012779536358,0.9322388956584152,0.9525350429604578,0.973734610123119,0.860471874381926,0.756027330499836,0.9984,0.9286245353159852,0.9490666666666666,0.9741333333333333,0,1.0,0,3,2,,
0.2.3,v0.2.2-seven-family-robustness-v2,synthetic__rings_2d__quality__n5000__VDBSCAN-2007__151__c903a6a7ec25,ok,rings_2d__quality__n5000,VDBSCAN-2007,151,0.2.2,5000,2,0.07764379998843651,5.400066600006539,187.61328125,187.85546875,0.7713135134206359,0.7397746105274868,0.8071037056583859,0.11334156086302856,0.06095041322314049,0.12517572906814287,0.06837389244965875,0.7396051282051282,0.40665796344647515,0.031466666666666664,0.5141333333333333,1,1.5,0,62,2,,
0.2.3,v0.2.2-seven-family-robustness-v2,synthetic__rings_2d__quality__n5000__kNN+Leiden__151__b6c4df30765e,ok,rings_2d__quality__n5000,kNN+Leiden,151,0.2.2,5000,2,0.36080030001176056,6.835068300002604,235.22265625,235.21875,0.5094446850570545,0.2769448480044288,0.46688089096621543,0.0,0.0,0.178098735856341,0.13128858531459345,0.2767846153846154,0.4,0.0,0.5,6,4.0,0,17,2,,
0.2.3,v0.2.2-seven-family-robustness-v2,synthetic__rings_2d__quality__n5000__kNN-DBSCAN__151__7559f173a1f9,ok,rings_2d__quality__n5000,kNN-DBSCAN,151,0.2.2,5000,2,0.026934699999401346,5.279473300004611,186.91796875,187.40234375,0.471290271514965,0.3441986545626011,0.581270691553851,0.7268958942212952,0.9698786970151289,0.4903311146653768,0.8587756621294674,0.3431205128205128,0.9170108899737139,0.9488,0.9628,9,5.5,0,27,2,,
0.2.3,v0.2.2-seven-family-robustness-v2,synthetic__rings_2d__quality__n50000__AMD-DBSCAN__23__ffdeeb85e203,error,rings_2d__quality__n50000,AMD-DBSCAN,23,,,,,151.87976010001148,,4840.96875,,,,,,,,,,,,,,,,,MemoryError,"Unable to allocate 18.6 GiB for an array with shape (50000, 50000) and data type float64"
0.2.3,v0.2.2-seven-family-robustness-v2,synthetic__rings_2d__quality__n50000__DBSCAN__23__5d3f198d0af2,ok,rings_2d__quality__n50000,DBSCAN,23,0.2.2,50000,2,1.0666072000021813,7.482909199999995,208.38671875,205.62890625,0.9955955680798222,0.9987203838915591,0.9267298954252434,0.6716664681731901,0.5267024139217882,0.8477523363286564,0.7364321911256139,0.9987203328532566,0.5090960946890215,0.3575466666666667,0.6785733333333334,0,1.0,0,2266,2,,
0.2.3,v0.2.2-seven-family-robustness-v2,synthetic__rings_2d__quality__n50000__HDBSCAN__23__51c94b58c6ec,ok,rings_2d__quality__n50000,HDBSCAN,23,0.2.2,50000,2,28.25707490000059,33.430173300002934,196.625,195.69921875,0.9920056504304451,0.9971246076893109,0.9206281019632188,0.6934893110987723,0.556250360764243,0.8224118241166699,0.6997968634754578,0.9971227652424388,0.519790950923439,0.3854666666666667,0.6920133333333334,0,1.0,0,213,2,,
0.2.3,v0.2.2-seven-family-robustness-v2,synthetic__rings_2d__quality__n50000__OPTICS__23__979d86d4984e,ok,rings_2d__quality__n50000,OPTICS,23,0.2.2,50000,2,79.85657599999104,84.8071634999942,202.74609375,203.06640625,0.006412183278086522,4.408677418476333e-05,0.00667302192564347,0.013242606818255771,0.8543188359266607,4.408225318373321e-05,0.12145577655522641,2.2045127220355256e-05,0.006568144499178982,0.9934133333333334,0.4983866666666667,0,0.0,0,6,2,,
0.2.3,v0.2.2-seven-family-robustness-v2,synthetic__rings_2d__quality__n50000__SNN-DBSCAN__23__555802268942,ok,rings_2d__quality__n50000,SNN-DBSCAN,23,0.2.2,50000,2,1.0451276000094367,8.160970199998701,296.9921875,274.09765625,0.21202028756888086,0.01075778944270511,0.07430120537395396,0.10485424824686482,0.1780828402366864,0.020096593692469227,0.25705055301108287,0.01045707153144503,0.39868398268398264,0.10032,0.51064,0,0.5,0,1237,2,,
0.2.3,v0.2.2-seven-family-robustness-stratascan-fast-v1,synthetic__rings_2d__quality__n50000__StrataSCAN__23__6d7b3b652218,ok,rings_2d__quality__n50000,StrataSCAN,23,0.2.2,50000,2,2.504991900001187,5.342499899998074,301.625,294.88671875,0.7932363409721541,0.7986208035460178,0.8893074705928177,0.9325329045239001,0.9801750216076058,0.820660177315115,0.8445111338115046,0.7981194303088495,0.9434340320591863,0.9677333333333333,0.9735466666666667,1,1.5,0,8,2,,
0.2.3,v0.2.2-seven-family-robustness-v2,synthetic__rings_2d__quality__n50000__VDBSCAN-2007__23__5d7413be40bd,ok,rings_2d__quality__n50000,VDBSCAN-2007,23,0.2.2,50000,2,1.1516923000017414,6.311239699993166,219.078125,224.41796875,0.0,0.0,0.2328136931701775,0.06447649424185228,0.037419861311003534,0.0670848529206564,0.03470656899865592,1.0,0.40462895524803755,0.019066666666666666,0.5095333333333333,0,1.0,1,164,2,,
0.2.3,v0.2.2-seven-family-robustness-v2,synthetic__rings_2d__quality__n50000__kNN+Leiden__23__ba82f41caeed,ok,rings_2d__quality__n50000,kNN+Leiden,23,0.2.2,50000,2,9.380282699989039,17.885750500005088,391.765625,405.2890625,0.42636835510500976,0.16600834927698416,0.3185989584564356,0.0,0.0,0.17001033543669158,0.1742222401612752,0.1659972731637062,0.4,0.0,0.5,12,7.0,0,36,2,,
0.2.3,v0.2.2-seven-family-robustness-v2,synthetic__rings_2d__quality__n50000__kNN-DBSCAN__23__c34d7bd1bd10,ok,rings_2d__quality__n50000,kNN-DBSCAN,23,0.2.2,50000,2,0.40306179999606684,9.71260309999343,203.0625,192.3046875,0.7997055177342176,0.884123486663397,0.9317860899909216,0.9501635922835492,0.9692805940620893,0.8705472206928719,0.8587141309606401,0.8827109873579773,0.9134831889478304,0.9537333333333333,0.9555866666666666,0,1.0,0,179,2,,
0.2.3,v0.2.2-seven-family-robustness-v2,synthetic__rings_2d__quality__n50000__AMD-DBSCAN__42__db8832728921,error,rings_2d__quality__n50000,AMD-DBSCAN,42,,,,,150.9549044000014,,4768.1171875,,,,,,,,,,,,,,,,,MemoryError,"Unable to allocate 18.6 GiB for an array with shape (50000, 50000) and data type float64"
0.2.3,v0.2.2-seven-family-robustness-v2,synthetic__rings_2d__quality__n50000__DBSCAN__42__f3264bd0805b,ok,rings_2d__quality__n50000,DBSCAN,42,0.2.2,50000,2,0.9817187000007834,7.719070999999531,208.84375,206.921875,0.9946376259788231,0.9984005886322829,0.9261392624478395,0.6698908924393919,0.5247113890691683,0.8470088098403714,0.7354842057303131,0.9984005376860298,0.5083311293308648,0.35573333333333335,0.6775866666666667,0,1.0,0,2252,2,,
0.2.3,v0.2.2-seven-family-robustness-v2,synthetic__rings_2d__quality__n50000__HDBSCAN__42__a1ed4d372ad4,ok,rings_2d__quality__n50000,HDBSCAN,42,0.2.2,50000,2,28.952279499993892,34.2430730000051,197.05078125,197.0,0.9908626477240324,0.9964890365148756,0.9198286414838528,0.6921050171582395,0.5547616754935003,0.8197971845240748,0.6963301991317683,0.9964848903824612,0.5191055642225689,0.38408,0.69116,0,1.0,0,194,2,,
0.2.3,v0.2.2-seven-family-robustness-v2,synthetic__rings_2d__quality__n50000__OPTICS__42__79a5bd3a8457,ok,rings_2d__quality__n50000,OPTICS,42,0.2.2,50000,2,79.43462329999602,84.42330779999611,201.2734375,194.140625,0.01197699349793091,4.14820396805682e-05,0.012870765600790268,0.025359205150641714,0.8537016625332965,8.293497455163345e-05,0.15427102180744692,4.14786365818531e-05,0.012554246745195289,0.9913866666666666,0.49893333333333334,0,0.0,0,8,2,,
0.2.3,v0.2.2-seven-family-robustness-v2,synthetic__rings_2d__quality__n50000__SNN-DBSCAN__42__cd2d3adc24df,ok,rings_2d__quality__n50000,SNN-DBSCAN,42,0.2.2,50000,2,0.9720628999930341,7.7998115999944275,298.77734375,291.18359375,0.2141791120387172,0.011921751827487727,0.08295371396639978,0.11266820010560563,0.17555186328032282,0.022787676860200123,0.28883047833752706,0.011861763482157145,0.3997926386728875,0.09861333333333333,0.5120266666666666,0,0.0,0,1256,2,,
0.2.3,v0.2.2-seven-family-robustness-stratascan-fast-v1,synthetic__rings_2d__quality__n50000__StrataSCAN__42__1fa27935f707,ok,rings_2d__quality__n50000,StrataSCAN,42,0.2.2,50000,2,2.0992244000080973,5.095740499993553,297.1484375,290.67578125,0.9531812062937209,0.9760416343484123,0.9463980662276907,0.9632760125432399,0.9807668881880811,0.8927135351930854,0.8225964303137906,0.9758978652584414,0.9455909943714822,0.96616,0.9770000000000001,0,1.0,0,4,2,,
0.2.3,v0.2.2-seven-family-robustness-v2,synthetic__rings_2d__quality__n50000__VDBSCAN-2007__42__aeaa66cfd0ad,ok,rings_2d__quality__n50000,VDBSCAN-2007,42,0.2.2,50000,2,1.1574431999906665,6.318722700001672,217.87890625,217.87890625,0.0,0.0,0.23431056459473648,0.060985378889415014,0.03505462548141162,0.06803027903547462,0.03521291161929333,1.0,0.40432792612120133,0.01784,0.50892,0,1.0,1,147,2,,
0.2.3,v0.2.2-seven-family-robustness-v2,synthetic__rings_2d__quality__n50000__kNN+Leiden__42__6a6d7910cc77,ok,rings_2d__quality__n50000,kNN+Leiden,42,0.2.2,50000,2,8.515078399999766,17.113633899993147,391.34375,404.11328125,0.43454794840701005,0.17783453341438488,0.38275483125029297,0.0,0.0,0.17970082316760716,0.18158686474955518,0.17785355736917907,0.4,0.0,0.5,11,6.5,0,36,2,,
0.2.3,v0.2.2-seven-family-robustness-v2,synthetic__rings_2d__quality__n50000__kNN-DBSCAN__42__605d0cd2e135,ok,rings_2d__quality__n50000,kNN-DBSCAN,42,0.2.2,50000,2,0.41672410001046956,9.681643900010386,203.796875,192.37109375,0.5924706209935715,0.5939827413310323,0.7190916589643872,0.826063372566432,0.9704230118443317,0.7111636139592713,0.8889400146123727,0.5926427908465355,0.9163636363636364,0.9558666666666666,0.9567333333333333,3,2.5,0,155,2,,
0.2.3,v0.2.2-seven-family-robustness-v2,synthetic__rings_2d__quality__n50000__AMD-DBSCAN__73__f56a5619563e,error,rings_2d__quality__n50000,AMD-DBSCAN,73,,,,,5.905157200002577,,188.62109375,,,,,,,,,,,,,,,,,MemoryError,"Unable to allocate 18.6 GiB for an array with shape (50000, 50000) and data type float64"
0.2.3,v0.2.2-seven-family-robustness-v2,synthetic__rings_2d__quality__n50000__DBSCAN__73__49e717ff52d4,ok,rings_2d__quality__n50000,DBSCAN,73,0.2.2,50000,2,0.8810098000103608,7.583742100003292,208.703125,207.91015625,0.9915736263272645,0.9974420732261727,0.927920663611513,0.6681460843634138,0.5220081175867911,0.8512237742029675,0.7423939024070457,0.9974419459113458,0.5073711570482883,0.3532533333333333,0.6763466666666667,0,1.0,0,2239,2,,
0.2.3,v0.2.2-seven-family-robustness-v2,synthetic__rings_2d__quality__n50000__HDBSCAN__73__8c73589bab60,ok,rings_2d__quality__n50000,HDBSCAN,73,0.2.2,50000,2,28.581766100003733,33.72529040000518,197.6640625,199.80859375,0.9902006314618049,0.9960138366106478,0.9191957771602544,0.6955788941502699,0.5594733104282231,0.8213373212717047,0.6987904497964353,0.996007066730677,0.5208659526940982,0.38864,0.6933199999999999,0,1.0,0,204,2,,
0.2.3,v0.2.2-seven-family-robustness-v2,synthetic__rings_2d__quality__n50000__OPTICS__73__b0815474e64a,ok,rings_2d__quality__n50000,OPTICS,73,0.2.2,50000,2,78.73527249999461,83.74276589999499,198.359375,194.09765625,0.013902977314471834,0.00016981879181571005,0.009031849152273806,0.017874582131622314,0.8536579763408753,0.00011580191043971373,0.21619038516677816,5.791646663466155e-05,0.01453982985305491,0.99104,0.49928,0,0.0,0,9,2,,
0.2.3,v0.2.2-seven-family-robustness-v2,synthetic__rings_2d__quality__n50000__SNN-DBSCAN__73__f6ab9d08d6ae,ok,rings_2d__quality__n50000,SNN-DBSCAN,73,0.2.2,50000,2,1.010053699996206,7.864430200002971,296.54296875,293.953125,0.21072929357567668,0.009875371266881193,0.06664055233239338,0.09627448431514511,0.1733685689117444,0.01903466372071899,0.25818342129258287,0.009881593855016803,0.401331103332931,0.09709333333333334,0.5140666666666667,0,0.0,0,1285,2,,
0.2.3,v0.2.2-seven-family-robustness-stratascan-fast-v1,synthetic__rings_2d__quality__n50000__StrataSCAN__73__95393a0ec492,ok,rings_2d__quality__n50000,StrataSCAN,73,0.2.2,50000,2,2.133675699995365,4.900804100005189,296.9375,299.78515625,0.6593785901135332,0.6606353868274545,0.8085048835593811,0.8863469225032811,0.9807749506530027,0.7460638792887984,0.8572468508743849,0.6604101776284206,0.9453791196128141,0.9672533333333333,0.9758666666666667,4,3.0,0,11,2,,
0.2.3,v0.2.2-seven-family-robustness-v2,synthetic__rings_2d__quality__n50000__VDBSCAN-2007__73__a692c081d7e5,ok,rings_2d__quality__n50000,VDBSCAN-2007,73,0.2.2,50000,2,1.0920169000019087,6.133172900008503,217.90625,220.9921875,0.0,0.0,0.23646923062371125,0.06323134099282537,0.03649501269733225,0.06939602017278008,0.03594523832846895,1.0,0.4045111078750222,0.018586666666666668,0.5092933333333334,0,1.0,1,163,2,,
0.2.3,v0.2.2-seven-family-robustness-v2,synthetic__rings_2d__quality__n50000__kNN+Leiden__73__7cf6ede2f9a9,ok,rings_2d__quality__n50000,kNN+Leiden,73,0.2.2,50000,2,16.19000010000309,24.68598639999982,393.3125,407.265625,0.43943667407713477,0.179647641015207,0.33818456405445463,0.0,0.0,0.18173292463629134,0.18373638250156357,0.17977268682989278,0.4,0.0,0.5,10,6.0,0,35,2,,
0.2.3,v0.2.2-seven-family-robustness-v2,synthetic__rings_2d__quality__n50000__kNN-DBSCAN__73__232aa6224d53,ok,rings_2d__quality__n50000,kNN-DBSCAN,73,0.2.2,50000,2,0.37529139999242034,8.731372499998542,201.1953125,192.20703125,0.6996654883901108,0.7282883590964507,0.8615108058625869,0.911482701885659,0.9676088077977791,0.7924250509392016,0.8707890604148056,0.7270008257321171,0.9094084592603842,0.9503466666666667,0.9542133333333334,1,1.5,0,198,2,,
0.2.3,v0.2.2-seven-family-robustness-v2,synthetic__rings_2d__quality__n50000__AMD-DBSCAN__101__1dcac4e34144,error,rings_2d__quality__n50000,AMD-DBSCAN,101,,,,,118.81915670000308,,117.28125,,,,,,,,,,,,,,,,,MemoryError,"Unable to allocate 18.6 GiB for an array with shape (50000, 50000) and data type float64"
0.2.3,v0.2.2-seven-family-robustness-v2,synthetic__rings_2d__quality__n50000__DBSCAN__101__2225e9aa0197,ok,rings_2d__quality__n50000,DBSCAN,101,0.2.2,50000,2,1.0058372999919811,7.564865500011365,207.65234375,206.77734375,0.9947514595766103,0.9984006142343573,0.9295369482581557,0.6670237100981863,0.5201317788167525,0.854720690268538,0.7471922360860198,0.9984005376860298,0.5066823500780792,0.3515466666666667,0.6754533333333334,0,1.0,0,2301,2,,
0.2.3,v0.2.2-seven-family-robustness-v2,synthetic__rings_2d__quality__n50000__HDBSCAN__101__bfa0c3884031,ok,rings_2d__quality__n50000,HDBSCAN,101,0.2.2,50000,2,29.56661539999186,34.59805430000415,194.76171875,204.703125,0.9911298452779372,0.9968050683692511,0.9168461064797335,0.6713688581454815,0.5295788999274978,0.812111462379545,0.6851618776366589,0.9968032261161786,0.5097310433557294,0.36034666666666665,0.6793733333333333,0,1.0,0,206,2,,
0.2.3,v0.2.2-seven-family-robustness-v2,synthetic__rings_2d__quality__n50000__OPTICS__101__40dc0ae51ad8,ok,rings_2d__quality__n50000,OPTICS,101,0.2.2,50000,2,78.9721281999955,84.08147540000209,202.265625,197.62109375,0.02127251405916037,0.0001088565794312709,0.017280231696053965,0.03387774490269974,0.8574768229375567,0.000191892299474147,0.5113930959203166,9.596415426468235e-05,0.02355342702363194,0.99768,0.50484,0,0.0,0,4,2,,
0.2.3,v0.2.2-seven-family-robustness-v2,synthetic__rings_2d__quality__n50000__SNN-DBSCAN__101__f3b82731051d,ok,rings_2d__quality__n50000,SNN-DBSCAN,101,0.2.2,50000,2,1.0150353999924846,7.684971999988193,297.109375,299.49609375,0.21256188466057138,0.011507714246051381,0.08848954977644619,0.11813907310568235,0.17766942031386845,0.02191008649481499,0.2969361476295732,0.011374696751480238,0.39845549148961956,0.10008,0.51028,0,0.5,0,1281,2,,
0.2.3,v0.2.2-seven-family-robustness-stratascan-fast-v1,synthetic__rings_2d__quality__n50000__StrataSCAN__101__0b8dbcd6c7f2,ok,rings_2d__quality__n50000,StrataSCAN,101,0.2.2,50000,2,2.5531813999987207,5.272878799994942,302.30078125,296.3125,0.6687652699010225,0.6635339077333913,0.8103664132204762,0.887415870024737,0.9806564669407561,0.7507663242171067,0.8655825282824778,0.662842771643463,0.9444121634708504,0.97,0.9725999999999999,3,2.5,0,8,2,,
0.2.3,v0.2.2-seven-family-robustness-v2,synthetic__rings_2d__quality__n50000__VDBSCAN-2007__101__1515a3bcba30,ok,rings_2d__quality__n50000,VDBSCAN-2007,101,0.2.2,50000,2,1.054705800008378,6.096384999997099,218.37890625,223.77734375,0.0,0.0,0.23074651111275196,0.06263871397520833,0.036237955592794295,0.06578929808871681,0.03401351157022726,1.0,0.404478384675123,0.018453333333333332,0.5092266666666667,0,1.0,1,128,2,,
0.2.3,v0.2.2-seven-family-robustness-v2,synthetic__rings_2d__quality__n50000__kNN+Leiden__101__04028db1627b,ok,rings_2d__quality__n50000,kNN+Leiden,101,0.2.2,50000,2,14.809960300000967,22.39378320000833,392.25390625,406.23828125,0.41178175451751653,0.14636266112151283,0.31861710227988654,0.0,0.0,0.14596409393603407,0.14552164349025082,0.1464092430788926,0.4,0.0,0.5,13,7.5,0,36,2,,
0.2.3,v0.2.2-seven-family-robustness-v2,synthetic__rings_2d__quality__n50000__kNN-DBSCAN__101__f34c96ec7fad,ok,rings_2d__quality__n50000,kNN-DBSCAN,101,0.2.2,50000,2,0.38442610000493005,7.9359078999987105,202.72265625,201.26953125,0.7096701986443148,0.7781138757752839,0.8946251073592006,0.9307142235076489,0.9698373983739838,0.8172225657798572,0.8618275525921535,0.7770075468074892,0.9150381679389312,0.95432,0.9566399999999999,2,2.0,0,170,2,,
0.2.3,v0.2.2-seven-family-robustness-v2,synthetic__rings_2d__quality__n50000__AMD-DBSCAN__151__0e6d2b57efc6,error,rings_2d__quality__n50000,AMD-DBSCAN,151,,,,,21.267792799990275,,130.1875,,,,,,,,,,,,,,,,,MemoryError,"Unable to allocate 18.6 GiB for an array with shape (50000, 50000) and data type float64"
0.2.3,v0.2.2-seven-family-robustness-v2,synthetic__rings_2d__quality__n50000__DBSCAN__151__997cf6d2d1b3,ok,rings_2d__quality__n50000,DBSCAN,151,0.2.2,50000,2,0.9754718000040157,7.51408249999804,208.25390625,209.296875,0.9940737249770101,0.9980820990613819,0.9289511819880719,0.6726325620699344,0.5271734862169167,0.8539477995053075,0.7461899989377967,0.9980814082253161,0.5092117062036358,0.358,0.67872,0,1.0,0,2252,2,,
0.2.3,v0.2.2-seven-family-robustness-v2,synthetic__rings_2d__quality__n50000__HDBSCAN__151__9ab1e1871d76,ok,rings_2d__quality__n50000,HDBSCAN,151,0.2.2,50000,2,30.223030900000595,35.25379819999216,195.984375,202.42578125,0.9928338343834787,0.9972859518696717,0.9069067059846059,0.6883916504233414,0.5547315908084057,0.798257190368576,0.6654538364679686,0.9972830724915986,0.5192271696857517,0.384,0.6913199999999999,0,1.0,0,209,2,,
0.2.3,v0.2.2-seven-family-robustness-v2,synthetic__rings_2d__quality__n50000__OPTICS__151__e84eb4e97ed2,ok,rings_2d__quality__n50000,OPTICS,151,0.2.2,50000,2,173.1929322000069,193.02934040001128,200.765625,202.91796875,0.0,0.0,0.0,0.0,0.8512613150760464,0.0,0.0,0.0,0.0,0.9880533333333333,0.49402666666666667,0,0.0,0,9,2,,
0.2.3,v0.2.2-seven-family-robustness-v2,synthetic__rings_2d__quality__n50000__SNN-DBSCAN__151__23cb142a6d09,ok,rings_2d__quality__n50000,SNN-DBSCAN,151,0.2.2,50000,2,1.0591800999973202,8.038114299997687,300.62890625,299.81640625,0.21557820063043787,0.011822342857846026,0.06738964146806942,0.09830450562717648,0.18162428608668862,0.022365875813652066,0.3072840292085212,0.011605287245959354,0.40257426085151293,0.10218666666666666,0.5164933333333334,0,0.0,0,1289,2,,
0.2.3,v0.2.2-seven-family-robustness-stratascan-fast-v1,synthetic__rings_2d__quality__n50000__StrataSCAN__151__0140b50eedc9,ok,rings_2d__quality__n50000,StrataSCAN,151,0.2.2,50000,2,2.010727999993833,4.736471300013363,296.68359375,299.87109375,0.9484948310025971,0.9733771673438572,0.9456390135567101,0.9626142536788888,0.9802100817586226,0.8918341809424589,0.8230100816302095,0.9732195231236997,0.9440361353544633,0.96552,0.976,0,1.0,0,8,2,,
0.2.3,v0.2.2-seven-family-robustness-v2,synthetic__rings_2d__quality__n50000__VDBSCAN-2007__151__5f99896dd4ef,ok,rings_2d__quality__n50000,VDBSCAN-2007,151,0.2.2,50000,2,1.1540460999967763,6.266237499992712,219.11328125,219.66015625,0.0,0.0,0.23328294421738238,0.06744449502324386,0.039420714173681176,0.06738000215517669,0.03486458912270185,1.0,0.4048845269329187,0.020106666666666665,0.5100533333333334,0,1.0,1,139,2,,
0.2.3,v0.2.2-seven-family-robustness-v2,synthetic__rings_2d__quality__n50000__kNN+Leiden__151__fc46dd55dd16,ok,rings_2d__quality__n50000,kNN+Leiden,151,0.2.2,50000,2,10.060678399997414,16.50936179999553,387.60546875,406.28125,0.4401506255791791,0.17737857370292104,0.3448132428461098,0.0,0.0,0.17237947360015457,0.167664861098532,0.17736690030404864,0.4,0.0,0.5,10,6.0,0,33,2,,
0.2.3,v0.2.2-seven-family-robustness-v2,synthetic__rings_2d__quality__n50000__kNN-DBSCAN__151__e54cfca0ec0a,ok,rings_2d__quality__n50000,kNN-DBSCAN,151,0.2.2,50000,2,0.3602415000059409,7.72929029999068,200.09765625,191.875,0.7635411666812878,0.8466519109827626,0.9189115894646391,0.9432240741252185,0.9688580376632003,0.8502006896277644,0.8552755482142269,0.8451857001120179,0.912465226172783,0.9528266666666667,0.9552933333333333,0,1.0,0,176,2,,
0.2.3,v0.2.2-seven-family-robustness-v2,synthetic__ultrasparse_16d__quality__n100000__AMD-DBSCAN__23__e6e9a4db2c06,error,ultrasparse_16d__quality__n100000,AMD-DBSCAN,23,,,,,6.418454299986479,,199.59375,,,,,,,,,,,,,,,,,MemoryError,"Unable to allocate 74.5 GiB for an array with shape (100000, 100000) and data type float64"
0.2.3,v0.2.2-seven-family-robustness-v2,synthetic__ultrasparse_16d__quality__n100000__DBSCAN__23__f2c631d3ebfe,ok,ultrasparse_16d__quality__n100000,DBSCAN,23,0.2.2,100000,16,33.80226959999709,36.58349089999683,260.5,257.65625,1.0,1.0,0.9998001598721024,0.9998948077618923,0.9999894735734061,0.9995993591670519,0.9991990392316931,1.0,0.9998000399920016,0.9999789473684211,0.9999894736842105,0,1.0,0,12,12,,
0.2.3,v0.2.2-seven-family-robustness-v2,synthetic__ultrasparse_16d__quality__n100000__HDBSCAN__23__987ac55cc935,ok,ultrasparse_16d__quality__n100000,HDBSCAN,23,0.2.2,100000,16,419.99716369999805,423.0277279000002,221.85546875,232.23828125,1.0,1.0,0.9951073804944398,0.9935269485741504,0.9919515287850893,0.9856609049446284,0.971727216026138,1.0,0.8682816705739341,0.9840315789473684,0.9920157894736842,0,1.0,0,139,12,,
0.2.3,v0.2.2-seven-family-robustness-v2,synthetic__ultrasparse_16d__quality__n100000__OPTICS__23__51c16d3d2487,ok,ultrasparse_16d__quality__n100000,OPTICS,23,0.2.2,100000,16,189.54884760000277,197.01026300000376,233.7265625,233.7265625,0.9693556874815821,0.9094769986388301,0.8373910132617307,0.904256931176005,0.9827280544379451,0.896304267585791,0.9747286867284335,0.8295598016875039,0.719531115324944,0.9744421052631579,0.904621052631579,0,0.8333333333333334,0,217,12,,
0.2.3,v0.2.2-seven-family-robustness-v2,synthetic__ultrasparse_16d__quality__n100000__SNN-DBSCAN__23__789d9d22e586,ok,ultrasparse_16d__quality__n100000,SNN-DBSCAN,23,0.2.2,100000,16,18.38457669998752,26.77769879999687,345.4609375,342.92578125,0.0,0.0,0.0,0.0,0.9743589743589743,0.0,0.0,0.0,0.0,1.0,0.5,0,0.0,0,0,12,,
0.2.3,v0.2.2-seven-family-robustness-stratascan-fast-v1,synthetic__ultrasparse_16d__quality__n100000__StrataSCAN__23__1f5d44da6d13,ok,ultrasparse_16d__quality__n100000,StrataSCAN,23,0.2.2,100000,16,11.840575300011551,15.423886300006416,355.23046875,354.73046875,0.993828016780769,0.9949183590429171,0.9976828679220023,0.9987797077922186,0.999878962020387,0.9954075602935951,1.0,0.9908571087639342,0.9976946978049513,1.0,0.9977,0,1.0,0,12,12,,
0.2.3,v0.2.2-seven-family-robustness-v2,synthetic__ultrasparse_16d__quality__n100000__VDBSCAN-2007__23__3b8ced9e077d,ok,ultrasparse_16d__quality__n100000,VDBSCAN-2007,23,0.2.2,100000,16,167.76129310000397,174.06982569998945,285.21875,292.59375,0.9510576835265673,0.8419223435895998,0.8877587878479652,0.011016208037714813,0.005542492442055761,0.0004630147639882505,0.00023156099007270897,1.0,0.09547815459822792,0.0027789473684210527,0.5013894736842105,0,1.0,2,11,12,,
0.2.3,v0.2.2-seven-family-robustness-v2,synthetic__ultrasparse_16d__quality__n100000__kNN+Leiden__23__b9e3c2853f6b,ok,ultrasparse_16d__quality__n100000,kNN+Leiden,23,0.2.2,100000,16,181.02220079999825,190.12190120000741,652.86328125,728.75,1.0,1.0,0.8697587005140922,0.0,0.0,0.0009498282616809564,0.00047513978143680705,1.0,0.09523809523809523,0.0,0.5,0,1.0,0,14,12,,
0.2.3,v0.2.2-seven-family-robustness-v2,synthetic__ultrasparse_16d__quality__n100000__kNN-DBSCAN__23__6c3b59729fe5,ok,ultrasparse_16d__quality__n100000,kNN-DBSCAN,23,0.2.2,100000,16,16.086411600001156,22.373853700002655,233.76171875,233.609375,1.0,1.0,0.9998001598721024,0.9998948077618923,0.9999894735734061,0.9995993591670519,0.9991990392316931,1.0,0.9998000399920016,0.9999789473684211,0.9999894736842105,0,1.0,0,12,12,,
0.2.3,v0.2.2-seven-family-robustness-v2,synthetic__ultrasparse_16d__quality__n100000__AMD-DBSCAN__42__ecd0de7c30c8,error,ultrasparse_16d__quality__n100000,AMD-DBSCAN,42,,,,,6.620168599998578,,192.72265625,,,,,,,,,,,,,,,,,MemoryError,"Unable to allocate 74.5 GiB for an array with shape (100000, 100000) and data type float64"
0.2.3,v0.2.2-seven-family-robustness-v2,synthetic__ultrasparse_16d__quality__n100000__DBSCAN__42__892bc162dda2,ok,ultrasparse_16d__quality__n100000,DBSCAN,42,0.2.2,100000,16,32.899483600005624,35.555640999999014,270.37109375,267.53125,0.8862780119039023,0.66968985544204,0.7638888588828854,0.8661417129950865,1.0,0.7052505525209649,0.5447004081709674,1.0,1.0,1.0,1.0,0,1.0,3,8,12,,
0.2.3,v0.2.2-seven-family-robustness-v2,synthetic__ultrasparse_16d__quality__n100000__HDBSCAN__42__a97063606b93,ok,ultrasparse_16d__quality__n100000,HDBSCAN,42,0.2.2,100000,16,479.3204931999935,482.666000600002,220.85546875,231.23046875,1.0,1.0,0.9941433222284365,0.9934209985638904,0.992699723787661,0.9836670460918808,0.9678590488573379,1.0,0.8789663355893469,0.9855052631578948,0.9927526315789474,0,1.0,0,125,12,,
0.2.3,v0.2.2-seven-family-robustness-v2,synthetic__ultrasparse_16d__quality__n100000__OPTICS__42__00aefc452276,ok,ultrasparse_16d__quality__n100000,OPTICS,42,0.2.2,100000,16,194.06637929999852,201.20044270000653,232.265625,225.13671875,0.9371320767379626,0.7793858928728369,0.7605449320680503,0.856527235859523,0.9802348502511712,0.8469279378880231,0.9731103688955616,0.7497132321241609,0.6694434597660405,0.9736105263157895,0.8645052631578947,0,0.75,0,210,12,,
0.2.3,v0.2.2-seven-family-robustness-v2,synthetic__ultrasparse_16d__quality__n100000__SNN-DBSCAN__42__b9bb498be664,ok,ultrasparse_16d__quality__n100000,SNN-DBSCAN,42,0.2.2,100000,16,17.95068270000047,25.65384119999362,344.78515625,334.546875,0.0,0.0,0.0,0.0,0.9743589743589743,0.0,0.0,0.0,0.0,1.0,0.5,0,0.0,0,0,12,,
0.2.3,v0.2.2-seven-family-robustness-stratascan-fast-v1,synthetic__ultrasparse_16d__quality__n100000__StrataSCAN__42__de6721216ad2,ok,ultrasparse_16d__quality__n100000,StrataSCAN,42,0.2.2,100000,16,12.90859979999368,16.604899300000397,351.4140625,345.703125,0.9871691358040566,0.9874786465656399,0.9942946023596267,0.9969926351099656,0.9997053500021047,0.9888711096926674,1.0,0.9779871974502679,0.9943684633950122,1.0,0.9944,0,1.0,0,12,12,,
0.2.3,v0.2.2-seven-family-robustness-v2,synthetic__ultrasparse_16d__quality__n100000__VDBSCAN-2007__42__77b0134bd84b,ok,ultrasparse_16d__quality__n100000,VDBSCAN-2007,42,0.2.2,100000,16,166.71269480000774,173.02379479999945,296.40234375,294.13671875,0.5027307610642682,0.1215902759111367,0.3995127745846772,0.01129970808121022,0.005730899625287332,0.00046252087303207573,0.00023131393027652587,1.0,0.09548635977350635,0.0028736842105263156,0.5014368421052632,0,1.0,1,6,12,,
0.2.3,v0.2.2-seven-family-robustness-v2,synthetic__ultrasparse_16d__quality__n100000__kNN+Leiden__42__4fc9afc963fd,timeout,ultrasparse_16d__quality__n100000,kNN+Leiden,42,,,,,6132.645512600007,,732.484375,,,,,,,,,,,,,,,,,,timeout_seconds=1200
0.2.3,v0.2.2-seven-family-robustness-v2,synthetic__ultrasparse_16d__quality__n100000__kNN-DBSCAN__42__b6e071997f41,ok,ultrasparse_16d__quality__n100000,kNN-DBSCAN,42,0.2.2,100000,16,15.897468000010122,22.296949299998232,233.83203125,230.34375,1.0,1.0,1.0,1.0,1.0,1.0,1.0,1.0,1.0,1.0,1.0,0,1.0,0,12,12,,
0.2.3,v0.2.2-seven-family-robustness-v2,synthetic__ultrasparse_16d__quality__n100000__AMD-DBSCAN__73__6601ec2030a5,error,ultrasparse_16d__quality__n100000,AMD-DBSCAN,73,,,,,6.2066239999985555,,192.54296875,,,,,,,,,,,,,,,,,MemoryError,"Unable to allocate 74.5 GiB for an array with shape (100000, 100000) and data type float64"
0.2.3,v0.2.2-seven-family-robustness-v2,synthetic__ultrasparse_16d__quality__n100000__DBSCAN__73__c8fd05f0bae1,ok,ultrasparse_16d__quality__n100000,DBSCAN,73,0.2.2,100000,16,32.877922200001194,35.57758929999545,259.67578125,259.82421875,1.0,1.0,1.0,1.0,1.0,1.0,1.0,1.0,1.0,1.0,1.0,0,1.0,0,12,12,,
0.2.3,v0.2.2-seven-family-robustness-v2,synthetic__ultrasparse_16d__quality__n100000__HDBSCAN__73__32afcfa58735,ok,ultrasparse_16d__quality__n100000,HDBSCAN,73,0.2.2,100000,16,530.3597174999886,533.8760343000031,221.98828125,231.0234375,1.0,1.0,0.9955291798368443,0.9940079738367272,0.9924914096635982,0.9871023019797748,0.9745330687483355,1.0,0.8759635599159076,0.9850947368421052,0.9925473684210526,0,1.0,0,131,12,,
0.2.3,v0.2.2-seven-family-robustness-v2,synthetic__ultrasparse_16d__quality__n100000__OPTICS__73__3cfcf1a32e71,ok,ultrasparse_16d__quality__n100000,OPTICS,73,0.2.2,100000,16,192.7192165999877,199.755768300005,231.3046875,228.6328125,0.892301470045998,0.6286491289751486,0.6796446335152385,0.8022846247801024,0.9789297941586711,0.7889451070289376,0.9661240074412274,0.6666814220607254,0.6282624906785982,0.975178947368421,0.8245894736842105,0,0.6666666666666666,0,200,12,,
0.2.3,v0.2.2-seven-family-robustness-v2,synthetic__ultrasparse_16d__quality__n100000__SNN-DBSCAN__73__6de548bc4b5d,ok,ultrasparse_16d__quality__n100000,SNN-DBSCAN,73,0.2.2,100000,16,18.13667940000596,26.017669900000328,343.375,337.1171875,0.0,0.0,0.0,0.0,0.9743589743589743,0.0,0.0,0.0,0.0,1.0,0.5,0,0.0,0,0,12,,
0.2.3,v0.2.2-seven-family-robustness-stratascan-fast-v1,synthetic__ultrasparse_16d__quality__n100000__StrataSCAN__73__7a1f4c9ea1d5,ok,ultrasparse_16d__quality__n100000,StrataSCAN,73,0.2.2,100000,16,10.476192400004948,13.601295000000391,347.015625,338.109375,0.9899794798833967,0.99094689069818,0.9958405320329712,0.9978189781303002,0.999805301072949,0.991842422990038,1.0,0.9838168611812527,0.9962862591588879,1.0,0.9963,0,1.0,0,14,12,,
0.2.3,v0.2.2-seven-family-robustness-v2,synthetic__ultrasparse_16d__quality__n100000__VDBSCAN-2007__73__06434e725d43,ok,ultrasparse_16d__quality__n100000,VDBSCAN-2007,73,0.2.2,100000,16,165.88771350000752,172.44998959999066,287.36328125,296.0078125,1.0,1.0,0.9990015167743743,0.010070674220964228,0.005060845644207852,0.0004628066870401851,0.00023145690342142507,1.0,0.09545719222214796,0.002536842105263158,0.5012684210526316,0,1.0,0,13,12,,
0.2.3,v0.2.2-seven-family-robustness-v2,synthetic__ultrasparse_16d__quality__n100000__kNN+Leiden__73__4d3416da67fb,ok,ultrasparse_16d__quality__n100000,kNN+Leiden,73,0.2.2,100000,16,440.2010880999878,446.6320573999983,658.9296875,734.12109375,1.0,1.0,0.8062638949861692,0.0,0.0,0.0013614461064507376,0.0006811867527515184,1.0,0.09523809523809523,0.0,0.5,0,1.0,0,14,12,,
0.2.3,v0.2.2-seven-family-robustness-v2,synthetic__ultrasparse_16d__quality__n100000__kNN-DBSCAN__73__b0ba956a1b2e,ok,ultrasparse_16d__quality__n100000,kNN-DBSCAN,73,0.2.2,100000,16,15.991320400004042,22.347468399995705,234.453125,225.4765625,1.0,1.0,1.0,1.0,1.0,1.0,1.0,1.0,1.0,1.0,1.0,0,1.0,0,12,12,,
0.2.3,v0.2.2-seven-family-robustness-v2,synthetic__ultrasparse_16d__quality__n100000__AMD-DBSCAN__101__443f55f1423f,error,ultrasparse_16d__quality__n100000,AMD-DBSCAN,101,,,,,6.235535100000561,,195.49609375,,,,,,,,,,,,,,,,,MemoryError,"Unable to allocate 74.5 GiB for an array with shape (100000, 100000) and data type float64"
0.2.3,v0.2.2-seven-family-robustness-v2,synthetic__ultrasparse_16d__quality__n100000__DBSCAN__101__d439e158ea5d,ok,ultrasparse_16d__quality__n100000,DBSCAN,101,0.2.2,100000,16,33.26962159998948,35.981981200005976,262.28125,262.15625,1.0,1.0,0.9998003992015968,0.9998949274492829,0.9999894735734061,0.9995988783985917,0.9991980784652337,1.0,0.9998000399920016,0.9999789473684211,0.9999894736842105,0,1.0,0,12,12,,
0.2.3,v0.2.2-seven-family-robustness-v2,synthetic__ultrasparse_16d__quality__n100000__HDBSCAN__101__1bd61fa2a06a,ok,ultrasparse_16d__quality__n100000,HDBSCAN,101,0.2.2,100000,16,519.4605731000047,533.5824067000067,220.5,229.73046875,1.0,1.0,0.9968348758935662,0.9949452287159729,0.9930627321917844,0.9895782545099951,0.979371494058749,1.0,0.8842514811212308,0.986221052631579,0.9931105263157896,0,1.0,0,123,12,,
0.2.3,v0.2.2-seven-family-robustness-v2,synthetic__ultrasparse_16d__quality__n100000__OPTICS__101__33f2050ce6f6,ok,ultrasparse_16d__quality__n100000,OPTICS,101,0.2.2,100000,16,191.51679229999718,198.54666720000387,233.71484375,227.36328125,0.8920531189459773,0.628709472709079,0.6812522895882877,0.8035596213430544,0.9793930944157504,0.7908407339154052,0.9725929265815744,0.6663224810617725,0.6334773623896299,0.9760631578947369,0.8252315789473684,0,0.6666666666666666,0,205,12,,
0.2.3,v0.2.2-seven-family-robustness-v2,synthetic__ultrasparse_16d__quality__n100000__SNN-DBSCAN__101__7617c52af81c,ok,ultrasparse_16d__quality__n100000,SNN-DBSCAN,101,0.2.2,100000,16,17.82294680000632,25.53381220001029,343.27734375,343.77734375,0.0018349730116345114,6.330822470477315e-06,0.002751572327044025,0.005487648189993834,0.9743939526034268,4.041613219539468e-05,1.0,2.02084744718852e-05,0.0027960854803275414,1.0,0.5007,0,0.0,0,1,12,,
0.2.3,v0.2.2-seven-family-robustness-stratascan-fast-v1,synthetic__ultrasparse_16d__quality__n100000__StrataSCAN__101__ab39786a4f51,ok,ultrasparse_16d__quality__n100000,StrataSCAN,101,0.2.2,100000,16,11.50786660000449,14.651823599997442,350.01171875,341.46484375,0.9892541230234421,0.9900971250805075,0.9954263348092383,0.9976083936345421,0.9998000399920016,0.991065234709318,1.0,0.9822887155878549,0.996185504918691,1.0,0.9962,0,1.0,0,13,12,,
0.2.3,v0.2.2-seven-family-robustness-v2,synthetic__ultrasparse_16d__quality__n100000__VDBSCAN-2007__101__f0d8bfad224d,ok,ultrasparse_16d__quality__n100000,VDBSCAN-2007,101,0.2.2,100000,16,168.7411279999942,175.48536789999343,284.421875,291.70703125,0.976073012050248,0.9151965104243713,0.9434919805635493,0.010026240722928447,0.00503989920201596,0.000462778830376464,0.00023144296864139536,1.0,0.09545628102329133,0.0025263157894736842,0.5012631578947369,0,1.0,1,12,12,,
0.2.3,v0.2.2-seven-family-robustness-v2,synthetic__ultrasparse_16d__quality__n100000__kNN+Leiden__101__a37eb1d1f677,ok,ultrasparse_16d__quality__n100000,kNN+Leiden,101,0.2.2,100000,16,148.63120020000497,155.18494080001255,651.95703125,727.1796875,0.9965502555180441,0.9965212503791606,0.866131211256291,0.0,0.0,0.0009470556975588571,0.0004737528955996348,0.9968378548993041,0.09523809523809523,0.0,0.5,0,1.0,0,14,12,,
0.2.3,v0.2.2-seven-family-robustness-v2,synthetic__ultrasparse_16d__quality__n100000__kNN-DBSCAN__101__86d56ffd9f46,ok,ultrasparse_16d__quality__n100000,kNN-DBSCAN,101,0.2.2,100000,16,15.826598699990427,22.13686090000556,233.77734375,233.77734375,0.9982796790196595,0.9982730555426047,0.9989949987312642,0.9994893598273614,0.9999842104432128,0.9980157841265621,0.9991965004847041,0.9968378548993041,0.9997000299970004,0.9999789473684211,0.9998894736842106,0,1.0,0,13,12,,
0.2.3,v0.2.2-seven-family-robustness-v2,synthetic__ultrasparse_16d__quality__n100000__AMD-DBSCAN__151__cbd43bf3ec9b,error,ultrasparse_16d__quality__n100000,AMD-DBSCAN,151,,,,,6.172919400007231,,195.4765625,,,,,,,,,,,,,,,,,MemoryError,"Unable to allocate 74.5 GiB for an array with shape (100000, 100000) and data type float64"
0.2.3,v0.2.2-seven-family-robustness-v2,synthetic__ultrasparse_16d__quality__n100000__DBSCAN__151__b7ba62bc1a03,ok,ultrasparse_16d__quality__n100000,DBSCAN,151,0.2.2,100000,16,33.09843879999244,35.861014900001464,260.01953125,261.484375,1.0,1.0,1.0,1.0,1.0,1.0,1.0,1.0,1.0,1.0,1.0,0,1.0,0,12,12,,
0.2.3,v0.2.2-seven-family-robustness-v2,synthetic__ultrasparse_16d__quality__n100000__HDBSCAN__151__13f9c6abed30,ok,ultrasparse_16d__quality__n100000,HDBSCAN,151,0.2.2,100000,16,569.3415333000012,573.348966199992,221.99609375,234.83203125,1.0,1.0,0.9965238303458754,0.99458397581908,0.9926516589436627,0.9892650206650614,0.9787580729777409,1.0,0.8782715615668364,0.9854105263157895,0.9927052631578948,0,1.0,0,133,12,,
0.2.3,v0.2.2-seven-family-robustness-v2,synthetic__ultrasparse_16d__quality__n100000__OPTICS__151__c70d670c2f3e,ok,ultrasparse_16d__quality__n100000,OPTICS,151,0.2.2,100000,16,210.3454028999986,217.77663100000063,232.921875,224.82421875,0.9982460383524235,0.9980698683176538,0.9185921799689244,0.950858719501239,0.9854745751898087,0.9450413922192451,0.9753407151100457,0.9165678696803596,0.7707284323598523,0.9755368421052631,0.9469684210526316,0,0.9166666666666666,0,197,12,,
0.2.3,v0.2.2-seven-family-robustness-v2,synthetic__ultrasparse_16d__quality__n100000__SNN-DBSCAN__151__c7702c0eb10d,ok,ultrasparse_16d__quality__n100000,SNN-DBSCAN,151,0.2.2,100000,16,18.219728999989456,25.984513900009915,346.890625,345.515625,0.0,0.0,0.0,0.0,0.9743589743589743,0.0,0.0,0.0,0.0,1.0,0.5,0,0.0,0,0,12,,
0.2.3,v0.2.2-seven-family-robustness-stratascan-fast-v1,synthetic__ultrasparse_16d__quality__n100000__StrataSCAN__151__2bce4f7c4743,ok,ultrasparse_16d__quality__n100000,StrataSCAN,151,0.2.2,100000,16,12.680379400000675,15.991310299985344,351.265625,344.27734375,0.9915479045642922,0.9924696256215378,0.9965607218635385,0.9981882409480305,0.9998210846480103,0.9932240106803698,1.0,0.9865392313851081,0.9965884005619106,1.0,0.9965999999999999,0,1.0,0,12,12,,
0.2.3,v0.2.2-seven-family-robustness-v2,synthetic__ultrasparse_16d__quality__n100000__VDBSCAN-2007__151__36fbaa5f0fe3,ok,ultrasparse_16d__quality__n100000,VDBSCAN-2007,151,0.2.2,100000,16,165.49292439999408,171.6853315000044,286.2421875,294.5,1.0,1.0,0.9996000795527792,0.010609613872860572,0.0053331093707350875,0.0004628753050592301,0.00023149122831607775,1.0,0.09546903939052565,0.002673684210526316,0.5013368421052632,0,1.0,0,13,12,,
0.2.3,v0.2.2-seven-family-robustness-v2,synthetic__ultrasparse_16d__quality__n100000__kNN+Leiden__151__519d0bc9078b,ok,ultrasparse_16d__quality__n100000,kNN+Leiden,151,0.2.2,100000,16,144.90228729999217,151.4200880999997,654.546875,730.14453125,1.0,1.0,0.8174618382974784,0.0,0.0,0.0009340808390225667,0.0004672586481863526,1.0,0.09523809523809523,0.0,0.5,0,1.0,0,13,12,,
0.2.3,v0.2.2-seven-family-robustness-v2,synthetic__ultrasparse_16d__quality__n100000__kNN-DBSCAN__151__873a8bada00c,ok,ultrasparse_16d__quality__n100000,kNN-DBSCAN,151,0.2.2,100000,16,16.97081519999483,23.277740899997298,230.87109375,226.6640625,1.0,1.0,1.0,1.0,1.0,1.0,1.0,1.0,1.0,1.0,1.0,0,1.0,0,12,12,,
0.2.3,v0.2.2-seven-family-robustness-v2,synthetic__ultrasparse_16d__quality__n20000__AMD-DBSCAN__23__2485c3561dcd,ok,ultrasparse_16d__quality__n20000,AMD-DBSCAN,23,0.2.2,20000,16,46.78004490000603,50.44704019998608,6438.02734375,6436.76953125,0.0,0.0,0.008298754089403039,0.0,0.0,0.00041161585378534613,0.00020585029251462574,1.0,0.09523809523809523,0.0,0.5,0,1.0,1,1,12,,
0.2.3,v0.2.2-seven-family-robustness-v2,synthetic__ultrasparse_16d__quality__n20000__DBSCAN__23__56f33009130f,ok,ultrasparse_16d__quality__n20000,DBSCAN,23,0.2.2,20000,16,2.0664094000094337,5.072585700007039,202.92578125,203.03515625,0.9757314299222138,0.9152680338281868,0.9444444444444443,0.9714285714285714,1.0,0.9227906976744186,0.8566493955094991,1.0,1.0,1.0,1.0,0,1.0,1,11,12,,
0.2.3,v0.2.2-seven-family-robustness-v2,synthetic__ultrasparse_16d__quality__n20000__HDBSCAN__23__1a4dac135659,ok,ultrasparse_16d__quality__n20000,HDBSCAN,23,0.2.2,20000,16,11.266933799997787,14.09602040000027,190.484375,190.203125,1.0,1.0,0.996548150198203,0.995667684569739,0.9947887733777743,0.9819322369441033,0.9645057751329569,1.0,0.9103322712790168,0.9896315789473684,0.9948157894736842,0,1.0,0,31,12,,
0.2.3,v0.2.2-seven-family-robustness-v2,synthetic__ultrasparse_16d__quality__n20000__OPTICS__23__d5e8259bc008,ok,ultrasparse_16d__quality__n20000,OPTICS,23,0.2.2,20000,16,5.465198699996108,8.36993899999652,199.25390625,199.25390625,0.8147296257831446,0.5319125582486215,0.7178041485400207,0.8290319944377036,0.9810515219396494,0.7193716508845335,0.9091921178609864,0.5951224251846094,0.6501216545012165,0.9796315789473684,0.8238157894736842,0,1.0,0,48,12,,
0.2.3,v0.2.2-seven-family-robustness-v2,synthetic__ultrasparse_16d__quality__n20000__SNN-DBSCAN__23__9ae55e6dfe3a,ok,ultrasparse_16d__quality__n20000,SNN-DBSCAN,23,0.2.2,20000,16,1.2261725999996997,5.2360428999963915,264.42578125,252.29296875,0.11447681364594162,0.004305545349640949,0.13517179377783697,0.23746676435381786,0.9763354659677792,0.027723910076851255,0.9633943427620633,0.014064321803342402,0.14801110083256244,0.9999473684210526,0.5399736842105263,0,0.5,0,7,12,,
0.2.3,v0.2.2-seven-family-robustness-stratascan-fast-v1,synthetic__ultrasparse_16d__quality__n20000__StrataSCAN__23__ee5426be7332,ok,ultrasparse_16d__quality__n20000,StrataSCAN,23,0.2.2,20000,16,1.7038296000100672,4.984658200002741,241.8046875,240.609375,0.9901698870738471,0.9910566745745134,0.9959409309368025,0.9978615136391349,0.9997895179962113,0.9920056804965537,1.0,0.9841381655654877,0.9959839357429718,1.0,0.996,0,1.0,0,12,12,,
0.2.3,v0.2.2-seven-family-robustness-v2,synthetic__ultrasparse_16d__quality__n20000__VDBSCAN-2007__23__4e64cd526d6d,ok,ultrasparse_16d__quality__n20000,VDBSCAN-2007,23,0.2.2,20000,16,3.6599654000019655,7.027305600000545,212.04296875,213.1640625,0.8666792401949384,0.5836530363035151,0.7418265598862931,0.010424918424451672,0.005249343832020998,0.0004585439863982808,0.00022932457090060033,1.0,0.0954653937947494,0.002631578947368421,0.5013157894736842,0,1.0,2,9,12,,
0.2.3,v0.2.2-seven-family-robustness-v2,synthetic__ultrasparse_16d__quality__n20000__kNN+Leiden__23__2d67c5ad91ef,ok,ultrasparse_16d__quality__n20000,kNN+Leiden,23,0.2.2,20000,16,5.289645199998631,9.031592300001648,312.1875,326.57421875,1.0,1.0,0.6643304008762533,0.0,0.0,0.0009722302025173367,0.0004863515240790433,1.0,0.09523809523809523,0.0,0.5,0,1.0,0,13,12,,
0.2.3,v0.2.2-seven-family-robustness-v2,synthetic__ultrasparse_16d__quality__n20000__kNN-DBSCAN__23__fbc9f071d68b,ok,ultrasparse_16d__quality__n20000,kNN-DBSCAN,23,0.2.2,20000,16,1.2785444000037387,4.874403699999675,202.71875,197.41796875,1.0,1.0,1.0,1.0,1.0,1.0,1.0,1.0,1.0,1.0,1.0,0,1.0,0,12,12,,
0.2.3,v0.2.2-seven-family-robustness-v2,synthetic__ultrasparse_16d__quality__n20000__AMD-DBSCAN__42__9bc2263a9cb6,ok,ultrasparse_16d__quality__n20000,AMD-DBSCAN,42,0.2.2,20000,16,42.47513489999983,46.78281629999401,7752.59375,7752.5859375,0.0,0.0,0.008298754089403039,0.0,0.0,0.00041161585378534613,0.00020585029251462574,1.0,0.09523809523809523,0.0,0.5,0,1.0,1,1,12,,
0.2.3,v0.2.2-seven-family-robustness-v2,synthetic__ultrasparse_16d__quality__n20000__DBSCAN__42__b3a8f87ae2d1,ok,ultrasparse_16d__quality__n20000,DBSCAN,42,0.2.2,20000,16,2.060177300008945,4.903178000007756,203.10546875,197.52734375,0.975582289465594,0.9143202165408582,0.9444435590969454,0.9714281030975996,1.0,0.9219330855018588,0.8551724137931035,1.0,1.0,1.0,1.0,0,1.0,1,11,12,,
0.2.3,v0.2.2-seven-family-robustness-v2,synthetic__ultrasparse_16d__quality__n20000__HDBSCAN__42__f730fdf4e656,ok,ultrasparse_16d__quality__n20000,HDBSCAN,42,0.2.2,20000,16,11.094364000004134,13.897947999997996,190.25,190.43359375,1.0,1.0,0.9885113934532539,0.9924572341077093,0.9964347022316123,0.9680893592004702,0.9381523175789618,1.0,0.9367681498829039,0.9928947368421053,0.9964473684210526,0,1.0,0,24,12,,
0.2.3,v0.2.2-seven-family-robustness-v2,synthetic__ultrasparse_16d__quality__n20000__OPTICS__42__a8cfe193bad5,ok,ultrasparse_16d__quality__n20000,OPTICS,42,0.2.2,20000,16,5.515967499988619,8.288843099988298,202.7578125,198.87890625,0.9189786425665849,0.8201984483105696,0.8573370891681158,0.9162974491163545,0.9839662894548538,0.8396775342718793,0.9190422551483118,0.7729304314030315,0.7331274812527571,0.9770526315789474,0.9040263157894737,1,1.0833333333333333,0,49,12,,
0.2.3,v0.2.2-seven-family-robustness-v2,synthetic__ultrasparse_16d__quality__n20000__SNN-DBSCAN__42__303531191cb1,ok,ultrasparse_16d__quality__n20000,SNN-DBSCAN,42,0.2.2,20000,16,1.2259370999963721,5.0237988000008045,265.9296875,266.87109375,0.09998199426794388,0.004200159658489504,0.09307843063028692,0.16995171011365193,0.9761611179613645,0.019245573518090836,1.0,0.00971628449280995,0.1343283582089552,1.0,0.536,2,0.5,0,8,12,,
0.2.3,v0.2.2-seven-family-robustness-stratascan-fast-v1,synthetic__ultrasparse_16d__quality__n20000__StrataSCAN__42__bc7e300998e6,ok,ultrasparse_16d__quality__n20000,StrataSCAN,42,0.2.2,20000,16,1.6461677000042982,4.908950100012589,240.0234375,239.94921875,0.9957522341577562,0.9956429952427497,0.9979797979797981,0.9989363552169148,0.9998947479212714,0.9960003902058335,1.0,0.9920326467158959,0.9979959919839679,1.0,0.998,0,1.0,0,12,12,,
0.2.3,v0.2.2-seven-family-robustness-v2,synthetic__ultrasparse_16d__quality__n20000__VDBSCAN-2007__42__ddf3858ab748,ok,ultrasparse_16d__quality__n20000,VDBSCAN-2007,42,0.2.2,20000,16,3.304193599993596,6.468233899999177,212.171875,208.44140625,0.36678702221693205,0.07159617423768727,0.3149320673739278,0.007269981615254253,0.0036774363015497765,0.0004574215945381453,0.0002287631178641451,1.0,0.09539709038874315,0.0018421052631578947,0.5009210526315789,0,1.0,1,4,12,,
0.2.3,v0.2.2-seven-family-robustness-v2,synthetic__ultrasparse_16d__quality__n20000__kNN+Leiden__42__507ff69a4bd9,ok,ultrasparse_16d__quality__n20000,kNN+Leiden,42,0.2.2,20000,16,7.350076700007776,10.813994500000263,310.2734375,325.48046875,0.9754318108600456,0.9133626224760437,0.48779959622803576,0.0,0.0,0.0012984031309909078,0.0006496233019600688,1.0,0.09523809523809523,0.0,0.5,0,1.0,1,11,12,,
0.2.3,v0.2.2-seven-family-robustness-v2,synthetic__ultrasparse_16d__quality__n20000__kNN-DBSCAN__42__13f676abcfd3,ok,ultrasparse_16d__quality__n20000,kNN-DBSCAN,42,0.2.2,20000,16,1.1313407999987248,4.450564700004179,197.16015625,197.1328125,1.0,1.0,1.0,1.0,1.0,1.0,1.0,1.0,1.0,1.0,1.0,0,1.0,0,12,12,,
0.2.3,v0.2.2-seven-family-robustness-v2,synthetic__ultrasparse_16d__quality__n20000__AMD-DBSCAN__73__c03e42090562,memory_limit,ultrasparse_16d__quality__n20000,AMD-DBSCAN,73,,,,,18.403241000007256,,8219.8359375,,,,,,,,,,,,,,,,,,peak_rss_mb=8219.836; limit_mb=8192
0.2.3,v0.2.2-seven-family-robustness-v2,synthetic__ultrasparse_16d__quality__n20000__DBSCAN__73__b8f590d20886,ok,ultrasparse_16d__quality__n20000,DBSCAN,73,0.2.2,20000,16,2.0374222999962512,4.8071362000046065,200.7578125,197.55859375,1.0,1.0,1.0,1.0,1.0,1.0,1.0,1.0,1.0,1.0,1.0,0,1.0,0,12,12,,
0.2.3,v0.2.2-seven-family-robustness-v2,synthetic__ultrasparse_16d__quality__n20000__HDBSCAN__73__40d0096a7727,ok,ultrasparse_16d__quality__n20000,HDBSCAN,73,0.2.2,20000,16,11.242582200007746,14.028317300006165,190.24609375,193.234375,1.0,1.0,0.9960375459281492,0.9968047174386616,0.9975730716471457,0.9876448432214572,0.9755912602493009,1.0,0.9560229445506693,0.9951578947368421,0.9975789473684211,0,1.0,0,21,12,,
0.2.3,v0.2.2-seven-family-robustness-v2,synthetic__ultrasparse_16d__quality__n20000__OPTICS__73__490de9416c89,ok,ultrasparse_16d__quality__n20000,OPTICS,73,0.2.2,20000,16,5.527207900013309,8.331436300009955,202.234375,202.375,0.9616942722473262,0.9139316149035726,0.8679124024208312,0.9242677522294714,0.9884498480243162,0.881035850456767,0.9307921059745877,0.8363291877186164,0.7981524249422631,0.9841578947368421,0.924078947368421,1,1.0833333333333333,0,36,12,,
0.2.3,v0.2.2-seven-family-robustness-v2,synthetic__ultrasparse_16d__quality__n20000__SNN-DBSCAN__73__907f323e181e,ok,ultrasparse_16d__quality__n20000,SNN-DBSCAN,73,0.2.2,20000,16,1.1084402999986196,4.942175099989981,266.1640625,266.1640625,0.10374534674428272,0.0029785911951910327,0.12221573161524339,0.21723930978094327,0.9763868547496082,0.01795816181603717,1.0,0.009060435289545279,0.1498612395929695,1.0,0.5405,2,0.75,0,10,12,,
0.2.3,v0.2.2-seven-family-robustness-stratascan-fast-v1,synthetic__ultrasparse_16d__quality__n20000__StrataSCAN__73__4ee38c82149a,ok,ultrasparse_16d__quality__n20000,StrataSCAN,73,0.2.2,20000,16,1.848062300006859,4.983678000018699,241.23046875,237.8515625,0.9922407743184141,0.9933202452218975,0.9969634271737383,0.998400703634781,0.99984213018997,0.9940008552752153,1.0,0.9880732607850757,0.9969909729187563,1.0,0.997,0,1.0,0,12,12,,
0.2.3,v0.2.2-seven-family-robustness-v2,synthetic__ultrasparse_16d__quality__n20000__VDBSCAN-2007__73__adae3ebf3d45,ok,ultrasparse_16d__quality__n20000,VDBSCAN-2007,73,0.2.2,20000,16,3.2826849000121,6.205609299999196,211.828125,209.74609375,0.9235400439942663,0.7758574731863306,0.8250017837613745,0.012084210850586127,0.006086682757896946,0.00045957983208568524,0.00022984273158483653,1.0,0.09550186228631459,0.0030526315789473684,0.5015263157894737,0,1.0,3,10,12,,
0.2.3,v0.2.2-seven-family-robustness-v2,synthetic__ultrasparse_16d__quality__n20000__kNN+Leiden__73__837d667215fb,ok,ultrasparse_16d__quality__n20000,kNN+Leiden,73,0.2.2,20000,16,4.6426185999880545,8.158408599992981,309.6640625,325.640625,1.0,1.0,0.6083074867535251,0.0,0.0,0.0009583378518275548,0.00047939863884463715,1.0,0.09523809523809523,0.0,0.5,0,1.0,0,12,12,,
0.2.3,v0.2.2-seven-family-robustness-v2,synthetic__ultrasparse_16d__quality__n20000__kNN-DBSCAN__73__3b1936b34157,ok,ultrasparse_16d__quality__n20000,kNN-DBSCAN,73,0.2.2,20000,16,0.9467461000022013,4.247276199996122,198.91015625,197.7265625,1.0,1.0,1.0,1.0,1.0,1.0,1.0,1.0,1.0,1.0,1.0,0,1.0,0,12,12,,
0.2.3,v0.2.2-seven-family-robustness-v2,synthetic__ultrasparse_16d__quality__n20000__AMD-DBSCAN__101__df8dc7bcd11a,memory_limit,ultrasparse_16d__quality__n20000,AMD-DBSCAN,101,,,,,17.34737689999747,,8210.93359375,,,,,,,,,,,,,,,,,,peak_rss_mb=8210.934; limit_mb=8192
0.2.3,v0.2.2-seven-family-robustness-v2,synthetic__ultrasparse_16d__quality__n20000__DBSCAN__101__5ff3adc837cf,ok,ultrasparse_16d__quality__n20000,DBSCAN,101,0.2.2,20000,16,2.0159593999997014,4.858329799986677,200.140625,197.703125,1.0,1.0,0.9995069033530571,0.9997402389504416,0.9999736835179873,0.9989808298956564,0.9979637350916319,1.0,0.9995002498750626,0.9999473684210526,0.9999736842105262,0,1.0,0,12,12,,
0.2.3,v0.2.2-seven-family-robustness-v2,synthetic__ultrasparse_16d__quality__n20000__HDBSCAN__101__6c3cfa9b72b3,ok,ultrasparse_16d__quality__n20000,HDBSCAN,101,0.2.2,20000,16,11.207458400007454,13.982129500000156,190.25,190.48828125,1.0,1.0,0.9956745680237159,0.9956700358677482,0.9956655037530395,0.978501396399073,0.9579077180817647,1.0,0.9242144177449167,0.9913684210526316,0.9956842105263157,0,1.0,0,24,12,,
0.2.3,v0.2.2-seven-family-robustness-v2,synthetic__ultrasparse_16d__quality__n20000__OPTICS__101__0a33d470126c,ok,ultrasparse_16d__quality__n20000,OPTICS,101,0.2.2,20000,16,5.50961360000656,8.388772000005702,202.66796875,198.9375,0.7721566798306847,0.39713374848720884,0.6265321301187462,0.7637670611796623,0.9779835336823002,0.6454834037045026,0.8827446682963838,0.5087446560435289,0.5779122541603631,0.978421052631579,0.7757105263157895,0,1.0,0,46,12,,
0.2.3,v0.2.2-seven-family-robustness-v2,synthetic__ultrasparse_16d__quality__n20000__SNN-DBSCAN__101__41436fdd3ac3,ok,ultrasparse_16d__quality__n20000,SNN-DBSCAN,101,0.2.2,20000,16,1.4496205000032205,6.00284859999374,264.5546875,251.875,0.09416120342378854,0.0035919573407902383,0.10296955570862948,0.18628815340156407,0.9761360425389812,0.018101290198343924,1.0,0.009133307423241352,0.13258636788048553,1.0,0.5355,2,0.5833333333333334,0,9,12,,
0.2.3,v0.2.2-seven-family-robustness-stratascan-fast-v1,synthetic__ultrasparse_16d__quality__n20000__StrataSCAN__101__315f9b1c51aa,ok,ultrasparse_16d__quality__n20000,StrataSCAN,101,0.2.2,20000,16,2.0792979999969248,5.421413499978371,240.4765625,240.4140625,0.9949649032927016,0.995589861038393,0.9979796873363399,0.9989362997890808,0.9998947479212714,0.9960003902058335,1.0,0.9920326467158959,0.9979959919839679,1.0,0.998,0,1.0,0,12,12,,
0.2.3,v0.2.2-seven-family-robustness-v2,synthetic__ultrasparse_16d__quality__n20000__VDBSCAN-2007__101__50b10e7ac2c3,ok,ultrasparse_16d__quality__n20000,VDBSCAN-2007,101,0.2.2,20000,16,3.548086599999806,6.455181799989077,212.515625,209.96484375,0.8659518716496079,0.5808529106402786,0.7414606726828259,0.011456330974455309,0.005772763054316453,0.0004588324488519069,0.0002294688683073438,1.0,0.09548818333731202,0.0028947368421052633,0.5014473684210526,0,1.0,2,9,12,,
0.2.3,v0.2.2-seven-family-robustness-v2,synthetic__ultrasparse_16d__quality__n20000__kNN+Leiden__101__1695709eb3c0,ok,ultrasparse_16d__quality__n20000,kNN+Leiden,101,0.2.2,20000,16,7.143040299997665,11.553495100000873,309.8203125,323.796875,0.9129283726618759,0.717842225165706,0.42877980567188895,0.0,0.0,0.0009142481108766566,0.0004573331134058146,1.0,0.09523809523809523,0.0,0.5,0,1.0,2,9,12,,
0.2.3,v0.2.2-seven-family-robustness-v2,synthetic__ultrasparse_16d__quality__n20000__kNN-DBSCAN__101__bb3778bd0936,ok,ultrasparse_16d__quality__n20000,kNN-DBSCAN,101,0.2.2,20000,16,0.9753701000008732,3.899141599991708,197.44921875,197.4140625,1.0,1.0,0.9995069033530571,0.9997402389504416,0.9999736835179873,0.9989808298956564,0.9979637350916319,1.0,0.9995002498750626,0.9999473684210526,0.9999736842105262,0,1.0,0,12,12,,
0.2.3,v0.2.2-seven-family-robustness-v2,synthetic__ultrasparse_16d__quality__n20000__AMD-DBSCAN__151__af4ae537d60d,memory_limit,ultrasparse_16d__quality__n20000,AMD-DBSCAN,151,,,,,17.188807099999394,,8198.64453125,,,,,,,,,,,,,,,,,,peak_rss_mb=8198.645; limit_mb=8192
0.2.3,v0.2.2-seven-family-robustness-v2,synthetic__ultrasparse_16d__quality__n20000__DBSCAN__151__ad1c33e372ab,ok,ultrasparse_16d__quality__n20000,DBSCAN,151,0.2.2,20000,16,2.040346599998884,4.8491754999995464,203.05078125,199.02734375,0.9757314299222141,0.9152680338281868,0.9439513477975016,0.9711552566202252,0.9999736835179873,0.9219227625435287,0.8551546498826365,1.0,0.9995002498750626,0.9999473684210526,0.9999736842105262,0,1.0,1,11,12,,
0.2.3,v0.2.2-seven-family-robustness-v2,synthetic__ultrasparse_16d__quality__n20000__HDBSCAN__151__b642d08d60c9,ok,ultrasparse_16d__quality__n20000,HDBSCAN,151,0.2.2,20000,16,11.360401799989631,14.16408919999958,190.0,191.515625,1.0,1.0,0.9940768306755787,0.9941001967780663,0.9941235639790355,0.9760654377333886,0.95324982054785,1.0,0.9000900090009,0.9883157894736843,0.9941578947368421,0,1.0,0,33,12,,
0.2.3,v0.2.2-seven-family-robustness-v2,synthetic__ultrasparse_16d__quality__n20000__OPTICS__151__4d67f4183038,ok,ultrasparse_16d__quality__n20000,OPTICS,151,0.2.2,20000,16,5.410617299989099,8.245207300002221,198.859375,198.859375,0.9925991463049338,0.9878325977168191,0.9342988951839316,0.9604279333884118,0.988060493499602,0.920004375995235,0.9207766612326334,0.9192333851535173,0.8051948051948052,0.98,0.9550000000000001,0,1.0,0,43,12,,
0.2.3,v0.2.2-seven-family-robustness-v2,synthetic__ultrasparse_16d__quality__n20000__SNN-DBSCAN__151__81c97e2766fd,ok,ultrasparse_16d__quality__n20000,SNN-DBSCAN,151,0.2.2,20000,16,1.7790755000023637,6.019962400008808,266.27734375,263.40625,0.143119782804069,0.006412013902510572,0.15145138422654741,0.26224747723072495,0.9769390955600689,0.03681449690033381,1.0,0.018752429071123202,0.18676337262012693,1.0,0.5515,2,0.75,0,9,12,,
0.2.3,v0.2.2-seven-family-robustness-stratascan-fast-v1,synthetic__ultrasparse_16d__quality__n20000__StrataSCAN__151__a42775483251,ok,ultrasparse_16d__quality__n20000,StrataSCAN,151,0.2.2,20000,16,1.759122599993134,5.246604699990712,241.0390625,240.9765625,0.9871337969869666,0.9876151138439746,0.9943947149909209,0.9970455769700083,0.9997106100865538,0.9890228628962944,1.0,0.9782841041585698,0.9944695827048768,1.0,0.9944999999999999,0,1.0,0,12,12,,
0.2.3,v0.2.2-seven-family-robustness-v2,synthetic__ultrasparse_16d__quality__n20000__VDBSCAN-2007__151__b5a8232ad8ff,ok,ultrasparse_16d__quality__n20000,VDBSCAN-2007,151,0.2.2,20000,16,3.235580699998536,6.195841100008693,212.734375,213.66796875,0.809506362137441,0.4535366515575598,0.6600464412019568,0.009384113322147211,0.0047256497768443165,0.0004586630586836477,0.00022938413435616252,1.0,0.0954426151276545,0.002368421052631579,0.5011842105263158,0,1.0,2,8,12,,
0.2.3,v0.2.2-seven-family-robustness-v2,synthetic__ultrasparse_16d__quality__n20000__kNN+Leiden__151__9d9e950ae467,ok,ultrasparse_16d__quality__n20000,kNN+Leiden,151,0.2.2,20000,16,3.8411145999998553,7.892584400004125,303.19921875,320.9453125,1.0,1.0,0.6182435792388568,0.0,0.0,0.0009543311358194508,0.00047739336358517683,1.0,0.09523809523809523,0.0,0.5,0,1.0,0,12,12,,
0.2.3,v0.2.2-seven-family-robustness-v2,synthetic__ultrasparse_16d__quality__n20000__kNN-DBSCAN__151__aa25124fe938,ok,ultrasparse_16d__quality__n20000,kNN-DBSCAN,151,0.2.2,20000,16,0.9512898999964818,3.8975503999972716,197.47265625,197.46875,1.0,1.0,0.9995069033530571,0.9997402389504416,0.9999736835179873,0.9989808298956564,0.9979637350916319,1.0,0.9995002498750626,0.9999473684210526,0.9999736842105262,0,1.0,0,12,12,,
0.2.3,v0.2.2-seven-family-robustness-v2,synthetic__ultrasparse_16d__quality__n200000__AMD-DBSCAN__23__50658e1254a7,error,ultrasparse_16d__quality__n200000,AMD-DBSCAN,23,,,,,4.072544900001958,,208.8046875,,,,,,,,,,,,,,,,,MemoryError,"Unable to allocate 298. GiB for an array with shape (200000, 200000) and data type float64"
0.2.3,v0.2.2-seven-family-robustness-v2,synthetic__ultrasparse_16d__quality__n200000__DBSCAN__23__49af0a97eefe,ok,ultrasparse_16d__quality__n200000,DBSCAN,23,0.2.2,200000,16,200.62636059999932,205.1707241999975,425.81640625,428.1015625,1.0,1.0,0.999950069902137,0.9999737185988302,0.9999973684141275,0.99989980983089,0.9997996397359088,1.0,0.999950002499875,0.9999947368421053,0.9999973684210526,0,1.0,0,12,12,,
0.2.3,v0.2.2-seven-family-robustness-v2,synthetic__ultrasparse_16d__quality__n200000__HDBSCAN__23__6352cddeceb5,timeout,ultrasparse_16d__quality__n200000,HDBSCAN,23,,,,,1200.1027102999942,,237.15625,,,,,,,,,,,,,,,,,,timeout_seconds=1200
0.2.3,v0.2.2-seven-family-robustness-v2,synthetic__ultrasparse_16d__quality__n200000__OPTICS__23__97f575d4c729,ok,ultrasparse_16d__quality__n200000,OPTICS,23,0.2.2,200000,16,728.8959002999909,737.9903862999927,260.46484375,258.53515625,0.8936324105306342,0.6271097052353796,0.6737265286500093,0.7972952839399329,0.9763726152175929,0.7931883451538199,0.9796025706871861,0.6663792018008164,0.6006712911165809,0.9703473684210526,0.8207236842105263,0,0.6666666666666666,0,438,12,,
0.2.3,v0.2.2-seven-family-robustness-v2,synthetic__ultrasparse_16d__quality__n200000__SNN-DBSCAN__23__08457015e865,ok,ultrasparse_16d__quality__n200000,SNN-DBSCAN,23,0.2.2,200000,16,32.083978800001205,38.03049590000592,382.51953125,380.48828125,0.010532167167270123,0.00012081428357563326,0.010299625468164793,0.020383809670796033,0.9744911435773946,0.000713382576747475,0.9304511278195489,0.00035682807951042706,0.01093765536442279,0.9999894736842105,0.5027447368421053,0,0.08333333333333333,0,1,12,,
0.2.3,v0.2.2-seven-family-robustness-stratascan-fast-v1,synthetic__ultrasparse_16d__quality__n200000__StrataSCAN__23__871a51a4d0c1,ok,ultrasparse_16d__quality__n200000,StrataSCAN,23,0.2.2,200000,16,25.35066920000827,29.137808600004064,427.6015625,424.4765625,0.9917117349771283,0.9926884847616879,0.996665307176004,0.9982433241319902,0.9998263459504401,0.9934217694865642,1.0,0.986929519606081,0.9966890739440153,1.0,0.9966999999999999,0,1.0,0,12,12,,
0.2.3,v0.2.2-seven-family-robustness-v2,synthetic__ultrasparse_16d__quality__n200000__VDBSCAN-2007__23__aa92f1de9af9,ok,ultrasparse_16d__quality__n200000,VDBSCAN-2007,23,0.2.2,200000,16,406.0757391000079,411.3357423999987,442.14453125,445.6875,0.9511609149974809,0.8420686586525371,0.888511461694725,0.012028614250558057,0.006055295234996878,0.0004637305395998032,0.00023191904377155742,1.0,0.09550049421505757,0.003036842105263158,0.5015184210526316,0,1.0,2,11,12,,
0.2.3,v0.2.2-seven-family-robustness-v2,synthetic__ultrasparse_16d__quality__n200000__kNN+Leiden__23__662dd1596c22,timeout,ultrasparse_16d__quality__n200000,kNN+Leiden,23,,,,,1200.2675365000032,,1217.6328125,,,,,,,,,,,,,,,,,,timeout_seconds=1200
0.2.3,v0.2.2-seven-family-robustness-v2,synthetic__ultrasparse_16d__quality__n200000__kNN-DBSCAN__23__b4583b859e3d,ok,ultrasparse_16d__quality__n200000,kNN-DBSCAN,23,0.2.2,200000,16,27.23998230000143,31.453541399998358,259.66796875,254.0234375,1.0,1.0,0.999950069902137,0.9999737185988302,0.9999973684141275,0.99989980983089,0.9997996397359088,1.0,0.999950002499875,0.9999947368421053,0.9999973684210526,0,1.0,0,12,12,,
0.2.3,v0.2.2-seven-family-robustness-v2,synthetic__ultrasparse_16d__quality__n200000__AMD-DBSCAN__42__1a0a00d368d7,error,ultrasparse_16d__quality__n200000,AMD-DBSCAN,42,,,,,4.216829299999517,,208.9140625,,,,,,,,,,,,,,,,,MemoryError,"Unable to allocate 298. GiB for an array with shape (200000, 200000) and data type float64"
0.2.3,v0.2.2-seven-family-robustness-v2,synthetic__ultrasparse_16d__quality__n200000__DBSCAN__42__990631e68d11,ok,ultrasparse_16d__quality__n200000,DBSCAN,42,0.2.2,200000,16,201.26607880000665,205.118389700001,432.9453125,439.578125,0.9761424750528114,0.9153763587558132,0.9444444355591096,0.9714285667284107,1.0,0.9229632366525032,0.8569468267581475,1.0,1.0,1.0,1.0,0,1.0,1,11,12,,
0.2.3,v0.2.2-seven-family-robustness-v2,synthetic__ultrasparse_16d__quality__n200000__HDBSCAN__42__6ce20dadfa68,timeout,ultrasparse_16d__quality__n200000,HDBSCAN,42,,,,,1200.1096407000005,,237.38671875,,,,,,,,,,,,,,,,,,timeout_seconds=1200
0.2.3,v0.2.2-seven-family-robustness-v2,synthetic__ultrasparse_16d__quality__n200000__OPTICS__42__9aaabd00988c,ok,ultrasparse_16d__quality__n200000,OPTICS,42,0.2.2,200000,16,729.0392366000015,738.1271033999947,259.70703125,261.234375,0.9369090639008112,0.7767329942131971,0.7549226516659551,0.8527026057126177,0.9795810172115352,0.8500976820893983,0.9830160112040577,0.7488430119846177,0.6614512371994902,0.9724842105263158,0.8624921052631579,0,0.75,0,425,12,,
0.2.3,v0.2.2-seven-family-robustness-v2,synthetic__ultrasparse_16d__quality__n200000__SNN-DBSCAN__42__c36db2c2bbf2,ok,ultrasparse_16d__quality__n200000,SNN-DBSCAN,42,0.2.2,200000,16,32.81081769999582,38.68165030000091,377.71875,366.27734375,0.0,0.0,0.0,0.0,0.9743589743589743,0.0,0.0,0.0,0.0,1.0,0.5,0,0.0,0,0,12,,
0.2.3,v0.2.2-seven-family-robustness-stratascan-fast-v1,synthetic__ultrasparse_16d__quality__n200000__StrataSCAN__42__c7d8eecd704b,ok,ultrasparse_16d__quality__n200000,StrataSCAN,42,0.2.2,200000,16,24.071573799999896,27.47021540001151,432.70703125,436.64453125,0.9881529128569291,0.9887156035260735,0.9948707536785428,0.9972965879455548,0.9997342811515887,0.9899501487770189,1.0,0.9801002867119626,0.9949243680586964,1.0,0.99495,0,1.0,0,12,12,,
0.2.3,v0.2.2-seven-family-robustness-v2,synthetic__ultrasparse_16d__quality__n200000__VDBSCAN-2007__42__6f43c533a21c,ok,ultrasparse_16d__quality__n200000,VDBSCAN-2007,42,0.2.2,200000,16,393.4503823999985,399.10363550001057,457.9453125,468.46484375,0.9511455479456126,0.8419863473218154,0.8882954433461352,0.012131800452902526,0.006107607224186964,0.0004637745437512972,0.000231941056054373,1.0,0.09550277435559502,0.0030631578947368423,0.5015315789473684,0,1.0,2,11,12,,
0.2.3,v0.2.2-seven-family-robustness-v2,synthetic__ultrasparse_16d__quality__n200000__kNN+Leiden__42__eae372f6c69b,ok,ultrasparse_16d__quality__n200000,kNN+Leiden,42,0.2.2,200000,16,706.7408155000012,711.9232976000058,1062.4609375,1221.3359375,1.0,1.0,0.9043577246133405,0.0,0.0,0.0009392257510543931,0.0004698335153953804,1.0,0.09523809523809523,0.0,0.5,0,1.0,0,14,12,,
0.2.3,v0.2.2-seven-family-robustness-v2,synthetic__ultrasparse_16d__quality__n200000__kNN-DBSCAN__42__259182ca2f2d,ok,ultrasparse_16d__quality__n200000,kNN-DBSCAN,42,0.2.2,200000,16,26.555475100001786,30.800833499990404,258.2109375,260.3203125,1.0,1.0,1.0,1.0,1.0,1.0,1.0,1.0,1.0,1.0,1.0,0,1.0,0,12,12,,
0.2.3,v0.2.2-seven-family-robustness-v2,synthetic__ultrasparse_16d__quality__n200000__AMD-DBSCAN__73__e5075ca07ea1,error,ultrasparse_16d__quality__n200000,AMD-DBSCAN,73,,,,,4.078151900001103,,214.73046875,,,,,,,,,,,,,,,,,MemoryError,"Unable to allocate 298. GiB for an array with shape (200000, 200000) and data type float64"
0.2.3,v0.2.2-seven-family-robustness-v2,synthetic__ultrasparse_16d__quality__n200000__DBSCAN__73__47d407e704e2,ok,ultrasparse_16d__quality__n200000,DBSCAN,73,0.2.2,200000,16,192.3043750999932,196.78487329999916,425.25390625,427.66015625,1.0,1.0,1.0,1.0,1.0,1.0,1.0,1.0,1.0,1.0,1.0,0,1.0,0,12,12,,
0.2.3,v0.2.2-seven-family-robustness-v2,synthetic__ultrasparse_16d__quality__n200000__HDBSCAN__73__daa327c393be,timeout,ultrasparse_16d__quality__n200000,HDBSCAN,73,,,,,1200.1290062000044,,237.07421875,,,,,,,,,,,,,,,,,,timeout_seconds=1200
0.2.3,v0.2.2-seven-family-robustness-v2,synthetic__ultrasparse_16d__quality__n200000__OPTICS__73__e58ecad3df7c,ok,ultrasparse_16d__quality__n200000,OPTICS,73,0.2.2,200000,16,724.144979100005,732.9216009999946,260.74609375,260.74609375,0.9382972279067509,0.7789972671099988,0.7544472843005279,0.8523015398855394,0.9793228895983368,0.8504645778148086,0.9819511381796675,0.7500326792045882,0.6589994752492566,0.9719315789473684,0.8627157894736841,0,0.75,0,413,12,,
0.2.3,v0.2.2-seven-family-robustness-v2,synthetic__ultrasparse_16d__quality__n200000__SNN-DBSCAN__73__2e3385aaf7c9,ok,ultrasparse_16d__quality__n200000,SNN-DBSCAN,73,0.2.2,200000,16,35.426760899994406,41.46030249999603,380.52734375,383.0,0.0,0.0,0.0,0.0,0.9743589743589743,0.0,0.0,0.0,0.0,1.0,0.5,0,0.0,0,0,12,,
0.2.3,v0.2.2-seven-family-robustness-stratascan-fast-v1,synthetic__ultrasparse_16d__quality__n200000__StrataSCAN__73__54fd4a1e9a50,ok,ultrasparse_16d__quality__n200000,StrataSCAN,73,0.2.2,200000,16,23.82242720000795,27.352152999985265,438.921875,424.984375,0.9921165064317928,0.9931358610810107,0.9968694701897065,0.9983509644607985,0.9998368687214191,0.9938188178144544,1.0,0.9877135802279279,0.9968903601163607,1.0,0.9969,0,1.0,0,12,12,,
0.2.3,v0.2.2-seven-family-robustness-v2,synthetic__ultrasparse_16d__quality__n200000__VDBSCAN-2007__73__eca26e64b435,ok,ultrasparse_16d__quality__n200000,VDBSCAN-2007,73,0.2.2,200000,16,337.5702997000044,342.35676959999546,442.12890625,444.8203125,1.0,1.0,0.9997504091995973,0.011975655207832153,0.006023906723897278,0.00046373718236686383,0.0002319223666958616,1.0,0.09549912618299541,0.0030210526315789473,0.5015105263157895,0,1.0,0,13,12,,
0.2.3,v0.2.2-seven-family-robustness-v2,synthetic__ultrasparse_16d__quality__n200000__kNN+Leiden__73__4bef93a72d9f,ok,ultrasparse_16d__quality__n200000,kNN+Leiden,73,0.2.2,200000,16,1137.7387967999966,1143.1752619000035,1064.40234375,1221.21875,1.0,1.0,0.9029021384390062,0.0,0.0,0.0009424618444928565,0.0004714530855187132,1.0,0.09523809523809523,0.0,0.5,0,1.0,0,14,12,,
0.2.3,v0.2.2-seven-family-robustness-v2,synthetic__ultrasparse_16d__quality__n200000__kNN-DBSCAN__73__5bfba5b0fdb1,ok,ultrasparse_16d__quality__n200000,kNN-DBSCAN,73,0.2.2,200000,16,26.42881359999592,30.710360500001116,258.64453125,252.37109375,1.0,1.0,1.0,1.0,1.0,1.0,1.0,1.0,1.0,1.0,1.0,0,1.0,0,12,12,,
0.2.3,v0.2.2-seven-family-robustness-v2,synthetic__ultrasparse_16d__quality__n200000__AMD-DBSCAN__101__6804c9afe04d,error,ultrasparse_16d__quality__n200000,AMD-DBSCAN,101,,,,,4.07031540000753,,217.421875,,,,,,,,,,,,,,,,,MemoryError,"Unable to allocate 298. GiB for an array with shape (200000, 200000) and data type float64"
0.2.3,v0.2.2-seven-family-robustness-v2,synthetic__ultrasparse_16d__quality__n200000__DBSCAN__101__b9a342502b05,ok,ultrasparse_16d__quality__n200000,DBSCAN,101,0.2.2,200000,16,178.79130260000238,182.77246239999658,425.61328125,429.83984375,1.0,1.0,1.0,1.0,1.0,1.0,1.0,1.0,1.0,1.0,1.0,0,1.0,0,12,12,,
0.2.3,v0.2.2-seven-family-robustness-v2,synthetic__ultrasparse_16d__quality__n200000__HDBSCAN__101__d44674641c34,timeout,ultrasparse_16d__quality__n200000,HDBSCAN,101,,,,,1200.1698166000133,,236.8984375,,,,,,,,,,,,,,,,,,timeout_seconds=1200
0.2.3,v0.2.2-seven-family-robustness-v2,synthetic__ultrasparse_16d__quality__n200000__OPTICS__101__42dbcc53d10f,ok,ultrasparse_16d__quality__n200000,OPTICS,101,0.2.2,200000,16,747.6208611000038,756.7547105999984,260.3046875,260.3046875,0.8941900179765541,0.627134649267211,0.6743167133837433,0.7979840756908726,0.9771990073181186,0.7941696757773293,0.981731465240006,0.6667800026335594,0.6088771897975855,0.9719684210526316,0.8213842105263158,0,0.6666666666666666,0,438,12,,
0.2.3,v0.2.2-seven-family-robustness-v2,synthetic__ultrasparse_16d__quality__n200000__SNN-DBSCAN__101__fd6f416d2a60,ok,ultrasparse_16d__quality__n200000,SNN-DBSCAN,101,0.2.2,200000,16,36.10358959999576,45.414829300003476,380.6484375,375.8515625,0.0,0.0,0.0,0.0,0.9743589743589743,0.0,0.0,0.0,0.0,1.0,0.5,0,0.0,0,0,12,,
0.2.3,v0.2.2-seven-family-robustness-stratascan-fast-v1,synthetic__ultrasparse_16d__quality__n200000__StrataSCAN__101__eb70921b882d,ok,ultrasparse_16d__quality__n200000,StrataSCAN,101,0.2.2,200000,16,22.619223000016063,25.711056400003145,436.8125,426.0,0.99160849281963,0.9925776903061468,0.9966137816672584,0.9982161679647655,0.9998237152923038,0.9933234020304221,1.0,0.9867353666847043,0.9966387397782571,1.0,0.99665,0,1.0,0,12,12,,
0.2.3,v0.2.2-seven-family-robustness-v2,synthetic__ultrasparse_16d__quality__n200000__VDBSCAN-2007__101__4d854c3e66a5,ok,ultrasparse_16d__quality__n200000,VDBSCAN-2007,101,0.2.2,200000,16,336.47556669999904,341.07844179999665,441.390625,440.95703125,1.0,1.0,0.9993507288719744,0.011499907470832337,0.005783228636952837,0.00046366360725928085,0.0002318855620777326,1.0,0.09548863923914651,0.0029,0.50145,0,1.0,0,13,12,,
0.2.3,v0.2.2-seven-family-robustness-v2,synthetic__ultrasparse_16d__quality__n200000__kNN+Leiden__101__4b6a7ac80543,ok,ultrasparse_16d__quality__n200000,kNN+Leiden,101,0.2.2,200000,16,941.5919069999945,947.7049820000102,1067.09765625,1224.68359375,1.0,1.0,0.9100277700346361,0.0,0.0,0.0009406588375747864,0.0004705507326399857,1.0,0.09523809523809523,0.0,0.5,0,1.0,0,14,12,,
0.2.3,v0.2.2-seven-family-robustness-v2,synthetic__ultrasparse_16d__quality__n200000__kNN-DBSCAN__101__fb1fe03e1e1a,ok,ultrasparse_16d__quality__n200000,kNN-DBSCAN,101,0.2.2,200000,16,26.422558899997966,30.786113600013778,260.171875,257.1171875,1.0,1.0,1.0,1.0,1.0,1.0,1.0,1.0,1.0,1.0,1.0,0,1.0,0,12,12,,
0.2.3,v0.2.2-seven-family-robustness-v2,synthetic__ultrasparse_16d__quality__n200000__AMD-DBSCAN__151__c4aff7b8aae0,error,ultrasparse_16d__quality__n200000,AMD-DBSCAN,151,,,,,4.041435499995714,,218.703125,,,,,,,,,,,,,,,,,MemoryError,"Unable to allocate 298. GiB for an array with shape (200000, 200000) and data type float64"
0.2.3,v0.2.2-seven-family-robustness-v2,synthetic__ultrasparse_16d__quality__n200000__DBSCAN__151__138c559aaf80,ok,ultrasparse_16d__quality__n200000,DBSCAN,151,0.2.2,200000,16,181.14987480000127,184.95876190000854,425.1875,430.078125,0.9414038179465166,0.7777324596353435,0.8741513960140342,0.932812562905704,0.9999131503525306,0.798270136062016,0.6642675363381094,1.0,0.9983527180152749,0.9998263157894737,0.9999131578947369,0,1.0,1,13,12,,
0.2.3,v0.2.2-seven-family-robustness-v2,synthetic__ultrasparse_16d__quality__n200000__HDBSCAN__151__fb18af9c2ead,timeout,ultrasparse_16d__quality__n200000,HDBSCAN,151,,,,,1200.098811200005,,235.79296875,,,,,,,,,,,,,,,,,,timeout_seconds=1200
0.2.3,v0.2.2-seven-family-robustness-v2,synthetic__ultrasparse_16d__quality__n200000__OPTICS__151__4c218d011400,ok,ultrasparse_16d__quality__n200000,OPTICS,151,0.2.2,200000,16,729.2526266999921,737.5128213999997,260.83203125,259.21875,0.9374805559310943,0.7795462256089866,0.7547908469964195,0.8527968510641007,0.9800519370395887,0.8517864228616076,0.9851178522354931,0.7502441328813351,0.6671971706454465,0.9732947368421052,0.8639473684210526,0,0.75,0,431,12,,
0.2.3,v0.2.2-seven-family-robustness-v2,synthetic__ultrasparse_16d__quality__n200000__SNN-DBSCAN__151__af2f5770ca8f,ok,ultrasparse_16d__quality__n200000,SNN-DBSCAN,151,0.2.2,200000,16,36.19101039999805,42.78102390001004,380.26171875,371.796875,0.0,0.0,0.0,0.0,0.9743589743589743,0.0,0.0,0.0,0.0,1.0,0.5,0,0.0,0,0,12,,
0.2.3,v0.2.2-seven-family-robustness-stratascan-fast-v1,synthetic__ultrasparse_16d__quality__n200000__StrataSCAN__151__dcbe67a30f55,ok,ultrasparse_16d__quality__n200000,StrataSCAN,151,0.2.2,200000,16,25.268795600015437,28.378551500005415,437.796875,430.296875,0.9895459418963384,0.9902252321828021,0.9955349813492379,0.9976472368462367,0.9997684746690241,0.9912468778454495,1.0,0.9826456603458037,0.9955805544395339,1.0,0.9956,0,1.0,0,12,12,,
0.2.3,v0.2.2-seven-family-robustness-v2,synthetic__ultrasparse_16d__quality__n200000__VDBSCAN-2007__151__622a1a572c00,ok,ultrasparse_16d__quality__n200000,VDBSCAN-2007,151,0.2.2,200000,16,352.22790969999915,356.8531267000071,441.79296875,444.4375,1.0,1.0,0.9995505089166826,0.011334372483644993,0.005699500900059305,0.0004636049836629625,0.0002318562366848915,1.0,0.09548499214635939,0.0028578947368421053,0.501428947368421,0,1.0,0,13,12,,
0.2.3,v0.2.2-seven-family-robustness-v2,synthetic__ultrasparse_16d__quality__n200000__kNN+Leiden__151__d5711db2f65a,ok,ultrasparse_16d__quality__n200000,kNN+Leiden,151,0.2.2,200000,16,85.96493410000403,91.73082750001049,1021.7265625,1219.21484375,1.0,1.0,0.9121230705359648,0.0,0.0,0.00047040335892766834,0.00023525701230823473,1.0,0.09523809523809523,0.0,0.5,0,1.0,0,13,12,,
0.2.3,v0.2.2-seven-family-robustness-v2,synthetic__ultrasparse_16d__quality__n200000__kNN-DBSCAN__151__876999e9604b,ok,ultrasparse_16d__quality__n200000,kNN-DBSCAN,151,0.2.2,200000,16,27.732107100004214,31.906887999997707,259.64453125,257.13671875,0.998567833313961,0.99849545929295,0.9984951451292359,0.9991944492170883,0.9998947335179006,0.9970077354920336,0.9967925754149488,0.9972229884748135,0.9980011992804317,0.9998631578947368,0.9992315789473685,0,1.0,0,14,12,,
0.2.3,v0.2.2-seven-family-robustness-v2,synthetic__ultrasparse_16d__quality__n5000__AMD-DBSCAN__23__eb068094dac8,ok,ultrasparse_16d__quality__n5000,AMD-DBSCAN,23,0.2.2,5000,16,1.3574924999993527,4.16367189999437,785.640625,791.203125,0.0,0.0,0.00829874421189305,0.0,0.0,0.00039680063488101587,0.00019843968793758753,1.0,0.09523809523809523,0.0,0.5,0,1.0,1,1,12,,
0.2.3,v0.2.2-seven-family-robustness-v2,synthetic__ultrasparse_16d__quality__n5000__DBSCAN__23__0f5375ad9376,ok,ultrasparse_16d__quality__n5000,DBSCAN,23,0.2.2,5000,16,0.6133586000069045,3.6350946000020485,194.0,194.19921875,0.9731388797411876,0.9106476576486351,0.9444444444444443,0.9714285714285714,1.0,0.9183484539900019,0.8490243067442657,1.0,1.0,1.0,1.0,0,1.0,1,11,12,,
0.2.3,v0.2.2-seven-family-robustness-v2,synthetic__ultrasparse_16d__quality__n5000__HDBSCAN__23__bda2ccaea2a8,ok,ultrasparse_16d__quality__n5000,HDBSCAN,23,0.2.2,5000,16,0.7985353999974905,3.8157651999936206,185.359375,185.56640625,1.0,1.0,0.9865180039598646,0.9928494122188471,0.9992626145580954,0.971025841816758,0.943683409436834,1.0,0.9861932938856015,0.9985263157894737,0.9992631578947369,0,1.0,0,12,12,,
0.2.3,v0.2.2-seven-family-robustness-v2,synthetic__ultrasparse_16d__quality__n5000__OPTICS__23__25a6f7f54a79,ok,ultrasparse_16d__quality__n5000,OPTICS,23,0.2.2,5000,16,0.7381930999981705,3.634289200010244,194.1015625,194.5625,0.9592435197851382,0.9213747110757455,0.9194358523949542,0.9549200986842111,0.9932532152646005,0.8828270303781772,0.9054684188215345,0.8612903225806452,0.8754863813229572,0.9917894736842106,0.9458947368421053,0,1.0,0,16,12,,
0.2.3,v0.2.2-seven-family-robustness-v2,synthetic__ultrasparse_16d__quality__n5000__SNN-DBSCAN__23__fc68def4bb0c,ok,ultrasparse_16d__quality__n5000,SNN-DBSCAN,23,0.2.2,5000,16,0.25015009999333415,3.865848300003563,237.77734375,237.7734375,1.0,1.0,0.6084253283554343,0.7461147216223828,0.9643519023220319,0.30539991379841147,0.18021946079500037,1.0,0.6045949214026602,0.9311578947368421,0.9655789473684211,0,1.0,0,12,12,,
0.2.3,v0.2.2-seven-family-robustness-stratascan-fast-v1,synthetic__ultrasparse_16d__quality__n5000__StrataSCAN__23__66535598b679,ok,ultrasparse_16d__quality__n5000,StrataSCAN,23,0.2.2,5000,16,1.1667615000042133,4.353912999999011,246.10546875,245.0625,0.9914152322576005,0.990953238531473,0.9959349593495935,0.9978585163097885,0.9997895179962113,0.991869918699187,1.0,0.9838709677419355,0.9959839357429718,1.0,0.996,0,1.0,0,12,12,,
0.2.3,v0.2.2-seven-family-robustness-v2,synthetic__ultrasparse_16d__quality__n5000__VDBSCAN-2007__23__da7d0bd8272e,ok,ultrasparse_16d__quality__n5000,VDBSCAN-2007,23,0.2.2,5000,16,0.3934171000000788,3.2622291000006953,197.65234375,196.58984375,1.0,1.0,1.0,0.008368200836820083,0.004201680672268907,0.00044142291251905643,0.00022076018056046382,1.0,0.09541984732824428,0.002105263157894737,0.5010526315789474,0,1.0,0,13,12,,
0.2.3,v0.2.2-seven-family-robustness-v2,synthetic__ultrasparse_16d__quality__n5000__kNN+Leiden__23__d3016202a631,ok,ultrasparse_16d__quality__n5000,kNN+Leiden,23,0.2.2,5000,16,0.5124826000101166,4.0128971000085585,247.17578125,247.28515625,0.9079407646221452,0.7187982171480867,0.21946846418295654,0.0,0.0,0.0012377139423484823,0.0006192401922840674,1.0,0.09523809523809523,0.0,0.5,0,1.0,2,9,12,,
0.2.3,v0.2.2-seven-family-robustness-v2,synthetic__ultrasparse_16d__quality__n5000__kNN-DBSCAN__23__d35b64302f53,ok,ultrasparse_16d__quality__n5000,kNN-DBSCAN,23,0.2.2,5000,16,0.2016972999990685,3.0417502999916906,194.109375,194.53125,1.0,1.0,1.0,1.0,1.0,1.0,1.0,1.0,1.0,1.0,1.0,0,1.0,0,12,12,,
0.2.3,v0.2.2-seven-family-robustness-v2,synthetic__ultrasparse_16d__quality__n5000__AMD-DBSCAN__42__6d92dc7933c3,ok,ultrasparse_16d__quality__n5000,AMD-DBSCAN,42,0.2.2,5000,16,1.3569376000086777,4.217026199999964,789.828125,794.09375,0.0,0.0,0.00829874421189305,0.0,0.0,0.00039680063488101587,0.00019843968793758753,1.0,0.09523809523809523,0.0,0.5,0,1.0,1,1,12,,
0.2.3,v0.2.2-seven-family-robustness-v2,synthetic__ultrasparse_16d__quality__n5000__DBSCAN__42__53e619d16834,ok,ultrasparse_16d__quality__n5000,DBSCAN,42,0.2.2,5000,16,0.296046599993133,3.221173000012641,193.73046875,193.95703125,0.68218569177485,0.2539241539822692,0.559688762010862,0.7176386448814097,0.9997894293535481,0.34777731033515635,0.21049057884909184,1.0,0.9960159362549801,0.999578947368421,0.9997894736842106,0,1.0,1,6,12,,
0.2.3,v0.2.2-seven-family-robustness-v2,synthetic__ultrasparse_16d__quality__n5000__HDBSCAN__42__930a67acd96a,ok,ultrasparse_16d__quality__n5000,HDBSCAN,42,0.2.2,5000,16,0.8071816000010585,3.7701208000071347,184.9453125,185.14453125,1.0,1.0,0.9743967918386524,0.9856937094536934,0.9972556470339877,0.9154669619785898,0.8441116405718175,1.0,0.9505703422053232,0.9945263157894737,0.9972631578947369,0,1.0,0,13,12,,
0.2.3,v0.2.2-seven-family-robustness-v2,synthetic__ultrasparse_16d__quality__n5000__OPTICS__42__2d0d29821213,ok,ultrasparse_16d__quality__n5000,OPTICS,42,0.2.2,5000,16,0.7867112999956589,3.672496200000751,194.4453125,194.90234375,0.9292991959546834,0.8573599951116678,0.902640276056475,0.9453528569122676,0.9923085027921188,0.834927234927235,0.8618025751072962,0.8096774193548387,0.8565815324165029,0.9913684210526316,0.9316842105263158,0,1.0,0,15,12,,
0.2.3,v0.2.2-seven-family-robustness-v2,synthetic__ultrasparse_16d__quality__n5000__SNN-DBSCAN__42__7e16dff94e69,ok,ultrasparse_16d__quality__n5000,SNN-DBSCAN,42,0.2.2,5000,16,0.2588157999998657,3.8154601999995066,240.73828125,237.33984375,1.0,1.0,0.617384050211674,0.7529502393941323,0.9648033126293997,0.3032340893806933,0.17871297830943286,1.0,0.6075334143377885,0.932,0.966,0,1.0,0,12,12,,
0.2.3,v0.2.2-seven-family-robustness-stratascan-fast-v1,synthetic__ultrasparse_16d__quality__n5000__StrataSCAN__42__a6a11b47cc67,ok,ultrasparse_16d__quality__n5000,StrataSCAN,42,0.2.2,5000,16,1.1027035000151955,4.237638099992182,246.4453125,244.89453125,0.9803680235208322,0.9811254837057412,0.9859659310878822,0.9925700497943092,0.9992632354489002,0.9718680429062944,0.975619666802113,0.9681451612903226,0.9859719438877755,0.9993684210526316,0.9916842105263157,0,1.0,0,12,12,,
0.2.3,v0.2.2-seven-family-robustness-v2,synthetic__ultrasparse_16d__quality__n5000__VDBSCAN-2007__42__4f6b2de69de9,ok,ultrasparse_16d__quality__n5000,VDBSCAN-2007,42,0.2.2,5000,16,0.37197849999938626,3.6218936999939615,195.9296875,195.9296875,1.0,1.0,1.0,0.004197271773347324,0.002103049421661409,0.0004404934236818501,0.00022029523114121814,1.0,0.09532888465204958,0.0010526315789473684,0.5005263157894737,0,1.0,0,13,12,,
0.2.3,v0.2.2-seven-family-robustness-v2,synthetic__ultrasparse_16d__quality__n5000__kNN+Leiden__42__e6e9dfcaa546,ok,ultrasparse_16d__quality__n5000,kNN+Leiden,42,0.2.2,5000,16,1.0475775000086287,4.5887854999891715,247.53125,247.76171875,0.7798416739031688,0.4711078409100704,0.09685677795479326,0.0,0.0,0.0013272707032822122,0.0006640760559880381,1.0,0.09523809523809523,0.0,0.5,0,1.0,3,6,12,,
0.2.3,v0.2.2-seven-family-robustness-v2,synthetic__ultrasparse_16d__quality__n5000__kNN-DBSCAN__42__2c9f3a8097d8,ok,ultrasparse_16d__quality__n5000,kNN-DBSCAN,42,0.2.2,5000,16,0.20434609999938402,3.2407812000019476,194.0234375,194.44921875,1.0,1.0,0.9961240310077519,0.9979533645174337,0.9997894293535481,0.9916033586565373,0.9833465503568596,1.0,0.9960159362549801,0.999578947368421,0.9997894736842106,0,1.0,0,12,12,,
0.2.3,v0.2.2-seven-family-robustness-v2,synthetic__ultrasparse_16d__quality__n5000__AMD-DBSCAN__73__31c6670e8840,ok,ultrasparse_16d__quality__n5000,AMD-DBSCAN,73,0.2.2,5000,16,1.3457732999959262,4.159855499994592,781.640625,786.3671875,0.0,0.0,0.00829874421189305,0.0,0.0,0.00039680063488101587,0.00019843968793758753,1.0,0.09523809523809523,0.0,0.5,0,1.0,1,1,12,,
0.2.3,v0.2.2-seven-family-robustness-v2,synthetic__ultrasparse_16d__quality__n5000__DBSCAN__73__f843f6bfb171,ok,ultrasparse_16d__quality__n5000,DBSCAN,73,0.2.2,5000,16,0.2889393000077689,3.128734199999599,194.58203125,194.78515625,1.0,1.0,1.0,1.0,1.0,1.0,1.0,1.0,1.0,1.0,1.0,0,1.0,0,12,12,,
0.2.3,v0.2.2-seven-family-robustness-v2,synthetic__ultrasparse_16d__quality__n5000__HDBSCAN__73__44202cc0154c,ok,ultrasparse_16d__quality__n5000,HDBSCAN,73,0.2.2,5000,16,0.8276630000036675,3.6783198000048287,185.26953125,185.46484375,1.0,1.0,0.9940915106825488,0.9964079671296664,0.9987352445193929,0.9806247528667458,0.9619860356865787,1.0,0.9765625,0.9974736842105263,0.9987368421052631,0,1.0,0,13,12,,
0.2.3,v0.2.2-seven-family-robustness-v2,synthetic__ultrasparse_16d__quality__n5000__OPTICS__73__05f4f47d4d89,ok,ultrasparse_16d__quality__n5000,OPTICS,73,0.2.2,5000,16,0.7548385999980383,3.6594486000103643,194.44921875,194.91015625,0.9873165042697873,0.9767720613751456,0.9510093255594653,0.9729319354233009,0.9958891114156213,0.9201201201201201,0.9137176938369781,0.9266129032258065,0.9239766081871346,0.9945263157894737,0.9712631578947368,0,1.0,0,14,12,,
0.2.3,v0.2.2-seven-family-robustness-v2,synthetic__ultrasparse_16d__quality__n5000__SNN-DBSCAN__73__9c49e887c23e,ok,ultrasparse_16d__quality__n5000,SNN-DBSCAN,73,0.2.2,5000,16,0.24083570000948384,3.826249800011283,237.45703125,237.453125,1.0,1.0,0.570008075724579,0.7146782995657243,0.9577619308831596,0.25802424179368466,0.14812160305799438,1.0,0.5649717514124294,0.9189473684210526,0.9594736842105263,0,1.0,0,12,12,,
0.2.3,v0.2.2-seven-family-robustness-stratascan-fast-v1,synthetic__ultrasparse_16d__quality__n5000__StrataSCAN__73__c8d7ee688372,ok,ultrasparse_16d__quality__n5000,StrataSCAN,73,0.2.2,5000,16,4.428822899993975,11.797872000024654,249.265625,249.265625,1.0,1.0,1.0,1.0,1.0,1.0,1.0,1.0,1.0,1.0,1.0,0,1.0,0,12,12,,
0.2.3,v0.2.2-seven-family-robustness-v2,synthetic__ultrasparse_16d__quality__n5000__VDBSCAN-2007__73__1c89c281e3f4,ok,ultrasparse_16d__quality__n5000,VDBSCAN-2007,73,0.2.2,5000,16,0.3782537999941269,3.344955699998536,197.1640625,197.33203125,1.0,1.0,1.0,0.015810276679841896,0.00796812749003984,0.0004431034213212254,0.0002216008066984205,1.0,0.09558401835213153,0.004,0.502,0,1.0,0,13,12,,
0.2.3,v0.2.2-seven-family-robustness-v2,synthetic__ultrasparse_16d__quality__n5000__kNN+Leiden__73__049f237e2296,ok,ultrasparse_16d__quality__n5000,kNN+Leiden,73,0.2.2,5000,16,0.7899557000055211,4.399241300008725,247.14453125,247.75,0.8770747398712654,0.6611366217623893,0.1704316028794144,0.0,0.0,0.0013339321684734816,0.0006674112248879799,1.0,0.09523809523809523,0.0,0.5,0,1.0,3,8,12,,
0.2.3,v0.2.2-seven-family-robustness-v2,synthetic__ultrasparse_16d__quality__n5000__kNN-DBSCAN__73__00b9b75a8b9a,ok,ultrasparse_16d__quality__n5000,kNN-DBSCAN,73,0.2.2,5000,16,0.20298580000235233,3.016737700003432,193.76953125,194.1875,1.0,1.0,1.0,1.0,1.0,1.0,1.0,1.0,1.0,1.0,1.0,0,1.0,0,12,12,,
0.2.3,v0.2.2-seven-family-robustness-v2,synthetic__ultrasparse_16d__quality__n5000__AMD-DBSCAN__101__b7927d191924,ok,ultrasparse_16d__quality__n5000,AMD-DBSCAN,101,0.2.2,5000,16,1.3427867999998853,4.192526899991208,792.2890625,779.9609375,0.0,0.0,0.00829874421189305,0.0,0.0,0.00039680063488101587,0.00019843968793758753,1.0,0.09523809523809523,0.0,0.5,0,1.0,1,1,12,,
0.2.3,v0.2.2-seven-family-robustness-v2,synthetic__ultrasparse_16d__quality__n5000__DBSCAN__101__aecde9f9de19,ok,ultrasparse_16d__quality__n5000,DBSCAN,101,0.2.2,5000,16,0.2895894999965094,3.156059200002346,194.51171875,194.7109375,1.0,1.0,0.998062015503876,0.9989775300667735,0.9998947257606065,0.9957839791206585,0.9916033586565374,1.0,0.998003992015968,0.9997894736842106,0.9998947368421053,0,1.0,0,12,12,,
0.2.3,v0.2.2-seven-family-robustness-v2,synthetic__ultrasparse_16d__quality__n5000__HDBSCAN__101__b5705707960e,ok,ultrasparse_16d__quality__n5000,HDBSCAN,101,0.2.2,5000,16,0.8045099000009941,3.647756099991966,185.015625,185.2109375,1.0,1.0,0.9923361522198731,0.9955254153676459,0.9987352445193929,0.9777252119061699,0.956421133821828,1.0,0.9765625,0.9974736842105263,0.9987368421052631,0,1.0,0,13,12,,
0.2.3,v0.2.2-seven-family-robustness-v2,synthetic__ultrasparse_16d__quality__n5000__OPTICS__101__2a6a471f971e,ok,ultrasparse_16d__quality__n5000,OPTICS,101,0.2.2,5000,16,0.7530555999983335,3.633124299987685,193.81640625,194.2734375,0.9873165042697873,0.9767720613751456,0.9709606323149416,0.9831614643706411,0.9956728232189973,0.9293489016425885,0.9125534395647105,0.9467741935483871,0.9219047619047619,0.9930526315789474,0.9805263157894737,0,1.0,0,15,12,,
0.2.3,v0.2.2-seven-family-robustness-v2,synthetic__ultrasparse_16d__quality__n5000__SNN-DBSCAN__101__0466f5298a92,ok,ultrasparse_16d__quality__n5000,SNN-DBSCAN,101,0.2.2,5000,16,0.24561490000633057,3.8429859000025317,241.75390625,241.7734375,1.0,1.0,0.6033042877387348,0.7419165403164385,0.9632216522972825,0.2950273614085177,0.17303935249790678,1.0,0.5973715651135005,0.9290526315789474,0.9645263157894737,0,1.0,0,12,12,,
0.2.3,v0.2.2-seven-family-robustness-stratascan-fast-v1,synthetic__ultrasparse_16d__quality__n5000__StrataSCAN__101__6dae0d3321ea,ok,ultrasparse_16d__quality__n5000,StrataSCAN,101,0.2.2,5000,16,1.2385925999842584,4.469387099990854,246.5546875,245.6484375,0.9829827011341047,0.9820204086413719,0.9915489944373128,0.9955478669313879,0.9995791245791246,0.9842310055293877,1.0,0.9689516129032258,0.9919354838709677,1.0,0.992,0,1.0,0,12,12,,
0.2.3,v0.2.2-seven-family-robustness-v2,synthetic__ultrasparse_16d__quality__n5000__VDBSCAN-2007__101__ac172999927c,ok,ultrasparse_16d__quality__n5000,VDBSCAN-2007,101,0.2.2,5000,16,0.37595190000138246,3.2557110999914585,196.49609375,196.66796875,1.0,1.0,1.0,0.01333889120466861,0.006714225765841376,0.0004425421871630467,0.00022132006531440702,1.0,0.09552923194497516,0.003368421052631579,0.5016842105263158,0,1.0,0,13,12,,
0.2.3,v0.2.2-seven-family-robustness-v2,synthetic__ultrasparse_16d__quality__n5000__kNN+Leiden__101__84ef49760ffd,ok,ultrasparse_16d__quality__n5000,kNN+Leiden,101,0.2.2,5000,16,0.7553428999963216,4.472928400005912,246.87109375,247.375,0.8345319016629248,0.5744978258801813,0.14671050322688625,0.0,0.0,0.0012836246246821347,0.0006422244999324111,1.0,0.09523809523809523,0.0,0.5,0,1.0,3,7,12,,
0.2.3,v0.2.2-seven-family-robustness-v2,synthetic__ultrasparse_16d__quality__n5000__kNN-DBSCAN__101__42fd02a14391,ok,ultrasparse_16d__quality__n5000,kNN-DBSCAN,101,0.2.2,5000,16,0.20344119999208488,3.085827300004894,193.75,194.16015625,1.0,1.0,0.998062015503876,0.9989775300667735,0.9998947257606065,0.9957839791206585,0.9916033586565374,1.0,0.998003992015968,0.9997894736842106,0.9998947368421053,0,1.0,0,12,12,,
0.2.3,v0.2.2-seven-family-robustness-v2,synthetic__ultrasparse_16d__quality__n5000__AMD-DBSCAN__151__43d7426e7b8d,ok,ultrasparse_16d__quality__n5000,AMD-DBSCAN,151,0.2.2,5000,16,1.3177391000062926,4.271572200013907,785.33203125,791.39453125,0.0,0.0,0.00829874421189305,0.0,0.0,0.00039680063488101587,0.00019843968793758753,1.0,0.09523809523809523,0.0,0.5,0,1.0,1,1,12,,
0.2.3,v0.2.2-seven-family-robustness-v2,synthetic__ultrasparse_16d__quality__n5000__DBSCAN__151__f15240faf210,ok,ultrasparse_16d__quality__n5000,DBSCAN,151,0.2.2,5000,16,0.29346369999984745,3.230157900004997,194.76953125,194.9765625,1.0,1.0,0.998062015503876,0.9989775300667735,0.9998947257606065,0.9957839791206585,0.9916033586565374,1.0,0.998003992015968,0.9997894736842106,0.9998947368421053,0,1.0,0,12,12,,
0.2.3,v0.2.2-seven-family-robustness-v2,synthetic__ultrasparse_16d__quality__n5000__HDBSCAN__151__e220bee27d39,ok,ultrasparse_16d__quality__n5000,HDBSCAN,151,0.2.2,5000,16,0.8074280000000726,3.660934300001827,185.88671875,186.08984375,1.0,1.0,0.9864276629024219,0.991759749548216,0.9971497941517998,0.9542131589072721,0.9124356144223694,1.0,0.9487666034155597,0.9943157894736843,0.9971578947368421,0,1.0,0,14,12,,
0.2.3,v0.2.2-seven-family-robustness-v2,synthetic__ultrasparse_16d__quality__n5000__OPTICS__151__cd1acd1f45fd,ok,ultrasparse_16d__quality__n5000,OPTICS,151,0.2.2,5000,16,0.7505820000078529,3.6546800000069197,194.2578125,194.71484375,0.8432697974770593,0.6327321363201791,0.8243776714944713,0.8989821091890359,0.9884332281808622,0.7421785795843799,0.855713533438652,0.655241935483871,0.7755102040816326,0.9894736842105263,0.8747368421052631,0,1.0,0,17,12,,
0.2.3,v0.2.2-seven-family-robustness-v2,synthetic__ultrasparse_16d__quality__n5000__SNN-DBSCAN__151__287ccf594799,ok,ultrasparse_16d__quality__n5000,SNN-DBSCAN,151,0.2.2,5000,16,0.24620720000530127,3.8515048999979626,239.17578125,240.23046875,1.0,1.0,0.5802722610762404,0.7232762250224711,0.9598160516807183,0.2723628576135303,0.1576504990146844,1.0,0.5767012687427913,0.9227368421052632,0.9613684210526316,0,1.0,0,12,12,,
0.2.3,v0.2.2-seven-family-robustness-stratascan-fast-v1,synthetic__ultrasparse_16d__quality__n5000__StrataSCAN__151__bc7fd645ce97,ok,ultrasparse_16d__quality__n5000,StrataSCAN,151,0.2.2,5000,16,1.163470600004075,4.471861700003501,237.390625,237.390625,0.9828907449453163,0.9815695899714884,0.9917682926829269,0.9956583900848038,0.9995791245791246,0.9838147920508092,1.0,0.9681451612903226,0.9919354838709677,1.0,0.992,0,1.0,0,12,12,,
0.2.3,v0.2.2-seven-family-robustness-v2,synthetic__ultrasparse_16d__quality__n5000__VDBSCAN-2007__151__fd9d6a27b84e,ok,ultrasparse_16d__quality__n5000,VDBSCAN-2007,151,0.2.2,5000,16,0.37368119999882765,3.2090600000083214,196.734375,195.8984375,1.0,1.0,1.0,0.007536110529621102,0.0037823072073965122,0.0004412367795764305,0.00022066707300254034,1.0,0.0954016409082236,0.001894736842105263,0.5009473684210526,0,1.0,0,13,12,,
0.2.3,v0.2.2-seven-family-robustness-v2,synthetic__ultrasparse_16d__quality__n5000__kNN+Leiden__151__0ddeffce19d2,ok,ultrasparse_16d__quality__n5000,kNN+Leiden,151,0.2.2,5000,16,0.9028445999865653,4.500003299996024,247.54296875,248.03125,0.8570993332145391,0.5725146778674276,0.21173000159875008,0.0,0.0,0.0009824941723833565,0.0004914885284992001,1.0,0.09523809523809523,0.0,0.5,0,1.0,2,8,12,,
0.2.3,v0.2.2-seven-family-robustness-v2,synthetic__ultrasparse_16d__quality__n5000__kNN-DBSCAN__151__8216347edf76,ok,ultrasparse_16d__quality__n5000,kNN-DBSCAN,151,0.2.2,5000,16,0.20836730000155512,3.0825239999976475,193.765625,194.19140625,1.0,1.0,0.998062015503876,0.9989775300667735,0.9998947257606065,0.9957839791206585,0.9916033586565374,1.0,0.998003992015968,0.9997894736842106,0.9998947368421053,0,1.0,0,12,12,,
0.2.3,v0.2.2-seven-family-robustness-v2,synthetic__ultrasparse_16d__quality__n50000__AMD-DBSCAN__23__3cac5b278f03,memory_limit,ultrasparse_16d__quality__n50000,AMD-DBSCAN,23,,,,,219.24125169999024,,8195.0625,,,,,,,,,,,,,,,,,,peak_rss_mb=8195.062; limit_mb=8192
0.2.3,v0.2.2-seven-family-robustness-v2,synthetic__ultrasparse_16d__quality__n50000__DBSCAN__23__6d64001c948f,ok,ultrasparse_16d__quality__n50000,DBSCAN,23,0.2.2,50000,16,11.263311000002432,14.58455889999459,221.1484375,215.640625,1.0,1.0,0.9998001598721024,0.9998948077618923,0.9999894735734061,0.9995988768551946,0.9991980753809142,1.0,0.9998000399920016,0.9999789473684211,0.9999894736842105,0,1.0,0,12,12,,
0.2.3,v0.2.2-seven-family-robustness-v2,synthetic__ultrasparse_16d__quality__n50000__HDBSCAN__23__b9c50e0cc8e0,ok,ultrasparse_16d__quality__n50000,HDBSCAN,23,0.2.2,50000,16,95.01367179999943,98.24965599999996,202.953125,202.875,1.0,1.0,0.9954724088739736,0.9944078090406573,0.9933454838299495,0.9829759554571953,0.9665218445244178,1.0,0.8884150675195451,0.9867789473684211,0.9933894736842106,0,1.0,0,62,12,,
0.2.3,v0.2.2-seven-family-robustness-v2,synthetic__ultrasparse_16d__quality__n50000__OPTICS__23__11e33d08369e,ok,ultrasparse_16d__quality__n50000,OPTICS,23,0.2.2,50000,16,26.747588500002166,29.652951399999438,216.9140625,219.8671875,0.8874773408423181,0.6355464403623261,0.694332744632248,0.8131318037548806,0.9809747913347192,0.7827076120067935,0.9455509111275032,0.667713606618101,0.6553240298222137,0.9785894736842106,0.8320947368421052,0,0.75,0,94,12,,
0.2.3,v0.2.2-seven-family-robustness-v2,synthetic__ultrasparse_16d__quality__n50000__SNN-DBSCAN__23__f2a7f502553c,ok,ultrasparse_16d__quality__n50000,SNN-DBSCAN,23,0.2.2,50000,16,3.1617404999997234,6.5300559000024805,312.5546875,317.04296875,0.0029426785818415396,1.6491275245742734e-05,0.004651162790697675,0.009258134026010681,0.9744189386013499,0.00011574833225944602,1.0,5.787751574268428e-05,0.004788507581803671,1.0,0.5012,0,0.0,0,1,12,,
0.2.3,v0.2.2-seven-family-robustness-stratascan-fast-v1,synthetic__ultrasparse_16d__quality__n50000__StrataSCAN__23__ecf89282df1e,ok,ultrasparse_16d__quality__n50000,StrataSCAN,23,0.2.2,50000,16,4.915160999982618,8.440181399986614,314.5078125,306.37109375,0.9911712662184545,0.9920106183416836,0.996355257593662,0.9980799193858794,0.9998105622092657,0.9928202377968331,1.0,0.9857428386220521,0.9963869931754317,1.0,0.9964,0,1.0,0,12,12,,
0.2.3,v0.2.2-seven-family-robustness-v2,synthetic__ultrasparse_16d__quality__n50000__VDBSCAN-2007__23__6d575263bda8,ok,ultrasparse_16d__quality__n50000,VDBSCAN-2007,23,0.2.2,50000,16,15.93953689999762,18.842772899995907,240.55078125,242.9453125,0.950909880423915,0.8419583709563333,0.8872059442976606,0.009774283114936689,0.004914211311086376,0.0004616738311916075,0.00023089021358054795,1.0,0.09545081419544509,0.002463157894736842,0.5012315789473685,0,1.0,2,11,12,,
0.2.3,v0.2.2-seven-family-robustness-v2,synthetic__ultrasparse_16d__quality__n50000__kNN+Leiden__23__06ce8a497b5c,ok,ultrasparse_16d__quality__n50000,kNN+Leiden,23,0.2.2,50000,16,43.53540219999559,47.14660449999792,441.29296875,477.30859375,1.0,1.0,0.6972001842470674,0.0,0.0,0.0008526181292996078,0.0004264908815786113,1.0,0.09523809523809523,0.0,0.5,0,1.0,0,12,12,,
0.2.3,v0.2.2-seven-family-robustness-v2,synthetic__ultrasparse_16d__quality__n50000__kNN-DBSCAN__23__0c15bb553780,ok,ultrasparse_16d__quality__n50000,kNN-DBSCAN,23,0.2.2,50000,16,2.8532217999891145,5.855477799996152,217.80859375,213.234375,1.0,1.0,0.9998001598721024,0.9998948077618923,0.9999894735734061,0.9995988768551946,0.9991980753809142,1.0,0.9998000399920016,0.9999789473684211,0.9999894736842105,0,1.0,0,12,12,,
0.2.3,v0.2.2-seven-family-robustness-v2,synthetic__ultrasparse_16d__quality__n50000__AMD-DBSCAN__42__463c50bdaf03,memory_limit,ultrasparse_16d__quality__n50000,AMD-DBSCAN,42,,,,,14.825497700003325,,8208.81640625,,,,,,,,,,,,,,,,,,peak_rss_mb=8208.816; limit_mb=8192
0.2.3,v0.2.2-seven-family-robustness-v2,synthetic__ultrasparse_16d__quality__n50000__DBSCAN__42__eb0483e85403,ok,ultrasparse_16d__quality__n50000,DBSCAN,42,0.2.2,50000,16,11.5071639999951,14.979080200006138,220.875,219.015625,0.9759617601935374,0.9150256653854952,0.9444443024494142,0.9714284963160928,1.0,0.9226212513883746,0.8563573883161512,1.0,1.0,1.0,1.0,0,1.0,1,11,12,,
0.2.3,v0.2.2-seven-family-robustness-v2,synthetic__ultrasparse_16d__quality__n50000__HDBSCAN__42__12d97191f315,ok,ultrasparse_16d__quality__n50000,HDBSCAN,42,0.2.2,50000,16,119.34554769999522,122.5820442999975,203.83984375,208.3359375,0.9999999999999998,1.0,0.9940328078101971,0.9941207760757087,0.9942087599123374,0.9827988957315779,0.9661795407098122,1.0,0.9013881377321075,0.9884842105263157,0.9942421052631578,0,1.0,0,65,12,,
0.2.3,v0.2.2-seven-family-robustness-v2,synthetic__ultrasparse_16d__quality__n50000__OPTICS__42__711b39aab0e9,ok,ultrasparse_16d__quality__n50000,OPTICS,42,0.2.2,50000,16,27.025834300002316,29.858125599988853,208.73828125,217.375,0.9909806875899523,0.9892909672304715,0.992859548128826,0.9907000997407224,0.9885500244748547,0.9713983192570634,0.9624128489356304,0.9805531547104581,0.8214404248257551,0.9778736842105263,0.9839368421052632,0,1.0,0,94,12,,
0.2.3,v0.2.2-seven-family-robustness-v2,synthetic__ultrasparse_16d__quality__n50000__SNN-DBSCAN__42__037c6dca9d56,ok,ultrasparse_16d__quality__n50000,SNN-DBSCAN,42,0.2.2,50000,16,3.0677523000049405,6.491984299995238,312.67578125,297.109375,0.0,0.0,0.0,0.0,0.9743589743589743,0.0,0.0,0.0,0.0,1.0,0.5,0,0.0,0,0,12,,
0.2.3,v0.2.2-seven-family-robustness-stratascan-fast-v1,synthetic__ultrasparse_16d__quality__n50000__StrataSCAN__42__6b8ad23911cb,ok,ultrasparse_16d__quality__n50000,StrataSCAN,42,0.2.2,50000,16,4.823811399983242,7.896444599988172,316.17578125,307.6171875,0.9861496704014027,0.9857291238586062,0.9934456833116668,0.9965447793005128,0.9996632713191346,0.9873124909640084,1.0,0.9749428941844672,0.9935587761674718,1.0,0.9936,0,1.0,0,12,12,,
0.2.3,v0.2.2-seven-family-robustness-v2,synthetic__ultrasparse_16d__quality__n50000__VDBSCAN-2007__42__d384a0f4d94b,ok,ultrasparse_16d__quality__n50000,VDBSCAN-2007,42,0.2.2,50000,16,15.591637899997295,18.35143949999474,239.8046875,240.48828125,0.5019211768816837,0.12148021973696402,0.3984000938112664,0.010932887910355057,0.005542492442055761,0.0004615050144570851,0.00023080576623778473,1.0,0.09547815459822792,0.0027789473684210527,0.5013894736842105,0,1.0,1,5,12,,
0.2.3,v0.2.2-seven-family-robustness-v2,synthetic__ultrasparse_16d__quality__n50000__kNN+Leiden__42__4463fbca981d,ok,ultrasparse_16d__quality__n50000,kNN+Leiden,42,0.2.2,50000,16,41.91788770000858,45.2607382999995,442.71484375,479.13671875,0.9759617601935374,0.9150256653854952,0.6967119217129327,0.0,0.0,0.0009324488148993023,0.00046644187403598324,1.0,0.09523809523809523,0.0,0.5,0,1.0,1,12,12,,
0.2.3,v0.2.2-seven-family-robustness-v2,synthetic__ultrasparse_16d__quality__n50000__kNN-DBSCAN__42__5761ca18b503,ok,ultrasparse_16d__quality__n50000,kNN-DBSCAN,42,0.2.2,50000,16,2.9048206000006758,5.625560200001928,214.9140625,205.6328125,1.0,1.0,1.0,1.0,1.0,1.0,1.0,1.0,1.0,1.0,1.0,0,1.0,0,12,12,,
0.2.3,v0.2.2-seven-family-robustness-v2,synthetic__ultrasparse_16d__quality__n50000__AMD-DBSCAN__73__32f8db459ce4,memory_limit,ultrasparse_16d__quality__n50000,AMD-DBSCAN,73,,,,,13.629590199998347,,8206.953125,,,,,,,,,,,,,,,,,,peak_rss_mb=8206.953; limit_mb=8192
0.2.3,v0.2.2-seven-family-robustness-v2,synthetic__ultrasparse_16d__quality__n50000__DBSCAN__73__3fa74bab2a09,ok,ultrasparse_16d__quality__n50000,DBSCAN,73,0.2.2,50000,16,11.412934000007226,14.830064299996593,217.14453125,210.16796875,1.0,1.0,0.9964209744020991,0.9981128547784952,0.9998104904087091,0.9927925546687506,0.9856882604181325,1.0,0.9964129135113592,0.999621052631579,0.9998105263157895,0,1.0,0,12,12,,
0.2.3,v0.2.2-seven-family-robustness-v2,synthetic__ultrasparse_16d__quality__n50000__HDBSCAN__73__23ff77680d39,ok,ultrasparse_16d__quality__n50000,HDBSCAN,73,0.2.2,50000,16,108.4352060000092,111.72937270000693,203.328125,203.24609375,1.0,1.0,0.9958214631139475,0.9955469022158702,0.9952724926760653,0.9874176336007284,0.9751479646164207,1.0,0.9179364787956674,0.9905894736842106,0.9952947368421052,0,1.0,0,52,12,,
0.2.3,v0.2.2-seven-family-robustness-v2,synthetic__ultrasparse_16d__quality__n50000__OPTICS__73__91143da239d6,ok,ultrasparse_16d__quality__n50000,OPTICS,73,0.2.2,50000,16,26.100003299987293,28.931637199988472,208.37890625,220.66015625,0.8260299165269817,0.4859367420103827,0.6165108308947768,0.755962072797914,0.9769404417814722,0.7139083709598211,0.9340448891495016,0.577744937646623,0.5797770088427527,0.9748631578947369,0.7890315789473684,0,0.75,0,112,12,,
0.2.3,v0.2.2-seven-family-robustness-v2,synthetic__ultrasparse_16d__quality__n50000__SNN-DBSCAN__73__7710d124029b,ok,ultrasparse_16d__quality__n50000,SNN-DBSCAN,73,0.2.2,50000,16,3.5822034000011627,6.927891100000124,316.12890625,318.0390625,0.0,0.0,0.0,0.0,0.9743589743589743,0.0,0.0,0.0,0.0,1.0,0.5,0,0.0,0,0,12,,
0.2.3,v0.2.2-seven-family-robustness-stratascan-fast-v1,synthetic__ultrasparse_16d__quality__n50000__StrataSCAN__73__e601da15f619,ok,ultrasparse_16d__quality__n50000,StrataSCAN,73,0.2.2,50000,16,5.4096713999751955,8.495286499994108,315.26171875,307.95703125,0.9843296454080306,0.9838176022603126,0.9926183482175661,0.9961074644712548,0.9996211961782904,0.9857192615813306,1.0,0.9718406593406593,0.9927477840451249,1.0,0.9928,0,1.0,0,12,12,,
0.2.3,v0.2.2-seven-family-robustness-v2,synthetic__ultrasparse_16d__quality__n50000__VDBSCAN-2007__73__616d11e7c6a7,ok,ultrasparse_16d__quality__n50000,VDBSCAN-2007,73,0.2.2,50000,16,15.41881000000285,18.103283900010865,240.48828125,243.57421875,1.0,1.0,0.998603985341263,0.009780293006007206,0.004914211311086376,0.000461671051457699,0.00023088882307170818,1.0,0.09545081419544509,0.002463157894736842,0.5012315789473685,0,1.0,0,13,12,,
0.2.3,v0.2.2-seven-family-robustness-v2,synthetic__ultrasparse_16d__quality__n50000__kNN+Leiden__73__370d56220f3c,ok,ultrasparse_16d__quality__n50000,kNN+Leiden,73,0.2.2,50000,16,35.4025025999872,38.826391700000386,440.10546875,477.1796875,0.9999999999999998,1.0,0.6920705959886889,0.0,0.0,0.0009359145977929514,0.0004681763854532195,1.0,0.09523809523809523,0.0,0.5,0,1.0,0,12,12,,
0.2.3,v0.2.2-seven-family-robustness-v2,synthetic__ultrasparse_16d__quality__n50000__kNN-DBSCAN__73__27341f8c5311,ok,ultrasparse_16d__quality__n50000,kNN-DBSCAN,73,0.2.2,50000,16,2.7157244000118226,5.46342359999835,209.61328125,210.29296875,0.9967471926320294,0.9958199610243372,0.9947634889884607,0.9972387193651178,0.9997262985030634,0.9896909993976635,0.9872079854112679,0.9921865353747377,0.9948062325209749,0.9996631578947368,0.9978315789473684,0,1.0,0,12,12,,
0.2.3,v0.2.2-seven-family-robustness-v2,synthetic__ultrasparse_16d__quality__n50000__AMD-DBSCAN__101__135f6ee0050f,memory_limit,ultrasparse_16d__quality__n50000,AMD-DBSCAN,101,,,,,13.098306100000627,,8202.23828125,,,,,,,,,,,,,,,,,,peak_rss_mb=8202.238; limit_mb=8192
0.2.3,v0.2.2-seven-family-robustness-v2,synthetic__ultrasparse_16d__quality__n50000__DBSCAN__101__46fec1db3ba2,ok,ultrasparse_16d__quality__n50000,DBSCAN,101,0.2.2,50000,16,10.556813499992131,13.732005000012578,216.34765625,219.765625,1.0,1.0,0.9998001598721024,0.9998948077618923,0.9999894735734061,0.9995988768551946,0.9991980753809142,1.0,0.9998000399920016,0.9999789473684211,0.9999894736842105,0,1.0,0,12,12,,
0.2.3,v0.2.2-seven-family-robustness-v2,synthetic__ultrasparse_16d__quality__n50000__HDBSCAN__101__bd5e35fac7de,ok,ultrasparse_16d__quality__n50000,HDBSCAN,101,0.2.2,50000,16,93.01253609999549,96.25435319999815,203.4609375,206.328125,1.0,1.0,0.9943860165345768,0.9944889791478583,0.9945919630856502,0.982668471481275,0.965927471954083,1.0,0.9072763563781527,0.9892421052631579,0.994621052631579,0,1.0,0,54,12,,
0.2.3,v0.2.2-seven-family-robustness-v2,synthetic__ultrasparse_16d__quality__n50000__OPTICS__101__4084f8eca89a,ok,ultrasparse_16d__quality__n50000,OPTICS,101,0.2.2,50000,16,26.409637100005057,29.546107699992717,220.5546875,218.61328125,0.9680882346186992,0.9140756482037464,0.8463131101095006,0.9098588833667591,0.9837220654088584,0.8863090981001309,0.9450992732056308,0.8344047104580813,0.7337729954876778,0.9758315789473684,0.9107157894736841,0,0.9166666666666666,0,105,12,,
0.2.3,v0.2.2-seven-family-robustness-v2,synthetic__ultrasparse_16d__quality__n50000__SNN-DBSCAN__101__bee147efa476,ok,ultrasparse_16d__quality__n50000,SNN-DBSCAN,101,0.2.2,50000,16,3.29574909999792,6.828409300011117,319.7734375,316.7109375,0.0,0.0,0.0,0.0,0.9743589743589743,0.0,0.0,0.0,0.0,1.0,0.5,0,0.0,0,0,12,,
0.2.3,v0.2.2-seven-family-robustness-stratascan-fast-v1,synthetic__ultrasparse_16d__quality__n50000__StrataSCAN__101__f02826f27558,ok,ultrasparse_16d__quality__n50000,StrataSCAN,101,0.2.2,50000,16,5.229946200008271,8.34459729999071,319.1328125,308.25,0.9914542630342819,0.9917140648791901,0.9961223970213192,0.9979578303344627,0.9998000399920016,0.9924776370061383,1.0,0.9850676009383874,0.996185504918691,1.0,0.9962,0,1.0,0,12,12,,
0.2.3,v0.2.2-seven-family-robustness-v2,synthetic__ultrasparse_16d__quality__n50000__VDBSCAN-2007__101__175567cdb77d,ok,ultrasparse_16d__quality__n50000,VDBSCAN-2007,101,0.2.2,50000,16,15.356944700004533,18.012793899993994,240.21875,241.5234375,0.8968209380273993,0.7202135005194729,0.7743342255894445,0.009600929164091181,0.0048304105848997175,0.00046188966207741307,0.00023099817887409688,1.0,0.09544716999140974,0.0024210526315789475,0.5012105263157894,0,1.0,4,10,12,,
0.2.3,v0.2.2-seven-family-robustness-v2,synthetic__ultrasparse_16d__quality__n50000__kNN+Leiden__101__dc1937df946c,ok,ultrasparse_16d__quality__n50000,kNN+Leiden,101,0.2.2,50000,16,24.748847000009846,28.121511699995608,439.515625,476.7109375,1.0,1.0,0.7563350179298309,0.0,0.0,0.0009468398980931264,0.00047364418165090656,1.0,0.09523809523809523,0.0,0.5,0,1.0,0,13,12,,
0.2.3,v0.2.2-seven-family-robustness-v2,synthetic__ultrasparse_16d__quality__n50000__kNN-DBSCAN__101__aa1195cb4f55,ok,ultrasparse_16d__quality__n50000,kNN-DBSCAN,101,0.2.2,50000,16,2.7321265999926254,5.499688199997763,219.3828125,207.2734375,1.0,1.0,0.9998001598721024,0.9998948077618923,0.9999894735734061,0.9995988768551946,0.9991980753809142,1.0,0.9998000399920016,0.9999789473684211,0.9999894736842105,0,1.0,0,12,12,,
0.2.3,v0.2.2-seven-family-robustness-v2,synthetic__ultrasparse_16d__quality__n50000__AMD-DBSCAN__151__bbafe9daae34,memory_limit,ultrasparse_16d__quality__n50000,AMD-DBSCAN,151,,,,,12.781241699995007,,8201.67578125,,,,,,,,,,,,,,,,,,peak_rss_mb=8201.676; limit_mb=8192
0.2.3,v0.2.2-seven-family-robustness-v2,synthetic__ultrasparse_16d__quality__n50000__DBSCAN__151__e9013739cb63,ok,ultrasparse_16d__quality__n50000,DBSCAN,151,0.2.2,50000,16,11.006149000008008,14.349582800001372,215.2265625,215.58203125,0.9999999999999998,1.0,0.9998001598721024,0.9998948077618923,0.9999894735734061,0.9995988768551946,0.9991980753809142,1.0,0.9998000399920016,0.9999789473684211,0.9999894736842105,0,1.0,0,12,12,,
0.2.3,v0.2.2-seven-family-robustness-v2,synthetic__ultrasparse_16d__quality__n50000__HDBSCAN__151__35db6cb45088,ok,ultrasparse_16d__quality__n50000,HDBSCAN,151,0.2.2,50000,16,113.7437959999952,116.89748300000792,203.34765625,206.76953125,1.0,1.0,0.9960799573282291,0.9942180917339825,0.9923631735256683,0.983886489821098,0.9682840351644082,1.0,0.8741258741258742,0.9848421052631579,0.9924210526315789,0,1.0,0,72,12,,
0.2.3,v0.2.2-seven-family-robustness-v2,synthetic__ultrasparse_16d__quality__n50000__OPTICS__151__9d75de46fae2,ok,ultrasparse_16d__quality__n50000,OPTICS,151,0.2.2,50000,16,27.000861000007717,30.23844729999837,219.08984375,210.67578125,0.926238643300305,0.7721186514994752,0.774571157075513,0.8647617930330407,0.9787238560356726,0.8315783570661341,0.9428168986530768,0.7438186813186813,0.6550774526678141,0.970378947368421,0.8657894736842104,0,0.8333333333333334,0,125,12,,
0.2.3,v0.2.2-seven-family-robustness-v2,synthetic__ultrasparse_16d__quality__n50000__SNN-DBSCAN__151__bd6c26db9b7b,ok,ultrasparse_16d__quality__n50000,SNN-DBSCAN,151,0.2.2,50000,16,3.2083024000021396,6.763781399989966,318.72265625,313.12890625,0.0,0.0,0.0,0.0,0.9743589743589743,0.0,0.0,0.0,0.0,1.0,0.5,0,0.0,0,0,12,,
0.2.3,v0.2.2-seven-family-robustness-stratascan-fast-v1,synthetic__ultrasparse_16d__quality__n50000__StrataSCAN__151__99107a313901,ok,ultrasparse_16d__quality__n50000,StrataSCAN,151,0.2.2,50000,16,4.992278499994427,8.337882099993294,317.85546875,315.79296875,0.9897564337447384,0.9906232930387652,0.9957440465730573,0.9977574420612986,0.9997789962218878,0.9916210953078523,1.0,0.9833814359797506,0.995782285599518,1.0,0.9958,0,1.0,0,12,12,,
0.2.3,v0.2.2-seven-family-robustness-v2,synthetic__ultrasparse_16d__quality__n50000__VDBSCAN-2007__151__7de06f7ef556,ok,ultrasparse_16d__quality__n50000,VDBSCAN-2007,151,0.2.2,50000,16,15.300924800001667,17.908493199996883,239.5390625,243.8125,0.8968536509926655,0.6247926516555736,0.7982242804186459,0.010595428388667429,0.0053331093707350875,0.00046181654311630484,0.00023096160250258262,1.0,0.09546903939052565,0.002673684210526316,0.5013368421052632,0,1.0,1,10,12,,
0.2.3,v0.2.2-seven-family-robustness-v2,synthetic__ultrasparse_16d__quality__n50000__kNN+Leiden__151__77385eb94320,ok,ultrasparse_16d__quality__n50000,kNN+Leiden,151,0.2.2,50000,16,36.60262309999962,39.95942450000439,442.875,479.87890625,1.0,1.0,0.6852282799641399,0.0,0.0,0.0009358941386179116,0.0004681661462850596,1.0,0.09523809523809523,0.0,0.5,0,1.0,0,12,12,,
0.2.3,v0.2.2-seven-family-robustness-v2,synthetic__ultrasparse_16d__quality__n50000__kNN-DBSCAN__151__781b128889b0,ok,ultrasparse_16d__quality__n50000,kNN-DBSCAN,151,0.2.2,50000,16,2.63253459999396,5.4124282999982825,219.234375,206.86328125,0.9999999999999998,1.0,0.9998001598721024,0.9998948077618923,0.9999894735734061,0.9995988768551946,0.9991980753809142,1.0,0.9998000399920016,0.9999789473684211,0.9999894736842105,0,1.0,0,12,12,,
