job_id,status,suite,dataset_id,method,seed,package_version,n,dimension,load_seconds,runtime_seconds,process_runtime_seconds,peak_rss_mb,incremental_rss_mb,process_peak_rss_mb,error_type,error,evaluation_artifact_path,evaluation_artifact_sha256,evaluation_artifact_bytes,ami_signal,ari_signal,background_majority_predicted_clusters,background_only_predicted_clusters,background_rejection,background_semantics,binary_balanced_accuracy,binary_macro_f1,candidate_clusters_per_target,candidate_clusters_with_target_overlap,discovered_target_count,discovery_coverage_threshold,discovery_purity_threshold,evaluation_mode,evaluation_protocol_version,extra_signal_fragments,fragment_min_target_fraction,macro_target_coverage,macro_target_f1,macro_target_noise_loss,macro_target_purity,matched_predicted_cluster_count,matching_objective,matching_strategy,mean_target_fragments,merged_predicted_clusters,n_clusters,noise_aware_macro_f1,noise_evidence_f1,noise_f1,noise_fraction,noise_precision,noise_recall,pairwise_f1,pairwise_precision,pairwise_recall,predicted_abstention_fraction,predicted_cluster_count,primary_target_aggregation,recovered_truth_clusters_f1_080,recovered_truth_clusters_f1_090,signal_coverage,signal_f1,signal_precision,signal_recall,spurious_background_majority_clusters,target_count,target_discovery_rate,target_success_rate_f1_080,truth_clusters,unmatched_predicted_cluster_count,unmatched_target_score,weighted_target_coverage,weighted_target_discovery_rate,weighted_target_f1,weighted_target_purity,dataset_metadata_json,parameters_json,profile_json,target_matches_json
synthetic__global_contamination_noise25__quality__signal300__n400__AMD-DBSCAN__211__dac7562b165a,ok,synthetic,global_contamination_noise25__quality__signal300__n400,AMD-DBSCAN,211,0.2.4,400,2,0.0021951999951852486,0.01653180000721477,5.125044100001105,181.9453125,0.5625,183.12890625,,,evaluation_state/synthetic__global_contamination_noise25__quality__signal300__n400__AMD-DBSCAN__211__dac7562b165a.npz,e03aab7352df27502cc6a688df86f4d7cdc1fe646092cee2fd24e3131562ae88,2354,0.5902147922389198,0.4203826986539803,6,6,0.0,known_synthetic_noise,0.485,0.4211287988422576,7.666666666666667,17,3,0.1,0.9,full_partition,target-discovery-v1,13,0.05,0.5333333333333333,0.681911135898866,0.03,1.0,3,pairwise_f1,hungarian,5.333333333333333,0,23,0.0,0.0,0.0,0.0225,0.0,0.0,0.4865268065268066,0.7906060606060606,0.3513804713804714,0.0225,23,macro,0,0,0.97,0.8422575976845152,0.7442455242966752,0.97,6,3,1.0,0.0,3,20,0.0,0.5333333333333333,1.0,0.681911135898866,1.0,"{""background_inner_edge"": 6.0, ""background_intensity"": 3.0, ""background_size"": 100, ""background_strip_height"": 10.0, ""background_support_area"": 33.333333333333336, ""controlled_factor"": ""global_background_support_at_fixed_local_intensity"", ""declared_noise_fraction"": 0.25, ""dimension"": 2, ""family"": ""global_contamination_invariance"", ""n"": 400, ""n_targets"": 3, ""paired_background"": ""seeded_prefix"", ""realized_noise_fraction"": 0.25, ""signal_size"": 300}","{""adaptive_rank"": 10, ""balance_rounds"": 3, ""eps_values"": [0.23146100108285636, 0.4613924604553979, 1.2406703658889626], ""geometry_profile"": ""low_dim"", ""knn_backend"": ""kd_tree"", ""n_density_levels"": 3}",{},"[{""coverage"": 0.63, ""f1"": 0.7730061349693252, ""fragments"": 4, ""matched_predicted_cluster"": 3, ""overlap"": 63, ""passes_discovery_thresholds"": true, ""precision"": 1.0, ""purity"": 1.0, ""recall"": 0.63, ""target"": ""cluster_0"", ""target_label"": 0, ""target_noise_loss"": 0.0, ""target_size"": 100}, {""coverage"": 0.65, ""f1"": 0.787878787878788, ""fragments"": 3, ""matched_predicted_cluster"": 0, ""overlap"": 65, ""passes_discovery_thresholds"": true, ""precision"": 1.0, ""purity"": 1.0, ""recall"": 0.65, ""target"": ""cluster_1"", ""target_label"": 1, ""target_noise_loss"": 0.05, ""target_size"": 100}, {""coverage"": 0.32, ""f1"": 0.48484848484848486, ""fragments"": 9, ""matched_predicted_cluster"": 5, ""overlap"": 32, ""passes_discovery_thresholds"": true, ""precision"": 1.0, ""purity"": 1.0, ""recall"": 0.32, ""target"": ""cluster_2"", ""target_label"": 2, ""target_noise_loss"": 0.04, ""target_size"": 100}]"
synthetic__global_contamination_noise25__quality__signal300__n400__AMD-DBSCAN__223__aa618f1e831f,ok,synthetic,global_contamination_noise25__quality__signal300__n400,AMD-DBSCAN,223,0.2.4,400,2,0.0016433000128017738,0.015074599999934435,5.179084500006866,183.21875,1.6796875,183.15625,,,evaluation_state/synthetic__global_contamination_noise25__quality__signal300__n400__AMD-DBSCAN__223__aa618f1e831f.npz,93bfddd82a2b01ae374e6980ccc8abafd453b179d80da71aaea0ac3dd0723688,2280,0.6807690361343403,0.588812236971693,5,5,0.0,known_synthetic_noise,0.495,0.42611190817790534,6.0,13,3,0.1,0.9,full_partition,target-discovery-v1,9,0.05,0.6866666666666666,0.8081062384467956,0.01,1.0,3,pairwise_f1,hungarian,4.0,0,18,0.0,0.0,0.0,0.0075,0.0,0.0,0.6359645489936221,0.8259466437177281,0.5170370370370371,0.0075,18,macro,2,1,0.99,0.8522238163558107,0.7481108312342569,0.99,5,3,1.0,0.6666666666666666,3,15,0.0,0.6866666666666666,1.0,0.8081062384467956,1.0,"{""background_inner_edge"": 6.0, ""background_intensity"": 3.0, ""background_size"": 100, ""background_strip_height"": 10.0, ""background_support_area"": 33.333333333333336, ""controlled_factor"": ""global_background_support_at_fixed_local_intensity"", ""declared_noise_fraction"": 0.25, ""dimension"": 2, ""family"": ""global_contamination_invariance"", ""n"": 400, ""n_targets"": 3, ""paired_background"": ""seeded_prefix"", ""realized_noise_fraction"": 0.25, ""signal_size"": 300}","{""adaptive_rank"": 10, ""balance_rounds"": 3, ""eps_values"": [0.2456374563901466, 0.4663604158422368, 1.1641749927972989], ""geometry_profile"": ""low_dim"", ""knn_backend"": ""kd_tree"", ""n_density_levels"": 3}",{},"[{""coverage"": 0.71, ""f1"": 0.8304093567251462, ""fragments"": 5, ""matched_predicted_cluster"": 1, ""overlap"": 71, ""passes_discovery_thresholds"": true, ""precision"": 1.0, ""purity"": 1.0, ""recall"": 0.71, ""target"": ""cluster_0"", ""target_label"": 0, ""target_noise_loss"": 0.01, ""target_size"": 100}, {""coverage"": 0.53, ""f1"": 0.6928104575163399, ""fragments"": 5, ""matched_predicted_cluster"": 2, ""overlap"": 53, ""passes_discovery_thresholds"": true, ""precision"": 1.0, ""purity"": 1.0, ""recall"": 0.53, ""target"": ""cluster_1"", ""target_label"": 1, ""target_noise_loss"": 0.02, ""target_size"": 100}, {""coverage"": 0.82, ""f1"": 0.9010989010989011, ""fragments"": 2, ""matched_predicted_cluster"": 0, ""overlap"": 82, ""passes_discovery_thresholds"": true, ""precision"": 1.0, ""purity"": 1.0, ""recall"": 0.82, ""target"": ""cluster_2"", ""target_label"": 2, ""target_noise_loss"": 0.0, ""target_size"": 100}]"
synthetic__global_contamination_noise25__quality__signal300__n400__AMD-DBSCAN__227__28cc41672e11,ok,synthetic,global_contamination_noise25__quality__signal300__n400,AMD-DBSCAN,227,0.2.4,400,2,0.001567799990880303,0.015088899992406368,5.076889799995115,183.77734375,1.6484375,183.796875,,,evaluation_state/synthetic__global_contamination_noise25__quality__signal300__n400__AMD-DBSCAN__227__28cc41672e11.npz,f8c271d6ac991bc623fab26e200ec62794272fc9ea6766e93dca20db0ad85ee7,2237,0.7375124886837284,0.6591663775586063,4,4,0.03,known_synthetic_noise,0.5116666666666666,0.45734840698869483,4.666666666666667,10,3,0.1,0.9,full_partition,target-discovery-v1,6,0.05,0.75,0.8571179778076329,0.006666666666666667,1.0,3,pairwise_f1,hungarian,3.0,0,14,0.10714266276776141,0.05714285714285714,0.05714285714285714,0.0125,0.6,0.03,0.6912112143644669,0.8322586762753651,0.591043771043771,0.0125,14,macro,3,0,0.9933333333333333,0.8575539568345325,0.7544303797468355,0.9933333333333333,4,3,1.0,1.0,3,11,0.0,0.75,1.0,0.857117977807633,1.0,"{""background_inner_edge"": 6.0, ""background_intensity"": 3.0, ""background_size"": 100, ""background_strip_height"": 10.0, ""background_support_area"": 33.333333333333336, ""controlled_factor"": ""global_background_support_at_fixed_local_intensity"", ""declared_noise_fraction"": 0.25, ""dimension"": 2, ""family"": ""global_contamination_invariance"", ""n"": 400, ""n_targets"": 3, ""paired_background"": ""seeded_prefix"", ""realized_noise_fraction"": 0.25, ""signal_size"": 300}","{""adaptive_rank"": 10, ""balance_rounds"": 3, ""eps_values"": [0.2363166914578147, 0.4300961002814067, 1.2121832715483127], ""geometry_profile"": ""low_dim"", ""knn_backend"": ""kd_tree"", ""n_density_levels"": 3}",{},"[{""coverage"": 0.74, ""f1"": 0.8505747126436781, ""fragments"": 3, ""matched_predicted_cluster"": 0, ""overlap"": 74, ""passes_discovery_thresholds"": true, ""precision"": 1.0, ""purity"": 1.0, ""recall"": 0.74, ""target"": ""cluster_0"", ""target_label"": 0, ""target_noise_loss"": 0.0, ""target_size"": 100}, {""coverage"": 0.75, ""f1"": 0.8571428571428571, ""fragments"": 3, ""matched_predicted_cluster"": 1, ""overlap"": 75, ""passes_discovery_thresholds"": true, ""precision"": 1.0, ""purity"": 1.0, ""recall"": 0.75, ""target"": ""cluster_1"", ""target_label"": 1, ""target_noise_loss"": 0.02, ""target_size"": 100}, {""coverage"": 0.76, ""f1"": 0.8636363636363636, ""fragments"": 3, ""matched_predicted_cluster"": 2, ""overlap"": 76, ""passes_discovery_thresholds"": true, ""precision"": 1.0, ""purity"": 1.0, ""recall"": 0.76, ""target"": ""cluster_2"", ""target_label"": 2, ""target_noise_loss"": 0.0, ""target_size"": 100}]"
synthetic__global_contamination_noise25__quality__signal300__n400__AMD-DBSCAN__229__e704e20f3a53,ok,synthetic,global_contamination_noise25__quality__signal300__n400,AMD-DBSCAN,229,0.2.4,400,2,0.0017517000087536871,0.013234099998953752,4.994822799999383,183.55859375,1.61328125,183.08203125,,,evaluation_state/synthetic__global_contamination_noise25__quality__signal300__n400__AMD-DBSCAN__229__e704e20f3a53.npz,b417e43734d4e2a6371a834c3f33e523d30120986b32c9baa7c27b8d8cd58f19,2344,0.6267273981629761,0.5162900936796172,6,6,0.01,known_synthetic_noise,0.49666666666666665,0.434506008373661,7.666666666666667,17,3,0.1,0.9,full_partition,target-discovery-v1,14,0.05,0.6433333333333334,0.779335071707953,0.016666666666666666,1.0,3,pairwise_f1,hungarian,5.666666666666667,0,23,0.036843848957169606,0.018867924528301886,0.018867924528301886,0.015,0.16666666666666666,0.01,0.5785937019631956,0.8317969440585933,0.44356902356902356,0.015,23,macro,1,0,0.9833333333333333,0.8501440922190201,0.748730964467005,0.9833333333333333,6,3,1.0,0.3333333333333333,3,20,0.0,0.6433333333333333,1.0,0.779335071707953,1.0,"{""background_inner_edge"": 6.0, ""background_intensity"": 3.0, ""background_size"": 100, ""background_strip_height"": 10.0, ""background_support_area"": 33.333333333333336, ""controlled_factor"": ""global_background_support_at_fixed_local_intensity"", ""declared_noise_fraction"": 0.25, ""dimension"": 2, ""family"": ""global_contamination_invariance"", ""n"": 400, ""n_targets"": 3, ""paired_background"": ""seeded_prefix"", ""realized_noise_fraction"": 0.25, ""signal_size"": 300}","{""adaptive_rank"": 10, ""balance_rounds"": 3, ""eps_values"": [0.2230347425692553, 0.45241292091437313, 1.1452100842097674], ""geometry_profile"": ""low_dim"", ""knn_backend"": ""kd_tree"", ""n_density_levels"": 3}",{},"[{""coverage"": 0.77, ""f1"": 0.8700564971751412, ""fragments"": 4, ""matched_predicted_cluster"": 0, ""overlap"": 77, ""passes_discovery_thresholds"": true, ""precision"": 1.0, ""purity"": 1.0, ""recall"": 0.77, ""target"": ""cluster_0"", ""target_label"": 0, ""target_noise_loss"": 0.0, ""target_size"": 100}, {""coverage"": 0.6, ""f1"": 0.7499999999999999, ""fragments"": 6, ""matched_predicted_cluster"": 2, ""overlap"": 60, ""passes_discovery_thresholds"": true, ""precision"": 1.0, ""purity"": 1.0, ""recall"": 0.6, ""target"": ""cluster_1"", ""target_label"": 1, ""target_noise_loss"": 0.04, ""target_size"": 100}, {""coverage"": 0.56, ""f1"": 0.717948717948718, ""fragments"": 7, ""matched_predicted_cluster"": 1, ""overlap"": 56, ""passes_discovery_thresholds"": true, ""precision"": 1.0, ""purity"": 1.0, ""recall"": 0.56, ""target"": ""cluster_2"", ""target_label"": 2, ""target_noise_loss"": 0.01, ""target_size"": 100}]"
synthetic__global_contamination_noise25__quality__signal300__n400__AMD-DBSCAN__233__90f7a9e365ee,ok,synthetic,global_contamination_noise25__quality__signal300__n400,AMD-DBSCAN,233,0.2.4,400,2,0.0016825000056996942,0.013151599996490404,4.922444600000745,181.8359375,0.484375,182.99609375,,,evaluation_state/synthetic__global_contamination_noise25__quality__signal300__n400__AMD-DBSCAN__233__90f7a9e365ee.npz,49db442cad1e2fd4b434adb346f58b27eeed62965be37aab7ded21bfe11743e3,2295,0.6341081629388391,0.5125276108751425,5,5,0.0,known_synthetic_noise,0.48833333333333334,0.42279942279942273,6.333333333333333,14,3,0.1,0.9,full_partition,target-discovery-v1,11,0.05,0.63,0.7675291390461668,0.023333333333333334,1.0,3,pairwise_f1,hungarian,4.666666666666667,0,19,0.0,0.0,0.0,0.0175,0.0,0.0,0.5676825562212381,0.7988758553274682,0.44026936026936025,0.0175,19,macro,2,0,0.9766666666666667,0.8455988455988455,0.7455470737913485,0.9766666666666667,5,3,1.0,0.6666666666666666,3,16,0.0,0.63,1.0,0.7675291390461669,1.0,"{""background_inner_edge"": 6.0, ""background_intensity"": 3.0, ""background_size"": 100, ""background_strip_height"": 10.0, ""background_support_area"": 33.333333333333336, ""controlled_factor"": ""global_background_support_at_fixed_local_intensity"", ""declared_noise_fraction"": 0.25, ""dimension"": 2, ""family"": ""global_contamination_invariance"", ""n"": 400, ""n_targets"": 3, ""paired_background"": ""seeded_prefix"", ""realized_noise_fraction"": 0.25, ""signal_size"": 300}","{""adaptive_rank"": 10, ""balance_rounds"": 3, ""eps_values"": [0.23050702927884023, 0.4484059763405952, 1.1380563658859382], ""geometry_profile"": ""low_dim"", ""knn_backend"": ""kd_tree"", ""n_density_levels"": 3}",{},"[{""coverage"": 0.48, ""f1"": 0.6486486486486487, ""fragments"": 6, ""matched_predicted_cluster"": 1, ""overlap"": 48, ""passes_discovery_thresholds"": true, ""precision"": 1.0, ""purity"": 1.0, ""recall"": 0.48, ""target"": ""cluster_0"", ""target_label"": 0, ""target_noise_loss"": 0.01, ""target_size"": 100}, {""coverage"": 0.71, ""f1"": 0.8304093567251462, ""fragments"": 4, ""matched_predicted_cluster"": 0, ""overlap"": 71, ""passes_discovery_thresholds"": true, ""precision"": 1.0, ""purity"": 1.0, ""recall"": 0.71, ""target"": ""cluster_1"", ""target_label"": 1, ""target_noise_loss"": 0.04, ""target_size"": 100}, {""coverage"": 0.7, ""f1"": 0.8235294117647058, ""fragments"": 4, ""matched_predicted_cluster"": 2, ""overlap"": 70, ""passes_discovery_thresholds"": true, ""precision"": 1.0, ""purity"": 1.0, ""recall"": 0.7, ""target"": ""cluster_2"", ""target_label"": 2, ""target_noise_loss"": 0.02, ""target_size"": 100}]"
synthetic__global_contamination_noise25__quality__signal300__n400__DBSCAN__211__cc928abc4df2,ok,synthetic,global_contamination_noise25__quality__signal300__n400,DBSCAN,211,0.2.4,400,2,0.001846499988459982,0.008455699993646704,5.052776500000618,182.20703125,0.46484375,182.796875,,,evaluation_state/synthetic__global_contamination_noise25__quality__signal300__n400__DBSCAN__211__cc928abc4df2.npz,ea7adc04f3af078b27340cc73c4f05d9909bc228a2415acf8abb868bb7c4bdde,2146,0.5624264742890718,0.4688724153249269,0,0,1.0,known_synthetic_noise,0.89,0.8141420968150714,3.6666666666666665,11,3,0.1,0.9,full_partition,target-discovery-v1,7,0.05,0.61,0.7422568433046264,0.21999999999999997,1.0,3,pairwise_f1,hungarian,3.3333333333333335,0,11,0.7470372836946256,0.7518796992481204,0.7518796992481204,0.415,0.6024096385542169,1.0,0.5832856325128792,1.0,0.4117171717171717,0.415,11,macro,2,0,0.78,0.8764044943820225,1.0,0.78,0,3,1.0,0.6666666666666666,3,8,0.0,0.61,1.0,0.7422568433046264,1.0,"{""background_inner_edge"": 6.0, ""background_intensity"": 3.0, ""background_size"": 100, ""background_strip_height"": 10.0, ""background_support_area"": 33.333333333333336, ""controlled_factor"": ""global_background_support_at_fixed_local_intensity"", ""declared_noise_fraction"": 0.25, ""dimension"": 2, ""family"": ""global_contamination_invariance"", ""n"": 400, ""n_targets"": 3, ""paired_background"": ""seeded_prefix"", ""realized_noise_fraction"": 0.25, ""signal_size"": 300}","{""base_eps"": 0.34814485907554626, ""eps"": 0.24370140135288237, ""eps_multiplier"": 0.7, ""geometry_profile"": ""low_dim"", ""knn_backend"": ""kd_tree"", ""min_samples"": 5}",{},"[{""coverage"": 0.77, ""f1"": 0.8700564971751412, ""fragments"": 2, ""matched_predicted_cluster"": 3, ""overlap"": 77, ""passes_discovery_thresholds"": true, ""precision"": 1.0, ""purity"": 1.0, ""recall"": 0.77, ""target"": ""cluster_0"", ""target_label"": 0, ""target_noise_loss"": 0.16, ""target_size"": 100}, {""coverage"": 0.69, ""f1"": 0.8165680473372781, ""fragments"": 1, ""matched_predicted_cluster"": 0, ""overlap"": 69, ""passes_discovery_thresholds"": true, ""precision"": 1.0, ""purity"": 1.0, ""recall"": 0.69, ""target"": ""cluster_1"", ""target_label"": 1, ""target_noise_loss"": 0.31, ""target_size"": 100}, {""coverage"": 0.37, ""f1"": 0.5401459854014599, ""fragments"": 7, ""matched_predicted_cluster"": 5, ""overlap"": 37, ""passes_discovery_thresholds"": true, ""precision"": 1.0, ""purity"": 1.0, ""recall"": 0.37, ""target"": ""cluster_2"", ""target_label"": 2, ""target_noise_loss"": 0.19, ""target_size"": 100}]"
synthetic__global_contamination_noise25__quality__signal300__n400__DBSCAN__223__1286f7078383,ok,synthetic,global_contamination_noise25__quality__signal300__n400,DBSCAN,223,0.2.4,400,2,0.0015878999984124675,0.00984529999550432,5.0588874999957625,182.09765625,0.5390625,182.70703125,,,evaluation_state/synthetic__global_contamination_noise25__quality__signal300__n400__DBSCAN__223__1286f7078383.npz,ff321e13d68792c7221432d39e441ace55bd5350bd1cbc986c19edeef24dc4de,2085,0.5487489055400513,0.3773069937308361,0,0,1.0,known_synthetic_noise,0.8533333333333333,0.7612847222222222,2.0,6,3,0.1,0.9,full_partition,target-discovery-v1,3,0.05,0.5433333333333333,0.7009437529778116,0.2933333333333333,1.0,3,pairwise_f1,hungarian,2.0,0,6,0.6976789627756623,0.6944444444444444,0.6944444444444444,0.47,0.5319148936170213,1.0,0.4987868985038415,1.0,0.33225589225589225,0.47,6,macro,0,0,0.7066666666666667,0.828125,1.0,0.7066666666666667,0,3,1.0,0.0,3,3,0.0,0.5433333333333333,1.0,0.7009437529778116,1.0,"{""background_inner_edge"": 6.0, ""background_intensity"": 3.0, ""background_size"": 100, ""background_strip_height"": 10.0, ""background_support_area"": 33.333333333333336, ""controlled_factor"": ""global_background_support_at_fixed_local_intensity"", ""declared_noise_fraction"": 0.25, ""dimension"": 2, ""family"": ""global_contamination_invariance"", ""n"": 400, ""n_targets"": 3, ""paired_background"": ""seeded_prefix"", ""realized_noise_fraction"": 0.25, ""signal_size"": 300}","{""base_eps"": 0.3195790946483612, ""eps"": 0.22370536625385282, ""eps_multiplier"": 0.7, ""geometry_profile"": ""low_dim"", ""knn_backend"": ""kd_tree"", ""min_samples"": 5}",{},"[{""coverage"": 0.65, ""f1"": 0.787878787878788, ""fragments"": 1, ""matched_predicted_cluster"": 1, ""overlap"": 65, ""passes_discovery_thresholds"": true, ""precision"": 1.0, ""purity"": 1.0, ""recall"": 0.65, ""target"": ""cluster_0"", ""target_label"": 0, ""target_noise_loss"": 0.35, ""target_size"": 100}, {""coverage"": 0.51, ""f1"": 0.6754966887417219, ""fragments"": 2, ""matched_predicted_cluster"": 2, ""overlap"": 51, ""passes_discovery_thresholds"": true, ""precision"": 1.0, ""purity"": 1.0, ""recall"": 0.51, ""target"": ""cluster_1"", ""target_label"": 1, ""target_noise_loss"": 0.34, ""target_size"": 100}, {""coverage"": 0.47, ""f1"": 0.6394557823129251, ""fragments"": 3, ""matched_predicted_cluster"": 0, ""overlap"": 47, ""passes_discovery_thresholds"": true, ""precision"": 1.0, ""purity"": 1.0, ""recall"": 0.47, ""target"": ""cluster_2"", ""target_label"": 2, ""target_noise_loss"": 0.19, ""target_size"": 100}]"
synthetic__global_contamination_noise25__quality__signal300__n400__DBSCAN__227__d21b3e360701,ok,synthetic,global_contamination_noise25__quality__signal300__n400,DBSCAN,227,0.2.4,400,2,0.0016268999897874892,0.009909100001095794,5.036755900000571,182.04296875,0.51171875,182.59765625,,,evaluation_state/synthetic__global_contamination_noise25__quality__signal300__n400__DBSCAN__227__d21b3e360701.npz,4749f2085f6793f1a0a5a5f99b0555584e6e6db5da5926f4812252bc4de53895,2037,0.714217655017668,0.689971792536552,1,1,0.95,known_synthetic_noise,0.8783333333333333,0.8179072338519123,1.3333333333333333,3,3,0.1,0.9,full_partition,target-discovery-v1,0,0.05,0.8066666666666666,0.8928914260904369,0.19333333333333336,1.0,3,pairwise_f1,hungarian,1.0,0,4,0.8158150831063199,0.7509881422924901,0.7509881422924901,0.3825,0.6209150326797386,0.95,0.7871367939928176,0.9989641599337062,0.6494276094276095,0.3825,4,macro,3,1,0.8066666666666666,0.8848263254113345,0.979757085020243,0.8066666666666666,1,3,1.0,1.0,3,1,0.0,0.8066666666666666,1.0,0.892891426090437,1.0,"{""background_inner_edge"": 6.0, ""background_intensity"": 3.0, ""background_size"": 100, ""background_strip_height"": 10.0, ""background_support_area"": 33.333333333333336, ""controlled_factor"": ""global_background_support_at_fixed_local_intensity"", ""declared_noise_fraction"": 0.25, ""dimension"": 2, ""family"": ""global_contamination_invariance"", ""n"": 400, ""n_targets"": 3, ""paired_background"": ""seeded_prefix"", ""realized_noise_fraction"": 0.25, ""signal_size"": 300}","{""base_eps"": 0.35301297903060913, ""eps"": 0.24710908532142636, ""eps_multiplier"": 0.7, ""geometry_profile"": ""low_dim"", ""knn_backend"": ""kd_tree"", ""min_samples"": 5}",{},"[{""coverage"": 0.79, ""f1"": 0.8826815642458101, ""fragments"": 1, ""matched_predicted_cluster"": 0, ""overlap"": 79, ""passes_discovery_thresholds"": true, ""precision"": 1.0, ""purity"": 1.0, ""recall"": 0.79, ""target"": ""cluster_0"", ""target_label"": 0, ""target_noise_loss"": 0.21, ""target_size"": 100}, {""coverage"": 0.83, ""f1"": 0.9071038251366119, ""fragments"": 1, ""matched_predicted_cluster"": 1, ""overlap"": 83, ""passes_discovery_thresholds"": true, ""precision"": 1.0, ""purity"": 1.0, ""recall"": 0.83, ""target"": ""cluster_1"", ""target_label"": 1, ""target_noise_loss"": 0.17, ""target_size"": 100}, {""coverage"": 0.8, ""f1"": 0.888888888888889, ""fragments"": 1, ""matched_predicted_cluster"": 2, ""overlap"": 80, ""passes_discovery_thresholds"": true, ""precision"": 1.0, ""purity"": 1.0, ""recall"": 0.8, ""target"": ""cluster_2"", ""target_label"": 2, ""target_noise_loss"": 0.2, ""target_size"": 100}]"
synthetic__global_contamination_noise25__quality__signal300__n400__DBSCAN__229__0d3c70faffb5,ok,synthetic,global_contamination_noise25__quality__signal300__n400,DBSCAN,229,0.2.4,400,2,0.0015922999882604927,0.00878230000671465,5.0432180000061635,182.42578125,0.5859375,182.99609375,,,evaluation_state/synthetic__global_contamination_noise25__quality__signal300__n400__DBSCAN__229__0d3c70faffb5.npz,14e8e8bc9cad89e163680087a9a2e0182be6474f7466bd37c08e747f58b99ab0,2082,0.9562505307324498,0.9748266856414812,4,4,0.76,known_synthetic_noise,0.8716666666666666,0.8964646239255973,2.3333333333333335,3,3,0.1,0.9,full_partition,target-discovery-v1,0,0.05,0.9833333333333334,0.9915737741159264,0.016666666666666666,1.0,3,pairwise_f1,hungarian,1.0,0,7,0.9093855069201224,0.8397790055248618,0.8397790055248618,0.2025,0.9382716049382716,0.76,0.9811062899313266,0.99576947083709,0.9668686868686869,0.2025,7,macro,3,3,0.9833333333333333,0.9531502423263327,0.9247648902821317,0.9833333333333333,4,3,1.0,1.0,3,4,0.0,0.9833333333333333,1.0,0.9915737741159266,1.0,"{""background_inner_edge"": 6.0, ""background_intensity"": 3.0, ""background_size"": 100, ""background_strip_height"": 10.0, ""background_support_area"": 33.333333333333336, ""controlled_factor"": ""global_background_support_at_fixed_local_intensity"", ""declared_noise_fraction"": 0.25, ""dimension"": 2, ""family"": ""global_contamination_invariance"", ""n"": 400, ""n_targets"": 3, ""paired_background"": ""seeded_prefix"", ""realized_noise_fraction"": 0.25, ""signal_size"": 300}","{""base_eps"": 0.6619822382926941, ""eps"": 0.46338756680488585, ""eps_multiplier"": 0.7, ""geometry_profile"": ""low_dim"", ""knn_backend"": ""kd_tree"", ""min_samples"": 5}",{},"[{""coverage"": 0.99, ""f1"": 0.9949748743718593, ""fragments"": 1, ""matched_predicted_cluster"": 1, ""overlap"": 99, ""passes_discovery_thresholds"": true, ""precision"": 1.0, ""purity"": 1.0, ""recall"": 0.99, ""target"": ""cluster_0"", ""target_label"": 0, ""target_noise_loss"": 0.01, ""target_size"": 100}, {""coverage"": 0.97, ""f1"": 0.9847715736040609, ""fragments"": 1, ""matched_predicted_cluster"": 0, ""overlap"": 97, ""passes_discovery_thresholds"": true, ""precision"": 1.0, ""purity"": 1.0, ""recall"": 0.97, ""target"": ""cluster_1"", ""target_label"": 1, ""target_noise_loss"": 0.03, ""target_size"": 100}, {""coverage"": 0.99, ""f1"": 0.9949748743718593, ""fragments"": 1, ""matched_predicted_cluster"": 2, ""overlap"": 99, ""passes_discovery_thresholds"": true, ""precision"": 1.0, ""purity"": 1.0, ""recall"": 0.99, ""target"": ""cluster_2"", ""target_label"": 2, ""target_noise_loss"": 0.01, ""target_size"": 100}]"
synthetic__global_contamination_noise25__quality__signal300__n400__DBSCAN__233__fdc30b3b87df,ok,synthetic,global_contamination_noise25__quality__signal300__n400,DBSCAN,233,0.2.4,400,2,0.0018602999916765839,0.012158600002294406,5.100566399996751,182.515625,0.4765625,183.13671875,,,evaluation_state/synthetic__global_contamination_noise25__quality__signal300__n400__DBSCAN__233__fdc30b3b87df.npz,27e62d61c3055f9277929b9aaf93f461a12a531ffddc58d7ace878496b8e6d8a,2086,0.6172158228305803,0.5242071809253549,1,1,0.95,known_synthetic_noise,0.8566666666666667,0.7859818084537186,2.0,5,3,0.1,0.9,full_partition,target-discovery-v1,2,0.05,0.68,0.806873332721119,0.23666666666666666,1.0,3,pairwise_f1,hungarian,1.6666666666666667,0,6,0.7577617816294133,0.7142857142857143,0.7142857142857143,0.415,0.572289156626506,0.95,0.6450877592888079,0.9985885673959068,0.4764309764309764,0.415,6,macro,2,0,0.7633333333333333,0.8576779026217228,0.9786324786324786,0.7633333333333333,1,3,1.0,0.6666666666666666,3,3,0.0,0.68,1.0,0.806873332721119,1.0,"{""background_inner_edge"": 6.0, ""background_intensity"": 3.0, ""background_size"": 100, ""background_strip_height"": 10.0, ""background_support_area"": 33.333333333333336, ""controlled_factor"": ""global_background_support_at_fixed_local_intensity"", ""declared_noise_fraction"": 0.25, ""dimension"": 2, ""family"": ""global_contamination_invariance"", ""n"": 400, ""n_targets"": 3, ""paired_background"": ""seeded_prefix"", ""realized_noise_fraction"": 0.25, ""signal_size"": 300}","{""base_eps"": 0.3455089032649994, ""eps"": 0.24185623228549954, ""eps_multiplier"": 0.7, ""geometry_profile"": ""low_dim"", ""knn_backend"": ""kd_tree"", ""min_samples"": 5}",{},"[{""coverage"": 0.57, ""f1"": 0.7261146496815287, ""fragments"": 3, ""matched_predicted_cluster"": 1, ""overlap"": 57, ""passes_discovery_thresholds"": true, ""precision"": 1.0, ""purity"": 1.0, ""recall"": 0.57, ""target"": ""cluster_0"", ""target_label"": 0, ""target_noise_loss"": 0.18, ""target_size"": 100}, {""coverage"": 0.74, ""f1"": 0.8505747126436781, ""fragments"": 1, ""matched_predicted_cluster"": 0, ""overlap"": 74, ""passes_discovery_thresholds"": true, ""precision"": 1.0, ""purity"": 1.0, ""recall"": 0.74, ""target"": ""cluster_1"", ""target_label"": 1, ""target_noise_loss"": 0.26, ""target_size"": 100}, {""coverage"": 0.73, ""f1"": 0.8439306358381503, ""fragments"": 1, ""matched_predicted_cluster"": 2, ""overlap"": 73, ""passes_discovery_thresholds"": true, ""precision"": 1.0, ""purity"": 1.0, ""recall"": 0.73, ""target"": ""cluster_2"", ""target_label"": 2, ""target_noise_loss"": 0.27, ""target_size"": 100}]"
synthetic__global_contamination_noise25__quality__signal300__n400__HDBSCAN__211__625f6b111024,ok,synthetic,global_contamination_noise25__quality__signal300__n400,HDBSCAN,211,0.2.4,400,2,0.001734799996484071,0.0118023999966681,5.064434200001415,182.16015625,0.671875,182.66015625,,,evaluation_state/synthetic__global_contamination_noise25__quality__signal300__n400__HDBSCAN__211__625f6b111024.npz,7c54d7ac297a1d56707072ead0af9c2305fd7d0afe1c21c580084738c04915d4,2062,1.0,1.0,2,2,0.02,known_synthetic_noise,0.51,0.44940727007135234,1.6666666666666667,3,3,0.1,0.9,full_partition,target-discovery-v1,0,0.05,1.0,1.0,0.0,1.0,3,pairwise_f1,hungarian,1.0,0,5,0.07547169811320754,0.0392156862745098,0.0392156862745098,0.005,1.0,0.02,0.926590334758057,0.8632215311282916,1.0,0.005,5,macro,3,3,1.0,0.8595988538681949,0.7537688442211056,1.0,2,3,1.0,1.0,3,2,0.0,1.0,1.0,1.0,1.0,"{""background_inner_edge"": 6.0, ""background_intensity"": 3.0, ""background_size"": 100, ""background_strip_height"": 10.0, ""background_support_area"": 33.333333333333336, ""controlled_factor"": ""global_background_support_at_fixed_local_intensity"", ""declared_noise_fraction"": 0.25, ""dimension"": 2, ""family"": ""global_contamination_invariance"", ""n"": 400, ""n_targets"": 3, ""paired_background"": ""seeded_prefix"", ""realized_noise_fraction"": 0.25, ""signal_size"": 300}","{""geometry_profile"": ""low_dim"", ""knn_backend"": ""kd_tree"", ""min_cluster_size"": 40, ""min_samples"": 5}",{},"[{""coverage"": 1.0, ""f1"": 1.0, ""fragments"": 1, ""matched_predicted_cluster"": 3, ""overlap"": 100, ""passes_discovery_thresholds"": true, ""precision"": 1.0, ""purity"": 1.0, ""recall"": 1.0, ""target"": ""cluster_0"", ""target_label"": 0, ""target_noise_loss"": 0.0, ""target_size"": 100}, {""coverage"": 1.0, ""f1"": 1.0, ""fragments"": 1, ""matched_predicted_cluster"": 1, ""overlap"": 100, ""passes_discovery_thresholds"": true, ""precision"": 1.0, ""purity"": 1.0, ""recall"": 1.0, ""target"": ""cluster_1"", ""target_label"": 1, ""target_noise_loss"": 0.0, ""target_size"": 100}, {""coverage"": 1.0, ""f1"": 1.0, ""fragments"": 1, ""matched_predicted_cluster"": 0, ""overlap"": 100, ""passes_discovery_thresholds"": true, ""precision"": 1.0, ""purity"": 1.0, ""recall"": 1.0, ""target"": ""cluster_2"", ""target_label"": 2, ""target_noise_loss"": 0.0, ""target_size"": 100}]"
synthetic__global_contamination_noise25__quality__signal300__n400__HDBSCAN__223__6311d1e8edbc,ok,synthetic,global_contamination_noise25__quality__signal300__n400,HDBSCAN,223,0.2.4,400,2,0.0026295999996364117,0.009860599995590746,5.069084600007045,182.19921875,0.671875,182.6875,,,evaluation_state/synthetic__global_contamination_noise25__quality__signal300__n400__HDBSCAN__223__6311d1e8edbc.npz,d9c2629639a0f2fb6c0b9972ab0b898f27613d48a0df4522c66e8b1953044f04,2052,1.0,1.0,2,2,0.0,known_synthetic_noise,0.5,0.42857142857142855,1.6666666666666667,3,3,0.1,0.9,full_partition,target-discovery-v1,0,0.05,1.0,1.0,0.0,1.0,3,pairwise_f1,hungarian,1.0,0,5,0.0,0.0,0.0,0.0,0.0,0.0,0.9237947122861586,0.8583815028901735,1.0,0.0,5,macro,3,3,1.0,0.8571428571428571,0.75,1.0,2,3,1.0,1.0,3,2,0.0,1.0,1.0,1.0,1.0,"{""background_inner_edge"": 6.0, ""background_intensity"": 3.0, ""background_size"": 100, ""background_strip_height"": 10.0, ""background_support_area"": 33.333333333333336, ""controlled_factor"": ""global_background_support_at_fixed_local_intensity"", ""declared_noise_fraction"": 0.25, ""dimension"": 2, ""family"": ""global_contamination_invariance"", ""n"": 400, ""n_targets"": 3, ""paired_background"": ""seeded_prefix"", ""realized_noise_fraction"": 0.25, ""signal_size"": 300}","{""geometry_profile"": ""low_dim"", ""knn_backend"": ""kd_tree"", ""min_cluster_size"": 40, ""min_samples"": 5}",{},"[{""coverage"": 1.0, ""f1"": 1.0, ""fragments"": 1, ""matched_predicted_cluster"": 3, ""overlap"": 100, ""passes_discovery_thresholds"": true, ""precision"": 1.0, ""purity"": 1.0, ""recall"": 1.0, ""target"": ""cluster_0"", ""target_label"": 0, ""target_noise_loss"": 0.0, ""target_size"": 100}, {""coverage"": 1.0, ""f1"": 1.0, ""fragments"": 1, ""matched_predicted_cluster"": 1, ""overlap"": 100, ""passes_discovery_thresholds"": true, ""precision"": 1.0, ""purity"": 1.0, ""recall"": 1.0, ""target"": ""cluster_1"", ""target_label"": 1, ""target_noise_loss"": 0.0, ""target_size"": 100}, {""coverage"": 1.0, ""f1"": 1.0, ""fragments"": 1, ""matched_predicted_cluster"": 0, ""overlap"": 100, ""passes_discovery_thresholds"": true, ""precision"": 1.0, ""purity"": 1.0, ""recall"": 1.0, ""target"": ""cluster_2"", ""target_label"": 2, ""target_noise_loss"": 0.0, ""target_size"": 100}]"
synthetic__global_contamination_noise25__quality__signal300__n400__HDBSCAN__227__a85e4fcf3bb7,ok,synthetic,global_contamination_noise25__quality__signal300__n400,HDBSCAN,227,0.2.4,400,2,0.002024500005063601,0.013239700012491085,5.193672200010042,182.46484375,0.67578125,182.9765625,,,evaluation_state/synthetic__global_contamination_noise25__quality__signal300__n400__HDBSCAN__227__a85e4fcf3bb7.npz,0cca18a086c14c76271763fc4e9b940ce59e43e13c13ef549bfa78a8107e9d20,2056,1.0,1.0,2,2,0.0,known_synthetic_noise,0.5,0.42857142857142855,1.6666666666666667,3,3,0.1,0.9,full_partition,target-discovery-v1,0,0.05,1.0,1.0,0.0,1.0,3,pairwise_f1,hungarian,1.0,0,5,0.0,0.0,0.0,0.0,0.0,0.0,0.9237947122861586,0.8583815028901735,1.0,0.0,5,macro,3,3,1.0,0.8571428571428571,0.75,1.0,2,3,1.0,1.0,3,2,0.0,1.0,1.0,1.0,1.0,"{""background_inner_edge"": 6.0, ""background_intensity"": 3.0, ""background_size"": 100, ""background_strip_height"": 10.0, ""background_support_area"": 33.333333333333336, ""controlled_factor"": ""global_background_support_at_fixed_local_intensity"", ""declared_noise_fraction"": 0.25, ""dimension"": 2, ""family"": ""global_contamination_invariance"", ""n"": 400, ""n_targets"": 3, ""paired_background"": ""seeded_prefix"", ""realized_noise_fraction"": 0.25, ""signal_size"": 300}","{""geometry_profile"": ""low_dim"", ""knn_backend"": ""kd_tree"", ""min_cluster_size"": 40, ""min_samples"": 5}",{},"[{""coverage"": 1.0, ""f1"": 1.0, ""fragments"": 1, ""matched_predicted_cluster"": 3, ""overlap"": 100, ""passes_discovery_thresholds"": true, ""precision"": 1.0, ""purity"": 1.0, ""recall"": 1.0, ""target"": ""cluster_0"", ""target_label"": 0, ""target_noise_loss"": 0.0, ""target_size"": 100}, {""coverage"": 1.0, ""f1"": 1.0, ""fragments"": 1, ""matched_predicted_cluster"": 1, ""overlap"": 100, ""passes_discovery_thresholds"": true, ""precision"": 1.0, ""purity"": 1.0, ""recall"": 1.0, ""target"": ""cluster_1"", ""target_label"": 1, ""target_noise_loss"": 0.0, ""target_size"": 100}, {""coverage"": 1.0, ""f1"": 1.0, ""fragments"": 1, ""matched_predicted_cluster"": 0, ""overlap"": 100, ""passes_discovery_thresholds"": true, ""precision"": 1.0, ""purity"": 1.0, ""recall"": 1.0, ""target"": ""cluster_2"", ""target_label"": 2, ""target_noise_loss"": 0.0, ""target_size"": 100}]"
synthetic__global_contamination_noise25__quality__signal300__n400__HDBSCAN__229__399e6c723396,ok,synthetic,global_contamination_noise25__quality__signal300__n400,HDBSCAN,229,0.2.4,400,2,0.0017284000059589744,0.009410200000274926,5.191073199996026,182.48046875,0.796875,183.00390625,,,evaluation_state/synthetic__global_contamination_noise25__quality__signal300__n400__HDBSCAN__229__399e6c723396.npz,0a7d51b47c428a5c6129415eb39f2e85672e04be6fa971fbae49f0413f738862,2065,1.0,1.0,2,2,0.01,known_synthetic_noise,0.505,0.4390855394552331,1.6666666666666667,3,3,0.1,0.9,full_partition,target-discovery-v1,0,0.05,1.0,1.0,0.0,1.0,3,pairwise_f1,hungarian,1.0,0,5,0.038834951456310676,0.019801980198019802,0.019801980198019802,0.0025,1.0,0.01,0.9252048222796797,0.8608196626282534,1.0,0.0025,5,macro,3,3,1.0,0.8583690987124464,0.7518796992481203,1.0,2,3,1.0,1.0,3,2,0.0,1.0,1.0,1.0,1.0,"{""background_inner_edge"": 6.0, ""background_intensity"": 3.0, ""background_size"": 100, ""background_strip_height"": 10.0, ""background_support_area"": 33.333333333333336, ""controlled_factor"": ""global_background_support_at_fixed_local_intensity"", ""declared_noise_fraction"": 0.25, ""dimension"": 2, ""family"": ""global_contamination_invariance"", ""n"": 400, ""n_targets"": 3, ""paired_background"": ""seeded_prefix"", ""realized_noise_fraction"": 0.25, ""signal_size"": 300}","{""geometry_profile"": ""low_dim"", ""knn_backend"": ""kd_tree"", ""min_cluster_size"": 40, ""min_samples"": 5}",{},"[{""coverage"": 1.0, ""f1"": 1.0, ""fragments"": 1, ""matched_predicted_cluster"": 4, ""overlap"": 100, ""passes_discovery_thresholds"": true, ""precision"": 1.0, ""purity"": 1.0, ""recall"": 1.0, ""target"": ""cluster_0"", ""target_label"": 0, ""target_noise_loss"": 0.0, ""target_size"": 100}, {""coverage"": 1.0, ""f1"": 1.0, ""fragments"": 1, ""matched_predicted_cluster"": 1, ""overlap"": 100, ""passes_discovery_thresholds"": true, ""precision"": 1.0, ""purity"": 1.0, ""recall"": 1.0, ""target"": ""cluster_1"", ""target_label"": 1, ""target_noise_loss"": 0.0, ""target_size"": 100}, {""coverage"": 1.0, ""f1"": 1.0, ""fragments"": 1, ""matched_predicted_cluster"": 0, ""overlap"": 100, ""passes_discovery_thresholds"": true, ""precision"": 1.0, ""purity"": 1.0, ""recall"": 1.0, ""target"": ""cluster_2"", ""target_label"": 2, ""target_noise_loss"": 0.0, ""target_size"": 100}]"
synthetic__global_contamination_noise25__quality__signal300__n400__HDBSCAN__233__b89170c5027a,ok,synthetic,global_contamination_noise25__quality__signal300__n400,HDBSCAN,233,0.2.4,400,2,0.0017488000012235716,0.010208799998508766,5.185784900008002,182.33984375,0.7578125,182.875,,,evaluation_state/synthetic__global_contamination_noise25__quality__signal300__n400__HDBSCAN__233__b89170c5027a.npz,0a80042b167bb44d20466e6a35009ef0809bcbdea2171f5ac9ac43a161e6a991,2056,0.9914959434433546,0.9950082639109167,2,1,0.01,known_synthetic_noise,0.505,0.4390855394552331,1.6666666666666667,4,3,0.1,0.9,full_partition,target-discovery-v1,0,0.05,0.9966666666666667,0.9983249581239532,0.0,1.0,3,pairwise_f1,hungarian,1.0,0,5,0.03883368626812185,0.019801980198019802,0.019801980198019802,0.0025,1.0,0.01,0.9204705001404012,0.8575664205569443,0.9933333333333333,0.0025,5,macro,3,3,1.0,0.8583690987124464,0.7518796992481203,1.0,2,3,1.0,1.0,3,2,0.0,0.9966666666666667,1.0,0.9983249581239529,1.0,"{""background_inner_edge"": 6.0, ""background_intensity"": 3.0, ""background_size"": 100, ""background_strip_height"": 10.0, ""background_support_area"": 33.333333333333336, ""controlled_factor"": ""global_background_support_at_fixed_local_intensity"", ""declared_noise_fraction"": 0.25, ""dimension"": 2, ""family"": ""global_contamination_invariance"", ""n"": 400, ""n_targets"": 3, ""paired_background"": ""seeded_prefix"", ""realized_noise_fraction"": 0.25, ""signal_size"": 300}","{""geometry_profile"": ""low_dim"", ""knn_backend"": ""kd_tree"", ""min_cluster_size"": 40, ""min_samples"": 5}",{},"[{""coverage"": 1.0, ""f1"": 1.0, ""fragments"": 1, ""matched_predicted_cluster"": 1, ""overlap"": 100, ""passes_discovery_thresholds"": true, ""precision"": 1.0, ""purity"": 1.0, ""recall"": 1.0, ""target"": ""cluster_0"", ""target_label"": 0, ""target_noise_loss"": 0.0, ""target_size"": 100}, {""coverage"": 0.99, ""f1"": 0.9949748743718593, ""fragments"": 1, ""matched_predicted_cluster"": 3, ""overlap"": 99, ""passes_discovery_thresholds"": true, ""precision"": 1.0, ""purity"": 1.0, ""recall"": 0.99, ""target"": ""cluster_1"", ""target_label"": 1, ""target_noise_loss"": 0.0, ""target_size"": 100}, {""coverage"": 1.0, ""f1"": 1.0, ""fragments"": 1, ""matched_predicted_cluster"": 0, ""overlap"": 100, ""passes_discovery_thresholds"": true, ""precision"": 1.0, ""purity"": 1.0, ""recall"": 1.0, ""target"": ""cluster_2"", ""target_label"": 2, ""target_noise_loss"": 0.0, ""target_size"": 100}]"
synthetic__global_contamination_noise25__quality__signal300__n400__OPTICS__211__b418460ecde4,ok,synthetic,global_contamination_noise25__quality__signal300__n400,OPTICS,211,0.2.4,400,2,0.0017117000097641721,0.5213494999916293,5.7178934999974445,182.19140625,0.9140625,182.6875,,,evaluation_state/synthetic__global_contamination_noise25__quality__signal300__n400__OPTICS__211__b418460ecde4.npz,370542590eafa7d938e4a9d7dc29e37ff146be2251f4d6d964a539bcfd979946,2069,1.0,1.0,2,2,0.1,known_synthetic_noise,0.55,0.5256916996047432,1.6666666666666667,3,3,0.1,0.9,full_partition,target-discovery-v1,0,0.05,1.0,1.0,0.0,1.0,3,pairwise_f1,hungarian,1.0,0,5,0.3076923076923077,0.18181818181818182,0.18181818181818182,0.025,1.0,0.1,0.9367607632865479,0.8810442005339661,1.0,0.025,5,macro,3,3,1.0,0.8695652173913044,0.7692307692307693,1.0,2,3,1.0,1.0,3,2,0.0,1.0,1.0,1.0,1.0,"{""background_inner_edge"": 6.0, ""background_intensity"": 3.0, ""background_size"": 100, ""background_strip_height"": 10.0, ""background_support_area"": 33.333333333333336, ""controlled_factor"": ""global_background_support_at_fixed_local_intensity"", ""declared_noise_fraction"": 0.25, ""dimension"": 2, ""family"": ""global_contamination_invariance"", ""n"": 400, ""n_targets"": 3, ""paired_background"": ""seeded_prefix"", ""realized_noise_fraction"": 0.25, ""signal_size"": 300}","{""geometry_profile"": ""low_dim"", ""knn_backend"": ""kd_tree"", ""max_eps"": 1.0752993822097778, ""max_eps_quantile"": 0.98, ""min_cluster_size"": 40, ""min_samples"": 5, ""xi"": 0.1}",{},"[{""coverage"": 1.0, ""f1"": 1.0, ""fragments"": 1, ""matched_predicted_cluster"": 2, ""overlap"": 100, ""passes_discovery_thresholds"": true, ""precision"": 1.0, ""purity"": 1.0, ""recall"": 1.0, ""target"": ""cluster_0"", ""target_label"": 0, ""target_noise_loss"": 0.0, ""target_size"": 100}, {""coverage"": 1.0, ""f1"": 1.0, ""fragments"": 1, ""matched_predicted_cluster"": 1, ""overlap"": 100, ""passes_discovery_thresholds"": true, ""precision"": 1.0, ""purity"": 1.0, ""recall"": 1.0, ""target"": ""cluster_1"", ""target_label"": 1, ""target_noise_loss"": 0.0, ""target_size"": 100}, {""coverage"": 1.0, ""f1"": 1.0, ""fragments"": 1, ""matched_predicted_cluster"": 0, ""overlap"": 100, ""passes_discovery_thresholds"": true, ""precision"": 1.0, ""purity"": 1.0, ""recall"": 1.0, ""target"": ""cluster_2"", ""target_label"": 2, ""target_noise_loss"": 0.0, ""target_size"": 100}]"
synthetic__global_contamination_noise25__quality__signal300__n400__OPTICS__223__a9c88f13e2fc,ok,synthetic,global_contamination_noise25__quality__signal300__n400,OPTICS,223,0.2.4,400,2,0.0017192999948747456,0.5456846999877598,5.713335899999947,182.69921875,0.9921875,183.19921875,,,evaluation_state/synthetic__global_contamination_noise25__quality__signal300__n400__OPTICS__223__a9c88f13e2fc.npz,7655cbb5412c86c8ed8a5dc0d76ccc25ecc0323be8aaab09a5596cfaa1deebcf,2084,0.8349527107068605,0.8273836335145629,2,2,0.05,known_synthetic_noise,0.465,0.4360679731809426,1.6666666666666667,3,3,0.1,0.9,full_partition,target-discovery-v1,0,0.05,0.8799999999999999,0.934065934065934,0.12,1.0,3,pairwise_f1,hungarian,1.0,0,5,0.13183404420317954,0.07092198581560284,0.07092198581560284,0.1025,0.12195121951219512,0.05,0.8090169941026625,0.8395741290649671,0.7806060606060606,0.1025,5,macro,3,3,0.88,0.8012139605462824,0.7353760445682451,0.88,2,3,1.0,1.0,3,2,0.0,0.88,1.0,0.934065934065934,1.0,"{""background_inner_edge"": 6.0, ""background_intensity"": 3.0, ""background_size"": 100, ""background_strip_height"": 10.0, ""background_support_area"": 33.333333333333336, ""controlled_factor"": ""global_background_support_at_fixed_local_intensity"", ""declared_noise_fraction"": 0.25, ""dimension"": 2, ""family"": ""global_contamination_invariance"", ""n"": 400, ""n_targets"": 3, ""paired_background"": ""seeded_prefix"", ""realized_noise_fraction"": 0.25, ""signal_size"": 300}","{""geometry_profile"": ""low_dim"", ""knn_backend"": ""kd_tree"", ""max_eps"": 1.0390292406082153, ""max_eps_quantile"": 0.98, ""min_cluster_size"": 40, ""min_samples"": 5, ""xi"": 0.1}",{},"[{""coverage"": 0.82, ""f1"": 0.9010989010989011, ""fragments"": 1, ""matched_predicted_cluster"": 2, ""overlap"": 82, ""passes_discovery_thresholds"": true, ""precision"": 1.0, ""purity"": 1.0, ""recall"": 0.82, ""target"": ""cluster_0"", ""target_label"": 0, ""target_noise_loss"": 0.18, ""target_size"": 100}, {""coverage"": 0.82, ""f1"": 0.9010989010989011, ""fragments"": 1, ""matched_predicted_cluster"": 1, ""overlap"": 82, ""passes_discovery_thresholds"": true, ""precision"": 1.0, ""purity"": 1.0, ""recall"": 0.82, ""target"": ""cluster_1"", ""target_label"": 1, ""target_noise_loss"": 0.18, ""target_size"": 100}, {""coverage"": 1.0, ""f1"": 1.0, ""fragments"": 1, ""matched_predicted_cluster"": 0, ""overlap"": 100, ""passes_discovery_thresholds"": true, ""precision"": 1.0, ""purity"": 1.0, ""recall"": 1.0, ""target"": ""cluster_2"", ""target_label"": 2, ""target_noise_loss"": 0.0, ""target_size"": 100}]"
synthetic__global_contamination_noise25__quality__signal300__n400__OPTICS__227__caf6b7c33833,ok,synthetic,global_contamination_noise25__quality__signal300__n400,OPTICS,227,0.2.4,400,2,0.0021877999970456585,0.5760630000004312,5.617047699997784,182.75,0.890625,183.24609375,,,evaluation_state/synthetic__global_contamination_noise25__quality__signal300__n400__OPTICS__227__caf6b7c33833.npz,5405d0e9b8630e9698fe869e3af3add3513192e21ac9fd0db1c0c5cf6963bbd6,2025,0.7214814101992477,0.7016101069758891,0,0,1.0,known_synthetic_noise,0.9066666666666667,0.8391544117647058,1.0,3,3,0.1,0.9,full_partition,target-discovery-v1,0,0.05,0.8133333333333334,0.8968707148850822,0.18666666666666668,1.0,3,pairwise_f1,hungarian,1.0,0,3,0.8350772859054459,0.7812500000000001,0.7812500000000001,0.39,0.6410256410256411,1.0,0.7955715965773146,1.0,0.6605387205387205,0.39,3,macro,3,2,0.8133333333333334,0.8970588235294117,1.0,0.8133333333333334,0,3,1.0,1.0,3,0,0.0,0.8133333333333334,1.0,0.896870714885082,1.0,"{""background_inner_edge"": 6.0, ""background_intensity"": 3.0, ""background_size"": 100, ""background_strip_height"": 10.0, ""background_support_area"": 33.333333333333336, ""controlled_factor"": ""global_background_support_at_fixed_local_intensity"", ""declared_noise_fraction"": 0.25, ""dimension"": 2, ""family"": ""global_contamination_invariance"", ""n"": 400, ""n_targets"": 3, ""paired_background"": ""seeded_prefix"", ""realized_noise_fraction"": 0.25, ""signal_size"": 300}","{""geometry_profile"": ""low_dim"", ""knn_backend"": ""kd_tree"", ""max_eps"": 1.046358346939087, ""max_eps_quantile"": 0.98, ""min_cluster_size"": 40, ""min_samples"": 5, ""xi"": 0.1}",{},"[{""coverage"": 0.78, ""f1"": 0.8764044943820225, ""fragments"": 1, ""matched_predicted_cluster"": 2, ""overlap"": 78, ""passes_discovery_thresholds"": true, ""precision"": 1.0, ""purity"": 1.0, ""recall"": 0.78, ""target"": ""cluster_0"", ""target_label"": 0, ""target_noise_loss"": 0.22, ""target_size"": 100}, {""coverage"": 0.83, ""f1"": 0.9071038251366119, ""fragments"": 1, ""matched_predicted_cluster"": 0, ""overlap"": 83, ""passes_discovery_thresholds"": true, ""precision"": 1.0, ""purity"": 1.0, ""recall"": 0.83, ""target"": ""cluster_1"", ""target_label"": 1, ""target_noise_loss"": 0.17, ""target_size"": 100}, {""coverage"": 0.83, ""f1"": 0.9071038251366119, ""fragments"": 1, ""matched_predicted_cluster"": 1, ""overlap"": 83, ""passes_discovery_thresholds"": true, ""precision"": 1.0, ""purity"": 1.0, ""recall"": 0.83, ""target"": ""cluster_2"", ""target_label"": 2, ""target_noise_loss"": 0.17, ""target_size"": 100}]"
synthetic__global_contamination_noise25__quality__signal300__n400__OPTICS__229__6819adc9f7d1,ok,synthetic,global_contamination_noise25__quality__signal300__n400,OPTICS,229,0.2.4,400,2,0.0020806999964406714,0.5907847999915248,5.596545499996864,182.45703125,0.82421875,183.0234375,,,evaluation_state/synthetic__global_contamination_noise25__quality__signal300__n400__OPTICS__229__6819adc9f7d1.npz,e9550354c53498cb6cb63b73604238c748985b3472db29dbeb0230882091f067,2064,0.9625997282324074,0.9668640195538187,1,1,0.5,known_synthetic_noise,0.7383333333333333,0.7741478539093223,1.3333333333333333,3,3,0.1,0.9,full_partition,target-discovery-v1,0,0.05,0.9766666666666667,0.9879101899827288,0.023333333333333334,1.0,3,pairwise_f1,hungarian,1.0,0,4,0.7745220170069869,0.6369426751592356,0.6369426751592356,0.1425,0.8771929824561403,0.5,0.9372954748289426,0.9204700383042265,0.9547474747474748,0.1425,4,macro,3,3,0.9766666666666667,0.911353032659409,0.8542274052478134,0.9766666666666667,1,3,1.0,1.0,3,1,0.0,0.9766666666666667,1.0,0.9879101899827287,1.0,"{""background_inner_edge"": 6.0, ""background_intensity"": 3.0, ""background_size"": 100, ""background_strip_height"": 10.0, ""background_support_area"": 33.333333333333336, ""controlled_factor"": ""global_background_support_at_fixed_local_intensity"", ""declared_noise_fraction"": 0.25, ""dimension"": 2, ""family"": ""global_contamination_invariance"", ""n"": 400, ""n_targets"": 3, ""paired_background"": ""seeded_prefix"", ""realized_noise_fraction"": 0.25, ""signal_size"": 300}","{""geometry_profile"": ""low_dim"", ""knn_backend"": ""kd_tree"", ""max_eps"": 1.1822460889816284, ""max_eps_quantile"": 0.98, ""min_cluster_size"": 40, ""min_samples"": 5, ""xi"": 0.1}",{},"[{""coverage"": 0.93, ""f1"": 0.9637305699481865, ""fragments"": 1, ""matched_predicted_cluster"": 2, ""overlap"": 93, ""passes_discovery_thresholds"": true, ""precision"": 1.0, ""purity"": 1.0, ""recall"": 0.93, ""target"": ""cluster_0"", ""target_label"": 0, ""target_noise_loss"": 0.07, ""target_size"": 100}, {""coverage"": 1.0, ""f1"": 1.0, ""fragments"": 1, ""matched_predicted_cluster"": 1, ""overlap"": 100, ""passes_discovery_thresholds"": true, ""precision"": 1.0, ""purity"": 1.0, ""recall"": 1.0, ""target"": ""cluster_1"", ""target_label"": 1, ""target_noise_loss"": 0.0, ""target_size"": 100}, {""coverage"": 1.0, ""f1"": 1.0, ""fragments"": 1, ""matched_predicted_cluster"": 3, ""overlap"": 100, ""passes_discovery_thresholds"": true, ""precision"": 1.0, ""purity"": 1.0, ""recall"": 1.0, ""target"": ""cluster_2"", ""target_label"": 2, ""target_noise_loss"": 0.0, ""target_size"": 100}]"
synthetic__global_contamination_noise25__quality__signal300__n400__OPTICS__233__db60f7512642,ok,synthetic,global_contamination_noise25__quality__signal300__n400,OPTICS,233,0.2.4,400,2,0.001623400006792508,0.48912790000031237,5.433331500011263,182.3984375,0.8203125,182.953125,,,evaluation_state/synthetic__global_contamination_noise25__quality__signal300__n400__OPTICS__233__db60f7512642.npz,02b677e3ee0f82330f5b1c751e06cb3d61495bfb49e96418b1efb48f926e2d2c,2097,0.7464308678484358,0.6728373608059193,2,2,0.0,known_synthetic_noise,0.3516666666666667,0.3453355155482815,1.6666666666666667,3,3,0.1,0.9,full_partition,target-discovery-v1,0,0.05,0.7033333333333333,0.800612642717906,0.29666666666666663,1.0,3,pairwise_f1,hungarian,1.0,0,5,0.0,0.0,0.0,0.2225,0.0,0.0,0.6439349402312365,0.7702766057196437,0.5531986531986532,0.2225,5,macro,2,1,0.7033333333333334,0.690671031096563,0.6784565916398714,0.7033333333333334,2,3,1.0,0.6666666666666666,3,2,0.0,0.7033333333333334,1.0,0.8006126427179059,1.0,"{""background_inner_edge"": 6.0, ""background_intensity"": 3.0, ""background_size"": 100, ""background_strip_height"": 10.0, ""background_support_area"": 33.333333333333336, ""controlled_factor"": ""global_background_support_at_fixed_local_intensity"", ""declared_noise_fraction"": 0.25, ""dimension"": 2, ""family"": ""global_contamination_invariance"", ""n"": 400, ""n_targets"": 3, ""paired_background"": ""seeded_prefix"", ""realized_noise_fraction"": 0.25, ""signal_size"": 300}","{""geometry_profile"": ""low_dim"", ""knn_backend"": ""kd_tree"", ""max_eps"": 1.090100884437561, ""max_eps_quantile"": 0.98, ""min_cluster_size"": 40, ""min_samples"": 5, ""xi"": 0.1}",{},"[{""coverage"": 0.4, ""f1"": 0.5714285714285715, ""fragments"": 1, ""matched_predicted_cluster"": 2, ""overlap"": 40, ""passes_discovery_thresholds"": true, ""precision"": 1.0, ""purity"": 1.0, ""recall"": 0.4, ""target"": ""cluster_0"", ""target_label"": 0, ""target_noise_loss"": 0.6, ""target_size"": 100}, {""coverage"": 0.71, ""f1"": 0.8304093567251462, ""fragments"": 1, ""matched_predicted_cluster"": 1, ""overlap"": 71, ""passes_discovery_thresholds"": true, ""precision"": 1.0, ""purity"": 1.0, ""recall"": 0.71, ""target"": ""cluster_1"", ""target_label"": 1, ""target_noise_loss"": 0.29, ""target_size"": 100}, {""coverage"": 1.0, ""f1"": 1.0, ""fragments"": 1, ""matched_predicted_cluster"": 0, ""overlap"": 100, ""passes_discovery_thresholds"": true, ""precision"": 1.0, ""purity"": 1.0, ""recall"": 1.0, ""target"": ""cluster_2"", ""target_label"": 2, ""target_noise_loss"": 0.0, ""target_size"": 100}]"
synthetic__global_contamination_noise25__quality__signal300__n400__SNN-DBSCAN__211__90c80e8a072d,ok,synthetic,global_contamination_noise25__quality__signal300__n400,SNN-DBSCAN,211,0.2.4,400,2,0.0015591999981552362,0.01275069999974221,6.344939599992358,224.0,0.53515625,224.26171875,,,evaluation_state/synthetic__global_contamination_noise25__quality__signal300__n400__SNN-DBSCAN__211__90c80e8a072d.npz,24d2662f71b4356e1564b511d7b9d64b2c06182eb20da5d2d0baac165bd0838b,2071,0.9681462648043433,0.9800866408299869,2,2,0.0,known_synthetic_noise,0.49333333333333335,0.4252873563218391,1.6666666666666667,3,3,0.1,0.9,full_partition,target-discovery-v1,0,0.05,0.9866666666666667,0.9932488159919735,0.013333333333333334,1.0,3,pairwise_f1,hungarian,1.0,0,5,0.0,0.0,0.0,0.01,0.0,0.0,0.9104764303932991,0.8550896078547348,0.9735353535353536,0.01,5,macro,3,3,0.9866666666666667,0.8505747126436782,0.7474747474747475,0.9866666666666667,2,3,1.0,1.0,3,2,0.0,0.9866666666666667,1.0,0.9932488159919735,1.0,"{""background_inner_edge"": 6.0, ""background_intensity"": 3.0, ""background_size"": 100, ""background_strip_height"": 10.0, ""background_support_area"": 33.333333333333336, ""controlled_factor"": ""global_background_support_at_fixed_local_intensity"", ""declared_noise_fraction"": 0.25, ""dimension"": 2, ""family"": ""global_contamination_invariance"", ""n"": 400, ""n_targets"": 3, ""paired_background"": ""seeded_prefix"", ""realized_noise_fraction"": 0.25, ""signal_size"": 300}","{""eps"": 13, ""geometry_profile"": ""low_dim"", ""k"": 20, ""knn_backend"": ""kd_tree"", ""min_samples"": 5}",{},"[{""coverage"": 0.99, ""f1"": 0.9949748743718593, ""fragments"": 1, ""matched_predicted_cluster"": 2, ""overlap"": 99, ""passes_discovery_thresholds"": true, ""precision"": 1.0, ""purity"": 1.0, ""recall"": 0.99, ""target"": ""cluster_0"", ""target_label"": 0, ""target_noise_loss"": 0.01, ""target_size"": 100}, {""coverage"": 1.0, ""f1"": 1.0, ""fragments"": 1, ""matched_predicted_cluster"": 1, ""overlap"": 100, ""passes_discovery_thresholds"": true, ""precision"": 1.0, ""purity"": 1.0, ""recall"": 1.0, ""target"": ""cluster_1"", ""target_label"": 1, ""target_noise_loss"": 0.0, ""target_size"": 100}, {""coverage"": 0.97, ""f1"": 0.9847715736040609, ""fragments"": 1, ""matched_predicted_cluster"": 0, ""overlap"": 97, ""passes_discovery_thresholds"": true, ""precision"": 1.0, ""purity"": 1.0, ""recall"": 0.97, ""target"": ""cluster_2"", ""target_label"": 2, ""target_noise_loss"": 0.03, ""target_size"": 100}]"
synthetic__global_contamination_noise25__quality__signal300__n400__SNN-DBSCAN__223__fa6a3784085d,ok,synthetic,global_contamination_noise25__quality__signal300__n400,SNN-DBSCAN,223,0.2.4,400,2,0.0015947999927448109,0.008711000002222136,6.197636199998669,223.90234375,0.54296875,224.22265625,,,evaluation_state/synthetic__global_contamination_noise25__quality__signal300__n400__SNN-DBSCAN__223__fa6a3784085d.npz,5e2a50af7b75ac7d4499f824cf1e97fa80af2fd5a89206c1e498afbd54491852,2101,0.8736202923014496,0.8525372942325475,2,2,0.0,known_synthetic_noise,0.49333333333333335,0.4252873563218391,2.0,4,3,0.1,0.9,full_partition,target-discovery-v1,1,0.05,0.8333333333333334,0.8913867583531694,0.013333333333333334,1.0,3,pairwise_f1,hungarian,1.3333333333333333,0,6,0.0,0.0,0.0,0.01,0.0,0.0,0.8216462895480707,0.8311858333907531,0.8123232323232323,0.01,6,macro,2,2,0.9866666666666667,0.8505747126436782,0.7474747474747475,0.9866666666666667,2,3,1.0,0.6666666666666666,3,3,0.0,0.8333333333333334,1.0,0.8913867583531694,1.0,"{""background_inner_edge"": 6.0, ""background_intensity"": 3.0, ""background_size"": 100, ""background_strip_height"": 10.0, ""background_support_area"": 33.333333333333336, ""controlled_factor"": ""global_background_support_at_fixed_local_intensity"", ""declared_noise_fraction"": 0.25, ""dimension"": 2, ""family"": ""global_contamination_invariance"", ""n"": 400, ""n_targets"": 3, ""paired_background"": ""seeded_prefix"", ""realized_noise_fraction"": 0.25, ""signal_size"": 300}","{""eps"": 13, ""geometry_profile"": ""low_dim"", ""k"": 20, ""knn_backend"": ""kd_tree"", ""min_samples"": 5}",{},"[{""coverage"": 0.99, ""f1"": 0.9949748743718593, ""fragments"": 1, ""matched_predicted_cluster"": 2, ""overlap"": 99, ""passes_discovery_thresholds"": true, ""precision"": 1.0, ""purity"": 1.0, ""recall"": 0.99, ""target"": ""cluster_0"", ""target_label"": 0, ""target_noise_loss"": 0.01, ""target_size"": 100}, {""coverage"": 0.99, ""f1"": 0.9949748743718593, ""fragments"": 1, ""matched_predicted_cluster"": 1, ""overlap"": 99, ""passes_discovery_thresholds"": true, ""precision"": 1.0, ""purity"": 1.0, ""recall"": 0.99, ""target"": ""cluster_1"", ""target_label"": 1, ""target_noise_loss"": 0.01, ""target_size"": 100}, {""coverage"": 0.52, ""f1"": 0.6842105263157895, ""fragments"": 2, ""matched_predicted_cluster"": 0, ""overlap"": 52, ""passes_discovery_thresholds"": true, ""precision"": 1.0, ""purity"": 1.0, ""recall"": 0.52, ""target"": ""cluster_2"", ""target_label"": 2, ""target_noise_loss"": 0.02, ""target_size"": 100}]"
synthetic__global_contamination_noise25__quality__signal300__n400__SNN-DBSCAN__227__568771c72abc,ok,synthetic,global_contamination_noise25__quality__signal300__n400,SNN-DBSCAN,227,0.2.4,400,2,0.001610199993592687,0.008530699997209013,6.195120999997016,223.65625,0.5703125,223.92578125,,,evaluation_state/synthetic__global_contamination_noise25__quality__signal300__n400__SNN-DBSCAN__227__568771c72abc.npz,83402ed7d30e3fcbea7e306c105d76ea9e541e081b6a51936946d7951ec5a3f5,2094,0.9106179149197398,0.8825635930965968,2,2,0.0,known_synthetic_noise,0.5,0.42857142857142855,2.0,4,3,0.1,0.9,full_partition,target-discovery-v1,1,0.05,0.8866666666666667,0.9317269076305221,0.0,1.0,3,pairwise_f1,hungarian,1.3333333333333333,0,6,0.0,0.0,0.0,0.0,0.0,0.0,0.8430415301277335,0.8372741764080766,0.8488888888888889,0.0,6,macro,2,2,1.0,0.8571428571428571,0.75,1.0,2,3,1.0,0.6666666666666666,3,3,0.0,0.8866666666666667,1.0,0.9317269076305221,1.0,"{""background_inner_edge"": 6.0, ""background_intensity"": 3.0, ""background_size"": 100, ""background_strip_height"": 10.0, ""background_support_area"": 33.333333333333336, ""controlled_factor"": ""global_background_support_at_fixed_local_intensity"", ""declared_noise_fraction"": 0.25, ""dimension"": 2, ""family"": ""global_contamination_invariance"", ""n"": 400, ""n_targets"": 3, ""paired_background"": ""seeded_prefix"", ""realized_noise_fraction"": 0.25, ""signal_size"": 300}","{""eps"": 13, ""geometry_profile"": ""low_dim"", ""k"": 20, ""knn_backend"": ""kd_tree"", ""min_samples"": 5}",{},"[{""coverage"": 1.0, ""f1"": 1.0, ""fragments"": 1, ""matched_predicted_cluster"": 3, ""overlap"": 100, ""passes_discovery_thresholds"": true, ""precision"": 1.0, ""purity"": 1.0, ""recall"": 1.0, ""target"": ""cluster_0"", ""target_label"": 0, ""target_noise_loss"": 0.0, ""target_size"": 100}, {""coverage"": 1.0, ""f1"": 1.0, ""fragments"": 1, ""matched_predicted_cluster"": 0, ""overlap"": 100, ""passes_discovery_thresholds"": true, ""precision"": 1.0, ""purity"": 1.0, ""recall"": 1.0, ""target"": ""cluster_1"", ""target_label"": 1, ""target_noise_loss"": 0.0, ""target_size"": 100}, {""coverage"": 0.66, ""f1"": 0.7951807228915663, ""fragments"": 2, ""matched_predicted_cluster"": 1, ""overlap"": 66, ""passes_discovery_thresholds"": true, ""precision"": 1.0, ""purity"": 1.0, ""recall"": 0.66, ""target"": ""cluster_2"", ""target_label"": 2, ""target_noise_loss"": 0.0, ""target_size"": 100}]"
synthetic__global_contamination_noise25__quality__signal300__n400__SNN-DBSCAN__229__8378267e1628,ok,synthetic,global_contamination_noise25__quality__signal300__n400,SNN-DBSCAN,229,0.2.4,400,2,0.0015783999988343567,0.008115999997244217,6.263005600005272,223.5546875,0.46875,223.80859375,,,evaluation_state/synthetic__global_contamination_noise25__quality__signal300__n400__SNN-DBSCAN__229__8378267e1628.npz,396fcbc86fa5cfc515baabb4d56a045ebcd1de95b139b144a974bedf3f30b456,2069,0.9851989977985108,0.9901010167892863,2,2,0.0,known_synthetic_noise,0.49666666666666665,0.4269340974212035,1.6666666666666667,3,3,0.1,0.9,full_partition,target-discovery-v1,0,0.05,0.9933333333333333,0.9966329966329966,0.006666666666666667,1.0,3,pairwise_f1,hungarian,1.0,0,5,0.0,0.0,0.0,0.005,0.0,0.0,0.917159578130379,0.8567502777290534,0.9867340067340067,0.005,5,macro,3,3,0.9933333333333333,0.853868194842407,0.7487437185929648,0.9933333333333333,2,3,1.0,1.0,3,2,0.0,0.9933333333333333,1.0,0.9966329966329965,1.0,"{""background_inner_edge"": 6.0, ""background_intensity"": 3.0, ""background_size"": 100, ""background_strip_height"": 10.0, ""background_support_area"": 33.333333333333336, ""controlled_factor"": ""global_background_support_at_fixed_local_intensity"", ""declared_noise_fraction"": 0.25, ""dimension"": 2, ""family"": ""global_contamination_invariance"", ""n"": 400, ""n_targets"": 3, ""paired_background"": ""seeded_prefix"", ""realized_noise_fraction"": 0.25, ""signal_size"": 300}","{""eps"": 13, ""geometry_profile"": ""low_dim"", ""k"": 20, ""knn_backend"": ""kd_tree"", ""min_samples"": 5}",{},"[{""coverage"": 1.0, ""f1"": 1.0, ""fragments"": 1, ""matched_predicted_cluster"": 2, ""overlap"": 100, ""passes_discovery_thresholds"": true, ""precision"": 1.0, ""purity"": 1.0, ""recall"": 1.0, ""target"": ""cluster_0"", ""target_label"": 0, ""target_noise_loss"": 0.0, ""target_size"": 100}, {""coverage"": 0.98, ""f1"": 0.98989898989899, ""fragments"": 1, ""matched_predicted_cluster"": 1, ""overlap"": 98, ""passes_discovery_thresholds"": true, ""precision"": 1.0, ""purity"": 1.0, ""recall"": 0.98, ""target"": ""cluster_1"", ""target_label"": 1, ""target_noise_loss"": 0.02, ""target_size"": 100}, {""coverage"": 1.0, ""f1"": 1.0, ""fragments"": 1, ""matched_predicted_cluster"": 3, ""overlap"": 100, ""passes_discovery_thresholds"": true, ""precision"": 1.0, ""purity"": 1.0, ""recall"": 1.0, ""target"": ""cluster_2"", ""target_label"": 2, ""target_noise_loss"": 0.0, ""target_size"": 100}]"
synthetic__global_contamination_noise25__quality__signal300__n400__SNN-DBSCAN__233__b7f1daa01e33,ok,synthetic,global_contamination_noise25__quality__signal300__n400,SNN-DBSCAN,233,0.2.4,400,2,0.001582500000949949,0.013111699998262338,6.304659000001266,223.7578125,0.41015625,224.0078125,,,evaluation_state/synthetic__global_contamination_noise25__quality__signal300__n400__SNN-DBSCAN__233__b7f1daa01e33.npz,ac1dd691be7efc229c4b2da4ff5e6e36f51a168bb014402d2d2a4f9b3de6fd49,2058,0.9546801493003191,0.9746739935059259,2,2,0.0,known_synthetic_noise,0.49166666666666664,0.42446043165467623,1.6666666666666667,3,3,0.1,0.9,full_partition,target-discovery-v1,0,0.05,0.9833333333333334,0.9915909513899464,0.016666666666666666,1.0,3,pairwise_f1,hungarian,1.0,0,5,0.0,0.0,0.0,0.0125,0.0,0.0,0.9070347790378116,0.8542274052478134,0.9668013468013468,0.0125,5,macro,3,3,0.9833333333333333,0.8489208633093525,0.7468354430379747,0.9833333333333333,2,3,1.0,1.0,3,2,0.0,0.9833333333333333,1.0,0.9915909513899465,1.0,"{""background_inner_edge"": 6.0, ""background_intensity"": 3.0, ""background_size"": 100, ""background_strip_height"": 10.0, ""background_support_area"": 33.333333333333336, ""controlled_factor"": ""global_background_support_at_fixed_local_intensity"", ""declared_noise_fraction"": 0.25, ""dimension"": 2, ""family"": ""global_contamination_invariance"", ""n"": 400, ""n_targets"": 3, ""paired_background"": ""seeded_prefix"", ""realized_noise_fraction"": 0.25, ""signal_size"": 300}","{""eps"": 13, ""geometry_profile"": ""low_dim"", ""k"": 20, ""knn_backend"": ""kd_tree"", ""min_samples"": 5}",{},"[{""coverage"": 0.98, ""f1"": 0.98989898989899, ""fragments"": 1, ""matched_predicted_cluster"": 4, ""overlap"": 98, ""passes_discovery_thresholds"": true, ""precision"": 1.0, ""purity"": 1.0, ""recall"": 0.98, ""target"": ""cluster_0"", ""target_label"": 0, ""target_noise_loss"": 0.02, ""target_size"": 100}, {""coverage"": 0.99, ""f1"": 0.9949748743718593, ""fragments"": 1, ""matched_predicted_cluster"": 1, ""overlap"": 99, ""passes_discovery_thresholds"": true, ""precision"": 1.0, ""purity"": 1.0, ""recall"": 0.99, ""target"": ""cluster_1"", ""target_label"": 1, ""target_noise_loss"": 0.01, ""target_size"": 100}, {""coverage"": 0.98, ""f1"": 0.98989898989899, ""fragments"": 1, ""matched_predicted_cluster"": 0, ""overlap"": 98, ""passes_discovery_thresholds"": true, ""precision"": 1.0, ""purity"": 1.0, ""recall"": 0.98, ""target"": ""cluster_2"", ""target_label"": 2, ""target_noise_loss"": 0.02, ""target_size"": 100}]"
synthetic__global_contamination_noise25__quality__signal300__n400__StrataSCAN__211__e95c14c82e59,ok,synthetic,global_contamination_noise25__quality__signal300__n400,StrataSCAN,211,0.2.4,400,2,0.00172460000612773,0.479960900003789,5.402365700007067,215.28515625,33.4375,215.78125,,,evaluation_state/synthetic__global_contamination_noise25__quality__signal300__n400__StrataSCAN__211__e95c14c82e59.npz,3523006d43b62ff4e259854f7f9603f1cf4318dfef5dca2834b1c6f20716c2aa,2029,0.9740051210129412,0.9849751463816282,0,0,1.0,known_synthetic_noise,0.995,0.9900982746243533,1.0,3,3,0.1,0.9,full_partition,target-discovery-v1,0,0.05,0.9899999999999999,0.9949579547569497,0.01,1.0,3,pairwise_f1,hungarian,1.0,0,3,0.9900658788202634,0.9852216748768473,0.9852216748768473,0.2575,0.970873786407767,1.0,0.9899333424023943,1.0,0.9800673400673401,0.2575,3,macro,3,3,0.99,0.9949748743718593,1.0,0.99,0,3,1.0,1.0,3,0,0.0,0.99,1.0,0.9949579547569497,1.0,"{""background_inner_edge"": 6.0, ""background_intensity"": 3.0, ""background_size"": 100, ""background_strip_height"": 10.0, ""background_support_area"": 33.333333333333336, ""controlled_factor"": ""global_background_support_at_fixed_local_intensity"", ""declared_noise_fraction"": 0.25, ""dimension"": 2, ""family"": ""global_contamination_invariance"", ""n"": 400, ""n_targets"": 3, ""paired_background"": ""seeded_prefix"", ""realized_noise_fraction"": 0.25, ""signal_size"": 300}","{""ambiguous_model_confirmation_tolerance"": 1e-05, ""assignment"": ""maximum_posterior_basis_then_semantic_role"", ""background_model"": ""adaptive_gamma_basis_mixture_with_largest_rate_gap"", ""background_scan"": ""adaptive_dyadic_rank_windows_with_poisson_beta_boundary_code"", ""border_rule"": ""strict_local_core_radius"", ""component_initialization"": ""compiled_split_warm_single_start_with_guarded_confirmation"", ""component_selection"": ""semantic_icl_with_adaptive_bound"", ""connectivity"": ""density_ordered_non_merging_knn_watershed"", ""core_thresholds"": ""observed_d4_event_sweep"", ""duplicate_profile_confirmation_minimum"": 3, ""duplicate_profile_confirmation_tolerance"": 1e-08, ""extraction_objective"": ""gamma_topology_description_length"", ""fit_samples"": ""all_rows"", ""gamma_tolerance"": 0.0001, ""geometry_profile"": ""low_dim"", ""hard_component_bound"": 24, ""initial_component_bound"": 8, ""k"": 32, ""knn_backend"": ""kd_tree"", ""shell_ranks"": [4, 8, 16, 32], ""stratification_model"": ""adaptive_gamma_density_basis_with_semantic_background"", ""version"": ""0.2.3""}","{""algorithm"": ""OptimizationStrataSCAN"", ""algorithm_version"": ""0.2.3"", ""graph_seconds"": 0.006452799992985092, ""mdl_gamma_adaptive_search"": true, ""mdl_gamma_assignment"": ""maximum_posterior_basis_then_semantic_role"", ""mdl_gamma_background_basis_components"": [3, 4, 5, 6], ""mdl_gamma_background_boundary"": ""largest_rate_gap"", ""mdl_gamma_background_components"": 4, ""mdl_gamma_background_distribution"": ""gamma_components"", ""mdl_gamma_background_fraction"": 0.28, ""mdl_gamma_background_group"": 3, ""mdl_gamma_candidate_components"": [1, 2, 3, 4, 5, 6, 7, 8, 9, 10, 11, 12], ""mdl_gamma_candidate_converged"": [true, true, true, true, true, true, true, true, true, true, true, true], ""mdl_gamma_candidate_entropies"": [-0.0, 0.16176300356829143, 10.357185335137611, 12.278871297857087, 38.770138228163106, 57.00957054715297, 55.67946270491982, 96.44521875337551, 155.63771642419977, 152.65090613496108, 199.51772478997083, 240.36048307095237], ""mdl_gamma_candidate_iterations"": [2, 5, 9, 6, 19, 37, 14, 12, 7, 4, 5, 4], ""mdl_gamma_candidate_log_likelihoods"": [-18702.45371995338, -4873.609098032117, -3803.1233039908298, -3483.0131116558982, -3318.4871223499617, -3254.77847600901, -3223.8111627433154, -3202.967890088767, -3200.1846413642193, -3195.3440974632867, -3194.6778496434863, -3193.9759833568774], ""mdl_gamma_candidate_role_gains_nats"": [[0.0], [0.0, 0.0], [0.0, 0.0, 0.0], [0.0, 0.0, 0.0, 0.0], [0.0, 0.0, 0.0, 0.0, 0.0], [0.0, 0.0, 0.0, 0.0, 0.0, 0.0], [0.0, 0.0, 0.0, 0.0, 0.0, 0.0, 0.0], [0.0, 0.0, 0.0, 0.0, 0.0, 0.0, 0.0, 0.0], [0.0, 0.0, 0.0, 0.0, 0.0, 0.0, 0.0, 0.0, 0.0], [0.0, 0.0, 0.0, 0.0, 0.0, 0.0, 0.0, 0.0, 0.0, 0.0], [0.0, 0.0, 0.0, 0.0, 0.0, 0.0, 0.0, 0.0, 0.0, 0.0, 0.0], [0.0, 0.0, 0.0, 0.0, 0.0, 0.0, 0.0, 0.0, 0.0, 0.0, 0.0, 0.0]], ""mdl_gamma_candidate_role_threshold_sizes"": [[0], [0, 0], [0, 0, 0], [0, 0, 0, 0], [0, 0, 0, 0, 0], [0, 0, 0, 0, 0, 0], [0, 0, 0, 0, 0, 0, 0], [0, 0, 0, 0, 0, 0, 0, 0], [0, 0, 0, 0, 0, 0, 0, 0, 0], [0, 0, 0, 0, 0, 0, 0, 0, 0, 0], [0, 0, 0, 0, 0, 0, 0, 0, 0, 0, 0], [0, 0, 0, 0, 0, 0, 0, 0, 0, 0, 0, 0]], ""mdl_gamma_candidate_scores"": [37416.890369000976, 9777.49904480691, 7674.892695028799, 7056.490075925699, 6798.395024815761, 6725.430990413161, 6678.81054183863, 6736.6299022677695, 6867.422793801646, 6869.742479062627, 6980.11801437437, 7078.374192004439], ""mdl_gamma_candidate_signal_components"": [[], [0], [0], [0], [0, 1], [0, 1, 2], [0, 1, 2], [0, 1, 2, 3], [0, 1, 2, 3, 4], [0, 1, 2, 3, 4], [0, 1, 2, 3, 4, 5], [0, 1, 2, 3, 4, 5, 6]], ""mdl_gamma_criterion"": ""icl"", ""mdl_gamma_entropy_scope"": ""semantic"", ""mdl_gamma_fit_samples"": 400, ""mdl_gamma_grouping"": ""largest_rate_gap"", ""mdl_gamma_guarded_confirmation"": true, ""mdl_gamma_log_rate_gaps"": [0.7784553721004184, 0.8348131703857814], ""mdl_gamma_mean_background_probability"": 0.28189106444874, ""mdl_gamma_mean_posterior_entropy"": 0.13919865676229956, ""mdl_gamma_mu"": [2.5053458019910098, 1.5281755597842723, 0.602214658775722, 0.43414433946462605, -1.014934958119727, -0.30122698430048, 0.18569512542546374], ""mdl_gamma_n_init"": 1, ""mdl_gamma_ranks"": [4, 8, 16, 32], ""mdl_gamma_rates"": [[10.033588759408751, 9.081456704630634, 8.219676713453481, 7.439674874983327], [4.606567342196149, 4.604972383974033, 4.603377977983445, 4.601784124033187], [1.9990454627876504, 2.0915331625625897, 2.188299891888829, 2.2895436240530356], [0.7056554369050652, 0.47710700446509335, 0.32258108108402306, 0.2181031779024119], [0.5867978086183961, 0.7466602835073572, 0.9500744051514328, 1.2089050338713438], [0.3649274125685119, 0.2562833193814121, 0.17998412158424462, 0.126400282705257], [0.3427138154580604, 0.18284127198193978, 0.09754765997773081, 0.05204265899042141]], ""mdl_gamma_role_evidence_neighbour_ranks"": [], ""mdl_gamma_search_caps"": [8, 12], ""mdl_gamma_search_hard_max"": 24, ""mdl_gamma_search_hit_hard_max"": false, ""mdl_gamma_search_initial_max"": 8, ""mdl_gamma_selected_components"": 7, ""mdl_gamma_signal_basis_components"": [0, 1, 2], ""mdl_gamma_signal_components"": 3, ""mdl_gamma_slopes"": [-0.1438420778966918, -0.0004995990700512931, 0.0652495904088246, -0.5646510378688525, 0.34758850966498295, -0.5098699456446413, -0.906412590296815], ""mdl_gamma_split_warm_start"": true, ""mdl_gamma_tolerance"": 0.0001, ""mdl_gamma_weights"": [0.2767677725760519, 0.2641298367739218, 0.17716350727298397, 0.10809228609523482, 0.031934887829062134, 0.08324533117027873, 0.05866637828246667], ""optimization_background_events"": [], ""optimization_background_intrinsic_dimension"": 1.3736849155878574, ""optimization_border_fraction"": 0.08, ""optimization_border_model"": ""strict_local_core_radius"", ""optimization_border_seconds"": 0.0005301999917719513, ""optimization_boundary_component_gains_nats"": [[0.0, 0.0, 0.0, 0.0, 0.0, 0.0], [0.0, 0.0, 0.0, 0.0, 0.0, 0.0, 0.0, 0.0, 0.0, 0.0, 0.0], [0.0, 0.0, 0.0, 0.0, 0.0, 0.0, 0.0, 0.0, 0.0, 0.0, 0.0, 0.0], []], ""optimization_candidate_groups"": [0, 1, 2, 3], ""optimization_clusters"": 3, ""optimization_connectivity_rank"": 4, ""optimization_core_fraction"": 0.6625, ""optimization_core_rank"": 4, ""optimization_description_gain_nats"": 7927.897439459965, ""optimization_group_gains_nats"": [4211.569609061633, 2920.1099677375655, 694.4945237227989, 0.0], ""optimization_group_sizes"": [110, 109, 69, 112], ""optimization_noise_fraction"": 0.2575, ""optimization_objective"": ""gamma_topology_component_and_attachment_description_gain"", ""optimization_objective_trace"": [0.0, -7927.897439459965], ""optimization_ordering_modes"": [""d4"", ""d4"", ""d4"", ""adaptive_d4_rank_windows_with_beta_boundary_code""], ""optimization_seconds"": 0.04867499999818392, ""optimization_selected_component_gains_nats"": [1723.1122982391314, 1390.1325822279919, 1145.935467250511, 296.47747027393643, 90.28781994188645, 355.88882445717064, 401.6603086893191, 849.5709495460217, 252.9269508153363, 338.7847699777116, 159.73126119256216, 173.746383644922, 147.84145345419822, 140.22307456304432, 56.12057413354424, 45.07268294670734, 107.6811121267216, 58.35630964806221, 58.28725406828289, 104.03207732914386], ""optimization_selected_groups"": [0, 1, 2], ""optimization_selected_local_components"": [3, 9, 8, 0], ""optimization_solver"": ""exact_stratum_event_sweep"", ""optimization_sparse_memory"": true, ""optimization_threshold_seconds"": 0.04842439999629278, ""optimization_threshold_sizes"": [110, 109, 69, 0], ""optimization_thresholds"": [0.27157384157180786, 0.38649067282676697, 0.6672967076301575, 0.0], ""optimization_topology_evidence_ranks"": [5, 8], ""optimization_unified_background_scan"": true, ""stratification"": ""adaptive-semantic-information-criterion-gamma-v2""}","[{""coverage"": 0.98, ""f1"": 0.98989898989899, ""fragments"": 1, ""matched_predicted_cluster"": 1, ""overlap"": 98, ""passes_discovery_thresholds"": true, ""precision"": 1.0, ""purity"": 1.0, ""recall"": 0.98, ""target"": ""cluster_0"", ""target_label"": 0, ""target_noise_loss"": 0.02, ""target_size"": 100}, {""coverage"": 0.99, ""f1"": 0.9949748743718593, ""fragments"": 1, ""matched_predicted_cluster"": 0, ""overlap"": 99, ""passes_discovery_thresholds"": true, ""precision"": 1.0, ""purity"": 1.0, ""recall"": 0.99, ""target"": ""cluster_1"", ""target_label"": 1, ""target_noise_loss"": 0.01, ""target_size"": 100}, {""coverage"": 1.0, ""f1"": 1.0, ""fragments"": 1, ""matched_predicted_cluster"": 2, ""overlap"": 100, ""passes_discovery_thresholds"": true, ""precision"": 1.0, ""purity"": 1.0, ""recall"": 1.0, ""target"": ""cluster_2"", ""target_label"": 2, ""target_noise_loss"": 0.0, ""target_size"": 100}]"
synthetic__global_contamination_noise25__quality__signal300__n400__StrataSCAN__223__a417f998fb3d,ok,synthetic,global_contamination_noise25__quality__signal300__n400,StrataSCAN,223,0.2.4,400,2,0.0023461999953724444,0.46268499999132473,5.315885000003618,214.41015625,32.89453125,214.81640625,,,evaluation_state/synthetic__global_contamination_noise25__quality__signal300__n400__StrataSCAN__223__a417f998fb3d.npz,1a85c9bef8f22e850ceb438e2dd1ddc91748abd311169cdecdf7d061a180b1d6,2105,0.9216528148382932,0.9450961717988554,4,4,0.05,known_synthetic_noise,0.5066666666666667,0.46561806815890305,2.3333333333333335,3,3,0.1,0.9,full_partition,target-discovery-v1,0,0.05,0.9633333333333333,0.9811590059747023,0.03666666666666667,1.0,3,pairwise_f1,hungarian,1.0,0,7,0.15848861712492174,0.08620689655172414,0.08620689655172414,0.04,0.3125,0.05,0.9275957203418344,0.9269096288327058,0.9282828282828283,0.04,7,macro,3,3,0.9633333333333334,0.8450292397660819,0.7526041666666666,0.9633333333333334,4,3,1.0,1.0,3,4,0.0,0.9633333333333334,1.0,0.9811590059747023,1.0,"{""background_inner_edge"": 6.0, ""background_intensity"": 3.0, ""background_size"": 100, ""background_strip_height"": 10.0, ""background_support_area"": 33.333333333333336, ""controlled_factor"": ""global_background_support_at_fixed_local_intensity"", ""declared_noise_fraction"": 0.25, ""dimension"": 2, ""family"": ""global_contamination_invariance"", ""n"": 400, ""n_targets"": 3, ""paired_background"": ""seeded_prefix"", ""realized_noise_fraction"": 0.25, ""signal_size"": 300}","{""ambiguous_model_confirmation_tolerance"": 1e-05, ""assignment"": ""maximum_posterior_basis_then_semantic_role"", ""background_model"": ""adaptive_gamma_basis_mixture_with_largest_rate_gap"", ""background_scan"": ""adaptive_dyadic_rank_windows_with_poisson_beta_boundary_code"", ""border_rule"": ""strict_local_core_radius"", ""component_initialization"": ""compiled_split_warm_single_start_with_guarded_confirmation"", ""component_selection"": ""semantic_icl_with_adaptive_bound"", ""connectivity"": ""density_ordered_non_merging_knn_watershed"", ""core_thresholds"": ""observed_d4_event_sweep"", ""duplicate_profile_confirmation_minimum"": 3, ""duplicate_profile_confirmation_tolerance"": 1e-08, ""extraction_objective"": ""gamma_topology_description_length"", ""fit_samples"": ""all_rows"", ""gamma_tolerance"": 0.0001, ""geometry_profile"": ""low_dim"", ""hard_component_bound"": 24, ""initial_component_bound"": 8, ""k"": 32, ""knn_backend"": ""kd_tree"", ""shell_ranks"": [4, 8, 16, 32], ""stratification_model"": ""adaptive_gamma_density_basis_with_semantic_background"", ""version"": ""0.2.3""}","{""algorithm"": ""OptimizationStrataSCAN"", ""algorithm_version"": ""0.2.3"", ""graph_seconds"": 0.006636199992499314, ""mdl_gamma_adaptive_search"": true, ""mdl_gamma_assignment"": ""maximum_posterior_basis_then_semantic_role"", ""mdl_gamma_background_basis_components"": [6], ""mdl_gamma_background_boundary"": ""largest_rate_gap"", ""mdl_gamma_background_components"": 1, ""mdl_gamma_background_distribution"": ""gamma_components"", ""mdl_gamma_background_fraction"": 0.0125, ""mdl_gamma_background_group"": 6, ""mdl_gamma_candidate_components"": [1, 2, 3, 4, 5, 6, 7, 8, 9, 10, 11, 12], ""mdl_gamma_candidate_converged"": [true, true, true, true, true, true, true, true, true, true, true, true], ""mdl_gamma_candidate_entropies"": [-0.0, 0.11542519476495536, 10.804252672912973, 10.662724527874168, 44.46595367882507, 51.49529205553661, 78.7909718870115, 148.25960222777687, 163.87291727971882, 186.76031524618185, 239.45609602675427, 277.371522557703], ""mdl_gamma_candidate_iterations"": [2, 5, 7, 11, 24, 21, 15, 4, 6, 7, 4, 3], ""mdl_gamma_candidate_log_likelihoods"": [-18121.253779238843, -4524.897190861256, -3581.027907273331, -3360.040741849228, -3212.9602920430875, -3153.442721342929, -3090.7721401762506, -3087.555430969918, -3072.537969423146, -3062.1248633087152, -3061.216305502848, -3060.693913503471], ""mdl_gamma_candidate_role_gains_nats"": [[0.0], [0.0, 0.0], [0.0, 0.0, 0.0], [0.0, 0.0, 0.0, 0.0], [0.0, 0.0, 0.0, 0.0, 0.0], [0.0, 0.0, 0.0, 0.0, 0.0, 0.0], [0.0, 0.0, 0.0, 0.0, 0.0, 0.0, 0.0], [0.0, 0.0, 0.0, 0.0, 0.0, 0.0, 0.0, 0.0], [0.0, 0.0, 0.0, 0.0, 0.0, 0.0, 0.0, 0.0, 0.0], [0.0, 0.0, 0.0, 0.0, 0.0, 0.0, 0.0, 0.0, 0.0, 0.0], [0.0, 0.0, 0.0, 0.0, 0.0, 0.0, 0.0, 0.0, 0.0, 0.0, 0.0], [0.0, 0.0, 0.0, 0.0, 0.0, 0.0, 0.0, 0.0, 0.0, 0.0, 0.0, 0.0]], ""mdl_gamma_candidate_role_threshold_sizes"": [[0], [0, 0], [0, 0, 0], [0, 0, 0, 0], [0, 0, 0, 0, 0], [0, 0, 0, 0, 0, 0], [0, 0, 0, 0, 0, 0, 0], [0, 0, 0, 0, 0, 0, 0, 0], [0, 0, 0, 0, 0, 0, 0, 0, 0], [0, 0, 0, 0, 0, 0, 0, 0, 0, 0], [0, 0, 0, 0, 0, 0, 0, 0, 0, 0, 0], [0, 0, 0, 0, 0, 0, 0, 0, 0, 0, 0, 0]], ""mdl_gamma_candidate_scores"": [36254.4904875719, 9079.98255484758, 7231.596036269351, 6807.313042772393, 6598.732995103336, 6511.730924097767, 6458.955515068684, 6609.433750978873, 6628.599851630537, 6671.522828975926, 6793.071668566661, 6885.832131271127], ""mdl_gamma_candidate_signal_components"": [[], [0], [0], [0], [0, 1], [0, 1, 2, 3, 4], [0, 1, 2, 3, 4, 5], [0, 1, 2, 3, 4, 5, 6], [0, 1, 2, 3, 4, 5, 6, 7], [0, 1, 2, 3, 4, 5, 6, 7, 8], [0, 1, 2, 3, 4, 5, 6, 7, 8, 9], [0, 1, 2, 3, 4, 5, 6, 7, 8, 9, 10]], ""mdl_gamma_criterion"": ""icl"", ""mdl_gamma_entropy_scope"": ""semantic"", ""mdl_gamma_fit_samples"": 400, ""mdl_gamma_grouping"": ""largest_rate_gap"", ""mdl_gamma_guarded_confirmation"": true, ""mdl_gamma_log_rate_gaps"": [0.48073361458050057, 0.9841882879064457, 1.0625508420954395, 0.2933412200839775, 0.03312664286946776], ""mdl_gamma_mean_background_probability"": 0.013660785920621248, ""mdl_gamma_mean_posterior_entropy"": 0.19697742971752874, ""mdl_gamma_mu"": [2.455084845077341, 2.00165085305961, 0.6697478431413799, -0.7582181462154818, 0.78640605025047, 0.1407911981679808, -1.8794066606215045], ""mdl_gamma_n_init"": 1, ""mdl_gamma_ranks"": [4, 8, 16, 32], ""mdl_gamma_rates"": [[9.906007769700723, 9.13551628271585, 8.424953794911854, 7.769659015406889], [6.125177918505255, 5.572179551927499, 5.069107440146974, 4.611454099835107], [2.2892391558850234, 2.478008844629403, 2.682344401752822, 2.903529382152284], [0.7910996605240591, 1.027996830644021, 1.3358335700891295, 1.7358529460243013], [0.5899765160629203, 0.30583429467901685, 0.15853955751661875, 0.08218434536239648], [0.5707527422006662, 0.4018829577525339, 0.2829770227808053, 0.1992520306650985], [0.10059295831921557, 0.0816505926983993, 0.06627520851751689, 0.05379511793949851]], ""mdl_gamma_role_evidence_neighbour_ranks"": [], ""mdl_gamma_search_caps"": [8, 12], ""mdl_gamma_search_hard_max"": 24, ""mdl_gamma_search_hit_hard_max"": false, ""mdl_gamma_search_initial_max"": 8, ""mdl_gamma_selected_components"": 7, ""mdl_gamma_signal_basis_components"": [0, 1, 2, 3, 4, 5], ""mdl_gamma_signal_components"": 6, ""mdl_gamma_slopes"": [-0.11681748920761965, -0.13651000425234408, 0.11431314829289879, 0.37790445870278094, -0.9479073371882194, -0.5060904861709256, -0.3009940541305302], ""mdl_gamma_split_warm_start"": true, ""mdl_gamma_tolerance"": 0.0001, ""mdl_gamma_weights"": [0.2255956225730492, 0.2922261685003232, 0.17585673900412663, 0.05632146973779527, 0.09022095046906341, 0.1461169470288373, 0.013662102686805065], ""optimization_background_events"": [], ""optimization_background_intrinsic_dimension"": 1.0, ""optimization_border_fraction"": 0.055, ""optimization_border_model"": ""strict_local_core_radius"", ""optimization_border_seconds"": 0.00035930000012740493, ""optimization_boundary_component_gains_nats"": [[0.0, 0.0, 0.0, 0.0], [0.0, 0.0, 0.0, 0.0, 0.0, 0.0, 0.0, 0.0, 0.0, 0.0, 0.0, 0.0], [0.0, 0.0, 0.0, 0.0, 0.0, 0.0, 0.0, 0.0, 0.0, 0.0, 0.0, 0.0, 0.0, 0.0, 0.0, 0.0, 0.0], [0.0, 0.0, 0.0, 0.0, 0.0, 0.0, 0.0, 0.0, 0.0, 0.0, 0.0, 0.0], [0.0, 0.0, 0.0, 0.0], [0.0, 0.0], []], ""optimization_candidate_groups"": [0, 1, 2, 3, 4, 5, 6], ""optimization_clusters"": 7, ""optimization_connectivity_rank"": 4, ""optimization_core_fraction"": 0.905, ""optimization_core_rank"": 4, ""optimization_description_gain_nats"": 13074.549800451496, ""optimization_group_gains_nats"": [3557.0675254093608, 4349.308449562758, 2517.0878771440357, 716.0188425452293, 557.0568343939083, 1710.2351875531654, 0.0], ""optimization_group_sizes"": [92, 118, 70, 20, 36, 59, 5], ""optimization_noise_fraction"": 0.04, ""optimization_objective"": ""gamma_topology_component_and_attachment_description_gain"", ""optimization_objective_trace"": [0.0, -13074.549800451496], ""optimization_ordering_modes"": [""d4"", ""d4"", ""d4"", ""d4"", ""d4"", ""d4"", ""adaptive_d4_rank_windows_with_beta_boundary_code""], ""optimization_seconds"": 0.04187090000777971, ""optimization_selected_component_gains_nats"": [1756.1536331056645, 1659.004251629181, 283.978120374613, 2159.7440297936087, 320.09811643319455, 450.9186433402077, 502.94921989450836, 463.14830328798973, 244.51529967207838, 143.59676983394755, 175.3611505465619, 175.3611505465619, 380.1478090567016, 268.40832911695065, 218.29711414673847, 140.4003668649314, 137.7862484836634, 105.87473916329544, 102.52986021222351, 173.2808647667568, 140.4003668649314, 105.87473916329544, 143.59676983394755, 67.76661873978301, 178.00783180128784, 67.76661873978301, 117.93783566079463, 364.82517032398687, 142.41946160566906, 31.674408539368322, 744.8097461908243, 1094.4094880050634], ""optimization_selected_groups"": [0, 1, 2, 3, 4, 5], ""optimization_selected_local_components"": [3, 8, 13, 2, 4, 2, 0], ""optimization_solver"": ""exact_stratum_event_sweep"", ""optimization_sparse_memory"": true, ""optimization_threshold_seconds"": 0.04164470000250731, ""optimization_threshold_sizes"": [92, 118, 70, 20, 34, 59, 0], ""optimization_thresholds"": [0.26688352227211, 0.32535988092422485, 0.6469836235046387, 0.8497872352600098, 1.1195635795593262, 1.0896714925765991, 0.0], ""optimization_topology_evidence_ranks"": [5, 8], ""optimization_unified_background_scan"": true, ""stratification"": ""adaptive-semantic-information-criterion-gamma-v2""}","[{""coverage"": 0.93, ""f1"": 0.9637305699481865, ""fragments"": 1, ""matched_predicted_cluster"": 1, ""overlap"": 93, ""passes_discovery_thresholds"": true, ""precision"": 1.0, ""purity"": 1.0, ""recall"": 0.93, ""target"": ""cluster_0"", ""target_label"": 0, ""target_noise_loss"": 0.07, ""target_size"": 100}, {""coverage"": 0.97, ""f1"": 0.9847715736040609, ""fragments"": 1, ""matched_predicted_cluster"": 2, ""overlap"": 97, ""passes_discovery_thresholds"": true, ""precision"": 1.0, ""purity"": 1.0, ""recall"": 0.97, ""target"": ""cluster_1"", ""target_label"": 1, ""target_noise_loss"": 0.03, ""target_size"": 100}, {""coverage"": 0.99, ""f1"": 0.9949748743718593, ""fragments"": 1, ""matched_predicted_cluster"": 0, ""overlap"": 99, ""passes_discovery_thresholds"": true, ""precision"": 1.0, ""purity"": 1.0, ""recall"": 0.99, ""target"": ""cluster_2"", ""target_label"": 2, ""target_noise_loss"": 0.01, ""target_size"": 100}]"
synthetic__global_contamination_noise25__quality__signal300__n400__StrataSCAN__227__336221766e1e,ok,synthetic,global_contamination_noise25__quality__signal300__n400,StrataSCAN,227,0.2.4,400,2,0.0023150999913923442,0.5008831000013743,5.359414700011257,215.12890625,33.6015625,215.60546875,,,evaluation_state/synthetic__global_contamination_noise25__quality__signal300__n400__StrataSCAN__227__336221766e1e.npz,2cc1e068e9e35444dc9eec70269be01b185d04783dd59445825b1b199b22b799,2040,0.9377417167414284,0.9515258186255833,0,0,1.0,known_synthetic_noise,0.9833333333333334,0.9677158999192896,1.0,3,3,0.1,0.9,full_partition,target-discovery-v1,0,0.05,0.9666666666666667,0.9827441077441078,0.03333333333333333,1.0,3,pairwise_f1,hungarian,1.0,0,3,0.9673243229247579,0.9523809523809523,0.9523809523809523,0.275,0.9090909090909091,1.0,0.9665611190368488,1.0,0.9352861952861953,0.275,3,macro,3,3,0.9666666666666667,0.983050847457627,1.0,0.9666666666666667,0,3,1.0,1.0,3,0,0.0,0.9666666666666667,1.0,0.9827441077441078,1.0,"{""background_inner_edge"": 6.0, ""background_intensity"": 3.0, ""background_size"": 100, ""background_strip_height"": 10.0, ""background_support_area"": 33.333333333333336, ""controlled_factor"": ""global_background_support_at_fixed_local_intensity"", ""declared_noise_fraction"": 0.25, ""dimension"": 2, ""family"": ""global_contamination_invariance"", ""n"": 400, ""n_targets"": 3, ""paired_background"": ""seeded_prefix"", ""realized_noise_fraction"": 0.25, ""signal_size"": 300}","{""ambiguous_model_confirmation_tolerance"": 1e-05, ""assignment"": ""maximum_posterior_basis_then_semantic_role"", ""background_model"": ""adaptive_gamma_basis_mixture_with_largest_rate_gap"", ""background_scan"": ""adaptive_dyadic_rank_windows_with_poisson_beta_boundary_code"", ""border_rule"": ""strict_local_core_radius"", ""component_initialization"": ""compiled_split_warm_single_start_with_guarded_confirmation"", ""component_selection"": ""semantic_icl_with_adaptive_bound"", ""connectivity"": ""density_ordered_non_merging_knn_watershed"", ""core_thresholds"": ""observed_d4_event_sweep"", ""duplicate_profile_confirmation_minimum"": 3, ""duplicate_profile_confirmation_tolerance"": 1e-08, ""extraction_objective"": ""gamma_topology_description_length"", ""fit_samples"": ""all_rows"", ""gamma_tolerance"": 0.0001, ""geometry_profile"": ""low_dim"", ""hard_component_bound"": 24, ""initial_component_bound"": 8, ""k"": 32, ""knn_backend"": ""kd_tree"", ""shell_ranks"": [4, 8, 16, 32], ""stratification_model"": ""adaptive_gamma_density_basis_with_semantic_background"", ""version"": ""0.2.3""}","{""algorithm"": ""OptimizationStrataSCAN"", ""algorithm_version"": ""0.2.3"", ""graph_seconds"": 0.007476799990399741, ""mdl_gamma_adaptive_search"": true, ""mdl_gamma_assignment"": ""maximum_posterior_basis_then_semantic_role"", ""mdl_gamma_background_basis_components"": [3, 4, 5], ""mdl_gamma_background_boundary"": ""largest_rate_gap"", ""mdl_gamma_background_components"": 3, ""mdl_gamma_background_distribution"": ""gamma_components"", ""mdl_gamma_background_fraction"": 0.28, ""mdl_gamma_background_group"": 3, ""mdl_gamma_candidate_components"": [1, 2, 3, 4, 5, 6, 7, 8], ""mdl_gamma_candidate_converged"": [true, true, true, true, true, true, true, true], ""mdl_gamma_candidate_entropies"": [-0.0, 0.7692045876507771, 9.209134947588598, 13.088013395708861, 36.7622818462901, 61.91529202644429, 127.84168248606322, 124.9754967930589], ""mdl_gamma_candidate_iterations"": [2, 5, 10, 7, 23, 23, 6, 4], ""mdl_gamma_candidate_log_likelihoods"": [-19684.596472250803, -4506.077249843506, -3556.231202116266, -3384.370503625913, -3242.963497619457, -3181.605036127636, -3175.11141924432, -3159.4967788727663], ""mdl_gamma_candidate_role_gains_nats"": [[0.0], [0.0, 0.0], [0.0, 0.0, 0.0], [0.0, 0.0, 0.0, 0.0], [0.0, 0.0, 0.0, 0.0, 0.0], [0.0, 0.0, 0.0, 0.0, 0.0, 0.0], [0.0, 0.0, 0.0, 0.0, 0.0, 0.0, 0.0], [0.0, 0.0, 0.0, 0.0, 0.0, 0.0, 0.0, 0.0]], ""mdl_gamma_candidate_role_threshold_sizes"": [[0], [0, 0], [0, 0, 0], [0, 0, 0, 0], [0, 0, 0, 0, 0], [0, 0, 0, 0, 0, 0], [0, 0, 0, 0, 0, 0, 0], [0, 0, 0, 0, 0, 0, 0, 0]], ""mdl_gamma_candidate_scores"": [39381.17587359582, 9043.650231597854, 7178.812390504573, 6860.823144061432, 6643.3320625910055, 6588.895553608996, 6725.735494402927, 6706.748235915134], ""mdl_gamma_candidate_signal_components"": [[], [0], [0], [0], [0, 1], [0, 1, 2], [0, 1, 2, 3], [0, 1, 2, 3]], ""mdl_gamma_criterion"": ""icl"", ""mdl_gamma_entropy_scope"": ""semantic"", ""mdl_gamma_fit_samples"": 400, ""mdl_gamma_grouping"": ""largest_rate_gap"", ""mdl_gamma_guarded_confirmation"": true, ""mdl_gamma_log_rate_gaps"": [0.59577539428745, 1.016952999835176], ""mdl_gamma_mean_background_probability"": 0.28083332182936327, ""mdl_gamma_mean_posterior_entropy"": 0.15478823006611073, ""mdl_gamma_mu"": [2.41952858241601, 1.7408072690177763, 0.3770531231969363, -1.3392066175020965, 0.7653844574029156, 0.07918129637549143], ""mdl_gamma_n_init"": 1, ""mdl_gamma_ranks"": [4, 8, 16, 32], ""mdl_gamma_rates"": [[9.423417305137065, 8.628169725974347, 7.90003354511715, 7.2333451932563175], [5.193575597528241, 4.956649285297794, 4.730531341285543, 4.514728697320036], [1.8784921364166258, 2.132249526797293, 2.420285907185149, 2.7472318783053584], [0.5413030144637154, 0.7779750881876722, 1.1181264867705392, 1.60700112304398], [0.4916529466536846, 0.23511852382834766, 0.11243850082355031, 0.05377039742167378], [0.48177202664462887, 0.32141664946968757, 0.21443474681547642, 0.1430612282147942]], ""mdl_gamma_role_evidence_neighbour_ranks"": [], ""mdl_gamma_search_caps"": [8], ""mdl_gamma_search_hard_max"": 24, ""mdl_gamma_search_hit_hard_max"": false, ""mdl_gamma_search_initial_max"": 8, ""mdl_gamma_selected_components"": 6, ""mdl_gamma_signal_basis_components"": [0, 1, 2], ""mdl_gamma_signal_components"": 3, ""mdl_gamma_slopes"": [-0.1271957769668046, -0.06736294388525199, 0.18280120285881138, 0.5232875366057772, -1.0642520832212727, -0.5839059651853598], ""mdl_gamma_split_warm_start"": true, ""mdl_gamma_tolerance"": 0.0001, ""mdl_gamma_weights"": [0.31090598558350563, 0.24093636047985525, 0.16692189226760035, 0.031235761656682536, 0.07560266868020761, 0.17439733133214877], ""optimization_background_events"": [], ""optimization_background_intrinsic_dimension"": 1.3873180997757317, ""optimization_border_fraction"": 0.06, ""optimization_border_model"": ""strict_local_core_radius"", ""optimization_border_seconds"": 0.0003799999976763502, ""optimization_boundary_component_gains_nats"": [[0.0, 0.0, 0.0, 0.0], [0.0, 0.0, 0.0, 0.0, 0.0, 0.0, 0.0, 0.0, 0.0, 0.0, 0.0, 0.0, 0.0, 0.0, 0.0, 0.0, 0.0], [0.0, 0.0, 0.0, 0.0, 0.0, 0.0, 0.0, 0.0, 0.0, 0.0, 0.0, 0.0, 0.0, 0.0], []], ""optimization_candidate_groups"": [0, 1, 2, 3], ""optimization_clusters"": 3, ""optimization_connectivity_rank"": 4, ""optimization_core_fraction"": 0.665, ""optimization_core_rank"": 4, ""optimization_description_gain_nats"": 7838.348529701764, ""optimization_group_gains_nats"": [4800.478281445809, 2047.9598917557926, 614.5379758555496, 0.0], ""optimization_group_sizes"": [131, 89, 68, 112], ""optimization_noise_fraction"": 0.275, ""optimization_objective"": ""gamma_topology_component_and_attachment_description_gain"", ""optimization_objective_trace"": [0.0, -7838.348529701764], ""optimization_ordering_modes"": [""d4"", ""d4"", ""d4"", ""adaptive_d4_rank_windows_with_beta_boundary_code""], ""optimization_seconds"": 0.06327290000626817, ""optimization_selected_component_gains_nats"": [259.0087800606819, 1457.112722045452, 1905.9057033223594, 1645.268884740228, 110.82256403247987, 183.34728416990927, 113.67804453900713, 95.70980320522162, 59.786772538689036, 168.71216567549598, 331.98536807877883, 186.74645045835723, 310.0837021222882, 45.2528541748864, 166.83271232320593, 61.854734416497394, 223.60402444431892, 71.21371837772442, 35.89411471309067, 117.48359151918369, 47.99839377627856, 75.15271455244842, 39.64694769430222, 22.427967106459903, 90.9257597580433], ""optimization_selected_groups"": [0, 1, 2], ""optimization_selected_local_components"": [4, 13, 8, 0], ""optimization_solver"": ""exact_stratum_event_sweep"", ""optimization_sparse_memory"": true, ""optimization_threshold_seconds"": 0.06303930000285618, ""optimization_threshold_sizes"": [131, 89, 68, 0], ""optimization_thresholds"": [0.24126504361629486, 0.3703421354293823, 0.6092756986618042, 0.0], ""optimization_topology_evidence_ranks"": [5, 8], ""optimization_unified_background_scan"": true, ""stratification"": ""adaptive-semantic-information-criterion-gamma-v2""}","[{""coverage"": 0.92, ""f1"": 0.9583333333333334, ""fragments"": 1, ""matched_predicted_cluster"": 1, ""overlap"": 92, ""passes_discovery_thresholds"": true, ""precision"": 1.0, ""purity"": 1.0, ""recall"": 0.92, ""target"": ""cluster_0"", ""target_label"": 0, ""target_noise_loss"": 0.08, ""target_size"": 100}, {""coverage"": 0.98, ""f1"": 0.98989898989899, ""fragments"": 1, ""matched_predicted_cluster"": 0, ""overlap"": 98, ""passes_discovery_thresholds"": true, ""precision"": 1.0, ""purity"": 1.0, ""recall"": 0.98, ""target"": ""cluster_1"", ""target_label"": 1, ""target_noise_loss"": 0.02, ""target_size"": 100}, {""coverage"": 1.0, ""f1"": 1.0, ""fragments"": 1, ""matched_predicted_cluster"": 2, ""overlap"": 100, ""passes_discovery_thresholds"": true, ""precision"": 1.0, ""purity"": 1.0, ""recall"": 1.0, ""target"": ""cluster_2"", ""target_label"": 2, ""target_noise_loss"": 0.0, ""target_size"": 100}]"
synthetic__global_contamination_noise25__quality__signal300__n400__StrataSCAN__229__600a23b06cf5,ok,synthetic,global_contamination_noise25__quality__signal300__n400,StrataSCAN,229,0.2.4,400,2,0.0016306000034091994,0.5242494999984046,5.4205858999921475,215.3203125,33.50390625,215.8203125,,,evaluation_state/synthetic__global_contamination_noise25__quality__signal300__n400__StrataSCAN__229__600a23b06cf5.npz,5ab5822d4ccc666dbe3dad1cd765e63031fbb8831c3c1ec5d92c0b4e6048eeee,2015,0.608378632543468,0.4969706791373902,0,0,1.0,known_synthetic_noise,0.835,0.7356457653255363,1.0,3,3,0.1,0.9,full_partition,target-discovery-v1,0,0.05,0.67,0.7982123127548992,0.33,1.0,3,pairwise_f1,hungarian,1.0,0,3,0.7278551391830389,0.6688963210702341,0.6688963210702341,0.4975,0.5025125628140703,1.0,0.6271609503559212,1.0,0.4568350168350168,0.4975,3,macro,1,0,0.67,0.8023952095808384,1.0,0.67,0,3,1.0,0.3333333333333333,3,0,0.0,0.67,1.0,0.7982123127548991,1.0,"{""background_inner_edge"": 6.0, ""background_intensity"": 3.0, ""background_size"": 100, ""background_strip_height"": 10.0, ""background_support_area"": 33.333333333333336, ""controlled_factor"": ""global_background_support_at_fixed_local_intensity"", ""declared_noise_fraction"": 0.25, ""dimension"": 2, ""family"": ""global_contamination_invariance"", ""n"": 400, ""n_targets"": 3, ""paired_background"": ""seeded_prefix"", ""realized_noise_fraction"": 0.25, ""signal_size"": 300}","{""ambiguous_model_confirmation_tolerance"": 1e-05, ""assignment"": ""maximum_posterior_basis_then_semantic_role"", ""background_model"": ""adaptive_gamma_basis_mixture_with_largest_rate_gap"", ""background_scan"": ""adaptive_dyadic_rank_windows_with_poisson_beta_boundary_code"", ""border_rule"": ""strict_local_core_radius"", ""component_initialization"": ""compiled_split_warm_single_start_with_guarded_confirmation"", ""component_selection"": ""semantic_icl_with_adaptive_bound"", ""connectivity"": ""density_ordered_non_merging_knn_watershed"", ""core_thresholds"": ""observed_d4_event_sweep"", ""duplicate_profile_confirmation_minimum"": 3, ""duplicate_profile_confirmation_tolerance"": 1e-08, ""extraction_objective"": ""gamma_topology_description_length"", ""fit_samples"": ""all_rows"", ""gamma_tolerance"": 0.0001, ""geometry_profile"": ""low_dim"", ""hard_component_bound"": 24, ""initial_component_bound"": 8, ""k"": 32, ""knn_backend"": ""kd_tree"", ""shell_ranks"": [4, 8, 16, 32], ""stratification_model"": ""adaptive_gamma_density_basis_with_semantic_background"", ""version"": ""0.2.3""}","{""algorithm"": ""OptimizationStrataSCAN"", ""algorithm_version"": ""0.2.3"", ""graph_seconds"": 0.006873999998788349, ""mdl_gamma_adaptive_search"": true, ""mdl_gamma_assignment"": ""maximum_posterior_basis_then_semantic_role"", ""mdl_gamma_background_basis_components"": [1, 2, 3, 4], ""mdl_gamma_background_boundary"": ""largest_rate_gap"", ""mdl_gamma_background_components"": 4, ""mdl_gamma_background_distribution"": ""gamma_components"", ""mdl_gamma_background_fraction"": 0.5775, ""mdl_gamma_background_group"": 1, ""mdl_gamma_candidate_components"": [1, 2, 3, 4, 5, 6, 7, 8], ""mdl_gamma_candidate_converged"": [true, true, true, true, true, true, true, true], ""mdl_gamma_candidate_entropies"": [-0.0, 0.4402009608853781, 10.926113419627523, 10.618775067620676, 20.463971785101272, 79.36432204270494, 77.89430628006707, 84.66186339105448], ""mdl_gamma_candidate_iterations"": [2, 6, 6, 5, 22, 4, 12, 7], ""mdl_gamma_candidate_log_likelihoods"": [-19232.355127196886, -5060.480338826318, -3938.454141605691, -3450.014192784588, -3312.8813776262377, -3284.4253871668966, -3240.9958307506745, -3227.4798074426935], ""mdl_gamma_candidate_role_gains_nats"": [[0.0], [0.0, 0.0], [0.0, 0.0, 0.0], [0.0, 0.0, 0.0, 0.0], [0.0, 0.0, 0.0, 0.0, 0.0], [0.0, 0.0, 0.0, 0.0, 0.0, 0.0], [0.0, 0.0, 0.0, 0.0, 0.0, 0.0, 0.0], [0.0, 0.0, 0.0, 0.0, 0.0, 0.0, 0.0, 0.0]], ""mdl_gamma_candidate_role_threshold_sizes"": [[0], [0, 0], [0, 0, 0], [0, 0, 0, 0], [0, 0, 0, 0, 0], [0, 0, 0, 0, 0, 0], [0, 0, 0, 0, 0, 0, 0], [0, 0, 0, 0, 0, 0, 0, 0]], ""mdl_gamma_candidate_scores"": [38476.69318348799, 10151.798402309947, 7946.692226427501, 6987.172045722606, 6750.57120248219, 6829.434315720038, 6757.609565003643, 6762.087026250979], ""mdl_gamma_candidate_signal_components"": [[], [0], [0], [0], [0], [0, 1], [0, 1], [0, 1]], ""mdl_gamma_criterion"": ""icl"", ""mdl_gamma_entropy_scope"": ""semantic"", ""mdl_gamma_fit_samples"": 400, ""mdl_gamma_grouping"": ""largest_rate_gap"", ""mdl_gamma_guarded_confirmation"": true, ""mdl_gamma_log_rate_gaps"": [], ""mdl_gamma_mean_background_probability"": 0.5825129563016855, ""mdl_gamma_mean_posterior_entropy"": 0.05115992946275318, ""mdl_gamma_mu"": [2.603399380348539, 1.0861528923329011, -0.14054304426154918, 0.40547125247835947, -0.5865427343534853], ""mdl_gamma_n_init"": 1, ""mdl_gamma_ranks"": [4, 8, 16, 32], ""mdl_gamma_rates"": [[10.000998106549769, 8.604864284426919, 7.403629974183664, 6.370087311409748], [3.2121749790338052, 3.3445961729791533, 3.482476400980979, 3.626040710495373], [1.1835872562964798, 1.381398420143603, 1.61226946726878, 1.8817256464047023], [0.6743634095750449, 0.4521619706080193, 0.3031754759543719, 0.2032797430897648], [0.22902989084175188, 0.1469617739462064, 0.0943010666513343, 0.0605102329183537]], ""mdl_gamma_role_evidence_neighbour_ranks"": [], ""mdl_gamma_search_caps"": [8], ""mdl_gamma_search_hard_max"": 24, ""mdl_gamma_search_hit_hard_max"": false, ""mdl_gamma_search_initial_max"": 8, ""mdl_gamma_selected_components"": 5, ""mdl_gamma_signal_basis_components"": [0], ""mdl_gamma_signal_components"": 1, ""mdl_gamma_slopes"": [-0.21691964572180916, 0.058281546253374894, 0.22296341059717925, -0.5766866005742898, -0.6400949515385277], ""mdl_gamma_split_warm_start"": true, ""mdl_gamma_tolerance"": 0.0001, ""mdl_gamma_weights"": [0.4158559732172208, 0.22153502762936103, 0.10990480866703357, 0.1718739323566273, 0.08083025812975757], ""optimization_background_events"": [], ""optimization_background_intrinsic_dimension"": 1.8850391113800151, ""optimization_border_fraction"": 0.08, ""optimization_border_model"": ""strict_local_core_radius"", ""optimization_border_seconds"": 0.00033650000113993883, ""optimization_boundary_component_gains_nats"": [[0.0, 0.0, 0.0, 0.0, 0.0], []], ""optimization_candidate_groups"": [0, 1], ""optimization_clusters"": 3, ""optimization_connectivity_rank"": 4, ""optimization_core_fraction"": 0.4225, ""optimization_core_rank"": 4, ""optimization_description_gain_nats"": 2332.1204159493354, ""optimization_group_gains_nats"": [1664.088032298151, 0.0], ""optimization_group_sizes"": [169, 231], ""optimization_noise_fraction"": 0.4975, ""optimization_objective"": ""gamma_topology_component_and_attachment_description_gain"", ""optimization_objective_trace"": [0.0, -2332.1204159493354], ""optimization_ordering_modes"": [""d4"", ""adaptive_d4_rank_windows_with_beta_boundary_code""], ""optimization_seconds"": 0.03772469999967143, ""optimization_selected_component_gains_nats"": [923.983209432672, 752.2225494167325, 136.5611572779414, 477.6216270125329, 25.457046198221548], ""optimization_selected_groups"": [0], ""optimization_selected_local_components"": [5, 0], ""optimization_solver"": ""exact_stratum_event_sweep"", ""optimization_sparse_memory"": true, ""optimization_threshold_seconds"": 0.03751870000269264, ""optimization_threshold_sizes"": [169, 0], ""optimization_thresholds"": [0.2859513461589813, 0.0], ""optimization_topology_evidence_ranks"": [5, 8], ""optimization_unified_background_scan"": true, ""stratification"": ""adaptive-semantic-information-criterion-gamma-v2""}","[{""coverage"": 0.81, ""f1"": 0.8950276243093923, ""fragments"": 1, ""matched_predicted_cluster"": 0, ""overlap"": 81, ""passes_discovery_thresholds"": true, ""precision"": 1.0, ""purity"": 1.0, ""recall"": 0.81, ""target"": ""cluster_0"", ""target_label"": 0, ""target_noise_loss"": 0.19, ""target_size"": 100}, {""coverage"": 0.58, ""f1"": 0.7341772151898733, ""fragments"": 1, ""matched_predicted_cluster"": 2, ""overlap"": 58, ""passes_discovery_thresholds"": true, ""precision"": 1.0, ""purity"": 1.0, ""recall"": 0.58, ""target"": ""cluster_1"", ""target_label"": 1, ""target_noise_loss"": 0.42, ""target_size"": 100}, {""coverage"": 0.62, ""f1"": 0.7654320987654321, ""fragments"": 1, ""matched_predicted_cluster"": 1, ""overlap"": 62, ""passes_discovery_thresholds"": true, ""precision"": 1.0, ""purity"": 1.0, ""recall"": 0.62, ""target"": ""cluster_2"", ""target_label"": 2, ""target_noise_loss"": 0.38, ""target_size"": 100}]"
synthetic__global_contamination_noise25__quality__signal300__n400__StrataSCAN__233__b685af58c415,ok,synthetic,global_contamination_noise25__quality__signal300__n400,StrataSCAN,233,0.2.4,400,2,0.0016525000100955367,0.5581601000012597,5.758930900003179,215.60546875,33.3671875,216.03125,,,evaluation_state/synthetic__global_contamination_noise25__quality__signal300__n400__StrataSCAN__233__b685af58c415.npz,1ea52f7fbf06719345c3b83866bb54d899be7c44a2d1f7a6e3b6f812084daa3e,2027,0.7695638346144347,0.7743105328285613,0,0,1.0,known_synthetic_noise,0.9283333333333333,0.8729229928112833,1.0,3,3,0.1,0.9,full_partition,target-discovery-v1,0,0.05,0.8566666666666666,0.9224620803568172,0.14333333333333334,1.0,3,pairwise_f1,hungarian,1.0,0,3,0.8699224905733787,0.823045267489712,0.823045267489712,0.3575,0.6993006993006993,1.0,0.8464227452808203,1.0,0.7337373737373737,0.3575,3,macro,3,3,0.8566666666666667,0.9228007181328546,1.0,0.8566666666666667,0,3,1.0,1.0,3,0,0.0,0.8566666666666667,1.0,0.9224620803568172,1.0,"{""background_inner_edge"": 6.0, ""background_intensity"": 3.0, ""background_size"": 100, ""background_strip_height"": 10.0, ""background_support_area"": 33.333333333333336, ""controlled_factor"": ""global_background_support_at_fixed_local_intensity"", ""declared_noise_fraction"": 0.25, ""dimension"": 2, ""family"": ""global_contamination_invariance"", ""n"": 400, ""n_targets"": 3, ""paired_background"": ""seeded_prefix"", ""realized_noise_fraction"": 0.25, ""signal_size"": 300}","{""ambiguous_model_confirmation_tolerance"": 1e-05, ""assignment"": ""maximum_posterior_basis_then_semantic_role"", ""background_model"": ""adaptive_gamma_basis_mixture_with_largest_rate_gap"", ""background_scan"": ""adaptive_dyadic_rank_windows_with_poisson_beta_boundary_code"", ""border_rule"": ""strict_local_core_radius"", ""component_initialization"": ""compiled_split_warm_single_start_with_guarded_confirmation"", ""component_selection"": ""semantic_icl_with_adaptive_bound"", ""connectivity"": ""density_ordered_non_merging_knn_watershed"", ""core_thresholds"": ""observed_d4_event_sweep"", ""duplicate_profile_confirmation_minimum"": 3, ""duplicate_profile_confirmation_tolerance"": 1e-08, ""extraction_objective"": ""gamma_topology_description_length"", ""fit_samples"": ""all_rows"", ""gamma_tolerance"": 0.0001, ""geometry_profile"": ""low_dim"", ""hard_component_bound"": 24, ""initial_component_bound"": 8, ""k"": 32, ""knn_backend"": ""kd_tree"", ""shell_ranks"": [4, 8, 16, 32], ""stratification_model"": ""adaptive_gamma_density_basis_with_semantic_background"", ""version"": ""0.2.3""}","{""algorithm"": ""OptimizationStrataSCAN"", ""algorithm_version"": ""0.2.3"", ""graph_seconds"": 0.008319700005813502, ""mdl_gamma_adaptive_search"": true, ""mdl_gamma_assignment"": ""maximum_posterior_basis_then_semantic_role"", ""mdl_gamma_background_basis_components"": [2, 3, 4, 5, 6], ""mdl_gamma_background_boundary"": ""largest_rate_gap"", ""mdl_gamma_background_components"": 5, ""mdl_gamma_background_distribution"": ""gamma_components"", ""mdl_gamma_background_fraction"": 0.445, ""mdl_gamma_background_group"": 2, ""mdl_gamma_candidate_components"": [1, 2, 3, 4, 5, 6, 7, 8, 9, 10, 11, 12], ""mdl_gamma_candidate_converged"": [true, true, true, true, true, true, true, true, true, true, true, true], ""mdl_gamma_candidate_entropies"": [-0.0, 1.9080461886538829, 10.418974418655385, 10.282044774195422, 33.87580636084123, 33.273721560303606, 48.9373852579333, 112.82690040426246, 110.60301892095721, 161.90752366508178, 156.81508842929236, 206.28065004292688], ""mdl_gamma_candidate_iterations"": [2, 7, 9, 2, 11, 7, 33, 9, 7, 5, 23, 5], ""mdl_gamma_candidate_log_likelihoods"": [-18412.94283804096, -4903.724851501107, -3751.108394576856, -3439.7170754757685, -3238.914938682168, -3135.240464193289, -3079.6387632358355, -3071.6649222708006, -3050.4705951772803, -3046.499601808228, -3029.458395766934, -3028.5334845019415], ""mdl_gamma_candidate_role_gains_nats"": [[0.0], [0.0, 0.0], [0.0, 0.0, 0.0], [0.0, 0.0, 0.0, 0.0], [0.0, 0.0, 0.0, 0.0, 0.0], [0.0, 0.0, 0.0, 0.0, 0.0, 0.0], [0.0, 0.0, 0.0, 0.0, 0.0, 0.0, 0.0], [0.0, 0.0, 0.0, 0.0, 0.0, 0.0, 0.0, 0.0], [0.0, 0.0, 0.0, 0.0, 0.0, 0.0, 0.0, 0.0, 0.0], [0.0, 0.0, 0.0, 0.0, 0.0, 0.0, 0.0, 0.0, 0.0, 0.0], [0.0, 0.0, 0.0, 0.0, 0.0, 0.0, 0.0, 0.0, 0.0, 0.0, 0.0], [0.0, 0.0, 0.0, 0.0, 0.0, 0.0, 0.0, 0.0, 0.0, 0.0, 0.0, 0.0]], ""mdl_gamma_candidate_role_threshold_sizes"": [[0], [0, 0], [0, 0, 0], [0, 0, 0, 0], [0, 0, 0, 0, 0], [0, 0, 0, 0, 0, 0], [0, 0, 0, 0, 0, 0, 0], [0, 0, 0, 0, 0, 0, 0, 0], [0, 0, 0, 0, 0, 0, 0, 0, 0], [0, 0, 0, 0, 0, 0, 0, 0, 0, 0], [0, 0, 0, 0, 0, 0, 0, 0, 0, 0, 0], [0, 0, 0, 0, 0, 0, 0, 0, 0, 0, 0, 0]], ""mdl_gamma_candidate_scores"": [36837.86860517613, 9841.223118115062, 7570.986454367887, 6965.904350518116, 6629.46199374553, 6438.883268808021, 6376.9815879296975, 6506.78732993361, 6477.925306421283, 6590.566722812751, 6564.273833899908, 6679.329528238516], ""mdl_gamma_candidate_signal_components"": [[], [0], [0], [0], [0, 1], [0, 1], [0, 1], [0, 1, 2], [0, 1, 2], [0, 1, 2, 3], [0, 1, 2, 3, 4, 5, 6], [0, 1, 2, 3, 4, 5, 6, 7]], ""mdl_gamma_criterion"": ""icl"", ""mdl_gamma_entropy_scope"": ""semantic"", ""mdl_gamma_fit_samples"": 400, ""mdl_gamma_grouping"": ""largest_rate_gap"", ""mdl_gamma_guarded_confirmation"": true, ""mdl_gamma_log_rate_gaps"": [0.7318035504530838], ""mdl_gamma_mean_background_probability"": 0.44703413600996744, ""mdl_gamma_mean_posterior_entropy"": 0.12234346314483326, ""mdl_gamma_mu"": [2.536411448165948, 1.6555962890124043, 0.32928429946376525, 2.3649700136250185, 0.39626093121128303, -1.0448377061922995, -0.5672187203030976], ""mdl_gamma_n_init"": 1, ""mdl_gamma_ranks"": [4, 8, 16, 32], ""mdl_gamma_rates"": [[10.31238804135552, 9.3167431334577, 8.417226181436583, 7.604556181765977], [4.960677601208347, 4.828401074214797, 4.6996517023802955, 4.574335434070747], [1.8324930213682495, 2.104070643330197, 2.4158963884175675, 2.773935075835331], [1.2080416793566455, 0.40698290199252163, 0.137110403841749, 0.04619177550115595], [0.7482745158421393, 0.5309388001030788, 0.37672806368079975, 0.26730770841598117], [0.6355093684641788, 0.8542137559747252, 1.1481831379761582, 1.5433192325830265], [0.3028276716593628, 0.22129077830668845, 0.16170783962789115, 0.11816771397893089]], ""mdl_gamma_role_evidence_neighbour_ranks"": [], ""mdl_gamma_search_caps"": [8, 12], ""mdl_gamma_search_hard_max"": 24, ""mdl_gamma_search_hit_hard_max"": false, ""mdl_gamma_search_initial_max"": 8, ""mdl_gamma_selected_components"": 7, ""mdl_gamma_signal_basis_components"": [0, 1], ""mdl_gamma_signal_components"": 2, ""mdl_gamma_slopes"": [-0.14648083325958847, -0.03899167880606818, 0.19937543915776934, -1.569630139857965, -0.49502206674458815, 0.4266837377397169, -0.4525537093400361], ""mdl_gamma_split_warm_start"": true, ""mdl_gamma_tolerance"": 0.0001, ""mdl_gamma_weights"": [0.3043800893874591, 0.24717125358728, 0.13822402993047908, 0.03503298285637707, 0.10701327850262912, 0.058309963440543226, 0.10986840229523263], ""optimization_background_events"": [], ""optimization_background_intrinsic_dimension"": 1.7452188027161, ""optimization_border_fraction"": 0.09, ""optimization_border_model"": ""strict_local_core_radius"", ""optimization_border_seconds"": 0.00055340000835713, ""optimization_boundary_component_gains_nats"": [[0.0, 0.0, 0.0, 0.0], [0.0, 0.0, 0.0, 0.0, 0.0, 0.0, 0.0, 0.0, 0.0, 0.0, 0.0, 0.0, 0.0], []], ""optimization_candidate_groups"": [0, 1, 2], ""optimization_clusters"": 3, ""optimization_connectivity_rank"": 4, ""optimization_core_fraction"": 0.5525, ""optimization_core_rank"": 4, ""optimization_description_gain_nats"": 3740.7219418349296, ""optimization_group_gains_nats"": [2498.1896644245157, 606.638516642766, 0.0], ""optimization_group_sizes"": [125, 97, 178], ""optimization_noise_fraction"": 0.3575, ""optimization_objective"": ""gamma_topology_component_and_attachment_description_gain"", ""optimization_objective_trace"": [0.0, -3740.7219418349296], ""optimization_ordering_modes"": [""d4"", ""d4"", ""adaptive_d4_rank_windows_with_beta_boundary_code""], ""optimization_seconds"": 0.05274160001135897, ""optimization_selected_component_gains_nats"": [978.772436874491, 756.7653870041244, 1150.9085451285432, 42.91411237204423, 90.71443953481402, 45.56354647738549, 83.936485531189, 29.11384384968259, 113.52494210164244, 41.580901592165006, 126.0272091450115, 81.53461599982677, 17.77971896874898, 24.28855077701259, 94.23569620627687, 40.629915935125396], ""optimization_selected_groups"": [0, 1], ""optimization_selected_local_components"": [4, 12, 0], ""optimization_solver"": ""exact_stratum_event_sweep"", ""optimization_sparse_memory"": true, ""optimization_threshold_seconds"": 0.05236929999955464, ""optimization_threshold_sizes"": [125, 97, 0], ""optimization_thresholds"": [0.2486317902803421, 0.3880634903907776, 0.0], ""optimization_topology_evidence_ranks"": [5, 8], ""optimization_unified_background_scan"": true, ""stratification"": ""adaptive-semantic-information-criterion-gamma-v2""}","[{""coverage"": 0.9, ""f1"": 0.9473684210526316, ""fragments"": 1, ""matched_predicted_cluster"": 1, ""overlap"": 90, ""passes_discovery_thresholds"": true, ""precision"": 1.0, ""purity"": 1.0, ""recall"": 0.9, ""target"": ""cluster_0"", ""target_label"": 0, ""target_noise_loss"": 0.1, ""target_size"": 100}, {""coverage"": 0.82, ""f1"": 0.9010989010989011, ""fragments"": 1, ""matched_predicted_cluster"": 0, ""overlap"": 82, ""passes_discovery_thresholds"": true, ""precision"": 1.0, ""purity"": 1.0, ""recall"": 0.82, ""target"": ""cluster_1"", ""target_label"": 1, ""target_noise_loss"": 0.18, ""target_size"": 100}, {""coverage"": 0.85, ""f1"": 0.9189189189189189, ""fragments"": 1, ""matched_predicted_cluster"": 2, ""overlap"": 85, ""passes_discovery_thresholds"": true, ""precision"": 1.0, ""purity"": 1.0, ""recall"": 0.85, ""target"": ""cluster_2"", ""target_label"": 2, ""target_noise_loss"": 0.15, ""target_size"": 100}]"
synthetic__global_contamination_noise25__quality__signal300__n400__VDBSCAN-2007__211__677238010553,ok,synthetic,global_contamination_noise25__quality__signal300__n400,VDBSCAN-2007,211,0.2.4,400,2,0.0015688999992562458,0.024887599996873178,4.91472590000194,182.9375,0.9921875,183.4921875,,,evaluation_state/synthetic__global_contamination_noise25__quality__signal300__n400__VDBSCAN-2007__211__677238010553.npz,290a314d5996a78c93d1a3920832edc608709790ceac9a462681f5c2872a1d0f,2141,0.5915062626117265,0.5108553558192487,0,0,1.0,known_synthetic_noise,0.9116666666666666,0.846810847526212,3.3333333333333335,10,3,0.1,0.9,full_partition,target-discovery-v1,7,0.05,0.6466666666666666,0.7749083026062383,0.17666666666666667,1.0,3,pairwise_f1,hungarian,3.3333333333333335,0,10,0.7826332833349255,0.790513833992095,0.790513833992095,0.3825,0.6535947712418301,1.0,0.6227683746811964,1.0,0.4521885521885522,0.3825,10,macro,2,0,0.8233333333333334,0.9031078610603291,1.0,0.8233333333333334,0,3,1.0,0.6666666666666666,3,7,0.0,0.6466666666666666,1.0,0.7749083026062383,1.0,"{""background_inner_edge"": 6.0, ""background_intensity"": 3.0, ""background_size"": 100, ""background_strip_height"": 10.0, ""background_support_area"": 33.333333333333336, ""controlled_factor"": ""global_background_support_at_fixed_local_intensity"", ""declared_noise_fraction"": 0.25, ""dimension"": 2, ""family"": ""global_contamination_invariance"", ""n"": 400, ""n_targets"": 3, ""paired_background"": ""seeded_prefix"", ""realized_noise_fraction"": 0.25, ""signal_size"": 300}","{""eps_values"": [0.2605275809764862, 0.34814485907554626], ""geometry_profile"": ""low_dim"", ""knee_prominence"": 0.03, ""knn_backend"": ""kd_tree"", ""max_eps_values"": 3, ""min_samples"": 5}",{},"[{""coverage"": 0.78, ""f1"": 0.8764044943820225, ""fragments"": 2, ""matched_predicted_cluster"": 4, ""overlap"": 78, ""passes_discovery_thresholds"": true, ""precision"": 1.0, ""purity"": 1.0, ""recall"": 0.78, ""target"": ""cluster_0"", ""target_label"": 0, ""target_noise_loss"": 0.15, ""target_size"": 100}, {""coverage"": 0.72, ""f1"": 0.8372093023255813, ""fragments"": 2, ""matched_predicted_cluster"": 1, ""overlap"": 72, ""passes_discovery_thresholds"": true, ""precision"": 1.0, ""purity"": 1.0, ""recall"": 0.72, ""target"": ""cluster_1"", ""target_label"": 1, ""target_noise_loss"": 0.22, ""target_size"": 100}, {""coverage"": 0.44, ""f1"": 0.6111111111111112, ""fragments"": 6, ""matched_predicted_cluster"": 6, ""overlap"": 44, ""passes_discovery_thresholds"": true, ""precision"": 1.0, ""purity"": 1.0, ""recall"": 0.44, ""target"": ""cluster_2"", ""target_label"": 2, ""target_noise_loss"": 0.16, ""target_size"": 100}]"
synthetic__global_contamination_noise25__quality__signal300__n400__VDBSCAN-2007__223__3daeac38ef23,ok,synthetic,global_contamination_noise25__quality__signal300__n400,VDBSCAN-2007,223,0.2.4,400,2,0.0016153000033227727,0.015444399992702529,4.89542149999761,182.58984375,0.92578125,183.1484375,,,evaluation_state/synthetic__global_contamination_noise25__quality__signal300__n400__VDBSCAN-2007__223__3daeac38ef23.npz,cf1316c2e81ef143d71f08caa9cd5896bb92836a7089237eaae72e1e4e4471bf,2090,0.6290159274836985,0.5697462574040967,0,0,1.0,known_synthetic_noise,0.8983333333333333,0.8265554915801221,2.3333333333333335,7,3,0.1,0.9,full_partition,target-discovery-v1,2,0.05,0.7033333333333333,0.8191423075144005,0.20333333333333334,1.0,3,pairwise_f1,hungarian,1.6666666666666667,0,7,0.7918317488781406,0.7662835249042146,0.7662835249042146,0.4025,0.6211180124223602,1.0,0.6819916570515666,1.0,0.5174410774410775,0.4025,7,macro,2,1,0.7966666666666666,0.8868274582560297,1.0,0.7966666666666666,0,3,1.0,0.6666666666666666,3,4,0.0,0.7033333333333334,1.0,0.8191423075144005,1.0,"{""background_inner_edge"": 6.0, ""background_intensity"": 3.0, ""background_size"": 100, ""background_strip_height"": 10.0, ""background_support_area"": 33.333333333333336, ""controlled_factor"": ""global_background_support_at_fixed_local_intensity"", ""declared_noise_fraction"": 0.25, ""dimension"": 2, ""family"": ""global_contamination_invariance"", ""n"": 400, ""n_targets"": 3, ""paired_background"": ""seeded_prefix"", ""realized_noise_fraction"": 0.25, ""signal_size"": 300}","{""eps_values"": [0.25909051299095154, 0.3195790946483612], ""geometry_profile"": ""low_dim"", ""knee_prominence"": 0.03, ""knn_backend"": ""kd_tree"", ""max_eps_values"": 3, ""min_samples"": 5}",{},"[{""coverage"": 0.72, ""f1"": 0.8372093023255813, ""fragments"": 1, ""matched_predicted_cluster"": 1, ""overlap"": 72, ""passes_discovery_thresholds"": true, ""precision"": 1.0, ""purity"": 1.0, ""recall"": 0.72, ""target"": ""cluster_0"", ""target_label"": 0, ""target_noise_loss"": 0.24, ""target_size"": 100}, {""coverage"": 0.54, ""f1"": 0.7012987012987013, ""fragments"": 3, ""matched_predicted_cluster"": 2, ""overlap"": 54, ""passes_discovery_thresholds"": true, ""precision"": 1.0, ""purity"": 1.0, ""recall"": 0.54, ""target"": ""cluster_1"", ""target_label"": 1, ""target_noise_loss"": 0.22, ""target_size"": 100}, {""coverage"": 0.85, ""f1"": 0.9189189189189189, ""fragments"": 1, ""matched_predicted_cluster"": 0, ""overlap"": 85, ""passes_discovery_thresholds"": true, ""precision"": 1.0, ""purity"": 1.0, ""recall"": 0.85, ""target"": ""cluster_2"", ""target_label"": 2, ""target_noise_loss"": 0.15, ""target_size"": 100}]"
synthetic__global_contamination_noise25__quality__signal300__n400__VDBSCAN-2007__227__5cd3a4e14e66,ok,synthetic,global_contamination_noise25__quality__signal300__n400,VDBSCAN-2007,227,0.2.4,400,2,0.0016903999930946156,0.013281999999890104,4.854978999996092,182.5390625,1.0234375,183.12890625,,,evaluation_state/synthetic__global_contamination_noise25__quality__signal300__n400__VDBSCAN-2007__227__5cd3a4e14e66.npz,5c8e7d1c4eef10e2c497b932788d713f06eab4610b7d59b708c07aee54802089,2065,0.7125183335023108,0.6998181963501118,1,1,0.95,known_synthetic_noise,0.895,0.8433702004418142,2.0,5,3,0.1,0.9,full_partition,target-discovery-v1,2,0.05,0.8066666666666666,0.8928914260904369,0.16,1.0,3,pairwise_f1,hungarian,1.6666666666666667,0,6,0.8337139358393105,0.7818930041152263,0.7818930041152263,0.3575,0.6643356643356644,0.95,0.7881259174686023,0.998966301426504,0.6507744107744108,0.3575,6,macro,3,1,0.84,0.9048473967684021,0.980544747081712,0.84,1,3,1.0,1.0,3,3,0.0,0.8066666666666666,1.0,0.892891426090437,1.0,"{""background_inner_edge"": 6.0, ""background_intensity"": 3.0, ""background_size"": 100, ""background_strip_height"": 10.0, ""background_support_area"": 33.333333333333336, ""controlled_factor"": ""global_background_support_at_fixed_local_intensity"", ""declared_noise_fraction"": 0.25, ""dimension"": 2, ""family"": ""global_contamination_invariance"", ""n"": 400, ""n_targets"": 3, ""paired_background"": ""seeded_prefix"", ""realized_noise_fraction"": 0.25, ""signal_size"": 300}","{""eps_values"": [0.24782612919807434, 0.35301297903060913], ""geometry_profile"": ""low_dim"", ""knee_prominence"": 0.03, ""knn_backend"": ""kd_tree"", ""max_eps_values"": 3, ""min_samples"": 5}",{},"[{""coverage"": 0.79, ""f1"": 0.8826815642458101, ""fragments"": 1, ""matched_predicted_cluster"": 0, ""overlap"": 79, ""passes_discovery_thresholds"": true, ""precision"": 1.0, ""purity"": 1.0, ""recall"": 0.79, ""target"": ""cluster_0"", ""target_label"": 0, ""target_noise_loss"": 0.21, ""target_size"": 100}, {""coverage"": 0.83, ""f1"": 0.9071038251366119, ""fragments"": 2, ""matched_predicted_cluster"": 1, ""overlap"": 83, ""passes_discovery_thresholds"": true, ""precision"": 1.0, ""purity"": 1.0, ""recall"": 0.83, ""target"": ""cluster_1"", ""target_label"": 1, ""target_noise_loss"": 0.12, ""target_size"": 100}, {""coverage"": 0.8, ""f1"": 0.888888888888889, ""fragments"": 2, ""matched_predicted_cluster"": 2, ""overlap"": 80, ""passes_discovery_thresholds"": true, ""precision"": 1.0, ""purity"": 1.0, ""recall"": 0.8, ""target"": ""cluster_2"", ""target_label"": 2, ""target_noise_loss"": 0.15, ""target_size"": 100}]"
synthetic__global_contamination_noise25__quality__signal300__n400__VDBSCAN-2007__229__de4b84f0ad61,ok,synthetic,global_contamination_noise25__quality__signal300__n400,VDBSCAN-2007,229,0.2.4,400,2,0.0018348000012338161,0.01553020000574179,4.826087199995527,182.67578125,0.96875,183.30078125,,,evaluation_state/synthetic__global_contamination_noise25__quality__signal300__n400__VDBSCAN-2007__229__de4b84f0ad61.npz,1b9bf5f19e10e17671d3ecfdfa0205fb2fdfcec942045541fec8eb5475999b73,2299,0.6567412567636541,0.5899378207895046,6,6,0.26,known_synthetic_noise,0.6116666666666667,0.6256784577952461,6.333333333333333,13,3,0.1,0.9,full_partition,target-discovery-v1,10,0.05,0.7033333333333333,0.8231551646185792,0.036666666666666674,1.0,3,pairwise_f1,hungarian,4.333333333333333,0,19,0.5195543132795165,0.3795620437956205,0.3795620437956205,0.0925,0.7027027027027027,0.26,0.668139867411933,0.9369303682099891,0.5191919191919192,0.0925,19,macro,1,1,0.9633333333333334,0.8717948717948718,0.7961432506887053,0.9633333333333334,6,3,1.0,0.3333333333333333,3,16,0.0,0.7033333333333334,1.0,0.8231551646185793,1.0,"{""background_inner_edge"": 6.0, ""background_intensity"": 3.0, ""background_size"": 100, ""background_strip_height"": 10.0, ""background_support_area"": 33.333333333333336, ""controlled_factor"": ""global_background_support_at_fixed_local_intensity"", ""declared_noise_fraction"": 0.25, ""dimension"": 2, ""family"": ""global_contamination_invariance"", ""n"": 400, ""n_targets"": 3, ""paired_background"": ""seeded_prefix"", ""realized_noise_fraction"": 0.25, ""signal_size"": 300}","{""eps_values"": [0.25406521558761597, 0.6619822382926941], ""geometry_profile"": ""low_dim"", ""knee_prominence"": 0.03, ""knn_backend"": ""kd_tree"", ""max_eps_values"": 3, ""min_samples"": 5}",{},"[{""coverage"": 0.82, ""f1"": 0.9010989010989011, ""fragments"": 3, ""matched_predicted_cluster"": 0, ""overlap"": 82, ""passes_discovery_thresholds"": true, ""precision"": 1.0, ""purity"": 1.0, ""recall"": 0.82, ""target"": ""cluster_0"", ""target_label"": 0, ""target_noise_loss"": 0.04, ""target_size"": 100}, {""coverage"": 0.65, ""f1"": 0.787878787878788, ""fragments"": 4, ""matched_predicted_cluster"": 2, ""overlap"": 65, ""passes_discovery_thresholds"": true, ""precision"": 1.0, ""purity"": 1.0, ""recall"": 0.65, ""target"": ""cluster_1"", ""target_label"": 1, ""target_noise_loss"": 0.03, ""target_size"": 100}, {""coverage"": 0.64, ""f1"": 0.7804878048780487, ""fragments"": 6, ""matched_predicted_cluster"": 1, ""overlap"": 64, ""passes_discovery_thresholds"": true, ""precision"": 1.0, ""purity"": 1.0, ""recall"": 0.64, ""target"": ""cluster_2"", ""target_label"": 2, ""target_noise_loss"": 0.04, ""target_size"": 100}]"
synthetic__global_contamination_noise25__quality__signal300__n400__VDBSCAN-2007__233__9405560896df,ok,synthetic,global_contamination_noise25__quality__signal300__n400,VDBSCAN-2007,233,0.2.4,400,2,0.0016762000013841316,0.014359299995703623,5.092736200007494,182.78125,0.96875,183.36328125,,,evaluation_state/synthetic__global_contamination_noise25__quality__signal300__n400__VDBSCAN-2007__233__9405560896df.npz,dafbe9041455fc7efc7dd212b317f01d9803f27d3992517772a3a8f6954d3a1f,2139,0.6577732798731506,0.6065273368540598,2,2,0.9,known_synthetic_noise,0.8833333333333333,0.84744469870328,3.3333333333333335,8,3,0.1,0.9,full_partition,target-discovery-v1,5,0.05,0.73,0.8436988037464066,0.13333333333333333,1.0,3,pairwise_f1,hungarian,2.6666666666666665,0,10,0.8120063648079504,0.7826086956521738,0.7826086956521738,0.325,0.6923076923076923,0.9,0.7047038327526133,0.9975339087546239,0.5447811447811448,0.325,10,macro,3,0,0.8666666666666667,0.912280701754386,0.9629629629629629,0.8666666666666667,2,3,1.0,1.0,3,7,0.0,0.73,1.0,0.8436988037464065,1.0,"{""background_inner_edge"": 6.0, ""background_intensity"": 3.0, ""background_size"": 100, ""background_strip_height"": 10.0, ""background_support_area"": 33.333333333333336, ""controlled_factor"": ""global_background_support_at_fixed_local_intensity"", ""declared_noise_fraction"": 0.25, ""dimension"": 2, ""family"": ""global_contamination_invariance"", ""n"": 400, ""n_targets"": 3, ""paired_background"": ""seeded_prefix"", ""realized_noise_fraction"": 0.25, ""signal_size"": 300}","{""eps_values"": [0.25009503960609436, 0.3455089032649994], ""geometry_profile"": ""low_dim"", ""knee_prominence"": 0.03, ""knn_backend"": ""kd_tree"", ""max_eps_values"": 3, ""min_samples"": 5}",{},"[{""coverage"": 0.7, ""f1"": 0.8235294117647058, ""fragments"": 2, ""matched_predicted_cluster"": 1, ""overlap"": 70, ""passes_discovery_thresholds"": true, ""precision"": 1.0, ""purity"": 1.0, ""recall"": 0.7, ""target"": ""cluster_0"", ""target_label"": 0, ""target_noise_loss"": 0.13, ""target_size"": 100}, {""coverage"": 0.76, ""f1"": 0.8636363636363636, ""fragments"": 2, ""matched_predicted_cluster"": 0, ""overlap"": 76, ""passes_discovery_thresholds"": true, ""precision"": 1.0, ""purity"": 1.0, ""recall"": 0.76, ""target"": ""cluster_1"", ""target_label"": 1, ""target_noise_loss"": 0.17, ""target_size"": 100}, {""coverage"": 0.73, ""f1"": 0.8439306358381503, ""fragments"": 4, ""matched_predicted_cluster"": 2, ""overlap"": 73, ""passes_discovery_thresholds"": true, ""precision"": 1.0, ""purity"": 1.0, ""recall"": 0.73, ""target"": ""cluster_2"", ""target_label"": 2, ""target_noise_loss"": 0.1, ""target_size"": 100}]"
synthetic__global_contamination_noise25__quality__signal300__n400__kNN+Leiden__211__ae88f0341bcc,ok,synthetic,global_contamination_noise25__quality__signal300__n400,kNN+Leiden,211,0.2.4,400,2,0.0016153999895323068,0.02269390001310967,5.909431499996572,214.5390625,1.92578125,214.796875,,,evaluation_state/synthetic__global_contamination_noise25__quality__signal300__n400__kNN+Leiden__211__ae88f0341bcc.npz,eead2228eee372e65025af0599577a0bd2ce2299f8061f4a9e6d78a6aed3d2db,2056,1.0,1.0,2,2,0.0,known_synthetic_noise,0.5,0.42857142857142855,1.6666666666666667,3,3,0.1,0.9,full_partition,target-discovery-v1,0,0.05,1.0,1.0,0.0,1.0,3,pairwise_f1,hungarian,1.0,0,5,0.0,0.0,0.0,0.0,0.0,0.0,0.9237947122861586,0.8583815028901735,1.0,0.0,5,macro,3,3,1.0,0.8571428571428571,0.75,1.0,2,3,1.0,1.0,3,2,0.0,1.0,1.0,1.0,1.0,"{""background_inner_edge"": 6.0, ""background_intensity"": 3.0, ""background_size"": 100, ""background_strip_height"": 10.0, ""background_support_area"": 33.333333333333336, ""controlled_factor"": ""global_background_support_at_fixed_local_intensity"", ""declared_noise_fraction"": 0.25, ""dimension"": 2, ""family"": ""global_contamination_invariance"", ""n"": 400, ""n_targets"": 3, ""paired_background"": ""seeded_prefix"", ""realized_noise_fraction"": 0.25, ""signal_size"": 300}","{""edge_rank"": 15, ""geometry_profile"": ""low_dim"", ""k"": 20, ""knn_backend"": ""kd_tree"", ""resolution"": 0.5, ""symmetrization"": ""union"", ""weights"": ""1/(1+d)""}",{},"[{""coverage"": 1.0, ""f1"": 1.0, ""fragments"": 1, ""matched_predicted_cluster"": 2, ""overlap"": 100, ""passes_discovery_thresholds"": true, ""precision"": 1.0, ""purity"": 1.0, ""recall"": 1.0, ""target"": ""cluster_0"", ""target_label"": 0, ""target_noise_loss"": 0.0, ""target_size"": 100}, {""coverage"": 1.0, ""f1"": 1.0, ""fragments"": 1, ""matched_predicted_cluster"": 0, ""overlap"": 100, ""passes_discovery_thresholds"": true, ""precision"": 1.0, ""purity"": 1.0, ""recall"": 1.0, ""target"": ""cluster_1"", ""target_label"": 1, ""target_noise_loss"": 0.0, ""target_size"": 100}, {""coverage"": 1.0, ""f1"": 1.0, ""fragments"": 1, ""matched_predicted_cluster"": 1, ""overlap"": 100, ""passes_discovery_thresholds"": true, ""precision"": 1.0, ""purity"": 1.0, ""recall"": 1.0, ""target"": ""cluster_2"", ""target_label"": 2, ""target_noise_loss"": 0.0, ""target_size"": 100}]"
synthetic__global_contamination_noise25__quality__signal300__n400__kNN+Leiden__223__153311b726e7,ok,synthetic,global_contamination_noise25__quality__signal300__n400,kNN+Leiden,223,0.2.4,400,2,0.0017589999915799126,0.0136031999863917,5.914260299992748,214.26171875,2.0625,214.53515625,,,evaluation_state/synthetic__global_contamination_noise25__quality__signal300__n400__kNN+Leiden__223__153311b726e7.npz,a6fded47bfd63d4e72a947a27b01e71b7e3507196184cff6cda5e8bae3749052,2091,0.9044509333024366,0.8694496649391575,2,2,0.0,known_synthetic_noise,0.5,0.42857142857142855,2.0,4,3,0.1,0.9,full_partition,target-discovery-v1,1,0.05,0.8466666666666667,0.9004329004329005,0.0,1.0,3,pairwise_f1,hungarian,1.3333333333333333,0,6,0.0,0.0,0.0,0.0,0.0,0.0,0.8336816557675454,0.8346382289416847,0.8327272727272728,0.0,6,macro,2,2,1.0,0.8571428571428571,0.75,1.0,2,3,1.0,0.6666666666666666,3,3,0.0,0.8466666666666667,1.0,0.9004329004329005,1.0,"{""background_inner_edge"": 6.0, ""background_intensity"": 3.0, ""background_size"": 100, ""background_strip_height"": 10.0, ""background_support_area"": 33.333333333333336, ""controlled_factor"": ""global_background_support_at_fixed_local_intensity"", ""declared_noise_fraction"": 0.25, ""dimension"": 2, ""family"": ""global_contamination_invariance"", ""n"": 400, ""n_targets"": 3, ""paired_background"": ""seeded_prefix"", ""realized_noise_fraction"": 0.25, ""signal_size"": 300}","{""edge_rank"": 15, ""geometry_profile"": ""low_dim"", ""k"": 20, ""knn_backend"": ""kd_tree"", ""resolution"": 0.5, ""symmetrization"": ""union"", ""weights"": ""1/(1+d)""}",{},"[{""coverage"": 1.0, ""f1"": 1.0, ""fragments"": 1, ""matched_predicted_cluster"": 0, ""overlap"": 100, ""passes_discovery_thresholds"": true, ""precision"": 1.0, ""purity"": 1.0, ""recall"": 1.0, ""target"": ""cluster_0"", ""target_label"": 0, ""target_noise_loss"": 0.0, ""target_size"": 100}, {""coverage"": 1.0, ""f1"": 1.0, ""fragments"": 1, ""matched_predicted_cluster"": 1, ""overlap"": 100, ""passes_discovery_thresholds"": true, ""precision"": 1.0, ""purity"": 1.0, ""recall"": 1.0, ""target"": ""cluster_1"", ""target_label"": 1, ""target_noise_loss"": 0.0, ""target_size"": 100}, {""coverage"": 0.54, ""f1"": 0.7012987012987013, ""fragments"": 2, ""matched_predicted_cluster"": 2, ""overlap"": 54, ""passes_discovery_thresholds"": true, ""precision"": 1.0, ""purity"": 1.0, ""recall"": 0.54, ""target"": ""cluster_2"", ""target_label"": 2, ""target_noise_loss"": 0.0, ""target_size"": 100}]"
synthetic__global_contamination_noise25__quality__signal300__n400__kNN+Leiden__227__8f2913d580d1,ok,synthetic,global_contamination_noise25__quality__signal300__n400,kNN+Leiden,227,0.2.4,400,2,0.001861500000813976,0.016700299995136447,5.828279500012286,214.0078125,1.9375,214.26953125,,,evaluation_state/synthetic__global_contamination_noise25__quality__signal300__n400__kNN+Leiden__227__8f2913d580d1.npz,e644408d7579fcdc3925a9226e27c2c3864f269f5019c4a63a1dfd764c07b81f,2056,1.0,1.0,2,2,0.0,known_synthetic_noise,0.5,0.42857142857142855,1.6666666666666667,3,3,0.1,0.9,full_partition,target-discovery-v1,0,0.05,1.0,1.0,0.0,1.0,3,pairwise_f1,hungarian,1.0,0,5,0.0,0.0,0.0,0.0,0.0,0.0,0.9237947122861586,0.8583815028901735,1.0,0.0,5,macro,3,3,1.0,0.8571428571428571,0.75,1.0,2,3,1.0,1.0,3,2,0.0,1.0,1.0,1.0,1.0,"{""background_inner_edge"": 6.0, ""background_intensity"": 3.0, ""background_size"": 100, ""background_strip_height"": 10.0, ""background_support_area"": 33.333333333333336, ""controlled_factor"": ""global_background_support_at_fixed_local_intensity"", ""declared_noise_fraction"": 0.25, ""dimension"": 2, ""family"": ""global_contamination_invariance"", ""n"": 400, ""n_targets"": 3, ""paired_background"": ""seeded_prefix"", ""realized_noise_fraction"": 0.25, ""signal_size"": 300}","{""edge_rank"": 15, ""geometry_profile"": ""low_dim"", ""k"": 20, ""knn_backend"": ""kd_tree"", ""resolution"": 0.5, ""symmetrization"": ""union"", ""weights"": ""1/(1+d)""}",{},"[{""coverage"": 1.0, ""f1"": 1.0, ""fragments"": 1, ""matched_predicted_cluster"": 0, ""overlap"": 100, ""passes_discovery_thresholds"": true, ""precision"": 1.0, ""purity"": 1.0, ""recall"": 1.0, ""target"": ""cluster_0"", ""target_label"": 0, ""target_noise_loss"": 0.0, ""target_size"": 100}, {""coverage"": 1.0, ""f1"": 1.0, ""fragments"": 1, ""matched_predicted_cluster"": 1, ""overlap"": 100, ""passes_discovery_thresholds"": true, ""precision"": 1.0, ""purity"": 1.0, ""recall"": 1.0, ""target"": ""cluster_1"", ""target_label"": 1, ""target_noise_loss"": 0.0, ""target_size"": 100}, {""coverage"": 1.0, ""f1"": 1.0, ""fragments"": 1, ""matched_predicted_cluster"": 2, ""overlap"": 100, ""passes_discovery_thresholds"": true, ""precision"": 1.0, ""purity"": 1.0, ""recall"": 1.0, ""target"": ""cluster_2"", ""target_label"": 2, ""target_noise_loss"": 0.0, ""target_size"": 100}]"
synthetic__global_contamination_noise25__quality__signal300__n400__kNN+Leiden__229__30d75ce4c898,ok,synthetic,global_contamination_noise25__quality__signal300__n400,kNN+Leiden,229,0.2.4,400,2,0.0018780999962473288,0.01577030000044033,5.932149700005539,214.1875,2.02734375,214.46875,,,evaluation_state/synthetic__global_contamination_noise25__quality__signal300__n400__kNN+Leiden__229__30d75ce4c898.npz,840eb48470682dac57cdd85ce2233ab994a6e6d4440075adfdabfc4a75e309a0,2096,0.9071132741073447,0.8752007335095876,2,2,0.0,known_synthetic_noise,0.5,0.42857142857142855,2.0,4,3,0.1,0.9,full_partition,target-discovery-v1,1,0.05,0.87,0.9192546583850931,0.0,1.0,3,pairwise_f1,hungarian,1.3333333333333333,0,6,0.0,0.0,0.0,0.0,0.0,0.0,0.8377951697961104,0.8358018899537565,0.8397979797979798,0.0,6,macro,2,2,1.0,0.8571428571428571,0.75,1.0,2,3,1.0,0.6666666666666666,3,3,0.0,0.87,1.0,0.9192546583850931,1.0,"{""background_inner_edge"": 6.0, ""background_intensity"": 3.0, ""background_size"": 100, ""background_strip_height"": 10.0, ""background_support_area"": 33.333333333333336, ""controlled_factor"": ""global_background_support_at_fixed_local_intensity"", ""declared_noise_fraction"": 0.25, ""dimension"": 2, ""family"": ""global_contamination_invariance"", ""n"": 400, ""n_targets"": 3, ""paired_background"": ""seeded_prefix"", ""realized_noise_fraction"": 0.25, ""signal_size"": 300}","{""edge_rank"": 15, ""geometry_profile"": ""low_dim"", ""k"": 20, ""knn_backend"": ""kd_tree"", ""resolution"": 0.5, ""symmetrization"": ""union"", ""weights"": ""1/(1+d)""}",{},"[{""coverage"": 1.0, ""f1"": 1.0, ""fragments"": 1, ""matched_predicted_cluster"": 0, ""overlap"": 100, ""passes_discovery_thresholds"": true, ""precision"": 1.0, ""purity"": 1.0, ""recall"": 1.0, ""target"": ""cluster_0"", ""target_label"": 0, ""target_noise_loss"": 0.0, ""target_size"": 100}, {""coverage"": 1.0, ""f1"": 1.0, ""fragments"": 1, ""matched_predicted_cluster"": 1, ""overlap"": 100, ""passes_discovery_thresholds"": true, ""precision"": 1.0, ""purity"": 1.0, ""recall"": 1.0, ""target"": ""cluster_1"", ""target_label"": 1, ""target_noise_loss"": 0.0, ""target_size"": 100}, {""coverage"": 0.61, ""f1"": 0.7577639751552795, ""fragments"": 2, ""matched_predicted_cluster"": 2, ""overlap"": 61, ""passes_discovery_thresholds"": true, ""precision"": 1.0, ""purity"": 1.0, ""recall"": 0.61, ""target"": ""cluster_2"", ""target_label"": 2, ""target_noise_loss"": 0.0, ""target_size"": 100}]"
synthetic__global_contamination_noise25__quality__signal300__n400__kNN+Leiden__233__a02f6fdf6158,ok,synthetic,global_contamination_noise25__quality__signal300__n400,kNN+Leiden,233,0.2.4,400,2,0.0020865999977104366,0.01678409999294672,5.83512280001014,214.0078125,2.06640625,214.26171875,,,evaluation_state/synthetic__global_contamination_noise25__quality__signal300__n400__kNN+Leiden__233__a02f6fdf6158.npz,b21aab27ef78f3d908aa28eda990c3628e354c32103b731a66c3336fc8e4cd21,2047,1.0,1.0,2,2,0.0,known_synthetic_noise,0.5,0.42857142857142855,1.6666666666666667,3,3,0.1,0.9,full_partition,target-discovery-v1,0,0.05,1.0,1.0,0.0,1.0,3,pairwise_f1,hungarian,1.0,0,5,0.0,0.0,0.0,0.0,0.0,0.0,0.9237947122861586,0.8583815028901735,1.0,0.0,5,macro,3,3,1.0,0.8571428571428571,0.75,1.0,2,3,1.0,1.0,3,2,0.0,1.0,1.0,1.0,1.0,"{""background_inner_edge"": 6.0, ""background_intensity"": 3.0, ""background_size"": 100, ""background_strip_height"": 10.0, ""background_support_area"": 33.333333333333336, ""controlled_factor"": ""global_background_support_at_fixed_local_intensity"", ""declared_noise_fraction"": 0.25, ""dimension"": 2, ""family"": ""global_contamination_invariance"", ""n"": 400, ""n_targets"": 3, ""paired_background"": ""seeded_prefix"", ""realized_noise_fraction"": 0.25, ""signal_size"": 300}","{""edge_rank"": 15, ""geometry_profile"": ""low_dim"", ""k"": 20, ""knn_backend"": ""kd_tree"", ""resolution"": 0.5, ""symmetrization"": ""union"", ""weights"": ""1/(1+d)""}",{},"[{""coverage"": 1.0, ""f1"": 1.0, ""fragments"": 1, ""matched_predicted_cluster"": 0, ""overlap"": 100, ""passes_discovery_thresholds"": true, ""precision"": 1.0, ""purity"": 1.0, ""recall"": 1.0, ""target"": ""cluster_0"", ""target_label"": 0, ""target_noise_loss"": 0.0, ""target_size"": 100}, {""coverage"": 1.0, ""f1"": 1.0, ""fragments"": 1, ""matched_predicted_cluster"": 1, ""overlap"": 100, ""passes_discovery_thresholds"": true, ""precision"": 1.0, ""purity"": 1.0, ""recall"": 1.0, ""target"": ""cluster_1"", ""target_label"": 1, ""target_noise_loss"": 0.0, ""target_size"": 100}, {""coverage"": 1.0, ""f1"": 1.0, ""fragments"": 1, ""matched_predicted_cluster"": 2, ""overlap"": 100, ""passes_discovery_thresholds"": true, ""precision"": 1.0, ""purity"": 1.0, ""recall"": 1.0, ""target"": ""cluster_2"", ""target_label"": 2, ""target_noise_loss"": 0.0, ""target_size"": 100}]"
synthetic__global_contamination_noise25__quality__signal300__n400__kNN-DBSCAN__211__0d7355bd0cfe,ok,synthetic,global_contamination_noise25__quality__signal300__n400,kNN-DBSCAN,211,0.2.4,400,2,0.0017989000043598935,0.006023900001309812,5.023256800006493,182.171875,0.53125,182.71875,,,evaluation_state/synthetic__global_contamination_noise25__quality__signal300__n400__kNN-DBSCAN__211__0d7355bd0cfe.npz,16c22b23137684af82f618bc84bdb28c769680e5e6567622f5e94786eb954386,2126,0.36961765388734963,0.12280740293451557,0,0,1.0,known_synthetic_noise,0.7433333333333334,0.6098401357959008,3.6666666666666665,11,3,0.1,0.9,full_partition,target-discovery-v1,7,0.05,0.2833333333333333,0.4368434961320337,0.5133333333333333,1.0,3,pairwise_f1,hungarian,3.3333333333333335,0,11,0.4927140721960116,0.5649717514124294,0.5649717514124294,0.635,0.3937007874015748,1.0,0.18326400782970398,1.0,0.10087542087542088,0.635,11,macro,0,0,0.4866666666666667,0.6547085201793722,1.0,0.4866666666666667,0,3,1.0,0.0,3,8,0.0,0.2833333333333333,1.0,0.4368434961320337,1.0,"{""background_inner_edge"": 6.0, ""background_intensity"": 3.0, ""background_size"": 100, ""background_strip_height"": 10.0, ""background_support_area"": 33.333333333333336, ""controlled_factor"": ""global_background_support_at_fixed_local_intensity"", ""declared_noise_fraction"": 0.25, ""dimension"": 2, ""family"": ""global_contamination_invariance"", ""n"": 400, ""n_targets"": 3, ""paired_background"": ""seeded_prefix"", ""realized_noise_fraction"": 0.25, ""signal_size"": 300}","{""eps"": 0.18204322457313538, ""eps_quantile"": 0.25, ""geometry_profile"": ""low_dim"", ""k"": 4, ""knn_backend"": ""kd_tree"", ""min_samples"": 5}",{},"[{""coverage"": 0.26, ""f1"": 0.41269841269841273, ""fragments"": 4, ""matched_predicted_cluster"": 1, ""overlap"": 26, ""passes_discovery_thresholds"": true, ""precision"": 1.0, ""purity"": 1.0, ""recall"": 0.26, ""target"": ""cluster_0"", ""target_label"": 0, ""target_noise_loss"": 0.37, ""target_size"": 100}, {""coverage"": 0.38, ""f1"": 0.5507246376811594, ""fragments"": 3, ""matched_predicted_cluster"": 0, ""overlap"": 38, ""passes_discovery_thresholds"": true, ""precision"": 1.0, ""purity"": 1.0, ""recall"": 0.38, ""target"": ""cluster_1"", ""target_label"": 1, ""target_noise_loss"": 0.51, ""target_size"": 100}, {""coverage"": 0.21, ""f1"": 0.34710743801652894, ""fragments"": 3, ""matched_predicted_cluster"": 4, ""overlap"": 21, ""passes_discovery_thresholds"": true, ""precision"": 1.0, ""purity"": 1.0, ""recall"": 0.21, ""target"": ""cluster_2"", ""target_label"": 2, ""target_noise_loss"": 0.66, ""target_size"": 100}]"
synthetic__global_contamination_noise25__quality__signal300__n400__kNN-DBSCAN__223__433b93aa93a8,ok,synthetic,global_contamination_noise25__quality__signal300__n400,kNN-DBSCAN,223,0.2.4,400,2,0.0016604999982519075,0.005179799991310574,5.054028799990192,182.09375,0.51953125,183.41015625,,,evaluation_state/synthetic__global_contamination_noise25__quality__signal300__n400__kNN-DBSCAN__223__433b93aa93a8.npz,f759753b5d6ae37c38acb9174e7d75b14a2c8bd806b5a998f25c06ddb31ac252,2123,0.3797988458657451,0.1162379616998071,0,0,1.0,known_synthetic_noise,0.7566666666666666,0.6282243894986123,3.3333333333333335,10,3,0.1,0.9,full_partition,target-discovery-v1,6,0.05,0.26,0.40727174060507393,0.48666666666666664,1.0,3,pairwise_f1,hungarian,3.0,0,10,0.4778557932453921,0.5780346820809249,0.5780346820809249,0.615,0.4065040650406504,1.0,0.18957634867418469,1.0,0.10471380471380472,0.615,10,macro,0,0,0.5133333333333333,0.6784140969162996,1.0,0.5133333333333333,0,3,1.0,0.0,3,7,0.0,0.26,1.0,0.40727174060507393,1.0,"{""background_inner_edge"": 6.0, ""background_intensity"": 3.0, ""background_size"": 100, ""background_strip_height"": 10.0, ""background_support_area"": 33.333333333333336, ""controlled_factor"": ""global_background_support_at_fixed_local_intensity"", ""declared_noise_fraction"": 0.25, ""dimension"": 2, ""family"": ""global_contamination_invariance"", ""n"": 400, ""n_targets"": 3, ""paired_background"": ""seeded_prefix"", ""realized_noise_fraction"": 0.25, ""signal_size"": 300}","{""eps"": 0.18418262898921967, ""eps_quantile"": 0.25, ""geometry_profile"": ""low_dim"", ""k"": 4, ""knn_backend"": ""kd_tree"", ""min_samples"": 5}",{},"[{""coverage"": 0.26, ""f1"": 0.41269841269841273, ""fragments"": 2, ""matched_predicted_cluster"": 3, ""overlap"": 26, ""passes_discovery_thresholds"": true, ""precision"": 1.0, ""purity"": 1.0, ""recall"": 0.26, ""target"": ""cluster_0"", ""target_label"": 0, ""target_noise_loss"": 0.46, ""target_size"": 100}, {""coverage"": 0.17, ""f1"": 0.2905982905982906, ""fragments"": 4, ""matched_predicted_cluster"": 8, ""overlap"": 17, ""passes_discovery_thresholds"": true, ""precision"": 1.0, ""purity"": 1.0, ""recall"": 0.17, ""target"": ""cluster_1"", ""target_label"": 1, ""target_noise_loss"": 0.59, ""target_size"": 100}, {""coverage"": 0.35, ""f1"": 0.5185185185185185, ""fragments"": 3, ""matched_predicted_cluster"": 2, ""overlap"": 35, ""passes_discovery_thresholds"": true, ""precision"": 1.0, ""purity"": 1.0, ""recall"": 0.35, ""target"": ""cluster_2"", ""target_label"": 2, ""target_noise_loss"": 0.41, ""target_size"": 100}]"
synthetic__global_contamination_noise25__quality__signal300__n400__kNN-DBSCAN__227__4cc19f2b86a5,ok,synthetic,global_contamination_noise25__quality__signal300__n400,kNN-DBSCAN,227,0.2.4,400,2,0.0018928000063169748,0.005381800001487136,4.7584787999949185,182.2265625,0.5625,182.7734375,,,evaluation_state/synthetic__global_contamination_noise25__quality__signal300__n400__kNN-DBSCAN__227__4cc19f2b86a5.npz,e0a402fb0305ee04587fc6c3bc61c43596510840bf446b9451697349f74db380,2191,0.33719260305592375,0.0641197396885077,0,0,1.0,known_synthetic_noise,0.7616666666666667,0.6350900472724257,5.333333333333333,16,3,0.1,0.9,full_partition,target-discovery-v1,13,0.05,0.18666666666666668,0.3117244137793111,0.4766666666666666,1.0,3,pairwise_f1,hungarian,5.333333333333333,0,16,0.4062595031772338,0.5830903790087464,0.5830903790087464,0.6075,0.411522633744856,1.0,0.11691605376616789,1.0,0.06208754208754209,0.6075,16,macro,0,0,0.5233333333333333,0.687089715536105,1.0,0.5233333333333333,0,3,1.0,0.0,3,13,0.0,0.18666666666666668,1.0,0.31172441377931104,1.0,"{""background_inner_edge"": 6.0, ""background_intensity"": 3.0, ""background_size"": 100, ""background_strip_height"": 10.0, ""background_support_area"": 33.333333333333336, ""controlled_factor"": ""global_background_support_at_fixed_local_intensity"", ""declared_noise_fraction"": 0.25, ""dimension"": 2, ""family"": ""global_contamination_invariance"", ""n"": 400, ""n_targets"": 3, ""paired_background"": ""seeded_prefix"", ""realized_noise_fraction"": 0.25, ""signal_size"": 300}","{""eps"": 0.16637495160102844, ""eps_quantile"": 0.25, ""geometry_profile"": ""low_dim"", ""k"": 4, ""knn_backend"": ""kd_tree"", ""min_samples"": 5}",{},"[{""coverage"": 0.13, ""f1"": 0.23008849557522126, ""fragments"": 6, ""matched_predicted_cluster"": 11, ""overlap"": 13, ""passes_discovery_thresholds"": true, ""precision"": 1.0, ""purity"": 1.0, ""recall"": 0.13, ""target"": ""cluster_0"", ""target_label"": 0, ""target_noise_loss"": 0.5, ""target_size"": 100}, {""coverage"": 0.25, ""f1"": 0.4, ""fragments"": 4, ""matched_predicted_cluster"": 4, ""overlap"": 25, ""passes_discovery_thresholds"": true, ""precision"": 1.0, ""purity"": 1.0, ""recall"": 0.25, ""target"": ""cluster_1"", ""target_label"": 1, ""target_noise_loss"": 0.46, ""target_size"": 100}, {""coverage"": 0.18, ""f1"": 0.3050847457627119, ""fragments"": 6, ""matched_predicted_cluster"": 7, ""overlap"": 18, ""passes_discovery_thresholds"": true, ""precision"": 1.0, ""purity"": 1.0, ""recall"": 0.18, ""target"": ""cluster_2"", ""target_label"": 2, ""target_noise_loss"": 0.47, ""target_size"": 100}]"
synthetic__global_contamination_noise25__quality__signal300__n400__kNN-DBSCAN__229__44d3c61ae9cd,ok,synthetic,global_contamination_noise25__quality__signal300__n400,kNN-DBSCAN,229,0.2.4,400,2,0.0016556999908061698,0.0058062000025529414,4.741150000001653,182.1875,0.53125,182.7421875,,,evaluation_state/synthetic__global_contamination_noise25__quality__signal300__n400__kNN-DBSCAN__229__44d3c61ae9cd.npz,a666db9aa07c32e34c47e303f712b57b219f75ee70e04f932b58746f9761c86c,2160,0.33650794330506395,0.06889811805318849,0,0,1.0,known_synthetic_noise,0.745,0.6121451793828545,4.666666666666667,14,3,0.1,0.9,full_partition,target-discovery-v1,11,0.05,0.15333333333333335,0.26501008725179254,0.51,1.0,3,pairwise_f1,hungarian,4.666666666666667,0,14,0.36111243268190246,0.56657223796034,0.56657223796034,0.6325,0.3952569169960474,1.0,0.10465858328015315,1.0,0.055218855218855216,0.6325,14,macro,0,0,0.49,0.6577181208053691,1.0,0.49,0,3,1.0,0.0,3,11,0.0,0.15333333333333332,1.0,0.26501008725179254,1.0,"{""background_inner_edge"": 6.0, ""background_intensity"": 3.0, ""background_size"": 100, ""background_strip_height"": 10.0, ""background_support_area"": 33.333333333333336, ""controlled_factor"": ""global_background_support_at_fixed_local_intensity"", ""declared_noise_fraction"": 0.25, ""dimension"": 2, ""family"": ""global_contamination_invariance"", ""n"": 400, ""n_targets"": 3, ""paired_background"": ""seeded_prefix"", ""realized_noise_fraction"": 0.25, ""signal_size"": 300}","{""eps"": 0.1513480395078659, ""eps_quantile"": 0.25, ""geometry_profile"": ""low_dim"", ""k"": 4, ""knn_backend"": ""kd_tree"", ""min_samples"": 5}",{},"[{""coverage"": 0.19, ""f1"": 0.319327731092437, ""fragments"": 5, ""matched_predicted_cluster"": 0, ""overlap"": 19, ""passes_discovery_thresholds"": true, ""precision"": 1.0, ""purity"": 1.0, ""recall"": 0.19, ""target"": ""cluster_0"", ""target_label"": 0, ""target_noise_loss"": 0.4, ""target_size"": 100}, {""coverage"": 0.14, ""f1"": 0.24561403508771928, ""fragments"": 5, ""matched_predicted_cluster"": 2, ""overlap"": 14, ""passes_discovery_thresholds"": true, ""precision"": 1.0, ""purity"": 1.0, ""recall"": 0.14, ""target"": ""cluster_1"", ""target_label"": 1, ""target_noise_loss"": 0.5, ""target_size"": 100}, {""coverage"": 0.13, ""f1"": 0.23008849557522126, ""fragments"": 4, ""matched_predicted_cluster"": 6, ""overlap"": 13, ""passes_discovery_thresholds"": true, ""precision"": 1.0, ""purity"": 1.0, ""recall"": 0.13, ""target"": ""cluster_2"", ""target_label"": 2, ""target_noise_loss"": 0.63, ""target_size"": 100}]"
synthetic__global_contamination_noise25__quality__signal300__n400__kNN-DBSCAN__233__a455cea06f4c,ok,synthetic,global_contamination_noise25__quality__signal300__n400,kNN-DBSCAN,233,0.2.4,400,2,0.0015764999989187345,0.005695800005923957,4.756126499996753,182.4609375,0.53515625,183.05859375,,,evaluation_state/synthetic__global_contamination_noise25__quality__signal300__n400__kNN-DBSCAN__233__a455cea06f4c.npz,e918b268251b7ff22589fcccbf977ed33844e4c114a9659f20223b0795c4a32f,2087,0.38753975588840744,0.13717962222727348,0,0,1.0,known_synthetic_noise,0.7483333333333333,0.6167488372388149,3.0,9,3,0.1,0.9,full_partition,target-discovery-v1,6,0.05,0.3266666666666667,0.49003003111295423,0.5033333333333333,1.0,3,pairwise_f1,hungarian,3.0,0,9,0.5269132457713116,0.5698005698005697,0.5698005698005697,0.6275,0.398406374501992,1.0,0.22272754473101553,1.0,0.12531986531986533,0.6275,9,macro,0,0,0.49666666666666665,0.6636971046770601,1.0,0.49666666666666665,0,3,1.0,0.0,3,6,0.0,0.32666666666666666,1.0,0.49003003111295423,1.0,"{""background_inner_edge"": 6.0, ""background_intensity"": 3.0, ""background_size"": 100, ""background_strip_height"": 10.0, ""background_support_area"": 33.333333333333336, ""controlled_factor"": ""global_background_support_at_fixed_local_intensity"", ""declared_noise_fraction"": 0.25, ""dimension"": 2, ""family"": ""global_contamination_invariance"", ""n"": 400, ""n_targets"": 3, ""paired_background"": ""seeded_prefix"", ""realized_noise_fraction"": 0.25, ""signal_size"": 300}","{""eps"": 0.16634608805179596, ""eps_quantile"": 0.25, ""geometry_profile"": ""low_dim"", ""k"": 4, ""knn_backend"": ""kd_tree"", ""min_samples"": 5}",{},"[{""coverage"": 0.33, ""f1"": 0.49624060150375937, ""fragments"": 2, ""matched_predicted_cluster"": 1, ""overlap"": 33, ""passes_discovery_thresholds"": true, ""precision"": 1.0, ""purity"": 1.0, ""recall"": 0.33, ""target"": ""cluster_0"", ""target_label"": 0, ""target_noise_loss"": 0.62, ""target_size"": 100}, {""coverage"": 0.26, ""f1"": 0.41269841269841273, ""fragments"": 4, ""matched_predicted_cluster"": 2, ""overlap"": 26, ""passes_discovery_thresholds"": true, ""precision"": 1.0, ""purity"": 1.0, ""recall"": 0.26, ""target"": ""cluster_1"", ""target_label"": 1, ""target_noise_loss"": 0.43, ""target_size"": 100}, {""coverage"": 0.39, ""f1"": 0.5611510791366906, ""fragments"": 3, ""matched_predicted_cluster"": 0, ""overlap"": 39, ""passes_discovery_thresholds"": true, ""precision"": 1.0, ""purity"": 1.0, ""recall"": 0.39, ""target"": ""cluster_2"", ""target_label"": 2, ""target_noise_loss"": 0.46, ""target_size"": 100}]"
synthetic__global_contamination_noise50__quality__signal300__n600__AMD-DBSCAN__211__14852444f4f5,ok,synthetic,global_contamination_noise50__quality__signal300__n600,AMD-DBSCAN,211,0.2.4,600,2,0.0015816999948583543,0.03913059999467805,4.785196600001655,184.9375,3.484375,184.87109375,,,evaluation_state/synthetic__global_contamination_noise50__quality__signal300__n600__AMD-DBSCAN__211__14852444f4f5.npz,3b124e400078e535b6d6dbfe4db82bccfdef96470f37c1a81f4f38d4906880c1,2369,0.8090697641670626,0.7911020463916532,2,2,0.0,known_synthetic_noise,0.49166666666666664,0.329608938547486,3.0,7,3,0.1,0.9,full_partition,target-discovery-v1,4,0.05,0.85,0.9175620525180511,0.016666666666666666,1.0,3,pairwise_f1,hungarian,2.3333333333333335,0,9,0.0,0.0,0.0,0.008333333333333333,0.0,0.0,0.4555022731518964,0.3292518231745746,0.7387878787878788,0.008333333333333333,9,macro,3,2,0.9833333333333333,0.659217877094972,0.4957983193277311,0.9833333333333333,2,3,1.0,1.0,3,6,0.0,0.85,1.0,0.9175620525180511,1.0,"{""background_inner_edge"": 6.0, ""background_intensity"": 3.0, ""background_size"": 300, ""background_strip_height"": 10.0, ""background_support_area"": 100.0, ""controlled_factor"": ""global_background_support_at_fixed_local_intensity"", ""declared_noise_fraction"": 0.5, ""dimension"": 2, ""family"": ""global_contamination_invariance"", ""n"": 600, ""n_targets"": 3, ""paired_background"": ""seeded_prefix"", ""realized_noise_fraction"": 0.5, ""signal_size"": 300}","{""adaptive_rank"": 12, ""balance_rounds"": 3, ""eps_values"": [0.28364560393929944, 0.9826374768276833, 1.3768061043776099], ""geometry_profile"": ""low_dim"", ""knn_backend"": ""kd_tree"", ""n_density_levels"": 3}",{},"[{""coverage"": 0.91, ""f1"": 0.9528795811518325, ""fragments"": 2, ""matched_predicted_cluster"": 2, ""overlap"": 91, ""passes_discovery_thresholds"": true, ""precision"": 1.0, ""purity"": 1.0, ""recall"": 0.91, ""target"": ""cluster_0"", ""target_label"": 0, ""target_noise_loss"": 0.04, ""target_size"": 100}, {""coverage"": 0.76, ""f1"": 0.8636363636363636, ""fragments"": 3, ""matched_predicted_cluster"": 0, ""overlap"": 76, ""passes_discovery_thresholds"": true, ""precision"": 1.0, ""purity"": 1.0, ""recall"": 0.76, ""target"": ""cluster_1"", ""target_label"": 1, ""target_noise_loss"": 0.0, ""target_size"": 100}, {""coverage"": 0.88, ""f1"": 0.9361702127659575, ""fragments"": 2, ""matched_predicted_cluster"": 1, ""overlap"": 88, ""passes_discovery_thresholds"": true, ""precision"": 1.0, ""purity"": 1.0, ""recall"": 0.88, ""target"": ""cluster_2"", ""target_label"": 2, ""target_noise_loss"": 0.01, ""target_size"": 100}]"
synthetic__global_contamination_noise50__quality__signal300__n600__AMD-DBSCAN__223__ec697afd2838,ok,synthetic,global_contamination_noise50__quality__signal300__n600,AMD-DBSCAN,223,0.2.4,600,2,0.0016300999996019527,0.040752500004600734,4.79043229999661,187.3359375,5.68359375,187.34375,,,evaluation_state/synthetic__global_contamination_noise50__quality__signal300__n600__AMD-DBSCAN__223__ec697afd2838.npz,672f69c24dcbe6252ec8c28cee464e6931eda31e3f64710243ddfd729d6f5a95,2389,0.7958172583912683,0.7774800761733222,2,2,0.0033333333333333335,known_synthetic_noise,0.495,0.3340049455078304,3.3333333333333335,8,3,0.1,0.9,full_partition,target-discovery-v1,5,0.05,0.8433333333333333,0.9147909796671568,0.013333333333333334,1.0,3,pairwise_f1,hungarian,2.6666666666666665,0,10,0.013021414389331675,0.006557377049180329,0.006557377049180329,0.008333333333333333,0.2,0.0033333333333333335,0.4493921195254138,0.32599653905704484,0.7230976430976431,0.008333333333333333,10,macro,3,3,0.9866666666666667,0.6614525139664804,0.49747899159663866,0.9866666666666667,2,3,1.0,1.0,3,7,0.0,0.8433333333333334,1.0,0.914790979667157,1.0,"{""background_inner_edge"": 6.0, ""background_intensity"": 3.0, ""background_size"": 300, ""background_strip_height"": 10.0, ""background_support_area"": 100.0, ""controlled_factor"": ""global_background_support_at_fixed_local_intensity"", ""declared_noise_fraction"": 0.5, ""dimension"": 2, ""family"": ""global_contamination_invariance"", ""n"": 600, ""n_targets"": 3, ""paired_background"": ""seeded_prefix"", ""realized_noise_fraction"": 0.5, ""signal_size"": 300}","{""adaptive_rank"": 12, ""balance_rounds"": 3, ""eps_values"": [0.2881611132541795, 0.9914868919499725, 1.339938200235843], ""geometry_profile"": ""low_dim"", ""knn_backend"": ""kd_tree"", ""n_density_levels"": 3}",{},"[{""coverage"": 0.82, ""f1"": 0.9010989010989011, ""fragments"": 3, ""matched_predicted_cluster"": 2, ""overlap"": 82, ""passes_discovery_thresholds"": true, ""precision"": 1.0, ""purity"": 1.0, ""recall"": 0.82, ""target"": ""cluster_0"", ""target_label"": 0, ""target_noise_loss"": 0.01, ""target_size"": 100}, {""coverage"": 0.83, ""f1"": 0.9071038251366119, ""fragments"": 2, ""matched_predicted_cluster"": 0, ""overlap"": 83, ""passes_discovery_thresholds"": true, ""precision"": 1.0, ""purity"": 1.0, ""recall"": 0.83, ""target"": ""cluster_1"", ""target_label"": 1, ""target_noise_loss"": 0.03, ""target_size"": 100}, {""coverage"": 0.88, ""f1"": 0.9361702127659575, ""fragments"": 3, ""matched_predicted_cluster"": 1, ""overlap"": 88, ""passes_discovery_thresholds"": true, ""precision"": 1.0, ""purity"": 1.0, ""recall"": 0.88, ""target"": ""cluster_2"", ""target_label"": 2, ""target_noise_loss"": 0.0, ""target_size"": 100}]"
synthetic__global_contamination_noise50__quality__signal300__n600__AMD-DBSCAN__227__6d14b78539bb,ok,synthetic,global_contamination_noise50__quality__signal300__n600,AMD-DBSCAN,227,0.2.4,600,2,0.0017907000001287088,0.038737499999115244,4.750134000001708,187.25390625,5.67578125,182.91015625,,,evaluation_state/synthetic__global_contamination_noise50__quality__signal300__n600__AMD-DBSCAN__227__6d14b78539bb.npz,c0492864369f8574d93b6f264a500a61be8e4109c3ae2fb9a8eb3765122e837c,2407,0.8003689344385213,0.7587255624532078,4,4,0.02,known_synthetic_noise,0.51,0.3551783129359126,4.0,8,3,0.1,0.9,full_partition,target-discovery-v1,5,0.05,0.8266666666666667,0.9050583092356246,0.0,1.0,3,pairwise_f1,hungarian,2.6666666666666665,0,12,0.07517411870682318,0.0392156862745098,0.0392156862745098,0.01,1.0,0.02,0.4606676984302454,0.34292297564186963,0.7015488215488216,0.01,12,macro,3,2,1.0,0.6711409395973155,0.5050505050505051,1.0,4,3,1.0,1.0,3,9,0.0,0.8266666666666667,1.0,0.9050583092356245,1.0,"{""background_inner_edge"": 6.0, ""background_intensity"": 3.0, ""background_size"": 300, ""background_strip_height"": 10.0, ""background_support_area"": 100.0, ""controlled_factor"": ""global_background_support_at_fixed_local_intensity"", ""declared_noise_fraction"": 0.5, ""dimension"": 2, ""family"": ""global_contamination_invariance"", ""n"": 600, ""n_targets"": 3, ""paired_background"": ""seeded_prefix"", ""realized_noise_fraction"": 0.5, ""signal_size"": 300}","{""adaptive_rank"": 12, ""balance_rounds"": 3, ""eps_values"": [0.2819048400435043, 0.9812464805087274, 1.3481107273601192], ""geometry_profile"": ""low_dim"", ""knn_backend"": ""kd_tree"", ""n_density_levels"": 3}",{},"[{""coverage"": 0.81, ""f1"": 0.8950276243093923, ""fragments"": 3, ""matched_predicted_cluster"": 0, ""overlap"": 81, ""passes_discovery_thresholds"": true, ""precision"": 1.0, ""purity"": 1.0, ""recall"": 0.81, ""target"": ""cluster_0"", ""target_label"": 0, ""target_noise_loss"": 0.0, ""target_size"": 100}, {""coverage"": 0.83, ""f1"": 0.9071038251366119, ""fragments"": 2, ""matched_predicted_cluster"": 2, ""overlap"": 83, ""passes_discovery_thresholds"": true, ""precision"": 1.0, ""purity"": 1.0, ""recall"": 0.83, ""target"": ""cluster_1"", ""target_label"": 1, ""target_noise_loss"": 0.0, ""target_size"": 100}, {""coverage"": 0.84, ""f1"": 0.9130434782608696, ""fragments"": 3, ""matched_predicted_cluster"": 1, ""overlap"": 84, ""passes_discovery_thresholds"": true, ""precision"": 1.0, ""purity"": 1.0, ""recall"": 0.84, ""target"": ""cluster_2"", ""target_label"": 2, ""target_noise_loss"": 0.0, ""target_size"": 100}]"
synthetic__global_contamination_noise50__quality__signal300__n600__AMD-DBSCAN__229__54ba7b37cc5e,ok,synthetic,global_contamination_noise50__quality__signal300__n600,AMD-DBSCAN,229,0.2.4,600,2,0.002239900000859052,0.01870059999055229,4.760023499999079,184.9296875,3.3984375,184.9296875,,,evaluation_state/synthetic__global_contamination_noise50__quality__signal300__n600__AMD-DBSCAN__229__54ba7b37cc5e.npz,609309ccd085deb1ad4250c64dcc285b0f5111faf485c6dfba137024f2919586,2440,0.6956136815244977,0.6182250032661568,3,3,0.01,known_synthetic_noise,0.49,0.3373180873180873,4.333333333333333,10,3,0.1,0.9,full_partition,target-discovery-v1,7,0.05,0.7133333333333334,0.8300544453023221,0.03,1.0,3,pairwise_f1,hungarian,3.3333333333333335,0,13,0.03759063554487715,0.019230769230769232,0.019230769230769232,0.02,0.25,0.01,0.3742071881606765,0.28402986115956186,0.5482828282828283,0.02,13,macro,1,1,0.97,0.6554054054054054,0.49489795918367346,0.97,3,3,1.0,0.3333333333333333,3,10,0.0,0.7133333333333334,1.0,0.830054445302322,1.0,"{""background_inner_edge"": 6.0, ""background_intensity"": 3.0, ""background_size"": 300, ""background_strip_height"": 10.0, ""background_support_area"": 100.0, ""controlled_factor"": ""global_background_support_at_fixed_local_intensity"", ""declared_noise_fraction"": 0.5, ""dimension"": 2, ""family"": ""global_contamination_invariance"", ""n"": 600, ""n_targets"": 3, ""paired_background"": ""seeded_prefix"", ""realized_noise_fraction"": 0.5, ""signal_size"": 300}","{""adaptive_rank"": 12, ""balance_rounds"": 3, ""eps_values"": [0.2628227020921273, 0.9713698203921958, 1.3385403405803313], ""geometry_profile"": ""low_dim"", ""knn_backend"": ""kd_tree"", ""n_density_levels"": 3}",{},"[{""coverage"": 0.83, ""f1"": 0.9071038251366119, ""fragments"": 3, ""matched_predicted_cluster"": 1, ""overlap"": 83, ""passes_discovery_thresholds"": true, ""precision"": 1.0, ""purity"": 1.0, ""recall"": 0.83, ""target"": ""cluster_0"", ""target_label"": 0, ""target_noise_loss"": 0.04, ""target_size"": 100}, {""coverage"": 0.66, ""f1"": 0.7951807228915663, ""fragments"": 3, ""matched_predicted_cluster"": 0, ""overlap"": 66, ""passes_discovery_thresholds"": true, ""precision"": 1.0, ""purity"": 1.0, ""recall"": 0.66, ""target"": ""cluster_1"", ""target_label"": 1, ""target_noise_loss"": 0.02, ""target_size"": 100}, {""coverage"": 0.65, ""f1"": 0.787878787878788, ""fragments"": 4, ""matched_predicted_cluster"": 2, ""overlap"": 65, ""passes_discovery_thresholds"": true, ""precision"": 1.0, ""purity"": 1.0, ""recall"": 0.65, ""target"": ""cluster_2"", ""target_label"": 2, ""target_noise_loss"": 0.03, ""target_size"": 100}]"
synthetic__global_contamination_noise50__quality__signal300__n600__AMD-DBSCAN__233__71c66a311232,ok,synthetic,global_contamination_noise50__quality__signal300__n600,AMD-DBSCAN,233,0.2.4,600,2,0.0015899000136414543,0.019175299996277317,4.740901800003485,185.21875,3.3203125,183.08984375,,,evaluation_state/synthetic__global_contamination_noise50__quality__signal300__n600__AMD-DBSCAN__233__71c66a311232.npz,9a7027f62b75d76bdea49034a3192454a54f09a06aa6fafafe6390ceba523927,2394,0.7516212002164488,0.723067635073201,3,3,0.016666666666666666,known_synthetic_noise,0.5,0.34758970641536785,4.333333333333333,10,3,0.1,0.9,full_partition,target-discovery-v1,7,0.05,0.8033333333333333,0.8899543578591541,0.016666666666666666,1.0,3,pairwise_f1,hungarian,3.3333333333333335,0,13,0.062259419621108335,0.03225806451612903,0.03225806451612903,0.016666666666666666,0.5,0.016666666666666666,0.430843479214654,0.3195054498129169,0.6612794612794612,0.016666666666666666,13,macro,3,1,0.9833333333333333,0.6629213483146067,0.5,0.9833333333333333,3,3,1.0,1.0,3,10,0.0,0.8033333333333333,1.0,0.8899543578591541,1.0,"{""background_inner_edge"": 6.0, ""background_intensity"": 3.0, ""background_size"": 300, ""background_strip_height"": 10.0, ""background_support_area"": 100.0, ""controlled_factor"": ""global_background_support_at_fixed_local_intensity"", ""declared_noise_fraction"": 0.5, ""dimension"": 2, ""family"": ""global_contamination_invariance"", ""n"": 600, ""n_targets"": 3, ""paired_background"": ""seeded_prefix"", ""realized_noise_fraction"": 0.5, ""signal_size"": 300}","{""adaptive_rank"": 12, ""balance_rounds"": 3, ""eps_values"": [0.2687915588397021, 0.967926996139867, 1.3181765964579497], ""geometry_profile"": ""low_dim"", ""knn_backend"": ""kd_tree"", ""n_density_levels"": 3}",{},"[{""coverage"": 0.88, ""f1"": 0.9361702127659575, ""fragments"": 3, ""matched_predicted_cluster"": 1, ""overlap"": 88, ""passes_discovery_thresholds"": true, ""precision"": 1.0, ""purity"": 1.0, ""recall"": 0.88, ""target"": ""cluster_0"", ""target_label"": 0, ""target_noise_loss"": 0.0, ""target_size"": 100}, {""coverage"": 0.77, ""f1"": 0.8700564971751412, ""fragments"": 3, ""matched_predicted_cluster"": 0, ""overlap"": 77, ""passes_discovery_thresholds"": true, ""precision"": 1.0, ""purity"": 1.0, ""recall"": 0.77, ""target"": ""cluster_1"", ""target_label"": 1, ""target_noise_loss"": 0.03, ""target_size"": 100}, {""coverage"": 0.76, ""f1"": 0.8636363636363636, ""fragments"": 4, ""matched_predicted_cluster"": 2, ""overlap"": 76, ""passes_discovery_thresholds"": true, ""precision"": 1.0, ""purity"": 1.0, ""recall"": 0.76, ""target"": ""cluster_2"", ""target_label"": 2, ""target_noise_loss"": 0.02, ""target_size"": 100}]"
synthetic__global_contamination_noise50__quality__signal300__n600__DBSCAN__211__50b0203cd693,ok,synthetic,global_contamination_noise50__quality__signal300__n600,DBSCAN,211,0.2.4,600,2,0.002454699992085807,0.011384900004486553,5.002875400008634,182.3515625,0.65234375,182.87890625,,,evaluation_state/synthetic__global_contamination_noise50__quality__signal300__n600__DBSCAN__211__50b0203cd693.npz,01d6e0781350f2c0db3a96653d534b888272b172b161778e09ac0144270c3917,2523,0.9740051210129412,0.9849751463816282,18,18,0.49666666666666665,known_synthetic_noise,0.7433333333333333,0.7267048412285267,7.0,3,3,0.1,0.9,full_partition,target-discovery-v1,0,0.05,0.9899999999999999,0.9949579547569497,0.01,1.0,3,pairwise_f1,hungarian,1.0,0,21,0.7930698008537818,0.65929203539823,0.65929203539823,0.25333333333333335,0.9802631578947368,0.49666666666666665,0.9592038489422,0.9392101187403201,0.9800673400673401,0.25333333333333335,21,macro,3,3,0.99,0.7941176470588235,0.6629464285714286,0.99,18,3,1.0,1.0,3,18,0.0,0.99,1.0,0.9949579547569497,1.0,"{""background_inner_edge"": 6.0, ""background_intensity"": 3.0, ""background_size"": 300, ""background_strip_height"": 10.0, ""background_support_area"": 100.0, ""controlled_factor"": ""global_background_support_at_fixed_local_intensity"", ""declared_noise_fraction"": 0.5, ""dimension"": 2, ""family"": ""global_contamination_invariance"", ""n"": 600, ""n_targets"": 3, ""paired_background"": ""seeded_prefix"", ""realized_noise_fraction"": 0.5, ""signal_size"": 300}","{""base_eps"": 0.8139848709106445, ""eps"": 0.5697894096374512, ""eps_multiplier"": 0.7, ""geometry_profile"": ""low_dim"", ""knn_backend"": ""kd_tree"", ""min_samples"": 5}",{},"[{""coverage"": 0.98, ""f1"": 0.98989898989899, ""fragments"": 1, ""matched_predicted_cluster"": 1, ""overlap"": 98, ""passes_discovery_thresholds"": true, ""precision"": 1.0, ""purity"": 1.0, ""recall"": 0.98, ""target"": ""cluster_0"", ""target_label"": 0, ""target_noise_loss"": 0.02, ""target_size"": 100}, {""coverage"": 0.99, ""f1"": 0.9949748743718593, ""fragments"": 1, ""matched_predicted_cluster"": 0, ""overlap"": 99, ""passes_discovery_thresholds"": true, ""precision"": 1.0, ""purity"": 1.0, ""recall"": 0.99, ""target"": ""cluster_1"", ""target_label"": 1, ""target_noise_loss"": 0.01, ""target_size"": 100}, {""coverage"": 1.0, ""f1"": 1.0, ""fragments"": 1, ""matched_predicted_cluster"": 2, ""overlap"": 100, ""passes_discovery_thresholds"": true, ""precision"": 1.0, ""purity"": 1.0, ""recall"": 1.0, ""target"": ""cluster_2"", ""target_label"": 2, ""target_noise_loss"": 0.0, ""target_size"": 100}]"
synthetic__global_contamination_noise50__quality__signal300__n600__DBSCAN__223__7290456cddd2,ok,synthetic,global_contamination_noise50__quality__signal300__n600,DBSCAN,223,0.2.4,600,2,0.001676600004429929,0.013273200005642138,5.15560660000483,182.58203125,0.6796875,183.15625,,,evaluation_state/synthetic__global_contamination_noise50__quality__signal300__n600__DBSCAN__223__7290456cddd2.npz,4ff66d3ed0fe93665e383004bc20b53d887ab328a9cd2ebb7ed87a6a7a2c3b2e,2532,0.9681462648043433,0.9800866408299869,21,21,0.52,known_synthetic_noise,0.7533333333333334,0.7391304347826086,8.0,3,3,0.1,0.9,full_partition,target-discovery-v1,0,0.05,0.9866666666666667,0.9932488159919733,0.013333333333333334,1.0,3,pairwise_f1,hungarian,1.0,0,24,0.8060758623779909,0.6782608695652174,0.6782608695652174,0.26666666666666666,0.975,0.52,0.9698453694696945,0.9661832520216534,0.9735353535353536,0.26666666666666666,24,macro,3,3,0.9866666666666667,0.8,0.6727272727272727,0.9866666666666667,21,3,1.0,1.0,3,21,0.0,0.9866666666666667,1.0,0.9932488159919735,1.0,"{""background_inner_edge"": 6.0, ""background_intensity"": 3.0, ""background_size"": 300, ""background_strip_height"": 10.0, ""background_support_area"": 100.0, ""controlled_factor"": ""global_background_support_at_fixed_local_intensity"", ""declared_noise_fraction"": 0.5, ""dimension"": 2, ""family"": ""global_contamination_invariance"", ""n"": 600, ""n_targets"": 3, ""paired_background"": ""seeded_prefix"", ""realized_noise_fraction"": 0.5, ""signal_size"": 300}","{""base_eps"": 0.785525381565094, ""eps"": 0.5498677670955657, ""eps_multiplier"": 0.7, ""geometry_profile"": ""low_dim"", ""knn_backend"": ""kd_tree"", ""min_samples"": 5}",{},"[{""coverage"": 0.97, ""f1"": 0.9847715736040609, ""fragments"": 1, ""matched_predicted_cluster"": 5, ""overlap"": 97, ""passes_discovery_thresholds"": true, ""precision"": 1.0, ""purity"": 1.0, ""recall"": 0.97, ""target"": ""cluster_0"", ""target_label"": 0, ""target_noise_loss"": 0.03, ""target_size"": 100}, {""coverage"": 0.99, ""f1"": 0.9949748743718593, ""fragments"": 1, ""matched_predicted_cluster"": 0, ""overlap"": 99, ""passes_discovery_thresholds"": true, ""precision"": 1.0, ""purity"": 1.0, ""recall"": 0.99, ""target"": ""cluster_1"", ""target_label"": 1, ""target_noise_loss"": 0.01, ""target_size"": 100}, {""coverage"": 1.0, ""f1"": 1.0, ""fragments"": 1, ""matched_predicted_cluster"": 2, ""overlap"": 100, ""passes_discovery_thresholds"": true, ""precision"": 1.0, ""purity"": 1.0, ""recall"": 1.0, ""target"": ""cluster_2"", ""target_label"": 2, ""target_noise_loss"": 0.0, ""target_size"": 100}]"
synthetic__global_contamination_noise50__quality__signal300__n600__DBSCAN__227__0bdff265a202,ok,synthetic,global_contamination_noise50__quality__signal300__n600,DBSCAN,227,0.2.4,600,2,0.0019151000014971942,0.012713299991446547,5.087657700001728,182.83984375,0.671875,183.3828125,,,evaluation_state/synthetic__global_contamination_noise50__quality__signal300__n600__DBSCAN__227__0bdff265a202.npz,defef5032a9603c14e5cf50efeff3780f766815ed2d990a6744c72399daee508,2523,0.9624120561330824,0.9797819279744424,19,19,0.48333333333333334,known_synthetic_noise,0.735,0.7170810115095241,7.333333333333333,3,3,0.1,0.9,full_partition,target-discovery-v1,0,0.05,0.9866666666666667,0.9932829128809028,0.013333333333333334,1.0,3,pairwise_f1,hungarian,1.0,0,22,0.7827671085847207,0.6458797327394209,0.6458797327394209,0.24833333333333332,0.9731543624161074,0.48333333333333334,0.9635381949073456,0.9538735647353834,0.9734006734006734,0.24833333333333332,22,macro,3,3,0.9866666666666667,0.7882822902796272,0.656319290465632,0.9866666666666667,19,3,1.0,1.0,3,19,0.0,0.9866666666666667,1.0,0.9932829128809029,1.0,"{""background_inner_edge"": 6.0, ""background_intensity"": 3.0, ""background_size"": 300, ""background_strip_height"": 10.0, ""background_support_area"": 100.0, ""controlled_factor"": ""global_background_support_at_fixed_local_intensity"", ""declared_noise_fraction"": 0.5, ""dimension"": 2, ""family"": ""global_contamination_invariance"", ""n"": 600, ""n_targets"": 3, ""paired_background"": ""seeded_prefix"", ""realized_noise_fraction"": 0.5, ""signal_size"": 300}","{""base_eps"": 0.7953967452049255, ""eps"": 0.5567777216434479, ""eps_multiplier"": 0.7, ""geometry_profile"": ""low_dim"", ""knn_backend"": ""kd_tree"", ""min_samples"": 5}",{},"[{""coverage"": 0.99, ""f1"": 0.9949748743718593, ""fragments"": 1, ""matched_predicted_cluster"": 0, ""overlap"": 99, ""passes_discovery_thresholds"": true, ""precision"": 1.0, ""purity"": 1.0, ""recall"": 0.99, ""target"": ""cluster_0"", ""target_label"": 0, ""target_noise_loss"": 0.01, ""target_size"": 100}, {""coverage"": 0.98, ""f1"": 0.98989898989899, ""fragments"": 1, ""matched_predicted_cluster"": 4, ""overlap"": 98, ""passes_discovery_thresholds"": true, ""precision"": 1.0, ""purity"": 1.0, ""recall"": 0.98, ""target"": ""cluster_1"", ""target_label"": 1, ""target_noise_loss"": 0.02, ""target_size"": 100}, {""coverage"": 0.99, ""f1"": 0.9949748743718593, ""fragments"": 1, ""matched_predicted_cluster"": 1, ""overlap"": 99, ""passes_discovery_thresholds"": true, ""precision"": 1.0, ""purity"": 1.0, ""recall"": 0.99, ""target"": ""cluster_2"", ""target_label"": 2, ""target_noise_loss"": 0.01, ""target_size"": 100}]"
synthetic__global_contamination_noise50__quality__signal300__n600__DBSCAN__229__d25e2ba50f05,ok,synthetic,global_contamination_noise50__quality__signal300__n600,DBSCAN,229,0.2.4,600,2,0.0016220000106841326,0.011218100000405684,4.888416900008451,182.5546875,0.65625,183.11328125,,,evaluation_state/synthetic__global_contamination_noise50__quality__signal300__n600__DBSCAN__229__d25e2ba50f05.npz,d2a2c32bd65b6ee1b7b3f8d980c9a8ab97c70c87284f82969a402fa7e3bd8021,2451,0.9809982501286235,0.9899493302734766,14,14,0.5633333333333334,known_synthetic_noise,0.7783333333333333,0.7675901898595929,5.666666666666667,3,3,0.1,0.9,full_partition,target-discovery-v1,0,0.05,0.9933333333333333,0.9966499162479062,0.006666666666666667,1.0,3,pairwise_f1,hungarian,1.0,0,17,0.8344276612914937,0.7176220806794055,0.7176220806794055,0.285,0.9883040935672515,0.5633333333333334,0.9558353447713485,0.9268724696356275,0.9866666666666667,0.285,17,macro,3,3,0.9933333333333333,0.8175582990397805,0.6946386946386947,0.9933333333333333,14,3,1.0,1.0,3,14,0.0,0.9933333333333333,1.0,0.9966499162479061,1.0,"{""background_inner_edge"": 6.0, ""background_intensity"": 3.0, ""background_size"": 300, ""background_strip_height"": 10.0, ""background_support_area"": 100.0, ""controlled_factor"": ""global_background_support_at_fixed_local_intensity"", ""declared_noise_fraction"": 0.5, ""dimension"": 2, ""family"": ""global_contamination_invariance"", ""n"": 600, ""n_targets"": 3, ""paired_background"": ""seeded_prefix"", ""realized_noise_fraction"": 0.5, ""signal_size"": 300}","{""base_eps"": 0.7773639559745789, ""eps"": 0.5441547691822052, ""eps_multiplier"": 0.7, ""geometry_profile"": ""low_dim"", ""knn_backend"": ""kd_tree"", ""min_samples"": 5}",{},"[{""coverage"": 1.0, ""f1"": 1.0, ""fragments"": 1, ""matched_predicted_cluster"": 3, ""overlap"": 100, ""passes_discovery_thresholds"": true, ""precision"": 1.0, ""purity"": 1.0, ""recall"": 1.0, ""target"": ""cluster_0"", ""target_label"": 0, ""target_noise_loss"": 0.0, ""target_size"": 100}, {""coverage"": 0.99, ""f1"": 0.9949748743718593, ""fragments"": 1, ""matched_predicted_cluster"": 1, ""overlap"": 99, ""passes_discovery_thresholds"": true, ""precision"": 1.0, ""purity"": 1.0, ""recall"": 0.99, ""target"": ""cluster_1"", ""target_label"": 1, ""target_noise_loss"": 0.01, ""target_size"": 100}, {""coverage"": 0.99, ""f1"": 0.9949748743718593, ""fragments"": 1, ""matched_predicted_cluster"": 0, ""overlap"": 99, ""passes_discovery_thresholds"": true, ""precision"": 1.0, ""purity"": 1.0, ""recall"": 0.99, ""target"": ""cluster_2"", ""target_label"": 2, ""target_noise_loss"": 0.01, ""target_size"": 100}]"
synthetic__global_contamination_noise50__quality__signal300__n600__DBSCAN__233__70a94b8b6a74,ok,synthetic,global_contamination_noise50__quality__signal300__n600,DBSCAN,233,0.2.4,600,2,0.0017788999975891784,0.010030800011008978,4.778693200001726,182.39453125,0.84375,182.96484375,,,evaluation_state/synthetic__global_contamination_noise50__quality__signal300__n600__DBSCAN__233__70a94b8b6a74.npz,7607b8c52976d7517e27fb5b86e9c2847516767bda555242377152f53dbf7103,2481,0.9358774124161202,0.9595638964518409,19,19,0.5466666666666666,known_synthetic_noise,0.76,0.7485565282175451,7.333333333333333,3,3,0.1,0.9,full_partition,target-discovery-v1,0,0.05,0.9733333333333333,0.986446094903538,0.02666666666666667,1.0,3,pairwise_f1,hungarian,1.0,0,22,0.8154064433342186,0.6949152542372881,0.6949152542372881,0.2866666666666667,0.9534883720930233,0.5466666666666666,0.9544066761652759,0.9616488925348646,0.9472727272727273,0.2866666666666667,22,macro,3,3,0.9733333333333334,0.8021978021978022,0.6822429906542056,0.9733333333333334,19,3,1.0,1.0,3,19,0.0,0.9733333333333334,1.0,0.9864460949035379,1.0,"{""background_inner_edge"": 6.0, ""background_intensity"": 3.0, ""background_size"": 300, ""background_strip_height"": 10.0, ""background_support_area"": 100.0, ""controlled_factor"": ""global_background_support_at_fixed_local_intensity"", ""declared_noise_fraction"": 0.5, ""dimension"": 2, ""family"": ""global_contamination_invariance"", ""n"": 600, ""n_targets"": 3, ""paired_background"": ""seeded_prefix"", ""realized_noise_fraction"": 0.5, ""signal_size"": 300}","{""base_eps"": 0.7537509202957153, ""eps"": 0.5276256442070006, ""eps_multiplier"": 0.7, ""geometry_profile"": ""low_dim"", ""knn_backend"": ""kd_tree"", ""min_samples"": 5}",{},"[{""coverage"": 0.97, ""f1"": 0.9847715736040609, ""fragments"": 1, ""matched_predicted_cluster"": 2, ""overlap"": 97, ""passes_discovery_thresholds"": true, ""precision"": 1.0, ""purity"": 1.0, ""recall"": 0.97, ""target"": ""cluster_0"", ""target_label"": 0, ""target_noise_loss"": 0.03, ""target_size"": 100}, {""coverage"": 0.96, ""f1"": 0.9795918367346939, ""fragments"": 1, ""matched_predicted_cluster"": 1, ""overlap"": 96, ""passes_discovery_thresholds"": true, ""precision"": 1.0, ""purity"": 1.0, ""recall"": 0.96, ""target"": ""cluster_1"", ""target_label"": 1, ""target_noise_loss"": 0.04, ""target_size"": 100}, {""coverage"": 0.99, ""f1"": 0.9949748743718593, ""fragments"": 1, ""matched_predicted_cluster"": 3, ""overlap"": 99, ""passes_discovery_thresholds"": true, ""precision"": 1.0, ""purity"": 1.0, ""recall"": 0.99, ""target"": ""cluster_2"", ""target_label"": 2, ""target_noise_loss"": 0.01, ""target_size"": 100}]"
synthetic__global_contamination_noise50__quality__signal300__n600__HDBSCAN__211__dae76c444113,ok,synthetic,global_contamination_noise50__quality__signal300__n600,HDBSCAN,211,0.2.4,600,2,0.001481300001614727,0.012829700004658662,4.741616800005431,182.63671875,0.81640625,183.0859375,,,evaluation_state/synthetic__global_contamination_noise50__quality__signal300__n600__HDBSCAN__211__dae76c444113.npz,bf877e0dca2283ec477d3ccbc6bfa9c4f8210c92e19f0d14aa4e833ff225993d,2286,1.0,1.0,2,2,0.01,known_synthetic_noise,0.505,0.34434915063412697,1.6666666666666667,3,3,0.1,0.9,full_partition,target-discovery-v1,0,0.05,1.0,1.0,0.0,1.0,3,pairwise_f1,hungarian,1.0,0,5,0.038834951456310676,0.019801980198019802,0.019801980198019802,0.005,1.0,0.01,0.5755144750610394,0.4040156709108717,1.0,0.005,5,macro,3,3,1.0,0.6688963210702341,0.5025125628140703,1.0,2,3,1.0,1.0,3,2,0.0,1.0,1.0,1.0,1.0,"{""background_inner_edge"": 6.0, ""background_intensity"": 3.0, ""background_size"": 300, ""background_strip_height"": 10.0, ""background_support_area"": 100.0, ""controlled_factor"": ""global_background_support_at_fixed_local_intensity"", ""declared_noise_fraction"": 0.5, ""dimension"": 2, ""family"": ""global_contamination_invariance"", ""n"": 600, ""n_targets"": 3, ""paired_background"": ""seeded_prefix"", ""realized_noise_fraction"": 0.5, ""signal_size"": 300}","{""geometry_profile"": ""low_dim"", ""knn_backend"": ""kd_tree"", ""min_cluster_size"": 40, ""min_samples"": 5}",{},"[{""coverage"": 1.0, ""f1"": 1.0, ""fragments"": 1, ""matched_predicted_cluster"": 3, ""overlap"": 100, ""passes_discovery_thresholds"": true, ""precision"": 1.0, ""purity"": 1.0, ""recall"": 1.0, ""target"": ""cluster_0"", ""target_label"": 0, ""target_noise_loss"": 0.0, ""target_size"": 100}, {""coverage"": 1.0, ""f1"": 1.0, ""fragments"": 1, ""matched_predicted_cluster"": 0, ""overlap"": 100, ""passes_discovery_thresholds"": true, ""precision"": 1.0, ""purity"": 1.0, ""recall"": 1.0, ""target"": ""cluster_1"", ""target_label"": 1, ""target_noise_loss"": 0.0, ""target_size"": 100}, {""coverage"": 1.0, ""f1"": 1.0, ""fragments"": 1, ""matched_predicted_cluster"": 2, ""overlap"": 100, ""passes_discovery_thresholds"": true, ""precision"": 1.0, ""purity"": 1.0, ""recall"": 1.0, ""target"": ""cluster_2"", ""target_label"": 2, ""target_noise_loss"": 0.0, ""target_size"": 100}]"
synthetic__global_contamination_noise50__quality__signal300__n600__HDBSCAN__223__e9d0da7a5ad5,ok,synthetic,global_contamination_noise50__quality__signal300__n600,HDBSCAN,223,0.2.4,600,2,0.0018029000057140365,0.01140529999975115,4.801607499990496,181.8515625,0.80078125,182.28125,,,evaluation_state/synthetic__global_contamination_noise50__quality__signal300__n600__HDBSCAN__223__e9d0da7a5ad5.npz,84b8cd1b5a76c7c867df1a051e44616f3809ce527f88de7361eecce0f08786bb,2263,1.0,1.0,2,2,0.0,known_synthetic_noise,0.5,0.3333333333333333,1.6666666666666667,3,3,0.1,0.9,full_partition,target-discovery-v1,0,0.05,1.0,1.0,0.0,1.0,3,pairwise_f1,hungarian,1.0,0,5,0.0,0.0,0.0,0.0,0.0,0.0,0.5706051873198847,0.39919354838709675,1.0,0.0,5,macro,3,3,1.0,0.6666666666666666,0.5,1.0,2,3,1.0,1.0,3,2,0.0,1.0,1.0,1.0,1.0,"{""background_inner_edge"": 6.0, ""background_intensity"": 3.0, ""background_size"": 300, ""background_strip_height"": 10.0, ""background_support_area"": 100.0, ""controlled_factor"": ""global_background_support_at_fixed_local_intensity"", ""declared_noise_fraction"": 0.5, ""dimension"": 2, ""family"": ""global_contamination_invariance"", ""n"": 600, ""n_targets"": 3, ""paired_background"": ""seeded_prefix"", ""realized_noise_fraction"": 0.5, ""signal_size"": 300}","{""geometry_profile"": ""low_dim"", ""knn_backend"": ""kd_tree"", ""min_cluster_size"": 40, ""min_samples"": 5}",{},"[{""coverage"": 1.0, ""f1"": 1.0, ""fragments"": 1, ""matched_predicted_cluster"": 3, ""overlap"": 100, ""passes_discovery_thresholds"": true, ""precision"": 1.0, ""purity"": 1.0, ""recall"": 1.0, ""target"": ""cluster_0"", ""target_label"": 0, ""target_noise_loss"": 0.0, ""target_size"": 100}, {""coverage"": 1.0, ""f1"": 1.0, ""fragments"": 1, ""matched_predicted_cluster"": 1, ""overlap"": 100, ""passes_discovery_thresholds"": true, ""precision"": 1.0, ""purity"": 1.0, ""recall"": 1.0, ""target"": ""cluster_1"", ""target_label"": 1, ""target_noise_loss"": 0.0, ""target_size"": 100}, {""coverage"": 1.0, ""f1"": 1.0, ""fragments"": 1, ""matched_predicted_cluster"": 2, ""overlap"": 100, ""passes_discovery_thresholds"": true, ""precision"": 1.0, ""purity"": 1.0, ""recall"": 1.0, ""target"": ""cluster_2"", ""target_label"": 2, ""target_noise_loss"": 0.0, ""target_size"": 100}]"
synthetic__global_contamination_noise50__quality__signal300__n600__HDBSCAN__227__5e7d2189141d,ok,synthetic,global_contamination_noise50__quality__signal300__n600,HDBSCAN,227,0.2.4,600,2,0.001629299993510358,0.012190199995529838,4.8102198999986285,182.203125,0.83203125,182.6875,,,evaluation_state/synthetic__global_contamination_noise50__quality__signal300__n600__HDBSCAN__227__5e7d2189141d.npz,03c932b5a8d0dd6f5a3d2c30c2a8be19a7898ed480447e1ccd645e75e60b5c08,2277,1.0,1.0,2,2,0.0,known_synthetic_noise,0.5,0.3333333333333333,1.6666666666666667,3,3,0.1,0.9,full_partition,target-discovery-v1,0,0.05,1.0,1.0,0.0,1.0,3,pairwise_f1,hungarian,1.0,0,5,0.0,0.0,0.0,0.0,0.0,0.0,0.5706051873198847,0.39919354838709675,1.0,0.0,5,macro,3,3,1.0,0.6666666666666666,0.5,1.0,2,3,1.0,1.0,3,2,0.0,1.0,1.0,1.0,1.0,"{""background_inner_edge"": 6.0, ""background_intensity"": 3.0, ""background_size"": 300, ""background_strip_height"": 10.0, ""background_support_area"": 100.0, ""controlled_factor"": ""global_background_support_at_fixed_local_intensity"", ""declared_noise_fraction"": 0.5, ""dimension"": 2, ""family"": ""global_contamination_invariance"", ""n"": 600, ""n_targets"": 3, ""paired_background"": ""seeded_prefix"", ""realized_noise_fraction"": 0.5, ""signal_size"": 300}","{""geometry_profile"": ""low_dim"", ""knn_backend"": ""kd_tree"", ""min_cluster_size"": 40, ""min_samples"": 5}",{},"[{""coverage"": 1.0, ""f1"": 1.0, ""fragments"": 1, ""matched_predicted_cluster"": 2, ""overlap"": 100, ""passes_discovery_thresholds"": true, ""precision"": 1.0, ""purity"": 1.0, ""recall"": 1.0, ""target"": ""cluster_0"", ""target_label"": 0, ""target_noise_loss"": 0.0, ""target_size"": 100}, {""coverage"": 1.0, ""f1"": 1.0, ""fragments"": 1, ""matched_predicted_cluster"": 3, ""overlap"": 100, ""passes_discovery_thresholds"": true, ""precision"": 1.0, ""purity"": 1.0, ""recall"": 1.0, ""target"": ""cluster_1"", ""target_label"": 1, ""target_noise_loss"": 0.0, ""target_size"": 100}, {""coverage"": 1.0, ""f1"": 1.0, ""fragments"": 1, ""matched_predicted_cluster"": 0, ""overlap"": 100, ""passes_discovery_thresholds"": true, ""precision"": 1.0, ""purity"": 1.0, ""recall"": 1.0, ""target"": ""cluster_2"", ""target_label"": 2, ""target_noise_loss"": 0.0, ""target_size"": 100}]"
synthetic__global_contamination_noise50__quality__signal300__n600__HDBSCAN__229__963acb31818c,ok,synthetic,global_contamination_noise50__quality__signal300__n600,HDBSCAN,229,0.2.4,600,2,0.0017927000008057803,0.010954500001389533,4.781342500005849,182.5859375,0.7734375,183.046875,,,evaluation_state/synthetic__global_contamination_noise50__quality__signal300__n600__HDBSCAN__229__963acb31818c.npz,8ebd8f1b5251bfff85afd387d823ab5fa7d93822d88fb360c0039598ee6c4d6f,2272,1.0,1.0,2,2,0.0,known_synthetic_noise,0.5,0.3333333333333333,1.6666666666666667,3,3,0.1,0.9,full_partition,target-discovery-v1,0,0.05,1.0,1.0,0.0,1.0,3,pairwise_f1,hungarian,1.0,0,5,0.0,0.0,0.0,0.0,0.0,0.0,0.5706051873198847,0.39919354838709675,1.0,0.0,5,macro,3,3,1.0,0.6666666666666666,0.5,1.0,2,3,1.0,1.0,3,2,0.0,1.0,1.0,1.0,1.0,"{""background_inner_edge"": 6.0, ""background_intensity"": 3.0, ""background_size"": 300, ""background_strip_height"": 10.0, ""background_support_area"": 100.0, ""controlled_factor"": ""global_background_support_at_fixed_local_intensity"", ""declared_noise_fraction"": 0.5, ""dimension"": 2, ""family"": ""global_contamination_invariance"", ""n"": 600, ""n_targets"": 3, ""paired_background"": ""seeded_prefix"", ""realized_noise_fraction"": 0.5, ""signal_size"": 300}","{""geometry_profile"": ""low_dim"", ""knn_backend"": ""kd_tree"", ""min_cluster_size"": 40, ""min_samples"": 5}",{},"[{""coverage"": 1.0, ""f1"": 1.0, ""fragments"": 1, ""matched_predicted_cluster"": 3, ""overlap"": 100, ""passes_discovery_thresholds"": true, ""precision"": 1.0, ""purity"": 1.0, ""recall"": 1.0, ""target"": ""cluster_0"", ""target_label"": 0, ""target_noise_loss"": 0.0, ""target_size"": 100}, {""coverage"": 1.0, ""f1"": 1.0, ""fragments"": 1, ""matched_predicted_cluster"": 2, ""overlap"": 100, ""passes_discovery_thresholds"": true, ""precision"": 1.0, ""purity"": 1.0, ""recall"": 1.0, ""target"": ""cluster_1"", ""target_label"": 1, ""target_noise_loss"": 0.0, ""target_size"": 100}, {""coverage"": 1.0, ""f1"": 1.0, ""fragments"": 1, ""matched_predicted_cluster"": 0, ""overlap"": 100, ""passes_discovery_thresholds"": true, ""precision"": 1.0, ""purity"": 1.0, ""recall"": 1.0, ""target"": ""cluster_2"", ""target_label"": 2, ""target_noise_loss"": 0.0, ""target_size"": 100}]"
synthetic__global_contamination_noise50__quality__signal300__n600__HDBSCAN__233__30c1c8396321,ok,synthetic,global_contamination_noise50__quality__signal300__n600,HDBSCAN,233,0.2.4,600,2,0.001698199994280003,0.012534200010122731,4.8612755999929504,182.671875,0.859375,183.12109375,,,evaluation_state/synthetic__global_contamination_noise50__quality__signal300__n600__HDBSCAN__233__30c1c8396321.npz,06b6f8ec59cc900cca59eec18650b5f80e26337bbddd39264c1011c74ee52184,2250,1.0,1.0,2,2,0.0033333333333333335,known_synthetic_noise,0.5016666666666667,0.33702637482030606,1.6666666666666667,3,3,0.1,0.9,full_partition,target-discovery-v1,0,0.05,1.0,1.0,0.0,1.0,3,pairwise_f1,hungarian,1.0,0,5,0.013201320132013201,0.006644518272425249,0.006644518272425249,0.0016666666666666668,1.0,0.0033333333333333335,0.5722433093774686,0.4007988988151467,1.0,0.0016666666666666668,5,macro,3,3,1.0,0.6674082313681868,0.5008347245409015,1.0,2,3,1.0,1.0,3,2,0.0,1.0,1.0,1.0,1.0,"{""background_inner_edge"": 6.0, ""background_intensity"": 3.0, ""background_size"": 300, ""background_strip_height"": 10.0, ""background_support_area"": 100.0, ""controlled_factor"": ""global_background_support_at_fixed_local_intensity"", ""declared_noise_fraction"": 0.5, ""dimension"": 2, ""family"": ""global_contamination_invariance"", ""n"": 600, ""n_targets"": 3, ""paired_background"": ""seeded_prefix"", ""realized_noise_fraction"": 0.5, ""signal_size"": 300}","{""geometry_profile"": ""low_dim"", ""knn_backend"": ""kd_tree"", ""min_cluster_size"": 40, ""min_samples"": 5}",{},"[{""coverage"": 1.0, ""f1"": 1.0, ""fragments"": 1, ""matched_predicted_cluster"": 2, ""overlap"": 100, ""passes_discovery_thresholds"": true, ""precision"": 1.0, ""purity"": 1.0, ""recall"": 1.0, ""target"": ""cluster_0"", ""target_label"": 0, ""target_noise_loss"": 0.0, ""target_size"": 100}, {""coverage"": 1.0, ""f1"": 1.0, ""fragments"": 1, ""matched_predicted_cluster"": 3, ""overlap"": 100, ""passes_discovery_thresholds"": true, ""precision"": 1.0, ""purity"": 1.0, ""recall"": 1.0, ""target"": ""cluster_1"", ""target_label"": 1, ""target_noise_loss"": 0.0, ""target_size"": 100}, {""coverage"": 1.0, ""f1"": 1.0, ""fragments"": 1, ""matched_predicted_cluster"": 0, ""overlap"": 100, ""passes_discovery_thresholds"": true, ""precision"": 1.0, ""purity"": 1.0, ""recall"": 1.0, ""target"": ""cluster_2"", ""target_label"": 2, ""target_noise_loss"": 0.0, ""target_size"": 100}]"
synthetic__global_contamination_noise50__quality__signal300__n600__OPTICS__211__c830b86d798e,ok,synthetic,global_contamination_noise50__quality__signal300__n600,OPTICS,211,0.2.4,600,2,0.0015734000044176355,0.7991571000020485,5.58011580001039,182.4375,0.81640625,182.96875,,,evaluation_state/synthetic__global_contamination_noise50__quality__signal300__n600__OPTICS__211__c830b86d798e.npz,3c6dd9088728f5acae49876f8042133965076145d32e01a9b612d76ca2cc9f2e,2320,1.0,1.0,2,2,0.35333333333333333,known_synthetic_noise,0.6766666666666666,0.6389174969909792,1.6666666666666667,3,3,0.1,0.9,full_partition,target-discovery-v1,0,0.05,1.0,1.0,0.0,1.0,3,pairwise_f1,hungarian,1.0,0,5,0.6860841423948221,0.5221674876847291,0.5221674876847291,0.17666666666666667,1.0,0.35333333333333333,0.7101695320532747,0.5505913759222869,1.0,0.17666666666666667,5,macro,3,3,1.0,0.7556675062972292,0.6072874493927125,1.0,2,3,1.0,1.0,3,2,0.0,1.0,1.0,1.0,1.0,"{""background_inner_edge"": 6.0, ""background_intensity"": 3.0, ""background_size"": 300, ""background_strip_height"": 10.0, ""background_support_area"": 100.0, ""controlled_factor"": ""global_background_support_at_fixed_local_intensity"", ""declared_noise_fraction"": 0.5, ""dimension"": 2, ""family"": ""global_contamination_invariance"", ""n"": 600, ""n_targets"": 3, ""paired_background"": ""seeded_prefix"", ""realized_noise_fraction"": 0.5, ""signal_size"": 300}","{""geometry_profile"": ""low_dim"", ""knn_backend"": ""kd_tree"", ""max_eps"": 1.0535743236541748, ""max_eps_quantile"": 0.98, ""min_cluster_size"": 40, ""min_samples"": 5, ""xi"": 0.1}",{},"[{""coverage"": 1.0, ""f1"": 1.0, ""fragments"": 1, ""matched_predicted_cluster"": 2, ""overlap"": 100, ""passes_discovery_thresholds"": true, ""precision"": 1.0, ""purity"": 1.0, ""recall"": 1.0, ""target"": ""cluster_0"", ""target_label"": 0, ""target_noise_loss"": 0.0, ""target_size"": 100}, {""coverage"": 1.0, ""f1"": 1.0, ""fragments"": 1, ""matched_predicted_cluster"": 0, ""overlap"": 100, ""passes_discovery_thresholds"": true, ""precision"": 1.0, ""purity"": 1.0, ""recall"": 1.0, ""target"": ""cluster_1"", ""target_label"": 1, ""target_noise_loss"": 0.0, ""target_size"": 100}, {""coverage"": 1.0, ""f1"": 1.0, ""fragments"": 1, ""matched_predicted_cluster"": 3, ""overlap"": 100, ""passes_discovery_thresholds"": true, ""precision"": 1.0, ""purity"": 1.0, ""recall"": 1.0, ""target"": ""cluster_2"", ""target_label"": 2, ""target_noise_loss"": 0.0, ""target_size"": 100}]"
synthetic__global_contamination_noise50__quality__signal300__n600__OPTICS__223__c76eb6b3b2b3,ok,synthetic,global_contamination_noise50__quality__signal300__n600,OPTICS,223,0.2.4,600,2,0.0016398000007029623,0.8654144000029191,5.575810399997863,182.375,0.87890625,182.84375,,,evaluation_state/synthetic__global_contamination_noise50__quality__signal300__n600__OPTICS__223__c76eb6b3b2b3.npz,b129a51e8b23cc879897042d6c382f6f6f8a5a8a8ec12de2182ee25340aa2ea3,2299,0.8795826736176366,0.8864647303150186,2,2,0.0,known_synthetic_noise,0.46,0.31506849315068497,1.6666666666666667,3,3,0.1,0.9,full_partition,target-discovery-v1,0,0.05,0.9199999999999999,0.9569447983615995,0.08,1.0,3,pairwise_f1,hungarian,1.0,0,5,0.0,0.0,0.0,0.04,0.0,0.0,0.5069535028395977,0.3610817300820445,0.8505723905723905,0.04,5,macro,3,3,0.92,0.6301369863013699,0.4791666666666667,0.92,2,3,1.0,1.0,3,2,0.0,0.92,1.0,0.9569447983615995,1.0,"{""background_inner_edge"": 6.0, ""background_intensity"": 3.0, ""background_size"": 300, ""background_strip_height"": 10.0, ""background_support_area"": 100.0, ""controlled_factor"": ""global_background_support_at_fixed_local_intensity"", ""declared_noise_fraction"": 0.5, ""dimension"": 2, ""family"": ""global_contamination_invariance"", ""n"": 600, ""n_targets"": 3, ""paired_background"": ""seeded_prefix"", ""realized_noise_fraction"": 0.5, ""signal_size"": 300}","{""geometry_profile"": ""low_dim"", ""knn_backend"": ""kd_tree"", ""max_eps"": 1.0425723791122437, ""max_eps_quantile"": 0.98, ""min_cluster_size"": 40, ""min_samples"": 5, ""xi"": 0.1}",{},"[{""coverage"": 0.93, ""f1"": 0.9637305699481865, ""fragments"": 1, ""matched_predicted_cluster"": 4, ""overlap"": 93, ""passes_discovery_thresholds"": true, ""precision"": 1.0, ""purity"": 1.0, ""recall"": 0.93, ""target"": ""cluster_0"", ""target_label"": 0, ""target_noise_loss"": 0.07, ""target_size"": 100}, {""coverage"": 0.83, ""f1"": 0.9071038251366119, ""fragments"": 1, ""matched_predicted_cluster"": 1, ""overlap"": 83, ""passes_discovery_thresholds"": true, ""precision"": 1.0, ""purity"": 1.0, ""recall"": 0.83, ""target"": ""cluster_1"", ""target_label"": 1, ""target_noise_loss"": 0.17, ""target_size"": 100}, {""coverage"": 1.0, ""f1"": 1.0, ""fragments"": 1, ""matched_predicted_cluster"": 3, ""overlap"": 100, ""passes_discovery_thresholds"": true, ""precision"": 1.0, ""purity"": 1.0, ""recall"": 1.0, ""target"": ""cluster_2"", ""target_label"": 2, ""target_noise_loss"": 0.0, ""target_size"": 100}]"
synthetic__global_contamination_noise50__quality__signal300__n600__OPTICS__227__280c15003632,ok,synthetic,global_contamination_noise50__quality__signal300__n600,OPTICS,227,0.2.4,600,2,0.0019494000007398427,0.7989677000005031,5.56416409999656,182.6796875,1.23828125,183.2109375,,,evaluation_state/synthetic__global_contamination_noise50__quality__signal300__n600__OPTICS__227__280c15003632.npz,6770ad088802d51465638939a4732cd4682f77abdd92c8341b9b5118452a79e2,2311,0.7208731330970429,0.7009462056446524,2,2,0.01,known_synthetic_noise,0.4116666666666667,0.29848734263163296,1.6666666666666667,3,3,0.1,0.9,full_partition,target-discovery-v1,0,0.05,0.8133333333333334,0.896961430160441,0.18666666666666668,1.0,3,pairwise_f1,hungarian,1.0,0,5,0.03281474632475808,0.01671309192200557,0.01671309192200557,0.09833333333333333,0.05084745762711865,0.01,0.42116793024204807,0.30919870076629563,0.6602693602693602,0.09833333333333333,5,macro,3,2,0.8133333333333334,0.5802615933412604,0.4510166358595194,0.8133333333333334,2,3,1.0,1.0,3,2,0.0,0.8133333333333334,1.0,0.8969614301604409,1.0,"{""background_inner_edge"": 6.0, ""background_intensity"": 3.0, ""background_size"": 300, ""background_strip_height"": 10.0, ""background_support_area"": 100.0, ""controlled_factor"": ""global_background_support_at_fixed_local_intensity"", ""declared_noise_fraction"": 0.5, ""dimension"": 2, ""family"": ""global_contamination_invariance"", ""n"": 600, ""n_targets"": 3, ""paired_background"": ""seeded_prefix"", ""realized_noise_fraction"": 0.5, ""signal_size"": 300}","{""geometry_profile"": ""low_dim"", ""knn_backend"": ""kd_tree"", ""max_eps"": 1.0835500955581665, ""max_eps_quantile"": 0.98, ""min_cluster_size"": 40, ""min_samples"": 5, ""xi"": 0.1}",{},"[{""coverage"": 0.79, ""f1"": 0.8826815642458101, ""fragments"": 1, ""matched_predicted_cluster"": 3, ""overlap"": 79, ""passes_discovery_thresholds"": true, ""precision"": 1.0, ""purity"": 1.0, ""recall"": 0.79, ""target"": ""cluster_0"", ""target_label"": 0, ""target_noise_loss"": 0.21, ""target_size"": 100}, {""coverage"": 0.82, ""f1"": 0.9010989010989011, ""fragments"": 1, ""matched_predicted_cluster"": 1, ""overlap"": 82, ""passes_discovery_thresholds"": true, ""precision"": 1.0, ""purity"": 1.0, ""recall"": 0.82, ""target"": ""cluster_1"", ""target_label"": 1, ""target_noise_loss"": 0.18, ""target_size"": 100}, {""coverage"": 0.83, ""f1"": 0.9071038251366119, ""fragments"": 1, ""matched_predicted_cluster"": 4, ""overlap"": 83, ""passes_discovery_thresholds"": true, ""precision"": 1.0, ""purity"": 1.0, ""recall"": 0.83, ""target"": ""cluster_2"", ""target_label"": 2, ""target_noise_loss"": 0.17, ""target_size"": 100}]"
synthetic__global_contamination_noise50__quality__signal300__n600__OPTICS__229__4a91ca544083,ok,synthetic,global_contamination_noise50__quality__signal300__n600,OPTICS,229,0.2.4,600,2,0.0017014999903040007,0.7096695999935037,5.494291499999235,182.37890625,1.203125,182.8359375,,,evaluation_state/synthetic__global_contamination_noise50__quality__signal300__n600__OPTICS__229__4a91ca544083.npz,b8812feb5f43561e3a9e82a09dd745f1ea8eebdb39066e675763fa7038614356,2286,0.9625997282324074,0.9668640195538187,2,2,0.0033333333333333335,known_synthetic_noise,0.49,0.3317220895696232,1.6666666666666667,3,3,0.1,0.9,full_partition,target-discovery-v1,0,0.05,0.9766666666666667,0.9879101899827288,0.023333333333333334,1.0,3,pairwise_f1,hungarian,1.0,0,5,0.012902207134559647,0.006493506493506494,0.006493506493506494,0.013333333333333334,0.125,0.0033333333333333335,0.5535146108649398,0.3897303389318013,0.9547474747474748,0.013333333333333334,5,macro,3,3,0.9766666666666667,0.6569506726457399,0.49493243243243246,0.9766666666666667,2,3,1.0,1.0,3,2,0.0,0.9766666666666667,1.0,0.9879101899827287,1.0,"{""background_inner_edge"": 6.0, ""background_intensity"": 3.0, ""background_size"": 300, ""background_strip_height"": 10.0, ""background_support_area"": 100.0, ""controlled_factor"": ""global_background_support_at_fixed_local_intensity"", ""declared_noise_fraction"": 0.5, ""dimension"": 2, ""family"": ""global_contamination_invariance"", ""n"": 600, ""n_targets"": 3, ""paired_background"": ""seeded_prefix"", ""realized_noise_fraction"": 0.5, ""signal_size"": 300}","{""geometry_profile"": ""low_dim"", ""knn_backend"": ""kd_tree"", ""max_eps"": 1.0615628957748413, ""max_eps_quantile"": 0.98, ""min_cluster_size"": 40, ""min_samples"": 5, ""xi"": 0.1}",{},"[{""coverage"": 0.93, ""f1"": 0.9637305699481865, ""fragments"": 1, ""matched_predicted_cluster"": 4, ""overlap"": 93, ""passes_discovery_thresholds"": true, ""precision"": 1.0, ""purity"": 1.0, ""recall"": 0.93, ""target"": ""cluster_0"", ""target_label"": 0, ""target_noise_loss"": 0.07, ""target_size"": 100}, {""coverage"": 1.0, ""f1"": 1.0, ""fragments"": 1, ""matched_predicted_cluster"": 3, ""overlap"": 100, ""passes_discovery_thresholds"": true, ""precision"": 1.0, ""purity"": 1.0, ""recall"": 1.0, ""target"": ""cluster_1"", ""target_label"": 1, ""target_noise_loss"": 0.0, ""target_size"": 100}, {""coverage"": 1.0, ""f1"": 1.0, ""fragments"": 1, ""matched_predicted_cluster"": 1, ""overlap"": 100, ""passes_discovery_thresholds"": true, ""precision"": 1.0, ""purity"": 1.0, ""recall"": 1.0, ""target"": ""cluster_2"", ""target_label"": 2, ""target_noise_loss"": 0.0, ""target_size"": 100}]"
synthetic__global_contamination_noise50__quality__signal300__n600__OPTICS__233__5dfd40008a40,ok,synthetic,global_contamination_noise50__quality__signal300__n600,OPTICS,233,0.2.4,600,2,0.0019813999970210716,0.8397545000043465,5.645232599999872,182.5625,0.91796875,183.078125,,,evaluation_state/synthetic__global_contamination_noise50__quality__signal300__n600__OPTICS__233__5dfd40008a40.npz,62388b0f9b9571598eccae267644098be93e1533f97820e5766b3ede253843a0,2289,0.9155811805781766,0.892596546326169,2,2,0.36666666666666664,known_synthetic_noise,0.635,0.6066798571595341,1.6666666666666667,3,3,0.1,0.9,full_partition,target-discovery-v1,0,0.05,0.9033333333333333,0.9434697855750488,0.09666666666666666,1.0,3,pairwise_f1,hungarian,1.0,0,5,0.6545847984852582,0.501138952164009,0.501138952164009,0.23166666666666666,0.7913669064748201,0.36666666666666664,0.6320489920898188,0.5088331963845522,0.834006734006734,0.23166666666666666,5,macro,3,2,0.9033333333333333,0.7122207621550591,0.5878524945770065,0.9033333333333333,2,3,1.0,1.0,3,2,0.0,0.9033333333333333,1.0,0.9434697855750487,1.0,"{""background_inner_edge"": 6.0, ""background_intensity"": 3.0, ""background_size"": 300, ""background_strip_height"": 10.0, ""background_support_area"": 100.0, ""controlled_factor"": ""global_background_support_at_fixed_local_intensity"", ""declared_noise_fraction"": 0.5, ""dimension"": 2, ""family"": ""global_contamination_invariance"", ""n"": 600, ""n_targets"": 3, ""paired_background"": ""seeded_prefix"", ""realized_noise_fraction"": 0.5, ""signal_size"": 300}","{""geometry_profile"": ""low_dim"", ""knn_backend"": ""kd_tree"", ""max_eps"": 1.0804656744003296, ""max_eps_quantile"": 0.98, ""min_cluster_size"": 40, ""min_samples"": 5, ""xi"": 0.1}",{},"[{""coverage"": 1.0, ""f1"": 1.0, ""fragments"": 1, ""matched_predicted_cluster"": 2, ""overlap"": 100, ""passes_discovery_thresholds"": true, ""precision"": 1.0, ""purity"": 1.0, ""recall"": 1.0, ""target"": ""cluster_0"", ""target_label"": 0, ""target_noise_loss"": 0.0, ""target_size"": 100}, {""coverage"": 0.71, ""f1"": 0.8304093567251462, ""fragments"": 1, ""matched_predicted_cluster"": 1, ""overlap"": 71, ""passes_discovery_thresholds"": true, ""precision"": 1.0, ""purity"": 1.0, ""recall"": 0.71, ""target"": ""cluster_1"", ""target_label"": 1, ""target_noise_loss"": 0.29, ""target_size"": 100}, {""coverage"": 1.0, ""f1"": 1.0, ""fragments"": 1, ""matched_predicted_cluster"": 3, ""overlap"": 100, ""passes_discovery_thresholds"": true, ""precision"": 1.0, ""purity"": 1.0, ""recall"": 1.0, ""target"": ""cluster_2"", ""target_label"": 2, ""target_noise_loss"": 0.0, ""target_size"": 100}]"
synthetic__global_contamination_noise50__quality__signal300__n600__SNN-DBSCAN__211__cbd99257689f,ok,synthetic,global_contamination_noise50__quality__signal300__n600,SNN-DBSCAN,211,0.2.4,600,2,0.0016347000055247918,0.0127098999946611,5.918382000003476,224.00390625,0.859375,224.2578125,,,evaluation_state/synthetic__global_contamination_noise50__quality__signal300__n600__SNN-DBSCAN__211__cbd99257689f.npz,b80ec1ca31318e518c0ddde8a890f22ea9c694b6464ef1594485808ee3841b9a,2383,0.9681462648043433,0.9800866408299869,4,4,0.013333333333333334,known_synthetic_noise,0.5,0.3448255780094345,2.3333333333333335,3,3,0.1,0.9,full_partition,target-discovery-v1,0,0.05,0.9866666666666667,0.9932488159919735,0.013333333333333334,1.0,3,pairwise_f1,hungarian,1.0,0,7,0.050624200092459645,0.025974025974025976,0.025974025974025976,0.013333333333333334,0.5,0.013333333333333334,0.7055981258236127,0.5533144519289651,0.9735353535353536,0.013333333333333334,7,macro,3,3,0.9866666666666667,0.663677130044843,0.5,0.9866666666666667,4,3,1.0,1.0,3,4,0.0,0.9866666666666667,1.0,0.9932488159919735,1.0,"{""background_inner_edge"": 6.0, ""background_intensity"": 3.0, ""background_size"": 300, ""background_strip_height"": 10.0, ""background_support_area"": 100.0, ""controlled_factor"": ""global_background_support_at_fixed_local_intensity"", ""declared_noise_fraction"": 0.5, ""dimension"": 2, ""family"": ""global_contamination_invariance"", ""n"": 600, ""n_targets"": 3, ""paired_background"": ""seeded_prefix"", ""realized_noise_fraction"": 0.5, ""signal_size"": 300}","{""eps"": 13, ""geometry_profile"": ""low_dim"", ""k"": 20, ""knn_backend"": ""kd_tree"", ""min_samples"": 5}",{},"[{""coverage"": 0.99, ""f1"": 0.9949748743718593, ""fragments"": 1, ""matched_predicted_cluster"": 2, ""overlap"": 99, ""passes_discovery_thresholds"": true, ""precision"": 1.0, ""purity"": 1.0, ""recall"": 0.99, ""target"": ""cluster_0"", ""target_label"": 0, ""target_noise_loss"": 0.01, ""target_size"": 100}, {""coverage"": 1.0, ""f1"": 1.0, ""fragments"": 1, ""matched_predicted_cluster"": 0, ""overlap"": 100, ""passes_discovery_thresholds"": true, ""precision"": 1.0, ""purity"": 1.0, ""recall"": 1.0, ""target"": ""cluster_1"", ""target_label"": 1, ""target_noise_loss"": 0.0, ""target_size"": 100}, {""coverage"": 0.97, ""f1"": 0.9847715736040609, ""fragments"": 1, ""matched_predicted_cluster"": 3, ""overlap"": 97, ""passes_discovery_thresholds"": true, ""precision"": 1.0, ""purity"": 1.0, ""recall"": 0.97, ""target"": ""cluster_2"", ""target_label"": 2, ""target_noise_loss"": 0.03, ""target_size"": 100}]"
synthetic__global_contamination_noise50__quality__signal300__n600__SNN-DBSCAN__223__3b0a6e7936cb,ok,synthetic,global_contamination_noise50__quality__signal300__n600,SNN-DBSCAN,223,0.2.4,600,2,0.0016912999999476597,0.012156899989349768,6.009783600005903,224.1328125,1.08984375,224.38671875,,,evaluation_state/synthetic__global_contamination_noise50__quality__signal300__n600__SNN-DBSCAN__223__3b0a6e7936cb.npz,4a4a01fbf306780b7b9b5b02bbba07fcbed5a3d9b31c971e58af9abaa85c2a63,2361,0.8736202923014496,0.8525372942325475,4,4,0.013333333333333334,known_synthetic_noise,0.5,0.3448255780094345,2.6666666666666665,4,3,0.1,0.9,full_partition,target-discovery-v1,1,0.05,0.8333333333333334,0.8913867583531694,0.013333333333333334,1.0,3,pairwise_f1,hungarian,1.3333333333333333,0,8,0.050477202012398394,0.025974025974025976,0.025974025974025976,0.013333333333333334,0.5,0.013333333333333334,0.5557833628970951,0.42238873910150915,0.8123232323232323,0.013333333333333334,8,macro,2,2,0.9866666666666667,0.663677130044843,0.5,0.9866666666666667,4,3,1.0,0.6666666666666666,3,5,0.0,0.8333333333333334,1.0,0.8913867583531694,1.0,"{""background_inner_edge"": 6.0, ""background_intensity"": 3.0, ""background_size"": 300, ""background_strip_height"": 10.0, ""background_support_area"": 100.0, ""controlled_factor"": ""global_background_support_at_fixed_local_intensity"", ""declared_noise_fraction"": 0.5, ""dimension"": 2, ""family"": ""global_contamination_invariance"", ""n"": 600, ""n_targets"": 3, ""paired_background"": ""seeded_prefix"", ""realized_noise_fraction"": 0.5, ""signal_size"": 300}","{""eps"": 13, ""geometry_profile"": ""low_dim"", ""k"": 20, ""knn_backend"": ""kd_tree"", ""min_samples"": 5}",{},"[{""coverage"": 0.99, ""f1"": 0.9949748743718593, ""fragments"": 1, ""matched_predicted_cluster"": 6, ""overlap"": 99, ""passes_discovery_thresholds"": true, ""precision"": 1.0, ""purity"": 1.0, ""recall"": 0.99, ""target"": ""cluster_0"", ""target_label"": 0, ""target_noise_loss"": 0.01, ""target_size"": 100}, {""coverage"": 0.99, ""f1"": 0.9949748743718593, ""fragments"": 1, ""matched_predicted_cluster"": 1, ""overlap"": 99, ""passes_discovery_thresholds"": true, ""precision"": 1.0, ""purity"": 1.0, ""recall"": 0.99, ""target"": ""cluster_1"", ""target_label"": 1, ""target_noise_loss"": 0.01, ""target_size"": 100}, {""coverage"": 0.52, ""f1"": 0.6842105263157895, ""fragments"": 2, ""matched_predicted_cluster"": 4, ""overlap"": 52, ""passes_discovery_thresholds"": true, ""precision"": 1.0, ""purity"": 1.0, ""recall"": 0.52, ""target"": ""cluster_2"", ""target_label"": 2, ""target_noise_loss"": 0.02, ""target_size"": 100}]"
synthetic__global_contamination_noise50__quality__signal300__n600__SNN-DBSCAN__227__c013d81c607e,ok,synthetic,global_contamination_noise50__quality__signal300__n600,SNN-DBSCAN,227,0.2.4,600,2,0.0018748000002233312,0.012762300000758842,6.062573000002885,224.015625,1.0546875,224.2734375,,,evaluation_state/synthetic__global_contamination_noise50__quality__signal300__n600__SNN-DBSCAN__227__c013d81c607e.npz,a37d8fdbdc82c4e3b7e0757c933d85de389049d987d53285e0a833fe7f669ed0,2463,0.9106179149197398,0.8825635930965968,7,7,0.016666666666666666,known_synthetic_noise,0.5083333333333333,0.3515889733492078,3.6666666666666665,4,3,0.1,0.9,full_partition,target-discovery-v1,1,0.05,0.8866666666666667,0.9317269076305221,0.0,1.0,3,pairwise_f1,hungarian,1.3333333333333333,0,11,0.06334470989761093,0.03278688524590164,0.03278688524590164,0.008333333333333333,1.0,0.016666666666666666,0.7243162491381292,0.6316264154724922,0.8488888888888889,0.008333333333333333,11,macro,2,2,1.0,0.6703910614525139,0.5042016806722689,1.0,7,3,1.0,0.6666666666666666,3,8,0.0,0.8866666666666667,1.0,0.9317269076305221,1.0,"{""background_inner_edge"": 6.0, ""background_intensity"": 3.0, ""background_size"": 300, ""background_strip_height"": 10.0, ""background_support_area"": 100.0, ""controlled_factor"": ""global_background_support_at_fixed_local_intensity"", ""declared_noise_fraction"": 0.5, ""dimension"": 2, ""family"": ""global_contamination_invariance"", ""n"": 600, ""n_targets"": 3, ""paired_background"": ""seeded_prefix"", ""realized_noise_fraction"": 0.5, ""signal_size"": 300}","{""eps"": 13, ""geometry_profile"": ""low_dim"", ""k"": 20, ""knn_backend"": ""kd_tree"", ""min_samples"": 5}",{},"[{""coverage"": 1.0, ""f1"": 1.0, ""fragments"": 1, ""matched_predicted_cluster"": 3, ""overlap"": 100, ""passes_discovery_thresholds"": true, ""precision"": 1.0, ""purity"": 1.0, ""recall"": 1.0, ""target"": ""cluster_0"", ""target_label"": 0, ""target_noise_loss"": 0.0, ""target_size"": 100}, {""coverage"": 1.0, ""f1"": 1.0, ""fragments"": 1, ""matched_predicted_cluster"": 1, ""overlap"": 100, ""passes_discovery_thresholds"": true, ""precision"": 1.0, ""purity"": 1.0, ""recall"": 1.0, ""target"": ""cluster_1"", ""target_label"": 1, ""target_noise_loss"": 0.0, ""target_size"": 100}, {""coverage"": 0.66, ""f1"": 0.7951807228915663, ""fragments"": 2, ""matched_predicted_cluster"": 8, ""overlap"": 66, ""passes_discovery_thresholds"": true, ""precision"": 1.0, ""purity"": 1.0, ""recall"": 0.66, ""target"": ""cluster_2"", ""target_label"": 2, ""target_noise_loss"": 0.0, ""target_size"": 100}]"
synthetic__global_contamination_noise50__quality__signal300__n600__SNN-DBSCAN__229__84c13828722b,ok,synthetic,global_contamination_noise50__quality__signal300__n600,SNN-DBSCAN,229,0.2.4,600,2,0.0017549000040162355,0.013269200004287995,5.829243400003179,224.34375,1.0078125,224.6015625,,,evaluation_state/synthetic__global_contamination_noise50__quality__signal300__n600__SNN-DBSCAN__229__84c13828722b.npz,4588253a615d6eeca39b25dcae3a2b8f277b5c245508437edff7aa3082a116cc,2312,0.9851989977985108,0.9901010167892863,3,3,0.0033333333333333335,known_synthetic_noise,0.4983333333333333,0.3355188361645529,2.0,3,3,0.1,0.9,full_partition,target-discovery-v1,0,0.05,0.9933333333333333,0.9966329966329966,0.006666666666666667,1.0,3,pairwise_f1,hungarian,1.0,0,6,0.013114463569703819,0.006600660066006601,0.006600660066006601,0.005,0.3333333333333333,0.0033333333333333335,0.6146521529394492,0.4463431721953151,0.9867340067340067,0.005,6,macro,3,3,0.9933333333333333,0.6644370122630993,0.4991624790619765,0.9933333333333333,3,3,1.0,1.0,3,3,0.0,0.9933333333333333,1.0,0.9966329966329965,1.0,"{""background_inner_edge"": 6.0, ""background_intensity"": 3.0, ""background_size"": 300, ""background_strip_height"": 10.0, ""background_support_area"": 100.0, ""controlled_factor"": ""global_background_support_at_fixed_local_intensity"", ""declared_noise_fraction"": 0.5, ""dimension"": 2, ""family"": ""global_contamination_invariance"", ""n"": 600, ""n_targets"": 3, ""paired_background"": ""seeded_prefix"", ""realized_noise_fraction"": 0.5, ""signal_size"": 300}","{""eps"": 13, ""geometry_profile"": ""low_dim"", ""k"": 20, ""knn_backend"": ""kd_tree"", ""min_samples"": 5}",{},"[{""coverage"": 1.0, ""f1"": 1.0, ""fragments"": 1, ""matched_predicted_cluster"": 4, ""overlap"": 100, ""passes_discovery_thresholds"": true, ""precision"": 1.0, ""purity"": 1.0, ""recall"": 1.0, ""target"": ""cluster_0"", ""target_label"": 0, ""target_noise_loss"": 0.0, ""target_size"": 100}, {""coverage"": 0.98, ""f1"": 0.98989898989899, ""fragments"": 1, ""matched_predicted_cluster"": 3, ""overlap"": 98, ""passes_discovery_thresholds"": true, ""precision"": 1.0, ""purity"": 1.0, ""recall"": 0.98, ""target"": ""cluster_1"", ""target_label"": 1, ""target_noise_loss"": 0.02, ""target_size"": 100}, {""coverage"": 1.0, ""f1"": 1.0, ""fragments"": 1, ""matched_predicted_cluster"": 1, ""overlap"": 100, ""passes_discovery_thresholds"": true, ""precision"": 1.0, ""purity"": 1.0, ""recall"": 1.0, ""target"": ""cluster_2"", ""target_label"": 2, ""target_noise_loss"": 0.0, ""target_size"": 100}]"
synthetic__global_contamination_noise50__quality__signal300__n600__SNN-DBSCAN__233__d629f1605fd0,ok,synthetic,global_contamination_noise50__quality__signal300__n600,SNN-DBSCAN,233,0.2.4,600,2,0.0017782000068109483,0.012605700001586229,5.989107200002763,223.8984375,0.52734375,224.15234375,,,evaluation_state/synthetic__global_contamination_noise50__quality__signal300__n600__SNN-DBSCAN__233__d629f1605fd0.npz,f810e654077219612d5394174d4b7ab5d630762b5c0850787db851f115eb3844,2333,0.9546801493003191,0.9746739935059259,4,4,0.013333333333333334,known_synthetic_noise,0.4983333333333333,0.344033648240768,2.3333333333333335,3,3,0.1,0.9,full_partition,target-discovery-v1,0,0.05,0.9833333333333334,0.9915909513899464,0.016666666666666666,1.0,3,pairwise_f1,hungarian,1.0,0,7,0.05046238639187717,0.025889967637540454,0.025889967637540454,0.015,0.4444444444444444,0.013333333333333334,0.6670228582047947,0.5091495850769558,0.9668013468013468,0.015,7,macro,3,3,0.9833333333333333,0.6621773288439955,0.49915397631133673,0.9833333333333333,4,3,1.0,1.0,3,4,0.0,0.9833333333333333,1.0,0.9915909513899465,1.0,"{""background_inner_edge"": 6.0, ""background_intensity"": 3.0, ""background_size"": 300, ""background_strip_height"": 10.0, ""background_support_area"": 100.0, ""controlled_factor"": ""global_background_support_at_fixed_local_intensity"", ""declared_noise_fraction"": 0.5, ""dimension"": 2, ""family"": ""global_contamination_invariance"", ""n"": 600, ""n_targets"": 3, ""paired_background"": ""seeded_prefix"", ""realized_noise_fraction"": 0.5, ""signal_size"": 300}","{""eps"": 13, ""geometry_profile"": ""low_dim"", ""k"": 20, ""knn_backend"": ""kd_tree"", ""min_samples"": 5}",{},"[{""coverage"": 0.98, ""f1"": 0.98989898989899, ""fragments"": 1, ""matched_predicted_cluster"": 2, ""overlap"": 98, ""passes_discovery_thresholds"": true, ""precision"": 1.0, ""purity"": 1.0, ""recall"": 0.98, ""target"": ""cluster_0"", ""target_label"": 0, ""target_noise_loss"": 0.02, ""target_size"": 100}, {""coverage"": 0.99, ""f1"": 0.9949748743718593, ""fragments"": 1, ""matched_predicted_cluster"": 1, ""overlap"": 99, ""passes_discovery_thresholds"": true, ""precision"": 1.0, ""purity"": 1.0, ""recall"": 0.99, ""target"": ""cluster_1"", ""target_label"": 1, ""target_noise_loss"": 0.01, ""target_size"": 100}, {""coverage"": 0.98, ""f1"": 0.98989898989899, ""fragments"": 1, ""matched_predicted_cluster"": 3, ""overlap"": 98, ""passes_discovery_thresholds"": true, ""precision"": 1.0, ""purity"": 1.0, ""recall"": 0.98, ""target"": ""cluster_2"", ""target_label"": 2, ""target_noise_loss"": 0.02, ""target_size"": 100}]"
synthetic__global_contamination_noise50__quality__signal300__n600__StrataSCAN__211__ba186ed17097,ok,synthetic,global_contamination_noise50__quality__signal300__n600,StrataSCAN,211,0.2.4,600,2,0.0019613000040408224,0.46691780000401195,5.3579398000001675,215.37890625,33.16796875,215.8203125,,,evaluation_state/synthetic__global_contamination_noise50__quality__signal300__n600__StrataSCAN__211__ba186ed17097.npz,0c0602962202970edfd2e3c9e42c36a199fb9ffc5d007e74574cc341f041c298,2232,0.9603871516442142,0.9749793725416577,0,0,1.0,known_synthetic_noise,0.9916666666666667,0.9916660879227723,1.0,3,3,0.1,0.9,full_partition,target-discovery-v1,0,0.05,0.9833333333333334,0.991556854501017,0.016666666666666666,1.0,3,pairwise_f1,hungarian,1.0,0,3,0.9916461877964333,0.9917355371900827,0.9917355371900827,0.5083333333333333,0.9836065573770492,1.0,0.9831901126365161,1.0,0.966936026936027,0.5083333333333333,3,macro,3,3,0.9833333333333333,0.9915966386554621,1.0,0.9833333333333333,0,3,1.0,1.0,3,0,0.0,0.9833333333333333,1.0,0.9915568545010169,1.0,"{""background_inner_edge"": 6.0, ""background_intensity"": 3.0, ""background_size"": 300, ""background_strip_height"": 10.0, ""background_support_area"": 100.0, ""controlled_factor"": ""global_background_support_at_fixed_local_intensity"", ""declared_noise_fraction"": 0.5, ""dimension"": 2, ""family"": ""global_contamination_invariance"", ""n"": 600, ""n_targets"": 3, ""paired_background"": ""seeded_prefix"", ""realized_noise_fraction"": 0.5, ""signal_size"": 300}","{""ambiguous_model_confirmation_tolerance"": 1e-05, ""assignment"": ""maximum_posterior_basis_then_semantic_role"", ""background_model"": ""adaptive_gamma_basis_mixture_with_largest_rate_gap"", ""background_scan"": ""adaptive_dyadic_rank_windows_with_poisson_beta_boundary_code"", ""border_rule"": ""strict_local_core_radius"", ""component_initialization"": ""compiled_split_warm_single_start_with_guarded_confirmation"", ""component_selection"": ""semantic_icl_with_adaptive_bound"", ""connectivity"": ""density_ordered_non_merging_knn_watershed"", ""core_thresholds"": ""observed_d4_event_sweep"", ""duplicate_profile_confirmation_minimum"": 3, ""duplicate_profile_confirmation_tolerance"": 1e-08, ""extraction_objective"": ""gamma_topology_description_length"", ""fit_samples"": ""all_rows"", ""gamma_tolerance"": 0.0001, ""geometry_profile"": ""low_dim"", ""hard_component_bound"": 24, ""initial_component_bound"": 8, ""k"": 32, ""knn_backend"": ""kd_tree"", ""shell_ranks"": [4, 8, 16, 32], ""stratification_model"": ""adaptive_gamma_density_basis_with_semantic_background"", ""version"": ""0.2.3""}","{""algorithm"": ""OptimizationStrataSCAN"", ""algorithm_version"": ""0.2.3"", ""graph_seconds"": 0.007994600004167296, ""mdl_gamma_adaptive_search"": true, ""mdl_gamma_assignment"": ""maximum_posterior_basis_then_semantic_role"", ""mdl_gamma_background_basis_components"": [3, 4, 5], ""mdl_gamma_background_boundary"": ""largest_rate_gap"", ""mdl_gamma_background_components"": 3, ""mdl_gamma_background_distribution"": ""gamma_components"", ""mdl_gamma_background_fraction"": 0.5183333333333333, ""mdl_gamma_background_group"": 3, ""mdl_gamma_candidate_components"": [1, 2, 3, 4, 5, 6, 7, 8], ""mdl_gamma_candidate_converged"": [true, true, true, true, true, true, true, true], ""mdl_gamma_candidate_entropies"": [-0.0, 4.805487172966714, 17.111306698627956, 19.385086779629464, 52.85939293405764, 54.09131113105991, 54.03607968264387, 92.76146527808245], ""mdl_gamma_candidate_iterations"": [2, 5, 9, 6, 10, 19, 5, 11], ""mdl_gamma_candidate_log_likelihoods"": [-13578.171971160407, -4231.040127533759, -3404.1390799981973, -3073.3642099326466, -2956.0473674649725, -2915.232036371131, -2910.9457601416375, -2886.7992309995893], ""mdl_gamma_candidate_role_gains_nats"": [[0.0], [0.0, 0.0], [0.0, 0.0, 0.0], [0.0, 0.0, 0.0, 0.0], [0.0, 0.0, 0.0, 0.0, 0.0], [0.0, 0.0, 0.0, 0.0, 0.0, 0.0], [0.0, 0.0, 0.0, 0.0, 0.0, 0.0, 0.0], [0.0, 0.0, 0.0, 0.0, 0.0, 0.0, 0.0, 0.0]], ""mdl_gamma_candidate_role_threshold_sizes"": [[0], [0, 0], [0, 0, 0], [0, 0, 0, 0], [0, 0, 0, 0, 0], [0, 0, 0, 0, 0, 0], [0, 0, 0, 0, 0, 0, 0], [0, 0, 0, 0, 0, 0, 0, 0]], ""mdl_gamma_candidate_scores"": [27169.13780163125, 8503.675877689531, 6893.67621063538, 6255.86481963193, 6107.370535971087, 6047.394499143056, 6057.902272752885, 6106.250774625315], ""mdl_gamma_candidate_signal_components"": [[], [0], [0, 1], [0, 1], [0, 1, 2], [0, 1, 2], [0, 1, 2], [0, 1, 2, 3]], ""mdl_gamma_criterion"": ""icl"", ""mdl_gamma_entropy_scope"": ""semantic"", ""mdl_gamma_fit_samples"": 600, ""mdl_gamma_grouping"": ""largest_rate_gap"", ""mdl_gamma_guarded_confirmation"": true, ""mdl_gamma_log_rate_gaps"": [0.783435101625082, 0.8678567223536051], ""mdl_gamma_mean_background_probability"": 0.5180695808226858, ""mdl_gamma_mean_posterior_entropy"": 0.09015218521843318, ""mdl_gamma_mu"": [3.593551124192099, 2.616158992649501, 1.6326727864292225, 0.650255629756308, 0.7215801800462236, 0.1194326522476521], ""mdl_gamma_n_init"": 1, ""mdl_gamma_ranks"": [4, 8, 16, 32], ""mdl_gamma_rates"": [[29.94759883039393, 27.177737421429562, 24.66406123346808, 22.382875627041987], [13.681082608542397, 13.680091138551067, 13.679099740411708, 13.678108414119112], [5.7440085758843935, 6.085443414814914, 6.447173792600467, 6.830406114828448], [1.9874996456786511, 2.0242277484426836, 2.061634570086278, 2.0997326530301645], [1.665388771956612, 1.4982500582686529, 1.347885415646662, 1.212611395331715], [0.9566066319762222, 0.8813849088901873, 0.8120781642654065, 0.748221280197613]], ""mdl_gamma_role_evidence_neighbour_ranks"": [], ""mdl_gamma_search_caps"": [8], ""mdl_gamma_search_hard_max"": 24, ""mdl_gamma_search_hit_hard_max"": false, ""mdl_gamma_search_initial_max"": 8, ""mdl_gamma_selected_components"": 6, ""mdl_gamma_signal_basis_components"": [0, 1, 2], ""mdl_gamma_signal_components"": 3, ""mdl_gamma_slopes"": [-0.14001497870604954, -0.00010455610227322932, 0.08330448537522667, 0.02641701542055567, -0.15258057244668433, -0.11815359835471963], ""mdl_gamma_split_warm_start"": true, ""mdl_gamma_tolerance"": 0.0001, ""mdl_gamma_weights"": [0.19040983066779765, 0.17445394389857885, 0.11700855630234452, 0.20691520525504822, 0.22426423496805686, 0.08694822890817414], ""optimization_background_events"": [], ""optimization_background_intrinsic_dimension"": 1.840225667157266, ""optimization_border_fraction"": 0.056666666666666664, ""optimization_border_model"": ""strict_local_core_radius"", ""optimization_border_seconds"": 0.000375000003259629, ""optimization_boundary_component_gains_nats"": [[0.0, 0.0, 0.0, 0.0, 0.0, 0.0], [0.0, 0.0, 0.0, 0.0, 0.0, 0.0, 0.0, 0.0, 0.0, 0.0, 0.0, 0.0], [0.0, 0.0, 0.0, 0.0, 0.0, 0.0, 0.0, 0.0, 0.0, 0.0, 0.0, 0.0], []], ""optimization_candidate_groups"": [0, 1, 2, 3], ""optimization_clusters"": 3, ""optimization_connectivity_rank"": 4, ""optimization_core_fraction"": 0.435, ""optimization_core_rank"": 4, ""optimization_description_gain_nats"": 8899.52402611783, ""optimization_group_gains_nats"": [4506.567591460297, 3473.8540282887307, 1041.7456181135776, 0.0], ""optimization_group_sizes"": [114, 105, 70, 311], ""optimization_noise_fraction"": 0.5083333333333333, ""optimization_objective"": ""gamma_topology_component_and_attachment_description_gain"", ""optimization_objective_trace"": [0.0, -8899.52402611783], ""optimization_ordering_modes"": [""d4"", ""d4"", ""d4"", ""adaptive_d4_rank_windows_with_beta_boundary_code""], ""optimization_seconds"": 0.04317150000133552, ""optimization_selected_component_gains_nats"": [1823.6116323361457, 1222.809534154903, 1513.8130121018794, 310.21913454592965, 950.0138655755242, 483.72056320690746, 115.61440103138223, 418.09435699636555, 439.99536832102626, 174.20531716753368, 377.4605054959169, 203.18515995812922, 91.88093080823036, 71.22052543390178, 177.76041753190643, 79.11392588818948, 154.55198686944416, 163.7843617142832, 94.6248901581885], ""optimization_selected_groups"": [0, 1, 2], ""optimization_selected_local_components"": [3, 8, 8, 0], ""optimization_solver"": ""exact_stratum_event_sweep"", ""optimization_sparse_memory"": true, ""optimization_threshold_seconds"": 0.04292599999462254, ""optimization_threshold_sizes"": [114, 105, 70, 0], ""optimization_thresholds"": [0.27157384157180786, 0.38649067282676697, 0.693927526473999, 0.0], ""optimization_topology_evidence_ranks"": [5, 8], ""optimization_unified_background_scan"": true, ""stratification"": ""adaptive-semantic-information-criterion-gamma-v2""}","[{""coverage"": 0.98, ""f1"": 0.98989898989899, ""fragments"": 1, ""matched_predicted_cluster"": 2, ""overlap"": 98, ""passes_discovery_thresholds"": true, ""precision"": 1.0, ""purity"": 1.0, ""recall"": 0.98, ""target"": ""cluster_0"", ""target_label"": 0, ""target_noise_loss"": 0.02, ""target_size"": 100}, {""coverage"": 0.97, ""f1"": 0.9847715736040609, ""fragments"": 1, ""matched_predicted_cluster"": 0, ""overlap"": 97, ""passes_discovery_thresholds"": true, ""precision"": 1.0, ""purity"": 1.0, ""recall"": 0.97, ""target"": ""cluster_1"", ""target_label"": 1, ""target_noise_loss"": 0.03, ""target_size"": 100}, {""coverage"": 1.0, ""f1"": 1.0, ""fragments"": 1, ""matched_predicted_cluster"": 1, ""overlap"": 100, ""passes_discovery_thresholds"": true, ""precision"": 1.0, ""purity"": 1.0, ""recall"": 1.0, ""target"": ""cluster_2"", ""target_label"": 2, ""target_noise_loss"": 0.0, ""target_size"": 100}]"
synthetic__global_contamination_noise50__quality__signal300__n600__StrataSCAN__223__27499b54d9be,ok,synthetic,global_contamination_noise50__quality__signal300__n600,StrataSCAN,223,0.2.4,600,2,0.001962199996341951,0.46947689999069553,5.401321700002882,215.19921875,33.56640625,215.7109375,,,evaluation_state/synthetic__global_contamination_noise50__quality__signal300__n600__StrataSCAN__223__27499b54d9be.npz,18d136440b952731b8a1b238fa574d8fce0c2836c2b60351a65972d0e05b7a76,2217,0.6763745210532656,0.6162094708947784,0,0,1.0,known_synthetic_noise,0.9083333333333333,0.9075565515792422,1.3333333333333333,4,3,0.1,0.9,full_partition,target-discovery-v1,1,0.05,0.7000000000000001,0.8080913195931271,0.18333333333333335,1.0,3,pairwise_f1,hungarian,1.3333333333333333,0,4,0.8586821419819906,0.916030534351145,0.916030534351145,0.5916666666666667,0.8450704225352113,1.0,0.7205445224658596,1.0,0.5631649831649832,0.5916666666666667,4,macro,2,1,0.8166666666666667,0.8990825688073394,1.0,0.8166666666666667,0,3,1.0,0.6666666666666666,3,1,0.0,0.7,1.0,0.8080913195931271,1.0,"{""background_inner_edge"": 6.0, ""background_intensity"": 3.0, ""background_size"": 300, ""background_strip_height"": 10.0, ""background_support_area"": 100.0, ""controlled_factor"": ""global_background_support_at_fixed_local_intensity"", ""declared_noise_fraction"": 0.5, ""dimension"": 2, ""family"": ""global_contamination_invariance"", ""n"": 600, ""n_targets"": 3, ""paired_background"": ""seeded_prefix"", ""realized_noise_fraction"": 0.5, ""signal_size"": 300}","{""ambiguous_model_confirmation_tolerance"": 1e-05, ""assignment"": ""maximum_posterior_basis_then_semantic_role"", ""background_model"": ""adaptive_gamma_basis_mixture_with_largest_rate_gap"", ""background_scan"": ""adaptive_dyadic_rank_windows_with_poisson_beta_boundary_code"", ""border_rule"": ""strict_local_core_radius"", ""component_initialization"": ""compiled_split_warm_single_start_with_guarded_confirmation"", ""component_selection"": ""semantic_icl_with_adaptive_bound"", ""connectivity"": ""density_ordered_non_merging_knn_watershed"", ""core_thresholds"": ""observed_d4_event_sweep"", ""duplicate_profile_confirmation_minimum"": 3, ""duplicate_profile_confirmation_tolerance"": 1e-08, ""extraction_objective"": ""gamma_topology_description_length"", ""fit_samples"": ""all_rows"", ""gamma_tolerance"": 0.0001, ""geometry_profile"": ""low_dim"", ""hard_component_bound"": 24, ""initial_component_bound"": 8, ""k"": 32, ""knn_backend"": ""kd_tree"", ""shell_ranks"": [4, 8, 16, 32], ""stratification_model"": ""adaptive_gamma_density_basis_with_semantic_background"", ""version"": ""0.2.3""}","{""algorithm"": ""OptimizationStrataSCAN"", ""algorithm_version"": ""0.2.3"", ""graph_seconds"": 0.008498099996359088, ""mdl_gamma_adaptive_search"": true, ""mdl_gamma_assignment"": ""maximum_posterior_basis_then_semantic_role"", ""mdl_gamma_background_basis_components"": [2, 3, 4, 5, 6], ""mdl_gamma_background_boundary"": ""largest_rate_gap"", ""mdl_gamma_background_components"": 5, ""mdl_gamma_background_distribution"": ""gamma_components"", ""mdl_gamma_background_fraction"": 0.635, ""mdl_gamma_background_group"": 2, ""mdl_gamma_candidate_components"": [1, 2, 3, 4, 5, 6, 7, 8, 9, 10, 11, 12], ""mdl_gamma_candidate_converged"": [true, true, true, true, true, true, true, true, true, true, true, true], ""mdl_gamma_candidate_entropies"": [-0.0, 1.1445634813155436, 4.610557175624085, 18.114982921673544, 55.357716064745844, 55.88677842337451, 55.947164689274146, 76.89466680335684, 74.1476202752495, 144.196572283086, 143.42105245506292, 167.98760580216418], ""mdl_gamma_candidate_iterations"": [2, 4, 11, 11, 6, 11, 17, 14, 5, 5, 4, 5], ""mdl_gamma_candidate_log_likelihoods"": [-13720.893439575557, -3819.338628606285, -3302.886553779107, -2684.443613264827, -2581.0657382846166, -2531.99792762017, -2519.8454904815476, -2491.26859405509, -2490.444360954906, -2488.328656910707, -2488.062545665217, -2479.139881576125], ""mdl_gamma_candidate_role_gains_nats"": [[0.0], [0.0, 0.0], [0.0, 0.0, 0.0], [0.0, 0.0, 0.0, 0.0], [0.0, 0.0, 0.0, 0.0, 0.0], [0.0, 0.0, 0.0, 0.0, 0.0, 0.0], [0.0, 0.0, 0.0, 0.0, 0.0, 0.0, 0.0], [0.0, 0.0, 0.0, 0.0, 0.0, 0.0, 0.0, 0.0], [0.0, 0.0, 0.0, 0.0, 0.0, 0.0, 0.0, 0.0, 0.0], [0.0, 0.0, 0.0, 0.0, 0.0, 0.0, 0.0, 0.0, 0.0, 0.0], [0.0, 0.0, 0.0, 0.0, 0.0, 0.0, 0.0, 0.0, 0.0, 0.0, 0.0], [0.0, 0.0, 0.0, 0.0, 0.0, 0.0, 0.0, 0.0, 0.0, 0.0, 0.0, 0.0]], ""mdl_gamma_candidate_role_threshold_sizes"": [[0], [0, 0], [0, 0, 0], [0, 0, 0, 0], [0, 0, 0, 0, 0], [0, 0, 0, 0, 0, 0], [0, 0, 0, 0, 0, 0, 0], [0, 0, 0, 0, 0, 0, 0, 0], [0, 0, 0, 0, 0, 0, 0, 0, 0], [0, 0, 0, 0, 0, 0, 0, 0, 0, 0], [0, 0, 0, 0, 0, 0, 0, 0, 0, 0, 0], [0, 0, 0, 0, 0, 0, 0, 0, 0, 0, 0, 0]], ""mdl_gamma_candidate_scores"": [27454.580738461547, 7672.951032451281, 6666.169659151192, 5475.483418580378, 5362.403923871751, 5284.517216225763, 5279.523903445966, 5283.455903786865, 5295.5041334959315, 5450.561418388855, 5467.668945207477, 5518.147512689143], ""mdl_gamma_candidate_signal_components"": [[], [0], [0], [0], [0, 1], [0, 1], [0, 1], [0, 1, 2], [0, 1, 2], [0, 1, 2, 3], [0, 1, 2, 3], [0, 1, 2, 3, 4]], ""mdl_gamma_criterion"": ""icl"", ""mdl_gamma_entropy_scope"": ""semantic"", ""mdl_gamma_fit_samples"": 600, ""mdl_gamma_grouping"": ""largest_rate_gap"", ""mdl_gamma_guarded_confirmation"": true, ""mdl_gamma_log_rate_gaps"": [0.5288821363633436], ""mdl_gamma_mean_background_probability"": 0.6349494072009979, ""mdl_gamma_mean_posterior_entropy"": 0.09324527448212358, ""mdl_gamma_mu"": [3.6660904659435305, 3.1480403496271396, 1.554223018591295, 0.7720009060436404, 1.001300010963428, 0.8509432646935737, 0.5757878623410297], ""mdl_gamma_n_init"": 1, ""mdl_gamma_ranks"": [4, 8, 16, 32], ""mdl_gamma_rates"": [[33.44473669795564, 30.932159580417782, 28.608342919527814, 26.459105853036693], [19.707756505350613, 18.128735198360708, 16.676227951317266, 15.340098227560963], [6.202977359621213, 7.102398790612862, 8.13223483762311, 9.311395403713231], [2.2726591323520497, 2.3289683511053743, 2.3866727320594334, 2.44580684286779], [2.2138882626447964, 1.9966595141465813, 1.8007454498491524, 1.6240546533735998], [1.6825477747445963, 1.426169435266489, 1.208856763902043, 1.0246571266328253], [1.1442204732904295, 0.9177699329481004, 0.7361357968026544, 0.5904485338646661]], ""mdl_gamma_role_evidence_neighbour_ranks"": [], ""mdl_gamma_search_caps"": [8, 12], ""mdl_gamma_search_hard_max"": 24, ""mdl_gamma_search_hit_hard_max"": false, ""mdl_gamma_search_initial_max"": 8, ""mdl_gamma_selected_components"": 7, ""mdl_gamma_signal_basis_components"": [0, 1], ""mdl_gamma_signal_components"": 2, ""mdl_gamma_slopes"": [-0.11267162622359328, -0.12048527702586771, 0.19534550891943722, 0.03530971861711, -0.148994075347142, -0.2385020791684487, -0.3181606150282435], ""mdl_gamma_split_warm_start"": true, ""mdl_gamma_tolerance"": 0.0001, ""mdl_gamma_weights"": [0.17354567644859634, 0.19151683962065486, 0.11965145281330804, 0.1670660714735629, 0.19058044052981007, 0.11436427677303868, 0.04327524234102887], ""optimization_background_events"": [], ""optimization_background_intrinsic_dimension"": 1.9575522051230836, ""optimization_border_fraction"": 0.06166666666666667, ""optimization_border_model"": ""strict_local_core_radius"", ""optimization_border_seconds"": 0.00038380001205950975, ""optimization_boundary_component_gains_nats"": [[0.0, 0.0, 0.0, 0.0, 0.0], [0.0, 0.0, 0.0, 0.0, 0.0, 0.0, 0.0, 0.0, 0.0, 0.0, 0.0, 0.0, 0.0], []], ""optimization_candidate_groups"": [0, 1, 2], ""optimization_clusters"": 4, ""optimization_connectivity_rank"": 4, ""optimization_core_fraction"": 0.3466666666666667, ""optimization_core_rank"": 4, ""optimization_description_gain_nats"": 3752.386151729868, ""optimization_group_gains_nats"": [2222.9815745985884, 963.0166676059963, 0.0], ""optimization_group_sizes"": [105, 114, 381], ""optimization_noise_fraction"": 0.5916666666666667, ""optimization_objective"": ""gamma_topology_component_and_attachment_description_gain"", ""optimization_objective_trace"": [0.0, -3752.386151729868], ""optimization_ordering_modes"": [""d4"", ""d4"", ""adaptive_d4_rank_windows_with_beta_boundary_code""], ""optimization_seconds"": 0.04648020000604447, ""optimization_selected_component_gains_nats"": [1159.0400926346163, 204.12389934177523, 1089.3423631884932, 67.0279397956561, 656.7092735301353, 74.95701109388035, 109.33340856614079, 59.589148190402845, 140.43231150433894, 44.14428578560212, 55.35670802100595, 74.65867961508859], ""optimization_selected_groups"": [0, 1], ""optimization_selected_local_components"": [4, 8, 0], ""optimization_solver"": ""exact_stratum_event_sweep"", ""optimization_sparse_memory"": true, ""optimization_threshold_seconds"": 0.04622279999603052, ""optimization_threshold_sizes"": [105, 112, 0], ""optimization_thresholds"": [0.2703167498111725, 0.32535988092422485, 0.0], ""optimization_topology_evidence_ranks"": [5, 8], ""optimization_unified_background_scan"": true, ""stratification"": ""adaptive-semantic-information-criterion-gamma-v2""}","[{""coverage"": 0.79, ""f1"": 0.8826815642458101, ""fragments"": 1, ""matched_predicted_cluster"": 2, ""overlap"": 79, ""passes_discovery_thresholds"": true, ""precision"": 1.0, ""purity"": 1.0, ""recall"": 0.79, ""target"": ""cluster_0"", ""target_label"": 0, ""target_noise_loss"": 0.21, ""target_size"": 100}, {""coverage"": 0.44, ""f1"": 0.6111111111111112, ""fragments"": 2, ""matched_predicted_cluster"": 1, ""overlap"": 44, ""passes_discovery_thresholds"": true, ""precision"": 1.0, ""purity"": 1.0, ""recall"": 0.44, ""target"": ""cluster_1"", ""target_label"": 1, ""target_noise_loss"": 0.21, ""target_size"": 100}, {""coverage"": 0.87, ""f1"": 0.9304812834224598, ""fragments"": 1, ""matched_predicted_cluster"": 0, ""overlap"": 87, ""passes_discovery_thresholds"": true, ""precision"": 1.0, ""purity"": 1.0, ""recall"": 0.87, ""target"": ""cluster_2"", ""target_label"": 2, ""target_noise_loss"": 0.13, ""target_size"": 100}]"
synthetic__global_contamination_noise50__quality__signal300__n600__StrataSCAN__227__49239634b2a2,ok,synthetic,global_contamination_noise50__quality__signal300__n600,StrataSCAN,227,0.2.4,600,2,0.001972899990505539,0.5406841000076383,5.425685199996224,215.2109375,33.86328125,215.6796875,,,evaluation_state/synthetic__global_contamination_noise50__quality__signal300__n600__StrataSCAN__227__49239634b2a2.npz,8176f2d4478e16eb8842e149276efc8a03d3b718c75afa3a336fab1d384cebc0,2214,0.811430272528229,0.8327376125692421,1,1,0.98,known_synthetic_noise,0.9366666666666666,0.9365475170041522,1.3333333333333333,3,3,0.1,0.9,full_partition,target-discovery-v1,0,0.05,0.8933333333333334,0.9435378528515783,0.10666666666666667,1.0,3,pairwise_f1,hungarian,1.0,0,4,0.9414127130085567,0.939297124600639,0.939297124600639,0.5433333333333333,0.901840490797546,0.98,0.8868503819080424,0.9987350312025637,0.7975084175084175,0.5433333333333333,4,macro,3,3,0.8933333333333333,0.9337979094076654,0.9781021897810219,0.8933333333333333,1,3,1.0,1.0,3,1,0.0,0.8933333333333333,1.0,0.9435378528515783,1.0,"{""background_inner_edge"": 6.0, ""background_intensity"": 3.0, ""background_size"": 300, ""background_strip_height"": 10.0, ""background_support_area"": 100.0, ""controlled_factor"": ""global_background_support_at_fixed_local_intensity"", ""declared_noise_fraction"": 0.5, ""dimension"": 2, ""family"": ""global_contamination_invariance"", ""n"": 600, ""n_targets"": 3, ""paired_background"": ""seeded_prefix"", ""realized_noise_fraction"": 0.5, ""signal_size"": 300}","{""ambiguous_model_confirmation_tolerance"": 1e-05, ""assignment"": ""maximum_posterior_basis_then_semantic_role"", ""background_model"": ""adaptive_gamma_basis_mixture_with_largest_rate_gap"", ""background_scan"": ""adaptive_dyadic_rank_windows_with_poisson_beta_boundary_code"", ""border_rule"": ""strict_local_core_radius"", ""component_initialization"": ""compiled_split_warm_single_start_with_guarded_confirmation"", ""component_selection"": ""semantic_icl_with_adaptive_bound"", ""connectivity"": ""density_ordered_non_merging_knn_watershed"", ""core_thresholds"": ""observed_d4_event_sweep"", ""duplicate_profile_confirmation_minimum"": 3, ""duplicate_profile_confirmation_tolerance"": 1e-08, ""extraction_objective"": ""gamma_topology_description_length"", ""fit_samples"": ""all_rows"", ""gamma_tolerance"": 0.0001, ""geometry_profile"": ""low_dim"", ""hard_component_bound"": 24, ""initial_component_bound"": 8, ""k"": 32, ""knn_backend"": ""kd_tree"", ""shell_ranks"": [4, 8, 16, 32], ""stratification_model"": ""adaptive_gamma_density_basis_with_semantic_background"", ""version"": ""0.2.3""}","{""algorithm"": ""OptimizationStrataSCAN"", ""algorithm_version"": ""0.2.3"", ""graph_seconds"": 0.009216699996613897, ""mdl_gamma_adaptive_search"": true, ""mdl_gamma_assignment"": ""maximum_posterior_basis_then_semantic_role"", ""mdl_gamma_background_basis_components"": [2, 3, 4, 5], ""mdl_gamma_background_boundary"": ""largest_rate_gap"", ""mdl_gamma_background_components"": 4, ""mdl_gamma_background_distribution"": ""gamma_components"", ""mdl_gamma_background_fraction"": 0.615, ""mdl_gamma_background_group"": 2, ""mdl_gamma_candidate_components"": [1, 2, 3, 4, 5, 6, 7, 8], ""mdl_gamma_candidate_converged"": [true, true, true, true, true, true, true, true], ""mdl_gamma_candidate_entropies"": [-0.0, 1.1574480258697855, 15.883147201009594, 16.876250076102615, 52.142936137441176, 50.942461843725, 117.68168398124098, 114.60837431135869], ""mdl_gamma_candidate_iterations"": [2, 4, 10, 11, 11, 6, 6, 4], ""mdl_gamma_candidate_log_likelihoods"": [-15302.844892325695, -4468.612140500133, -3689.064240225769, -3426.5487726105953, -3322.1165112030835, -3287.0530593463245, -3277.952843298089, -3276.965382930459], ""mdl_gamma_candidate_role_gains_nats"": [[0.0], [0.0, 0.0], [0.0, 0.0, 0.0], [0.0, 0.0, 0.0, 0.0], [0.0, 0.0, 0.0, 0.0, 0.0], [0.0, 0.0, 0.0, 0.0, 0.0, 0.0], [0.0, 0.0, 0.0, 0.0, 0.0, 0.0, 0.0], [0.0, 0.0, 0.0, 0.0, 0.0, 0.0, 0.0, 0.0]], ""mdl_gamma_candidate_role_threshold_sizes"": [[0], [0, 0], [0, 0, 0], [0, 0, 0, 0], [0, 0, 0, 0, 0], [0, 0, 0, 0, 0, 0], [0, 0, 0, 0, 0, 0, 0], [0, 0, 0, 0, 0, 0, 0, 0]], ""mdl_gamma_candidate_scores"": [30618.483643961823, 8971.523825328086, 7461.0702120952865, 6957.2162715807735, 6838.075909854076, 6784.738846518774, 6919.207647662983, 6930.276896553606], ""mdl_gamma_candidate_signal_components"": [[], [0], [0], [0], [0, 1], [0, 1], [0, 1, 2], [0, 1, 2]], ""mdl_gamma_criterion"": ""icl"", ""mdl_gamma_entropy_scope"": ""semantic"", ""mdl_gamma_fit_samples"": 600, ""mdl_gamma_grouping"": ""largest_rate_gap"", ""mdl_gamma_guarded_confirmation"": true, ""mdl_gamma_log_rate_gaps"": [0.7043292431068142], ""mdl_gamma_mean_background_probability"": 0.6132124151313277, ""mdl_gamma_mean_posterior_entropy"": 0.08490410307287499, ""mdl_gamma_mu"": [3.4105671122793515, 2.5726045204288432, 1.090026959959932, 0.7819636931630196, 0.2877293126213951, 0.35578622723192943], ""mdl_gamma_n_init"": 1, ""mdl_gamma_ranks"": [4, 8, 16, 32], ""mdl_gamma_rates"": [[25.171539533570716, 22.949299264481525, 20.92324690860978, 19.0760622428329], [12.445818830383333, 12.13112949157791, 11.824396992037734, 11.525420145121616], [4.1593965368059225, 4.918686487348088, 5.8165833785588745, 6.878389644624059], [1.5917803844087577, 1.3583868364410268, 1.1592144340323913, 0.9892455286078417], [1.4460887036417156, 1.505957702054067, 1.5683053153410609, 1.6332341597458226], [0.9984848233386816, 0.8351302300427236, 0.698500853322077, 0.584224381467678]], ""mdl_gamma_role_evidence_neighbour_ranks"": [], ""mdl_gamma_search_caps"": [8], ""mdl_gamma_search_hard_max"": 24, ""mdl_gamma_search_hit_hard_max"": false, ""mdl_gamma_search_initial_max"": 8, ""mdl_gamma_selected_components"": 6, ""mdl_gamma_signal_basis_components"": [0, 1], ""mdl_gamma_signal_components"": 2, ""mdl_gamma_slopes"": [-0.13334335388577834, -0.03694726912082186, 0.2418988707793914, -0.22874691958823917, 0.058525199019582426, -0.2577393106075819], ""mdl_gamma_split_warm_start"": true, ""mdl_gamma_tolerance"": 0.0001, ""mdl_gamma_weights"": [0.22972264610353618, 0.15676080637818998, 0.10525327528095361, 0.2333812336133617, 0.16488781531711494, 0.10999422330684391], ""optimization_background_events"": [{""boundary_gain_nats"": 13.393729269816827, ""component_size"": 4, ""description_gain_nats"": 1.7989187364425216, ""graph_code_nats"": 11.861439196628254, ""width"": 8, ""window_count"": 47, ""window_gain_nats"": 0.9597758438138939, ""window_pvalue"": 0.06382978723404255}], ""optimization_background_intrinsic_dimension"": 1.9045554935006377, ""optimization_border_fraction"": 0.08, ""optimization_border_model"": ""strict_local_core_radius"", ""optimization_border_seconds"": 0.0007369999948423356, ""optimization_boundary_component_gains_nats"": [[0.0, 0.0, 0.0, 0.0], [0.0, 0.0, 0.0, 0.0, 0.0, 0.0, 0.0, 0.0, 0.0, 0.0, 0.0, 0.0, 0.0, 0.0, 0.0], [13.393729269816827]], ""optimization_candidate_groups"": [0, 1, 2], ""optimization_clusters"": 4, ""optimization_connectivity_rank"": 4, ""optimization_core_fraction"": 0.37666666666666665, ""optimization_core_rank"": 4, ""optimization_description_gain_nats"": 4305.9992428009555, ""optimization_group_gains_nats"": [3019.292402598219, 682.1604338096046, 1.7989187364425216], ""optimization_group_sizes"": [138, 93, 369], ""optimization_noise_fraction"": 0.5433333333333333, ""optimization_objective"": ""gamma_topology_component_and_attachment_description_gain"", ""optimization_objective_trace"": [0.0, -4305.9992428009555], ""optimization_ordering_modes"": [""d4"", ""d4"", ""adaptive_d4_rank_windows_with_beta_boundary_code""], ""optimization_seconds"": 0.06030159999500029, ""optimization_selected_component_gains_nats"": [963.0187564050125, 147.21104738715005, 1240.5242839599082, 1166.745542838858, 41.36732832462447, 141.7074121978165, 134.75511586331015, 42.31627264826271, 52.062077264357704, 70.14826980374332, 58.2908021461566, 120.51624502464234, 47.5958054157132, 37.43091889041273, 16.96478025657607, 1.7989187364425216], ""optimization_selected_groups"": [0, 1, 2], ""optimization_selected_local_components"": [4, 11, 1], ""optimization_solver"": ""exact_stratum_event_sweep"", ""optimization_sparse_memory"": true, ""optimization_threshold_seconds"": 0.059813100000610575, ""optimization_threshold_sizes"": [138, 93, 4], ""optimization_thresholds"": [0.24126504361629486, 0.3703421354293823, 0.2587520480155945], ""optimization_topology_evidence_ranks"": [5, 8], ""optimization_unified_background_scan"": true, ""stratification"": ""adaptive-semantic-information-criterion-gamma-v2""}","[{""coverage"": 0.89, ""f1"": 0.9417989417989417, ""fragments"": 1, ""matched_predicted_cluster"": 0, ""overlap"": 89, ""passes_discovery_thresholds"": true, ""precision"": 1.0, ""purity"": 1.0, ""recall"": 0.89, ""target"": ""cluster_0"", ""target_label"": 0, ""target_noise_loss"": 0.11, ""target_size"": 100}, {""coverage"": 0.87, ""f1"": 0.9304812834224598, ""fragments"": 1, ""matched_predicted_cluster"": 1, ""overlap"": 87, ""passes_discovery_thresholds"": true, ""precision"": 1.0, ""purity"": 1.0, ""recall"": 0.87, ""target"": ""cluster_1"", ""target_label"": 1, ""target_noise_loss"": 0.13, ""target_size"": 100}, {""coverage"": 0.92, ""f1"": 0.9583333333333334, ""fragments"": 1, ""matched_predicted_cluster"": 2, ""overlap"": 92, ""passes_discovery_thresholds"": true, ""precision"": 1.0, ""purity"": 1.0, ""recall"": 0.92, ""target"": ""cluster_2"", ""target_label"": 2, ""target_noise_loss"": 0.08, ""target_size"": 100}]"
synthetic__global_contamination_noise50__quality__signal300__n600__StrataSCAN__229__2a81ede60493,ok,synthetic,global_contamination_noise50__quality__signal300__n600,StrataSCAN,229,0.2.4,600,2,0.0017438000068068504,0.57603100000415,5.744681199998013,214.71484375,33.1796875,215.1640625,,,evaluation_state/synthetic__global_contamination_noise50__quality__signal300__n600__StrataSCAN__229__2a81ede60493.npz,933e4ceb91961e3ee15853867bb5548bf01b9eac69ae0c367be3bd2d5f4effef,2161,0.6024580722702707,0.4859951410898095,0,0,1.0,known_synthetic_noise,0.8300000000000001,0.8249407887962106,1.0,3,3,0.1,0.9,full_partition,target-discovery-v1,0,0.05,0.66,0.79024677247113,0.34,1.0,3,pairwise_f1,hungarian,1.0,0,3,0.8212110594874871,0.8547008547008548,0.8547008547008548,0.67,0.746268656716418,1.0,0.6160298229263746,1.0,0.44511784511784513,0.67,3,macro,1,0,0.66,0.7951807228915663,1.0,0.66,0,3,1.0,0.3333333333333333,3,0,0.0,0.66,1.0,0.7902467724711298,1.0,"{""background_inner_edge"": 6.0, ""background_intensity"": 3.0, ""background_size"": 300, ""background_strip_height"": 10.0, ""background_support_area"": 100.0, ""controlled_factor"": ""global_background_support_at_fixed_local_intensity"", ""declared_noise_fraction"": 0.5, ""dimension"": 2, ""family"": ""global_contamination_invariance"", ""n"": 600, ""n_targets"": 3, ""paired_background"": ""seeded_prefix"", ""realized_noise_fraction"": 0.5, ""signal_size"": 300}","{""ambiguous_model_confirmation_tolerance"": 1e-05, ""assignment"": ""maximum_posterior_basis_then_semantic_role"", ""background_model"": ""adaptive_gamma_basis_mixture_with_largest_rate_gap"", ""background_scan"": ""adaptive_dyadic_rank_windows_with_poisson_beta_boundary_code"", ""border_rule"": ""strict_local_core_radius"", ""component_initialization"": ""compiled_split_warm_single_start_with_guarded_confirmation"", ""component_selection"": ""semantic_icl_with_adaptive_bound"", ""connectivity"": ""density_ordered_non_merging_knn_watershed"", ""core_thresholds"": ""observed_d4_event_sweep"", ""duplicate_profile_confirmation_minimum"": 3, ""duplicate_profile_confirmation_tolerance"": 1e-08, ""extraction_objective"": ""gamma_topology_description_length"", ""fit_samples"": ""all_rows"", ""gamma_tolerance"": 0.0001, ""geometry_profile"": ""low_dim"", ""hard_component_bound"": 24, ""initial_component_bound"": 8, ""k"": 32, ""knn_backend"": ""kd_tree"", ""shell_ranks"": [4, 8, 16, 32], ""stratification_model"": ""adaptive_gamma_density_basis_with_semantic_background"", ""version"": ""0.2.3""}","{""algorithm"": ""OptimizationStrataSCAN"", ""algorithm_version"": ""0.2.3"", ""graph_seconds"": 0.008545800010324456, ""mdl_gamma_adaptive_search"": true, ""mdl_gamma_assignment"": ""maximum_posterior_basis_then_semantic_role"", ""mdl_gamma_background_basis_components"": [1, 2, 3, 4, 5], ""mdl_gamma_background_boundary"": ""largest_rate_gap"", ""mdl_gamma_background_components"": 5, ""mdl_gamma_background_distribution"": ""gamma_components"", ""mdl_gamma_background_fraction"": 0.7283333333333334, ""mdl_gamma_background_group"": 1, ""mdl_gamma_candidate_components"": [1, 2, 3, 4, 5, 6, 7, 8], ""mdl_gamma_candidate_converged"": [true, true, true, true, true, true, true, true], ""mdl_gamma_candidate_entropies"": [-0.0, 3.151608145152518, 2.898195945688739, 10.282623954887942, 10.476164515940313, 23.602876698707746, 81.3710784637928, 80.16813501847793], ""mdl_gamma_candidate_iterations"": [2, 6, 5, 12, 13, 26, 6, 9], ""mdl_gamma_candidate_log_likelihoods"": [-14374.978174036834, -4236.560954526807, -3574.114821736438, -2909.048336413173, -2830.208279246235, -2724.879933321392, -2697.611643127744, -2690.2218443879183], ""mdl_gamma_candidate_role_gains_nats"": [[0.0], [0.0, 0.0], [0.0, 0.0, 0.0], [0.0, 0.0, 0.0, 0.0], [0.0, 0.0, 0.0, 0.0, 0.0], [0.0, 0.0, 0.0, 0.0, 0.0, 0.0], [0.0, 0.0, 0.0, 0.0, 0.0, 0.0, 0.0], [0.0, 0.0, 0.0, 0.0, 0.0, 0.0, 0.0, 0.0]], ""mdl_gamma_candidate_role_threshold_sizes"": [[0], [0, 0], [0, 0, 0], [0, 0, 0, 0], [0, 0, 0, 0, 0], [0, 0, 0, 0, 0, 0], [0, 0, 0, 0, 0, 0, 0], [0, 0, 0, 0, 0, 0, 0, 0]], ""mdl_gamma_candidate_scores"": [28762.750207384102, 8511.40977362, 7205.201472605982, 5909.028146943499, 5770.925902697377, 5605.713424178874, 5685.904036287397, 5687.909340882764], ""mdl_gamma_candidate_signal_components"": [[], [0], [0], [0], [0], [0], [0, 1], [0, 1]], ""mdl_gamma_criterion"": ""icl"", ""mdl_gamma_entropy_scope"": ""semantic"", ""mdl_gamma_fit_samples"": 600, ""mdl_gamma_grouping"": ""largest_rate_gap"", ""mdl_gamma_guarded_confirmation"": true, ""mdl_gamma_log_rate_gaps"": [], ""mdl_gamma_mean_background_probability"": 0.7311538634519344, ""mdl_gamma_mean_posterior_entropy"": 0.03933812783117958, ""mdl_gamma_mu"": [3.8359627524089275, 2.441972993601949, 1.2471820824971447, 0.7902820150973024, 0.8069074049345923, 0.5323523223831401], ""mdl_gamma_n_init"": 1, ""mdl_gamma_ranks"": [4, 8, 16, 32], ""mdl_gamma_rates"": [[34.2001401644886, 29.381441615170136, 25.24168343269012, 21.685204928378162], [12.00102335616107, 12.261955153122987, 12.528560249823196, 12.800961997766947], [4.654833299598749, 5.3831198685847665, 6.22535280093704, 7.19935993294599], [2.192205606623725, 2.1863232189449664, 2.1804566155907708, 2.1746057542067545], [1.7355344914179227, 1.527327449188258, 1.3440984022957005, 1.1828508130421045], [1.1266583321607737, 0.9164093493206367, 0.7453955396678614, 0.6062951136068583]], ""mdl_gamma_role_evidence_neighbour_ranks"": [], ""mdl_gamma_search_caps"": [8], ""mdl_gamma_search_hard_max"": 24, ""mdl_gamma_search_hit_hard_max"": false, ""mdl_gamma_search_initial_max"": 8, ""mdl_gamma_selected_components"": 6, ""mdl_gamma_signal_basis_components"": [0], ""mdl_gamma_signal_components"": 1, ""mdl_gamma_slopes"": [-0.219097053620374, 0.0310316000963053, 0.20971304847091796, -0.0038764146481844266, -0.18437063723862368, -0.2979859910419096], ""mdl_gamma_split_warm_start"": true, ""mdl_gamma_tolerance"": 0.0001, ""mdl_gamma_weights"": [0.26778068782582776, 0.14018409226504003, 0.08465717570312964, 0.2196765109138865, 0.22576637643466815, 0.06193515685744752], ""optimization_background_events"": [], ""optimization_background_intrinsic_dimension"": 1.9592740442147398, ""optimization_border_fraction"": 0.058333333333333334, ""optimization_border_model"": ""strict_local_core_radius"", ""optimization_border_seconds"": 0.00045200000749900937, ""optimization_boundary_component_gains_nats"": [[0.0, 0.0, 0.0, 0.0, 0.0], []], ""optimization_candidate_groups"": [0, 1], ""optimization_clusters"": 3, ""optimization_connectivity_rank"": 4, ""optimization_core_fraction"": 0.27166666666666667, ""optimization_core_rank"": 4, ""optimization_description_gain_nats"": 2297.9731273310485, ""optimization_group_gains_nats"": [1681.2443698233362, 0.0], ""optimization_group_sizes"": [163, 437], ""optimization_noise_fraction"": 0.67, ""optimization_objective"": ""gamma_topology_component_and_attachment_description_gain"", ""optimization_objective_trace"": [0.0, -2297.9731273310485], ""optimization_ordering_modes"": [""d4"", ""adaptive_d4_rank_windows_with_beta_boundary_code""], ""optimization_seconds"": 0.0536121000041021, ""optimization_selected_component_gains_nats"": [121.41853501895271, 925.3136917792302, 746.930756267285, 461.52004457862006, 22.220855274602464], ""optimization_selected_groups"": [0], ""optimization_selected_local_components"": [5, 0], ""optimization_solver"": ""exact_stratum_event_sweep"", ""optimization_sparse_memory"": true, ""optimization_threshold_seconds"": 0.05331889999797568, ""optimization_threshold_sizes"": [163, 0], ""optimization_thresholds"": [0.2859513461589813, 0.0], ""optimization_topology_evidence_ranks"": [5, 8], ""optimization_unified_background_scan"": true, ""stratification"": ""adaptive-semantic-information-criterion-gamma-v2""}","[{""coverage"": 0.81, ""f1"": 0.8950276243093923, ""fragments"": 1, ""matched_predicted_cluster"": 1, ""overlap"": 81, ""passes_discovery_thresholds"": true, ""precision"": 1.0, ""purity"": 1.0, ""recall"": 0.81, ""target"": ""cluster_0"", ""target_label"": 0, ""target_noise_loss"": 0.19, ""target_size"": 100}, {""coverage"": 0.56, ""f1"": 0.717948717948718, ""fragments"": 1, ""matched_predicted_cluster"": 0, ""overlap"": 56, ""passes_discovery_thresholds"": true, ""precision"": 1.0, ""purity"": 1.0, ""recall"": 0.56, ""target"": ""cluster_1"", ""target_label"": 1, ""target_noise_loss"": 0.44, ""target_size"": 100}, {""coverage"": 0.61, ""f1"": 0.7577639751552795, ""fragments"": 1, ""matched_predicted_cluster"": 2, ""overlap"": 61, ""passes_discovery_thresholds"": true, ""precision"": 1.0, ""purity"": 1.0, ""recall"": 0.61, ""target"": ""cluster_2"", ""target_label"": 2, ""target_noise_loss"": 0.39, ""target_size"": 100}]"
synthetic__global_contamination_noise50__quality__signal300__n600__StrataSCAN__233__798a6c0a0298,ok,synthetic,global_contamination_noise50__quality__signal300__n600,StrataSCAN,233,0.2.4,600,2,0.0020785000087926164,0.6102599000005284,5.808464699992328,215.078125,33.21484375,215.4921875,,,evaluation_state/synthetic__global_contamination_noise50__quality__signal300__n600__StrataSCAN__233__798a6c0a0298.npz,4d45646782485de10e39bccf3f780ca01c159fc6f6b249da501d5d741765655e,2171,0.7695638346144347,0.7743105328285613,0,0,1.0,known_synthetic_noise,0.9283333333333333,0.9279633450695377,1.0,3,3,0.1,0.9,full_partition,target-discovery-v1,0,0.05,0.8566666666666666,0.9224620803568172,0.14333333333333334,1.0,3,pairwise_f1,hungarian,1.0,0,3,0.9277633839856487,0.9331259720062208,0.9331259720062208,0.5716666666666667,0.8746355685131195,1.0,0.8464227452808203,1.0,0.7337373737373737,0.5716666666666667,3,macro,3,3,0.8566666666666667,0.9228007181328546,1.0,0.8566666666666667,0,3,1.0,1.0,3,0,0.0,0.8566666666666667,1.0,0.9224620803568172,1.0,"{""background_inner_edge"": 6.0, ""background_intensity"": 3.0, ""background_size"": 300, ""background_strip_height"": 10.0, ""background_support_area"": 100.0, ""controlled_factor"": ""global_background_support_at_fixed_local_intensity"", ""declared_noise_fraction"": 0.5, ""dimension"": 2, ""family"": ""global_contamination_invariance"", ""n"": 600, ""n_targets"": 3, ""paired_background"": ""seeded_prefix"", ""realized_noise_fraction"": 0.5, ""signal_size"": 300}","{""ambiguous_model_confirmation_tolerance"": 1e-05, ""assignment"": ""maximum_posterior_basis_then_semantic_role"", ""background_model"": ""adaptive_gamma_basis_mixture_with_largest_rate_gap"", ""background_scan"": ""adaptive_dyadic_rank_windows_with_poisson_beta_boundary_code"", ""border_rule"": ""strict_local_core_radius"", ""component_initialization"": ""compiled_split_warm_single_start_with_guarded_confirmation"", ""component_selection"": ""semantic_icl_with_adaptive_bound"", ""connectivity"": ""density_ordered_non_merging_knn_watershed"", ""core_thresholds"": ""observed_d4_event_sweep"", ""duplicate_profile_confirmation_minimum"": 3, ""duplicate_profile_confirmation_tolerance"": 1e-08, ""extraction_objective"": ""gamma_topology_description_length"", ""fit_samples"": ""all_rows"", ""gamma_tolerance"": 0.0001, ""geometry_profile"": ""low_dim"", ""hard_component_bound"": 24, ""initial_component_bound"": 8, ""k"": 32, ""knn_backend"": ""kd_tree"", ""shell_ranks"": [4, 8, 16, 32], ""stratification_model"": ""adaptive_gamma_density_basis_with_semantic_background"", ""version"": ""0.2.3""}","{""algorithm"": ""OptimizationStrataSCAN"", ""algorithm_version"": ""0.2.3"", ""graph_seconds"": 0.009251999988919124, ""mdl_gamma_adaptive_search"": true, ""mdl_gamma_assignment"": ""maximum_posterior_basis_then_semantic_role"", ""mdl_gamma_background_basis_components"": [2, 3, 4, 5, 6], ""mdl_gamma_background_boundary"": ""largest_rate_gap"", ""mdl_gamma_background_components"": 5, ""mdl_gamma_background_distribution"": ""gamma_components"", ""mdl_gamma_background_fraction"": 0.64, ""mdl_gamma_background_group"": 2, ""mdl_gamma_candidate_components"": [1, 2, 3, 4, 5, 6, 7, 8, 9, 10, 11, 12], ""mdl_gamma_candidate_converged"": [true, true, true, true, true, true, true, true, true, true, true, true], ""mdl_gamma_candidate_entropies"": [-0.0, 2.042376951319347, 3.0134114047397293, 17.061150814885476, 41.29022622939169, 40.83324151106001, 55.60266828581413, 52.98724280783779, 120.45722199455135, 118.46685415530618, 116.76950905402418, 171.51602815682148], ""mdl_gamma_candidate_iterations"": [2, 5, 5, 19, 13, 15, 51, 8, 5, 5, 7, 4], ""mdl_gamma_candidate_log_likelihoods"": [-14322.854890939861, -4127.556444086096, -3713.681064753017, -3074.3447465109152, -2921.7461671057354, -2884.301627080767, -2849.5939998726435, -2844.3510485105185, -2839.8161190904552, -2839.2352332101923, -2836.0014826219112, -2834.8390673002878], ""mdl_gamma_candidate_role_gains_nats"": [[0.0], [0.0, 0.0], [0.0, 0.0, 0.0], [0.0, 0.0, 0.0, 0.0], [0.0, 0.0, 0.0, 0.0, 0.0], [0.0, 0.0, 0.0, 0.0, 0.0, 0.0], [0.0, 0.0, 0.0, 0.0, 0.0, 0.0, 0.0], [0.0, 0.0, 0.0, 0.0, 0.0, 0.0, 0.0, 0.0], [0.0, 0.0, 0.0, 0.0, 0.0, 0.0, 0.0, 0.0, 0.0], [0.0, 0.0, 0.0, 0.0, 0.0, 0.0, 0.0, 0.0, 0.0, 0.0], [0.0, 0.0, 0.0, 0.0, 0.0, 0.0, 0.0, 0.0, 0.0, 0.0, 0.0], [0.0, 0.0, 0.0, 0.0, 0.0, 0.0, 0.0, 0.0, 0.0, 0.0, 0.0, 0.0]], ""mdl_gamma_candidate_role_threshold_sizes"": [[0], [0, 0], [0, 0, 0], [0, 0, 0, 0], [0, 0, 0, 0, 0], [0, 0, 0, 0, 0, 0], [0, 0, 0, 0, 0, 0, 0], [0, 0, 0, 0, 0, 0, 0, 0], [0, 0, 0, 0, 0, 0, 0, 0, 0], [0, 0, 0, 0, 0, 0, 0, 0, 0, 0], [0, 0, 0, 0, 0, 0, 0, 0, 0, 0, 0], [0, 0, 0, 0, 0, 0, 0, 0, 0, 0, 0, 0]], ""mdl_gamma_candidate_scores"": [28658.503641190156, 8291.182290350911, 7484.564389557242, 6253.178020858979, 6015.629801843281, 5959.017541322329, 5938.331929421238, 5941.805964706684, 6086.866853205633, 6100.915134732265, 6110.243732318788, 6236.602728846783], ""mdl_gamma_candidate_signal_components"": [[], [0], [0], [0], [0, 1], [0, 1], [0, 1], [0, 1], [0, 1, 2], [0, 1, 2], [0, 1, 2], [0, 1, 2, 3]], ""mdl_gamma_criterion"": ""icl"", ""mdl_gamma_entropy_scope"": ""semantic"", ""mdl_gamma_fit_samples"": 600, ""mdl_gamma_grouping"": ""largest_rate_gap"", ""mdl_gamma_guarded_confirmation"": true, ""mdl_gamma_log_rate_gaps"": [0.682719541881684], ""mdl_gamma_mean_background_probability"": 0.6430486913986869, ""mdl_gamma_mean_posterior_entropy"": 0.09267111380969022, ""mdl_gamma_mu"": [3.659608995333188, 2.850614516198025, 1.6396019738322574, 0.5283761802814109, 0.7211673093236755, 0.6872273849580655, -0.02942171445353292], ""mdl_gamma_n_init"": 1, ""mdl_gamma_ranks"": [4, 8, 16, 32], ""mdl_gamma_rates"": [[31.771325287845166, 28.7328694965235, 25.984996912297323, 23.499917563534638], [16.05217927290356, 15.463148434852178, 14.895731941013933, 14.349136658252858], [6.519199860892902, 7.332573052177807, 8.247427401030782, 9.276424285342928], [2.7182306069479143, 3.441074043430488, 4.3561390788938095, 5.514542097951556], [1.9047450477502543, 1.8329718198779876, 1.7639030989660036, 1.6974369757353822], [1.5247607090047675, 1.3352820406592143, 1.1693494707578151, 1.0240369773014564], [0.8169564328044846, 0.7493542751070232, 0.6873461142762787, 0.6304690538306789]], ""mdl_gamma_role_evidence_neighbour_ranks"": [], ""mdl_gamma_search_caps"": [8, 12], ""mdl_gamma_search_hard_max"": 24, ""mdl_gamma_search_hit_hard_max"": false, ""mdl_gamma_search_initial_max"": 8, ""mdl_gamma_selected_components"": 7, ""mdl_gamma_signal_basis_components"": [0, 1], ""mdl_gamma_signal_components"": 2, ""mdl_gamma_slopes"": [-0.14502319167421215, -0.05393507879213265, 0.16962463416758883, 0.34019108021126454, -0.05541329825606639, -0.19143834583898747, -0.12461119496412489], ""mdl_gamma_split_warm_start"": true, ""mdl_gamma_tolerance"": 0.0001, ""mdl_gamma_weights"": [0.19516683122932288, 0.16064450803161656, 0.08768480491012855, 0.04821818476962341, 0.25441718208156916, 0.20857962808617808, 0.045288860891561145], ""optimization_background_events"": [], ""optimization_background_intrinsic_dimension"": 1.9494946812676237, ""optimization_border_fraction"": 0.07166666666666667, ""optimization_border_model"": ""strict_local_core_radius"", ""optimization_border_seconds"": 0.0004889999981969595, ""optimization_boundary_component_gains_nats"": [[0.0, 0.0, 0.0, 0.0], [0.0, 0.0, 0.0, 0.0, 0.0, 0.0, 0.0, 0.0, 0.0, 0.0, 0.0, 0.0, 0.0], []], ""optimization_candidate_groups"": [0, 1, 2], ""optimization_clusters"": 3, ""optimization_connectivity_rank"": 4, ""optimization_core_fraction"": 0.3566666666666667, ""optimization_core_rank"": 4, ""optimization_description_gain_nats"": 3502.990079275283, ""optimization_group_gains_nats"": [2297.8802419333406, 567.1250907499689, 0.0], ""optimization_group_sizes"": [119, 97, 384], ""optimization_noise_fraction"": 0.5716666666666667, ""optimization_objective"": ""gamma_topology_component_and_attachment_description_gain"", ""optimization_objective_trace"": [0.0, -3502.990079275283], ""optimization_ordering_modes"": [""d4"", ""d4"", ""adaptive_d4_rank_windows_with_beta_boundary_code""], ""optimization_seconds"": 0.06288759999733884, ""optimization_selected_component_gains_nats"": [1104.6956932506835, 681.0878275882319, 893.1250169266063, 36.45518215682613, 10.441113662386412, 101.9618011728363, 54.59262033090849, 45.539783500841565, 34.202773570872225, 104.21102711215349, 79.57740224826004, 58.156991344661414, 139.44160541220887, 77.7235914678772, 15.933312017848104, 45.39176114207388], ""optimization_selected_groups"": [0, 1], ""optimization_selected_local_components"": [4, 12, 0], ""optimization_solver"": ""exact_stratum_event_sweep"", ""optimization_sparse_memory"": true, ""optimization_threshold_seconds"": 0.06255760000203736, ""optimization_threshold_sizes"": [119, 96, 0], ""optimization_thresholds"": [0.24401745200157166, 0.3521100878715515, 0.0], ""optimization_topology_evidence_ranks"": [5, 8], ""optimization_unified_background_scan"": true, ""stratification"": ""adaptive-semantic-information-criterion-gamma-v2""}","[{""coverage"": 0.9, ""f1"": 0.9473684210526316, ""fragments"": 1, ""matched_predicted_cluster"": 1, ""overlap"": 90, ""passes_discovery_thresholds"": true, ""precision"": 1.0, ""purity"": 1.0, ""recall"": 0.9, ""target"": ""cluster_0"", ""target_label"": 0, ""target_noise_loss"": 0.1, ""target_size"": 100}, {""coverage"": 0.82, ""f1"": 0.9010989010989011, ""fragments"": 1, ""matched_predicted_cluster"": 2, ""overlap"": 82, ""passes_discovery_thresholds"": true, ""precision"": 1.0, ""purity"": 1.0, ""recall"": 0.82, ""target"": ""cluster_1"", ""target_label"": 1, ""target_noise_loss"": 0.18, ""target_size"": 100}, {""coverage"": 0.85, ""f1"": 0.9189189189189189, ""fragments"": 1, ""matched_predicted_cluster"": 0, ""overlap"": 85, ""passes_discovery_thresholds"": true, ""precision"": 1.0, ""purity"": 1.0, ""recall"": 0.85, ""target"": ""cluster_2"", ""target_label"": 2, ""target_noise_loss"": 0.15, ""target_size"": 100}]"
synthetic__global_contamination_noise50__quality__signal300__n600__VDBSCAN-2007__211__f0b5728e6daa,ok,synthetic,global_contamination_noise50__quality__signal300__n600,VDBSCAN-2007,211,0.2.4,600,2,0.001793200004613027,0.019242700000177138,4.86113390000537,182.83984375,1.10546875,183.39453125,,,evaluation_state/synthetic__global_contamination_noise50__quality__signal300__n600__VDBSCAN-2007__211__f0b5728e6daa.npz,321dffa8eff118104dc067d85674bbbd7daee6137e458e2d6aae17a98bce436c,2630,0.8298869976535158,0.8577894494674283,23,23,0.17,known_synthetic_noise,0.565,0.4845818892739714,9.666666666666666,6,3,0.1,0.9,full_partition,target-discovery-v1,3,0.05,0.9033333333333333,0.9485785953177258,0.04,1.0,3,pairwise_f1,hungarian,2.0,0,29,0.4335542898248552,0.2809917355371901,0.2809917355371901,0.105,0.8095238095238095,0.17,0.8123811747440045,0.804837750313925,0.8200673400673401,0.105,29,macro,3,3,0.96,0.6881720430107526,0.5363128491620112,0.96,23,3,1.0,1.0,3,26,0.0,0.9033333333333333,1.0,0.9485785953177257,1.0,"{""background_inner_edge"": 6.0, ""background_intensity"": 3.0, ""background_size"": 300, ""background_strip_height"": 10.0, ""background_support_area"": 100.0, ""controlled_factor"": ""global_background_support_at_fixed_local_intensity"", ""declared_noise_fraction"": 0.5, ""dimension"": 2, ""family"": ""global_contamination_invariance"", ""n"": 600, ""n_targets"": 3, ""paired_background"": ""seeded_prefix"", ""realized_noise_fraction"": 0.5, ""signal_size"": 300}","{""eps_values"": [0.34057602286338806, 0.501737117767334, 0.8139848709106445], ""geometry_profile"": ""low_dim"", ""knee_prominence"": 0.03, ""knn_backend"": ""kd_tree"", ""max_eps_values"": 3, ""min_samples"": 5}",{},"[{""coverage"": 0.92, ""f1"": 0.9583333333333334, ""fragments"": 2, ""matched_predicted_cluster"": 1, ""overlap"": 92, ""passes_discovery_thresholds"": true, ""precision"": 1.0, ""purity"": 1.0, ""recall"": 0.92, ""target"": ""cluster_0"", ""target_label"": 0, ""target_noise_loss"": 0.03, ""target_size"": 100}, {""coverage"": 0.84, ""f1"": 0.9130434782608696, ""fragments"": 3, ""matched_predicted_cluster"": 0, ""overlap"": 84, ""passes_discovery_thresholds"": true, ""precision"": 1.0, ""purity"": 1.0, ""recall"": 0.84, ""target"": ""cluster_1"", ""target_label"": 1, ""target_noise_loss"": 0.04, ""target_size"": 100}, {""coverage"": 0.95, ""f1"": 0.9743589743589743, ""fragments"": 1, ""matched_predicted_cluster"": 2, ""overlap"": 95, ""passes_discovery_thresholds"": true, ""precision"": 1.0, ""purity"": 1.0, ""recall"": 0.95, ""target"": ""cluster_2"", ""target_label"": 2, ""target_noise_loss"": 0.05, ""target_size"": 100}]"
synthetic__global_contamination_noise50__quality__signal300__n600__VDBSCAN-2007__223__a86953e4fc75,ok,synthetic,global_contamination_noise50__quality__signal300__n600,VDBSCAN-2007,223,0.2.4,600,2,0.0018826000014087185,0.020025799996801652,4.816409599996405,182.671875,1.09765625,183.2109375,,,evaluation_state/synthetic__global_contamination_noise50__quality__signal300__n600__VDBSCAN-2007__223__a86953e4fc75.npz,df89fff911259b65b19a6b33aa949d710359e557b0d964580884d150239d3106,2461,0.8375793634674223,0.8677055523020857,12,12,0.06,known_synthetic_noise,0.495,0.3771391569794333,5.333333333333333,4,3,0.1,0.9,full_partition,target-discovery-v1,1,0.05,0.9133333333333334,0.954469589425588,0.07,1.0,3,pairwise_f1,hungarian,1.3333333333333333,0,16,0.19112475899800876,0.10619469026548674,0.10619469026548674,0.065,0.46153846153846156,0.06,0.6347532254761418,0.5120178409184769,0.8348821548821549,0.065,16,macro,3,3,0.93,0.6480836236933798,0.49732620320855614,0.93,12,3,1.0,1.0,3,13,0.0,0.9133333333333333,1.0,0.9544695894255881,1.0,"{""background_inner_edge"": 6.0, ""background_intensity"": 3.0, ""background_size"": 300, ""background_strip_height"": 10.0, ""background_support_area"": 100.0, ""controlled_factor"": ""global_background_support_at_fixed_local_intensity"", ""declared_noise_fraction"": 0.5, ""dimension"": 2, ""family"": ""global_contamination_invariance"", ""n"": 600, ""n_targets"": 3, ""paired_background"": ""seeded_prefix"", ""realized_noise_fraction"": 0.5, ""signal_size"": 300}","{""eps_values"": [0.36327964067459106, 0.4389570355415344, 0.785525381565094], ""geometry_profile"": ""low_dim"", ""knee_prominence"": 0.03, ""knn_backend"": ""kd_tree"", ""max_eps_values"": 3, ""min_samples"": 5}",{},"[{""coverage"": 0.88, ""f1"": 0.9361702127659575, ""fragments"": 2, ""matched_predicted_cluster"": 2, ""overlap"": 88, ""passes_discovery_thresholds"": true, ""precision"": 1.0, ""purity"": 1.0, ""recall"": 0.88, ""target"": ""cluster_0"", ""target_label"": 0, ""target_noise_loss"": 0.07, ""target_size"": 100}, {""coverage"": 0.91, ""f1"": 0.9528795811518325, ""fragments"": 1, ""matched_predicted_cluster"": 0, ""overlap"": 91, ""passes_discovery_thresholds"": true, ""precision"": 1.0, ""purity"": 1.0, ""recall"": 0.91, ""target"": ""cluster_1"", ""target_label"": 1, ""target_noise_loss"": 0.09, ""target_size"": 100}, {""coverage"": 0.95, ""f1"": 0.9743589743589743, ""fragments"": 1, ""matched_predicted_cluster"": 1, ""overlap"": 95, ""passes_discovery_thresholds"": true, ""precision"": 1.0, ""purity"": 1.0, ""recall"": 0.95, ""target"": ""cluster_2"", ""target_label"": 2, ""target_noise_loss"": 0.05, ""target_size"": 100}]"
synthetic__global_contamination_noise50__quality__signal300__n600__VDBSCAN-2007__227__226a9ba0b03d,ok,synthetic,global_contamination_noise50__quality__signal300__n600,VDBSCAN-2007,227,0.2.4,600,2,0.0017182000010507181,0.019272200006525964,4.76130739999644,182.6015625,1.10546875,183.03515625,,,evaluation_state/synthetic__global_contamination_noise50__quality__signal300__n600__VDBSCAN-2007__227__226a9ba0b03d.npz,b55b9022b2a31656520ca080c776cf8261062fe8f66115523e211f970040a37d,2570,0.8039863840054055,0.825435885760909,19,19,0.16,known_synthetic_noise,0.5333333333333333,0.4577566618467258,7.666666666666667,4,3,0.1,0.9,full_partition,target-discovery-v1,1,0.05,0.8866666666666667,0.9399226987879471,0.09333333333333332,1.0,3,pairwise_f1,hungarian,1.3333333333333333,0,23,0.4015593396052487,0.2553191489361702,0.2553191489361702,0.12666666666666668,0.631578947368421,0.16,0.7433464917865783,0.7049269411906774,0.7861952861952862,0.12666666666666668,23,macro,3,3,0.9066666666666666,0.6601941747572815,0.5190839694656488,0.9066666666666666,19,3,1.0,1.0,3,20,0.0,0.8866666666666667,1.0,0.9399226987879471,1.0,"{""background_inner_edge"": 6.0, ""background_intensity"": 3.0, ""background_size"": 300, ""background_strip_height"": 10.0, ""background_support_area"": 100.0, ""controlled_factor"": ""global_background_support_at_fixed_local_intensity"", ""declared_noise_fraction"": 0.5, ""dimension"": 2, ""family"": ""global_contamination_invariance"", ""n"": 600, ""n_targets"": 3, ""paired_background"": ""seeded_prefix"", ""realized_noise_fraction"": 0.5, ""signal_size"": 300}","{""eps_values"": [0.3238784968852997, 0.46629583835601807, 0.7953967452049255], ""geometry_profile"": ""low_dim"", ""knee_prominence"": 0.03, ""knn_backend"": ""kd_tree"", ""max_eps_values"": 3, ""min_samples"": 5}",{},"[{""coverage"": 0.89, ""f1"": 0.9417989417989417, ""fragments"": 1, ""matched_predicted_cluster"": 0, ""overlap"": 89, ""passes_discovery_thresholds"": true, ""precision"": 1.0, ""purity"": 1.0, ""recall"": 0.89, ""target"": ""cluster_0"", ""target_label"": 0, ""target_noise_loss"": 0.11, ""target_size"": 100}, {""coverage"": 0.88, ""f1"": 0.9361702127659575, ""fragments"": 2, ""matched_predicted_cluster"": 3, ""overlap"": 88, ""passes_discovery_thresholds"": true, ""precision"": 1.0, ""purity"": 1.0, ""recall"": 0.88, ""target"": ""cluster_1"", ""target_label"": 1, ""target_noise_loss"": 0.06, ""target_size"": 100}, {""coverage"": 0.89, ""f1"": 0.9417989417989417, ""fragments"": 1, ""matched_predicted_cluster"": 1, ""overlap"": 89, ""passes_discovery_thresholds"": true, ""precision"": 1.0, ""purity"": 1.0, ""recall"": 0.89, ""target"": ""cluster_2"", ""target_label"": 2, ""target_noise_loss"": 0.11, ""target_size"": 100}]"
synthetic__global_contamination_noise50__quality__signal300__n600__VDBSCAN-2007__229__d030b3e3e06c,ok,synthetic,global_contamination_noise50__quality__signal300__n600,VDBSCAN-2007,229,0.2.4,600,2,0.0022041999909561127,0.018536600007792003,4.705524199991487,182.625,1.1171875,183.2109375,,,evaluation_state/synthetic__global_contamination_noise50__quality__signal300__n600__VDBSCAN-2007__229__d030b3e3e06c.npz,be4941ee85c70515e409ef503d72639d87217fd449d0735b329becb782d44531,2482,0.8296877236834952,0.8591335868267789,11,11,0.09666666666666666,known_synthetic_noise,0.52,0.41519676192281135,5.333333333333333,5,3,0.1,0.9,full_partition,target-discovery-v1,2,0.05,0.9066666666666667,0.9509659775999199,0.05666666666666667,1.0,3,pairwise_f1,hungarian,1.6666666666666667,0,16,0.2850188571189055,0.1676300578034682,0.1676300578034682,0.07666666666666666,0.6304347826086957,0.09666666666666666,0.6816863707338835,0.5817074331398115,0.8231649831649832,0.07666666666666666,16,macro,3,3,0.9433333333333334,0.6627634660421545,0.5108303249097473,0.9433333333333334,11,3,1.0,1.0,3,13,0.0,0.9066666666666666,1.0,0.9509659775999201,1.0,"{""background_inner_edge"": 6.0, ""background_intensity"": 3.0, ""background_size"": 300, ""background_strip_height"": 10.0, ""background_support_area"": 100.0, ""controlled_factor"": ""global_background_support_at_fixed_local_intensity"", ""declared_noise_fraction"": 0.5, ""dimension"": 2, ""family"": ""global_contamination_invariance"", ""n"": 600, ""n_targets"": 3, ""paired_background"": ""seeded_prefix"", ""realized_noise_fraction"": 0.5, ""signal_size"": 300}","{""eps_values"": [0.3521869480609894, 0.40934550762176514, 0.7773639559745789], ""geometry_profile"": ""low_dim"", ""knee_prominence"": 0.03, ""knn_backend"": ""kd_tree"", ""max_eps_values"": 3, ""min_samples"": 5}",{},"[{""coverage"": 0.9, ""f1"": 0.9473684210526316, ""fragments"": 2, ""matched_predicted_cluster"": 2, ""overlap"": 90, ""passes_discovery_thresholds"": true, ""precision"": 1.0, ""purity"": 1.0, ""recall"": 0.9, ""target"": ""cluster_0"", ""target_label"": 0, ""target_noise_loss"": 0.05, ""target_size"": 100}, {""coverage"": 0.89, ""f1"": 0.9417989417989417, ""fragments"": 2, ""matched_predicted_cluster"": 1, ""overlap"": 89, ""passes_discovery_thresholds"": true, ""precision"": 1.0, ""purity"": 1.0, ""recall"": 0.89, ""target"": ""cluster_1"", ""target_label"": 1, ""target_noise_loss"": 0.05, ""target_size"": 100}, {""coverage"": 0.93, ""f1"": 0.9637305699481865, ""fragments"": 1, ""matched_predicted_cluster"": 0, ""overlap"": 93, ""passes_discovery_thresholds"": true, ""precision"": 1.0, ""purity"": 1.0, ""recall"": 0.93, ""target"": ""cluster_2"", ""target_label"": 2, ""target_noise_loss"": 0.07, ""target_size"": 100}]"
synthetic__global_contamination_noise50__quality__signal300__n600__VDBSCAN-2007__233__2a978f54e22a,ok,synthetic,global_contamination_noise50__quality__signal300__n600,VDBSCAN-2007,233,0.2.4,600,2,0.0015833000070415437,0.018881299998611212,4.753695400009747,182.72265625,1.08203125,183.2109375,,,evaluation_state/synthetic__global_contamination_noise50__quality__signal300__n600__VDBSCAN-2007__233__2a978f54e22a.npz,c7a7fdcf709e7691234e70109239fc0e1def17ca831592a32aa23537ce49bf9e,2598,0.7935322107599431,0.8150777794459009,23,23,0.13666666666666666,known_synthetic_noise,0.5266666666666666,0.4417580689546724,9.333333333333334,5,3,0.1,0.9,full_partition,target-discovery-v1,2,0.05,0.8766666666666668,0.9335190453521736,0.08333333333333333,1.0,3,pairwise_f1,hungarian,1.6666666666666667,0,28,0.3613610989316443,0.22404371584699453,0.22404371584699453,0.11,0.6212121212121212,0.13666666666666666,0.789057123193393,0.8068261787473611,0.7720538720538721,0.11,28,macro,3,2,0.9166666666666666,0.6594724220623502,0.5149812734082397,0.9166666666666666,23,3,1.0,1.0,3,25,0.0,0.8766666666666667,1.0,0.9335190453521734,1.0,"{""background_inner_edge"": 6.0, ""background_intensity"": 3.0, ""background_size"": 300, ""background_strip_height"": 10.0, ""background_support_area"": 100.0, ""controlled_factor"": ""global_background_support_at_fixed_local_intensity"", ""declared_noise_fraction"": 0.5, ""dimension"": 2, ""family"": ""global_contamination_invariance"", ""n"": 600, ""n_targets"": 3, ""paired_background"": ""seeded_prefix"", ""realized_noise_fraction"": 0.5, ""signal_size"": 300}","{""eps_values"": [0.32363441586494446, 0.4121240973472595, 0.7537509202957153], ""geometry_profile"": ""low_dim"", ""knee_prominence"": 0.03, ""knn_backend"": ""kd_tree"", ""max_eps_values"": 3, ""min_samples"": 5}",{},"[{""coverage"": 0.93, ""f1"": 0.9637305699481865, ""fragments"": 1, ""matched_predicted_cluster"": 1, ""overlap"": 93, ""passes_discovery_thresholds"": true, ""precision"": 1.0, ""purity"": 1.0, ""recall"": 0.93, ""target"": ""cluster_0"", ""target_label"": 0, ""target_noise_loss"": 0.07, ""target_size"": 100}, {""coverage"": 0.81, ""f1"": 0.8950276243093923, ""fragments"": 2, ""matched_predicted_cluster"": 0, ""overlap"": 81, ""passes_discovery_thresholds"": true, ""precision"": 1.0, ""purity"": 1.0, ""recall"": 0.81, ""target"": ""cluster_1"", ""target_label"": 1, ""target_noise_loss"": 0.12, ""target_size"": 100}, {""coverage"": 0.89, ""f1"": 0.9417989417989417, ""fragments"": 2, ""matched_predicted_cluster"": 2, ""overlap"": 89, ""passes_discovery_thresholds"": true, ""precision"": 1.0, ""purity"": 1.0, ""recall"": 0.89, ""target"": ""cluster_2"", ""target_label"": 2, ""target_noise_loss"": 0.06, ""target_size"": 100}]"
synthetic__global_contamination_noise50__quality__signal300__n600__kNN+Leiden__211__93ccd0d50697,ok,synthetic,global_contamination_noise50__quality__signal300__n600,kNN+Leiden,211,0.2.4,600,2,0.0017727999947965145,0.026008599990746006,5.834960499996669,214.55859375,2.85546875,214.81640625,,,evaluation_state/synthetic__global_contamination_noise50__quality__signal300__n600__kNN+Leiden__211__93ccd0d50697.npz,0c2b85570ceb2e41d677d6c596ba81915a97b52577110d4a996d68ba5bbab4c3,2309,1.0,1.0,3,3,0.0,known_synthetic_noise,0.5,0.3333333333333333,2.0,3,3,0.1,0.9,full_partition,target-discovery-v1,0,0.05,1.0,1.0,0.0,1.0,3,pairwise_f1,hungarian,1.0,0,6,0.0,0.0,0.0,0.0,0.0,0.0,0.638627273900142,0.46910538286580744,1.0,0.0,6,macro,3,3,1.0,0.6666666666666666,0.5,1.0,3,3,1.0,1.0,3,3,0.0,1.0,1.0,1.0,1.0,"{""background_inner_edge"": 6.0, ""background_intensity"": 3.0, ""background_size"": 300, ""background_strip_height"": 10.0, ""background_support_area"": 100.0, ""controlled_factor"": ""global_background_support_at_fixed_local_intensity"", ""declared_noise_fraction"": 0.5, ""dimension"": 2, ""family"": ""global_contamination_invariance"", ""n"": 600, ""n_targets"": 3, ""paired_background"": ""seeded_prefix"", ""realized_noise_fraction"": 0.5, ""signal_size"": 300}","{""edge_rank"": 15, ""geometry_profile"": ""low_dim"", ""k"": 20, ""knn_backend"": ""kd_tree"", ""resolution"": 0.5, ""symmetrization"": ""union"", ""weights"": ""1/(1+d)""}",{},"[{""coverage"": 1.0, ""f1"": 1.0, ""fragments"": 1, ""matched_predicted_cluster"": 2, ""overlap"": 100, ""passes_discovery_thresholds"": true, ""precision"": 1.0, ""purity"": 1.0, ""recall"": 1.0, ""target"": ""cluster_0"", ""target_label"": 0, ""target_noise_loss"": 0.0, ""target_size"": 100}, {""coverage"": 1.0, ""f1"": 1.0, ""fragments"": 1, ""matched_predicted_cluster"": 1, ""overlap"": 100, ""passes_discovery_thresholds"": true, ""precision"": 1.0, ""purity"": 1.0, ""recall"": 1.0, ""target"": ""cluster_1"", ""target_label"": 1, ""target_noise_loss"": 0.0, ""target_size"": 100}, {""coverage"": 1.0, ""f1"": 1.0, ""fragments"": 1, ""matched_predicted_cluster"": 3, ""overlap"": 100, ""passes_discovery_thresholds"": true, ""precision"": 1.0, ""purity"": 1.0, ""recall"": 1.0, ""target"": ""cluster_2"", ""target_label"": 2, ""target_noise_loss"": 0.0, ""target_size"": 100}]"
synthetic__global_contamination_noise50__quality__signal300__n600__kNN+Leiden__223__bbcdbb30401a,ok,synthetic,global_contamination_noise50__quality__signal300__n600,kNN+Leiden,223,0.2.4,600,2,0.0016433000128017738,0.020130100005189888,5.891844400000991,214.83984375,2.84765625,215.08984375,,,evaluation_state/synthetic__global_contamination_noise50__quality__signal300__n600__kNN+Leiden__223__bbcdbb30401a.npz,9b3fa03d6fcde91870eb60ad4843099208bda73bf5f74b7ac7b3f91538ab1906,2263,1.0,1.0,2,2,0.0,known_synthetic_noise,0.5,0.3333333333333333,1.6666666666666667,3,3,0.1,0.9,full_partition,target-discovery-v1,0,0.05,1.0,1.0,0.0,1.0,3,pairwise_f1,hungarian,1.0,0,5,0.0,0.0,0.0,0.0,0.0,0.0,0.5706051873198847,0.39919354838709675,1.0,0.0,5,macro,3,3,1.0,0.6666666666666666,0.5,1.0,2,3,1.0,1.0,3,2,0.0,1.0,1.0,1.0,1.0,"{""background_inner_edge"": 6.0, ""background_intensity"": 3.0, ""background_size"": 300, ""background_strip_height"": 10.0, ""background_support_area"": 100.0, ""controlled_factor"": ""global_background_support_at_fixed_local_intensity"", ""declared_noise_fraction"": 0.5, ""dimension"": 2, ""family"": ""global_contamination_invariance"", ""n"": 600, ""n_targets"": 3, ""paired_background"": ""seeded_prefix"", ""realized_noise_fraction"": 0.5, ""signal_size"": 300}","{""edge_rank"": 15, ""geometry_profile"": ""low_dim"", ""k"": 20, ""knn_backend"": ""kd_tree"", ""resolution"": 0.5, ""symmetrization"": ""union"", ""weights"": ""1/(1+d)""}",{},"[{""coverage"": 1.0, ""f1"": 1.0, ""fragments"": 1, ""matched_predicted_cluster"": 4, ""overlap"": 100, ""passes_discovery_thresholds"": true, ""precision"": 1.0, ""purity"": 1.0, ""recall"": 1.0, ""target"": ""cluster_0"", ""target_label"": 0, ""target_noise_loss"": 0.0, ""target_size"": 100}, {""coverage"": 1.0, ""f1"": 1.0, ""fragments"": 1, ""matched_predicted_cluster"": 3, ""overlap"": 100, ""passes_discovery_thresholds"": true, ""precision"": 1.0, ""purity"": 1.0, ""recall"": 1.0, ""target"": ""cluster_1"", ""target_label"": 1, ""target_noise_loss"": 0.0, ""target_size"": 100}, {""coverage"": 1.0, ""f1"": 1.0, ""fragments"": 1, ""matched_predicted_cluster"": 2, ""overlap"": 100, ""passes_discovery_thresholds"": true, ""precision"": 1.0, ""purity"": 1.0, ""recall"": 1.0, ""target"": ""cluster_2"", ""target_label"": 2, ""target_noise_loss"": 0.0, ""target_size"": 100}]"
synthetic__global_contamination_noise50__quality__signal300__n600__kNN+Leiden__227__e9f8415da9de,ok,synthetic,global_contamination_noise50__quality__signal300__n600,kNN+Leiden,227,0.2.4,600,2,0.0016023999924072996,0.021133000002009794,5.8162328999897,214.96875,2.859375,215.21875,,,evaluation_state/synthetic__global_contamination_noise50__quality__signal300__n600__kNN+Leiden__227__e9f8415da9de.npz,0ac0c128361329a501952131fa2c90304fbd7aa4401f26f0cfc21565b72df2aa,2313,1.0,1.0,3,3,0.0,known_synthetic_noise,0.5,0.3333333333333333,2.0,3,3,0.1,0.9,full_partition,target-discovery-v1,0,0.05,1.0,1.0,0.0,1.0,3,pairwise_f1,hungarian,1.0,0,6,0.0,0.0,0.0,0.0,0.0,0.0,0.6374211271837577,0.46780493951612906,1.0,0.0,6,macro,3,3,1.0,0.6666666666666666,0.5,1.0,3,3,1.0,1.0,3,3,0.0,1.0,1.0,1.0,1.0,"{""background_inner_edge"": 6.0, ""background_intensity"": 3.0, ""background_size"": 300, ""background_strip_height"": 10.0, ""background_support_area"": 100.0, ""controlled_factor"": ""global_background_support_at_fixed_local_intensity"", ""declared_noise_fraction"": 0.5, ""dimension"": 2, ""family"": ""global_contamination_invariance"", ""n"": 600, ""n_targets"": 3, ""paired_background"": ""seeded_prefix"", ""realized_noise_fraction"": 0.5, ""signal_size"": 300}","{""edge_rank"": 15, ""geometry_profile"": ""low_dim"", ""k"": 20, ""knn_backend"": ""kd_tree"", ""resolution"": 0.5, ""symmetrization"": ""union"", ""weights"": ""1/(1+d)""}",{},"[{""coverage"": 1.0, ""f1"": 1.0, ""fragments"": 1, ""matched_predicted_cluster"": 3, ""overlap"": 100, ""passes_discovery_thresholds"": true, ""precision"": 1.0, ""purity"": 1.0, ""recall"": 1.0, ""target"": ""cluster_0"", ""target_label"": 0, ""target_noise_loss"": 0.0, ""target_size"": 100}, {""coverage"": 1.0, ""f1"": 1.0, ""fragments"": 1, ""matched_predicted_cluster"": 2, ""overlap"": 100, ""passes_discovery_thresholds"": true, ""precision"": 1.0, ""purity"": 1.0, ""recall"": 1.0, ""target"": ""cluster_1"", ""target_label"": 1, ""target_noise_loss"": 0.0, ""target_size"": 100}, {""coverage"": 1.0, ""f1"": 1.0, ""fragments"": 1, ""matched_predicted_cluster"": 1, ""overlap"": 100, ""passes_discovery_thresholds"": true, ""precision"": 1.0, ""purity"": 1.0, ""recall"": 1.0, ""target"": ""cluster_2"", ""target_label"": 2, ""target_noise_loss"": 0.0, ""target_size"": 100}]"
synthetic__global_contamination_noise50__quality__signal300__n600__kNN+Leiden__229__ab0067dda606,ok,synthetic,global_contamination_noise50__quality__signal300__n600,kNN+Leiden,229,0.2.4,600,2,0.0015927999920677394,0.025223200005711988,5.780833199998597,215.01953125,2.7578125,215.26953125,,,evaluation_state/synthetic__global_contamination_noise50__quality__signal300__n600__kNN+Leiden__229__ab0067dda606.npz,2637b2deb5d635a18b4f002aa5adde8de3f7696db88cf991fa54743f4ea5e813,2312,1.0,1.0,3,3,0.0,known_synthetic_noise,0.5,0.3333333333333333,2.0,3,3,0.1,0.9,full_partition,target-discovery-v1,0,0.05,1.0,1.0,0.0,1.0,3,pairwise_f1,hungarian,1.0,0,6,0.0,0.0,0.0,0.0,0.0,0.0,0.6353077071167298,0.46553183485375715,1.0,0.0,6,macro,3,3,1.0,0.6666666666666666,0.5,1.0,3,3,1.0,1.0,3,3,0.0,1.0,1.0,1.0,1.0,"{""background_inner_edge"": 6.0, ""background_intensity"": 3.0, ""background_size"": 300, ""background_strip_height"": 10.0, ""background_support_area"": 100.0, ""controlled_factor"": ""global_background_support_at_fixed_local_intensity"", ""declared_noise_fraction"": 0.5, ""dimension"": 2, ""family"": ""global_contamination_invariance"", ""n"": 600, ""n_targets"": 3, ""paired_background"": ""seeded_prefix"", ""realized_noise_fraction"": 0.5, ""signal_size"": 300}","{""edge_rank"": 15, ""geometry_profile"": ""low_dim"", ""k"": 20, ""knn_backend"": ""kd_tree"", ""resolution"": 0.5, ""symmetrization"": ""union"", ""weights"": ""1/(1+d)""}",{},"[{""coverage"": 1.0, ""f1"": 1.0, ""fragments"": 1, ""matched_predicted_cluster"": 3, ""overlap"": 100, ""passes_discovery_thresholds"": true, ""precision"": 1.0, ""purity"": 1.0, ""recall"": 1.0, ""target"": ""cluster_0"", ""target_label"": 0, ""target_noise_loss"": 0.0, ""target_size"": 100}, {""coverage"": 1.0, ""f1"": 1.0, ""fragments"": 1, ""matched_predicted_cluster"": 2, ""overlap"": 100, ""passes_discovery_thresholds"": true, ""precision"": 1.0, ""purity"": 1.0, ""recall"": 1.0, ""target"": ""cluster_1"", ""target_label"": 1, ""target_noise_loss"": 0.0, ""target_size"": 100}, {""coverage"": 1.0, ""f1"": 1.0, ""fragments"": 1, ""matched_predicted_cluster"": 1, ""overlap"": 100, ""passes_discovery_thresholds"": true, ""precision"": 1.0, ""purity"": 1.0, ""recall"": 1.0, ""target"": ""cluster_2"", ""target_label"": 2, ""target_noise_loss"": 0.0, ""target_size"": 100}]"
synthetic__global_contamination_noise50__quality__signal300__n600__kNN+Leiden__233__0fae6cdc7835,ok,synthetic,global_contamination_noise50__quality__signal300__n600,kNN+Leiden,233,0.2.4,600,2,0.0021936999983154237,0.019106399995507672,5.904954199999338,215.0,2.8671875,215.25,,,evaluation_state/synthetic__global_contamination_noise50__quality__signal300__n600__kNN+Leiden__233__0fae6cdc7835.npz,f3f3bb4fbe6859ec176d1b3e367a3f099e3ae28e016b0b57ec2430d3258ab8a9,2319,1.0,1.0,4,4,0.0,known_synthetic_noise,0.5,0.3333333333333333,2.3333333333333335,3,3,0.1,0.9,full_partition,target-discovery-v1,0,0.05,1.0,1.0,0.0,1.0,3,pairwise_f1,hungarian,1.0,0,7,0.0,0.0,0.0,0.0,0.0,0.0,0.7236136828769126,0.5669237229899977,1.0,0.0,7,macro,3,3,1.0,0.6666666666666666,0.5,1.0,4,3,1.0,1.0,3,4,0.0,1.0,1.0,1.0,1.0,"{""background_inner_edge"": 6.0, ""background_intensity"": 3.0, ""background_size"": 300, ""background_strip_height"": 10.0, ""background_support_area"": 100.0, ""controlled_factor"": ""global_background_support_at_fixed_local_intensity"", ""declared_noise_fraction"": 0.5, ""dimension"": 2, ""family"": ""global_contamination_invariance"", ""n"": 600, ""n_targets"": 3, ""paired_background"": ""seeded_prefix"", ""realized_noise_fraction"": 0.5, ""signal_size"": 300}","{""edge_rank"": 15, ""geometry_profile"": ""low_dim"", ""k"": 20, ""knn_backend"": ""kd_tree"", ""resolution"": 0.5, ""symmetrization"": ""union"", ""weights"": ""1/(1+d)""}",{},"[{""coverage"": 1.0, ""f1"": 1.0, ""fragments"": 1, ""matched_predicted_cluster"": 2, ""overlap"": 100, ""passes_discovery_thresholds"": true, ""precision"": 1.0, ""purity"": 1.0, ""recall"": 1.0, ""target"": ""cluster_0"", ""target_label"": 0, ""target_noise_loss"": 0.0, ""target_size"": 100}, {""coverage"": 1.0, ""f1"": 1.0, ""fragments"": 1, ""matched_predicted_cluster"": 0, ""overlap"": 100, ""passes_discovery_thresholds"": true, ""precision"": 1.0, ""purity"": 1.0, ""recall"": 1.0, ""target"": ""cluster_1"", ""target_label"": 1, ""target_noise_loss"": 0.0, ""target_size"": 100}, {""coverage"": 1.0, ""f1"": 1.0, ""fragments"": 1, ""matched_predicted_cluster"": 1, ""overlap"": 100, ""passes_discovery_thresholds"": true, ""precision"": 1.0, ""purity"": 1.0, ""recall"": 1.0, ""target"": ""cluster_2"", ""target_label"": 2, ""target_noise_loss"": 0.0, ""target_size"": 100}]"
synthetic__global_contamination_noise50__quality__signal300__n600__kNN-DBSCAN__211__8b1a9168a497,ok,synthetic,global_contamination_noise50__quality__signal300__n600,kNN-DBSCAN,211,0.2.4,600,2,0.001845500009949319,0.006548500008648261,4.733544999995502,182.63671875,0.609375,183.15625,,,evaluation_state/synthetic__global_contamination_noise50__quality__signal300__n600__kNN-DBSCAN__211__8b1a9168a497.npz,a7fad422caa5c34421fe7ee5616ed61be30d014ab0a666d5ef649346d4bcd90d,2317,0.4717527546782267,0.2786339086532817,0,0,1.0,known_synthetic_noise,0.8316666666666667,0.8267576522517217,3.6666666666666665,11,3,0.1,0.9,full_partition,target-discovery-v1,7,0.05,0.4666666666666666,0.6276521155598955,0.33666666666666667,1.0,3,pairwise_f1,hungarian,3.3333333333333335,0,11,0.7242250287932541,0.8559201141226819,0.8559201141226819,0.6683333333333333,0.7481296758104738,1.0,0.3909415971394517,1.0,0.24296296296296296,0.6683333333333333,11,macro,0,0,0.6633333333333333,0.7975951903807615,1.0,0.6633333333333333,0,3,1.0,0.0,3,8,0.0,0.4666666666666667,1.0,0.6276521155598955,1.0,"{""background_inner_edge"": 6.0, ""background_intensity"": 3.0, ""background_size"": 300, ""background_strip_height"": 10.0, ""background_support_area"": 100.0, ""controlled_factor"": ""global_background_support_at_fixed_local_intensity"", ""declared_noise_fraction"": 0.5, ""dimension"": 2, ""family"": ""global_contamination_invariance"", ""n"": 600, ""n_targets"": 3, ""paired_background"": ""seeded_prefix"", ""realized_noise_fraction"": 0.5, ""signal_size"": 300}","{""eps"": 0.21330991387367249, ""eps_quantile"": 0.25, ""geometry_profile"": ""low_dim"", ""k"": 4, ""knn_backend"": ""kd_tree"", ""min_samples"": 5}",{},"[{""coverage"": 0.58, ""f1"": 0.7341772151898733, ""fragments"": 3, ""matched_predicted_cluster"": 3, ""overlap"": 58, ""passes_discovery_thresholds"": true, ""precision"": 1.0, ""purity"": 1.0, ""recall"": 0.58, ""target"": ""cluster_0"", ""target_label"": 0, ""target_noise_loss"": 0.23, ""target_size"": 100}, {""coverage"": 0.51, ""f1"": 0.6754966887417219, ""fragments"": 2, ""matched_predicted_cluster"": 0, ""overlap"": 51, ""passes_discovery_thresholds"": true, ""precision"": 1.0, ""purity"": 1.0, ""recall"": 0.51, ""target"": ""cluster_1"", ""target_label"": 1, ""target_noise_loss"": 0.39, ""target_size"": 100}, {""coverage"": 0.31, ""f1"": 0.47328244274809156, ""fragments"": 5, ""matched_predicted_cluster"": 1, ""overlap"": 31, ""passes_discovery_thresholds"": true, ""precision"": 1.0, ""purity"": 1.0, ""recall"": 0.31, ""target"": ""cluster_2"", ""target_label"": 2, ""target_noise_loss"": 0.39, ""target_size"": 100}]"
synthetic__global_contamination_noise50__quality__signal300__n600__kNN-DBSCAN__223__a1dee181d8cc,ok,synthetic,global_contamination_noise50__quality__signal300__n600,kNN-DBSCAN,223,0.2.4,600,2,0.0016230000037467107,0.006750100001227111,4.795365900004981,181.8671875,0.64453125,182.35546875,,,evaluation_state/synthetic__global_contamination_noise50__quality__signal300__n600__kNN-DBSCAN__223__a1dee181d8cc.npz,230bc221773a3314e9577094d7c7cfbe31c5af5d089f27dcfa6c3aecf938fecb,2262,0.48938658937772317,0.2764513565967202,0,0,1.0,known_synthetic_noise,0.835,0.8303821541466424,2.6666666666666665,8,3,0.1,0.9,full_partition,target-discovery-v1,5,0.05,0.4433333333333333,0.6066464166571922,0.33,1.0,3,pairwise_f1,hungarian,2.6666666666666665,0,8,0.7108819428056153,0.8583690987124464,0.8583690987124464,0.665,0.7518796992481203,1.0,0.39337877312560854,1.0,0.24484848484848484,0.665,8,macro,0,0,0.67,0.8023952095808384,1.0,0.67,0,3,1.0,0.0,3,5,0.0,0.44333333333333336,1.0,0.6066464166571923,1.0,"{""background_inner_edge"": 6.0, ""background_intensity"": 3.0, ""background_size"": 300, ""background_strip_height"": 10.0, ""background_support_area"": 100.0, ""controlled_factor"": ""global_background_support_at_fixed_local_intensity"", ""declared_noise_fraction"": 0.5, ""dimension"": 2, ""family"": ""global_contamination_invariance"", ""n"": 600, ""n_targets"": 3, ""paired_background"": ""seeded_prefix"", ""realized_noise_fraction"": 0.5, ""signal_size"": 300}","{""eps"": 0.2096993625164032, ""eps_quantile"": 0.25, ""geometry_profile"": ""low_dim"", ""k"": 4, ""knn_backend"": ""kd_tree"", ""min_samples"": 5}",{},"[{""coverage"": 0.59, ""f1"": 0.7421383647798743, ""fragments"": 2, ""matched_predicted_cluster"": 4, ""overlap"": 59, ""passes_discovery_thresholds"": true, ""precision"": 1.0, ""purity"": 1.0, ""recall"": 0.59, ""target"": ""cluster_0"", ""target_label"": 0, ""target_noise_loss"": 0.35, ""target_size"": 100}, {""coverage"": 0.33, ""f1"": 0.49624060150375937, ""fragments"": 3, ""matched_predicted_cluster"": 2, ""overlap"": 33, ""passes_discovery_thresholds"": true, ""precision"": 1.0, ""purity"": 1.0, ""recall"": 0.33, ""target"": ""cluster_1"", ""target_label"": 1, ""target_noise_loss"": 0.38, ""target_size"": 100}, {""coverage"": 0.41, ""f1"": 0.5815602836879432, ""fragments"": 3, ""matched_predicted_cluster"": 1, ""overlap"": 41, ""passes_discovery_thresholds"": true, ""precision"": 1.0, ""purity"": 1.0, ""recall"": 0.41, ""target"": ""cluster_2"", ""target_label"": 2, ""target_noise_loss"": 0.26, ""target_size"": 100}]"
synthetic__global_contamination_noise50__quality__signal300__n600__kNN-DBSCAN__227__9622c1f30e66,ok,synthetic,global_contamination_noise50__quality__signal300__n600,kNN-DBSCAN,227,0.2.4,600,2,0.0016094000020530075,0.0062806000059936196,4.79052270000102,182.32421875,0.63671875,182.8046875,,,evaluation_state/synthetic__global_contamination_noise50__quality__signal300__n600__kNN-DBSCAN__227__9622c1f30e66.npz,fa07c0a63afde9fc79335cd076d831ed18f8fa3c8308ef309d78316bcf223285,2289,0.49440261921747636,0.30721355194632893,1,1,0.9833333333333333,known_synthetic_noise,0.8266666666666667,0.8223052476905377,3.0,8,3,0.1,0.9,full_partition,target-discovery-v1,5,0.05,0.47000000000000003,0.6193908193908194,0.33,1.0,3,pairwise_f1,hungarian,2.6666666666666665,0,9,0.7166504745408968,0.8501440922190201,0.8501440922190201,0.6566666666666666,0.748730964467005,0.9833333333333333,0.4354600968624973,0.9975880366618427,0.2785185185185185,0.6566666666666666,9,macro,1,0,0.67,0.7944664031620553,0.9757281553398058,0.67,1,3,1.0,0.3333333333333333,3,6,0.0,0.47,1.0,0.6193908193908193,1.0,"{""background_inner_edge"": 6.0, ""background_intensity"": 3.0, ""background_size"": 300, ""background_strip_height"": 10.0, ""background_support_area"": 100.0, ""controlled_factor"": ""global_background_support_at_fixed_local_intensity"", ""declared_noise_fraction"": 0.5, ""dimension"": 2, ""family"": ""global_contamination_invariance"", ""n"": 600, ""n_targets"": 3, ""paired_background"": ""seeded_prefix"", ""realized_noise_fraction"": 0.5, ""signal_size"": 300}","{""eps"": 0.20198307931423187, ""eps_quantile"": 0.25, ""geometry_profile"": ""low_dim"", ""k"": 4, ""knn_backend"": ""kd_tree"", ""min_samples"": 5}",{},"[{""coverage"": 0.25, ""f1"": 0.4, ""fragments"": 4, ""matched_predicted_cluster"": 4, ""overlap"": 25, ""passes_discovery_thresholds"": true, ""precision"": 1.0, ""purity"": 1.0, ""recall"": 0.25, ""target"": ""cluster_0"", ""target_label"": 0, ""target_noise_loss"": 0.35, ""target_size"": 100}, {""coverage"": 0.48, ""f1"": 0.6486486486486487, ""fragments"": 3, ""matched_predicted_cluster"": 5, ""overlap"": 48, ""passes_discovery_thresholds"": true, ""precision"": 1.0, ""purity"": 1.0, ""recall"": 0.48, ""target"": ""cluster_1"", ""target_label"": 1, ""target_noise_loss"": 0.32, ""target_size"": 100}, {""coverage"": 0.68, ""f1"": 0.8095238095238095, ""fragments"": 1, ""matched_predicted_cluster"": 2, ""overlap"": 68, ""passes_discovery_thresholds"": true, ""precision"": 1.0, ""purity"": 1.0, ""recall"": 0.68, ""target"": ""cluster_2"", ""target_label"": 2, ""target_noise_loss"": 0.32, ""target_size"": 100}]"
synthetic__global_contamination_noise50__quality__signal300__n600__kNN-DBSCAN__229__9888811f4a66,ok,synthetic,global_contamination_noise50__quality__signal300__n600,kNN-DBSCAN,229,0.2.4,600,2,0.0017266000068048015,0.00619390000065323,4.73960879999504,182.55859375,0.65625,183.046875,,,evaluation_state/synthetic__global_contamination_noise50__quality__signal300__n600__kNN-DBSCAN__229__9888811f4a66.npz,2bfa4773ad027efaf5ed0f8bb9bd310f6d6f6d892cf75c68b008d70cd0d7fb19,2316,0.44042556551320683,0.2062205393312603,0,0,1.0,known_synthetic_noise,0.8266666666666667,0.8212976539589443,4.0,12,3,0.1,0.9,full_partition,target-discovery-v1,9,0.05,0.36999999999999994,0.5292020102863567,0.3466666666666667,1.0,3,pairwise_f1,hungarian,4.0,0,12,0.6529608226957149,0.8522727272727273,0.8522727272727273,0.6733333333333333,0.7425742574257426,1.0,0.3052781740370899,1.0,0.18013468013468015,0.6733333333333333,12,macro,0,0,0.6533333333333333,0.7903225806451613,1.0,0.6533333333333333,0,3,1.0,0.0,3,9,0.0,0.37,1.0,0.5292020102863567,1.0,"{""background_inner_edge"": 6.0, ""background_intensity"": 3.0, ""background_size"": 300, ""background_strip_height"": 10.0, ""background_support_area"": 100.0, ""controlled_factor"": ""global_background_support_at_fixed_local_intensity"", ""declared_noise_fraction"": 0.5, ""dimension"": 2, ""family"": ""global_contamination_invariance"", ""n"": 600, ""n_targets"": 3, ""paired_background"": ""seeded_prefix"", ""realized_noise_fraction"": 0.5, ""signal_size"": 300}","{""eps"": 0.1937895119190216, ""eps_quantile"": 0.25, ""geometry_profile"": ""low_dim"", ""k"": 4, ""knn_backend"": ""kd_tree"", ""min_samples"": 5}",{},"[{""coverage"": 0.36, ""f1"": 0.5294117647058824, ""fragments"": 4, ""matched_predicted_cluster"": 1, ""overlap"": 36, ""passes_discovery_thresholds"": true, ""precision"": 1.0, ""purity"": 1.0, ""recall"": 0.36, ""target"": ""cluster_0"", ""target_label"": 0, ""target_noise_loss"": 0.29, ""target_size"": 100}, {""coverage"": 0.23, ""f1"": 0.3739837398373984, ""fragments"": 6, ""matched_predicted_cluster"": 3, ""overlap"": 23, ""passes_discovery_thresholds"": true, ""precision"": 1.0, ""purity"": 1.0, ""recall"": 0.23, ""target"": ""cluster_1"", ""target_label"": 1, ""target_noise_loss"": 0.33, ""target_size"": 100}, {""coverage"": 0.52, ""f1"": 0.6842105263157895, ""fragments"": 2, ""matched_predicted_cluster"": 4, ""overlap"": 52, ""passes_discovery_thresholds"": true, ""precision"": 1.0, ""purity"": 1.0, ""recall"": 0.52, ""target"": ""cluster_2"", ""target_label"": 2, ""target_noise_loss"": 0.42, ""target_size"": 100}]"
synthetic__global_contamination_noise50__quality__signal300__n600__kNN-DBSCAN__233__7827084200fe,ok,synthetic,global_contamination_noise50__quality__signal300__n600,kNN-DBSCAN,233,0.2.4,600,2,0.0015750000020489097,0.006590199991478585,4.671450599998934,182.26171875,0.65234375,182.89453125,,,evaluation_state/synthetic__global_contamination_noise50__quality__signal300__n600__kNN-DBSCAN__233__7827084200fe.npz,b8aca5334b7a4a2239663737a61053c1a1fbfb80cb0243b83d9ec776c5d3fade,2203,0.5098024735697259,0.34929424180582513,0,0,1.0,known_synthetic_noise,0.8183333333333334,0.8121332073227834,2.3333333333333335,7,3,0.1,0.9,full_partition,target-discovery-v1,4,0.05,0.5566666666666666,0.7083075037586485,0.3633333333333333,1.0,3,pairwise_f1,hungarian,2.3333333333333335,0,7,0.7711637639245067,0.846262341325811,0.846262341325811,0.6816666666666666,0.7334963325183375,1.0,0.4893184130213632,1.0,0.3239057239057239,0.6816666666666666,7,macro,0,0,0.6366666666666667,0.7780040733197556,1.0,0.6366666666666667,0,3,1.0,0.0,3,4,0.0,0.5566666666666666,1.0,0.7083075037586485,1.0,"{""background_inner_edge"": 6.0, ""background_intensity"": 3.0, ""background_size"": 300, ""background_strip_height"": 10.0, ""background_support_area"": 100.0, ""controlled_factor"": ""global_background_support_at_fixed_local_intensity"", ""declared_noise_fraction"": 0.5, ""dimension"": 2, ""family"": ""global_contamination_invariance"", ""n"": 600, ""n_targets"": 3, ""paired_background"": ""seeded_prefix"", ""realized_noise_fraction"": 0.5, ""signal_size"": 300}","{""eps"": 0.20613384246826172, ""eps_quantile"": 0.25, ""geometry_profile"": ""low_dim"", ""k"": 4, ""knn_backend"": ""kd_tree"", ""min_samples"": 5}",{},"[{""coverage"": 0.4, ""f1"": 0.5714285714285715, ""fragments"": 4, ""matched_predicted_cluster"": 2, ""overlap"": 40, ""passes_discovery_thresholds"": true, ""precision"": 1.0, ""purity"": 1.0, ""recall"": 0.4, ""target"": ""cluster_0"", ""target_label"": 0, ""target_noise_loss"": 0.42, ""target_size"": 100}, {""coverage"": 0.63, ""f1"": 0.7730061349693252, ""fragments"": 2, ""matched_predicted_cluster"": 3, ""overlap"": 63, ""passes_discovery_thresholds"": true, ""precision"": 1.0, ""purity"": 1.0, ""recall"": 0.63, ""target"": ""cluster_1"", ""target_label"": 1, ""target_noise_loss"": 0.31, ""target_size"": 100}, {""coverage"": 0.64, ""f1"": 0.7804878048780487, ""fragments"": 1, ""matched_predicted_cluster"": 1, ""overlap"": 64, ""passes_discovery_thresholds"": true, ""precision"": 1.0, ""purity"": 1.0, ""recall"": 0.64, ""target"": ""cluster_2"", ""target_label"": 2, ""target_noise_loss"": 0.36, ""target_size"": 100}]"
synthetic__global_contamination_noise75__quality__signal300__n1200__AMD-DBSCAN__211__bcac07471b8d,ok,synthetic,global_contamination_noise75__quality__signal300__n1200,AMD-DBSCAN,211,0.2.4,1200,2,0.001618499998585321,0.06270349999249447,4.778991899991524,204.0859375,22.12109375,193.703125,,,evaluation_state/synthetic__global_contamination_noise75__quality__signal300__n1200__AMD-DBSCAN__211__bcac07471b8d.npz,95d848d60162528d1bfac57d9134800dcbcd9a40bcb3f85a482613fdeb3a4ca5,2855,0.9024080500472252,0.9259254658685131,10,9,0.0,known_synthetic_noise,0.49166666666666664,0.19732441471571907,4.666666666666667,5,3,0.1,0.9,full_partition,target-discovery-v1,2,0.05,0.9499999999999998,0.9743053011669893,0.016666666666666666,1.0,3,pairwise_f1,hungarian,1.6666666666666667,0,14,0.0,0.0,0.0,0.004166666666666667,0.0,0.0,0.1272970485831112,0.06847176011920557,0.9035690235690236,0.004166666666666667,14,macro,3,3,0.9833333333333333,0.39464882943143814,0.24686192468619247,0.9833333333333333,10,3,1.0,1.0,3,11,0.0,0.95,1.0,0.9743053011669893,1.0,"{""background_inner_edge"": 6.0, ""background_intensity"": 3.0, ""background_size"": 900, ""background_strip_height"": 10.0, ""background_support_area"": 300.0, ""controlled_factor"": ""global_background_support_at_fixed_local_intensity"", ""declared_noise_fraction"": 0.75, ""dimension"": 2, ""family"": ""global_contamination_invariance"", ""n"": 1200, ""n_targets"": 3, ""paired_background"": ""seeded_prefix"", ""realized_noise_fraction"": 0.75, ""signal_size"": 300}","{""adaptive_rank"": 17, ""balance_rounds"": 3, ""eps_values"": [0.39455981136236684, 1.347167683605122, 1.5890597224075727], ""geometry_profile"": ""low_dim"", ""knn_backend"": ""kd_tree"", ""n_density_levels"": 3}",{},"[{""coverage"": 0.94, ""f1"": 0.9690721649484536, ""fragments"": 2, ""matched_predicted_cluster"": 0, ""overlap"": 94, ""passes_discovery_thresholds"": true, ""precision"": 1.0, ""purity"": 1.0, ""recall"": 0.94, ""target"": ""cluster_0"", ""target_label"": 0, ""target_noise_loss"": 0.01, ""target_size"": 100}, {""coverage"": 0.94, ""f1"": 0.9690721649484536, ""fragments"": 2, ""matched_predicted_cluster"": 2, ""overlap"": 94, ""passes_discovery_thresholds"": true, ""precision"": 1.0, ""purity"": 1.0, ""recall"": 0.94, ""target"": ""cluster_1"", ""target_label"": 1, ""target_noise_loss"": 0.01, ""target_size"": 100}, {""coverage"": 0.97, ""f1"": 0.9847715736040609, ""fragments"": 1, ""matched_predicted_cluster"": 1, ""overlap"": 97, ""passes_discovery_thresholds"": true, ""precision"": 1.0, ""purity"": 1.0, ""recall"": 0.97, ""target"": ""cluster_2"", ""target_label"": 2, ""target_noise_loss"": 0.03, ""target_size"": 100}]"
synthetic__global_contamination_noise75__quality__signal300__n1200__AMD-DBSCAN__223__ccb4a4c20dba,ok,synthetic,global_contamination_noise75__quality__signal300__n1200,AMD-DBSCAN,223,0.2.4,1200,2,0.0023516999935964122,0.06797099999675993,4.804671599995345,196.71875,14.69921875,202.12890625,,,evaluation_state/synthetic__global_contamination_noise75__quality__signal300__n1200__AMD-DBSCAN__223__ccb4a4c20dba.npz,78da379de89695843648e0aff42f4cde296a5888e9aa435c5402db48df66d4aa,2950,0.8823106262293651,0.9065824485396348,16,16,0.0,known_synthetic_noise,0.48833333333333334,0.19624916275954454,7.0,5,3,0.1,0.9,full_partition,target-discovery-v1,2,0.05,0.9366666666666666,0.9671460800902425,0.023333333333333334,1.0,3,pairwise_f1,hungarian,1.6666666666666667,0,21,0.0,0.0,0.0,0.005833333333333334,0.0,0.0,0.13305145185939887,0.07197023973546432,0.8793939393939394,0.005833333333333334,21,macro,3,3,0.9766666666666667,0.3924983255190891,0.24559932942162616,0.9766666666666667,16,3,1.0,1.0,3,18,0.0,0.9366666666666666,1.0,0.9671460800902425,1.0,"{""background_inner_edge"": 6.0, ""background_intensity"": 3.0, ""background_size"": 900, ""background_strip_height"": 10.0, ""background_support_area"": 300.0, ""controlled_factor"": ""global_background_support_at_fixed_local_intensity"", ""declared_noise_fraction"": 0.75, ""dimension"": 2, ""family"": ""global_contamination_invariance"", ""n"": 1200, ""n_targets"": 3, ""paired_background"": ""seeded_prefix"", ""realized_noise_fraction"": 0.75, ""signal_size"": 300}","{""adaptive_rank"": 17, ""balance_rounds"": 3, ""eps_values"": [0.4048896305606881, 1.3388397454236343, 1.5764487873591144], ""geometry_profile"": ""low_dim"", ""knn_backend"": ""kd_tree"", ""n_density_levels"": 3}",{},"[{""coverage"": 0.92, ""f1"": 0.9583333333333334, ""fragments"": 2, ""matched_predicted_cluster"": 2, ""overlap"": 92, ""passes_discovery_thresholds"": true, ""precision"": 1.0, ""purity"": 1.0, ""recall"": 0.92, ""target"": ""cluster_0"", ""target_label"": 0, ""target_noise_loss"": 0.01, ""target_size"": 100}, {""coverage"": 0.92, ""f1"": 0.9583333333333334, ""fragments"": 2, ""matched_predicted_cluster"": 0, ""overlap"": 92, ""passes_discovery_thresholds"": true, ""precision"": 1.0, ""purity"": 1.0, ""recall"": 0.92, ""target"": ""cluster_1"", ""target_label"": 1, ""target_noise_loss"": 0.03, ""target_size"": 100}, {""coverage"": 0.97, ""f1"": 0.9847715736040609, ""fragments"": 1, ""matched_predicted_cluster"": 1, ""overlap"": 97, ""passes_discovery_thresholds"": true, ""precision"": 1.0, ""purity"": 1.0, ""recall"": 0.97, ""target"": ""cluster_2"", ""target_label"": 2, ""target_noise_loss"": 0.03, ""target_size"": 100}]"
synthetic__global_contamination_noise75__quality__signal300__n1200__AMD-DBSCAN__227__9ba5fbdd37ab,ok,synthetic,global_contamination_noise75__quality__signal300__n1200,AMD-DBSCAN,227,0.2.4,1200,2,0.0018860999989556149,0.0656540999916615,4.887906100004329,203.71484375,22.0859375,193.46875,,,evaluation_state/synthetic__global_contamination_noise75__quality__signal300__n1200__AMD-DBSCAN__227__9ba5fbdd37ab.npz,2178ba65e7c41f1219dbf2c517f3dda7b99c6664b5cd01b18d5245d5ad5dede7,2917,0.9068816578667558,0.9255890134637809,15,15,0.0,known_synthetic_noise,0.485,0.19517102615694162,6.333333333333333,4,3,0.1,0.9,full_partition,target-discovery-v1,1,0.05,0.9499999999999998,0.9743409920140406,0.03,1.0,3,pairwise_f1,hungarian,1.3333333333333333,0,19,0.0,0.0,0.0,0.0075,0.0,0.0,0.13615504883347884,0.07362774916824964,0.9030976430976431,0.0075,19,macro,3,3,0.97,0.39034205231388325,0.24433249370277077,0.97,15,3,1.0,1.0,3,16,0.0,0.95,1.0,0.9743409920140406,1.0,"{""background_inner_edge"": 6.0, ""background_intensity"": 3.0, ""background_size"": 900, ""background_strip_height"": 10.0, ""background_support_area"": 300.0, ""controlled_factor"": ""global_background_support_at_fixed_local_intensity"", ""declared_noise_fraction"": 0.75, ""dimension"": 2, ""family"": ""global_contamination_invariance"", ""n"": 1200, ""n_targets"": 3, ""paired_background"": ""seeded_prefix"", ""realized_noise_fraction"": 0.75, ""signal_size"": 300}","{""adaptive_rank"": 17, ""balance_rounds"": 3, ""eps_values"": [0.37734741901040764, 1.34386770294141, 1.6190289486294642], ""geometry_profile"": ""low_dim"", ""knn_backend"": ""kd_tree"", ""n_density_levels"": 3}",{},"[{""coverage"": 0.94, ""f1"": 0.9690721649484536, ""fragments"": 2, ""matched_predicted_cluster"": 3, ""overlap"": 94, ""passes_discovery_thresholds"": true, ""precision"": 1.0, ""purity"": 1.0, ""recall"": 0.94, ""target"": ""cluster_0"", ""target_label"": 0, ""target_noise_loss"": 0.0, ""target_size"": 100}, {""coverage"": 0.96, ""f1"": 0.9795918367346939, ""fragments"": 1, ""matched_predicted_cluster"": 1, ""overlap"": 96, ""passes_discovery_thresholds"": true, ""precision"": 1.0, ""purity"": 1.0, ""recall"": 0.96, ""target"": ""cluster_1"", ""target_label"": 1, ""target_noise_loss"": 0.04, ""target_size"": 100}, {""coverage"": 0.95, ""f1"": 0.9743589743589743, ""fragments"": 1, ""matched_predicted_cluster"": 2, ""overlap"": 95, ""passes_discovery_thresholds"": true, ""precision"": 1.0, ""purity"": 1.0, ""recall"": 0.95, ""target"": ""cluster_2"", ""target_label"": 2, ""target_noise_loss"": 0.05, ""target_size"": 100}]"
synthetic__global_contamination_noise75__quality__signal300__n1200__AMD-DBSCAN__229__021e02cf70fd,ok,synthetic,global_contamination_noise75__quality__signal300__n1200,AMD-DBSCAN,229,0.2.4,1200,2,0.0018303999968338758,0.04628710000542924,4.903297500000917,204.1796875,22.1015625,184.28125,,,evaluation_state/synthetic__global_contamination_noise75__quality__signal300__n1200__AMD-DBSCAN__229__021e02cf70fd.npz,96eaeea07dbfbf744c8608838694ceba44f984565039fe63cb44becc995e03d5,2945,0.8830292660049869,0.9143148977618483,17,17,0.0,known_synthetic_noise,0.48,0.1935483870967742,7.0,4,3,0.1,0.9,full_partition,target-discovery-v1,1,0.05,0.9433333333333334,0.9707613814756672,0.04,1.0,3,pairwise_f1,hungarian,1.3333333333333333,0,21,0.0,0.0,0.0,0.01,0.0,0.0,0.13483386705284842,0.07294022884507166,0.8903030303030303,0.01,21,macro,3,3,0.96,0.3870967741935484,0.24242424242424243,0.96,17,3,1.0,1.0,3,18,0.0,0.9433333333333334,1.0,0.9707613814756673,1.0,"{""background_inner_edge"": 6.0, ""background_intensity"": 3.0, ""background_size"": 900, ""background_strip_height"": 10.0, ""background_support_area"": 300.0, ""controlled_factor"": ""global_background_support_at_fixed_local_intensity"", ""declared_noise_fraction"": 0.75, ""dimension"": 2, ""family"": ""global_contamination_invariance"", ""n"": 1200, ""n_targets"": 3, ""paired_background"": ""seeded_prefix"", ""realized_noise_fraction"": 0.75, ""signal_size"": 300}","{""adaptive_rank"": 17, ""balance_rounds"": 3, ""eps_values"": [0.37771918094315543, 1.3403391897573358, 1.6095231781667954], ""geometry_profile"": ""low_dim"", ""knn_backend"": ""kd_tree"", ""n_density_levels"": 3}",{},"[{""coverage"": 0.92, ""f1"": 0.9583333333333334, ""fragments"": 2, ""matched_predicted_cluster"": 0, ""overlap"": 92, ""passes_discovery_thresholds"": true, ""precision"": 1.0, ""purity"": 1.0, ""recall"": 0.92, ""target"": ""cluster_0"", ""target_label"": 0, ""target_noise_loss"": 0.03, ""target_size"": 100}, {""coverage"": 0.95, ""f1"": 0.9743589743589743, ""fragments"": 1, ""matched_predicted_cluster"": 3, ""overlap"": 95, ""passes_discovery_thresholds"": true, ""precision"": 1.0, ""purity"": 1.0, ""recall"": 0.95, ""target"": ""cluster_1"", ""target_label"": 1, ""target_noise_loss"": 0.05, ""target_size"": 100}, {""coverage"": 0.96, ""f1"": 0.9795918367346939, ""fragments"": 1, ""matched_predicted_cluster"": 4, ""overlap"": 96, ""passes_discovery_thresholds"": true, ""precision"": 1.0, ""purity"": 1.0, ""recall"": 0.96, ""target"": ""cluster_2"", ""target_label"": 2, ""target_noise_loss"": 0.04, ""target_size"": 100}]"
synthetic__global_contamination_noise75__quality__signal300__n1200__AMD-DBSCAN__233__745b5f95d25e,ok,synthetic,global_contamination_noise75__quality__signal300__n1200,AMD-DBSCAN,233,0.2.4,1200,2,0.0016781000012997538,0.09825840000121389,4.867825100009213,203.91796875,22.08984375,193.70703125,,,evaluation_state/synthetic__global_contamination_noise75__quality__signal300__n1200__AMD-DBSCAN__233__745b5f95d25e.npz,cdbc807217640b1e323f160181e4bb6563acd7699cad089c467acab3463f469e,2966,0.8452369886076392,0.8707069039405926,16,15,0.0,known_synthetic_noise,0.49,0.19678714859437751,7.333333333333333,7,3,0.1,0.9,full_partition,target-discovery-v1,3,0.05,0.9099999999999998,0.9516475465504719,0.02,1.0,3,pairwise_f1,hungarian,2.0,0,22,0.0,0.0,0.0,0.005,0.0,0.0,0.12562775871767454,0.06792562431841472,0.8346801346801347,0.005,22,macro,3,3,0.98,0.39357429718875503,0.24623115577889448,0.98,16,3,1.0,1.0,3,19,0.0,0.91,1.0,0.9516475465504719,1.0,"{""background_inner_edge"": 6.0, ""background_intensity"": 3.0, ""background_size"": 900, ""background_strip_height"": 10.0, ""background_support_area"": 300.0, ""controlled_factor"": ""global_background_support_at_fixed_local_intensity"", ""declared_noise_fraction"": 0.75, ""dimension"": 2, ""family"": ""global_contamination_invariance"", ""n"": 1200, ""n_targets"": 3, ""paired_background"": ""seeded_prefix"", ""realized_noise_fraction"": 0.75, ""signal_size"": 300}","{""adaptive_rank"": 17, ""balance_rounds"": 3, ""eps_values"": [0.3666490933704885, 1.3343116016020922, 1.6004224524871777], ""geometry_profile"": ""low_dim"", ""knn_backend"": ""kd_tree"", ""n_density_levels"": 3}",{},"[{""coverage"": 0.94, ""f1"": 0.9690721649484536, ""fragments"": 2, ""matched_predicted_cluster"": 1, ""overlap"": 94, ""passes_discovery_thresholds"": true, ""precision"": 1.0, ""purity"": 1.0, ""recall"": 0.94, ""target"": ""cluster_0"", ""target_label"": 0, ""target_noise_loss"": 0.01, ""target_size"": 100}, {""coverage"": 0.82, ""f1"": 0.9010989010989011, ""fragments"": 3, ""matched_predicted_cluster"": 0, ""overlap"": 82, ""passes_discovery_thresholds"": true, ""precision"": 1.0, ""purity"": 1.0, ""recall"": 0.82, ""target"": ""cluster_1"", ""target_label"": 1, ""target_noise_loss"": 0.02, ""target_size"": 100}, {""coverage"": 0.97, ""f1"": 0.9847715736040609, ""fragments"": 1, ""matched_predicted_cluster"": 2, ""overlap"": 97, ""passes_discovery_thresholds"": true, ""precision"": 1.0, ""purity"": 1.0, ""recall"": 0.97, ""target"": ""cluster_2"", ""target_label"": 2, ""target_noise_loss"": 0.03, ""target_size"": 100}]"
synthetic__global_contamination_noise75__quality__signal300__n1200__DBSCAN__211__a865966c7f12,ok,synthetic,global_contamination_noise75__quality__signal300__n1200,DBSCAN,211,0.2.4,1200,2,0.0017822999943746254,0.018771100003505126,5.090162599997711,182.58203125,0.953125,183.046875,,,evaluation_state/synthetic__global_contamination_noise75__quality__signal300__n1200__DBSCAN__211__a865966c7f12.npz,2425862a58c32ccf90b4b852e7349cb3fe7e5875f86a6cf75b0c2c5cad47daf9,3646,0.9740051210129412,0.9849751463816282,58,58,0.3466666666666667,known_synthetic_noise,0.6683333333333333,0.5074230348491953,20.333333333333332,3,3,0.1,0.9,full_partition,target-discovery-v1,0,0.05,0.9899999999999999,0.9949579547569497,0.01,1.0,3,pairwise_f1,hungarian,1.0,0,61,0.6774647821405416,0.5135802469135803,0.5135802469135803,0.2625,0.9904761904761905,0.3466666666666667,0.8498438001810166,0.7501675171382919,0.9800673400673401,0.2625,61,macro,3,3,0.99,0.5012658227848101,0.33559322033898303,0.99,58,3,1.0,1.0,3,58,0.0,0.99,1.0,0.9949579547569497,1.0,"{""background_inner_edge"": 6.0, ""background_intensity"": 3.0, ""background_size"": 900, ""background_strip_height"": 10.0, ""background_support_area"": 300.0, ""controlled_factor"": ""global_background_support_at_fixed_local_intensity"", ""declared_noise_fraction"": 0.75, ""dimension"": 2, ""family"": ""global_contamination_invariance"", ""n"": 1200, ""n_targets"": 3, ""paired_background"": ""seeded_prefix"", ""realized_noise_fraction"": 0.75, ""signal_size"": 300}","{""base_eps"": 0.8450344204902649, ""eps"": 0.5915240943431854, ""eps_multiplier"": 0.7, ""geometry_profile"": ""low_dim"", ""knn_backend"": ""kd_tree"", ""min_samples"": 5}",{},"[{""coverage"": 0.98, ""f1"": 0.98989898989899, ""fragments"": 1, ""matched_predicted_cluster"": 0, ""overlap"": 98, ""passes_discovery_thresholds"": true, ""precision"": 1.0, ""purity"": 1.0, ""recall"": 0.98, ""target"": ""cluster_0"", ""target_label"": 0, ""target_noise_loss"": 0.02, ""target_size"": 100}, {""coverage"": 0.99, ""f1"": 0.9949748743718593, ""fragments"": 1, ""matched_predicted_cluster"": 2, ""overlap"": 99, ""passes_discovery_thresholds"": true, ""precision"": 1.0, ""purity"": 1.0, ""recall"": 0.99, ""target"": ""cluster_1"", ""target_label"": 1, ""target_noise_loss"": 0.01, ""target_size"": 100}, {""coverage"": 1.0, ""f1"": 1.0, ""fragments"": 1, ""matched_predicted_cluster"": 1, ""overlap"": 100, ""passes_discovery_thresholds"": true, ""precision"": 1.0, ""purity"": 1.0, ""recall"": 1.0, ""target"": ""cluster_2"", ""target_label"": 2, ""target_noise_loss"": 0.0, ""target_size"": 100}]"
synthetic__global_contamination_noise75__quality__signal300__n1200__DBSCAN__223__ac79dea1751f,ok,synthetic,global_contamination_noise75__quality__signal300__n1200,DBSCAN,223,0.2.4,1200,2,0.0019100999925285578,0.02288839999528136,5.111701100002392,182.59765625,0.8984375,182.97265625,,,evaluation_state/synthetic__global_contamination_noise75__quality__signal300__n1200__DBSCAN__223__ac79dea1751f.npz,162c9c8df232a0ba609fbd81702067d665a186635a7bc5e5a4dcc7d1710e7b7b,3688,0.9740051210129412,0.9849751463816282,63,63,0.35444444444444445,known_synthetic_noise,0.6722222222222223,0.5131697042617102,22.0,3,3,0.1,0.9,full_partition,target-discovery-v1,0,0.05,0.9899999999999999,0.9949579547569497,0.01,1.0,3,pairwise_f1,hungarian,1.0,0,66,0.6848311045443579,0.5220949263502455,0.5220949263502455,0.2683333333333333,0.9906832298136646,0.35444444444444445,0.8870333688861801,0.8101308099081548,0.9800673400673401,0.2683333333333333,66,macro,3,3,0.99,0.5042444821731749,0.33826879271070615,0.99,63,3,1.0,1.0,3,63,0.0,0.99,1.0,0.9949579547569497,1.0,"{""background_inner_edge"": 6.0, ""background_intensity"": 3.0, ""background_size"": 900, ""background_strip_height"": 10.0, ""background_support_area"": 300.0, ""controlled_factor"": ""global_background_support_at_fixed_local_intensity"", ""declared_noise_fraction"": 0.75, ""dimension"": 2, ""family"": ""global_contamination_invariance"", ""n"": 1200, ""n_targets"": 3, ""paired_background"": ""seeded_prefix"", ""realized_noise_fraction"": 0.75, ""signal_size"": 300}","{""base_eps"": 0.8352223038673401, ""eps"": 0.5846556127071381, ""eps_multiplier"": 0.7, ""geometry_profile"": ""low_dim"", ""knn_backend"": ""kd_tree"", ""min_samples"": 5}",{},"[{""coverage"": 0.98, ""f1"": 0.98989898989899, ""fragments"": 1, ""matched_predicted_cluster"": 1, ""overlap"": 98, ""passes_discovery_thresholds"": true, ""precision"": 1.0, ""purity"": 1.0, ""recall"": 0.98, ""target"": ""cluster_0"", ""target_label"": 0, ""target_noise_loss"": 0.02, ""target_size"": 100}, {""coverage"": 0.99, ""f1"": 0.9949748743718593, ""fragments"": 1, ""matched_predicted_cluster"": 3, ""overlap"": 99, ""passes_discovery_thresholds"": true, ""precision"": 1.0, ""purity"": 1.0, ""recall"": 0.99, ""target"": ""cluster_1"", ""target_label"": 1, ""target_noise_loss"": 0.01, ""target_size"": 100}, {""coverage"": 1.0, ""f1"": 1.0, ""fragments"": 1, ""matched_predicted_cluster"": 4, ""overlap"": 100, ""passes_discovery_thresholds"": true, ""precision"": 1.0, ""purity"": 1.0, ""recall"": 1.0, ""target"": ""cluster_2"", ""target_label"": 2, ""target_noise_loss"": 0.0, ""target_size"": 100}]"
synthetic__global_contamination_noise75__quality__signal300__n1200__DBSCAN__227__26a126eed48d,ok,synthetic,global_contamination_noise75__quality__signal300__n1200,DBSCAN,227,0.2.4,1200,2,0.0020615999965230003,0.017169400001876056,5.122185999993235,182.58203125,0.8984375,183.06640625,,,evaluation_state/synthetic__global_contamination_noise75__quality__signal300__n1200__DBSCAN__227__26a126eed48d.npz,ca99992f9fe008d3e9c79bef1bc2bee48e6cdd99a8ea7611ad80fee3d8f06d6d,3647,0.9740051210129412,0.9849751463816282,55,55,0.3511111111111111,known_synthetic_noise,0.6705555555555556,0.5107106712168814,19.333333333333332,3,3,0.1,0.9,full_partition,target-discovery-v1,0,0.05,0.9899999999999999,0.9949579547569497,0.01,1.0,3,pairwise_f1,hungarian,1.0,0,58,0.6816946096464251,0.5184577522559475,0.5184577522559475,0.2658333333333333,0.9905956112852664,0.3511111111111111,0.8712622347271692,0.7842017350072741,0.9800673400673401,0.2658333333333333,58,macro,3,3,0.99,0.5029635901778154,0.337116912599319,0.99,55,3,1.0,1.0,3,55,0.0,0.99,1.0,0.9949579547569497,1.0,"{""background_inner_edge"": 6.0, ""background_intensity"": 3.0, ""background_size"": 900, ""background_strip_height"": 10.0, ""background_support_area"": 300.0, ""controlled_factor"": ""global_background_support_at_fixed_local_intensity"", ""declared_noise_fraction"": 0.75, ""dimension"": 2, ""family"": ""global_contamination_invariance"", ""n"": 1200, ""n_targets"": 3, ""paired_background"": ""seeded_prefix"", ""realized_noise_fraction"": 0.75, ""signal_size"": 300}","{""base_eps"": 0.8591227531433105, ""eps"": 0.6013859272003174, ""eps_multiplier"": 0.7, ""geometry_profile"": ""low_dim"", ""knn_backend"": ""kd_tree"", ""min_samples"": 5}",{},"[{""coverage"": 0.99, ""f1"": 0.9949748743718593, ""fragments"": 1, ""matched_predicted_cluster"": 8, ""overlap"": 99, ""passes_discovery_thresholds"": true, ""precision"": 1.0, ""purity"": 1.0, ""recall"": 0.99, ""target"": ""cluster_0"", ""target_label"": 0, ""target_noise_loss"": 0.01, ""target_size"": 100}, {""coverage"": 0.98, ""f1"": 0.98989898989899, ""fragments"": 1, ""matched_predicted_cluster"": 5, ""overlap"": 98, ""passes_discovery_thresholds"": true, ""precision"": 1.0, ""purity"": 1.0, ""recall"": 0.98, ""target"": ""cluster_1"", ""target_label"": 1, ""target_noise_loss"": 0.02, ""target_size"": 100}, {""coverage"": 1.0, ""f1"": 1.0, ""fragments"": 1, ""matched_predicted_cluster"": 6, ""overlap"": 100, ""passes_discovery_thresholds"": true, ""precision"": 1.0, ""purity"": 1.0, ""recall"": 1.0, ""target"": ""cluster_2"", ""target_label"": 2, ""target_noise_loss"": 0.0, ""target_size"": 100}]"
synthetic__global_contamination_noise75__quality__signal300__n1200__DBSCAN__229__c60ceaeafec0,ok,synthetic,global_contamination_noise75__quality__signal300__n1200,DBSCAN,229,0.2.4,1200,2,0.0020342000061646104,0.014783899998292327,5.138191699996241,182.80859375,0.89453125,183.296875,,,evaluation_state/synthetic__global_contamination_noise75__quality__signal300__n1200__DBSCAN__229__c60ceaeafec0.npz,55d78daaba1489a5adce3a168f6e62c89215dc63516f1aeb6eac5331f622b3d9,3565,0.9914959434433548,0.9950082639109167,52,52,0.39222222222222225,known_synthetic_noise,0.6944444444444444,0.542406706914836,18.333333333333332,3,3,0.1,0.9,full_partition,target-discovery-v1,0,0.05,0.9966666666666667,0.9983249581239532,0.0033333333333333335,1.0,3,pairwise_f1,hungarian,1.0,0,55,0.719973033692485,0.5629984051036684,0.5629984051036684,0.295,0.9971751412429378,0.39222222222222225,0.8553287718891337,0.7509927705936259,0.9933333333333333,0.295,55,macro,3,3,0.9966666666666667,0.5218150087260036,0.3534278959810875,0.9966666666666667,52,3,1.0,1.0,3,52,0.0,0.9966666666666667,1.0,0.9983249581239529,1.0,"{""background_inner_edge"": 6.0, ""background_intensity"": 3.0, ""background_size"": 900, ""background_strip_height"": 10.0, ""background_support_area"": 300.0, ""controlled_factor"": ""global_background_support_at_fixed_local_intensity"", ""declared_noise_fraction"": 0.75, ""dimension"": 2, ""family"": ""global_contamination_invariance"", ""n"": 1200, ""n_targets"": 3, ""paired_background"": ""seeded_prefix"", ""realized_noise_fraction"": 0.75, ""signal_size"": 300}","{""base_eps"": 0.8370675444602966, ""eps"": 0.5859472811222076, ""eps_multiplier"": 0.7, ""geometry_profile"": ""low_dim"", ""knn_backend"": ""kd_tree"", ""min_samples"": 5}",{},"[{""coverage"": 1.0, ""f1"": 1.0, ""fragments"": 1, ""matched_predicted_cluster"": 0, ""overlap"": 100, ""passes_discovery_thresholds"": true, ""precision"": 1.0, ""purity"": 1.0, ""recall"": 1.0, ""target"": ""cluster_0"", ""target_label"": 0, ""target_noise_loss"": 0.0, ""target_size"": 100}, {""coverage"": 0.99, ""f1"": 0.9949748743718593, ""fragments"": 1, ""matched_predicted_cluster"": 7, ""overlap"": 99, ""passes_discovery_thresholds"": true, ""precision"": 1.0, ""purity"": 1.0, ""recall"": 0.99, ""target"": ""cluster_1"", ""target_label"": 1, ""target_noise_loss"": 0.01, ""target_size"": 100}, {""coverage"": 1.0, ""f1"": 1.0, ""fragments"": 1, ""matched_predicted_cluster"": 5, ""overlap"": 100, ""passes_discovery_thresholds"": true, ""precision"": 1.0, ""purity"": 1.0, ""recall"": 1.0, ""target"": ""cluster_2"", ""target_label"": 2, ""target_noise_loss"": 0.0, ""target_size"": 100}]"
synthetic__global_contamination_noise75__quality__signal300__n1200__DBSCAN__233__5345334f91ec,ok,synthetic,global_contamination_noise75__quality__signal300__n1200,DBSCAN,233,0.2.4,1200,2,0.0016253999929176643,0.01679839999997057,5.067063900001813,182.87109375,0.8828125,183.265625,,,evaluation_state/synthetic__global_contamination_noise75__quality__signal300__n1200__DBSCAN__233__5345334f91ec.npz,b5b7d00d3e7301ad34a7e0a5aad8c73c2d3cb29719cd29d7ea39164ed4b24325,3646,0.9562505307324498,0.9748266856414812,56,56,0.3477777777777778,known_synthetic_noise,0.6655555555555556,0.506555641686046,19.666666666666668,3,3,0.1,0.9,full_partition,target-discovery-v1,0,0.05,0.9833333333333334,0.9915737741159264,0.016666666666666666,1.0,3,pairwise_f1,hungarian,1.0,0,59,0.6770057331508309,0.5139573070607554,0.5139573070607554,0.265,0.9842767295597484,0.3477777777777778,0.8512479990514021,0.7603262020758313,0.9668686868686869,0.265,59,macro,3,3,0.9833333333333333,0.49915397631133673,0.3344671201814059,0.9833333333333333,56,3,1.0,1.0,3,56,0.0,0.9833333333333333,1.0,0.9915737741159266,1.0,"{""background_inner_edge"": 6.0, ""background_intensity"": 3.0, ""background_size"": 900, ""background_strip_height"": 10.0, ""background_support_area"": 300.0, ""controlled_factor"": ""global_background_support_at_fixed_local_intensity"", ""declared_noise_fraction"": 0.75, ""dimension"": 2, ""family"": ""global_contamination_invariance"", ""n"": 1200, ""n_targets"": 3, ""paired_background"": ""seeded_prefix"", ""realized_noise_fraction"": 0.75, ""signal_size"": 300}","{""base_eps"": 0.8264700770378113, ""eps"": 0.5785290539264678, ""eps_multiplier"": 0.7, ""geometry_profile"": ""low_dim"", ""knn_backend"": ""kd_tree"", ""min_samples"": 5}",{},"[{""coverage"": 0.97, ""f1"": 0.9847715736040609, ""fragments"": 1, ""matched_predicted_cluster"": 4, ""overlap"": 97, ""passes_discovery_thresholds"": true, ""precision"": 1.0, ""purity"": 1.0, ""recall"": 0.97, ""target"": ""cluster_0"", ""target_label"": 0, ""target_noise_loss"": 0.03, ""target_size"": 100}, {""coverage"": 0.99, ""f1"": 0.9949748743718593, ""fragments"": 1, ""matched_predicted_cluster"": 3, ""overlap"": 99, ""passes_discovery_thresholds"": true, ""precision"": 1.0, ""purity"": 1.0, ""recall"": 0.99, ""target"": ""cluster_1"", ""target_label"": 1, ""target_noise_loss"": 0.01, ""target_size"": 100}, {""coverage"": 0.99, ""f1"": 0.9949748743718593, ""fragments"": 1, ""matched_predicted_cluster"": 8, ""overlap"": 99, ""passes_discovery_thresholds"": true, ""precision"": 1.0, ""purity"": 1.0, ""recall"": 0.99, ""target"": ""cluster_2"", ""target_label"": 2, ""target_noise_loss"": 0.01, ""target_size"": 100}]"
synthetic__global_contamination_noise75__quality__signal300__n1200__HDBSCAN__211__064f6edb674e,ok,synthetic,global_contamination_noise75__quality__signal300__n1200,HDBSCAN,211,0.2.4,1200,2,0.001831699992180802,0.02510970000002999,4.921522599994205,182.703125,1.078125,183.0078125,,,evaluation_state/synthetic__global_contamination_noise75__quality__signal300__n1200__HDBSCAN__211__064f6edb674e.npz,1d2434f50dcd1694d2677b7609206a9098b9e82a23935750bca86814faa5b71c,2720,0.9914959434433548,0.9950082639109167,2,1,0.0044444444444444444,known_synthetic_noise,0.5022222222222222,0.20495953811935072,1.6666666666666667,4,3,0.1,0.9,full_partition,target-discovery-v1,0,0.05,0.9966666666666667,0.9983249581239532,0.0,1.0,3,pairwise_f1,hungarian,1.0,0,5,0.017543601442343074,0.008849557522123894,0.008849557522123894,0.0033333333333333335,1.0,0.0044444444444444444,0.12809858145866174,0.06846377699494563,0.9933333333333333,0.0033333333333333335,5,macro,3,3,1.0,0.40106951871657753,0.2508361204013378,1.0,2,3,1.0,1.0,3,2,0.0,0.9966666666666667,1.0,0.9983249581239529,1.0,"{""background_inner_edge"": 6.0, ""background_intensity"": 3.0, ""background_size"": 900, ""background_strip_height"": 10.0, ""background_support_area"": 300.0, ""controlled_factor"": ""global_background_support_at_fixed_local_intensity"", ""declared_noise_fraction"": 0.75, ""dimension"": 2, ""family"": ""global_contamination_invariance"", ""n"": 1200, ""n_targets"": 3, ""paired_background"": ""seeded_prefix"", ""realized_noise_fraction"": 0.75, ""signal_size"": 300}","{""geometry_profile"": ""low_dim"", ""knn_backend"": ""kd_tree"", ""min_cluster_size"": 40, ""min_samples"": 5}",{},"[{""coverage"": 0.99, ""f1"": 0.9949748743718593, ""fragments"": 1, ""matched_predicted_cluster"": 3, ""overlap"": 99, ""passes_discovery_thresholds"": true, ""precision"": 1.0, ""purity"": 1.0, ""recall"": 0.99, ""target"": ""cluster_0"", ""target_label"": 0, ""target_noise_loss"": 0.0, ""target_size"": 100}, {""coverage"": 1.0, ""f1"": 1.0, ""fragments"": 1, ""matched_predicted_cluster"": 1, ""overlap"": 100, ""passes_discovery_thresholds"": true, ""precision"": 1.0, ""purity"": 1.0, ""recall"": 1.0, ""target"": ""cluster_1"", ""target_label"": 1, ""target_noise_loss"": 0.0, ""target_size"": 100}, {""coverage"": 1.0, ""f1"": 1.0, ""fragments"": 1, ""matched_predicted_cluster"": 0, ""overlap"": 100, ""passes_discovery_thresholds"": true, ""precision"": 1.0, ""purity"": 1.0, ""recall"": 1.0, ""target"": ""cluster_2"", ""target_label"": 2, ""target_noise_loss"": 0.0, ""target_size"": 100}]"
synthetic__global_contamination_noise75__quality__signal300__n1200__HDBSCAN__223__e991dd357a74,ok,synthetic,global_contamination_noise75__quality__signal300__n1200,HDBSCAN,223,0.2.4,1200,2,0.0029518999945139512,0.02547490000142716,5.266225500003202,182.7734375,1.1015625,183.03125,,,evaluation_state/synthetic__global_contamination_noise75__quality__signal300__n1200__HDBSCAN__223__e991dd357a74.npz,5cb03a7f3433c16bdeb5d83a01db8f1cf2edaa0d2db7d1134b3fd928d2a09f92,2709,1.0,1.0,2,2,0.0,known_synthetic_noise,0.5,0.2,1.6666666666666667,3,3,0.1,0.9,full_partition,target-discovery-v1,0,0.05,1.0,1.0,0.0,1.0,3,pairwise_f1,hungarian,1.0,0,5,0.0,0.0,0.0,0.0,0.0,0.0,0.12815533980582525,0.06846473029045644,1.0,0.0,5,macro,3,3,1.0,0.4,0.25,1.0,2,3,1.0,1.0,3,2,0.0,1.0,1.0,1.0,1.0,"{""background_inner_edge"": 6.0, ""background_intensity"": 3.0, ""background_size"": 900, ""background_strip_height"": 10.0, ""background_support_area"": 300.0, ""controlled_factor"": ""global_background_support_at_fixed_local_intensity"", ""declared_noise_fraction"": 0.75, ""dimension"": 2, ""family"": ""global_contamination_invariance"", ""n"": 1200, ""n_targets"": 3, ""paired_background"": ""seeded_prefix"", ""realized_noise_fraction"": 0.75, ""signal_size"": 300}","{""geometry_profile"": ""low_dim"", ""knn_backend"": ""kd_tree"", ""min_cluster_size"": 40, ""min_samples"": 5}",{},"[{""coverage"": 1.0, ""f1"": 1.0, ""fragments"": 1, ""matched_predicted_cluster"": 3, ""overlap"": 100, ""passes_discovery_thresholds"": true, ""precision"": 1.0, ""purity"": 1.0, ""recall"": 1.0, ""target"": ""cluster_0"", ""target_label"": 0, ""target_noise_loss"": 0.0, ""target_size"": 100}, {""coverage"": 1.0, ""f1"": 1.0, ""fragments"": 1, ""matched_predicted_cluster"": 1, ""overlap"": 100, ""passes_discovery_thresholds"": true, ""precision"": 1.0, ""purity"": 1.0, ""recall"": 1.0, ""target"": ""cluster_1"", ""target_label"": 1, ""target_noise_loss"": 0.0, ""target_size"": 100}, {""coverage"": 1.0, ""f1"": 1.0, ""fragments"": 1, ""matched_predicted_cluster"": 2, ""overlap"": 100, ""passes_discovery_thresholds"": true, ""precision"": 1.0, ""purity"": 1.0, ""recall"": 1.0, ""target"": ""cluster_2"", ""target_label"": 2, ""target_noise_loss"": 0.0, ""target_size"": 100}]"
synthetic__global_contamination_noise75__quality__signal300__n1200__HDBSCAN__227__b9e308af3680,ok,synthetic,global_contamination_noise75__quality__signal300__n1200,HDBSCAN,227,0.2.4,1200,2,0.0017368999979225919,0.023748899999191053,5.327401799993822,183.01953125,1.01953125,183.27734375,,,evaluation_state/synthetic__global_contamination_noise75__quality__signal300__n1200__HDBSCAN__227__b9e308af3680.npz,077e05c000d06b2f216ec58fb08f447b752ce05c3921bab5bdc8263a5257cf34,2687,1.0,1.0,2,2,0.0,known_synthetic_noise,0.5,0.2,1.6666666666666667,3,3,0.1,0.9,full_partition,target-discovery-v1,0,0.05,1.0,1.0,0.0,1.0,3,pairwise_f1,hungarian,1.0,0,5,0.0,0.0,0.0,0.0,0.0,0.0,0.12815533980582525,0.06846473029045644,1.0,0.0,5,macro,3,3,1.0,0.4,0.25,1.0,2,3,1.0,1.0,3,2,0.0,1.0,1.0,1.0,1.0,"{""background_inner_edge"": 6.0, ""background_intensity"": 3.0, ""background_size"": 900, ""background_strip_height"": 10.0, ""background_support_area"": 300.0, ""controlled_factor"": ""global_background_support_at_fixed_local_intensity"", ""declared_noise_fraction"": 0.75, ""dimension"": 2, ""family"": ""global_contamination_invariance"", ""n"": 1200, ""n_targets"": 3, ""paired_background"": ""seeded_prefix"", ""realized_noise_fraction"": 0.75, ""signal_size"": 300}","{""geometry_profile"": ""low_dim"", ""knn_backend"": ""kd_tree"", ""min_cluster_size"": 40, ""min_samples"": 5}",{},"[{""coverage"": 1.0, ""f1"": 1.0, ""fragments"": 1, ""matched_predicted_cluster"": 2, ""overlap"": 100, ""passes_discovery_thresholds"": true, ""precision"": 1.0, ""purity"": 1.0, ""recall"": 1.0, ""target"": ""cluster_0"", ""target_label"": 0, ""target_noise_loss"": 0.0, ""target_size"": 100}, {""coverage"": 1.0, ""f1"": 1.0, ""fragments"": 1, ""matched_predicted_cluster"": 3, ""overlap"": 100, ""passes_discovery_thresholds"": true, ""precision"": 1.0, ""purity"": 1.0, ""recall"": 1.0, ""target"": ""cluster_1"", ""target_label"": 1, ""target_noise_loss"": 0.0, ""target_size"": 100}, {""coverage"": 1.0, ""f1"": 1.0, ""fragments"": 1, ""matched_predicted_cluster"": 0, ""overlap"": 100, ""passes_discovery_thresholds"": true, ""precision"": 1.0, ""purity"": 1.0, ""recall"": 1.0, ""target"": ""cluster_2"", ""target_label"": 2, ""target_noise_loss"": 0.0, ""target_size"": 100}]"
synthetic__global_contamination_noise75__quality__signal300__n1200__HDBSCAN__229__8c4aec7e3984,ok,synthetic,global_contamination_noise75__quality__signal300__n1200,HDBSCAN,229,0.2.4,1200,2,0.0016527999978279695,0.025862900001811795,5.273375800010399,182.71484375,1.08984375,182.9765625,,,evaluation_state/synthetic__global_contamination_noise75__quality__signal300__n1200__HDBSCAN__229__8c4aec7e3984.npz,588124865195b4806d6e3809a2aa0ed7db41b4c5abe61ec03020b19cd82f9126,2695,1.0,1.0,2,2,0.0,known_synthetic_noise,0.5,0.2,1.6666666666666667,3,3,0.1,0.9,full_partition,target-discovery-v1,0,0.05,1.0,1.0,0.0,1.0,3,pairwise_f1,hungarian,1.0,0,5,0.0,0.0,0.0,0.0,0.0,0.0,0.12815533980582525,0.06846473029045644,1.0,0.0,5,macro,3,3,1.0,0.4,0.25,1.0,2,3,1.0,1.0,3,2,0.0,1.0,1.0,1.0,1.0,"{""background_inner_edge"": 6.0, ""background_intensity"": 3.0, ""background_size"": 900, ""background_strip_height"": 10.0, ""background_support_area"": 300.0, ""controlled_factor"": ""global_background_support_at_fixed_local_intensity"", ""declared_noise_fraction"": 0.75, ""dimension"": 2, ""family"": ""global_contamination_invariance"", ""n"": 1200, ""n_targets"": 3, ""paired_background"": ""seeded_prefix"", ""realized_noise_fraction"": 0.75, ""signal_size"": 300}","{""geometry_profile"": ""low_dim"", ""knn_backend"": ""kd_tree"", ""min_cluster_size"": 40, ""min_samples"": 5}",{},"[{""coverage"": 1.0, ""f1"": 1.0, ""fragments"": 1, ""matched_predicted_cluster"": 1, ""overlap"": 100, ""passes_discovery_thresholds"": true, ""precision"": 1.0, ""purity"": 1.0, ""recall"": 1.0, ""target"": ""cluster_0"", ""target_label"": 0, ""target_noise_loss"": 0.0, ""target_size"": 100}, {""coverage"": 1.0, ""f1"": 1.0, ""fragments"": 1, ""matched_predicted_cluster"": 3, ""overlap"": 100, ""passes_discovery_thresholds"": true, ""precision"": 1.0, ""purity"": 1.0, ""recall"": 1.0, ""target"": ""cluster_1"", ""target_label"": 1, ""target_noise_loss"": 0.0, ""target_size"": 100}, {""coverage"": 1.0, ""f1"": 1.0, ""fragments"": 1, ""matched_predicted_cluster"": 0, ""overlap"": 100, ""passes_discovery_thresholds"": true, ""precision"": 1.0, ""purity"": 1.0, ""recall"": 1.0, ""target"": ""cluster_2"", ""target_label"": 2, ""target_noise_loss"": 0.0, ""target_size"": 100}]"
synthetic__global_contamination_noise75__quality__signal300__n1200__HDBSCAN__233__84586cd9e5ed,ok,synthetic,global_contamination_noise75__quality__signal300__n1200,HDBSCAN,233,0.2.4,1200,2,0.002464200006215833,0.02963889999955427,5.338737900005071,182.77734375,1.140625,183.06640625,,,evaluation_state/synthetic__global_contamination_noise75__quality__signal300__n1200__HDBSCAN__233__84586cd9e5ed.npz,fcdbb30a447019b1acef0a9f60cbd8e7a00bd50dadde8b3b5a24259c89d9eae3,2711,0.9914959434433548,0.9950082639109167,2,1,0.0022222222222222222,known_synthetic_noise,0.5011111111111111,0.202484317597151,1.6666666666666667,4,3,0.1,0.9,full_partition,target-discovery-v1,0,0.05,0.9966666666666667,0.9983249581239532,0.0,1.0,3,pairwise_f1,hungarian,1.0,0,5,0.008829956665061667,0.004434589800443459,0.004434589800443459,0.0016666666666666668,1.0,0.0022222222222222222,0.12760270239876817,0.06818055760982103,0.9933333333333333,0.0016666666666666668,5,macro,3,3,1.0,0.4005340453938585,0.25041736227045075,1.0,2,3,1.0,1.0,3,2,0.0,0.9966666666666667,1.0,0.9983249581239529,1.0,"{""background_inner_edge"": 6.0, ""background_intensity"": 3.0, ""background_size"": 900, ""background_strip_height"": 10.0, ""background_support_area"": 300.0, ""controlled_factor"": ""global_background_support_at_fixed_local_intensity"", ""declared_noise_fraction"": 0.75, ""dimension"": 2, ""family"": ""global_contamination_invariance"", ""n"": 1200, ""n_targets"": 3, ""paired_background"": ""seeded_prefix"", ""realized_noise_fraction"": 0.75, ""signal_size"": 300}","{""geometry_profile"": ""low_dim"", ""knn_backend"": ""kd_tree"", ""min_cluster_size"": 40, ""min_samples"": 5}",{},"[{""coverage"": 1.0, ""f1"": 1.0, ""fragments"": 1, ""matched_predicted_cluster"": 1, ""overlap"": 100, ""passes_discovery_thresholds"": true, ""precision"": 1.0, ""purity"": 1.0, ""recall"": 1.0, ""target"": ""cluster_0"", ""target_label"": 0, ""target_noise_loss"": 0.0, ""target_size"": 100}, {""coverage"": 0.99, ""f1"": 0.9949748743718593, ""fragments"": 1, ""matched_predicted_cluster"": 4, ""overlap"": 99, ""passes_discovery_thresholds"": true, ""precision"": 1.0, ""purity"": 1.0, ""recall"": 0.99, ""target"": ""cluster_1"", ""target_label"": 1, ""target_noise_loss"": 0.0, ""target_size"": 100}, {""coverage"": 1.0, ""f1"": 1.0, ""fragments"": 1, ""matched_predicted_cluster"": 0, ""overlap"": 100, ""passes_discovery_thresholds"": true, ""precision"": 1.0, ""purity"": 1.0, ""recall"": 1.0, ""target"": ""cluster_2"", ""target_label"": 2, ""target_noise_loss"": 0.0, ""target_size"": 100}]"
synthetic__global_contamination_noise75__quality__signal300__n1200__OPTICS__211__4bc1d6bd07aa,ok,synthetic,global_contamination_noise75__quality__signal300__n1200,OPTICS,211,0.2.4,1200,2,0.0020431999873835593,1.6513764999981504,6.5294251999876,182.890625,1.3515625,183.35546875,,,evaluation_state/synthetic__global_contamination_noise75__quality__signal300__n1200__OPTICS__211__4bc1d6bd07aa.npz,e58e9a6d3cd387c7cac7860af5be002734768d640a35c1a717e1eb1074409a2b,2696,1.0,1.0,2,2,0.0011111111111111111,known_synthetic_noise,0.5005555555555555,0.20124330019495054,1.6666666666666667,3,3,0.1,0.9,full_partition,target-discovery-v1,0,0.05,1.0,1.0,0.0,1.0,3,pairwise_f1,hungarian,1.0,0,5,0.004429678848283499,0.0022197558268590455,0.0022197558268590455,0.0008333333333333334,1.0,0.0011111111111111111,0.12840411411969682,0.06860675164355905,1.0,0.0008333333333333334,5,macro,3,3,1.0,0.400266844563042,0.25020850708924103,1.0,2,3,1.0,1.0,3,2,0.0,1.0,1.0,1.0,1.0,"{""background_inner_edge"": 6.0, ""background_intensity"": 3.0, ""background_size"": 900, ""background_strip_height"": 10.0, ""background_support_area"": 300.0, ""controlled_factor"": ""global_background_support_at_fixed_local_intensity"", ""declared_noise_fraction"": 0.75, ""dimension"": 2, ""family"": ""global_contamination_invariance"", ""n"": 1200, ""n_targets"": 3, ""paired_background"": ""seeded_prefix"", ""realized_noise_fraction"": 0.75, ""signal_size"": 300}","{""geometry_profile"": ""low_dim"", ""knn_backend"": ""kd_tree"", ""max_eps"": 1.0532039403915405, ""max_eps_quantile"": 0.98, ""min_cluster_size"": 40, ""min_samples"": 5, ""xi"": 0.1}",{},"[{""coverage"": 1.0, ""f1"": 1.0, ""fragments"": 1, ""matched_predicted_cluster"": 0, ""overlap"": 100, ""passes_discovery_thresholds"": true, ""precision"": 1.0, ""purity"": 1.0, ""recall"": 1.0, ""target"": ""cluster_0"", ""target_label"": 0, ""target_noise_loss"": 0.0, ""target_size"": 100}, {""coverage"": 1.0, ""f1"": 1.0, ""fragments"": 1, ""matched_predicted_cluster"": 2, ""overlap"": 100, ""passes_discovery_thresholds"": true, ""precision"": 1.0, ""purity"": 1.0, ""recall"": 1.0, ""target"": ""cluster_1"", ""target_label"": 1, ""target_noise_loss"": 0.0, ""target_size"": 100}, {""coverage"": 1.0, ""f1"": 1.0, ""fragments"": 1, ""matched_predicted_cluster"": 1, ""overlap"": 100, ""passes_discovery_thresholds"": true, ""precision"": 1.0, ""purity"": 1.0, ""recall"": 1.0, ""target"": ""cluster_2"", ""target_label"": 2, ""target_noise_loss"": 0.0, ""target_size"": 100}]"
synthetic__global_contamination_noise75__quality__signal300__n1200__OPTICS__223__d6eed6141e49,ok,synthetic,global_contamination_noise75__quality__signal300__n1200,OPTICS,223,0.2.4,1200,2,0.0017669999942881986,1.5864489000086905,6.533981500004302,183.23046875,1.25390625,183.69140625,,,evaluation_state/synthetic__global_contamination_noise75__quality__signal300__n1200__OPTICS__223__d6eed6141e49.npz,fa169afe09650acc1dc7307c9ee2d19de8f506bd8148adcd0ae9254cb43889c6,2763,0.8438211471034662,0.8409143121100847,2,2,0.44,known_synthetic_noise,0.665,0.5472681171791516,1.6666666666666667,3,3,0.1,0.9,full_partition,target-discovery-v1,0,0.05,0.89,0.940049101132494,0.11,1.0,3,pairwise_f1,hungarian,1.0,0,5,0.7294466044796878,0.5959367945823928,0.5959367945823928,0.3575,0.9230769230769231,0.44,0.18446987698372505,0.10430193732545129,0.7972390572390572,0.3575,5,macro,3,3,0.89,0.4985994397759103,0.3463035019455253,0.89,2,3,1.0,1.0,3,2,0.0,0.89,1.0,0.9400491011324938,1.0,"{""background_inner_edge"": 6.0, ""background_intensity"": 3.0, ""background_size"": 900, ""background_strip_height"": 10.0, ""background_support_area"": 300.0, ""controlled_factor"": ""global_background_support_at_fixed_local_intensity"", ""declared_noise_fraction"": 0.75, ""dimension"": 2, ""family"": ""global_contamination_invariance"", ""n"": 1200, ""n_targets"": 3, ""paired_background"": ""seeded_prefix"", ""realized_noise_fraction"": 0.75, ""signal_size"": 300}","{""geometry_profile"": ""low_dim"", ""knn_backend"": ""kd_tree"", ""max_eps"": 1.037756323814392, ""max_eps_quantile"": 0.98, ""min_cluster_size"": 40, ""min_samples"": 5, ""xi"": 0.1}",{},"[{""coverage"": 0.84, ""f1"": 0.9130434782608696, ""fragments"": 1, ""matched_predicted_cluster"": 1, ""overlap"": 84, ""passes_discovery_thresholds"": true, ""precision"": 1.0, ""purity"": 1.0, ""recall"": 0.84, ""target"": ""cluster_0"", ""target_label"": 0, ""target_noise_loss"": 0.16, ""target_size"": 100}, {""coverage"": 0.83, ""f1"": 0.9071038251366119, ""fragments"": 1, ""matched_predicted_cluster"": 3, ""overlap"": 83, ""passes_discovery_thresholds"": true, ""precision"": 1.0, ""purity"": 1.0, ""recall"": 0.83, ""target"": ""cluster_1"", ""target_label"": 1, ""target_noise_loss"": 0.17, ""target_size"": 100}, {""coverage"": 1.0, ""f1"": 1.0, ""fragments"": 1, ""matched_predicted_cluster"": 4, ""overlap"": 100, ""passes_discovery_thresholds"": true, ""precision"": 1.0, ""purity"": 1.0, ""recall"": 1.0, ""target"": ""cluster_2"", ""target_label"": 2, ""target_noise_loss"": 0.0, ""target_size"": 100}]"
synthetic__global_contamination_noise75__quality__signal300__n1200__OPTICS__227__f6cc858b6bef,ok,synthetic,global_contamination_noise75__quality__signal300__n1200,OPTICS,227,0.2.4,1200,2,0.0017651999951340258,1.5967053999920608,6.533860299998196,183.48828125,1.01953125,183.99609375,,,evaluation_state/synthetic__global_contamination_noise75__quality__signal300__n1200__OPTICS__227__f6cc858b6bef.npz,6e77000e1411ac288d14f863a0392a4aa66583f38cf7f3c4324e8d2ac148eea2,2734,0.7244002560990298,0.7066026902035921,2,2,0.0011111111111111111,known_synthetic_noise,0.40888888888888886,0.17071361513230335,1.6666666666666667,3,3,0.1,0.9,full_partition,target-discovery-v1,0,0.05,0.8166666666666668,0.8989630715063447,0.18333333333333335,1.0,3,pairwise_f1,hungarian,1.0,0,5,0.004174385864944097,0.002092050209205021,0.002092050209205021,0.04666666666666667,0.017857142857142856,0.0011111111111111111,0.0873649144200267,0.04674969738235739,0.6657912457912458,0.04666666666666667,5,macro,3,2,0.8166666666666667,0.3393351800554017,0.21416083916083917,0.8166666666666667,2,3,1.0,1.0,3,2,0.0,0.8166666666666667,1.0,0.8989630715063447,1.0,"{""background_inner_edge"": 6.0, ""background_intensity"": 3.0, ""background_size"": 900, ""background_strip_height"": 10.0, ""background_support_area"": 300.0, ""controlled_factor"": ""global_background_support_at_fixed_local_intensity"", ""declared_noise_fraction"": 0.75, ""dimension"": 2, ""family"": ""global_contamination_invariance"", ""n"": 1200, ""n_targets"": 3, ""paired_background"": ""seeded_prefix"", ""realized_noise_fraction"": 0.75, ""signal_size"": 300}","{""geometry_profile"": ""low_dim"", ""knn_backend"": ""kd_tree"", ""max_eps"": 1.0836857557296753, ""max_eps_quantile"": 0.98, ""min_cluster_size"": 40, ""min_samples"": 5, ""xi"": 0.1}",{},"[{""coverage"": 0.79, ""f1"": 0.8826815642458101, ""fragments"": 1, ""matched_predicted_cluster"": 4, ""overlap"": 79, ""passes_discovery_thresholds"": true, ""precision"": 1.0, ""purity"": 1.0, ""recall"": 0.79, ""target"": ""cluster_0"", ""target_label"": 0, ""target_noise_loss"": 0.21, ""target_size"": 100}, {""coverage"": 0.83, ""f1"": 0.9071038251366119, ""fragments"": 1, ""matched_predicted_cluster"": 2, ""overlap"": 83, ""passes_discovery_thresholds"": true, ""precision"": 1.0, ""purity"": 1.0, ""recall"": 0.83, ""target"": ""cluster_1"", ""target_label"": 1, ""target_noise_loss"": 0.17, ""target_size"": 100}, {""coverage"": 0.83, ""f1"": 0.9071038251366119, ""fragments"": 1, ""matched_predicted_cluster"": 3, ""overlap"": 83, ""passes_discovery_thresholds"": true, ""precision"": 1.0, ""purity"": 1.0, ""recall"": 0.83, ""target"": ""cluster_2"", ""target_label"": 2, ""target_noise_loss"": 0.17, ""target_size"": 100}]"
synthetic__global_contamination_noise75__quality__signal300__n1200__OPTICS__229__a55143520606,ok,synthetic,global_contamination_noise75__quality__signal300__n1200,OPTICS,229,0.2.4,1200,2,0.0018561999895609915,1.5525602999987314,6.389887800003635,183.1796875,1.046875,183.703125,,,evaluation_state/synthetic__global_contamination_noise75__quality__signal300__n1200__OPTICS__229__a55143520606.npz,8942c22296d3365a6c44fca4849025e4586565ed8e66e02314f2de3be9f8f338,2708,0.9625997282324074,0.9668640195538187,2,2,0.0044444444444444444,known_synthetic_noise,0.4905555555555556,0.20116713933647332,1.6666666666666667,3,3,0.1,0.9,full_partition,target-discovery-v1,0,0.05,0.9766666666666667,0.9879101899827288,0.023333333333333334,1.0,3,pairwise_f1,hungarian,1.0,0,5,0.017408373975698277,0.008781558726673985,0.008781558726673985,0.009166666666666667,0.36363636363636365,0.0044444444444444444,0.12366979519207284,0.066117012842873,0.9547474747474748,0.009166666666666667,5,macro,3,3,0.9766666666666667,0.39355271994627267,0.2464255677039529,0.9766666666666667,2,3,1.0,1.0,3,2,0.0,0.9766666666666667,1.0,0.9879101899827287,1.0,"{""background_inner_edge"": 6.0, ""background_intensity"": 3.0, ""background_size"": 900, ""background_strip_height"": 10.0, ""background_support_area"": 300.0, ""controlled_factor"": ""global_background_support_at_fixed_local_intensity"", ""declared_noise_fraction"": 0.75, ""dimension"": 2, ""family"": ""global_contamination_invariance"", ""n"": 1200, ""n_targets"": 3, ""paired_background"": ""seeded_prefix"", ""realized_noise_fraction"": 0.75, ""signal_size"": 300}","{""geometry_profile"": ""low_dim"", ""knn_backend"": ""kd_tree"", ""max_eps"": 1.0700807571411133, ""max_eps_quantile"": 0.98, ""min_cluster_size"": 40, ""min_samples"": 5, ""xi"": 0.1}",{},"[{""coverage"": 0.93, ""f1"": 0.9637305699481865, ""fragments"": 1, ""matched_predicted_cluster"": 0, ""overlap"": 93, ""passes_discovery_thresholds"": true, ""precision"": 1.0, ""purity"": 1.0, ""recall"": 0.93, ""target"": ""cluster_0"", ""target_label"": 0, ""target_noise_loss"": 0.07, ""target_size"": 100}, {""coverage"": 1.0, ""f1"": 1.0, ""fragments"": 1, ""matched_predicted_cluster"": 4, ""overlap"": 100, ""passes_discovery_thresholds"": true, ""precision"": 1.0, ""purity"": 1.0, ""recall"": 1.0, ""target"": ""cluster_1"", ""target_label"": 1, ""target_noise_loss"": 0.0, ""target_size"": 100}, {""coverage"": 1.0, ""f1"": 1.0, ""fragments"": 1, ""matched_predicted_cluster"": 3, ""overlap"": 100, ""passes_discovery_thresholds"": true, ""precision"": 1.0, ""purity"": 1.0, ""recall"": 1.0, ""target"": ""cluster_2"", ""target_label"": 2, ""target_noise_loss"": 0.0, ""target_size"": 100}]"
synthetic__global_contamination_noise75__quality__signal300__n1200__OPTICS__233__d8d98b9ad965,ok,synthetic,global_contamination_noise75__quality__signal300__n1200,OPTICS,233,0.2.4,1200,2,0.0017823999951360747,1.5449318000028143,6.47886920000019,182.94140625,0.9296875,183.46484375,,,evaluation_state/synthetic__global_contamination_noise75__quality__signal300__n1200__OPTICS__233__d8d98b9ad965.npz,3943b4cb900d0c336993c9fbc4e98647dacfef91cf27cb459a63e8dfc2c413fd,2757,0.7464308678484358,0.6728373608059193,2,2,0.45555555555555555,known_synthetic_noise,0.5794444444444444,0.5038556868435353,1.6666666666666667,3,3,0.1,0.9,full_partition,target-discovery-v1,0,0.05,0.7033333333333333,0.800612642717906,0.29666666666666663,1.0,3,pairwise_f1,hungarian,1.0,0,5,0.6767866485711764,0.586132952108649,0.586132952108649,0.41583333333333333,0.8216432865731463,0.45555555555555555,0.13200922377290877,0.07494685752342374,0.5531986531986532,0.41583333333333333,5,macro,2,1,0.7033333333333334,0.42157842157842157,0.30099857346647646,0.7033333333333334,2,3,1.0,0.6666666666666666,3,2,0.0,0.7033333333333334,1.0,0.8006126427179059,1.0,"{""background_inner_edge"": 6.0, ""background_intensity"": 3.0, ""background_size"": 900, ""background_strip_height"": 10.0, ""background_support_area"": 300.0, ""controlled_factor"": ""global_background_support_at_fixed_local_intensity"", ""declared_noise_fraction"": 0.75, ""dimension"": 2, ""family"": ""global_contamination_invariance"", ""n"": 1200, ""n_targets"": 3, ""paired_background"": ""seeded_prefix"", ""realized_noise_fraction"": 0.75, ""signal_size"": 300}","{""geometry_profile"": ""low_dim"", ""knn_backend"": ""kd_tree"", ""max_eps"": 1.0457160472869873, ""max_eps_quantile"": 0.98, ""min_cluster_size"": 40, ""min_samples"": 5, ""xi"": 0.1}",{},"[{""coverage"": 0.4, ""f1"": 0.5714285714285715, ""fragments"": 1, ""matched_predicted_cluster"": 3, ""overlap"": 40, ""passes_discovery_thresholds"": true, ""precision"": 1.0, ""purity"": 1.0, ""recall"": 0.4, ""target"": ""cluster_0"", ""target_label"": 0, ""target_noise_loss"": 0.6, ""target_size"": 100}, {""coverage"": 0.71, ""f1"": 0.8304093567251462, ""fragments"": 1, ""matched_predicted_cluster"": 2, ""overlap"": 71, ""passes_discovery_thresholds"": true, ""precision"": 1.0, ""purity"": 1.0, ""recall"": 0.71, ""target"": ""cluster_1"", ""target_label"": 1, ""target_noise_loss"": 0.29, ""target_size"": 100}, {""coverage"": 1.0, ""f1"": 1.0, ""fragments"": 1, ""matched_predicted_cluster"": 4, ""overlap"": 100, ""passes_discovery_thresholds"": true, ""precision"": 1.0, ""purity"": 1.0, ""recall"": 1.0, ""target"": ""cluster_2"", ""target_label"": 2, ""target_noise_loss"": 0.0, ""target_size"": 100}]"
synthetic__global_contamination_noise75__quality__signal300__n1200__SNN-DBSCAN__211__9041e0969164,ok,synthetic,global_contamination_noise75__quality__signal300__n1200,SNN-DBSCAN,211,0.2.4,1200,2,0.0016899000038392842,0.01979360000404995,5.991678000005777,224.82421875,1.90234375,225.09375,,,evaluation_state/synthetic__global_contamination_noise75__quality__signal300__n1200__SNN-DBSCAN__211__9041e0969164.npz,469e961b467ef8fc4465052e14d22a15ddc9204c14f9f7f2f55d2be7e64e105f,3217,0.9681462648043433,0.9800866408299869,15,15,0.04888888888888889,known_synthetic_noise,0.5177777777777778,0.2502702514209994,6.0,3,3,0.1,0.9,full_partition,target-discovery-v1,0,0.05,0.9866666666666667,0.9932488159919735,0.013333333333333334,1.0,3,pairwise_f1,hungarian,1.0,0,18,0.1697861425826887,0.09282700421940929,0.09282700421940929,0.04,0.9166666666666666,0.04888888888888889,0.3545424447905044,0.21673687840127132,0.9735353535353536,0.04,18,macro,3,3,0.9866666666666667,0.4077134986225895,0.2569444444444444,0.9866666666666667,15,3,1.0,1.0,3,15,0.0,0.9866666666666667,1.0,0.9932488159919735,1.0,"{""background_inner_edge"": 6.0, ""background_intensity"": 3.0, ""background_size"": 900, ""background_strip_height"": 10.0, ""background_support_area"": 300.0, ""controlled_factor"": ""global_background_support_at_fixed_local_intensity"", ""declared_noise_fraction"": 0.75, ""dimension"": 2, ""family"": ""global_contamination_invariance"", ""n"": 1200, ""n_targets"": 3, ""paired_background"": ""seeded_prefix"", ""realized_noise_fraction"": 0.75, ""signal_size"": 300}","{""eps"": 13, ""geometry_profile"": ""low_dim"", ""k"": 20, ""knn_backend"": ""kd_tree"", ""min_samples"": 5}",{},"[{""coverage"": 0.99, ""f1"": 0.9949748743718593, ""fragments"": 1, ""matched_predicted_cluster"": 0, ""overlap"": 99, ""passes_discovery_thresholds"": true, ""precision"": 1.0, ""purity"": 1.0, ""recall"": 0.99, ""target"": ""cluster_0"", ""target_label"": 0, ""target_noise_loss"": 0.01, ""target_size"": 100}, {""coverage"": 1.0, ""f1"": 1.0, ""fragments"": 1, ""matched_predicted_cluster"": 4, ""overlap"": 100, ""passes_discovery_thresholds"": true, ""precision"": 1.0, ""purity"": 1.0, ""recall"": 1.0, ""target"": ""cluster_1"", ""target_label"": 1, ""target_noise_loss"": 0.0, ""target_size"": 100}, {""coverage"": 0.97, ""f1"": 0.9847715736040609, ""fragments"": 1, ""matched_predicted_cluster"": 1, ""overlap"": 97, ""passes_discovery_thresholds"": true, ""precision"": 1.0, ""purity"": 1.0, ""recall"": 0.97, ""target"": ""cluster_2"", ""target_label"": 2, ""target_noise_loss"": 0.03, ""target_size"": 100}]"
synthetic__global_contamination_noise75__quality__signal300__n1200__SNN-DBSCAN__223__7474b82674f6,ok,synthetic,global_contamination_noise75__quality__signal300__n1200,SNN-DBSCAN,223,0.2.4,1200,2,0.0025568999990355223,0.020502399987890385,6.014349100005347,225.81640625,1.93359375,226.08203125,,,evaluation_state/synthetic__global_contamination_noise75__quality__signal300__n1200__SNN-DBSCAN__223__7474b82674f6.npz,33613485a6472bb223be91888e6e0ff4e13df9714e147f6d00f48f2ff8419685,3219,0.8736202923014496,0.8525372942325475,13,13,0.043333333333333335,known_synthetic_noise,0.515,0.2445145423672314,5.666666666666667,4,3,0.1,0.9,full_partition,target-discovery-v1,1,0.05,0.8333333333333334,0.8913867583531694,0.013333333333333334,1.0,3,pairwise_f1,hungarian,1.3333333333333333,0,17,0.1513822209225133,0.08271474019088017,0.08271474019088017,0.035833333333333335,0.9069767441860465,0.043333333333333335,0.2931470230862697,0.17884358784284654,0.8123232323232323,0.035833333333333335,17,macro,2,2,0.9866666666666667,0.4063143445435827,0.25583405358686256,0.9866666666666667,13,3,1.0,0.6666666666666666,3,14,0.0,0.8333333333333334,1.0,0.8913867583531694,1.0,"{""background_inner_edge"": 6.0, ""background_intensity"": 3.0, ""background_size"": 900, ""background_strip_height"": 10.0, ""background_support_area"": 300.0, ""controlled_factor"": ""global_background_support_at_fixed_local_intensity"", ""declared_noise_fraction"": 0.75, ""dimension"": 2, ""family"": ""global_contamination_invariance"", ""n"": 1200, ""n_targets"": 3, ""paired_background"": ""seeded_prefix"", ""realized_noise_fraction"": 0.75, ""signal_size"": 300}","{""eps"": 13, ""geometry_profile"": ""low_dim"", ""k"": 20, ""knn_backend"": ""kd_tree"", ""min_samples"": 5}",{},"[{""coverage"": 0.99, ""f1"": 0.9949748743718593, ""fragments"": 1, ""matched_predicted_cluster"": 1, ""overlap"": 99, ""passes_discovery_thresholds"": true, ""precision"": 1.0, ""purity"": 1.0, ""recall"": 0.99, ""target"": ""cluster_0"", ""target_label"": 0, ""target_noise_loss"": 0.01, ""target_size"": 100}, {""coverage"": 0.99, ""f1"": 0.9949748743718593, ""fragments"": 1, ""matched_predicted_cluster"": 4, ""overlap"": 99, ""passes_discovery_thresholds"": true, ""precision"": 1.0, ""purity"": 1.0, ""recall"": 0.99, ""target"": ""cluster_1"", ""target_label"": 1, ""target_noise_loss"": 0.01, ""target_size"": 100}, {""coverage"": 0.52, ""f1"": 0.6842105263157895, ""fragments"": 2, ""matched_predicted_cluster"": 9, ""overlap"": 52, ""passes_discovery_thresholds"": true, ""precision"": 1.0, ""purity"": 1.0, ""recall"": 0.52, ""target"": ""cluster_2"", ""target_label"": 2, ""target_noise_loss"": 0.02, ""target_size"": 100}]"
synthetic__global_contamination_noise75__quality__signal300__n1200__SNN-DBSCAN__227__efce99c330c3,ok,synthetic,global_contamination_noise75__quality__signal300__n1200,SNN-DBSCAN,227,0.2.4,1200,2,0.0016410999960498884,0.020951300000888295,6.005901199998334,225.140625,1.921875,225.41796875,,,evaluation_state/synthetic__global_contamination_noise75__quality__signal300__n1200__SNN-DBSCAN__227__efce99c330c3.npz,2c96ddc2e1d604bc59ce49f5f248de88af9e9fb2eb3ace8da4a595706a0b268c,3355,0.9106179149197398,0.8825635930965968,18,18,0.05,known_synthetic_noise,0.525,0.2538046146293569,7.333333333333333,4,3,0.1,0.9,full_partition,target-discovery-v1,1,0.05,0.8866666666666667,0.9317269076305221,0.0,1.0,3,pairwise_f1,hungarian,1.3333333333333333,0,22,0.1728119180633147,0.09523809523809523,0.09523809523809523,0.0375,1.0,0.05,0.4272930648769575,0.28550074738415543,0.8488888888888889,0.0375,22,macro,2,2,1.0,0.4123711340206185,0.2597402597402597,1.0,18,3,1.0,0.6666666666666666,3,19,0.0,0.8866666666666667,1.0,0.9317269076305221,1.0,"{""background_inner_edge"": 6.0, ""background_intensity"": 3.0, ""background_size"": 900, ""background_strip_height"": 10.0, ""background_support_area"": 300.0, ""controlled_factor"": ""global_background_support_at_fixed_local_intensity"", ""declared_noise_fraction"": 0.75, ""dimension"": 2, ""family"": ""global_contamination_invariance"", ""n"": 1200, ""n_targets"": 3, ""paired_background"": ""seeded_prefix"", ""realized_noise_fraction"": 0.75, ""signal_size"": 300}","{""eps"": 13, ""geometry_profile"": ""low_dim"", ""k"": 20, ""knn_backend"": ""kd_tree"", ""min_samples"": 5}",{},"[{""coverage"": 1.0, ""f1"": 1.0, ""fragments"": 1, ""matched_predicted_cluster"": 12, ""overlap"": 100, ""passes_discovery_thresholds"": true, ""precision"": 1.0, ""purity"": 1.0, ""recall"": 1.0, ""target"": ""cluster_0"", ""target_label"": 0, ""target_noise_loss"": 0.0, ""target_size"": 100}, {""coverage"": 1.0, ""f1"": 1.0, ""fragments"": 1, ""matched_predicted_cluster"": 9, ""overlap"": 100, ""passes_discovery_thresholds"": true, ""precision"": 1.0, ""purity"": 1.0, ""recall"": 1.0, ""target"": ""cluster_1"", ""target_label"": 1, ""target_noise_loss"": 0.0, ""target_size"": 100}, {""coverage"": 0.66, ""f1"": 0.7951807228915663, ""fragments"": 2, ""matched_predicted_cluster"": 15, ""overlap"": 66, ""passes_discovery_thresholds"": true, ""precision"": 1.0, ""purity"": 1.0, ""recall"": 0.66, ""target"": ""cluster_2"", ""target_label"": 2, ""target_noise_loss"": 0.0, ""target_size"": 100}]"
synthetic__global_contamination_noise75__quality__signal300__n1200__SNN-DBSCAN__229__3d1823149228,ok,synthetic,global_contamination_noise75__quality__signal300__n1200,SNN-DBSCAN,229,0.2.4,1200,2,0.0018760999955702573,0.019881200001691468,5.920868399989558,224.69140625,1.53515625,224.95703125,,,evaluation_state/synthetic__global_contamination_noise75__quality__signal300__n1200__SNN-DBSCAN__229__3d1823149228.npz,1c19395a04bf652a3f0f14c3f0222ce00c5a5efaccc8100888dc94248a5b1a1b,3289,0.9851989977985108,0.9901010167892863,16,16,0.03222222222222222,known_synthetic_noise,0.5127777777777778,0.2340083896408336,6.333333333333333,3,3,0.1,0.9,full_partition,target-discovery-v1,0,0.05,0.9933333333333333,0.9966329966329966,0.006666666666666667,1.0,3,pairwise_f1,hungarian,1.0,0,19,0.11726695855902623,0.062298603651987104,0.062298603651987104,0.025833333333333333,0.9354838709677419,0.03222222222222222,0.43662748253102696,0.28033825020566683,0.9867340067340067,0.025833333333333333,19,macro,3,3,0.9933333333333333,0.4057181756296801,0.2549187339606501,0.9933333333333333,16,3,1.0,1.0,3,16,0.0,0.9933333333333333,1.0,0.9966329966329965,1.0,"{""background_inner_edge"": 6.0, ""background_intensity"": 3.0, ""background_size"": 900, ""background_strip_height"": 10.0, ""background_support_area"": 300.0, ""controlled_factor"": ""global_background_support_at_fixed_local_intensity"", ""declared_noise_fraction"": 0.75, ""dimension"": 2, ""family"": ""global_contamination_invariance"", ""n"": 1200, ""n_targets"": 3, ""paired_background"": ""seeded_prefix"", ""realized_noise_fraction"": 0.75, ""signal_size"": 300}","{""eps"": 13, ""geometry_profile"": ""low_dim"", ""k"": 20, ""knn_backend"": ""kd_tree"", ""min_samples"": 5}",{},"[{""coverage"": 1.0, ""f1"": 1.0, ""fragments"": 1, ""matched_predicted_cluster"": 0, ""overlap"": 100, ""passes_discovery_thresholds"": true, ""precision"": 1.0, ""purity"": 1.0, ""recall"": 1.0, ""target"": ""cluster_0"", ""target_label"": 0, ""target_noise_loss"": 0.0, ""target_size"": 100}, {""coverage"": 0.98, ""f1"": 0.98989898989899, ""fragments"": 1, ""matched_predicted_cluster"": 9, ""overlap"": 98, ""passes_discovery_thresholds"": true, ""precision"": 1.0, ""purity"": 1.0, ""recall"": 0.98, ""target"": ""cluster_1"", ""target_label"": 1, ""target_noise_loss"": 0.02, ""target_size"": 100}, {""coverage"": 1.0, ""f1"": 1.0, ""fragments"": 1, ""matched_predicted_cluster"": 7, ""overlap"": 100, ""passes_discovery_thresholds"": true, ""precision"": 1.0, ""purity"": 1.0, ""recall"": 1.0, ""target"": ""cluster_2"", ""target_label"": 2, ""target_noise_loss"": 0.0, ""target_size"": 100}]"
synthetic__global_contamination_noise75__quality__signal300__n1200__SNN-DBSCAN__233__4603ed2575e7,ok,synthetic,global_contamination_noise75__quality__signal300__n1200,SNN-DBSCAN,233,0.2.4,1200,2,0.0016553000023122877,0.019359699988854118,5.885833399996045,225.02734375,1.7421875,225.3125,,,evaluation_state/synthetic__global_contamination_noise75__quality__signal300__n1200__SNN-DBSCAN__233__4603ed2575e7.npz,c7463c495dfb51f9440c169877f878e404e2cdf53c3ed62da19af41774bf850c,3263,0.9546801493003191,0.9746739935059259,17,17,0.04111111111111111,known_synthetic_noise,0.5122222222222222,0.24161009322604038,6.666666666666667,3,3,0.1,0.9,full_partition,target-discovery-v1,0,0.05,0.9833333333333334,0.9915909513899464,0.016666666666666666,1.0,3,pairwise_f1,hungarian,1.0,0,20,0.14557937219499126,0.07855626326963906,0.07855626326963906,0.035,0.8809523809523809,0.04111111111111111,0.4098487011133314,0.26004347038579967,0.9668013468013468,0.035,20,macro,3,3,0.9833333333333333,0.4046639231824417,0.2547495682210708,0.9833333333333333,17,3,1.0,1.0,3,17,0.0,0.9833333333333333,1.0,0.9915909513899465,1.0,"{""background_inner_edge"": 6.0, ""background_intensity"": 3.0, ""background_size"": 900, ""background_strip_height"": 10.0, ""background_support_area"": 300.0, ""controlled_factor"": ""global_background_support_at_fixed_local_intensity"", ""declared_noise_fraction"": 0.75, ""dimension"": 2, ""family"": ""global_contamination_invariance"", ""n"": 1200, ""n_targets"": 3, ""paired_background"": ""seeded_prefix"", ""realized_noise_fraction"": 0.75, ""signal_size"": 300}","{""eps"": 13, ""geometry_profile"": ""low_dim"", ""k"": 20, ""knn_backend"": ""kd_tree"", ""min_samples"": 5}",{},"[{""coverage"": 0.98, ""f1"": 0.98989898989899, ""fragments"": 1, ""matched_predicted_cluster"": 11, ""overlap"": 98, ""passes_discovery_thresholds"": true, ""precision"": 1.0, ""purity"": 1.0, ""recall"": 0.98, ""target"": ""cluster_0"", ""target_label"": 0, ""target_noise_loss"": 0.02, ""target_size"": 100}, {""coverage"": 0.99, ""f1"": 0.9949748743718593, ""fragments"": 1, ""matched_predicted_cluster"": 10, ""overlap"": 99, ""passes_discovery_thresholds"": true, ""precision"": 1.0, ""purity"": 1.0, ""recall"": 0.99, ""target"": ""cluster_1"", ""target_label"": 1, ""target_noise_loss"": 0.01, ""target_size"": 100}, {""coverage"": 0.98, ""f1"": 0.98989898989899, ""fragments"": 1, ""matched_predicted_cluster"": 12, ""overlap"": 98, ""passes_discovery_thresholds"": true, ""precision"": 1.0, ""purity"": 1.0, ""recall"": 0.98, ""target"": ""cluster_2"", ""target_label"": 2, ""target_noise_loss"": 0.02, ""target_size"": 100}]"
synthetic__global_contamination_noise75__quality__signal300__n1200__StrataSCAN__211__dabee4374a72,ok,synthetic,global_contamination_noise75__quality__signal300__n1200,StrataSCAN,211,0.2.4,1200,2,0.0018015999958151951,0.4856066000065766,5.385762399993837,215.75,33.75,216.16015625,,,evaluation_state/synthetic__global_contamination_noise75__quality__signal300__n1200__StrataSCAN__211__dabee4374a72.npz,288e1c6ae5b41022bdce0f611876e6922c6a2e29b3cb7f7a352cd970e4b61dfc,2502,0.9665682566589096,0.9799342870099912,0,0,1.0,known_synthetic_noise,0.9933333333333334,0.9955356478519026,1.0,3,3,0.1,0.9,full_partition,target-discovery-v1,0,0.05,0.9866666666666667,0.9932659932659934,0.013333333333333334,1.0,3,pairwise_f1,hungarian,1.0,0,3,0.9955192260822289,0.9977827050997783,0.9977827050997783,0.7533333333333333,0.995575221238938,1.0,0.9865556541322597,1.0,0.9734680134680135,0.7533333333333333,3,macro,3,3,0.9866666666666667,0.9932885906040269,1.0,0.9866666666666667,0,3,1.0,1.0,3,0,0.0,0.9866666666666667,1.0,0.9932659932659933,1.0,"{""background_inner_edge"": 6.0, ""background_intensity"": 3.0, ""background_size"": 900, ""background_strip_height"": 10.0, ""background_support_area"": 300.0, ""controlled_factor"": ""global_background_support_at_fixed_local_intensity"", ""declared_noise_fraction"": 0.75, ""dimension"": 2, ""family"": ""global_contamination_invariance"", ""n"": 1200, ""n_targets"": 3, ""paired_background"": ""seeded_prefix"", ""realized_noise_fraction"": 0.75, ""signal_size"": 300}","{""ambiguous_model_confirmation_tolerance"": 1e-05, ""assignment"": ""maximum_posterior_basis_then_semantic_role"", ""background_model"": ""adaptive_gamma_basis_mixture_with_largest_rate_gap"", ""background_scan"": ""adaptive_dyadic_rank_windows_with_poisson_beta_boundary_code"", ""border_rule"": ""strict_local_core_radius"", ""component_initialization"": ""compiled_split_warm_single_start_with_guarded_confirmation"", ""component_selection"": ""semantic_icl_with_adaptive_bound"", ""connectivity"": ""density_ordered_non_merging_knn_watershed"", ""core_thresholds"": ""observed_d4_event_sweep"", ""duplicate_profile_confirmation_minimum"": 3, ""duplicate_profile_confirmation_tolerance"": 1e-08, ""extraction_objective"": ""gamma_topology_description_length"", ""fit_samples"": ""all_rows"", ""gamma_tolerance"": 0.0001, ""geometry_profile"": ""low_dim"", ""hard_component_bound"": 24, ""initial_component_bound"": 8, ""k"": 32, ""knn_backend"": ""kd_tree"", ""shell_ranks"": [4, 8, 16, 32], ""stratification_model"": ""adaptive_gamma_density_basis_with_semantic_background"", ""version"": ""0.2.3""}","{""algorithm"": ""OptimizationStrataSCAN"", ""algorithm_version"": ""0.2.3"", ""graph_seconds"": 0.013978999995742925, ""mdl_gamma_adaptive_search"": true, ""mdl_gamma_assignment"": ""maximum_posterior_basis_then_semantic_role"", ""mdl_gamma_background_basis_components"": [3, 4, 5], ""mdl_gamma_background_boundary"": ""largest_rate_gap"", ""mdl_gamma_background_components"": 3, ""mdl_gamma_background_distribution"": ""gamma_components"", ""mdl_gamma_background_fraction"": 0.76, ""mdl_gamma_background_group"": 3, ""mdl_gamma_candidate_components"": [1, 2, 3, 4, 5, 6, 7, 8], ""mdl_gamma_candidate_converged"": [true, true, true, true, true, true, true, true], ""mdl_gamma_candidate_entropies"": [-0.0, 4.116240157384467, 3.5340730826386553, 19.260289475794217, 19.959868119756806, 54.20907482458137, 54.40392746598622, 54.5290928362148], ""mdl_gamma_candidate_iterations"": [2, 7, 10, 21, 5, 9, 5, 7], ""mdl_gamma_candidate_log_likelihoods"": [-16109.104219661884, -6530.356859677423, -5798.638502324975, -5151.972031511636, -5131.64844239741, -5019.825944867494, -5012.6188147996, -5011.168945281738], ""mdl_gamma_candidate_role_gains_nats"": [[0.0], [0.0, 0.0], [0.0, 0.0, 0.0], [0.0, 0.0, 0.0, 0.0], [0.0, 0.0, 0.0, 0.0, 0.0], [0.0, 0.0, 0.0, 0.0, 0.0, 0.0], [0.0, 0.0, 0.0, 0.0, 0.0, 0.0, 0.0], [0.0, 0.0, 0.0, 0.0, 0.0, 0.0, 0.0, 0.0]], ""mdl_gamma_candidate_role_threshold_sizes"": [[0], [0, 0], [0, 0, 0], [0, 0, 0, 0], [0, 0, 0, 0, 0], [0, 0, 0, 0, 0, 0], [0, 0, 0, 0, 0, 0, 0], [0, 0, 0, 0, 0, 0, 0, 0]], ""mdl_gamma_candidate_scores"": [32232.38859299532, 13104.396583848496, 11661.065765501435, 10420.455487168396, 10402.477696735199, 10268.601345592344, 10275.847021246695, 10294.467843458755], ""mdl_gamma_candidate_signal_components"": [[], [0], [0], [0, 1], [0, 1], [0, 1, 2], [0, 1, 2], [0, 1, 2]], ""mdl_gamma_criterion"": ""icl"", ""mdl_gamma_entropy_scope"": ""semantic"", ""mdl_gamma_fit_samples"": 1200, ""mdl_gamma_grouping"": ""largest_rate_gap"", ""mdl_gamma_guarded_confirmation"": true, ""mdl_gamma_log_rate_gaps"": [0.7777591671982869, 0.8816052751742207], ""mdl_gamma_mean_background_probability"": 0.7600931235972398, ""mdl_gamma_mean_posterior_entropy"": 0.04517422902048448, ""mdl_gamma_mu"": [4.18189417086297, 3.197568355800784, 2.203823060430028, 1.4029588494363399, 1.0825685480091547, 0.8569297582290414], ""mdl_gamma_n_init"": 1, ""mdl_gamma_ranks"": [4, 8, 16, 32], ""mdl_gamma_rates"": [[52.95203964176044, 47.6142840710347, 42.81459341198321, 38.49872879110584], [24.327987200525474, 24.255828972040803, 24.183884769069014, 24.11215395679795], [10.074647796718255, 10.624064813718865, 11.20344407502425, 11.81441956002711], [3.365100353749797, 3.060894683542678, 2.7841892600022122, 2.5324980559408994], [3.1499979668409184, 3.253783382845154, 3.360988297112107, 3.4717253744921845], [1.9622667341585425, 1.7908414155093877, 1.6343919609272384, 1.4916100659777154]], ""mdl_gamma_role_evidence_neighbour_ranks"": [], ""mdl_gamma_search_caps"": [8], ""mdl_gamma_search_hard_max"": 24, ""mdl_gamma_search_hit_hard_max"": false, ""mdl_gamma_search_initial_max"": 8, ""mdl_gamma_selected_components"": 6, ""mdl_gamma_signal_basis_components"": [0, 1, 2], ""mdl_gamma_signal_components"": 3, ""mdl_gamma_slopes"": [-0.15329181548369317, -0.004285476240541166, 0.07660644927082386, -0.1366961226207358, 0.046767310896710865, -0.13188357489009878], ""mdl_gamma_split_warm_start"": true, ""mdl_gamma_tolerance"": 0.0001, ""mdl_gamma_weights"": [0.08487923843527166, 0.09288956433396937, 0.06208638146715279, 0.30459204838286513, 0.3267348249648695, 0.12881794241587124], ""optimization_background_events"": [], ""optimization_background_intrinsic_dimension"": 1.9314864372828875, ""optimization_border_fraction"": 0.028333333333333332, ""optimization_border_model"": ""strict_local_core_radius"", ""optimization_border_seconds"": 0.0005643999902531505, ""optimization_boundary_component_gains_nats"": [[0.0, 0.0, 0.0, 0.0, 0.0, 0.0], [0.0, 0.0, 0.0, 0.0, 0.0, 0.0, 0.0, 0.0, 0.0, 0.0, 0.0, 0.0, 0.0, 0.0], [0.0, 0.0, 0.0, 0.0, 0.0, 0.0, 0.0, 0.0, 0.0, 0.0, 0.0, 0.0], []], ""optimization_candidate_groups"": [0, 1, 2, 3], ""optimization_clusters"": 3, ""optimization_connectivity_rank"": 4, ""optimization_core_fraction"": 0.21833333333333332, ""optimization_core_rank"": 4, ""optimization_description_gain_nats"": 9325.87990793515, ""optimization_group_gains_nats"": [4372.709944334546, 3857.852953613297, 1151.6698207620243, 0.0], ""optimization_group_sizes"": [104, 111, 73, 912], ""optimization_noise_fraction"": 0.7533333333333333, ""optimization_objective"": ""gamma_topology_component_and_attachment_description_gain"", ""optimization_objective_trace"": [0.0, -9325.87990793515], ""optimization_ordering_modes"": [""d4"", ""d4"", ""d4"", ""adaptive_d4_rank_windows_with_beta_boundary_code""], ""optimization_seconds"": 0.04907700000330806, ""optimization_selected_component_gains_nats"": [1075.5749163561072, 1830.942977392427, 1472.9531120416345, 479.06934033644717, 746.7170743990847, 322.4570095692036, 314.6500986358532, 162.21675228805154, 493.3010637381698, 362.43982844629863, 213.37770402450894, 113.35313945821545, 443.11492396250156, 99.73561064656936, 187.31017992939226, 165.6195060281762, 241.8458523172229, 91.30155221998213, 125.17294649646139, 80.29405869685718, 115.50655555228259, 156.92989976934058], ""optimization_selected_groups"": [0, 1, 2], ""optimization_selected_local_components"": [3, 11, 8, 0], ""optimization_solver"": ""exact_stratum_event_sweep"", ""optimization_sparse_memory"": true, ""optimization_threshold_seconds"": 0.048666400005458854, ""optimization_threshold_sizes"": [104, 111, 73, 0], ""optimization_thresholds"": [0.27157384157180786, 0.38649067282676697, 0.6672967076301575, 0.0], ""optimization_topology_evidence_ranks"": [5, 8], ""optimization_unified_background_scan"": true, ""stratification"": ""adaptive-semantic-information-criterion-gamma-v2""}","[{""coverage"": 0.98, ""f1"": 0.98989898989899, ""fragments"": 1, ""matched_predicted_cluster"": 2, ""overlap"": 98, ""passes_discovery_thresholds"": true, ""precision"": 1.0, ""purity"": 1.0, ""recall"": 0.98, ""target"": ""cluster_0"", ""target_label"": 0, ""target_noise_loss"": 0.02, ""target_size"": 100}, {""coverage"": 0.98, ""f1"": 0.98989898989899, ""fragments"": 1, ""matched_predicted_cluster"": 1, ""overlap"": 98, ""passes_discovery_thresholds"": true, ""precision"": 1.0, ""purity"": 1.0, ""recall"": 0.98, ""target"": ""cluster_1"", ""target_label"": 1, ""target_noise_loss"": 0.02, ""target_size"": 100}, {""coverage"": 1.0, ""f1"": 1.0, ""fragments"": 1, ""matched_predicted_cluster"": 0, ""overlap"": 100, ""passes_discovery_thresholds"": true, ""precision"": 1.0, ""purity"": 1.0, ""recall"": 1.0, ""target"": ""cluster_2"", ""target_label"": 2, ""target_noise_loss"": 0.0, ""target_size"": 100}]"
synthetic__global_contamination_noise75__quality__signal300__n1200__StrataSCAN__223__22255d428a32,ok,synthetic,global_contamination_noise75__quality__signal300__n1200,StrataSCAN,223,0.2.4,1200,2,0.0017980999982682988,0.4830408999987412,5.3986224999971455,216.31640625,34.3984375,216.734375,,,evaluation_state/synthetic__global_contamination_noise75__quality__signal300__n1200__StrataSCAN__223__22255d428a32.npz,19e3b8338a07b3a75664efef91f906efab13ffdf6c54d7a444be49c323c14748,2485,0.6763745210532656,0.6162094708947784,0,0,1.0,known_synthetic_noise,0.9083333333333333,0.934716486560004,1.3333333333333333,4,3,0.1,0.9,full_partition,target-discovery-v1,1,0.05,0.7000000000000001,0.8080913195931271,0.18333333333333335,1.0,3,pairwise_f1,hungarian,1.3333333333333333,0,4,0.8818188733973767,0.9703504043126685,0.9703504043126685,0.7958333333333333,0.9424083769633508,1.0,0.7205445224658596,1.0,0.5631649831649832,0.7958333333333333,4,macro,2,1,0.8166666666666667,0.8990825688073394,1.0,0.8166666666666667,0,3,1.0,0.6666666666666666,3,1,0.0,0.7,1.0,0.8080913195931271,1.0,"{""background_inner_edge"": 6.0, ""background_intensity"": 3.0, ""background_size"": 900, ""background_strip_height"": 10.0, ""background_support_area"": 300.0, ""controlled_factor"": ""global_background_support_at_fixed_local_intensity"", ""declared_noise_fraction"": 0.75, ""dimension"": 2, ""family"": ""global_contamination_invariance"", ""n"": 1200, ""n_targets"": 3, ""paired_background"": ""seeded_prefix"", ""realized_noise_fraction"": 0.75, ""signal_size"": 300}","{""ambiguous_model_confirmation_tolerance"": 1e-05, ""assignment"": ""maximum_posterior_basis_then_semantic_role"", ""background_model"": ""adaptive_gamma_basis_mixture_with_largest_rate_gap"", ""background_scan"": ""adaptive_dyadic_rank_windows_with_poisson_beta_boundary_code"", ""border_rule"": ""strict_local_core_radius"", ""component_initialization"": ""compiled_split_warm_single_start_with_guarded_confirmation"", ""component_selection"": ""semantic_icl_with_adaptive_bound"", ""connectivity"": ""density_ordered_non_merging_knn_watershed"", ""core_thresholds"": ""observed_d4_event_sweep"", ""duplicate_profile_confirmation_minimum"": 3, ""duplicate_profile_confirmation_tolerance"": 1e-08, ""extraction_objective"": ""gamma_topology_description_length"", ""fit_samples"": ""all_rows"", ""gamma_tolerance"": 0.0001, ""geometry_profile"": ""low_dim"", ""hard_component_bound"": 24, ""initial_component_bound"": 8, ""k"": 32, ""knn_backend"": ""kd_tree"", ""shell_ranks"": [4, 8, 16, 32], ""stratification_model"": ""adaptive_gamma_density_basis_with_semantic_background"", ""version"": ""0.2.3""}","{""algorithm"": ""OptimizationStrataSCAN"", ""algorithm_version"": ""0.2.3"", ""graph_seconds"": 0.015323400002671406, ""mdl_gamma_adaptive_search"": true, ""mdl_gamma_assignment"": ""maximum_posterior_basis_then_semantic_role"", ""mdl_gamma_background_basis_components"": [2, 3, 4, 5, 6], ""mdl_gamma_background_boundary"": ""largest_rate_gap"", ""mdl_gamma_background_components"": 5, ""mdl_gamma_background_distribution"": ""gamma_components"", ""mdl_gamma_background_fraction"": 0.8183333333333334, ""mdl_gamma_background_group"": 2, ""mdl_gamma_candidate_components"": [1, 2, 3, 4, 5, 6, 7, 8, 9, 10, 11, 12], ""mdl_gamma_candidate_converged"": [true, true, true, true, true, true, true, true, true, true, true, true], ""mdl_gamma_candidate_entropies"": [-0.0, 3.8076622131425473, 5.038302182287392, 20.550125208864095, 19.90867366505283, 20.354350248566615, 55.74626568799054, 55.87249310463237, 56.030288290725, 56.023194592875335, 56.01863585674333, 56.064948824775186], ""mdl_gamma_candidate_iterations"": [2, 6, 12, 11, 30, 8, 6, 6, 6, 6, 4, 6], ""mdl_gamma_candidate_log_likelihoods"": [-16199.615016594622, -6302.649465760268, -5601.025667716927, -5015.812871120588, -4957.5632278095045, -4955.267815206151, -4854.802789007535, -4853.755070858328, -4853.637905857507, -4849.345395409275, -4847.050252705743, -4846.173536600485], ""mdl_gamma_candidate_role_gains_nats"": [[0.0], [0.0, 0.0], [0.0, 0.0, 0.0], [0.0, 0.0, 0.0, 0.0], [0.0, 0.0, 0.0, 0.0, 0.0], [0.0, 0.0, 0.0, 0.0, 0.0, 0.0], [0.0, 0.0, 0.0, 0.0, 0.0, 0.0, 0.0], [0.0, 0.0, 0.0, 0.0, 0.0, 0.0, 0.0, 0.0], [0.0, 0.0, 0.0, 0.0, 0.0, 0.0, 0.0, 0.0, 0.0], [0.0, 0.0, 0.0, 0.0, 0.0, 0.0, 0.0, 0.0, 0.0, 0.0], [0.0, 0.0, 0.0, 0.0, 0.0, 0.0, 0.0, 0.0, 0.0, 0.0, 0.0], [0.0, 0.0, 0.0, 0.0, 0.0, 0.0, 0.0, 0.0, 0.0, 0.0, 0.0, 0.0]], ""mdl_gamma_candidate_role_threshold_sizes"": [[0], [0, 0], [0, 0, 0], [0, 0, 0, 0], [0, 0, 0, 0, 0], [0, 0, 0, 0, 0, 0], [0, 0, 0, 0, 0, 0, 0], [0, 0, 0, 0, 0, 0, 0, 0], [0, 0, 0, 0, 0, 0, 0, 0, 0], [0, 0, 0, 0, 0, 0, 0, 0, 0, 0], [0, 0, 0, 0, 0, 0, 0, 0, 0, 0, 0], [0, 0, 0, 0, 0, 0, 0, 0, 0, 0, 0, 0]], ""mdl_gamma_candidate_scores"": [32413.410186860798, 12648.364640125703, 11268.848554484637, 10150.716837852442, 10054.20487864998, 10071.775637117627, 9962.899646106573, 9982.32689514877, 10003.678386026642, 10016.349408241807, 10033.020235869808, 10052.629660102684], ""mdl_gamma_candidate_signal_components"": [[], [0], [0], [0], [0], [0], [0, 1], [0, 1], [0, 1], [0, 1], [0, 1], [0, 1]], ""mdl_gamma_criterion"": ""icl"", ""mdl_gamma_entropy_scope"": ""semantic"", ""mdl_gamma_fit_samples"": 1200, ""mdl_gamma_grouping"": ""largest_rate_gap"", ""mdl_gamma_guarded_confirmation"": true, ""mdl_gamma_log_rate_gaps"": [0.5124314470917435], ""mdl_gamma_mean_background_probability"": 0.8198798288608661, ""mdl_gamma_mean_posterior_entropy"": 0.04645522140665878, ""mdl_gamma_mu"": [4.0781091469963755, 3.584196475329086, 1.9807083392238765, 1.2821724625035635, 1.1513683284371403, 1.3513042454050783, 0.6579164439701586], ""mdl_gamma_n_init"": 1, ""mdl_gamma_ranks"": [4, 8, 16, 32], ""mdl_gamma_rates"": [[50.38213178227997, 46.544102437916585, 42.99844796391103, 39.72289571533359], [30.180775142709074, 27.624677010165236, 25.285062305641375, 23.14359641435469], [9.402620234008152, 10.709470339614052, 12.197956750421879, 13.89332470857983], [3.3555712357331755, 3.2376468939651324, 3.123866749832752, 3.0140851644137747], [3.269492872928125, 3.3243300597177754, 3.3800869968087355, 3.4367791106053533], [2.917241603368796, 2.5352839622676373, 2.2033364538298432, 1.9148511965631185], [1.5983048286297523, 1.4542017959646316, 1.323091080942127, 1.203801297265887]], ""mdl_gamma_role_evidence_neighbour_ranks"": [], ""mdl_gamma_search_caps"": [8, 12], ""mdl_gamma_search_hard_max"": 24, ""mdl_gamma_search_hit_hard_max"": false, ""mdl_gamma_search_initial_max"": 8, ""mdl_gamma_selected_components"": 7, ""mdl_gamma_signal_basis_components"": [0, 1], ""mdl_gamma_signal_components"": 2, ""mdl_gamma_slopes"": [-0.1143137903124371, -0.12767226304653503, 0.18775237554704496, -0.051612734334042176, 0.02399675036318198, -0.2024575298335203, -0.13631510289494053], ""mdl_gamma_split_warm_start"": true, ""mdl_gamma_tolerance"": 0.0001, ""mdl_gamma_weights"": [0.07993263111308532, 0.09952982579053354, 0.06245307775675781, 0.2915403012483396, 0.24207539682145565, 0.1771646660810007, 0.04730410118882725], ""optimization_background_events"": [], ""optimization_background_intrinsic_dimension"": 1.93563674564325, ""optimization_border_fraction"": 0.030833333333333334, ""optimization_border_model"": ""strict_local_core_radius"", ""optimization_border_seconds"": 0.00041730000521056354, ""optimization_boundary_component_gains_nats"": [[0.0, 0.0, 0.0, 0.0], [0.0, 0.0, 0.0, 0.0, 0.0, 0.0, 0.0, 0.0, 0.0, 0.0, 0.0, 0.0, 0.0], []], ""optimization_candidate_groups"": [0, 1, 2], ""optimization_clusters"": 4, ""optimization_connectivity_rank"": 4, ""optimization_core_fraction"": 0.17333333333333334, ""optimization_core_rank"": 4, ""optimization_description_gain_nats"": 4071.366090735717, ""optimization_group_gains_nats"": [2276.078840966331, 1241.6741062149606, 0.0], ""optimization_group_sizes"": [97, 121, 982], ""optimization_noise_fraction"": 0.7958333333333333, ""optimization_objective"": ""gamma_topology_component_and_attachment_description_gain"", ""optimization_objective_trace"": [0.0, -4071.366090735717], ""optimization_ordering_modes"": [""d4"", ""d4"", ""adaptive_d4_rank_windows_with_beta_boundary_code""], ""optimization_seconds"": 0.039048999999067746, ""optimization_selected_component_gains_nats"": [1195.738534933781, 1146.4002419599055, 149.18680544733795, 51.73769581386598, 795.4614802217673, 59.22768262003966, 215.7595960506425, 162.73433828032682, 58.6263281134206, 150.90645151875842, 43.86843749574247, 21.91022916388574], ""optimization_selected_groups"": [0, 1], ""optimization_selected_local_components"": [4, 8, 0], ""optimization_solver"": ""exact_stratum_event_sweep"", ""optimization_sparse_memory"": true, ""optimization_threshold_seconds"": 0.03875599999446422, ""optimization_threshold_sizes"": [97, 119, 0], ""optimization_thresholds"": [0.2703167498111725, 0.32535988092422485, 0.0], ""optimization_topology_evidence_ranks"": [5, 8], ""optimization_unified_background_scan"": true, ""stratification"": ""adaptive-semantic-information-criterion-gamma-v2""}","[{""coverage"": 0.79, ""f1"": 0.8826815642458101, ""fragments"": 1, ""matched_predicted_cluster"": 1, ""overlap"": 79, ""passes_discovery_thresholds"": true, ""precision"": 1.0, ""purity"": 1.0, ""recall"": 0.79, ""target"": ""cluster_0"", ""target_label"": 0, ""target_noise_loss"": 0.21, ""target_size"": 100}, {""coverage"": 0.44, ""f1"": 0.6111111111111112, ""fragments"": 2, ""matched_predicted_cluster"": 2, ""overlap"": 44, ""passes_discovery_thresholds"": true, ""precision"": 1.0, ""purity"": 1.0, ""recall"": 0.44, ""target"": ""cluster_1"", ""target_label"": 1, ""target_noise_loss"": 0.21, ""target_size"": 100}, {""coverage"": 0.87, ""f1"": 0.9304812834224598, ""fragments"": 1, ""matched_predicted_cluster"": 0, ""overlap"": 87, ""passes_discovery_thresholds"": true, ""precision"": 1.0, ""purity"": 1.0, ""recall"": 0.87, ""target"": ""cluster_2"", ""target_label"": 2, ""target_noise_loss"": 0.13, ""target_size"": 100}]"
synthetic__global_contamination_noise75__quality__signal300__n1200__StrataSCAN__227__f596c04834ff,ok,synthetic,global_contamination_noise75__quality__signal300__n1200,StrataSCAN,227,0.2.4,1200,2,0.0019287000031908974,0.47500610000861343,5.3570051999995485,216.171875,33.57421875,216.59765625,,,evaluation_state/synthetic__global_contamination_noise75__quality__signal300__n1200__StrataSCAN__227__f596c04834ff.npz,d98b44bed87aed951fa7092a58da579310d91451484c3f6ccaf01d748b3d5d89,2464,0.811430272528229,0.8327376125692421,0,0,1.0,known_synthetic_noise,0.9466666666666667,0.9630973614613445,1.0,3,3,0.1,0.9,full_partition,target-discovery-v1,0,0.05,0.8933333333333334,0.9435378528515783,0.10666666666666667,1.0,3,pairwise_f1,hungarian,1.0,0,3,0.9626405599290477,0.982532751091703,0.982532751091703,0.7766666666666666,0.9656652360515021,1.0,0.8873487431161727,1.0,0.7975084175084175,0.7766666666666666,3,macro,3,3,0.8933333333333333,0.9436619718309859,1.0,0.8933333333333333,0,3,1.0,1.0,3,0,0.0,0.8933333333333333,1.0,0.9435378528515783,1.0,"{""background_inner_edge"": 6.0, ""background_intensity"": 3.0, ""background_size"": 900, ""background_strip_height"": 10.0, ""background_support_area"": 300.0, ""controlled_factor"": ""global_background_support_at_fixed_local_intensity"", ""declared_noise_fraction"": 0.75, ""dimension"": 2, ""family"": ""global_contamination_invariance"", ""n"": 1200, ""n_targets"": 3, ""paired_background"": ""seeded_prefix"", ""realized_noise_fraction"": 0.75, ""signal_size"": 300}","{""ambiguous_model_confirmation_tolerance"": 1e-05, ""assignment"": ""maximum_posterior_basis_then_semantic_role"", ""background_model"": ""adaptive_gamma_basis_mixture_with_largest_rate_gap"", ""background_scan"": ""adaptive_dyadic_rank_windows_with_poisson_beta_boundary_code"", ""border_rule"": ""strict_local_core_radius"", ""component_initialization"": ""compiled_split_warm_single_start_with_guarded_confirmation"", ""component_selection"": ""semantic_icl_with_adaptive_bound"", ""connectivity"": ""density_ordered_non_merging_knn_watershed"", ""core_thresholds"": ""observed_d4_event_sweep"", ""duplicate_profile_confirmation_minimum"": 3, ""duplicate_profile_confirmation_tolerance"": 1e-08, ""extraction_objective"": ""gamma_topology_description_length"", ""fit_samples"": ""all_rows"", ""gamma_tolerance"": 0.0001, ""geometry_profile"": ""low_dim"", ""hard_component_bound"": 24, ""initial_component_bound"": 8, ""k"": 32, ""knn_backend"": ""kd_tree"", ""shell_ranks"": [4, 8, 16, 32], ""stratification_model"": ""adaptive_gamma_density_basis_with_semantic_background"", ""version"": ""0.2.3""}","{""algorithm"": ""OptimizationStrataSCAN"", ""algorithm_version"": ""0.2.3"", ""graph_seconds"": 0.01577779999934137, ""mdl_gamma_adaptive_search"": true, ""mdl_gamma_assignment"": ""maximum_posterior_basis_then_semantic_role"", ""mdl_gamma_background_basis_components"": [2, 3, 4, 5], ""mdl_gamma_background_boundary"": ""largest_rate_gap"", ""mdl_gamma_background_components"": 4, ""mdl_gamma_background_distribution"": ""gamma_components"", ""mdl_gamma_background_fraction"": 0.8116666666666666, ""mdl_gamma_background_group"": 2, ""mdl_gamma_candidate_components"": [1, 2, 3, 4, 5, 6, 7, 8], ""mdl_gamma_candidate_converged"": [true, true, true, true, true, true, true, true], ""mdl_gamma_candidate_entropies"": [-0.0, 3.1610269929550654, 4.594347990106823, 19.25939958959781, 18.917500344225175, 54.34745668074734, 52.694301592790666, 52.31100749273989], ""mdl_gamma_candidate_iterations"": [2, 6, 10, 10, 21, 11, 8, 5], ""mdl_gamma_candidate_log_likelihoods"": [-17637.213770214585, -6686.798705559261, -5875.571204401794, -5216.736846190033, -5170.386707874942, -5071.259904758913, -5069.917409685259, -5069.681412057856], ""mdl_gamma_candidate_role_gains_nats"": [[0.0], [0.0, 0.0], [0.0, 0.0, 0.0], [0.0, 0.0, 0.0, 0.0], [0.0, 0.0, 0.0, 0.0, 0.0], [0.0, 0.0, 0.0, 0.0, 0.0, 0.0], [0.0, 0.0, 0.0, 0.0, 0.0, 0.0, 0.0], [0.0, 0.0, 0.0, 0.0, 0.0, 0.0, 0.0, 0.0]], ""mdl_gamma_candidate_role_threshold_sizes"": [[0], [0, 0], [0, 0, 0], [0, 0, 0, 0], [0, 0, 0, 0, 0], [0, 0, 0, 0, 0, 0], [0, 0, 0, 0, 0, 0, 0], [0, 0, 0, 0, 0, 0, 0, 0]], ""mdl_gamma_candidate_scores"": [35288.60769410072, 13415.369849283314, 11817.05171947001, 10549.983336752799, 10477.8694921392, 10371.746029087513, 10387.024959271623, 10407.05660632404], ""mdl_gamma_candidate_signal_components"": [[], [0], [0], [0], [0], [0, 1], [0, 1], [0, 1]], ""mdl_gamma_criterion"": ""icl"", ""mdl_gamma_entropy_scope"": ""semantic"", ""mdl_gamma_fit_samples"": 1200, ""mdl_gamma_grouping"": ""largest_rate_gap"", ""mdl_gamma_guarded_confirmation"": true, ""mdl_gamma_log_rate_gaps"": [0.6415919936555903], ""mdl_gamma_mean_background_probability"": 0.8112050846138021, ""mdl_gamma_mean_posterior_entropy"": 0.04528954723395612, ""mdl_gamma_mu"": [4.130935555793663, 3.38645450274171, 1.8937076904131969, 1.1184905417192166, 1.398355765694279, 0.9563525212526258], ""mdl_gamma_n_init"": 1, ""mdl_gamma_ranks"": [4, 8, 16, 32], ""mdl_gamma_rates"": [[51.99541439674939, 47.5254576086051, 43.43977535543072, 39.70533221312145], [27.37317546840337, 26.340773270862968, 25.34730898532027, 24.391314035871073], [9.096152404238637, 10.643223748240114, 12.453420602574418, 14.571495288753018], [3.1832562298279057, 3.2466110418608056, 3.311226774133212, 3.377128522131945], [3.144720174773902, 2.7715576328719083, 2.4426757502781045, 2.152820042502237], [1.9956194063755075, 1.7476210475002354, 1.5304417845950369, 1.3402516863623009]], ""mdl_gamma_role_evidence_neighbour_ranks"": [], ""mdl_gamma_search_caps"": [8], ""mdl_gamma_search_hard_max"": 24, ""mdl_gamma_search_hit_hard_max"": false, ""mdl_gamma_search_initial_max"": 8, ""mdl_gamma_selected_components"": 6, ""mdl_gamma_signal_basis_components"": [0, 1], ""mdl_gamma_signal_components"": 2, ""mdl_gamma_slopes"": [-0.1296838758208592, -0.05546510794442822, 0.22660686632549087, 0.02843126533651217, -0.18223464021808417, -0.1914442178780368], ""mdl_gamma_split_warm_start"": true, ""mdl_gamma_tolerance"": 0.0001, ""mdl_gamma_weights"": [0.1078925453631652, 0.08040110406810555, 0.05612232125614262, 0.42702959573714605, 0.21942754609862922, 0.10912688747681086], ""optimization_background_events"": [], ""optimization_background_intrinsic_dimension"": 1.9670688467216657, ""optimization_border_fraction"": 0.03916666666666667, ""optimization_border_model"": ""strict_local_core_radius"", ""optimization_border_seconds"": 0.0005341999931260943, ""optimization_boundary_component_gains_nats"": [[0.0, 0.0, 0.0, 0.0], [0.0, 0.0, 0.0, 0.0, 0.0, 0.0, 0.0, 0.0, 0.0, 0.0, 0.0, 0.0, 0.0, 0.0, 0.0, 0.0, 0.0], []], ""optimization_candidate_groups"": [0, 1, 2], ""optimization_clusters"": 3, ""optimization_connectivity_rank"": 4, ""optimization_core_fraction"": 0.18416666666666667, ""optimization_core_rank"": 4, ""optimization_description_gain_nats"": 4443.310400457561, ""optimization_group_gains_nats"": [3114.9138311007428, 720.5316938257466, 0.0], ""optimization_group_sizes"": [134, 92, 974], ""optimization_noise_fraction"": 0.7766666666666666, ""optimization_objective"": ""gamma_topology_component_and_attachment_description_gain"", ""optimization_objective_trace"": [0.0, -4443.310400457561], ""optimization_ordering_modes"": [""d4"", ""d4"", ""adaptive_d4_rank_windows_with_beta_boundary_code""], ""optimization_seconds"": 0.0431683999922825, ""optimization_selected_component_gains_nats"": [951.2008611943262, 1214.3220539079007, 1283.0501090570942, 146.39175791915912, 34.576023732463185, 162.6299795294735, 103.22711172614689, 3.6264078766149446, 118.86346047986416, 40.791873807405025, 70.63592899289355, 45.901428698591275, 52.33378229312444, 61.248460207078125, 26.829922577642133, 77.50337911279006, 14.196831417369975, 13.1866022782155], ""optimization_selected_groups"": [0, 1], ""optimization_selected_local_components"": [4, 14, 0], ""optimization_solver"": ""exact_stratum_event_sweep"", ""optimization_sparse_memory"": true, ""optimization_threshold_seconds"": 0.04278340000018943, ""optimization_threshold_sizes"": [134, 92, 0], ""optimization_thresholds"": [0.24126504361629486, 0.3703421354293823, 0.0], ""optimization_topology_evidence_ranks"": [5, 8], ""optimization_unified_background_scan"": true, ""stratification"": ""adaptive-semantic-information-criterion-gamma-v2""}","[{""coverage"": 0.89, ""f1"": 0.9417989417989417, ""fragments"": 1, ""matched_predicted_cluster"": 0, ""overlap"": 89, ""passes_discovery_thresholds"": true, ""precision"": 1.0, ""purity"": 1.0, ""recall"": 0.89, ""target"": ""cluster_0"", ""target_label"": 0, ""target_noise_loss"": 0.11, ""target_size"": 100}, {""coverage"": 0.87, ""f1"": 0.9304812834224598, ""fragments"": 1, ""matched_predicted_cluster"": 1, ""overlap"": 87, ""passes_discovery_thresholds"": true, ""precision"": 1.0, ""purity"": 1.0, ""recall"": 0.87, ""target"": ""cluster_1"", ""target_label"": 1, ""target_noise_loss"": 0.13, ""target_size"": 100}, {""coverage"": 0.92, ""f1"": 0.9583333333333334, ""fragments"": 1, ""matched_predicted_cluster"": 2, ""overlap"": 92, ""passes_discovery_thresholds"": true, ""precision"": 1.0, ""purity"": 1.0, ""recall"": 0.92, ""target"": ""cluster_2"", ""target_label"": 2, ""target_noise_loss"": 0.08, ""target_size"": 100}]"
synthetic__global_contamination_noise75__quality__signal300__n1200__StrataSCAN__229__29c115a5ce6a,ok,synthetic,global_contamination_noise75__quality__signal300__n1200,StrataSCAN,229,0.2.4,1200,2,0.0016592999891145155,0.5710228999960236,5.554786699998658,216.08984375,34.23828125,217.26171875,,,evaluation_state/synthetic__global_contamination_noise75__quality__signal300__n1200__StrataSCAN__229__29c115a5ce6a.npz,b110d21a3bc97426b6c5d6ae24dbc6f2a765b37587472d2024ff6decd8a9d38a,2410,0.6006785589242045,0.4827656363010802,0,0,1.0,known_synthetic_noise,0.8283333333333334,0.8693157367748265,1.0,3,3,0.1,0.9,full_partition,target-discovery-v1,0,0.05,0.6566666666666667,0.7874896729398367,0.3433333333333333,1.0,3,pairwise_f1,hungarian,1.0,0,3,0.8594461194694603,0.9458749343142406,0.9458749343142406,0.8358333333333333,0.8973080757726819,1.0,0.6124737210932025,1.0,0.4414141414141414,0.8358333333333333,3,macro,1,0,0.6566666666666666,0.7927565392354123,1.0,0.6566666666666666,0,3,1.0,0.3333333333333333,3,0,0.0,0.6566666666666666,1.0,0.7874896729398367,1.0,"{""background_inner_edge"": 6.0, ""background_intensity"": 3.0, ""background_size"": 900, ""background_strip_height"": 10.0, ""background_support_area"": 300.0, ""controlled_factor"": ""global_background_support_at_fixed_local_intensity"", ""declared_noise_fraction"": 0.75, ""dimension"": 2, ""family"": ""global_contamination_invariance"", ""n"": 1200, ""n_targets"": 3, ""paired_background"": ""seeded_prefix"", ""realized_noise_fraction"": 0.75, ""signal_size"": 300}","{""ambiguous_model_confirmation_tolerance"": 1e-05, ""assignment"": ""maximum_posterior_basis_then_semantic_role"", ""background_model"": ""adaptive_gamma_basis_mixture_with_largest_rate_gap"", ""background_scan"": ""adaptive_dyadic_rank_windows_with_poisson_beta_boundary_code"", ""border_rule"": ""strict_local_core_radius"", ""component_initialization"": ""compiled_split_warm_single_start_with_guarded_confirmation"", ""component_selection"": ""semantic_icl_with_adaptive_bound"", ""connectivity"": ""density_ordered_non_merging_knn_watershed"", ""core_thresholds"": ""observed_d4_event_sweep"", ""duplicate_profile_confirmation_minimum"": 3, ""duplicate_profile_confirmation_tolerance"": 1e-08, ""extraction_objective"": ""gamma_topology_description_length"", ""fit_samples"": ""all_rows"", ""gamma_tolerance"": 0.0001, ""geometry_profile"": ""low_dim"", ""hard_component_bound"": 24, ""initial_component_bound"": 8, ""k"": 32, ""knn_backend"": ""kd_tree"", ""shell_ranks"": [4, 8, 16, 32], ""stratification_model"": ""adaptive_gamma_density_basis_with_semantic_background"", ""version"": ""0.2.3""}","{""algorithm"": ""OptimizationStrataSCAN"", ""algorithm_version"": ""0.2.3"", ""graph_seconds"": 0.015180100002908148, ""mdl_gamma_adaptive_search"": true, ""mdl_gamma_assignment"": ""maximum_posterior_basis_then_semantic_role"", ""mdl_gamma_background_basis_components"": [1, 2, 3, 4, 5, 6, 7], ""mdl_gamma_background_boundary"": ""largest_rate_gap"", ""mdl_gamma_background_components"": 7, ""mdl_gamma_background_distribution"": ""gamma_components"", ""mdl_gamma_background_fraction"": 0.8658333333333333, ""mdl_gamma_background_group"": 1, ""mdl_gamma_candidate_components"": [1, 2, 3, 4, 5, 6, 7, 8, 9, 10, 11, 12], ""mdl_gamma_candidate_converged"": [true, true, true, true, true, true, true, true, true, true, true, true], ""mdl_gamma_candidate_entropies"": [-0.0, 3.1761770560847573, 2.8461884882797595, 10.399552947026194, 10.388601820363588, 10.421208426007853, 41.144192631467945, 23.960847431942852, 82.12427569552548, 80.70362993295895, 80.24776302380786, 80.03008318794635], ""mdl_gamma_candidate_iterations"": [2, 7, 11, 20, 35, 8, 21, 5, 5, 6, 5, 4], ""mdl_gamma_candidate_log_likelihoods"": [-17244.15723728984, -6962.224300742071, -6169.984376563632, -5492.252693850121, -5419.539930925381, -5412.626091732373, -5314.825063283993, -5312.282353141214, -5285.209458390681, -5284.504121123487, -5285.29523627044, -5280.869214920057], ""mdl_gamma_candidate_role_gains_nats"": [[0.0], [0.0, 0.0], [0.0, 0.0, 0.0], [0.0, 0.0, 0.0, 0.0], [0.0, 0.0, 0.0, 0.0, 0.0], [0.0, 0.0, 0.0, 0.0, 0.0, 0.0], [0.0, 0.0, 0.0, 0.0, 0.0, 0.0, 0.0], [0.0, 0.0, 0.0, 0.0, 0.0, 0.0, 0.0, 0.0], [0.0, 0.0, 0.0, 0.0, 0.0, 0.0, 0.0, 0.0, 0.0], [0.0, 0.0, 0.0, 0.0, 0.0, 0.0, 0.0, 0.0, 0.0, 0.0], [0.0, 0.0, 0.0, 0.0, 0.0, 0.0, 0.0, 0.0, 0.0, 0.0, 0.0], [0.0, 0.0, 0.0, 0.0, 0.0, 0.0, 0.0, 0.0, 0.0, 0.0, 0.0, 0.0]], ""mdl_gamma_candidate_role_threshold_sizes"": [[0], [0, 0], [0, 0, 0], [0, 0, 0, 0], [0, 0, 0, 0, 0], [0, 0, 0, 0, 0, 0], [0, 0, 0, 0, 0, 0, 0], [0, 0, 0, 0, 0, 0, 0, 0], [0, 0, 0, 0, 0, 0, 0, 0, 0], [0, 0, 0, 0, 0, 0, 0, 0, 0, 0], [0, 0, 0, 0, 0, 0, 0, 0, 0, 0, 0], [0, 0, 0, 0, 0, 0, 0, 0, 0, 0, 0, 0]], ""mdl_gamma_candidate_scores"": [34502.49462825123, 13966.251339775194, 12402.381744790033, 11083.295338787831, 10959.118141192355, 10966.625906524956, 10853.740048546444, 10835.558168369163, 10919.00946590259, 10936.027730350399, 10957.96845733333, 10969.95128546817], ""mdl_gamma_candidate_signal_components"": [[], [0], [0], [0], [0], [0], [0, 1], [0], [0, 1], [0, 1], [0, 1], [0, 1]], ""mdl_gamma_criterion"": ""icl"", ""mdl_gamma_entropy_scope"": ""semantic"", ""mdl_gamma_fit_samples"": 1200, ""mdl_gamma_grouping"": ""largest_rate_gap"", ""mdl_gamma_guarded_confirmation"": true, ""mdl_gamma_log_rate_gaps"": [], ""mdl_gamma_mean_background_probability"": 0.8661010752951099, ""mdl_gamma_mean_posterior_entropy"": 0.019967372859952377, ""mdl_gamma_mu"": [4.248353426375247, 2.8714661970580675, 1.6661594921071536, 1.357718030041605, 1.084658426917751, 1.1319676451444023, 1.2916115844003881, 0.36238758108101443], ""mdl_gamma_n_init"": 1, ""mdl_gamma_ranks"": [4, 8, 16, 32], ""mdl_gamma_rates"": [[51.653395516891806, 44.37415424082974, 38.120738140922775, 32.74858307207327], [18.33324605530787, 18.67790184145874, 19.029036982687753, 19.386773287604875], [7.0900047951899925, 8.206686749808851, 9.499247088687387, 10.995386811131493], [3.5283491712354844, 3.36149609757298, 3.202533384767498, 3.0510879033759464], [3.0889335025335933, 3.156328914442557, 3.2251947825923732, 3.2955631899022655], [2.822444427569838, 2.692368175815891, 2.5682866678751712, 2.449923627694968], [2.6209145409480383, 2.2243821357200635, 1.88784327318082, 1.602221204199867], [1.2731205181140586, 1.1984303883282164, 1.1281221025296893, 1.0619385911862087]], ""mdl_gamma_role_evidence_neighbour_ranks"": [], ""mdl_gamma_search_caps"": [8, 12], ""mdl_gamma_search_hard_max"": 24, ""mdl_gamma_search_hit_hard_max"": false, ""mdl_gamma_search_initial_max"": 8, ""mdl_gamma_selected_components"": 8, ""mdl_gamma_signal_basis_components"": [0], ""mdl_gamma_signal_components"": 1, ""mdl_gamma_slopes"": [-0.21914356763054627, 0.02687015104447217, 0.2110132833057142, -0.06988986471640214, 0.031138739949657768, -0.06806946635848965, -0.2366656572414837, -0.087222884880156], ""mdl_gamma_split_warm_start"": true, ""mdl_gamma_tolerance"": 0.0001, ""mdl_gamma_weights"": [0.13339759894592454, 0.069701586467737, 0.042718006385383166, 0.1807409451760352, 0.2200616076693671, 0.18179476634445083, 0.1430272314755295, 0.028558257535572635], ""optimization_background_events"": [], ""optimization_background_intrinsic_dimension"": 1.96097609362387, ""optimization_border_fraction"": 0.03, ""optimization_border_model"": ""strict_local_core_radius"", ""optimization_border_seconds"": 0.0008922999986680225, ""optimization_boundary_component_gains_nats"": [[0.0, 0.0, 0.0, 0.0, 0.0], []], ""optimization_candidate_groups"": [0, 1], ""optimization_clusters"": 3, ""optimization_connectivity_rank"": 4, ""optimization_core_fraction"": 0.13416666666666666, ""optimization_core_rank"": 4, ""optimization_description_gain_nats"": 2644.9257784659953, ""optimization_group_gains_nats"": [2055.48275139137, 0.0], ""optimization_group_sizes"": [161, 1039], ""optimization_noise_fraction"": 0.8358333333333333, ""optimization_objective"": ""gamma_topology_component_and_attachment_description_gain"", ""optimization_objective_trace"": [0.0, -2644.9257784659953], ""optimization_ordering_modes"": [""d4"", ""adaptive_d4_rank_windows_with_beta_boundary_code""], ""optimization_seconds"": 0.04488580000179354, ""optimization_selected_component_gains_nats"": [1076.5387015599113, 518.7165856146332, 24.463856705083348, 866.1344981782596, 138.20742548444272], ""optimization_selected_groups"": [0], ""optimization_selected_local_components"": [5, 0], ""optimization_solver"": ""exact_stratum_event_sweep"", ""optimization_sparse_memory"": true, ""optimization_threshold_seconds"": 0.044233300010091625, ""optimization_threshold_sizes"": [161, 0], ""optimization_thresholds"": [0.2859513461589813, 0.0], ""optimization_topology_evidence_ranks"": [5, 8], ""optimization_unified_background_scan"": true, ""stratification"": ""adaptive-semantic-information-criterion-gamma-v2""}","[{""coverage"": 0.81, ""f1"": 0.8950276243093923, ""fragments"": 1, ""matched_predicted_cluster"": 0, ""overlap"": 81, ""passes_discovery_thresholds"": true, ""precision"": 1.0, ""purity"": 1.0, ""recall"": 0.81, ""target"": ""cluster_0"", ""target_label"": 0, ""target_noise_loss"": 0.19, ""target_size"": 100}, {""coverage"": 0.55, ""f1"": 0.7096774193548387, ""fragments"": 1, ""matched_predicted_cluster"": 1, ""overlap"": 55, ""passes_discovery_thresholds"": true, ""precision"": 1.0, ""purity"": 1.0, ""recall"": 0.55, ""target"": ""cluster_1"", ""target_label"": 1, ""target_noise_loss"": 0.45, ""target_size"": 100}, {""coverage"": 0.61, ""f1"": 0.7577639751552795, ""fragments"": 1, ""matched_predicted_cluster"": 2, ""overlap"": 61, ""passes_discovery_thresholds"": true, ""precision"": 1.0, ""purity"": 1.0, ""recall"": 0.61, ""target"": ""cluster_2"", ""target_label"": 2, ""target_noise_loss"": 0.39, ""target_size"": 100}]"
synthetic__global_contamination_noise75__quality__signal300__n1200__StrataSCAN__233__9fd9be7129f0,ok,synthetic,global_contamination_noise75__quality__signal300__n1200,StrataSCAN,233,0.2.4,1200,2,0.002019000006839633,0.5936939999955939,5.613380499999039,216.4765625,34.52734375,216.90234375,,,evaluation_state/synthetic__global_contamination_noise75__quality__signal300__n1200__StrataSCAN__233__9fd9be7129f0.npz,d6e6737f5a0f9cf24b520dd0f767391ee6898898a1a17ba9a0b548eb3384202f,2488,0.7796813263477352,0.7868959738889391,0,0,1.0,known_synthetic_noise,0.9316666666666666,0.9521921177239949,1.0,3,3,0.1,0.9,full_partition,target-discovery-v1,0,0.05,0.8633333333333333,0.9261170511170511,0.1366666666666667,1.0,3,pairwise_f1,hungarian,1.0,0,3,0.9512236776374142,0.977729494839761,0.977729494839761,0.7841666666666667,0.9564293304994687,1.0,0.8544760288502333,1.0,0.7459259259259259,0.7841666666666667,3,macro,3,3,0.8633333333333333,0.9266547406082289,1.0,0.8633333333333333,0,3,1.0,1.0,3,0,0.0,0.8633333333333333,1.0,0.9261170511170511,1.0,"{""background_inner_edge"": 6.0, ""background_intensity"": 3.0, ""background_size"": 900, ""background_strip_height"": 10.0, ""background_support_area"": 300.0, ""controlled_factor"": ""global_background_support_at_fixed_local_intensity"", ""declared_noise_fraction"": 0.75, ""dimension"": 2, ""family"": ""global_contamination_invariance"", ""n"": 1200, ""n_targets"": 3, ""paired_background"": ""seeded_prefix"", ""realized_noise_fraction"": 0.75, ""signal_size"": 300}","{""ambiguous_model_confirmation_tolerance"": 1e-05, ""assignment"": ""maximum_posterior_basis_then_semantic_role"", ""background_model"": ""adaptive_gamma_basis_mixture_with_largest_rate_gap"", ""background_scan"": ""adaptive_dyadic_rank_windows_with_poisson_beta_boundary_code"", ""border_rule"": ""strict_local_core_radius"", ""component_initialization"": ""compiled_split_warm_single_start_with_guarded_confirmation"", ""component_selection"": ""semantic_icl_with_adaptive_bound"", ""connectivity"": ""density_ordered_non_merging_knn_watershed"", ""core_thresholds"": ""observed_d4_event_sweep"", ""duplicate_profile_confirmation_minimum"": 3, ""duplicate_profile_confirmation_tolerance"": 1e-08, ""extraction_objective"": ""gamma_topology_description_length"", ""fit_samples"": ""all_rows"", ""gamma_tolerance"": 0.0001, ""geometry_profile"": ""low_dim"", ""hard_component_bound"": 24, ""initial_component_bound"": 8, ""k"": 32, ""knn_backend"": ""kd_tree"", ""shell_ranks"": [4, 8, 16, 32], ""stratification_model"": ""adaptive_gamma_density_basis_with_semantic_background"", ""version"": ""0.2.3""}","{""algorithm"": ""OptimizationStrataSCAN"", ""algorithm_version"": ""0.2.3"", ""graph_seconds"": 0.020653300001868047, ""mdl_gamma_adaptive_search"": true, ""mdl_gamma_assignment"": ""maximum_posterior_basis_then_semantic_role"", ""mdl_gamma_background_basis_components"": [2, 3, 4, 5, 6], ""mdl_gamma_background_boundary"": ""largest_rate_gap"", ""mdl_gamma_background_components"": 5, ""mdl_gamma_background_distribution"": ""gamma_components"", ""mdl_gamma_background_fraction"": 0.8083333333333333, ""mdl_gamma_background_group"": 2, ""mdl_gamma_candidate_components"": [1, 2, 3, 4, 5, 6, 7, 8, 9, 10, 11, 12], ""mdl_gamma_candidate_converged"": [true, true, true, true, true, true, true, true, true, true, true, true], ""mdl_gamma_candidate_entropies"": [-0.0, 1.9978877586042154, 2.583292174417704, 15.982460247048298, 19.7330455557441, 19.89392021962007, 43.49133442690213, 42.163870693386244, 41.92278471636505, 41.72535682311727, 41.63782425859395, 104.7820704939056], ""mdl_gamma_candidate_iterations"": [2, 6, 10, 25, 35, 11, 11, 6, 6, 5, 6, 8], ""mdl_gamma_candidate_log_likelihoods"": [-17428.43063213792, -6784.979167691125, -6013.510601146578, -5370.954294947625, -5272.507244135024, -5256.207051604388, -5118.273103462664, -5117.932420378063, -5117.523602699478, -5115.77529081744, -5116.23375782949, -5103.328792809111], ""mdl_gamma_candidate_role_gains_nats"": [[0.0], [0.0, 0.0], [0.0, 0.0, 0.0], [0.0, 0.0, 0.0, 0.0], [0.0, 0.0, 0.0, 0.0, 0.0], [0.0, 0.0, 0.0, 0.0, 0.0, 0.0], [0.0, 0.0, 0.0, 0.0, 0.0, 0.0, 0.0], [0.0, 0.0, 0.0, 0.0, 0.0, 0.0, 0.0, 0.0], [0.0, 0.0, 0.0, 0.0, 0.0, 0.0, 0.0, 0.0, 0.0], [0.0, 0.0, 0.0, 0.0, 0.0, 0.0, 0.0, 0.0, 0.0, 0.0], [0.0, 0.0, 0.0, 0.0, 0.0, 0.0, 0.0, 0.0, 0.0, 0.0, 0.0], [0.0, 0.0, 0.0, 0.0, 0.0, 0.0, 0.0, 0.0, 0.0, 0.0, 0.0, 0.0]], ""mdl_gamma_candidate_role_threshold_sizes"": [[0], [0, 0], [0, 0, 0], [0, 0, 0, 0], [0, 0, 0, 0, 0], [0, 0, 0, 0, 0, 0], [0, 0, 0, 0, 0, 0, 0], [0, 0, 0, 0, 0, 0, 0, 0], [0, 0, 0, 0, 0, 0, 0, 0, 0], [0, 0, 0, 0, 0, 0, 0, 0, 0, 0], [0, 0, 0, 0, 0, 0, 0, 0, 0, 0, 0], [0, 0, 0, 0, 0, 0, 0, 0, 0, 0, 0, 0]], ""mdl_gamma_candidate_scores"": [34871.04141794739, 13609.404495078341, 12088.908401328199, 10851.864355582884, 10683.741655082402, 10672.733249856208, 10465.330412494655, 10483.264349365749, 10503.234772561864, 10520.613523518621, 10542.625622921003, 10664.374415858198], ""mdl_gamma_candidate_signal_components"": [[], [0], [0], [0], [0], [0], [0, 1], [0, 1], [0, 1], [0, 1], [0, 1], [0, 1, 2]], ""mdl_gamma_criterion"": ""icl"", ""mdl_gamma_entropy_scope"": ""semantic"", ""mdl_gamma_fit_samples"": 1200, ""mdl_gamma_grouping"": ""largest_rate_gap"", ""mdl_gamma_guarded_confirmation"": true, ""mdl_gamma_log_rate_gaps"": [0.7848527521562256], ""mdl_gamma_mean_background_probability"": 0.8086416531398387, ""mdl_gamma_mean_posterior_entropy"": 0.036242778689085105, ""mdl_gamma_mu"": [4.18747567320489, 3.2357410927332726, 1.65295398709008, 1.5110703147644404, 0.8709214832960406, 1.1379993828209898, 0.472280581342309], ""mdl_gamma_n_init"": 1, ""mdl_gamma_ranks"": [4, 8, 16, 32], ""mdl_gamma_rates"": [[53.70665312682985, 48.50017934103676, 43.79843574608495, 39.55249237977198], [24.500269954443578, 24.050496905541547, 23.60898073690634, 23.175569869709676], [7.513338393180217, 9.01187224655394, 10.809288379973163, 12.965198804954397], [3.6433419727396434, 3.2668196248036896, 2.9292091000114193, 2.626489043485318], [2.7421345991388115, 2.9377508165098307, 3.147321748033307, 3.371842884010066], [2.4159023496277423, 2.1257179415693512, 1.870388829170229, 1.6457283931573985], [1.2625723340203978, 1.1202887577852596, 0.9940396023280547, 0.8820178941632493]], ""mdl_gamma_role_evidence_neighbour_ranks"": [], ""mdl_gamma_search_caps"": [8, 12], ""mdl_gamma_search_hard_max"": 24, ""mdl_gamma_search_hit_hard_max"": false, ""mdl_gamma_search_initial_max"": 8, ""mdl_gamma_selected_components"": 7, ""mdl_gamma_signal_basis_components"": [0, 1], ""mdl_gamma_signal_components"": 2, ""mdl_gamma_slopes"": [-0.14711073688940154, -0.026730943826852024, 0.2623727806325299, -0.15737561666117691, 0.09941264167781141, -0.18461196189166582, -0.1724954044748671], ""mdl_gamma_split_warm_start"": true, ""mdl_gamma_tolerance"": 0.0001, ""mdl_gamma_weights"": [0.10423420981950365, 0.0864762744538289, 0.04949152021181897, 0.32977203999108357, 0.24924006973988772, 0.15890319561014016, 0.021882690173737705], ""optimization_background_events"": [], ""optimization_background_intrinsic_dimension"": 1.94877075924306, ""optimization_border_fraction"": 0.025, ""optimization_border_model"": ""strict_local_core_radius"", ""optimization_border_seconds"": 0.0006425000028684735, ""optimization_boundary_component_gains_nats"": [[0.0, 0.0, 0.0], [0.0, 0.0, 0.0, 0.0, 0.0, 0.0, 0.0, 0.0, 0.0, 0.0, 0.0, 0.0, 0.0], []], ""optimization_candidate_groups"": [0, 1, 2], ""optimization_clusters"": 3, ""optimization_connectivity_rank"": 4, ""optimization_core_fraction"": 0.19083333333333333, ""optimization_core_rank"": 4, ""optimization_description_gain_nats"": 5101.036749150349, ""optimization_group_gains_nats"": [3480.206588050096, 955.7108045673875, 0.0], ""optimization_group_sizes"": [130, 100, 970], ""optimization_noise_fraction"": 0.7841666666666667, ""optimization_objective"": ""gamma_topology_component_and_attachment_description_gain"", ""optimization_objective_trace"": [0.0, -5101.036749150349], ""optimization_ordering_modes"": [""d4"", ""d4"", ""adaptive_d4_rank_windows_with_beta_boundary_code""], ""optimization_seconds"": 0.045303200007765554, ""optimization_selected_component_gains_nats"": [1052.9516212316894, 1287.8016673517895, 1601.0703846851425, 62.06165211809612, 43.833666359204, 30.15396552892447, 56.83344172966861, 113.93840343360571, 250.6274290841927, 68.78277239124665, 147.80048394308247, 42.30074351318126, 134.38374216683223, 133.7774671343826, 59.835194187492164], ""optimization_selected_groups"": [0, 1], ""optimization_selected_local_components"": [3, 12, 0], ""optimization_solver"": ""exact_stratum_event_sweep"", ""optimization_sparse_memory"": true, ""optimization_threshold_seconds"": 0.04482270000153221, ""optimization_threshold_sizes"": [130, 100, 0], ""optimization_thresholds"": [0.271749347448349, 0.3880634903907776, 0.0], ""optimization_topology_evidence_ranks"": [5, 8], ""optimization_unified_background_scan"": true, ""stratification"": ""adaptive-semantic-information-criterion-gamma-v2""}","[{""coverage"": 0.92, ""f1"": 0.9583333333333334, ""fragments"": 1, ""matched_predicted_cluster"": 0, ""overlap"": 92, ""passes_discovery_thresholds"": true, ""precision"": 1.0, ""purity"": 1.0, ""recall"": 0.92, ""target"": ""cluster_0"", ""target_label"": 0, ""target_noise_loss"": 0.08, ""target_size"": 100}, {""coverage"": 0.82, ""f1"": 0.9010989010989011, ""fragments"": 1, ""matched_predicted_cluster"": 1, ""overlap"": 82, ""passes_discovery_thresholds"": true, ""precision"": 1.0, ""purity"": 1.0, ""recall"": 0.82, ""target"": ""cluster_1"", ""target_label"": 1, ""target_noise_loss"": 0.18, ""target_size"": 100}, {""coverage"": 0.85, ""f1"": 0.9189189189189189, ""fragments"": 1, ""matched_predicted_cluster"": 2, ""overlap"": 85, ""passes_discovery_thresholds"": true, ""precision"": 1.0, ""purity"": 1.0, ""recall"": 0.85, ""target"": ""cluster_2"", ""target_label"": 2, ""target_noise_loss"": 0.15, ""target_size"": 100}]"
synthetic__global_contamination_noise75__quality__signal300__n1200__VDBSCAN-2007__211__8cda98fdb4c4,ok,synthetic,global_contamination_noise75__quality__signal300__n1200,VDBSCAN-2007,211,0.2.4,1200,2,0.0018191999988630414,0.029093599994666874,4.745395500009181,183.375,1.38671875,183.78515625,,,evaluation_state/synthetic__global_contamination_noise75__quality__signal300__n1200__VDBSCAN-2007__211__8cda98fdb4c4.npz,628bd22fdcf353aee2540882ee4f27b96c6f15cde1fce57137bdfd11dd68bb80,3484,0.8403177665144367,0.8596556265066737,35,35,0.09333333333333334,known_synthetic_noise,0.5316666666666666,0.29141517273365586,13.666666666666666,6,3,0.1,0.9,full_partition,target-discovery-v1,3,0.05,0.9033333333333333,0.9485785953177258,0.03,1.0,3,pairwise_f1,hungarian,2.0,0,41,0.2871532026879369,0.1691842900302115,0.1691842900302115,0.0775,0.9032258064516129,0.09333333333333334,0.3936352193138172,0.2588504966465744,0.8212794612794613,0.0775,41,macro,3,3,0.97,0.4136460554371002,0.26287262872628725,0.97,35,3,1.0,1.0,3,38,0.0,0.9033333333333333,1.0,0.9485785953177257,1.0,"{""background_inner_edge"": 6.0, ""background_intensity"": 3.0, ""background_size"": 900, ""background_strip_height"": 10.0, ""background_support_area"": 300.0, ""controlled_factor"": ""global_background_support_at_fixed_local_intensity"", ""declared_noise_fraction"": 0.75, ""dimension"": 2, ""family"": ""global_contamination_invariance"", ""n"": 1200, ""n_targets"": 3, ""paired_background"": ""seeded_prefix"", ""realized_noise_fraction"": 0.75, ""signal_size"": 300}","{""eps_values"": [0.32511812448501587, 0.7332755923271179, 0.8450344204902649], ""geometry_profile"": ""low_dim"", ""knee_prominence"": 0.03, ""knn_backend"": ""kd_tree"", ""max_eps_values"": 3, ""min_samples"": 5}",{},"[{""coverage"": 0.92, ""f1"": 0.9583333333333334, ""fragments"": 2, ""matched_predicted_cluster"": 0, ""overlap"": 92, ""passes_discovery_thresholds"": true, ""precision"": 1.0, ""purity"": 1.0, ""recall"": 0.92, ""target"": ""cluster_0"", ""target_label"": 0, ""target_noise_loss"": 0.03, ""target_size"": 100}, {""coverage"": 0.84, ""f1"": 0.9130434782608696, ""fragments"": 3, ""matched_predicted_cluster"": 2, ""overlap"": 84, ""passes_discovery_thresholds"": true, ""precision"": 1.0, ""purity"": 1.0, ""recall"": 0.84, ""target"": ""cluster_1"", ""target_label"": 1, ""target_noise_loss"": 0.01, ""target_size"": 100}, {""coverage"": 0.95, ""f1"": 0.9743589743589743, ""fragments"": 1, ""matched_predicted_cluster"": 1, ""overlap"": 95, ""passes_discovery_thresholds"": true, ""precision"": 1.0, ""purity"": 1.0, ""recall"": 0.95, ""target"": ""cluster_2"", ""target_label"": 2, ""target_noise_loss"": 0.05, ""target_size"": 100}]"
synthetic__global_contamination_noise75__quality__signal300__n1200__VDBSCAN-2007__223__9690f085d003,ok,synthetic,global_contamination_noise75__quality__signal300__n1200,VDBSCAN-2007,223,0.2.4,1200,2,0.0018998000014107674,0.0265567999886116,4.790196799993282,183.0,1.47265625,183.45703125,,,evaluation_state/synthetic__global_contamination_noise75__quality__signal300__n1200__VDBSCAN-2007__223__9690f085d003.npz,7fe85feabaa0648c6873ac5bdcbc9ce4fccba8a440b3712d530abbc487fbe89d,2891,0.7971447261740591,0.8058506887395505,7,7,0.03222222222222222,known_synthetic_noise,0.4911111111111111,0.2264620972248091,4.333333333333333,6,3,0.1,0.9,full_partition,target-discovery-v1,3,0.05,0.8666666666666667,0.9282806594438737,0.049999999999999996,1.0,3,pairwise_f1,hungarian,2.0,0,13,0.1152530331584154,0.06144067796610169,0.06144067796610169,0.03666666666666667,0.6590909090909091,0.03222222222222222,0.11080313316955252,0.05977149473885492,0.7577777777777778,0.03666666666666667,13,macro,3,3,0.95,0.3914835164835165,0.24653979238754326,0.95,7,3,1.0,1.0,3,10,0.0,0.8666666666666667,1.0,0.9282806594438737,1.0,"{""background_inner_edge"": 6.0, ""background_intensity"": 3.0, ""background_size"": 900, ""background_strip_height"": 10.0, ""background_support_area"": 300.0, ""controlled_factor"": ""global_background_support_at_fixed_local_intensity"", ""declared_noise_fraction"": 0.75, ""dimension"": 2, ""family"": ""global_contamination_invariance"", ""n"": 1200, ""n_targets"": 3, ""paired_background"": ""seeded_prefix"", ""realized_noise_fraction"": 0.75, ""signal_size"": 300}","{""eps_values"": [0.3195790946483612, 0.8352223038673401], ""geometry_profile"": ""low_dim"", ""knee_prominence"": 0.03, ""knn_backend"": ""kd_tree"", ""max_eps_values"": 3, ""min_samples"": 5}",{},"[{""coverage"": 0.85, ""f1"": 0.9189189189189189, ""fragments"": 2, ""matched_predicted_cluster"": 2, ""overlap"": 85, ""passes_discovery_thresholds"": true, ""precision"": 1.0, ""purity"": 1.0, ""recall"": 0.85, ""target"": ""cluster_0"", ""target_label"": 0, ""target_noise_loss"": 0.08, ""target_size"": 100}, {""coverage"": 0.84, ""f1"": 0.9130434782608696, ""fragments"": 2, ""matched_predicted_cluster"": 0, ""overlap"": 84, ""passes_discovery_thresholds"": true, ""precision"": 1.0, ""purity"": 1.0, ""recall"": 0.84, ""target"": ""cluster_1"", ""target_label"": 1, ""target_noise_loss"": 0.04, ""target_size"": 100}, {""coverage"": 0.91, ""f1"": 0.9528795811518325, ""fragments"": 2, ""matched_predicted_cluster"": 1, ""overlap"": 91, ""passes_discovery_thresholds"": true, ""precision"": 1.0, ""purity"": 1.0, ""recall"": 0.91, ""target"": ""cluster_2"", ""target_label"": 2, ""target_noise_loss"": 0.03, ""target_size"": 100}]"
synthetic__global_contamination_noise75__quality__signal300__n1200__VDBSCAN-2007__227__1bf8c4b2aa24,ok,synthetic,global_contamination_noise75__quality__signal300__n1200,VDBSCAN-2007,227,0.2.4,1200,2,0.0019595000048866495,0.0312701999937417,4.740032500005327,183.578125,1.32421875,184.0390625,,,evaluation_state/synthetic__global_contamination_noise75__quality__signal300__n1200__VDBSCAN-2007__227__1bf8c4b2aa24.npz,b24bb367a29dadbaa674a96ebda5336998eac581cb927d3e8013b820d82dc1d5,3591,0.7801325750391911,0.7977178181238719,39,39,0.10777777777777778,known_synthetic_noise,0.5288888888888889,0.3011812144752879,15.666666666666666,8,3,0.1,0.9,full_partition,target-discovery-v1,5,0.05,0.8633333333333333,0.9266271619212795,0.05000000000000001,1.0,3,pairwise_f1,hungarian,2.6666666666666665,0,47,0.31767827790502384,0.19169960474308304,0.19169960474308304,0.09333333333333334,0.8660714285714286,0.10777777777777778,0.42992065028062704,0.3016567083107007,0.7479461279461279,0.09333333333333334,47,macro,3,3,0.95,0.4106628242074928,0.2619485294117647,0.95,39,3,1.0,1.0,3,44,0.0,0.8633333333333333,1.0,0.9266271619212796,1.0,"{""background_inner_edge"": 6.0, ""background_intensity"": 3.0, ""background_size"": 900, ""background_strip_height"": 10.0, ""background_support_area"": 300.0, ""controlled_factor"": ""global_background_support_at_fixed_local_intensity"", ""declared_noise_fraction"": 0.75, ""dimension"": 2, ""family"": ""global_contamination_invariance"", ""n"": 1200, ""n_targets"": 3, ""paired_background"": ""seeded_prefix"", ""realized_noise_fraction"": 0.75, ""signal_size"": 300}","{""eps_values"": [0.3181476294994354, 0.7280866503715515, 0.8591227531433105], ""geometry_profile"": ""low_dim"", ""knee_prominence"": 0.03, ""knn_backend"": ""kd_tree"", ""max_eps_values"": 3, ""min_samples"": 5}",{},"[{""coverage"": 0.85, ""f1"": 0.9189189189189189, ""fragments"": 3, ""matched_predicted_cluster"": 3, ""overlap"": 85, ""passes_discovery_thresholds"": true, ""precision"": 1.0, ""purity"": 1.0, ""recall"": 0.85, ""target"": ""cluster_0"", ""target_label"": 0, ""target_noise_loss"": 0.05, ""target_size"": 100}, {""coverage"": 0.87, ""f1"": 0.9304812834224598, ""fragments"": 3, ""matched_predicted_cluster"": 1, ""overlap"": 87, ""passes_discovery_thresholds"": true, ""precision"": 1.0, ""purity"": 1.0, ""recall"": 0.87, ""target"": ""cluster_1"", ""target_label"": 1, ""target_noise_loss"": 0.02, ""target_size"": 100}, {""coverage"": 0.87, ""f1"": 0.9304812834224598, ""fragments"": 2, ""matched_predicted_cluster"": 2, ""overlap"": 87, ""passes_discovery_thresholds"": true, ""precision"": 1.0, ""purity"": 1.0, ""recall"": 0.87, ""target"": ""cluster_2"", ""target_label"": 2, ""target_noise_loss"": 0.08, ""target_size"": 100}]"
synthetic__global_contamination_noise75__quality__signal300__n1200__VDBSCAN-2007__229__f2fd2ea427c0,ok,synthetic,global_contamination_noise75__quality__signal300__n1200,VDBSCAN-2007,229,0.2.4,1200,2,0.0016145999979926273,0.030038100012461655,4.8093991999921855,183.4765625,1.32421875,183.875,,,evaluation_state/synthetic__global_contamination_noise75__quality__signal300__n1200__VDBSCAN-2007__229__f2fd2ea427c0.npz,0e2d9df980694e657ffc9a517f32a11787e233d982987a4c23ae1a9304c5ed98,3046,0.7179680621881869,0.7026684340321957,13,13,0.051111111111111114,known_synthetic_noise,0.4938888888888889,0.2434872091133939,7.333333333333333,9,3,0.1,0.9,full_partition,target-discovery-v1,6,0.05,0.7933333333333333,0.8837811276265531,0.06333333333333334,1.0,3,pairwise_f1,hungarian,3.0,0,22,0.17210767428725676,0.09533678756476685,0.09533678756476685,0.05416666666666667,0.7076923076923077,0.051111111111111114,0.10843126303671367,0.05922822134781093,0.6406060606060606,0.05416666666666667,22,macro,3,1,0.9366666666666666,0.3916376306620209,0.2475770925110132,0.9366666666666666,13,3,1.0,1.0,3,19,0.0,0.7933333333333333,1.0,0.8837811276265533,1.0,"{""background_inner_edge"": 6.0, ""background_intensity"": 3.0, ""background_size"": 900, ""background_strip_height"": 10.0, ""background_support_area"": 300.0, ""controlled_factor"": ""global_background_support_at_fixed_local_intensity"", ""declared_noise_fraction"": 0.75, ""dimension"": 2, ""family"": ""global_contamination_invariance"", ""n"": 1200, ""n_targets"": 3, ""paired_background"": ""seeded_prefix"", ""realized_noise_fraction"": 0.75, ""signal_size"": 300}","{""eps_values"": [0.3108285665512085, 0.8370675444602966], ""geometry_profile"": ""low_dim"", ""knee_prominence"": 0.03, ""knn_backend"": ""kd_tree"", ""max_eps_values"": 3, ""min_samples"": 5}",{},"[{""coverage"": 0.86, ""f1"": 0.924731182795699, ""fragments"": 2, ""matched_predicted_cluster"": 0, ""overlap"": 86, ""passes_discovery_thresholds"": true, ""precision"": 1.0, ""purity"": 1.0, ""recall"": 0.86, ""target"": ""cluster_0"", ""target_label"": 0, ""target_noise_loss"": 0.09, ""target_size"": 100}, {""coverage"": 0.73, ""f1"": 0.8439306358381503, ""fragments"": 4, ""matched_predicted_cluster"": 1, ""overlap"": 73, ""passes_discovery_thresholds"": true, ""precision"": 1.0, ""purity"": 1.0, ""recall"": 0.73, ""target"": ""cluster_1"", ""target_label"": 1, ""target_noise_loss"": 0.03, ""target_size"": 100}, {""coverage"": 0.79, ""f1"": 0.8826815642458101, ""fragments"": 3, ""matched_predicted_cluster"": 3, ""overlap"": 79, ""passes_discovery_thresholds"": true, ""precision"": 1.0, ""purity"": 1.0, ""recall"": 0.79, ""target"": ""cluster_2"", ""target_label"": 2, ""target_noise_loss"": 0.07, ""target_size"": 100}]"
synthetic__global_contamination_noise75__quality__signal300__n1200__VDBSCAN-2007__233__61df50450e7f,ok,synthetic,global_contamination_noise75__quality__signal300__n1200,VDBSCAN-2007,233,0.2.4,1200,2,0.0016448999958811328,0.0315448000037577,4.8063650999974925,183.23828125,1.34375,183.65234375,,,evaluation_state/synthetic__global_contamination_noise75__quality__signal300__n1200__VDBSCAN-2007__233__61df50450e7f.npz,5b44e84561bbdd12cb0339e933519405b5e538c9fb15c8f8bf75bdac34bc2ae1,3548,0.7889167282135627,0.8093768944622645,38,38,0.07777777777777778,known_synthetic_noise,0.4955555555555555,0.26543781965468716,14.333333333333334,5,3,0.1,0.9,full_partition,target-discovery-v1,2,0.05,0.8733333333333334,0.9317199664805558,0.08666666666666667,1.0,3,pairwise_f1,hungarian,1.6666666666666667,0,43,0.2442727334888546,0.1405622489959839,0.1405622489959839,0.08,0.7291666666666666,0.07777777777777778,0.4016386205922342,0.2721920398248091,0.7658585858585859,0.08,43,macro,3,2,0.9133333333333333,0.39031339031339035,0.24818840579710144,0.9133333333333333,38,3,1.0,1.0,3,40,0.0,0.8733333333333333,1.0,0.9317199664805558,1.0,"{""background_inner_edge"": 6.0, ""background_intensity"": 3.0, ""background_size"": 900, ""background_strip_height"": 10.0, ""background_support_area"": 300.0, ""controlled_factor"": ""global_background_support_at_fixed_local_intensity"", ""declared_noise_fraction"": 0.75, ""dimension"": 2, ""family"": ""global_contamination_invariance"", ""n"": 1200, ""n_targets"": 3, ""paired_background"": ""seeded_prefix"", ""realized_noise_fraction"": 0.75, ""signal_size"": 300}","{""eps_values"": [0.3130854666233063, 0.7195731997489929, 0.8264700770378113], ""geometry_profile"": ""low_dim"", ""knee_prominence"": 0.03, ""knn_backend"": ""kd_tree"", ""max_eps_values"": 3, ""min_samples"": 5}",{},"[{""coverage"": 0.92, ""f1"": 0.9583333333333334, ""fragments"": 1, ""matched_predicted_cluster"": 1, ""overlap"": 92, ""passes_discovery_thresholds"": true, ""precision"": 1.0, ""purity"": 1.0, ""recall"": 0.92, ""target"": ""cluster_0"", ""target_label"": 0, ""target_noise_loss"": 0.08, ""target_size"": 100}, {""coverage"": 0.81, ""f1"": 0.8950276243093923, ""fragments"": 2, ""matched_predicted_cluster"": 0, ""overlap"": 81, ""passes_discovery_thresholds"": true, ""precision"": 1.0, ""purity"": 1.0, ""recall"": 0.81, ""target"": ""cluster_1"", ""target_label"": 1, ""target_noise_loss"": 0.12, ""target_size"": 100}, {""coverage"": 0.89, ""f1"": 0.9417989417989417, ""fragments"": 2, ""matched_predicted_cluster"": 2, ""overlap"": 89, ""passes_discovery_thresholds"": true, ""precision"": 1.0, ""purity"": 1.0, ""recall"": 0.89, ""target"": ""cluster_2"", ""target_label"": 2, ""target_noise_loss"": 0.06, ""target_size"": 100}]"
synthetic__global_contamination_noise75__quality__signal300__n1200__kNN+Leiden__211__57d7a440dd02,ok,synthetic,global_contamination_noise75__quality__signal300__n1200,kNN+Leiden,211,0.2.4,1200,2,0.002068000001600012,0.05749090001336299,6.2868732000060845,217.8203125,5.55859375,218.08203125,,,evaluation_state/synthetic__global_contamination_noise75__quality__signal300__n1200__kNN+Leiden__211__57d7a440dd02.npz,36b2848efe242710d14f6c1a5af2735e0b8e9b80afbf87dfe5cc96b803438f39,3063,1.0,1.0,8,8,0.0,known_synthetic_noise,0.5,0.2,3.6666666666666665,3,3,0.1,0.9,full_partition,target-discovery-v1,0,0.05,1.0,1.0,0.0,1.0,3,pairwise_f1,hungarian,1.0,0,11,0.0,0.0,0.0,0.0,0.0,0.0,0.3586350134035308,0.2184980283679595,1.0,0.0,11,macro,3,3,1.0,0.4,0.25,1.0,8,3,1.0,1.0,3,8,0.0,1.0,1.0,1.0,1.0,"{""background_inner_edge"": 6.0, ""background_intensity"": 3.0, ""background_size"": 900, ""background_strip_height"": 10.0, ""background_support_area"": 300.0, ""controlled_factor"": ""global_background_support_at_fixed_local_intensity"", ""declared_noise_fraction"": 0.75, ""dimension"": 2, ""family"": ""global_contamination_invariance"", ""n"": 1200, ""n_targets"": 3, ""paired_background"": ""seeded_prefix"", ""realized_noise_fraction"": 0.75, ""signal_size"": 300}","{""edge_rank"": 15, ""geometry_profile"": ""low_dim"", ""k"": 20, ""knn_backend"": ""kd_tree"", ""resolution"": 0.5, ""symmetrization"": ""union"", ""weights"": ""1/(1+d)""}",{},"[{""coverage"": 1.0, ""f1"": 1.0, ""fragments"": 1, ""matched_predicted_cluster"": 7, ""overlap"": 100, ""passes_discovery_thresholds"": true, ""precision"": 1.0, ""purity"": 1.0, ""recall"": 1.0, ""target"": ""cluster_0"", ""target_label"": 0, ""target_noise_loss"": 0.0, ""target_size"": 100}, {""coverage"": 1.0, ""f1"": 1.0, ""fragments"": 1, ""matched_predicted_cluster"": 6, ""overlap"": 100, ""passes_discovery_thresholds"": true, ""precision"": 1.0, ""purity"": 1.0, ""recall"": 1.0, ""target"": ""cluster_1"", ""target_label"": 1, ""target_noise_loss"": 0.0, ""target_size"": 100}, {""coverage"": 1.0, ""f1"": 1.0, ""fragments"": 1, ""matched_predicted_cluster"": 5, ""overlap"": 100, ""passes_discovery_thresholds"": true, ""precision"": 1.0, ""purity"": 1.0, ""recall"": 1.0, ""target"": ""cluster_2"", ""target_label"": 2, ""target_noise_loss"": 0.0, ""target_size"": 100}]"
synthetic__global_contamination_noise75__quality__signal300__n1200__kNN+Leiden__223__edc82fb73779,ok,synthetic,global_contamination_noise75__quality__signal300__n1200,kNN+Leiden,223,0.2.4,1200,2,0.0020748999959323555,0.05044080001243856,6.18619619999663,217.859375,5.40625,218.109375,,,evaluation_state/synthetic__global_contamination_noise75__quality__signal300__n1200__kNN+Leiden__223__edc82fb73779.npz,99fa01a4237e310446822a6e5785a685d199f008efad5f32a652836835a23565,3016,1.0,1.0,6,6,0.0,known_synthetic_noise,0.5,0.2,3.0,3,3,0.1,0.9,full_partition,target-discovery-v1,0,0.05,1.0,1.0,0.0,1.0,3,pairwise_f1,hungarian,1.0,0,9,0.0,0.0,0.0,0.0,0.0,0.0,0.30445300967689026,0.17956034920558148,1.0,0.0,9,macro,3,3,1.0,0.4,0.25,1.0,6,3,1.0,1.0,3,6,0.0,1.0,1.0,1.0,1.0,"{""background_inner_edge"": 6.0, ""background_intensity"": 3.0, ""background_size"": 900, ""background_strip_height"": 10.0, ""background_support_area"": 300.0, ""controlled_factor"": ""global_background_support_at_fixed_local_intensity"", ""declared_noise_fraction"": 0.75, ""dimension"": 2, ""family"": ""global_contamination_invariance"", ""n"": 1200, ""n_targets"": 3, ""paired_background"": ""seeded_prefix"", ""realized_noise_fraction"": 0.75, ""signal_size"": 300}","{""edge_rank"": 15, ""geometry_profile"": ""low_dim"", ""k"": 20, ""knn_backend"": ""kd_tree"", ""resolution"": 0.5, ""symmetrization"": ""union"", ""weights"": ""1/(1+d)""}",{},"[{""coverage"": 1.0, ""f1"": 1.0, ""fragments"": 1, ""matched_predicted_cluster"": 7, ""overlap"": 100, ""passes_discovery_thresholds"": true, ""precision"": 1.0, ""purity"": 1.0, ""recall"": 1.0, ""target"": ""cluster_0"", ""target_label"": 0, ""target_noise_loss"": 0.0, ""target_size"": 100}, {""coverage"": 1.0, ""f1"": 1.0, ""fragments"": 1, ""matched_predicted_cluster"": 8, ""overlap"": 100, ""passes_discovery_thresholds"": true, ""precision"": 1.0, ""purity"": 1.0, ""recall"": 1.0, ""target"": ""cluster_1"", ""target_label"": 1, ""target_noise_loss"": 0.0, ""target_size"": 100}, {""coverage"": 1.0, ""f1"": 1.0, ""fragments"": 1, ""matched_predicted_cluster"": 6, ""overlap"": 100, ""passes_discovery_thresholds"": true, ""precision"": 1.0, ""purity"": 1.0, ""recall"": 1.0, ""target"": ""cluster_2"", ""target_label"": 2, ""target_noise_loss"": 0.0, ""target_size"": 100}]"
synthetic__global_contamination_noise75__quality__signal300__n1200__kNN+Leiden__227__ffa4793190fb,ok,synthetic,global_contamination_noise75__quality__signal300__n1200,kNN+Leiden,227,0.2.4,1200,2,0.0017511000041849911,0.04869389999657869,6.174082099998486,217.96484375,5.55078125,218.22265625,,,evaluation_state/synthetic__global_contamination_noise75__quality__signal300__n1200__kNN+Leiden__227__ffa4793190fb.npz,074a11bcc88990604aecfcd0f84e4d7a43f859fdca31b2ccd20ed8c35ef1f03d,2980,1.0,1.0,6,6,0.0,known_synthetic_noise,0.5,0.2,3.0,3,3,0.1,0.9,full_partition,target-discovery-v1,0,0.05,1.0,1.0,0.0,1.0,3,pairwise_f1,hungarian,1.0,0,9,0.0,0.0,0.0,0.0,0.0,0.0,0.2592844795977162,0.14895281656234954,1.0,0.0,9,macro,3,3,1.0,0.4,0.25,1.0,6,3,1.0,1.0,3,6,0.0,1.0,1.0,1.0,1.0,"{""background_inner_edge"": 6.0, ""background_intensity"": 3.0, ""background_size"": 900, ""background_strip_height"": 10.0, ""background_support_area"": 300.0, ""controlled_factor"": ""global_background_support_at_fixed_local_intensity"", ""declared_noise_fraction"": 0.75, ""dimension"": 2, ""family"": ""global_contamination_invariance"", ""n"": 1200, ""n_targets"": 3, ""paired_background"": ""seeded_prefix"", ""realized_noise_fraction"": 0.75, ""signal_size"": 300}","{""edge_rank"": 15, ""geometry_profile"": ""low_dim"", ""k"": 20, ""knn_backend"": ""kd_tree"", ""resolution"": 0.5, ""symmetrization"": ""union"", ""weights"": ""1/(1+d)""}",{},"[{""coverage"": 1.0, ""f1"": 1.0, ""fragments"": 1, ""matched_predicted_cluster"": 4, ""overlap"": 100, ""passes_discovery_thresholds"": true, ""precision"": 1.0, ""purity"": 1.0, ""recall"": 1.0, ""target"": ""cluster_0"", ""target_label"": 0, ""target_noise_loss"": 0.0, ""target_size"": 100}, {""coverage"": 1.0, ""f1"": 1.0, ""fragments"": 1, ""matched_predicted_cluster"": 6, ""overlap"": 100, ""passes_discovery_thresholds"": true, ""precision"": 1.0, ""purity"": 1.0, ""recall"": 1.0, ""target"": ""cluster_1"", ""target_label"": 1, ""target_noise_loss"": 0.0, ""target_size"": 100}, {""coverage"": 1.0, ""f1"": 1.0, ""fragments"": 1, ""matched_predicted_cluster"": 5, ""overlap"": 100, ""passes_discovery_thresholds"": true, ""precision"": 1.0, ""purity"": 1.0, ""recall"": 1.0, ""target"": ""cluster_2"", ""target_label"": 2, ""target_noise_loss"": 0.0, ""target_size"": 100}]"
synthetic__global_contamination_noise75__quality__signal300__n1200__kNN+Leiden__229__0173423777f0,ok,synthetic,global_contamination_noise75__quality__signal300__n1200,kNN+Leiden,229,0.2.4,1200,2,0.0019343000021763146,0.04657239999505691,5.907755100008217,217.3984375,5.359375,217.64453125,,,evaluation_state/synthetic__global_contamination_noise75__quality__signal300__n1200__kNN+Leiden__229__0173423777f0.npz,55048de7d6d6f34dc40a4d3a466acd32104c06c872f9685581550124c45b841a,3044,1.0,1.0,7,7,0.0,known_synthetic_noise,0.5,0.2,3.3333333333333335,3,3,0.1,0.9,full_partition,target-discovery-v1,0,0.05,1.0,1.0,0.0,1.0,3,pairwise_f1,hungarian,1.0,0,10,0.0,0.0,0.0,0.0,0.0,0.0,0.3330791315270052,0.19981700261040394,1.0,0.0,10,macro,3,3,1.0,0.4,0.25,1.0,7,3,1.0,1.0,3,7,0.0,1.0,1.0,1.0,1.0,"{""background_inner_edge"": 6.0, ""background_intensity"": 3.0, ""background_size"": 900, ""background_strip_height"": 10.0, ""background_support_area"": 300.0, ""controlled_factor"": ""global_background_support_at_fixed_local_intensity"", ""declared_noise_fraction"": 0.75, ""dimension"": 2, ""family"": ""global_contamination_invariance"", ""n"": 1200, ""n_targets"": 3, ""paired_background"": ""seeded_prefix"", ""realized_noise_fraction"": 0.75, ""signal_size"": 300}","{""edge_rank"": 15, ""geometry_profile"": ""low_dim"", ""k"": 20, ""knn_backend"": ""kd_tree"", ""resolution"": 0.5, ""symmetrization"": ""union"", ""weights"": ""1/(1+d)""}",{},"[{""coverage"": 1.0, ""f1"": 1.0, ""fragments"": 1, ""matched_predicted_cluster"": 6, ""overlap"": 100, ""passes_discovery_thresholds"": true, ""precision"": 1.0, ""purity"": 1.0, ""recall"": 1.0, ""target"": ""cluster_0"", ""target_label"": 0, ""target_noise_loss"": 0.0, ""target_size"": 100}, {""coverage"": 1.0, ""f1"": 1.0, ""fragments"": 1, ""matched_predicted_cluster"": 7, ""overlap"": 100, ""passes_discovery_thresholds"": true, ""precision"": 1.0, ""purity"": 1.0, ""recall"": 1.0, ""target"": ""cluster_1"", ""target_label"": 1, ""target_noise_loss"": 0.0, ""target_size"": 100}, {""coverage"": 1.0, ""f1"": 1.0, ""fragments"": 1, ""matched_predicted_cluster"": 8, ""overlap"": 100, ""passes_discovery_thresholds"": true, ""precision"": 1.0, ""purity"": 1.0, ""recall"": 1.0, ""target"": ""cluster_2"", ""target_label"": 2, ""target_noise_loss"": 0.0, ""target_size"": 100}]"
synthetic__global_contamination_noise75__quality__signal300__n1200__kNN+Leiden__233__04c189b324c8,ok,synthetic,global_contamination_noise75__quality__signal300__n1200,kNN+Leiden,233,0.2.4,1200,2,0.0018363999988650903,0.057672199996886775,5.79170860000886,217.82421875,5.5078125,218.0703125,,,evaluation_state/synthetic__global_contamination_noise75__quality__signal300__n1200__kNN+Leiden__233__04c189b324c8.npz,2d9e1a37310b3efa02e41c42e97d09a5f6eedcec4dbf4dee9431b896757bf13e,3012,1.0,1.0,6,6,0.0,known_synthetic_noise,0.5,0.2,3.0,3,3,0.1,0.9,full_partition,target-discovery-v1,0,0.05,1.0,1.0,0.0,1.0,3,pairwise_f1,hungarian,1.0,0,9,0.0,0.0,0.0,0.0,0.0,0.0,0.29112794926335805,0.1703626372365689,1.0,0.0,9,macro,3,3,1.0,0.4,0.25,1.0,6,3,1.0,1.0,3,6,0.0,1.0,1.0,1.0,1.0,"{""background_inner_edge"": 6.0, ""background_intensity"": 3.0, ""background_size"": 900, ""background_strip_height"": 10.0, ""background_support_area"": 300.0, ""controlled_factor"": ""global_background_support_at_fixed_local_intensity"", ""declared_noise_fraction"": 0.75, ""dimension"": 2, ""family"": ""global_contamination_invariance"", ""n"": 1200, ""n_targets"": 3, ""paired_background"": ""seeded_prefix"", ""realized_noise_fraction"": 0.75, ""signal_size"": 300}","{""edge_rank"": 15, ""geometry_profile"": ""low_dim"", ""k"": 20, ""knn_backend"": ""kd_tree"", ""resolution"": 0.5, ""symmetrization"": ""union"", ""weights"": ""1/(1+d)""}",{},"[{""coverage"": 1.0, ""f1"": 1.0, ""fragments"": 1, ""matched_predicted_cluster"": 6, ""overlap"": 100, ""passes_discovery_thresholds"": true, ""precision"": 1.0, ""purity"": 1.0, ""recall"": 1.0, ""target"": ""cluster_0"", ""target_label"": 0, ""target_noise_loss"": 0.0, ""target_size"": 100}, {""coverage"": 1.0, ""f1"": 1.0, ""fragments"": 1, ""matched_predicted_cluster"": 8, ""overlap"": 100, ""passes_discovery_thresholds"": true, ""precision"": 1.0, ""purity"": 1.0, ""recall"": 1.0, ""target"": ""cluster_1"", ""target_label"": 1, ""target_noise_loss"": 0.0, ""target_size"": 100}, {""coverage"": 1.0, ""f1"": 1.0, ""fragments"": 1, ""matched_predicted_cluster"": 7, ""overlap"": 100, ""passes_discovery_thresholds"": true, ""precision"": 1.0, ""purity"": 1.0, ""recall"": 1.0, ""target"": ""cluster_2"", ""target_label"": 2, ""target_noise_loss"": 0.0, ""target_size"": 100}]"
synthetic__global_contamination_noise75__quality__signal300__n1200__kNN-DBSCAN__211__26919df53e93,ok,synthetic,global_contamination_noise75__quality__signal300__n1200,kNN-DBSCAN,211,0.2.4,1200,2,0.00181940000038594,0.008100999999442138,4.907878600002732,182.7578125,0.796875,183.23828125,,,evaluation_state/synthetic__global_contamination_noise75__quality__signal300__n1200__kNN-DBSCAN__211__26919df53e93.npz,10758603204f9b58ed16ab3f24b1ad00565106862bcfd051c23c5536c58ec60d,2714,0.8456322938109336,0.8582413738284372,11,11,0.9255555555555556,known_synthetic_noise,0.9394444444444445,0.9147959617493476,5.0,4,3,0.1,0.9,full_partition,target-discovery-v1,1,0.05,0.8966666666666666,0.9430092173408616,0.04666666666666666,1.0,3,pairwise_f1,hungarian,1.3333333333333333,0,15,0.9482922460259142,0.9536348025186034,0.9536348025186034,0.7058333333333333,0.9834710743801653,0.9255555555555556,0.8955684574116263,0.9856033646069233,0.8206060606060606,0.7058333333333333,15,macro,3,2,0.9533333333333334,0.8759571209800918,0.8101983002832861,0.9533333333333334,11,3,1.0,1.0,3,12,0.0,0.8966666666666666,1.0,0.9430092173408616,1.0,"{""background_inner_edge"": 6.0, ""background_intensity"": 3.0, ""background_size"": 900, ""background_strip_height"": 10.0, ""background_support_area"": 300.0, ""controlled_factor"": ""global_background_support_at_fixed_local_intensity"", ""declared_noise_fraction"": 0.75, ""dimension"": 2, ""family"": ""global_contamination_invariance"", ""n"": 1200, ""n_targets"": 3, ""paired_background"": ""seeded_prefix"", ""realized_noise_fraction"": 0.75, ""signal_size"": 300}","{""eps"": 0.40579578280448914, ""eps_quantile"": 0.25, ""geometry_profile"": ""low_dim"", ""k"": 4, ""knn_backend"": ""kd_tree"", ""min_samples"": 5}",{},"[{""coverage"": 0.77, ""f1"": 0.8700564971751412, ""fragments"": 2, ""matched_predicted_cluster"": 2, ""overlap"": 77, ""passes_discovery_thresholds"": true, ""precision"": 1.0, ""purity"": 1.0, ""recall"": 0.77, ""target"": ""cluster_0"", ""target_label"": 0, ""target_noise_loss"": 0.06, ""target_size"": 100}, {""coverage"": 0.94, ""f1"": 0.9690721649484536, ""fragments"": 1, ""matched_predicted_cluster"": 3, ""overlap"": 94, ""passes_discovery_thresholds"": true, ""precision"": 1.0, ""purity"": 1.0, ""recall"": 0.94, ""target"": ""cluster_1"", ""target_label"": 1, ""target_noise_loss"": 0.06, ""target_size"": 100}, {""coverage"": 0.98, ""f1"": 0.98989898989899, ""fragments"": 1, ""matched_predicted_cluster"": 1, ""overlap"": 98, ""passes_discovery_thresholds"": true, ""precision"": 1.0, ""purity"": 1.0, ""recall"": 0.98, ""target"": ""cluster_2"", ""target_label"": 2, ""target_noise_loss"": 0.02, ""target_size"": 100}]"
synthetic__global_contamination_noise75__quality__signal300__n1200__kNN-DBSCAN__223__86a3dc30da02,ok,synthetic,global_contamination_noise75__quality__signal300__n1200,kNN-DBSCAN,223,0.2.4,1200,2,0.0022293999936664477,0.010028000004240312,5.0627346000110265,182.51171875,0.78125,182.9921875,,,evaluation_state/synthetic__global_contamination_noise75__quality__signal300__n1200__kNN-DBSCAN__223__86a3dc30da02.npz,e360801c7fe7f6aba788d79993f34975fa7dc9c14cc29ab342d7591a92add489,2846,0.8890719536972249,0.9196569961396869,21,21,0.87,known_synthetic_noise,0.9166666666666667,0.8715680405095805,8.333333333333334,4,3,0.1,0.9,full_partition,target-discovery-v1,1,0.05,0.9466666666666667,0.9724879604321228,0.03666666666666667,1.0,3,pairwise_f1,hungarian,1.3333333333333333,0,25,0.9478550462992185,0.9244391971664699,0.9244391971664699,0.6616666666666666,0.9861460957178841,0.87,0.9360700101922469,0.9789752260530765,0.8967676767676768,0.6616666666666666,25,macro,3,3,0.9633333333333334,0.8186968838526911,0.7118226600985221,0.9633333333333334,21,3,1.0,1.0,3,22,0.0,0.9466666666666667,1.0,0.9724879604321228,1.0,"{""background_inner_edge"": 6.0, ""background_intensity"": 3.0, ""background_size"": 900, ""background_strip_height"": 10.0, ""background_support_area"": 300.0, ""controlled_factor"": ""global_background_support_at_fixed_local_intensity"", ""declared_noise_fraction"": 0.75, ""dimension"": 2, ""family"": ""global_contamination_invariance"", ""n"": 1200, ""n_targets"": 3, ""paired_background"": ""seeded_prefix"", ""realized_noise_fraction"": 0.75, ""signal_size"": 300}","{""eps"": 0.4190291166305542, ""eps_quantile"": 0.25, ""geometry_profile"": ""low_dim"", ""k"": 4, ""knn_backend"": ""kd_tree"", ""min_samples"": 5}",{},"[{""coverage"": 0.92, ""f1"": 0.9583333333333334, ""fragments"": 2, ""matched_predicted_cluster"": 2, ""overlap"": 92, ""passes_discovery_thresholds"": true, ""precision"": 1.0, ""purity"": 1.0, ""recall"": 0.92, ""target"": ""cluster_0"", ""target_label"": 0, ""target_noise_loss"": 0.03, ""target_size"": 100}, {""coverage"": 0.95, ""f1"": 0.9743589743589743, ""fragments"": 1, ""matched_predicted_cluster"": 0, ""overlap"": 95, ""passes_discovery_thresholds"": true, ""precision"": 1.0, ""purity"": 1.0, ""recall"": 0.95, ""target"": ""cluster_1"", ""target_label"": 1, ""target_noise_loss"": 0.05, ""target_size"": 100}, {""coverage"": 0.97, ""f1"": 0.9847715736040609, ""fragments"": 1, ""matched_predicted_cluster"": 1, ""overlap"": 97, ""passes_discovery_thresholds"": true, ""precision"": 1.0, ""purity"": 1.0, ""recall"": 0.97, ""target"": ""cluster_2"", ""target_label"": 2, ""target_noise_loss"": 0.03, ""target_size"": 100}]"
synthetic__global_contamination_noise75__quality__signal300__n1200__kNN-DBSCAN__227__6e74ee378f4a,ok,synthetic,global_contamination_noise75__quality__signal300__n1200,kNN-DBSCAN,227,0.2.4,1200,2,0.0030027000029804185,0.015800199995283037,5.039305300000706,183.01171875,0.796875,183.49609375,,,evaluation_state/synthetic__global_contamination_noise75__quality__signal300__n1200__kNN-DBSCAN__227__6e74ee378f4a.npz,33d7c68de5379d29ae1cdffee1532981e5917679e2865f2f743295c471745bdd,2726,0.8500783077954975,0.8702382783095004,13,13,0.9133333333333333,known_synthetic_noise,0.9333333333333333,0.9042251957137304,5.666666666666667,4,3,0.1,0.9,full_partition,target-discovery-v1,1,0.05,0.91,0.9519226089399199,0.04666666666666667,1.0,3,pairwise_f1,hungarian,1.3333333333333333,0,17,0.949457240092575,0.9470046082949308,0.9470046082949308,0.6966666666666667,0.9832535885167464,0.9133333333333333,0.9031506948992214,0.9822728711617601,0.8358249158249158,0.6966666666666667,17,macro,3,3,0.9533333333333334,0.8614457831325301,0.7857142857142857,0.9533333333333334,13,3,1.0,1.0,3,14,0.0,0.91,1.0,0.9519226089399198,1.0,"{""background_inner_edge"": 6.0, ""background_intensity"": 3.0, ""background_size"": 900, ""background_strip_height"": 10.0, ""background_support_area"": 300.0, ""controlled_factor"": ""global_background_support_at_fixed_local_intensity"", ""declared_noise_fraction"": 0.75, ""dimension"": 2, ""family"": ""global_contamination_invariance"", ""n"": 1200, ""n_targets"": 3, ""paired_background"": ""seeded_prefix"", ""realized_noise_fraction"": 0.75, ""signal_size"": 300}","{""eps"": 0.38001978397369385, ""eps_quantile"": 0.25, ""geometry_profile"": ""low_dim"", ""k"": 4, ""knn_backend"": ""kd_tree"", ""min_samples"": 5}",{},"[{""coverage"": 0.94, ""f1"": 0.9690721649484536, ""fragments"": 1, ""matched_predicted_cluster"": 3, ""overlap"": 94, ""passes_discovery_thresholds"": true, ""precision"": 1.0, ""purity"": 1.0, ""recall"": 0.94, ""target"": ""cluster_0"", ""target_label"": 0, ""target_noise_loss"": 0.06, ""target_size"": 100}, {""coverage"": 0.83, ""f1"": 0.9071038251366119, ""fragments"": 2, ""matched_predicted_cluster"": 1, ""overlap"": 83, ""passes_discovery_thresholds"": true, ""precision"": 1.0, ""purity"": 1.0, ""recall"": 0.83, ""target"": ""cluster_1"", ""target_label"": 1, ""target_noise_loss"": 0.04, ""target_size"": 100}, {""coverage"": 0.96, ""f1"": 0.9795918367346939, ""fragments"": 1, ""matched_predicted_cluster"": 2, ""overlap"": 96, ""passes_discovery_thresholds"": true, ""precision"": 1.0, ""purity"": 1.0, ""recall"": 0.96, ""target"": ""cluster_2"", ""target_label"": 2, ""target_noise_loss"": 0.04, ""target_size"": 100}]"
synthetic__global_contamination_noise75__quality__signal300__n1200__kNN-DBSCAN__229__8b2012b9a332,ok,synthetic,global_contamination_noise75__quality__signal300__n1200,kNN-DBSCAN,229,0.2.4,1200,2,0.0021209999977145344,0.010769200001959689,4.972260599999572,183.06640625,0.79296875,183.546875,,,evaluation_state/synthetic__global_contamination_noise75__quality__signal300__n1200__kNN-DBSCAN__229__8b2012b9a332.npz,efc82ba347a44806b021dcf0ad01de707f7849306ff3d8080ab061a0290630f9,2778,0.8609794399849586,0.8899002443812347,15,15,0.9077777777777778,known_synthetic_noise,0.9288888888888889,0.8983557135152328,6.333333333333333,4,3,0.1,0.9,full_partition,target-discovery-v1,1,0.05,0.9266666666666667,0.9617071161606074,0.05000000000000001,1.0,3,pairwise_f1,hungarian,1.3333333333333333,0,19,0.9524747777925824,0.9434180138568129,0.9434180138568129,0.6933333333333334,0.9819711538461539,0.9077777777777778,0.9185030736599922,0.9851931826945323,0.8602693602693603,0.6933333333333334,19,macro,3,3,0.95,0.8532934131736527,0.7744565217391305,0.95,15,3,1.0,1.0,3,16,0.0,0.9266666666666666,1.0,0.9617071161606073,1.0,"{""background_inner_edge"": 6.0, ""background_intensity"": 3.0, ""background_size"": 900, ""background_strip_height"": 10.0, ""background_support_area"": 300.0, ""controlled_factor"": ""global_background_support_at_fixed_local_intensity"", ""declared_noise_fraction"": 0.75, ""dimension"": 2, ""family"": ""global_contamination_invariance"", ""n"": 1200, ""n_targets"": 3, ""paired_background"": ""seeded_prefix"", ""realized_noise_fraction"": 0.75, ""signal_size"": 300}","{""eps"": 0.3850730061531067, ""eps_quantile"": 0.25, ""geometry_profile"": ""low_dim"", ""k"": 4, ""knn_backend"": ""kd_tree"", ""min_samples"": 5}",{},"[{""coverage"": 0.93, ""f1"": 0.9637305699481865, ""fragments"": 1, ""matched_predicted_cluster"": 0, ""overlap"": 93, ""passes_discovery_thresholds"": true, ""precision"": 1.0, ""purity"": 1.0, ""recall"": 0.93, ""target"": ""cluster_0"", ""target_label"": 0, ""target_noise_loss"": 0.07, ""target_size"": 100}, {""coverage"": 0.96, ""f1"": 0.9795918367346939, ""fragments"": 1, ""matched_predicted_cluster"": 3, ""overlap"": 96, ""passes_discovery_thresholds"": true, ""precision"": 1.0, ""purity"": 1.0, ""recall"": 0.96, ""target"": ""cluster_1"", ""target_label"": 1, ""target_noise_loss"": 0.04, ""target_size"": 100}, {""coverage"": 0.89, ""f1"": 0.9417989417989417, ""fragments"": 2, ""matched_predicted_cluster"": 4, ""overlap"": 89, ""passes_discovery_thresholds"": true, ""precision"": 1.0, ""purity"": 1.0, ""recall"": 0.89, ""target"": ""cluster_2"", ""target_label"": 2, ""target_noise_loss"": 0.04, ""target_size"": 100}]"
synthetic__global_contamination_noise75__quality__signal300__n1200__kNN-DBSCAN__233__75efdbf5f25a,ok,synthetic,global_contamination_noise75__quality__signal300__n1200,kNN-DBSCAN,233,0.2.4,1200,2,0.0020337000023573637,0.009827000001678243,5.258685900000273,182.73828125,0.79296875,183.234375,,,evaluation_state/synthetic__global_contamination_noise75__quality__signal300__n1200__kNN-DBSCAN__233__75efdbf5f25a.npz,71e494db7493c1a2d54256b0de2eff2e0a0adbe1cbc4d6bbbdcdb19a51b04ca9,2824,0.8563770429095873,0.884203283457739,17,17,0.8855555555555555,known_synthetic_noise,0.9127777777777777,0.8764018641867592,7.0,4,3,0.1,0.9,full_partition,target-discovery-v1,1,0.05,0.9233333333333333,0.9600202429149798,0.060000000000000005,1.0,3,pairwise_f1,hungarian,1.3333333333333333,0,21,0.9444857872726939,0.9294460641399417,0.9294460641399417,0.6791666666666667,0.9779141104294479,0.8855555555555555,0.9114197308771678,0.978522867737948,0.852929292929293,0.6791666666666667,21,macro,3,3,0.94,0.8233576642335767,0.7324675324675325,0.94,17,3,1.0,1.0,3,18,0.0,0.9233333333333333,1.0,0.9600202429149799,1.0,"{""background_inner_edge"": 6.0, ""background_intensity"": 3.0, ""background_size"": 900, ""background_strip_height"": 10.0, ""background_support_area"": 300.0, ""controlled_factor"": ""global_background_support_at_fixed_local_intensity"", ""declared_noise_fraction"": 0.75, ""dimension"": 2, ""family"": ""global_contamination_invariance"", ""n"": 1200, ""n_targets"": 3, ""paired_background"": ""seeded_prefix"", ""realized_noise_fraction"": 0.75, ""signal_size"": 300}","{""eps"": 0.3904557526111603, ""eps_quantile"": 0.25, ""geometry_profile"": ""low_dim"", ""k"": 4, ""knn_backend"": ""kd_tree"", ""min_samples"": 5}",{},"[{""coverage"": 0.95, ""f1"": 0.9743589743589743, ""fragments"": 1, ""matched_predicted_cluster"": 1, ""overlap"": 95, ""passes_discovery_thresholds"": true, ""precision"": 1.0, ""purity"": 1.0, ""recall"": 0.95, ""target"": ""cluster_0"", ""target_label"": 0, ""target_noise_loss"": 0.05, ""target_size"": 100}, {""coverage"": 0.9, ""f1"": 0.9473684210526316, ""fragments"": 1, ""matched_predicted_cluster"": 0, ""overlap"": 90, ""passes_discovery_thresholds"": true, ""precision"": 1.0, ""purity"": 1.0, ""recall"": 0.9, ""target"": ""cluster_1"", ""target_label"": 1, ""target_noise_loss"": 0.1, ""target_size"": 100}, {""coverage"": 0.92, ""f1"": 0.9583333333333334, ""fragments"": 2, ""matched_predicted_cluster"": 2, ""overlap"": 92, ""passes_discovery_thresholds"": true, ""precision"": 1.0, ""purity"": 1.0, ""recall"": 0.92, ""target"": ""cluster_2"", ""target_label"": 2, ""target_noise_loss"": 0.03, ""target_size"": 100}]"
synthetic__global_contamination_noise90__quality__signal300__n3000__AMD-DBSCAN__211__b0c96bfe0056,ok,synthetic,global_contamination_noise90__quality__signal300__n3000,AMD-DBSCAN,211,0.2.4,3000,2,0.002070499991532415,0.18887919999542646,4.943542699998943,319.3125,137.44921875,319.3125,,,evaluation_state/synthetic__global_contamination_noise90__quality__signal300__n3000__AMD-DBSCAN__211__b0c96bfe0056.npz,0021e90f2f1c25e565983f4ca428b2154002053b7549daf5af00313bb77ad008,3901,1.0,1.0,15,15,0.017037037037037038,known_synthetic_noise,0.5085185185185185,0.10894586124265904,6.0,3,3,0.1,0.9,full_partition,target-discovery-v1,0,0.05,1.0,1.0,0.0,1.0,3,pairwise_f1,hungarian,1.0,0,18,0.06483439041578577,0.03350327749453751,0.03350327749453751,0.015333333333333332,1.0,0.017037037037037038,0.018015231058986236,0.009089490162233628,1.0,0.015333333333333332,18,macro,3,3,1.0,0.18438844499078055,0.1015572105619499,1.0,15,3,1.0,1.0,3,15,0.0,1.0,1.0,1.0,1.0,"{""background_inner_edge"": 6.0, ""background_intensity"": 3.0, ""background_size"": 2700, ""background_strip_height"": 10.0, ""background_support_area"": 900.0, ""controlled_factor"": ""global_background_support_at_fixed_local_intensity"", ""declared_noise_fraction"": 0.9, ""dimension"": 2, ""family"": ""global_contamination_invariance"", ""n"": 3000, ""n_targets"": 3, ""paired_background"": ""seeded_prefix"", ""realized_noise_fraction"": 0.9, ""signal_size"": 300}","{""adaptive_rank"": 27, ""balance_rounds"": 3, ""eps_values"": [0.8414952609678451, 1.7552435509981839, 2.014926381468206], ""geometry_profile"": ""low_dim"", ""knn_backend"": ""kd_tree"", ""n_density_levels"": 3}",{},"[{""coverage"": 1.0, ""f1"": 1.0, ""fragments"": 1, ""matched_predicted_cluster"": 4, ""overlap"": 100, ""passes_discovery_thresholds"": true, ""precision"": 1.0, ""purity"": 1.0, ""recall"": 1.0, ""target"": ""cluster_0"", ""target_label"": 0, ""target_noise_loss"": 0.0, ""target_size"": 100}, {""coverage"": 1.0, ""f1"": 1.0, ""fragments"": 1, ""matched_predicted_cluster"": 3, ""overlap"": 100, ""passes_discovery_thresholds"": true, ""precision"": 1.0, ""purity"": 1.0, ""recall"": 1.0, ""target"": ""cluster_1"", ""target_label"": 1, ""target_noise_loss"": 0.0, ""target_size"": 100}, {""coverage"": 1.0, ""f1"": 1.0, ""fragments"": 1, ""matched_predicted_cluster"": 0, ""overlap"": 100, ""passes_discovery_thresholds"": true, ""precision"": 1.0, ""purity"": 1.0, ""recall"": 1.0, ""target"": ""cluster_2"", ""target_label"": 2, ""target_noise_loss"": 0.0, ""target_size"": 100}]"
synthetic__global_contamination_noise90__quality__signal300__n3000__AMD-DBSCAN__223__34fb5cb7ab41,ok,synthetic,global_contamination_noise90__quality__signal300__n3000,AMD-DBSCAN,223,0.2.4,3000,2,0.0021081000013509765,0.19560759999149013,5.060049800013076,319.1796875,137.453125,319.1796875,,,evaluation_state/synthetic__global_contamination_noise90__quality__signal300__n3000__AMD-DBSCAN__223__34fb5cb7ab41.npz,61cbe981080a87aafd71bcfba8d863bbb1ae1fb051223c0304a1afba13844a12,4328,1.0,1.0,19,19,0.02185185185185185,known_synthetic_noise,0.5109259259259259,0.11394858307260444,7.333333333333333,3,3,0.1,0.9,full_partition,target-discovery-v1,0,0.05,1.0,1.0,0.0,1.0,3,pairwise_f1,hungarian,1.0,0,22,0.08202989224887035,0.04276911924610366,0.04276911924610366,0.019666666666666666,1.0,0.02185185185185185,0.025646317421966547,0.01298972805545083,1.0,0.019666666666666666,22,macro,3,3,1.0,0.18512804689910523,0.10200612036722204,1.0,19,3,1.0,1.0,3,19,0.0,1.0,1.0,1.0,1.0,"{""background_inner_edge"": 6.0, ""background_intensity"": 3.0, ""background_size"": 2700, ""background_strip_height"": 10.0, ""background_support_area"": 900.0, ""controlled_factor"": ""global_background_support_at_fixed_local_intensity"", ""declared_noise_fraction"": 0.9, ""dimension"": 2, ""family"": ""global_contamination_invariance"", ""n"": 3000, ""n_targets"": 3, ""paired_background"": ""seeded_prefix"", ""realized_noise_fraction"": 0.9, ""signal_size"": 300}","{""adaptive_rank"": 27, ""balance_rounds"": 3, ""eps_values"": [0.80462390126886, 1.7375851848768458, 2.0295970434011883], ""geometry_profile"": ""low_dim"", ""knn_backend"": ""kd_tree"", ""n_density_levels"": 3}",{},"[{""coverage"": 1.0, ""f1"": 1.0, ""fragments"": 1, ""matched_predicted_cluster"": 7, ""overlap"": 100, ""passes_discovery_thresholds"": true, ""precision"": 1.0, ""purity"": 1.0, ""recall"": 1.0, ""target"": ""cluster_0"", ""target_label"": 0, ""target_noise_loss"": 0.0, ""target_size"": 100}, {""coverage"": 1.0, ""f1"": 1.0, ""fragments"": 1, ""matched_predicted_cluster"": 6, ""overlap"": 100, ""passes_discovery_thresholds"": true, ""precision"": 1.0, ""purity"": 1.0, ""recall"": 1.0, ""target"": ""cluster_1"", ""target_label"": 1, ""target_noise_loss"": 0.0, ""target_size"": 100}, {""coverage"": 1.0, ""f1"": 1.0, ""fragments"": 1, ""matched_predicted_cluster"": 5, ""overlap"": 100, ""passes_discovery_thresholds"": true, ""precision"": 1.0, ""purity"": 1.0, ""recall"": 1.0, ""target"": ""cluster_2"", ""target_label"": 2, ""target_noise_loss"": 0.0, ""target_size"": 100}]"
synthetic__global_contamination_noise90__quality__signal300__n3000__AMD-DBSCAN__227__8e7e683afe25,ok,synthetic,global_contamination_noise90__quality__signal300__n3000,AMD-DBSCAN,227,0.2.4,3000,2,0.002075299998978153,0.1972826000128407,5.059467399987625,319.796875,137.44921875,319.796875,,,evaluation_state/synthetic__global_contamination_noise90__quality__signal300__n3000__AMD-DBSCAN__227__8e7e683afe25.npz,f3608050883b92cedc8c7f92ba0edde2a26ac95964b990dc287a14e8e9967476,5258,0.9914959434433548,0.9950082639109167,51,51,0.03185185185185185,known_synthetic_noise,0.5142592592592593,0.12391699892491381,18.0,3,3,0.1,0.9,full_partition,target-discovery-v1,0,0.05,0.9966666666666667,0.9983249581239532,0.0033333333333333335,1.0,3,pairwise_f1,hungarian,1.0,0,54,0.11624415445395456,0.061715105848582696,0.061715105848582696,0.029,0.9885057471264368,0.03185185185185185,0.039945190789669655,0.020382417315175098,0.9933333333333333,0.029,54,macro,3,3,0.9966666666666667,0.18611889200124493,0.10264332303467216,0.9966666666666667,51,3,1.0,1.0,3,51,0.0,0.9966666666666667,1.0,0.9983249581239529,1.0,"{""background_inner_edge"": 6.0, ""background_intensity"": 3.0, ""background_size"": 2700, ""background_strip_height"": 10.0, ""background_support_area"": 900.0, ""controlled_factor"": ""global_background_support_at_fixed_local_intensity"", ""declared_noise_fraction"": 0.9, ""dimension"": 2, ""family"": ""global_contamination_invariance"", ""n"": 3000, ""n_targets"": 3, ""paired_background"": ""seeded_prefix"", ""realized_noise_fraction"": 0.9, ""signal_size"": 300}","{""adaptive_rank"": 27, ""balance_rounds"": 3, ""eps_values"": [0.7714339961851783, 1.7471825606545346, 2.029135334264001], ""geometry_profile"": ""low_dim"", ""knn_backend"": ""kd_tree"", ""n_density_levels"": 3}",{},"[{""coverage"": 1.0, ""f1"": 1.0, ""fragments"": 1, ""matched_predicted_cluster"": 6, ""overlap"": 100, ""passes_discovery_thresholds"": true, ""precision"": 1.0, ""purity"": 1.0, ""recall"": 1.0, ""target"": ""cluster_0"", ""target_label"": 0, ""target_noise_loss"": 0.0, ""target_size"": 100}, {""coverage"": 0.99, ""f1"": 0.9949748743718593, ""fragments"": 1, ""matched_predicted_cluster"": 12, ""overlap"": 99, ""passes_discovery_thresholds"": true, ""precision"": 1.0, ""purity"": 1.0, ""recall"": 0.99, ""target"": ""cluster_1"", ""target_label"": 1, ""target_noise_loss"": 0.01, ""target_size"": 100}, {""coverage"": 1.0, ""f1"": 1.0, ""fragments"": 1, ""matched_predicted_cluster"": 9, ""overlap"": 100, ""passes_discovery_thresholds"": true, ""precision"": 1.0, ""purity"": 1.0, ""recall"": 1.0, ""target"": ""cluster_2"", ""target_label"": 2, ""target_noise_loss"": 0.0, ""target_size"": 100}]"
synthetic__global_contamination_noise90__quality__signal300__n3000__AMD-DBSCAN__229__fac64ee0ec68,ok,synthetic,global_contamination_noise90__quality__signal300__n3000,AMD-DBSCAN,229,0.2.4,3000,2,0.0023348999966401607,0.19474919998901896,5.073071200007689,319.625,137.45703125,319.625,,,evaluation_state/synthetic__global_contamination_noise90__quality__signal300__n3000__AMD-DBSCAN__229__fac64ee0ec68.npz,b2e3512907058c4cb1e093764be6ca88c927f2f159c3b8c1d93b1d5e27578ae5,4265,0.9914959434433548,0.9950082639109167,18,18,0.024444444444444446,known_synthetic_noise,0.5105555555555555,0.11633630909829303,7.0,3,3,0.1,0.9,full_partition,target-discovery-v1,0,0.05,0.9966666666666667,0.9983249581239532,0.0033333333333333335,1.0,3,pairwise_f1,hungarian,1.0,0,21,0.09105892810844846,0.047705095771593785,0.047705095771593785,0.022333333333333334,0.9850746268656716,0.024444444444444446,0.021959323668908598,0.011102380339506591,0.9933333333333333,0.022333333333333334,21,macro,3,3,0.9966666666666667,0.18496752242499226,0.10194340265939311,0.9966666666666667,18,3,1.0,1.0,3,18,0.0,0.9966666666666667,1.0,0.9983249581239529,1.0,"{""background_inner_edge"": 6.0, ""background_intensity"": 3.0, ""background_size"": 2700, ""background_strip_height"": 10.0, ""background_support_area"": 900.0, ""controlled_factor"": ""global_background_support_at_fixed_local_intensity"", ""declared_noise_fraction"": 0.9, ""dimension"": 2, ""family"": ""global_contamination_invariance"", ""n"": 3000, ""n_targets"": 3, ""paired_background"": ""seeded_prefix"", ""realized_noise_fraction"": 0.9, ""signal_size"": 300}","{""adaptive_rank"": 27, ""balance_rounds"": 3, ""eps_values"": [0.8100073040925464, 1.75411663924678, 2.0289683342704987], ""geometry_profile"": ""low_dim"", ""knn_backend"": ""kd_tree"", ""n_density_levels"": 3}",{},"[{""coverage"": 1.0, ""f1"": 1.0, ""fragments"": 1, ""matched_predicted_cluster"": 4, ""overlap"": 100, ""passes_discovery_thresholds"": true, ""precision"": 1.0, ""purity"": 1.0, ""recall"": 1.0, ""target"": ""cluster_0"", ""target_label"": 0, ""target_noise_loss"": 0.0, ""target_size"": 100}, {""coverage"": 0.99, ""f1"": 0.9949748743718593, ""fragments"": 1, ""matched_predicted_cluster"": 9, ""overlap"": 99, ""passes_discovery_thresholds"": true, ""precision"": 1.0, ""purity"": 1.0, ""recall"": 0.99, ""target"": ""cluster_1"", ""target_label"": 1, ""target_noise_loss"": 0.01, ""target_size"": 100}, {""coverage"": 1.0, ""f1"": 1.0, ""fragments"": 1, ""matched_predicted_cluster"": 5, ""overlap"": 100, ""passes_discovery_thresholds"": true, ""precision"": 1.0, ""purity"": 1.0, ""recall"": 1.0, ""target"": ""cluster_2"", ""target_label"": 2, ""target_noise_loss"": 0.0, ""target_size"": 100}]"
synthetic__global_contamination_noise90__quality__signal300__n3000__AMD-DBSCAN__233__f28bd0bb476f,ok,synthetic,global_contamination_noise90__quality__signal300__n3000,AMD-DBSCAN,233,0.2.4,3000,2,0.0020173999946564436,0.19393040001159534,5.10680749999301,319.578125,137.44921875,319.578125,,,evaluation_state/synthetic__global_contamination_noise90__quality__signal300__n3000__AMD-DBSCAN__233__f28bd0bb476f.npz,a6fb7322e441cdbfede62ea604813444e76906bd21bcf4801b0eeb6c7ad33cdb,5083,0.9914959434433548,0.9950082639109167,35,35,0.027037037037037037,known_synthetic_noise,0.5118518518518519,0.11900022840734818,12.666666666666666,3,3,0.1,0.9,full_partition,target-discovery-v1,0,0.05,0.9966666666666667,0.9983249581239532,0.0033333333333333335,1.0,3,pairwise_f1,hungarian,1.0,0,38,0.09999161144199312,0.05263157894736842,0.05263157894736842,0.024666666666666667,0.9864864864864865,0.027037037037037037,0.05592287336886881,0.028771323469176786,0.9933333333333333,0.024666666666666667,38,macro,3,3,0.9966666666666667,0.18536887786732795,0.10218728639781272,0.9966666666666667,35,3,1.0,1.0,3,35,0.0,0.9966666666666667,1.0,0.9983249581239529,1.0,"{""background_inner_edge"": 6.0, ""background_intensity"": 3.0, ""background_size"": 2700, ""background_strip_height"": 10.0, ""background_support_area"": 900.0, ""controlled_factor"": ""global_background_support_at_fixed_local_intensity"", ""declared_noise_fraction"": 0.9, ""dimension"": 2, ""family"": ""global_contamination_invariance"", ""n"": 3000, ""n_targets"": 3, ""paired_background"": ""seeded_prefix"", ""realized_noise_fraction"": 0.9, ""signal_size"": 300}","{""adaptive_rank"": 27, ""balance_rounds"": 3, ""eps_values"": [0.7926248640042306, 1.7543411771253041, 2.04276216559913], ""geometry_profile"": ""low_dim"", ""knn_backend"": ""kd_tree"", ""n_density_levels"": 3}",{},"[{""coverage"": 1.0, ""f1"": 1.0, ""fragments"": 1, ""matched_predicted_cluster"": 12, ""overlap"": 100, ""passes_discovery_thresholds"": true, ""precision"": 1.0, ""purity"": 1.0, ""recall"": 1.0, ""target"": ""cluster_0"", ""target_label"": 0, ""target_noise_loss"": 0.0, ""target_size"": 100}, {""coverage"": 0.99, ""f1"": 0.9949748743718593, ""fragments"": 1, ""matched_predicted_cluster"": 10, ""overlap"": 99, ""passes_discovery_thresholds"": true, ""precision"": 1.0, ""purity"": 1.0, ""recall"": 0.99, ""target"": ""cluster_1"", ""target_label"": 1, ""target_noise_loss"": 0.01, ""target_size"": 100}, {""coverage"": 1.0, ""f1"": 1.0, ""fragments"": 1, ""matched_predicted_cluster"": 11, ""overlap"": 100, ""passes_discovery_thresholds"": true, ""precision"": 1.0, ""purity"": 1.0, ""recall"": 1.0, ""target"": ""cluster_2"", ""target_label"": 2, ""target_noise_loss"": 0.0, ""target_size"": 100}]"
synthetic__global_contamination_noise90__quality__signal300__n3000__DBSCAN__211__4aa58187d29c,ok,synthetic,global_contamination_noise90__quality__signal300__n3000,DBSCAN,211,0.2.4,3000,2,0.002430699998512864,0.04745490000641439,4.902447400003439,183.75390625,1.65625,184.08203125,,,evaluation_state/synthetic__global_contamination_noise90__quality__signal300__n3000__DBSCAN__211__4aa58187d29c.npz,fbed593dfc191df9b67132aa2959ad12b0e3375119c3f037ef631d8f025a0d76,6833,0.9740051210129412,0.9849751463816282,174,174,0.34185185185185185,known_synthetic_noise,0.6659259259259259,0.379655776334077,59.0,3,3,0.1,0.9,full_partition,target-discovery-v1,0,0.05,0.9899999999999999,0.9949579547569497,0.01,1.0,3,pairwise_f1,hungarian,1.0,0,177,0.6735561090871949,0.5091009376723663,0.5091009376723663,0.30866666666666664,0.9967602591792657,0.34185185185185185,0.6979331511053566,0.5419273160560024,0.9800673400673401,0.30866666666666664,177,macro,3,3,0.99,0.25021061499578773,0.14320154291224688,0.99,174,3,1.0,1.0,3,174,0.0,0.99,1.0,0.9949579547569497,1.0,"{""background_inner_edge"": 6.0, ""background_intensity"": 3.0, ""background_size"": 2700, ""background_strip_height"": 10.0, ""background_support_area"": 900.0, ""controlled_factor"": ""global_background_support_at_fixed_local_intensity"", ""declared_noise_fraction"": 0.9, ""dimension"": 2, ""family"": ""global_contamination_invariance"", ""n"": 3000, ""n_targets"": 3, ""paired_background"": ""seeded_prefix"", ""realized_noise_fraction"": 0.9, ""signal_size"": 300}","{""base_eps"": 0.8434914946556091, ""eps"": 0.5904440462589263, ""eps_multiplier"": 0.7, ""geometry_profile"": ""low_dim"", ""knn_backend"": ""kd_tree"", ""min_samples"": 5}",{},"[{""coverage"": 0.98, ""f1"": 0.98989898989899, ""fragments"": 1, ""matched_predicted_cluster"": 27, ""overlap"": 98, ""passes_discovery_thresholds"": true, ""precision"": 1.0, ""purity"": 1.0, ""recall"": 0.98, ""target"": ""cluster_0"", ""target_label"": 0, ""target_noise_loss"": 0.02, ""target_size"": 100}, {""coverage"": 0.99, ""f1"": 0.9949748743718593, ""fragments"": 1, ""matched_predicted_cluster"": 18, ""overlap"": 99, ""passes_discovery_thresholds"": true, ""precision"": 1.0, ""purity"": 1.0, ""recall"": 0.99, ""target"": ""cluster_1"", ""target_label"": 1, ""target_noise_loss"": 0.01, ""target_size"": 100}, {""coverage"": 1.0, ""f1"": 1.0, ""fragments"": 1, ""matched_predicted_cluster"": 0, ""overlap"": 100, ""passes_discovery_thresholds"": true, ""precision"": 1.0, ""purity"": 1.0, ""recall"": 1.0, ""target"": ""cluster_2"", ""target_label"": 2, ""target_noise_loss"": 0.0, ""target_size"": 100}]"
synthetic__global_contamination_noise90__quality__signal300__n3000__DBSCAN__223__f48332060ccb,ok,synthetic,global_contamination_noise90__quality__signal300__n3000,DBSCAN,223,0.2.4,3000,2,0.0031464999919990078,0.04017029999522492,4.905517200008035,183.875,1.66015625,184.203125,,,evaluation_state/synthetic__global_contamination_noise90__quality__signal300__n3000__DBSCAN__223__f48332060ccb.npz,e733ced2c4b8d20d885e71d5374b23ca9b156ef3d3a25185cb7a842ee2eb38b4,6898,0.9851989977985108,0.9901010167892863,180,180,0.3277777777777778,known_synthetic_noise,0.6605555555555556,0.37022200280956546,61.0,3,3,0.1,0.9,full_partition,target-discovery-v1,0,0.05,0.9933333333333333,0.9966329966329966,0.006666666666666667,1.0,3,pairwise_f1,hungarian,1.0,0,183,0.6600808092516137,0.4934485642598272,0.4934485642598272,0.2956666666666667,0.9977452085682075,0.3277777777777778,0.6930262255539528,0.5340598461930969,0.9867340067340067,0.2956666666666667,183,macro,3,3,0.9933333333333333,0.24699544135930376,0.14103170847136773,0.9933333333333333,180,3,1.0,1.0,3,180,0.0,0.9933333333333333,1.0,0.9966329966329965,1.0,"{""background_inner_edge"": 6.0, ""background_intensity"": 3.0, ""background_size"": 2700, ""background_strip_height"": 10.0, ""background_support_area"": 900.0, ""controlled_factor"": ""global_background_support_at_fixed_local_intensity"", ""declared_noise_fraction"": 0.9, ""dimension"": 2, ""family"": ""global_contamination_invariance"", ""n"": 3000, ""n_targets"": 3, ""paired_background"": ""seeded_prefix"", ""realized_noise_fraction"": 0.9, ""signal_size"": 300}","{""base_eps"": 0.8497872352600098, ""eps"": 0.5948510646820068, ""eps_multiplier"": 0.7, ""geometry_profile"": ""low_dim"", ""knn_backend"": ""kd_tree"", ""min_samples"": 5}",{},"[{""coverage"": 0.98, ""f1"": 0.98989898989899, ""fragments"": 1, ""matched_predicted_cluster"": 14, ""overlap"": 98, ""passes_discovery_thresholds"": true, ""precision"": 1.0, ""purity"": 1.0, ""recall"": 0.98, ""target"": ""cluster_0"", ""target_label"": 0, ""target_noise_loss"": 0.02, ""target_size"": 100}, {""coverage"": 1.0, ""f1"": 1.0, ""fragments"": 1, ""matched_predicted_cluster"": 10, ""overlap"": 100, ""passes_discovery_thresholds"": true, ""precision"": 1.0, ""purity"": 1.0, ""recall"": 1.0, ""target"": ""cluster_1"", ""target_label"": 1, ""target_noise_loss"": 0.0, ""target_size"": 100}, {""coverage"": 1.0, ""f1"": 1.0, ""fragments"": 1, ""matched_predicted_cluster"": 4, ""overlap"": 100, ""passes_discovery_thresholds"": true, ""precision"": 1.0, ""purity"": 1.0, ""recall"": 1.0, ""target"": ""cluster_2"", ""target_label"": 2, ""target_noise_loss"": 0.0, ""target_size"": 100}]"
synthetic__global_contamination_noise90__quality__signal300__n3000__DBSCAN__227__0fbf6ee9eee4,ok,synthetic,global_contamination_noise90__quality__signal300__n3000,DBSCAN,227,0.2.4,3000,2,0.0023514000058639795,0.03721120000409428,4.798441600010847,183.85546875,1.58984375,184.17578125,,,evaluation_state/synthetic__global_contamination_noise90__quality__signal300__n3000__DBSCAN__227__0fbf6ee9eee4.npz,f9b83647c5a631895ed4e51f761a862fb539d7c73fb4f096d9dc1154c4f41694,6768,0.9740051210129412,0.9849751463816282,165,165,0.34296296296296297,known_synthetic_noise,0.6664814814814815,0.38043031444875786,56.0,3,3,0.1,0.9,full_partition,target-discovery-v1,0,0.05,0.9899999999999999,0.9949579547569497,0.01,1.0,3,pairwise_f1,hungarian,1.0,0,168,0.6746339050801134,0.5103334251860017,0.5103334251860017,0.30966666666666665,0.9967707212055974,0.34296296296296297,0.6777182770663561,0.5179359430604982,0.9800673400673401,0.30966666666666665,168,macro,3,3,0.99,0.2505272037115141,0.14340898116851764,0.99,165,3,1.0,1.0,3,165,0.0,0.99,1.0,0.9949579547569497,1.0,"{""background_inner_edge"": 6.0, ""background_intensity"": 3.0, ""background_size"": 2700, ""background_strip_height"": 10.0, ""background_support_area"": 900.0, ""controlled_factor"": ""global_background_support_at_fixed_local_intensity"", ""declared_noise_fraction"": 0.9, ""dimension"": 2, ""family"": ""global_contamination_invariance"", ""n"": 3000, ""n_targets"": 3, ""paired_background"": ""seeded_prefix"", ""realized_noise_fraction"": 0.9, ""signal_size"": 300}","{""base_eps"": 0.8508814573287964, ""eps"": 0.5956170201301574, ""eps_multiplier"": 0.7, ""geometry_profile"": ""low_dim"", ""knn_backend"": ""kd_tree"", ""min_samples"": 5}",{},"[{""coverage"": 0.99, ""f1"": 0.9949748743718593, ""fragments"": 1, ""matched_predicted_cluster"": 3, ""overlap"": 99, ""passes_discovery_thresholds"": true, ""precision"": 1.0, ""purity"": 1.0, ""recall"": 0.99, ""target"": ""cluster_0"", ""target_label"": 0, ""target_noise_loss"": 0.01, ""target_size"": 100}, {""coverage"": 0.98, ""f1"": 0.98989898989899, ""fragments"": 1, ""matched_predicted_cluster"": 8, ""overlap"": 98, ""passes_discovery_thresholds"": true, ""precision"": 1.0, ""purity"": 1.0, ""recall"": 0.98, ""target"": ""cluster_1"", ""target_label"": 1, ""target_noise_loss"": 0.02, ""target_size"": 100}, {""coverage"": 1.0, ""f1"": 1.0, ""fragments"": 1, ""matched_predicted_cluster"": 5, ""overlap"": 100, ""passes_discovery_thresholds"": true, ""precision"": 1.0, ""purity"": 1.0, ""recall"": 1.0, ""target"": ""cluster_2"", ""target_label"": 2, ""target_noise_loss"": 0.0, ""target_size"": 100}]"
synthetic__global_contamination_noise90__quality__signal300__n3000__DBSCAN__229__b9c0ae01d5e8,ok,synthetic,global_contamination_noise90__quality__signal300__n3000,DBSCAN,229,0.2.4,3000,2,0.002004999987548217,0.03394520000438206,4.747208799992222,183.7265625,1.63671875,184.0390625,,,evaluation_state/synthetic__global_contamination_noise90__quality__signal300__n3000__DBSCAN__229__b9c0ae01d5e8.npz,b6db214bcb3462094b9b9549f67b9f8190d07b0ec06a8f5907177047082144c2,6849,0.9914959434433548,0.9950082639109167,187,187,0.3574074074074074,known_synthetic_noise,0.6770370370370371,0.3913359334789078,63.333333333333336,3,3,0.1,0.9,full_partition,target-discovery-v1,0,0.05,0.9966666666666667,0.9983249581239532,0.0033333333333333335,1.0,3,pairwise_f1,hungarian,1.0,0,190,0.6893794877419208,0.5264593562465902,0.5264593562465902,0.322,0.9989648033126294,0.3574074074074074,0.7213202933985331,0.566257197696737,0.9933333333333333,0.322,190,macro,3,3,0.9966666666666667,0.25621251071122536,0.14700098328416913,0.9966666666666667,187,3,1.0,1.0,3,187,0.0,0.9966666666666667,1.0,0.9983249581239529,1.0,"{""background_inner_edge"": 6.0, ""background_intensity"": 3.0, ""background_size"": 2700, ""background_strip_height"": 10.0, ""background_support_area"": 900.0, ""controlled_factor"": ""global_background_support_at_fixed_local_intensity"", ""declared_noise_fraction"": 0.9, ""dimension"": 2, ""family"": ""global_contamination_invariance"", ""n"": 3000, ""n_targets"": 3, ""paired_background"": ""seeded_prefix"", ""realized_noise_fraction"": 0.9, ""signal_size"": 300}","{""base_eps"": 0.8427326679229736, ""eps"": 0.5899128675460815, ""eps_multiplier"": 0.7, ""geometry_profile"": ""low_dim"", ""knn_backend"": ""kd_tree"", ""min_samples"": 5}",{},"[{""coverage"": 1.0, ""f1"": 1.0, ""fragments"": 1, ""matched_predicted_cluster"": 6, ""overlap"": 100, ""passes_discovery_thresholds"": true, ""precision"": 1.0, ""purity"": 1.0, ""recall"": 1.0, ""target"": ""cluster_0"", ""target_label"": 0, ""target_noise_loss"": 0.0, ""target_size"": 100}, {""coverage"": 0.99, ""f1"": 0.9949748743718593, ""fragments"": 1, ""matched_predicted_cluster"": 24, ""overlap"": 99, ""passes_discovery_thresholds"": true, ""precision"": 1.0, ""purity"": 1.0, ""recall"": 0.99, ""target"": ""cluster_1"", ""target_label"": 1, ""target_noise_loss"": 0.01, ""target_size"": 100}, {""coverage"": 1.0, ""f1"": 1.0, ""fragments"": 1, ""matched_predicted_cluster"": 7, ""overlap"": 100, ""passes_discovery_thresholds"": true, ""precision"": 1.0, ""purity"": 1.0, ""recall"": 1.0, ""target"": ""cluster_2"", ""target_label"": 2, ""target_noise_loss"": 0.0, ""target_size"": 100}]"
synthetic__global_contamination_noise90__quality__signal300__n3000__DBSCAN__233__602888ded270,ok,synthetic,global_contamination_noise90__quality__signal300__n3000,DBSCAN,233,0.2.4,3000,2,0.00195720000192523,0.03266070000245236,4.6903998000052525,183.76953125,1.63671875,184.109375,,,evaluation_state/synthetic__global_contamination_noise90__quality__signal300__n3000__DBSCAN__233__602888ded270.npz,41e8175fcb2d2a055098bff9e7433eabc2eb80fba4aeb8f3263aa2e7d4a949f6,6815,0.9698276113084682,0.9848231208333376,172,172,0.3340740740740741,known_synthetic_noise,0.662037037037037,0.37421639511349064,58.333333333333336,3,3,0.1,0.9,full_partition,target-discovery-v1,0,0.05,0.9899999999999999,0.9949748743718593,0.01,1.0,3,pairwise_f1,hungarian,1.0,0,175,0.6659147304308596,0.5004160887656034,0.5004160887656034,0.3016666666666667,0.9966850828729282,0.3340740740740741,0.6765690376569038,0.5166134185303515,0.98,0.3016666666666667,175,macro,3,3,0.99,0.2480167014613779,0.14176610978520288,0.99,172,3,1.0,1.0,3,172,0.0,0.99,1.0,0.9949748743718594,1.0,"{""background_inner_edge"": 6.0, ""background_intensity"": 3.0, ""background_size"": 2700, ""background_strip_height"": 10.0, ""background_support_area"": 900.0, ""controlled_factor"": ""global_background_support_at_fixed_local_intensity"", ""declared_noise_fraction"": 0.9, ""dimension"": 2, ""family"": ""global_contamination_invariance"", ""n"": 3000, ""n_targets"": 3, ""paired_background"": ""seeded_prefix"", ""realized_noise_fraction"": 0.9, ""signal_size"": 300}","{""base_eps"": 0.8463069796562195, ""eps"": 0.5924148857593536, ""eps_multiplier"": 0.7, ""geometry_profile"": ""low_dim"", ""knn_backend"": ""kd_tree"", ""min_samples"": 5}",{},"[{""coverage"": 0.99, ""f1"": 0.9949748743718593, ""fragments"": 1, ""matched_predicted_cluster"": 15, ""overlap"": 99, ""passes_discovery_thresholds"": true, ""precision"": 1.0, ""purity"": 1.0, ""recall"": 0.99, ""target"": ""cluster_0"", ""target_label"": 0, ""target_noise_loss"": 0.01, ""target_size"": 100}, {""coverage"": 0.99, ""f1"": 0.9949748743718593, ""fragments"": 1, ""matched_predicted_cluster"": 13, ""overlap"": 99, ""passes_discovery_thresholds"": true, ""precision"": 1.0, ""purity"": 1.0, ""recall"": 0.99, ""target"": ""cluster_1"", ""target_label"": 1, ""target_noise_loss"": 0.01, ""target_size"": 100}, {""coverage"": 0.99, ""f1"": 0.9949748743718593, ""fragments"": 1, ""matched_predicted_cluster"": 14, ""overlap"": 99, ""passes_discovery_thresholds"": true, ""precision"": 1.0, ""purity"": 1.0, ""recall"": 0.99, ""target"": ""cluster_2"", ""target_label"": 2, ""target_noise_loss"": 0.01, ""target_size"": 100}]"
synthetic__global_contamination_noise90__quality__signal300__n3000__HDBSCAN__211__1e645abbc9f3,ok,synthetic,global_contamination_noise90__quality__signal300__n3000,HDBSCAN,211,0.2.4,3000,2,0.0024211999989347532,0.1221466999995755,4.909859499995946,184.53125,1.890625,184.79296875,,,evaluation_state/synthetic__global_contamination_noise90__quality__signal300__n3000__HDBSCAN__211__1e645abbc9f3.npz,474b9edc148365da5cda635b2723e96cd8405eeab65155146c8cef28ee0ccc8f,3518,0.9914959434433548,0.9950082639109167,2,1,0.0022222222222222222,known_synthetic_noise,0.5011111111111111,0.09329197613883738,1.6666666666666667,4,3,0.1,0.9,full_partition,target-discovery-v1,0,0.05,0.9966666666666667,0.9983249581239532,0.0,1.0,3,pairwise_f1,hungarian,1.0,0,5,0.008829956665061667,0.004434589800443459,0.004434589800443459,0.002,1.0,0.0022222222222222222,0.015998776583283438,0.008064330957387136,0.9933333333333333,0.002,5,macro,3,3,1.0,0.18214936247723132,0.10020040080160321,1.0,2,3,1.0,1.0,3,2,0.0,0.9966666666666667,1.0,0.9983249581239529,1.0,"{""background_inner_edge"": 6.0, ""background_intensity"": 3.0, ""background_size"": 2700, ""background_strip_height"": 10.0, ""background_support_area"": 900.0, ""controlled_factor"": ""global_background_support_at_fixed_local_intensity"", ""declared_noise_fraction"": 0.9, ""dimension"": 2, ""family"": ""global_contamination_invariance"", ""n"": 3000, ""n_targets"": 3, ""paired_background"": ""seeded_prefix"", ""realized_noise_fraction"": 0.9, ""signal_size"": 300}","{""geometry_profile"": ""low_dim"", ""knn_backend"": ""kd_tree"", ""min_cluster_size"": 40, ""min_samples"": 5}",{},"[{""coverage"": 0.99, ""f1"": 0.9949748743718593, ""fragments"": 1, ""matched_predicted_cluster"": 3, ""overlap"": 99, ""passes_discovery_thresholds"": true, ""precision"": 1.0, ""purity"": 1.0, ""recall"": 0.99, ""target"": ""cluster_0"", ""target_label"": 0, ""target_noise_loss"": 0.0, ""target_size"": 100}, {""coverage"": 1.0, ""f1"": 1.0, ""fragments"": 1, ""matched_predicted_cluster"": 1, ""overlap"": 100, ""passes_discovery_thresholds"": true, ""precision"": 1.0, ""purity"": 1.0, ""recall"": 1.0, ""target"": ""cluster_1"", ""target_label"": 1, ""target_noise_loss"": 0.0, ""target_size"": 100}, {""coverage"": 1.0, ""f1"": 1.0, ""fragments"": 1, ""matched_predicted_cluster"": 0, ""overlap"": 100, ""passes_discovery_thresholds"": true, ""precision"": 1.0, ""purity"": 1.0, ""recall"": 1.0, ""target"": ""cluster_2"", ""target_label"": 2, ""target_noise_loss"": 0.0, ""target_size"": 100}]"
synthetic__global_contamination_noise90__quality__signal300__n3000__HDBSCAN__223__bc90e6485271,ok,synthetic,global_contamination_noise90__quality__signal300__n3000,HDBSCAN,223,0.2.4,3000,2,0.0028935000009369105,0.12144360000093002,4.933987500000512,184.25,1.828125,184.48828125,,,evaluation_state/synthetic__global_contamination_noise90__quality__signal300__n3000__HDBSCAN__223__bc90e6485271.npz,72de5d3a27046be2267c89f25476b6a35176d00a1d9cfe278c58969645eb6843,3529,1.0,1.0,2,2,0.00037037037037037035,known_synthetic_noise,0.5001851851851852,0.09130688071587556,1.6666666666666667,3,3,0.1,0.9,full_partition,target-discovery-v1,0,0.05,1.0,1.0,0.0,1.0,3,pairwise_f1,hungarian,1.0,0,5,0.0014798372179060301,0.0007404664938911515,0.0007404664938911515,0.0003333333333333333,1.0,0.00037037037037037035,0.016058385478028937,0.008094182490293794,1.0,0.0003333333333333333,5,macro,3,3,1.0,0.18187329493785998,0.10003334444814939,1.0,2,3,1.0,1.0,3,2,0.0,1.0,1.0,1.0,1.0,"{""background_inner_edge"": 6.0, ""background_intensity"": 3.0, ""background_size"": 2700, ""background_strip_height"": 10.0, ""background_support_area"": 900.0, ""controlled_factor"": ""global_background_support_at_fixed_local_intensity"", ""declared_noise_fraction"": 0.9, ""dimension"": 2, ""family"": ""global_contamination_invariance"", ""n"": 3000, ""n_targets"": 3, ""paired_background"": ""seeded_prefix"", ""realized_noise_fraction"": 0.9, ""signal_size"": 300}","{""geometry_profile"": ""low_dim"", ""knn_backend"": ""kd_tree"", ""min_cluster_size"": 40, ""min_samples"": 5}",{},"[{""coverage"": 1.0, ""f1"": 1.0, ""fragments"": 1, ""matched_predicted_cluster"": 3, ""overlap"": 100, ""passes_discovery_thresholds"": true, ""precision"": 1.0, ""purity"": 1.0, ""recall"": 1.0, ""target"": ""cluster_0"", ""target_label"": 0, ""target_noise_loss"": 0.0, ""target_size"": 100}, {""coverage"": 1.0, ""f1"": 1.0, ""fragments"": 1, ""matched_predicted_cluster"": 2, ""overlap"": 100, ""passes_discovery_thresholds"": true, ""precision"": 1.0, ""purity"": 1.0, ""recall"": 1.0, ""target"": ""cluster_1"", ""target_label"": 1, ""target_noise_loss"": 0.0, ""target_size"": 100}, {""coverage"": 1.0, ""f1"": 1.0, ""fragments"": 1, ""matched_predicted_cluster"": 0, ""overlap"": 100, ""passes_discovery_thresholds"": true, ""precision"": 1.0, ""purity"": 1.0, ""recall"": 1.0, ""target"": ""cluster_2"", ""target_label"": 2, ""target_noise_loss"": 0.0, ""target_size"": 100}]"
synthetic__global_contamination_noise90__quality__signal300__n3000__HDBSCAN__227__0e7deb0ac1ff,ok,synthetic,global_contamination_noise90__quality__signal300__n3000,HDBSCAN,227,0.2.4,3000,2,0.0026178999978583306,0.12584319998859428,4.896302800014382,184.19921875,1.8671875,184.42578125,,,evaluation_state/synthetic__global_contamination_noise90__quality__signal300__n3000__HDBSCAN__227__0e7deb0ac1ff.npz,2eedf8a6efef123587bd0bf22da53e660efa15f30c1e70528abd0f8459655ec5,3495,1.0,1.0,2,2,0.0,known_synthetic_noise,0.5,0.09090909090909091,1.6666666666666667,3,3,0.1,0.9,full_partition,target-discovery-v1,0,0.05,1.0,1.0,0.0,1.0,3,pairwise_f1,hungarian,1.0,0,5,0.0,0.0,0.0,0.0,0.0,0.0,0.016046681254558718,0.008088235294117648,1.0,0.0,5,macro,3,3,1.0,0.18181818181818182,0.1,1.0,2,3,1.0,1.0,3,2,0.0,1.0,1.0,1.0,1.0,"{""background_inner_edge"": 6.0, ""background_intensity"": 3.0, ""background_size"": 2700, ""background_strip_height"": 10.0, ""background_support_area"": 900.0, ""controlled_factor"": ""global_background_support_at_fixed_local_intensity"", ""declared_noise_fraction"": 0.9, ""dimension"": 2, ""family"": ""global_contamination_invariance"", ""n"": 3000, ""n_targets"": 3, ""paired_background"": ""seeded_prefix"", ""realized_noise_fraction"": 0.9, ""signal_size"": 300}","{""geometry_profile"": ""low_dim"", ""knn_backend"": ""kd_tree"", ""min_cluster_size"": 40, ""min_samples"": 5}",{},"[{""coverage"": 1.0, ""f1"": 1.0, ""fragments"": 1, ""matched_predicted_cluster"": 2, ""overlap"": 100, ""passes_discovery_thresholds"": true, ""precision"": 1.0, ""purity"": 1.0, ""recall"": 1.0, ""target"": ""cluster_0"", ""target_label"": 0, ""target_noise_loss"": 0.0, ""target_size"": 100}, {""coverage"": 1.0, ""f1"": 1.0, ""fragments"": 1, ""matched_predicted_cluster"": 3, ""overlap"": 100, ""passes_discovery_thresholds"": true, ""precision"": 1.0, ""purity"": 1.0, ""recall"": 1.0, ""target"": ""cluster_1"", ""target_label"": 1, ""target_noise_loss"": 0.0, ""target_size"": 100}, {""coverage"": 1.0, ""f1"": 1.0, ""fragments"": 1, ""matched_predicted_cluster"": 0, ""overlap"": 100, ""passes_discovery_thresholds"": true, ""precision"": 1.0, ""purity"": 1.0, ""recall"": 1.0, ""target"": ""cluster_2"", ""target_label"": 2, ""target_noise_loss"": 0.0, ""target_size"": 100}]"
synthetic__global_contamination_noise90__quality__signal300__n3000__HDBSCAN__229__64c2ae33e0d5,ok,synthetic,global_contamination_noise90__quality__signal300__n3000,HDBSCAN,229,0.2.4,3000,2,0.002402099999017082,0.09612999999080785,4.931588000006741,183.8671875,1.875,184.109375,,,evaluation_state/synthetic__global_contamination_noise90__quality__signal300__n3000__HDBSCAN__229__64c2ae33e0d5.npz,6eca1aed9e23b7e6274a730f808abfaf66e974e340c52c8dc0fe8fedd322e4a9,3506,1.0,1.0,2,2,0.0,known_synthetic_noise,0.5,0.09090909090909091,1.6666666666666667,3,3,0.1,0.9,full_partition,target-discovery-v1,0,0.05,1.0,1.0,0.0,1.0,3,pairwise_f1,hungarian,1.0,0,5,0.0,0.0,0.0,0.0,0.0,0.0,0.016046681254558718,0.008088235294117648,1.0,0.0,5,macro,3,3,1.0,0.18181818181818182,0.1,1.0,2,3,1.0,1.0,3,2,0.0,1.0,1.0,1.0,1.0,"{""background_inner_edge"": 6.0, ""background_intensity"": 3.0, ""background_size"": 2700, ""background_strip_height"": 10.0, ""background_support_area"": 900.0, ""controlled_factor"": ""global_background_support_at_fixed_local_intensity"", ""declared_noise_fraction"": 0.9, ""dimension"": 2, ""family"": ""global_contamination_invariance"", ""n"": 3000, ""n_targets"": 3, ""paired_background"": ""seeded_prefix"", ""realized_noise_fraction"": 0.9, ""signal_size"": 300}","{""geometry_profile"": ""low_dim"", ""knn_backend"": ""kd_tree"", ""min_cluster_size"": 40, ""min_samples"": 5}",{},"[{""coverage"": 1.0, ""f1"": 1.0, ""fragments"": 1, ""matched_predicted_cluster"": 3, ""overlap"": 100, ""passes_discovery_thresholds"": true, ""precision"": 1.0, ""purity"": 1.0, ""recall"": 1.0, ""target"": ""cluster_0"", ""target_label"": 0, ""target_noise_loss"": 0.0, ""target_size"": 100}, {""coverage"": 1.0, ""f1"": 1.0, ""fragments"": 1, ""matched_predicted_cluster"": 2, ""overlap"": 100, ""passes_discovery_thresholds"": true, ""precision"": 1.0, ""purity"": 1.0, ""recall"": 1.0, ""target"": ""cluster_1"", ""target_label"": 1, ""target_noise_loss"": 0.0, ""target_size"": 100}, {""coverage"": 1.0, ""f1"": 1.0, ""fragments"": 1, ""matched_predicted_cluster"": 0, ""overlap"": 100, ""passes_discovery_thresholds"": true, ""precision"": 1.0, ""purity"": 1.0, ""recall"": 1.0, ""target"": ""cluster_2"", ""target_label"": 2, ""target_noise_loss"": 0.0, ""target_size"": 100}]"
synthetic__global_contamination_noise90__quality__signal300__n3000__HDBSCAN__233__9dd80747a987,ok,synthetic,global_contamination_noise90__quality__signal300__n3000,HDBSCAN,233,0.2.4,3000,2,0.0018966999923577532,0.11214539999491535,4.863358500006143,183.88671875,1.81640625,184.1328125,,,evaluation_state/synthetic__global_contamination_noise90__quality__signal300__n3000__HDBSCAN__233__9dd80747a987.npz,a52d786eb0a5654529e49b4355f8e380b2b21ac5b04f89fa0727b6462a670526,3510,1.0,1.0,2,2,0.0011111111111111111,known_synthetic_noise,0.5005555555555555,0.0921016886504632,1.6666666666666667,3,3,0.1,0.9,full_partition,target-discovery-v1,0,0.05,1.0,1.0,0.0,1.0,3,pairwise_f1,hungarian,1.0,0,5,0.004429678848283499,0.0022197558268590455,0.0022197558268590455,0.001,1.0,0.0011111111111111111,0.016081836513241257,0.008106098733920175,1.0,0.001,5,macro,3,3,1.0,0.18198362147406735,0.1001001001001001,1.0,2,3,1.0,1.0,3,2,0.0,1.0,1.0,1.0,1.0,"{""background_inner_edge"": 6.0, ""background_intensity"": 3.0, ""background_size"": 2700, ""background_strip_height"": 10.0, ""background_support_area"": 900.0, ""controlled_factor"": ""global_background_support_at_fixed_local_intensity"", ""declared_noise_fraction"": 0.9, ""dimension"": 2, ""family"": ""global_contamination_invariance"", ""n"": 3000, ""n_targets"": 3, ""paired_background"": ""seeded_prefix"", ""realized_noise_fraction"": 0.9, ""signal_size"": 300}","{""geometry_profile"": ""low_dim"", ""knn_backend"": ""kd_tree"", ""min_cluster_size"": 40, ""min_samples"": 5}",{},"[{""coverage"": 1.0, ""f1"": 1.0, ""fragments"": 1, ""matched_predicted_cluster"": 2, ""overlap"": 100, ""passes_discovery_thresholds"": true, ""precision"": 1.0, ""purity"": 1.0, ""recall"": 1.0, ""target"": ""cluster_0"", ""target_label"": 0, ""target_noise_loss"": 0.0, ""target_size"": 100}, {""coverage"": 1.0, ""f1"": 1.0, ""fragments"": 1, ""matched_predicted_cluster"": 3, ""overlap"": 100, ""passes_discovery_thresholds"": true, ""precision"": 1.0, ""purity"": 1.0, ""recall"": 1.0, ""target"": ""cluster_1"", ""target_label"": 1, ""target_noise_loss"": 0.0, ""target_size"": 100}, {""coverage"": 1.0, ""f1"": 1.0, ""fragments"": 1, ""matched_predicted_cluster"": 0, ""overlap"": 100, ""passes_discovery_thresholds"": true, ""precision"": 1.0, ""purity"": 1.0, ""recall"": 1.0, ""target"": ""cluster_2"", ""target_label"": 2, ""target_noise_loss"": 0.0, ""target_size"": 100}]"
synthetic__global_contamination_noise90__quality__signal300__n3000__OPTICS__211__32d1f1742143,ok,synthetic,global_contamination_noise90__quality__signal300__n3000,OPTICS,211,0.2.4,3000,2,0.0020263000042177737,3.889050199999474,8.608264399998006,183.875,2.0625,184.28515625,,,evaluation_state/synthetic__global_contamination_noise90__quality__signal300__n3000__OPTICS__211__32d1f1742143.npz,47b4ab8f318de6a9ff7ee1ab25527250bbf4080fd315649154bf7fd44e668178,3503,1.0,1.0,2,2,0.00037037037037037035,known_synthetic_noise,0.5001851851851852,0.09130688071587556,1.6666666666666667,3,3,0.1,0.9,full_partition,target-discovery-v1,0,0.05,1.0,1.0,0.0,1.0,3,pairwise_f1,hungarian,1.0,0,5,0.0014798372179060301,0.0007404664938911515,0.0007404664938911515,0.0003333333333333333,1.0,0.00037037037037037035,0.016058385478028937,0.008094182490293794,1.0,0.0003333333333333333,5,macro,3,3,1.0,0.18187329493785998,0.10003334444814939,1.0,2,3,1.0,1.0,3,2,0.0,1.0,1.0,1.0,1.0,"{""background_inner_edge"": 6.0, ""background_intensity"": 3.0, ""background_size"": 2700, ""background_strip_height"": 10.0, ""background_support_area"": 900.0, ""controlled_factor"": ""global_background_support_at_fixed_local_intensity"", ""declared_noise_fraction"": 0.9, ""dimension"": 2, ""family"": ""global_contamination_invariance"", ""n"": 3000, ""n_targets"": 3, ""paired_background"": ""seeded_prefix"", ""realized_noise_fraction"": 0.9, ""signal_size"": 300}","{""geometry_profile"": ""low_dim"", ""knn_backend"": ""kd_tree"", ""max_eps"": 1.0400810241699219, ""max_eps_quantile"": 0.98, ""min_cluster_size"": 40, ""min_samples"": 5, ""xi"": 0.1}",{},"[{""coverage"": 1.0, ""f1"": 1.0, ""fragments"": 1, ""matched_predicted_cluster"": 4, ""overlap"": 100, ""passes_discovery_thresholds"": true, ""precision"": 1.0, ""purity"": 1.0, ""recall"": 1.0, ""target"": ""cluster_0"", ""target_label"": 0, ""target_noise_loss"": 0.0, ""target_size"": 100}, {""coverage"": 1.0, ""f1"": 1.0, ""fragments"": 1, ""matched_predicted_cluster"": 3, ""overlap"": 100, ""passes_discovery_thresholds"": true, ""precision"": 1.0, ""purity"": 1.0, ""recall"": 1.0, ""target"": ""cluster_1"", ""target_label"": 1, ""target_noise_loss"": 0.0, ""target_size"": 100}, {""coverage"": 1.0, ""f1"": 1.0, ""fragments"": 1, ""matched_predicted_cluster"": 0, ""overlap"": 100, ""passes_discovery_thresholds"": true, ""precision"": 1.0, ""purity"": 1.0, ""recall"": 1.0, ""target"": ""cluster_2"", ""target_label"": 2, ""target_noise_loss"": 0.0, ""target_size"": 100}]"
synthetic__global_contamination_noise90__quality__signal300__n3000__OPTICS__223__3f92cd255ad7,ok,synthetic,global_contamination_noise90__quality__signal300__n3000,OPTICS,223,0.2.4,3000,2,0.0020007999992230907,3.925410499999998,8.652369599993108,184.32421875,2.0703125,184.71875,,,evaluation_state/synthetic__global_contamination_noise90__quality__signal300__n3000__OPTICS__223__3f92cd255ad7.npz,4c2c9996f2f55aa0206e00e352c6457b6956cd2bd691d03afe1bf1758490703f,3634,0.8470029862609341,0.845576646391437,2,2,0.48074074074074075,known_synthetic_noise,0.687037037037037,0.45812497638271343,1.6666666666666667,3,3,0.1,0.9,full_partition,target-discovery-v1,0,0.05,0.8933333333333332,0.9420075813518437,0.10666666666666667,1.0,3,pairwise_f1,hungarian,1.0,0,5,0.765125321188623,0.6441687344913152,0.6441687344913152,0.44333333333333336,0.9759398496240601,0.48074074074074075,0.025439070939440585,0.01292428297491564,0.8028956228956229,0.44333333333333336,5,macro,3,3,0.8933333333333333,0.27208121827411164,0.16047904191616766,0.8933333333333333,2,3,1.0,1.0,3,2,0.0,0.8933333333333333,1.0,0.9420075813518436,1.0,"{""background_inner_edge"": 6.0, ""background_intensity"": 3.0, ""background_size"": 2700, ""background_strip_height"": 10.0, ""background_support_area"": 900.0, ""controlled_factor"": ""global_background_support_at_fixed_local_intensity"", ""declared_noise_fraction"": 0.9, ""dimension"": 2, ""family"": ""global_contamination_invariance"", ""n"": 3000, ""n_targets"": 3, ""paired_background"": ""seeded_prefix"", ""realized_noise_fraction"": 0.9, ""signal_size"": 300}","{""geometry_profile"": ""low_dim"", ""knn_backend"": ""kd_tree"", ""max_eps"": 1.0452935695648193, ""max_eps_quantile"": 0.98, ""min_cluster_size"": 40, ""min_samples"": 5, ""xi"": 0.1}",{},"[{""coverage"": 0.85, ""f1"": 0.9189189189189189, ""fragments"": 1, ""matched_predicted_cluster"": 4, ""overlap"": 85, ""passes_discovery_thresholds"": true, ""precision"": 1.0, ""purity"": 1.0, ""recall"": 0.85, ""target"": ""cluster_0"", ""target_label"": 0, ""target_noise_loss"": 0.15, ""target_size"": 100}, {""coverage"": 0.83, ""f1"": 0.9071038251366119, ""fragments"": 1, ""matched_predicted_cluster"": 3, ""overlap"": 83, ""passes_discovery_thresholds"": true, ""precision"": 1.0, ""purity"": 1.0, ""recall"": 0.83, ""target"": ""cluster_1"", ""target_label"": 1, ""target_noise_loss"": 0.17, ""target_size"": 100}, {""coverage"": 1.0, ""f1"": 1.0, ""fragments"": 1, ""matched_predicted_cluster"": 2, ""overlap"": 100, ""passes_discovery_thresholds"": true, ""precision"": 1.0, ""purity"": 1.0, ""recall"": 1.0, ""target"": ""cluster_2"", ""target_label"": 2, ""target_noise_loss"": 0.0, ""target_size"": 100}]"
synthetic__global_contamination_noise90__quality__signal300__n3000__OPTICS__227__b760aa8bfd4d,ok,synthetic,global_contamination_noise90__quality__signal300__n3000,OPTICS,227,0.2.4,3000,2,0.001795399992261082,3.897673900006339,8.636272100004135,184.39453125,2.296875,184.8203125,,,evaluation_state/synthetic__global_contamination_noise90__quality__signal300__n3000__OPTICS__227__b760aa8bfd4d.npz,638cc645524ca062583ff097838ce1aa5e302e637234e50467172903a8ae5b04,3701,0.7244002560990298,0.7066026902035921,2,2,0.46814814814814815,known_synthetic_noise,0.6424074074074074,0.43818100770456947,1.6666666666666667,3,3,0.1,0.9,full_partition,target-discovery-v1,0,0.05,0.8166666666666668,0.8989630715063447,0.18333333333333335,1.0,3,pairwise_f1,hungarian,1.0,0,5,0.7401412126057408,0.6290121920875841,0.6290121920875841,0.43966666666666665,0.9583017437452616,0.46814814814814815,0.021287108994433313,0.010816470091426358,0.6657912457912458,0.43966666666666665,5,macro,3,2,0.8166666666666667,0.2473498233215548,0.1457465794170137,0.8166666666666667,2,3,1.0,1.0,3,2,0.0,0.8166666666666667,1.0,0.8989630715063447,1.0,"{""background_inner_edge"": 6.0, ""background_intensity"": 3.0, ""background_size"": 2700, ""background_strip_height"": 10.0, ""background_support_area"": 900.0, ""controlled_factor"": ""global_background_support_at_fixed_local_intensity"", ""declared_noise_fraction"": 0.9, ""dimension"": 2, ""family"": ""global_contamination_invariance"", ""n"": 3000, ""n_targets"": 3, ""paired_background"": ""seeded_prefix"", ""realized_noise_fraction"": 0.9, ""signal_size"": 300}","{""geometry_profile"": ""low_dim"", ""knn_backend"": ""kd_tree"", ""max_eps"": 1.0571558475494385, ""max_eps_quantile"": 0.98, ""min_cluster_size"": 40, ""min_samples"": 5, ""xi"": 0.1}",{},"[{""coverage"": 0.79, ""f1"": 0.8826815642458101, ""fragments"": 1, ""matched_predicted_cluster"": 2, ""overlap"": 79, ""passes_discovery_thresholds"": true, ""precision"": 1.0, ""purity"": 1.0, ""recall"": 0.79, ""target"": ""cluster_0"", ""target_label"": 0, ""target_noise_loss"": 0.21, ""target_size"": 100}, {""coverage"": 0.83, ""f1"": 0.9071038251366119, ""fragments"": 1, ""matched_predicted_cluster"": 4, ""overlap"": 83, ""passes_discovery_thresholds"": true, ""precision"": 1.0, ""purity"": 1.0, ""recall"": 0.83, ""target"": ""cluster_1"", ""target_label"": 1, ""target_noise_loss"": 0.17, ""target_size"": 100}, {""coverage"": 0.83, ""f1"": 0.9071038251366119, ""fragments"": 1, ""matched_predicted_cluster"": 3, ""overlap"": 83, ""passes_discovery_thresholds"": true, ""precision"": 1.0, ""purity"": 1.0, ""recall"": 0.83, ""target"": ""cluster_2"", ""target_label"": 2, ""target_noise_loss"": 0.17, ""target_size"": 100}]"
synthetic__global_contamination_noise90__quality__signal300__n3000__OPTICS__229__229bc3ce5e0c,ok,synthetic,global_contamination_noise90__quality__signal300__n3000,OPTICS,229,0.2.4,3000,2,0.0017980999982682988,4.0031355999963125,8.80520930000057,184.53515625,2.19921875,184.97265625,,,evaluation_state/synthetic__global_contamination_noise90__quality__signal300__n3000__OPTICS__229__229bc3ce5e0c.npz,67afc13c3f54acca67fdd9e16d58b199b044a44257fe4f1e1b6b3544faefb6ae,3576,0.9625997282324074,0.9668640195538187,2,2,0.0007407407407407407,known_synthetic_noise,0.4887037037037037,0.08976896956799864,1.6666666666666667,3,3,0.1,0.9,full_partition,target-discovery-v1,0,0.05,0.9766666666666667,0.9879101899827288,0.023333333333333334,1.0,3,pairwise_f1,hungarian,1.0,0,5,0.0029487120005361293,0.0014765596160944998,0.0014765596160944998,0.003,0.2222222222222222,0.0007407407407407407,0.015348474679022237,0.007736422518457081,0.9547474747474748,0.003,5,macro,3,3,0.9766666666666667,0.17806137951990278,0.09796054831160148,0.9766666666666667,2,3,1.0,1.0,3,2,0.0,0.9766666666666667,1.0,0.9879101899827287,1.0,"{""background_inner_edge"": 6.0, ""background_intensity"": 3.0, ""background_size"": 2700, ""background_strip_height"": 10.0, ""background_support_area"": 900.0, ""controlled_factor"": ""global_background_support_at_fixed_local_intensity"", ""declared_noise_fraction"": 0.9, ""dimension"": 2, ""family"": ""global_contamination_invariance"", ""n"": 3000, ""n_targets"": 3, ""paired_background"": ""seeded_prefix"", ""realized_noise_fraction"": 0.9, ""signal_size"": 300}","{""geometry_profile"": ""low_dim"", ""knn_backend"": ""kd_tree"", ""max_eps"": 1.0410902500152588, ""max_eps_quantile"": 0.98, ""min_cluster_size"": 40, ""min_samples"": 5, ""xi"": 0.1}",{},"[{""coverage"": 0.93, ""f1"": 0.9637305699481865, ""fragments"": 1, ""matched_predicted_cluster"": 2, ""overlap"": 93, ""passes_discovery_thresholds"": true, ""precision"": 1.0, ""purity"": 1.0, ""recall"": 0.93, ""target"": ""cluster_0"", ""target_label"": 0, ""target_noise_loss"": 0.07, ""target_size"": 100}, {""coverage"": 1.0, ""f1"": 1.0, ""fragments"": 1, ""matched_predicted_cluster"": 4, ""overlap"": 100, ""passes_discovery_thresholds"": true, ""precision"": 1.0, ""purity"": 1.0, ""recall"": 1.0, ""target"": ""cluster_1"", ""target_label"": 1, ""target_noise_loss"": 0.0, ""target_size"": 100}, {""coverage"": 1.0, ""f1"": 1.0, ""fragments"": 1, ""matched_predicted_cluster"": 3, ""overlap"": 100, ""passes_discovery_thresholds"": true, ""precision"": 1.0, ""purity"": 1.0, ""recall"": 1.0, ""target"": ""cluster_2"", ""target_label"": 2, ""target_noise_loss"": 0.0, ""target_size"": 100}]"
synthetic__global_contamination_noise90__quality__signal300__n3000__OPTICS__233__fc63721e1166,ok,synthetic,global_contamination_noise90__quality__signal300__n3000,OPTICS,233,0.2.4,3000,2,0.0021250999998301268,3.997539999996661,8.806758800012176,184.1484375,1.96875,184.53515625,,,evaluation_state/synthetic__global_contamination_noise90__quality__signal300__n3000__OPTICS__233__fc63721e1166.npz,9d30d52aec80b74086a679647f119cb892d857b37095881fb3a6db9f16dad233,3679,0.9167632099682598,0.894919168591224,3,3,0.4674074074074074,known_synthetic_noise,0.687037037037037,0.45161410990161976,2.0,3,3,0.1,0.9,full_partition,target-discovery-v1,0,0.05,0.9066666666666666,0.945736434108527,0.09333333333333334,1.0,3,pairwise_f1,hungarian,1.0,0,6,0.7580923119343753,0.6325814536340852,0.6325814536340852,0.43,0.9782945736434109,0.4674074074074074,0.026508275323426072,0.013466935947723725,0.8387878787878787,0.43,6,macro,3,2,0.9066666666666666,0.27064676616915423,0.15906432748538013,0.9066666666666666,3,3,1.0,1.0,3,3,0.0,0.9066666666666666,1.0,0.9457364341085271,1.0,"{""background_inner_edge"": 6.0, ""background_intensity"": 3.0, ""background_size"": 2700, ""background_strip_height"": 10.0, ""background_support_area"": 900.0, ""controlled_factor"": ""global_background_support_at_fixed_local_intensity"", ""declared_noise_fraction"": 0.9, ""dimension"": 2, ""family"": ""global_contamination_invariance"", ""n"": 3000, ""n_targets"": 3, ""paired_background"": ""seeded_prefix"", ""realized_noise_fraction"": 0.9, ""signal_size"": 300}","{""geometry_profile"": ""low_dim"", ""knn_backend"": ""kd_tree"", ""max_eps"": 1.041580080986023, ""max_eps_quantile"": 0.98, ""min_cluster_size"": 40, ""min_samples"": 5, ""xi"": 0.1}",{},"[{""coverage"": 1.0, ""f1"": 1.0, ""fragments"": 1, ""matched_predicted_cluster"": 5, ""overlap"": 100, ""passes_discovery_thresholds"": true, ""precision"": 1.0, ""purity"": 1.0, ""recall"": 1.0, ""target"": ""cluster_0"", ""target_label"": 0, ""target_noise_loss"": 0.0, ""target_size"": 100}, {""coverage"": 0.72, ""f1"": 0.8372093023255813, ""fragments"": 1, ""matched_predicted_cluster"": 3, ""overlap"": 72, ""passes_discovery_thresholds"": true, ""precision"": 1.0, ""purity"": 1.0, ""recall"": 0.72, ""target"": ""cluster_1"", ""target_label"": 1, ""target_noise_loss"": 0.28, ""target_size"": 100}, {""coverage"": 1.0, ""f1"": 1.0, ""fragments"": 1, ""matched_predicted_cluster"": 4, ""overlap"": 100, ""passes_discovery_thresholds"": true, ""precision"": 1.0, ""purity"": 1.0, ""recall"": 1.0, ""target"": ""cluster_2"", ""target_label"": 2, ""target_noise_loss"": 0.0, ""target_size"": 100}]"
synthetic__global_contamination_noise90__quality__signal300__n3000__SNN-DBSCAN__211__1ac783690b61,ok,synthetic,global_contamination_noise90__quality__signal300__n3000,SNN-DBSCAN,211,0.2.4,3000,2,0.0020541999983834103,0.050769399997079745,6.126110199998948,225.34375,1.76171875,227.046875,,,evaluation_state/synthetic__global_contamination_noise90__quality__signal300__n3000__SNN-DBSCAN__211__1ac783690b61.npz,0a1d6552432eb757a3ef6bafe3da80bc5b661bce29c45aa4c96b29e80fb3504a,6070,0.9681462648043433,0.9800866408299869,53,53,0.06222222222222222,known_synthetic_noise,0.5244444444444445,0.1531249777372497,18.666666666666668,3,3,0.1,0.9,full_partition,target-discovery-v1,0,0.05,0.9866666666666667,0.9932488159919735,0.013333333333333334,1.0,3,pairwise_f1,hungarian,1.0,0,56,0.20932728645047166,0.11699164345403901,0.11699164345403901,0.05733333333333333,0.9767441860465116,0.06222222222222222,0.18767525184338976,0.10384731420690448,0.9735353535353536,0.05733333333333333,56,macro,3,3,0.9866666666666667,0.1892583120204604,0.10466760961810467,0.9866666666666667,53,3,1.0,1.0,3,53,0.0,0.9866666666666667,1.0,0.9932488159919735,1.0,"{""background_inner_edge"": 6.0, ""background_intensity"": 3.0, ""background_size"": 2700, ""background_strip_height"": 10.0, ""background_support_area"": 900.0, ""controlled_factor"": ""global_background_support_at_fixed_local_intensity"", ""declared_noise_fraction"": 0.9, ""dimension"": 2, ""family"": ""global_contamination_invariance"", ""n"": 3000, ""n_targets"": 3, ""paired_background"": ""seeded_prefix"", ""realized_noise_fraction"": 0.9, ""signal_size"": 300}","{""eps"": 13, ""geometry_profile"": ""low_dim"", ""k"": 20, ""knn_backend"": ""kd_tree"", ""min_samples"": 5}",{},"[{""coverage"": 0.99, ""f1"": 0.9949748743718593, ""fragments"": 1, ""matched_predicted_cluster"": 25, ""overlap"": 99, ""passes_discovery_thresholds"": true, ""precision"": 1.0, ""purity"": 1.0, ""recall"": 0.99, ""target"": ""cluster_0"", ""target_label"": 0, ""target_noise_loss"": 0.01, ""target_size"": 100}, {""coverage"": 1.0, ""f1"": 1.0, ""fragments"": 1, ""matched_predicted_cluster"": 24, ""overlap"": 100, ""passes_discovery_thresholds"": true, ""precision"": 1.0, ""purity"": 1.0, ""recall"": 1.0, ""target"": ""cluster_1"", ""target_label"": 1, ""target_noise_loss"": 0.0, ""target_size"": 100}, {""coverage"": 0.97, ""f1"": 0.9847715736040609, ""fragments"": 1, ""matched_predicted_cluster"": 0, ""overlap"": 97, ""passes_discovery_thresholds"": true, ""precision"": 1.0, ""purity"": 1.0, ""recall"": 0.97, ""target"": ""cluster_2"", ""target_label"": 2, ""target_noise_loss"": 0.03, ""target_size"": 100}]"
synthetic__global_contamination_noise90__quality__signal300__n3000__SNN-DBSCAN__223__2e1061bfcac0,ok,synthetic,global_contamination_noise90__quality__signal300__n3000,SNN-DBSCAN,223,0.2.4,3000,2,0.002067900000838563,0.05205119999300223,6.086041100003058,228.109375,4.48046875,225.78515625,,,evaluation_state/synthetic__global_contamination_noise90__quality__signal300__n3000__SNN-DBSCAN__223__2e1061bfcac0.npz,e36a768f8bec2ce61e25f74160d0b9c84702507a2986fe56aa47f407f012d0da,6115,0.8736202923014496,0.8525372942325475,50,50,0.056296296296296296,known_synthetic_noise,0.5214814814814815,0.14736887121260717,18.0,4,3,0.1,0.9,full_partition,target-discovery-v1,1,0.05,0.8333333333333334,0.8913867583531694,0.013333333333333334,1.0,3,pairwise_f1,hungarian,1.3333333333333333,0,54,0.19017581529358685,0.10644257703081231,0.10644257703081231,0.052,0.9743589743589743,0.056296296296296296,0.14565850006641146,0.08000185696095076,0.8123232323232323,0.052,54,macro,2,2,0.9866666666666667,0.188295165394402,0.10407876230661041,0.9866666666666667,50,3,1.0,0.6666666666666666,3,51,0.0,0.8333333333333334,1.0,0.8913867583531694,1.0,"{""background_inner_edge"": 6.0, ""background_intensity"": 3.0, ""background_size"": 2700, ""background_strip_height"": 10.0, ""background_support_area"": 900.0, ""controlled_factor"": ""global_background_support_at_fixed_local_intensity"", ""declared_noise_fraction"": 0.9, ""dimension"": 2, ""family"": ""global_contamination_invariance"", ""n"": 3000, ""n_targets"": 3, ""paired_background"": ""seeded_prefix"", ""realized_noise_fraction"": 0.9, ""signal_size"": 300}","{""eps"": 13, ""geometry_profile"": ""low_dim"", ""k"": 20, ""knn_backend"": ""kd_tree"", ""min_samples"": 5}",{},"[{""coverage"": 0.99, ""f1"": 0.9949748743718593, ""fragments"": 1, ""matched_predicted_cluster"": 20, ""overlap"": 99, ""passes_discovery_thresholds"": true, ""precision"": 1.0, ""purity"": 1.0, ""recall"": 0.99, ""target"": ""cluster_0"", ""target_label"": 0, ""target_noise_loss"": 0.01, ""target_size"": 100}, {""coverage"": 0.99, ""f1"": 0.9949748743718593, ""fragments"": 1, ""matched_predicted_cluster"": 27, ""overlap"": 99, ""passes_discovery_thresholds"": true, ""precision"": 1.0, ""purity"": 1.0, ""recall"": 0.99, ""target"": ""cluster_1"", ""target_label"": 1, ""target_noise_loss"": 0.01, ""target_size"": 100}, {""coverage"": 0.52, ""f1"": 0.6842105263157895, ""fragments"": 2, ""matched_predicted_cluster"": 8, ""overlap"": 52, ""passes_discovery_thresholds"": true, ""precision"": 1.0, ""purity"": 1.0, ""recall"": 0.52, ""target"": ""cluster_2"", ""target_label"": 2, ""target_noise_loss"": 0.02, ""target_size"": 100}]"
synthetic__global_contamination_noise90__quality__signal300__n3000__SNN-DBSCAN__227__9fc7058d84cb,ok,synthetic,global_contamination_noise90__quality__signal300__n3000,SNN-DBSCAN,227,0.2.4,3000,2,0.002990299995872192,0.04933740000706166,5.994029900000896,225.109375,1.85546875,227.74609375,,,evaluation_state/synthetic__global_contamination_noise90__quality__signal300__n3000__SNN-DBSCAN__227__9fc7058d84cb.npz,4c8f6d9046a856b6235d318b58dc71e52f9644eb6647409b51af976e6f141a4a,6117,0.9106179149197398,0.8825635930965968,50,50,0.05740740740740741,known_synthetic_noise,0.5287037037037037,0.14968022519274193,18.0,4,3,0.1,0.9,full_partition,target-discovery-v1,1,0.05,0.8866666666666667,0.9317269076305221,0.0,1.0,3,pairwise_f1,hungarian,1.3333333333333333,0,54,0.19449665337029276,0.1085814360770578,0.1085814360770578,0.051666666666666666,1.0,0.05740740740740741,0.17065460920419392,0.09486255239413938,0.8488888888888889,0.051666666666666666,54,macro,2,2,1.0,0.1907790143084261,0.1054481546572935,1.0,50,3,1.0,0.6666666666666666,3,51,0.0,0.8866666666666667,1.0,0.9317269076305221,1.0,"{""background_inner_edge"": 6.0, ""background_intensity"": 3.0, ""background_size"": 2700, ""background_strip_height"": 10.0, ""background_support_area"": 900.0, ""controlled_factor"": ""global_background_support_at_fixed_local_intensity"", ""declared_noise_fraction"": 0.9, ""dimension"": 2, ""family"": ""global_contamination_invariance"", ""n"": 3000, ""n_targets"": 3, ""paired_background"": ""seeded_prefix"", ""realized_noise_fraction"": 0.9, ""signal_size"": 300}","{""eps"": 13, ""geometry_profile"": ""low_dim"", ""k"": 20, ""knn_backend"": ""kd_tree"", ""min_samples"": 5}",{},"[{""coverage"": 1.0, ""f1"": 1.0, ""fragments"": 1, ""matched_predicted_cluster"": 4, ""overlap"": 100, ""passes_discovery_thresholds"": true, ""precision"": 1.0, ""purity"": 1.0, ""recall"": 1.0, ""target"": ""cluster_0"", ""target_label"": 0, ""target_noise_loss"": 0.0, ""target_size"": 100}, {""coverage"": 1.0, ""f1"": 1.0, ""fragments"": 1, ""matched_predicted_cluster"": 24, ""overlap"": 100, ""passes_discovery_thresholds"": true, ""precision"": 1.0, ""purity"": 1.0, ""recall"": 1.0, ""target"": ""cluster_1"", ""target_label"": 1, ""target_noise_loss"": 0.0, ""target_size"": 100}, {""coverage"": 0.66, ""f1"": 0.7951807228915663, ""fragments"": 2, ""matched_predicted_cluster"": 8, ""overlap"": 66, ""passes_discovery_thresholds"": true, ""precision"": 1.0, ""purity"": 1.0, ""recall"": 0.66, ""target"": ""cluster_2"", ""target_label"": 2, ""target_noise_loss"": 0.0, ""target_size"": 100}]"
synthetic__global_contamination_noise90__quality__signal300__n3000__SNN-DBSCAN__229__34f9e1776ab4,ok,synthetic,global_contamination_noise90__quality__signal300__n3000,SNN-DBSCAN,229,0.2.4,3000,2,0.0031721999985165894,0.05047729999932926,6.1165367999929,225.03515625,1.7421875,226.328125,,,evaluation_state/synthetic__global_contamination_noise90__quality__signal300__n3000__SNN-DBSCAN__229__34f9e1776ab4.npz,c477b7c07a06f1350e038479e8aaf66d94493b98b4c582950db50bdeec488d06,6212,0.9851989977985108,0.9901010167892863,59,59,0.04814814814814815,known_synthetic_noise,0.5207407407407407,0.13996961136791644,20.666666666666668,3,3,0.1,0.9,full_partition,target-discovery-v1,0,0.05,0.9933333333333333,0.9966329966329966,0.006666666666666667,1.0,3,pairwise_f1,hungarian,1.0,0,62,0.16812817588793785,0.09180790960451977,0.09180790960451977,0.044,0.9848484848484849,0.04814814814814815,0.21621182945633485,0.12140720671455676,0.9867340067340067,0.044,62,macro,3,3,0.9933333333333333,0.18813131313131312,0.10390516039051603,0.9933333333333333,59,3,1.0,1.0,3,59,0.0,0.9933333333333333,1.0,0.9966329966329965,1.0,"{""background_inner_edge"": 6.0, ""background_intensity"": 3.0, ""background_size"": 2700, ""background_strip_height"": 10.0, ""background_support_area"": 900.0, ""controlled_factor"": ""global_background_support_at_fixed_local_intensity"", ""declared_noise_fraction"": 0.9, ""dimension"": 2, ""family"": ""global_contamination_invariance"", ""n"": 3000, ""n_targets"": 3, ""paired_background"": ""seeded_prefix"", ""realized_noise_fraction"": 0.9, ""signal_size"": 300}","{""eps"": 13, ""geometry_profile"": ""low_dim"", ""k"": 20, ""knn_backend"": ""kd_tree"", ""min_samples"": 5}",{},"[{""coverage"": 1.0, ""f1"": 1.0, ""fragments"": 1, ""matched_predicted_cluster"": 11, ""overlap"": 100, ""passes_discovery_thresholds"": true, ""precision"": 1.0, ""purity"": 1.0, ""recall"": 1.0, ""target"": ""cluster_0"", ""target_label"": 0, ""target_noise_loss"": 0.0, ""target_size"": 100}, {""coverage"": 0.98, ""f1"": 0.98989898989899, ""fragments"": 1, ""matched_predicted_cluster"": 26, ""overlap"": 98, ""passes_discovery_thresholds"": true, ""precision"": 1.0, ""purity"": 1.0, ""recall"": 0.98, ""target"": ""cluster_1"", ""target_label"": 1, ""target_noise_loss"": 0.02, ""target_size"": 100}, {""coverage"": 1.0, ""f1"": 1.0, ""fragments"": 1, ""matched_predicted_cluster"": 13, ""overlap"": 100, ""passes_discovery_thresholds"": true, ""precision"": 1.0, ""purity"": 1.0, ""recall"": 1.0, ""target"": ""cluster_2"", ""target_label"": 2, ""target_noise_loss"": 0.0, ""target_size"": 100}]"
synthetic__global_contamination_noise90__quality__signal300__n3000__SNN-DBSCAN__233__a59ed03de514,ok,synthetic,global_contamination_noise90__quality__signal300__n3000,SNN-DBSCAN,233,0.2.4,3000,2,0.0020988000032957643,0.04920989999664016,6.035609500002465,225.22265625,1.765625,225.50390625,,,evaluation_state/synthetic__global_contamination_noise90__quality__signal300__n3000__SNN-DBSCAN__233__a59ed03de514.npz,eec1e90387326787421a2cd24b228914b4770dc783fd618c96312f2af9cd00a7,5909,0.9546801493003191,0.9746739935059259,46,46,0.07296296296296297,known_synthetic_noise,0.5281481481481481,0.16310694211912358,16.333333333333332,3,3,0.1,0.9,full_partition,target-discovery-v1,0,0.05,0.9833333333333334,0.9915909513899464,0.016666666666666666,1.0,3,pairwise_f1,hungarian,1.0,0,49,0.23883555456323885,0.1357684355616816,0.1357684355616816,0.06733333333333333,0.9752475247524752,0.07296296296296297,0.16773273983725587,0.09183249221243579,0.9668013468013468,0.06733333333333333,49,macro,3,3,0.9833333333333333,0.19044544867656552,0.10543245175125089,0.9833333333333333,46,3,1.0,1.0,3,46,0.0,0.9833333333333333,1.0,0.9915909513899465,1.0,"{""background_inner_edge"": 6.0, ""background_intensity"": 3.0, ""background_size"": 2700, ""background_strip_height"": 10.0, ""background_support_area"": 900.0, ""controlled_factor"": ""global_background_support_at_fixed_local_intensity"", ""declared_noise_fraction"": 0.9, ""dimension"": 2, ""family"": ""global_contamination_invariance"", ""n"": 3000, ""n_targets"": 3, ""paired_background"": ""seeded_prefix"", ""realized_noise_fraction"": 0.9, ""signal_size"": 300}","{""eps"": 13, ""geometry_profile"": ""low_dim"", ""k"": 20, ""knn_backend"": ""kd_tree"", ""min_samples"": 5}",{},"[{""coverage"": 0.98, ""f1"": 0.98989898989899, ""fragments"": 1, ""matched_predicted_cluster"": 17, ""overlap"": 98, ""passes_discovery_thresholds"": true, ""precision"": 1.0, ""purity"": 1.0, ""recall"": 0.98, ""target"": ""cluster_0"", ""target_label"": 0, ""target_noise_loss"": 0.02, ""target_size"": 100}, {""coverage"": 0.99, ""f1"": 0.9949748743718593, ""fragments"": 1, ""matched_predicted_cluster"": 15, ""overlap"": 99, ""passes_discovery_thresholds"": true, ""precision"": 1.0, ""purity"": 1.0, ""recall"": 0.99, ""target"": ""cluster_1"", ""target_label"": 1, ""target_noise_loss"": 0.01, ""target_size"": 100}, {""coverage"": 0.98, ""f1"": 0.98989898989899, ""fragments"": 1, ""matched_predicted_cluster"": 16, ""overlap"": 98, ""passes_discovery_thresholds"": true, ""precision"": 1.0, ""purity"": 1.0, ""recall"": 0.98, ""target"": ""cluster_2"", ""target_label"": 2, ""target_noise_loss"": 0.02, ""target_size"": 100}]"
synthetic__global_contamination_noise90__quality__signal300__n3000__StrataSCAN__211__e453252590e4,ok,synthetic,global_contamination_noise90__quality__signal300__n3000,StrataSCAN,211,0.2.4,3000,2,0.002398299999185838,0.6148882999987109,5.873546200004057,219.328125,37.875,219.09765625,,,evaluation_state/synthetic__global_contamination_noise90__quality__signal300__n3000__StrataSCAN__211__e453252590e4.npz,fa4b460a58994339b61f88ab1f5765a9d6524f3c4e8afc30be505b17360284fa,2837,0.9665682566589096,0.9799342870099912,1,1,0.9981481481481481,known_synthetic_noise,0.9924074074074074,0.9916789915184269,1.3333333333333333,3,3,0.1,0.9,full_partition,target-discovery-v1,0,0.05,0.9866666666666667,0.9932659932659934,0.013333333333333334,1.0,3,pairwise_f1,hungarian,1.0,0,4,0.9957930631729417,0.9983330246341915,0.9983330246341915,0.8996666666666666,0.9985179696183771,0.9981481481481481,0.9862191294856052,0.9993087239043273,0.9734680134680135,0.8996666666666666,4,macro,3,3,0.9866666666666667,0.9850249584026622,0.9833887043189369,0.9866666666666667,1,3,1.0,1.0,3,1,0.0,0.9866666666666667,1.0,0.9932659932659933,1.0,"{""background_inner_edge"": 6.0, ""background_intensity"": 3.0, ""background_size"": 2700, ""background_strip_height"": 10.0, ""background_support_area"": 900.0, ""controlled_factor"": ""global_background_support_at_fixed_local_intensity"", ""declared_noise_fraction"": 0.9, ""dimension"": 2, ""family"": ""global_contamination_invariance"", ""n"": 3000, ""n_targets"": 3, ""paired_background"": ""seeded_prefix"", ""realized_noise_fraction"": 0.9, ""signal_size"": 300}","{""ambiguous_model_confirmation_tolerance"": 1e-05, ""assignment"": ""maximum_posterior_basis_then_semantic_role"", ""background_model"": ""adaptive_gamma_basis_mixture_with_largest_rate_gap"", ""background_scan"": ""adaptive_dyadic_rank_windows_with_poisson_beta_boundary_code"", ""border_rule"": ""strict_local_core_radius"", ""component_initialization"": ""compiled_split_warm_single_start_with_guarded_confirmation"", ""component_selection"": ""semantic_icl_with_adaptive_bound"", ""connectivity"": ""density_ordered_non_merging_knn_watershed"", ""core_thresholds"": ""observed_d4_event_sweep"", ""duplicate_profile_confirmation_minimum"": 3, ""duplicate_profile_confirmation_tolerance"": 1e-08, ""extraction_objective"": ""gamma_topology_description_length"", ""fit_samples"": ""all_rows"", ""gamma_tolerance"": 0.0001, ""geometry_profile"": ""low_dim"", ""hard_component_bound"": 24, ""initial_component_bound"": 8, ""k"": 32, ""knn_backend"": ""kd_tree"", ""shell_ranks"": [4, 8, 16, 32], ""stratification_model"": ""adaptive_gamma_density_basis_with_semantic_background"", ""version"": ""0.2.3""}","{""algorithm"": ""OptimizationStrataSCAN"", ""algorithm_version"": ""0.2.3"", ""graph_seconds"": 0.03530319999845233, ""mdl_gamma_adaptive_search"": true, ""mdl_gamma_assignment"": ""maximum_posterior_basis_then_semantic_role"", ""mdl_gamma_background_basis_components"": [3, 4, 5, 6, 7, 8, 9, 10], ""mdl_gamma_background_boundary"": ""largest_rate_gap"", ""mdl_gamma_background_components"": 8, ""mdl_gamma_background_distribution"": ""gamma_components"", ""mdl_gamma_background_fraction"": 0.904, ""mdl_gamma_background_group"": 3, ""mdl_gamma_candidate_components"": [1, 2, 3, 4, 5, 6, 7, 8, 9, 10, 11, 12, 13, 14, 15, 16], ""mdl_gamma_candidate_converged"": [true, true, true, true, true, true, true, true, true, true, true, true, true, true, true, true], ""mdl_gamma_candidate_entropies"": [-0.0, 5.385519691956054, 3.5609199531667515, 3.6319446546559817, 3.6723030913427213, 20.63150475142173, 20.184253897428825, 17.815614268806577, 17.830230395588195, 17.827854264994798, 53.92617175031168, 54.38769818634705, 54.55185927239803, 54.65712690615531, 54.67910849350492, 54.687560293835055], ""mdl_gamma_candidate_iterations"": [2, 11, 13, 6, 5, 9, 6, 4, 6, 6, 5, 5, 4, 5, 5, 5], ""mdl_gamma_candidate_log_likelihoods"": [-24660.044641609973, -15109.526790649765, -14024.07663813262, -13973.318212902692, -13964.779022898274, -13375.562516320306, -13356.843092143621, -13345.166558707717, -13344.936785031028, -13344.616019456433, -13235.410270985902, -13234.585105462116, -13225.705791018449, -13224.942398944415, -13223.472042198267, -13221.975597649021], ""mdl_gamma_candidate_role_gains_nats"": [[0.0], [0.0, 0.0], [0.0, 0.0, 0.0], [0.0, 0.0, 0.0, 0.0], [0.0, 0.0, 0.0, 0.0, 0.0], [0.0, 0.0, 0.0, 0.0, 0.0, 0.0], [0.0, 0.0, 0.0, 0.0, 0.0, 0.0, 0.0], [0.0, 0.0, 0.0, 0.0, 0.0, 0.0, 0.0, 0.0], [0.0, 0.0, 0.0, 0.0, 0.0, 0.0, 0.0, 0.0, 0.0], [0.0, 0.0, 0.0, 0.0, 0.0, 0.0, 0.0, 0.0, 0.0, 0.0], [0.0, 0.0, 0.0, 0.0, 0.0, 0.0, 0.0, 0.0, 0.0, 0.0, 0.0], [0.0, 0.0, 0.0, 0.0, 0.0, 0.0, 0.0, 0.0, 0.0, 0.0, 0.0, 0.0], [0.0, 0.0, 0.0, 0.0, 0.0, 0.0, 0.0, 0.0, 0.0, 0.0, 0.0, 0.0, 0.0], [0.0, 0.0, 0.0, 0.0, 0.0, 0.0, 0.0, 0.0, 0.0, 0.0, 0.0, 0.0, 0.0, 0.0], [0.0, 0.0, 0.0, 0.0, 0.0, 0.0, 0.0, 0.0, 0.0, 0.0, 0.0, 0.0, 0.0, 0.0, 0.0], [0.0, 0.0, 0.0, 0.0, 0.0, 0.0, 0.0, 0.0, 0.0, 0.0, 0.0, 0.0, 0.0, 0.0, 0.0, 0.0]], ""mdl_gamma_candidate_role_threshold_sizes"": [[0], [0, 0], [0, 0, 0], [0, 0, 0, 0], [0, 0, 0, 0, 0], [0, 0, 0, 0, 0, 0], [0, 0, 0, 0, 0, 0, 0], [0, 0, 0, 0, 0, 0, 0, 0], [0, 0, 0, 0, 0, 0, 0, 0, 0], [0, 0, 0, 0, 0, 0, 0, 0, 0, 0], [0, 0, 0, 0, 0, 0, 0, 0, 0, 0, 0], [0, 0, 0, 0, 0, 0, 0, 0, 0, 0, 0, 0], [0, 0, 0, 0, 0, 0, 0, 0, 0, 0, 0, 0, 0], [0, 0, 0, 0, 0, 0, 0, 0, 0, 0, 0, 0, 0, 0], [0, 0, 0, 0, 0, 0, 0, 0, 0, 0, 0, 0, 0, 0, 0], [0, 0, 0, 0, 0, 0, 0, 0, 0, 0, 0, 0, 0, 0, 0, 0]], ""mdl_gamma_candidate_scores"": [49336.10201835525, 30269.856458521692, 28119.326056712773, 28041.97035835885, 28048.991797926337, 26928.496290793508, 26914.182043435103, 26910.110800009003, 26933.69958761214, 26957.072406904714, 26834.876647637237, 26858.168472164685, 26864.757268152403, 26887.4601219748, 26908.582474360155, 26929.625591565273], ""mdl_gamma_candidate_signal_components"": [[], [0], [0], [0], [0], [0, 1], [0, 1], [0], [0], [0], [0, 1, 2], [0, 1, 2], [0, 1, 2], [0, 1, 2], [0, 1, 2], [0, 1, 2]], ""mdl_gamma_criterion"": ""icl"", ""mdl_gamma_entropy_scope"": ""semantic"", ""mdl_gamma_fit_samples"": 3000, ""mdl_gamma_grouping"": ""largest_rate_gap"", ""mdl_gamma_guarded_confirmation"": true, ""mdl_gamma_log_rate_gaps"": [0.7680568097667542, 0.8976508773881715], ""mdl_gamma_mean_background_probability"": 0.9043335724365134, ""mdl_gamma_mean_posterior_entropy"": 0.017975390583437226, ""mdl_gamma_mu"": [4.330930591238621, 3.3515705774074824, 2.334876918527989, 1.9793050121770328, 1.460483129328649, 1.4667291996682028, 1.405475283427962, 1.2106728395232853, 1.1656700395415136, 1.1474988112729587, 0.819601572518037], ""mdl_gamma_n_init"": 1, ""mdl_gamma_ranks"": [4, 8, 16, 32], ""mdl_gamma_rates"": [[60.775922566772394, 54.34351322548589, 48.59189799124749, 43.449022896158006], [28.194781013061565, 28.02004219601691, 27.846386333089473, 27.673806712607288], [11.490102503997011, 12.119195010867935, 12.78273084686177, 13.482595812410267], [4.375639962406454, 3.402214942728384, 2.6453425363997294, 2.056847451640984], [3.8199620465810153, 3.5970683483286336, 3.387180433933475, 3.18953941960893], [3.794134688977734, 3.549546884854929, 3.320726363348475, 3.1066566911084124], [3.7313363338608823, 3.569451748689067, 3.414590550468042, 3.2664480285040254], [3.449707893035611, 3.4976730984993103, 3.5463052186718813, 3.5956135264257028], [3.393605875887877, 3.49035878502234, 3.589870153968679, 3.6922186273961004], [3.360408213779491, 3.4706582818481717, 3.5845254930541977, 3.7021285205621766], [2.0772514632975967, 1.9872815026805464, 1.9012083229571215, 1.8188631466683924]], ""mdl_gamma_role_evidence_neighbour_ranks"": [], ""mdl_gamma_search_caps"": [8, 12, 16], ""mdl_gamma_search_hard_max"": 24, ""mdl_gamma_search_hit_hard_max"": false, ""mdl_gamma_search_initial_max"": 8, ""mdl_gamma_selected_components"": 11, ""mdl_gamma_signal_basis_components"": [0, 1, 2], ""mdl_gamma_signal_components"": 3, ""mdl_gamma_slopes"": [-0.16139205163722806, -0.008969009323409792, 0.07690220593216911, -0.3630197453424629, -0.086736731809529, -0.0961360242110251, -0.06398990717385451, 0.01992125195384026, 0.040556319295267325, 0.0465728270485754, -0.06387962542384043], ""mdl_gamma_split_warm_start"": true, ""mdl_gamma_tolerance"": 0.0001, ""mdl_gamma_weights"": [0.03125087179523633, 0.03828069272572381, 0.026077242790046345, 0.07993884285755819, 0.11175564238410426, 0.11709160499224788, 0.12590848541389363, 0.14446827582783708, 0.1133269946426195, 0.11734251022755207, 0.09455883634318084], ""optimization_background_events"": [{""boundary_gain_nats"": 14.884102310827519, ""component_size"": 5, ""description_gain_nats"": 1.4816853191055461, ""graph_code_nats"": 15.64784367087607, ""width"": 16, ""window_count"": 170, ""window_gain_nats"": 2.9385738597140425, ""window_pvalue"": 0.0058823529411764705}], ""optimization_background_intrinsic_dimension"": 1.9620564359912613, ""optimization_border_fraction"": 0.011, ""optimization_border_model"": ""strict_local_core_radius"", ""optimization_border_seconds"": 0.0008602000016253442, ""optimization_boundary_component_gains_nats"": [[0.0, 0.0, 0.0, 0.0, 0.0, 0.0], [0.0, 0.0, 0.0, 0.0, 0.0, 0.0, 0.0, 0.0, 0.0, 0.0, 0.0, 0.0, 0.0], [0.0, 0.0, 0.0, 0.0, 0.0, 0.0, 0.0, 0.0, 0.0, 0.0, 0.0, 0.0], [14.884102310827519]], ""optimization_candidate_groups"": [0, 1, 2, 3], ""optimization_clusters"": 4, ""optimization_connectivity_rank"": 4, ""optimization_core_fraction"": 0.08933333333333333, ""optimization_core_rank"": 4, ""optimization_description_gain_nats"": 9837.889674704556, ""optimization_group_gains_nats"": [4418.493297778892, 4130.296193246071, 1385.8428078747845, 1.4816853191055461], ""optimization_group_sizes"": [98, 111, 79, 2712], ""optimization_noise_fraction"": 0.8996666666666666, ""optimization_objective"": ""gamma_topology_component_and_attachment_description_gain"", ""optimization_objective_trace"": [0.0, -9837.889674704556], ""optimization_ordering_modes"": [""d4"", ""d4"", ""d4"", ""adaptive_d4_rank_windows_with_beta_boundary_code""], ""optimization_seconds"": 0.06044180000026245, ""optimization_selected_component_gains_nats"": [988.0542686299706, 1568.8689726463317, 1861.56989948817, 1128.508130977377, 564.231909042245, 256.3318582939017, 177.9839563410954, 112.43118920638477, 739.3450214165088, 99.6639384947675, 377.311785847334, 455.1550096281909, 94.261607815715, 203.16065847354795, 249.34271174191863, 172.43885314227887, 91.21828239337715, 260.37137039960396, 164.99422082618148, 116.30005577003969, 126.80237466783197, 1.4816853191055461], ""optimization_selected_groups"": [0, 1, 2, 3], ""optimization_selected_local_components"": [3, 10, 8, 1], ""optimization_solver"": ""exact_stratum_event_sweep"", ""optimization_sparse_memory"": true, ""optimization_threshold_seconds"": 0.05975080000644084, ""optimization_threshold_sizes"": [98, 111, 79, 5], ""optimization_thresholds"": [0.27157384157180786, 0.38649067282676697, 0.6672967076301575, 0.29143378138542175], ""optimization_topology_evidence_ranks"": [5, 8], ""optimization_unified_background_scan"": true, ""stratification"": ""adaptive-semantic-information-criterion-gamma-v2""}","[{""coverage"": 0.98, ""f1"": 0.98989898989899, ""fragments"": 1, ""matched_predicted_cluster"": 1, ""overlap"": 98, ""passes_discovery_thresholds"": true, ""precision"": 1.0, ""purity"": 1.0, ""recall"": 0.98, ""target"": ""cluster_0"", ""target_label"": 0, ""target_noise_loss"": 0.02, ""target_size"": 100}, {""coverage"": 0.98, ""f1"": 0.98989898989899, ""fragments"": 1, ""matched_predicted_cluster"": 2, ""overlap"": 98, ""passes_discovery_thresholds"": true, ""precision"": 1.0, ""purity"": 1.0, ""recall"": 0.98, ""target"": ""cluster_1"", ""target_label"": 1, ""target_noise_loss"": 0.02, ""target_size"": 100}, {""coverage"": 1.0, ""f1"": 1.0, ""fragments"": 1, ""matched_predicted_cluster"": 0, ""overlap"": 100, ""passes_discovery_thresholds"": true, ""precision"": 1.0, ""purity"": 1.0, ""recall"": 1.0, ""target"": ""cluster_2"", ""target_label"": 2, ""target_noise_loss"": 0.0, ""target_size"": 100}]"
synthetic__global_contamination_noise90__quality__signal300__n3000__StrataSCAN__223__1bf8a82477b6,ok,synthetic,global_contamination_noise90__quality__signal300__n3000,StrataSCAN,223,0.2.4,3000,2,0.00206389999948442,0.5984135999897262,5.818242499997723,220.4921875,38.27734375,220.4921875,,,evaluation_state/synthetic__global_contamination_noise90__quality__signal300__n3000__StrataSCAN__223__1bf8a82477b6.npz,aada0326a139df498ca3e75a6339be2da55f839c298c50d255542ed97497b873,2798,0.7255010391659674,0.7033712111587064,0,0,1.0,known_synthetic_noise,0.905,0.9422911623471095,1.0,3,3,0.1,0.9,full_partition,target-discovery-v1,0,0.05,0.81,0.8938744543958697,0.18999999999999997,1.0,3,pairwise_f1,hungarian,1.0,0,3,0.9392842471999957,0.9895547003848268,0.9895547003848268,0.919,0.9793253536452666,1.0,0.7937616765494273,1.0,0.658047138047138,0.919,3,macro,3,1,0.81,0.8950276243093923,1.0,0.81,0,3,1.0,1.0,3,0,0.0,0.81,1.0,0.8938744543958695,1.0,"{""background_inner_edge"": 6.0, ""background_intensity"": 3.0, ""background_size"": 2700, ""background_strip_height"": 10.0, ""background_support_area"": 900.0, ""controlled_factor"": ""global_background_support_at_fixed_local_intensity"", ""declared_noise_fraction"": 0.9, ""dimension"": 2, ""family"": ""global_contamination_invariance"", ""n"": 3000, ""n_targets"": 3, ""paired_background"": ""seeded_prefix"", ""realized_noise_fraction"": 0.9, ""signal_size"": 300}","{""ambiguous_model_confirmation_tolerance"": 1e-05, ""assignment"": ""maximum_posterior_basis_then_semantic_role"", ""background_model"": ""adaptive_gamma_basis_mixture_with_largest_rate_gap"", ""background_scan"": ""adaptive_dyadic_rank_windows_with_poisson_beta_boundary_code"", ""border_rule"": ""strict_local_core_radius"", ""component_initialization"": ""compiled_split_warm_single_start_with_guarded_confirmation"", ""component_selection"": ""semantic_icl_with_adaptive_bound"", ""connectivity"": ""density_ordered_non_merging_knn_watershed"", ""core_thresholds"": ""observed_d4_event_sweep"", ""duplicate_profile_confirmation_minimum"": 3, ""duplicate_profile_confirmation_tolerance"": 1e-08, ""extraction_objective"": ""gamma_topology_description_length"", ""fit_samples"": ""all_rows"", ""gamma_tolerance"": 0.0001, ""geometry_profile"": ""low_dim"", ""hard_component_bound"": 24, ""initial_component_bound"": 8, ""k"": 32, ""knn_backend"": ""kd_tree"", ""shell_ranks"": [4, 8, 16, 32], ""stratification_model"": ""adaptive_gamma_density_basis_with_semantic_background"", ""version"": ""0.2.3""}","{""algorithm"": ""OptimizationStrataSCAN"", ""algorithm_version"": ""0.2.3"", ""graph_seconds"": 0.03506789999664761, ""mdl_gamma_adaptive_search"": true, ""mdl_gamma_assignment"": ""maximum_posterior_basis_then_semantic_role"", ""mdl_gamma_background_basis_components"": [2, 3, 4, 5, 6, 7, 8, 9, 10], ""mdl_gamma_background_boundary"": ""largest_rate_gap"", ""mdl_gamma_background_components"": 9, ""mdl_gamma_background_distribution"": ""gamma_components"", ""mdl_gamma_background_fraction"": 0.929, ""mdl_gamma_background_group"": 2, ""mdl_gamma_candidate_components"": [1, 2, 3, 4, 5, 6, 7, 8, 9, 10, 11, 12, 13, 14, 15, 16], ""mdl_gamma_candidate_converged"": [true, true, true, true, true, true, true, true, true, true, true, true, true, true, true, true], ""mdl_gamma_candidate_entropies"": [-0.0, 4.3164352477435886, 4.414393324836632, 4.030983997776236, 3.963115869773218, 26.618436670890844, 24.965889116073107, 21.648402271416302, 21.569689534475295, 21.56164572566892, 56.45548434257391, 56.240530135378066, 56.22270611755104, 56.34778635592048, 56.354379087843725, 56.37000070459401], ""mdl_gamma_candidate_iterations"": [2, 11, 11, 5, 5, 9, 5, 4, 6, 7, 5, 6, 4, 5, 5, 6], ""mdl_gamma_candidate_log_likelihoods"": [-24839.88891178405, -15028.781204554329, -13599.437497189085, -13571.436016514066, -13565.621110324322, -13039.676308378821, -13026.98344818379, -13016.020915395628, -13017.04643034811, -13015.17812748672, -12916.58347154026, -12915.827937593265, -12915.222841056557, -12914.333481002452, -12912.810965241199, -12910.841635352574], ""mdl_gamma_candidate_role_gains_nats"": [[0.0], [0.0, 0.0], [0.0, 0.0, 0.0], [0.0, 0.0, 0.0, 0.0], [0.0, 0.0, 0.0, 0.0, 0.0], [0.0, 0.0, 0.0, 0.0, 0.0, 0.0], [0.0, 0.0, 0.0, 0.0, 0.0, 0.0, 0.0], [0.0, 0.0, 0.0, 0.0, 0.0, 0.0, 0.0, 0.0], [0.0, 0.0, 0.0, 0.0, 0.0, 0.0, 0.0, 0.0, 0.0], [0.0, 0.0, 0.0, 0.0, 0.0, 0.0, 0.0, 0.0, 0.0, 0.0], [0.0, 0.0, 0.0, 0.0, 0.0, 0.0, 0.0, 0.0, 0.0, 0.0, 0.0], [0.0, 0.0, 0.0, 0.0, 0.0, 0.0, 0.0, 0.0, 0.0, 0.0, 0.0, 0.0], [0.0, 0.0, 0.0, 0.0, 0.0, 0.0, 0.0, 0.0, 0.0, 0.0, 0.0, 0.0, 0.0], [0.0, 0.0, 0.0, 0.0, 0.0, 0.0, 0.0, 0.0, 0.0, 0.0, 0.0, 0.0, 0.0, 0.0], [0.0, 0.0, 0.0, 0.0, 0.0, 0.0, 0.0, 0.0, 0.0, 0.0, 0.0, 0.0, 0.0, 0.0, 0.0], [0.0, 0.0, 0.0, 0.0, 0.0, 0.0, 0.0, 0.0, 0.0, 0.0, 0.0, 0.0, 0.0, 0.0, 0.0, 0.0]], ""mdl_gamma_candidate_role_threshold_sizes"": [[0], [0, 0], [0, 0, 0], [0, 0, 0, 0], [0, 0, 0, 0, 0], [0, 0, 0, 0, 0, 0], [0, 0, 0, 0, 0, 0, 0], [0, 0, 0, 0, 0, 0, 0, 0], [0, 0, 0, 0, 0, 0, 0, 0, 0], [0, 0, 0, 0, 0, 0, 0, 0, 0, 0], [0, 0, 0, 0, 0, 0, 0, 0, 0, 0, 0], [0, 0, 0, 0, 0, 0, 0, 0, 0, 0, 0, 0], [0, 0, 0, 0, 0, 0, 0, 0, 0, 0, 0, 0, 0], [0, 0, 0, 0, 0, 0, 0, 0, 0, 0, 0, 0, 0, 0], [0, 0, 0, 0, 0, 0, 0, 0, 0, 0, 0, 0, 0, 0, 0], [0, 0, 0, 0, 0, 0, 0, 0, 0, 0, 0, 0, 0, 0, 0, 0]], ""mdl_gamma_candidate_scores"": [49695.790558703404, 30106.227117442395, 27271.754721569043, 27239.004044267836, 27251.257598335294, 26268.697738749477, 26264.026025952728, 26259.485089390044, 26285.397796524077, 26305.66420588664, 26202.281673930476, 26224.359800325044, 26247.133061918925, 26269.623604990404, 26290.610861634694, 26310.722547793896], ""mdl_gamma_candidate_signal_components"": [[], [0], [0], [0], [0], [0, 1], [0, 1], [0], [0], [0], [0, 1], [0, 1], [0, 1], [0, 1], [0, 1], [0, 1]], ""mdl_gamma_criterion"": ""icl"", ""mdl_gamma_entropy_scope"": ""semantic"", ""mdl_gamma_fit_samples"": 3000, ""mdl_gamma_grouping"": ""largest_rate_gap"", ""mdl_gamma_guarded_confirmation"": true, ""mdl_gamma_log_rate_gaps"": [0.4996151008439069], ""mdl_gamma_mean_background_probability"": 0.9286422122093994, ""mdl_gamma_mean_posterior_entropy"": 0.01881849478085797, ""mdl_gamma_mu"": [4.191841808889624, 3.7158992721727513, 2.1504067356044123, 1.4056896458004484, 1.3630474988562087, 1.397753854154682, 1.306544575481686, 1.2671304387137141, 1.2824194127635087, 1.3684132303111571, 0.8591228869136689], ""mdl_gamma_n_init"": 1, ""mdl_gamma_ranks"": [4, 8, 16, 32], ""mdl_gamma_rates"": [[56.419688145922336, 52.107368194663515, 48.124651330077704, 44.44634503491842], [34.23344456037685, 31.24486303950622, 28.517184843486152, 26.02763309825692], [10.939876610195943, 12.347065326227014, 13.93525974763136, 15.72774251234122], [3.7805542478664504, 3.6399178585210694, 3.5045131343526306, 3.374145457733001], [3.7530412179583528, 3.677841402663014, 3.6041483686397258, 3.5319319244605847], [3.7476136678038108, 3.606731628466964, 3.4711456924019735, 3.340656766026732], [3.6881708445039054, 3.6855643279842543, 3.682959653550736, 3.680356819901506], [3.66956242350799, 3.730504268339667, 3.7924581979985983, 3.85544102056961], [3.6657709983714963, 3.6963591264159854, 3.7272024896013725, 3.7583032176747606], [3.140787320103902, 2.808087497931029, 2.5106301676535314, 2.2446821345047763], [2.068314644606239, 1.9358368197758407, 1.8118443451398925, 1.6957937246981045]], ""mdl_gamma_role_evidence_neighbour_ranks"": [], ""mdl_gamma_search_caps"": [8, 12, 16], ""mdl_gamma_search_hard_max"": 24, ""mdl_gamma_search_hit_hard_max"": false, ""mdl_gamma_search_initial_max"": 8, ""mdl_gamma_selected_components"": 11, ""mdl_gamma_signal_basis_components"": [0, 1], ""mdl_gamma_signal_components"": 2, ""mdl_gamma_slopes"": [-0.11471130169651984, -0.13178744713211943, 0.17457171387093287, -0.05469186243865989, -0.029200866157680153, -0.055280158481430565, -0.0010199467503389415, 0.02376261962563284, 0.01198826802005163, -0.1615383638675683, -0.0954983272850768], ""mdl_gamma_split_warm_start"": true, ""mdl_gamma_tolerance"": 0.0001, ""mdl_gamma_weights"": [0.0312596576166551, 0.039690963608797016, 0.025266771833634075, 0.11186502661471646, 0.11974791092471139, 0.11268288901161966, 0.14956382689667344, 0.10641110898901016, 0.1113553000735008, 0.11302200684360986, 0.07913453758707091], ""optimization_background_events"": [], ""optimization_background_intrinsic_dimension"": 1.9803403717811348, ""optimization_border_fraction"": 0.013333333333333334, ""optimization_border_model"": ""strict_local_core_radius"", ""optimization_border_seconds"": 0.000763899995945394, ""optimization_boundary_component_gains_nats"": [[0.0, 0.0, 0.0, 0.0], [0.0, 0.0, 0.0, 0.0, 0.0, 0.0, 0.0, 0.0, 0.0, 0.0, 0.0, 0.0, 0.0], []], ""optimization_candidate_groups"": [0, 1, 2], ""optimization_clusters"": 3, ""optimization_connectivity_rank"": 4, ""optimization_core_fraction"": 0.06766666666666667, ""optimization_core_rank"": 4, ""optimization_description_gain_nats"": 4328.620351653425, ""optimization_group_gains_nats"": [2438.837431385644, 1434.3824156073151, 0.0], ""optimization_group_sizes"": [94, 119, 2787], ""optimization_noise_fraction"": 0.919, ""optimization_objective"": ""gamma_topology_component_and_attachment_description_gain"", ""optimization_objective_trace"": [0.0, -4328.620351653425], ""optimization_ordering_modes"": [""d4"", ""d4"", ""adaptive_d4_rank_windows_with_beta_boundary_code""], ""optimization_seconds"": 0.04803760000504553, ""optimization_selected_component_gains_nats"": [1251.370516021454, 1250.3427461998808, 157.03195163916885, 902.0645112946988, 196.1218580782957, 38.8136340419015, 179.75784720060463, 64.00841839959173, 164.70886614742776, 41.632905080504216, 63.672779056845755], ""optimization_selected_groups"": [0, 1], ""optimization_selected_local_components"": [3, 8, 0], ""optimization_solver"": ""exact_stratum_event_sweep"", ""optimization_sparse_memory"": true, ""optimization_threshold_seconds"": 0.04743160000361968, ""optimization_threshold_sizes"": [94, 118, 0], ""optimization_thresholds"": [0.26688352227211, 0.32535988092422485, 0.0], ""optimization_topology_evidence_ranks"": [5, 8], ""optimization_unified_background_scan"": true, ""stratification"": ""adaptive-semantic-information-criterion-gamma-v2""}","[{""coverage"": 0.75, ""f1"": 0.8571428571428571, ""fragments"": 1, ""matched_predicted_cluster"": 1, ""overlap"": 75, ""passes_discovery_thresholds"": true, ""precision"": 1.0, ""purity"": 1.0, ""recall"": 0.75, ""target"": ""cluster_0"", ""target_label"": 0, ""target_noise_loss"": 0.25, ""target_size"": 100}, {""coverage"": 0.79, ""f1"": 0.8826815642458101, ""fragments"": 1, ""matched_predicted_cluster"": 2, ""overlap"": 79, ""passes_discovery_thresholds"": true, ""precision"": 1.0, ""purity"": 1.0, ""recall"": 0.79, ""target"": ""cluster_1"", ""target_label"": 1, ""target_noise_loss"": 0.21, ""target_size"": 100}, {""coverage"": 0.89, ""f1"": 0.9417989417989417, ""fragments"": 1, ""matched_predicted_cluster"": 0, ""overlap"": 89, ""passes_discovery_thresholds"": true, ""precision"": 1.0, ""purity"": 1.0, ""recall"": 0.89, ""target"": ""cluster_2"", ""target_label"": 2, ""target_noise_loss"": 0.11, ""target_size"": 100}]"
synthetic__global_contamination_noise90__quality__signal300__n3000__StrataSCAN__227__d6b55a3d4204,ok,synthetic,global_contamination_noise90__quality__signal300__n3000,StrataSCAN,227,0.2.4,3000,2,0.0019708000036189333,0.6164837000105763,5.551218900000094,219.4921875,37.88671875,219.2421875,,,evaluation_state/synthetic__global_contamination_noise90__quality__signal300__n3000__StrataSCAN__227__d6b55a3d4204.npz,456e1aacc3ed426e32fd11c6b3278153bd1e80812ae3bb015871d7a173a68a71,2819,0.7932571787293038,0.8071335476629596,0,0,1.0,known_synthetic_noise,0.9383333333333334,0.9637377079813958,1.0,3,3,0.1,0.9,full_partition,target-discovery-v1,0,0.05,0.8766666666666666,0.9339526983388876,0.12333333333333335,1.0,3,pairwise_f1,hungarian,1.0,0,3,0.9626631626413774,0.9931947765311753,0.9931947765311753,0.9123333333333333,0.9864815491413957,1.0,0.8691314777443551,1.0,0.7685521885521885,0.9123333333333333,3,macro,3,3,0.8766666666666667,0.9342806394316163,1.0,0.8766666666666667,0,3,1.0,1.0,3,0,0.0,0.8766666666666667,1.0,0.9339526983388877,1.0,"{""background_inner_edge"": 6.0, ""background_intensity"": 3.0, ""background_size"": 2700, ""background_strip_height"": 10.0, ""background_support_area"": 900.0, ""controlled_factor"": ""global_background_support_at_fixed_local_intensity"", ""declared_noise_fraction"": 0.9, ""dimension"": 2, ""family"": ""global_contamination_invariance"", ""n"": 3000, ""n_targets"": 3, ""paired_background"": ""seeded_prefix"", ""realized_noise_fraction"": 0.9, ""signal_size"": 300}","{""ambiguous_model_confirmation_tolerance"": 1e-05, ""assignment"": ""maximum_posterior_basis_then_semantic_role"", ""background_model"": ""adaptive_gamma_basis_mixture_with_largest_rate_gap"", ""background_scan"": ""adaptive_dyadic_rank_windows_with_poisson_beta_boundary_code"", ""border_rule"": ""strict_local_core_radius"", ""component_initialization"": ""compiled_split_warm_single_start_with_guarded_confirmation"", ""component_selection"": ""semantic_icl_with_adaptive_bound"", ""connectivity"": ""density_ordered_non_merging_knn_watershed"", ""core_thresholds"": ""observed_d4_event_sweep"", ""duplicate_profile_confirmation_minimum"": 3, ""duplicate_profile_confirmation_tolerance"": 1e-08, ""extraction_objective"": ""gamma_topology_description_length"", ""fit_samples"": ""all_rows"", ""gamma_tolerance"": 0.0001, ""geometry_profile"": ""low_dim"", ""hard_component_bound"": 24, ""initial_component_bound"": 8, ""k"": 32, ""knn_backend"": ""kd_tree"", ""shell_ranks"": [4, 8, 16, 32], ""stratification_model"": ""adaptive_gamma_density_basis_with_semantic_background"", ""version"": ""0.2.3""}","{""algorithm"": ""OptimizationStrataSCAN"", ""algorithm_version"": ""0.2.3"", ""graph_seconds"": 0.039997300002141856, ""mdl_gamma_adaptive_search"": true, ""mdl_gamma_assignment"": ""maximum_posterior_basis_then_semantic_role"", ""mdl_gamma_background_basis_components"": [2, 3, 4, 5, 6, 7, 8, 9, 10], ""mdl_gamma_background_boundary"": ""largest_rate_gap"", ""mdl_gamma_background_components"": 9, ""mdl_gamma_background_distribution"": ""gamma_components"", ""mdl_gamma_background_fraction"": 0.9256666666666666, ""mdl_gamma_background_group"": 2, ""mdl_gamma_candidate_components"": [1, 2, 3, 4, 5, 6, 7, 8, 9, 10, 11, 12, 13, 14, 15, 16], ""mdl_gamma_candidate_converged"": [true, true, true, true, true, true, true, true, true, true, true, true, true, true, true, true], ""mdl_gamma_candidate_entropies"": [-0.0, 4.866625623959318, 3.518266612226418, 2.0468749998680296, 2.087530787734942, 22.44732710223993, 19.368274190894308, 19.199858087412018, 19.291926886990247, 19.31976816067816, 56.29230441969872, 53.94457928968692, 52.96254753457079, 52.52068602617389, 52.31204233626985, 52.25542426431128], ""mdl_gamma_candidate_iterations"": [2, 10, 11, 6, 5, 9, 8, 4, 6, 6, 8, 5, 5, 6, 9, 8], ""mdl_gamma_candidate_log_likelihoods"": [-26259.357123526028, -15486.994137236064, -14064.948173874342, -14018.591211224533, -14011.580336840556, -13411.133871779273, -13380.435109975795, -13366.742107504908, -13367.52369784376, -13367.013791133038, -13270.025347696677, -13270.478279164476, -13266.57754029235, -13263.806932961725, -13255.45211225943, -13247.719265020316], ""mdl_gamma_candidate_role_gains_nats"": [[0.0], [0.0, 0.0], [0.0, 0.0, 0.0], [0.0, 0.0, 0.0, 0.0], [0.0, 0.0, 0.0, 0.0, 0.0], [0.0, 0.0, 0.0, 0.0, 0.0, 0.0], [0.0, 0.0, 0.0, 0.0, 0.0, 0.0, 0.0], [0.0, 0.0, 0.0, 0.0, 0.0, 0.0, 0.0, 0.0], [0.0, 0.0, 0.0, 0.0, 0.0, 0.0, 0.0, 0.0, 0.0], [0.0, 0.0, 0.0, 0.0, 0.0, 0.0, 0.0, 0.0, 0.0, 0.0], [0.0, 0.0, 0.0, 0.0, 0.0, 0.0, 0.0, 0.0, 0.0, 0.0, 0.0], [0.0, 0.0, 0.0, 0.0, 0.0, 0.0, 0.0, 0.0, 0.0, 0.0, 0.0, 0.0], [0.0, 0.0, 0.0, 0.0, 0.0, 0.0, 0.0, 0.0, 0.0, 0.0, 0.0, 0.0, 0.0], [0.0, 0.0, 0.0, 0.0, 0.0, 0.0, 0.0, 0.0, 0.0, 0.0, 0.0, 0.0, 0.0, 0.0], [0.0, 0.0, 0.0, 0.0, 0.0, 0.0, 0.0, 0.0, 0.0, 0.0, 0.0, 0.0, 0.0, 0.0, 0.0], [0.0, 0.0, 0.0, 0.0, 0.0, 0.0, 0.0, 0.0, 0.0, 0.0, 0.0, 0.0, 0.0, 0.0, 0.0, 0.0]], ""mdl_gamma_candidate_role_threshold_sizes"": [[0], [0, 0], [0, 0, 0], [0, 0, 0, 0], [0, 0, 0, 0, 0], [0, 0, 0, 0, 0, 0], [0, 0, 0, 0, 0, 0, 0], [0, 0, 0, 0, 0, 0, 0, 0], [0, 0, 0, 0, 0, 0, 0, 0, 0], [0, 0, 0, 0, 0, 0, 0, 0, 0, 0], [0, 0, 0, 0, 0, 0, 0, 0, 0, 0, 0], [0, 0, 0, 0, 0, 0, 0, 0, 0, 0, 0, 0], [0, 0, 0, 0, 0, 0, 0, 0, 0, 0, 0, 0, 0], [0, 0, 0, 0, 0, 0, 0, 0, 0, 0, 0, 0, 0, 0], [0, 0, 0, 0, 0, 0, 0, 0, 0, 0, 0, 0, 0, 0, 0], [0, 0, 0, 0, 0, 0, 0, 0, 0, 0, 0, 0, 0, 0, 0, 0]], ""mdl_gamma_candidate_scores"": [52534.726982187356, 31023.7533635583, 28200.98382151434, 28129.346215692953, 28139.424881203682, 27003.27064641308, 26959.73411968638, 26956.030385240596, 26981.79680622041, 27004.85177804929, 26908.839066397562, 26929.068581776086, 26943.322143224552, 26960.916308249456, 26967.808482168013, 26976.248654248815], ""mdl_gamma_candidate_signal_components"": [[], [0], [0], [0], [0], [0, 1], [0], [0], [0], [0], [0, 1], [0, 1], [0, 1], [0, 1], [0, 1], [0, 1]], ""mdl_gamma_criterion"": ""icl"", ""mdl_gamma_entropy_scope"": ""semantic"", ""mdl_gamma_fit_samples"": 3000, ""mdl_gamma_grouping"": ""largest_rate_gap"", ""mdl_gamma_guarded_confirmation"": true, ""mdl_gamma_log_rate_gaps"": [0.6074959323634874], ""mdl_gamma_mean_background_probability"": 0.9252801524345966, ""mdl_gamma_mean_posterior_entropy"": 0.01876410147323291, ""mdl_gamma_mu"": [4.241985636352761, 3.549794949330866, 2.0348744617933523, 1.3748909945808494, 1.3459708694155221, 1.3559254049747889, 1.2700944091308823, 1.234661065258285, 1.2209688899137792, 1.5592640576204655, 0.6606343328877546], ""mdl_gamma_n_init"": 1, ""mdl_gamma_ranks"": [4, 8, 16, 32], ""mdl_gamma_rates"": [[58.35806201822334, 53.458382577269056, 48.97007489531206, 44.858600646704794], [31.788404450755632, 30.379100863438453, 29.03227718461438, 27.74516343696947], [10.380933556522308, 12.091696612362183, 14.084390981729033, 16.405478543300745], [3.6918130367724142, 3.5670217916868783, 3.4464487599005755, 3.3299513567039334], [3.6440852545085356, 3.5490239703880446, 3.456442498650498, 3.3662761497694347], [3.621763228014389, 3.499005473662959, 3.380408528647943, 3.2658313645314605], [3.580131884406768, 3.5896412023317303, 3.5991757783003395, 3.6087356794013994], [3.541972317616592, 3.5955431088846304, 3.6499241350782246, 3.7051276506483357], [3.540212180666233, 3.617544750943197, 3.6965665777167924, 3.777314561189626], [3.396466842926919, 2.8704578951609423, 2.4259116631891926, 2.0502120611204395], [1.821806396455066, 1.767251712582214, 1.714330689420104, 1.6629944063788187]], ""mdl_gamma_role_evidence_neighbour_ranks"": [], ""mdl_gamma_search_caps"": [8, 12, 16], ""mdl_gamma_search_hard_max"": 24, ""mdl_gamma_search_hit_hard_max"": false, ""mdl_gamma_search_initial_max"": 8, ""mdl_gamma_selected_components"": 11, ""mdl_gamma_signal_basis_components"": [0, 1], ""mdl_gamma_signal_components"": 2, ""mdl_gamma_slopes"": [-0.12651578592017276, -0.06542143465267604, 0.22008049550289846, -0.04960946336179637, -0.03813439332627622, -0.049747312038517, 0.0038269143781707996, 0.021656770341878902, 0.031175033736765292, -0.24275387651191696, -0.0438621119781191], ""mdl_gamma_split_warm_start"": true, ""mdl_gamma_tolerance"": 0.0001, ""mdl_gamma_weights"": [0.04103674686153201, 0.0333996440708888, 0.0231941877715829, 0.10072637554059877, 0.12042272488434189, 0.11390772227283587, 0.15422547597704575, 0.11640604294128021, 0.10956368416045115, 0.12225920126847697, 0.0648581942509661], ""optimization_background_events"": [], ""optimization_background_intrinsic_dimension"": 1.9720116841537754, ""optimization_border_fraction"": 0.015666666666666666, ""optimization_border_model"": ""strict_local_core_radius"", ""optimization_border_seconds"": 0.0009795999940251932, ""optimization_boundary_component_gains_nats"": [[0.0, 0.0, 0.0, 0.0], [0.0, 0.0, 0.0, 0.0, 0.0, 0.0, 0.0, 0.0, 0.0, 0.0, 0.0, 0.0, 0.0, 0.0, 0.0, 0.0, 0.0], []], ""optimization_candidate_groups"": [0, 1, 2], ""optimization_clusters"": 3, ""optimization_connectivity_rank"": 4, ""optimization_core_fraction"": 0.072, ""optimization_core_rank"": 4, ""optimization_description_gain_nats"": 4919.878875543692, ""optimization_group_gains_nats"": [3411.6320721728707, 886.3496173971301, 0.0], ""optimization_group_sizes"": [130, 93, 2777], ""optimization_noise_fraction"": 0.9123333333333333, ""optimization_objective"": ""gamma_topology_component_and_attachment_description_gain"", ""optimization_objective_trace"": [0.0, -4919.878875543692], ""optimization_ordering_modes"": [""d4"", ""d4"", ""adaptive_d4_rank_windows_with_beta_boundary_code""], ""optimization_seconds"": 0.053882799998973496, ""optimization_selected_component_gains_nats"": [1416.4260300531641, 1322.9043493659162, 974.4896497477979, 153.31526270518867, 137.7229363152815, 127.76676631244825, 182.6349417053319, 133.23243129813392, 34.95441668442666, 34.3229843450459, 76.881987513578, 113.78329343179962, 87.69071768395996, 48.59488934909866, 13.219900356850852, 28.559817772090412, 12.278957653081205], ""optimization_selected_groups"": [0, 1], ""optimization_selected_local_components"": [4, 13, 0], ""optimization_solver"": ""exact_stratum_event_sweep"", ""optimization_sparse_memory"": true, ""optimization_threshold_seconds"": 0.0530743999988772, ""optimization_threshold_sizes"": [130, 93, 0], ""optimization_thresholds"": [0.24126504361629486, 0.3703421354293823, 0.0], ""optimization_topology_evidence_ranks"": [5, 8], ""optimization_unified_background_scan"": true, ""stratification"": ""adaptive-semantic-information-criterion-gamma-v2""}","[{""coverage"": 0.84, ""f1"": 0.9130434782608696, ""fragments"": 1, ""matched_predicted_cluster"": 2, ""overlap"": 84, ""passes_discovery_thresholds"": true, ""precision"": 1.0, ""purity"": 1.0, ""recall"": 0.84, ""target"": ""cluster_0"", ""target_label"": 0, ""target_noise_loss"": 0.16, ""target_size"": 100}, {""coverage"": 0.87, ""f1"": 0.9304812834224598, ""fragments"": 1, ""matched_predicted_cluster"": 1, ""overlap"": 87, ""passes_discovery_thresholds"": true, ""precision"": 1.0, ""purity"": 1.0, ""recall"": 0.87, ""target"": ""cluster_1"", ""target_label"": 1, ""target_noise_loss"": 0.13, ""target_size"": 100}, {""coverage"": 0.92, ""f1"": 0.9583333333333334, ""fragments"": 1, ""matched_predicted_cluster"": 0, ""overlap"": 92, ""passes_discovery_thresholds"": true, ""precision"": 1.0, ""purity"": 1.0, ""recall"": 0.92, ""target"": ""cluster_2"", ""target_label"": 2, ""target_noise_loss"": 0.08, ""target_size"": 100}]"
synthetic__global_contamination_noise90__quality__signal300__n3000__StrataSCAN__229__333f997e31de,ok,synthetic,global_contamination_noise90__quality__signal300__n3000,StrataSCAN,229,0.2.4,3000,2,0.0018494999967515469,1.6663906000030693,6.815176900010556,221.01953125,38.8125,221.01953125,,,evaluation_state/synthetic__global_contamination_noise90__quality__signal300__n3000__StrataSCAN__229__333f997e31de.npz,d8a69d782d4aca5cff99ae28ee96e9c7d3cecb9a3d86f7065c2fc29a0a4d61c5,2746,0.6724894739430726,0.6106413846378838,0,0,1.0,known_synthetic_noise,0.8733333333333333,0.9205415442262977,1.0,3,3,0.1,0.9,full_partition,target-discovery-v1,0,0.05,0.7466666666666667,0.8521910467611825,0.25333333333333335,1.0,3,pairwise_f1,hungarian,1.0,0,3,0.9142774100750151,0.9861212563915267,0.9861212563915267,0.9253333333333333,0.9726224783861671,1.0,0.7206547490846436,1.0,0.5632996632996633,0.9253333333333333,3,macro,3,1,0.7466666666666667,0.8549618320610688,1.0,0.7466666666666667,0,3,1.0,1.0,3,0,0.0,0.7466666666666667,1.0,0.8521910467611824,1.0,"{""background_inner_edge"": 6.0, ""background_intensity"": 3.0, ""background_size"": 2700, ""background_strip_height"": 10.0, ""background_support_area"": 900.0, ""controlled_factor"": ""global_background_support_at_fixed_local_intensity"", ""declared_noise_fraction"": 0.9, ""dimension"": 2, ""family"": ""global_contamination_invariance"", ""n"": 3000, ""n_targets"": 3, ""paired_background"": ""seeded_prefix"", ""realized_noise_fraction"": 0.9, ""signal_size"": 300}","{""ambiguous_model_confirmation_tolerance"": 1e-05, ""assignment"": ""maximum_posterior_basis_then_semantic_role"", ""background_model"": ""adaptive_gamma_basis_mixture_with_largest_rate_gap"", ""background_scan"": ""adaptive_dyadic_rank_windows_with_poisson_beta_boundary_code"", ""border_rule"": ""strict_local_core_radius"", ""component_initialization"": ""compiled_split_warm_single_start_with_guarded_confirmation"", ""component_selection"": ""semantic_icl_with_adaptive_bound"", ""connectivity"": ""density_ordered_non_merging_knn_watershed"", ""core_thresholds"": ""observed_d4_event_sweep"", ""duplicate_profile_confirmation_minimum"": 3, ""duplicate_profile_confirmation_tolerance"": 1e-08, ""extraction_objective"": ""gamma_topology_description_length"", ""fit_samples"": ""all_rows"", ""gamma_tolerance"": 0.0001, ""geometry_profile"": ""low_dim"", ""hard_component_bound"": 24, ""initial_component_bound"": 8, ""k"": 32, ""knn_backend"": ""kd_tree"", ""shell_ranks"": [4, 8, 16, 32], ""stratification_model"": ""adaptive_gamma_density_basis_with_semantic_background"", ""version"": ""0.2.3""}","{""algorithm"": ""OptimizationStrataSCAN"", ""algorithm_version"": ""0.2.3"", ""graph_seconds"": 0.040125400002580136, ""mdl_gamma_adaptive_search"": true, ""mdl_gamma_ambiguity_confirmation"": true, ""mdl_gamma_ambiguity_confirmation_reason"": ""single_signal_high_order_interior"", ""mdl_gamma_assignment"": ""maximum_posterior_basis_then_semantic_role"", ""mdl_gamma_background_basis_components"": [1, 2, 3, 4], ""mdl_gamma_background_boundary"": ""largest_rate_gap"", ""mdl_gamma_background_components"": 4, ""mdl_gamma_background_distribution"": ""gamma_components"", ""mdl_gamma_background_fraction"": 0.9383333333333334, ""mdl_gamma_background_group"": 1, ""mdl_gamma_candidate_components"": [1, 2, 3, 4, 5, 6, 7, 8], ""mdl_gamma_candidate_converged"": [true, true, true, true, true, true, true, true], ""mdl_gamma_candidate_entropies"": [-0.0, 2.039237811820854, 2.920657315939693, 3.0548284627907676, 10.41569229774997, 10.415871359736634, 10.43342879188328, 10.431000966397256], ""mdl_gamma_candidate_iterations"": [2, 12, 12, 20, 153, 118, 134, 124], ""mdl_gamma_candidate_log_likelihoods"": [-25685.41327170738, -15410.477204626108, -14068.102975814494, -14023.029776014253, -13348.686583255061, -13348.43777691723, -13337.776718458048, -13332.085759970547], ""mdl_gamma_candidate_role_gains_nats"": [[0.0], [0.0, 0.0], [0.0, 0.0, 0.0], [0.0, 0.0, 0.0, 0.0], [0.0, 0.0, 0.0, 0.0, 0.0], [0.0, 0.0, 0.0, 0.0, 0.0, 0.0], [0.0, 0.0, 0.0, 0.0, 0.0, 0.0, 0.0], [0.0, 0.0, 0.0, 0.0, 0.0, 0.0, 0.0, 0.0]], ""mdl_gamma_candidate_role_threshold_sizes"": [[0], [0, 0], [0, 0, 0], [0, 0, 0, 0], [0, 0, 0, 0, 0], [0, 0, 0, 0, 0, 0], [0, 0, 0, 0, 0, 0, 0], [0, 0, 0, 0, 0, 0, 0, 0]], ""mdl_gamma_candidate_scores"": [51386.83927855006, 30865.06472271411, 28206.098206802068, 28140.23925219824, 26830.293697052726, 26853.815545203986, 26856.547645852865, 26869.179975929845], ""mdl_gamma_candidate_signal_components"": [[], [0], [0], [0], [0], [0], [0], [0]], ""mdl_gamma_criterion"": ""icl"", ""mdl_gamma_entropy_scope"": ""semantic"", ""mdl_gamma_fit_samples"": 3000, ""mdl_gamma_grouping"": ""largest_rate_gap"", ""mdl_gamma_guarded_confirmation"": false, ""mdl_gamma_initial_selected_components"": 13, ""mdl_gamma_log_rate_gaps"": [], ""mdl_gamma_mean_background_probability"": 0.9383442636674217, ""mdl_gamma_mean_posterior_entropy"": 0.0034718974325833236, ""mdl_gamma_mu"": [4.274595719674734, 2.341770605811905, 1.3363498465213386, 1.1469740008199363, 0.9263267060758373], ""mdl_gamma_n_init"": 2, ""mdl_gamma_ranks"": [4, 8, 16, 32], ""mdl_gamma_rates"": [[54.89977624238986, 47.98872316900394, 41.947667349746695, 36.66708926361974], [12.723289183847912, 14.073109646841296, 15.566133274990179, 17.217552567647445], [3.6897889473955585, 3.633436765108038, 3.577945219700795, 3.5233011671249272], [2.630383449505983, 2.404176541089892, 2.197422904942822, 2.008449604527942], [1.8227317907224048, 1.548584342911085, 1.3156699626986321, 1.1177870024783065]], ""mdl_gamma_role_evidence_neighbour_ranks"": [], ""mdl_gamma_search_caps"": [8], ""mdl_gamma_search_hard_max"": 24, ""mdl_gamma_search_hit_hard_max"": false, ""mdl_gamma_search_initial_max"": 8, ""mdl_gamma_selected_components"": 5, ""mdl_gamma_signal_basis_components"": [0], ""mdl_gamma_signal_components"": 1, ""mdl_gamma_slopes"": [-0.19410484125520233, 0.14546946735469463, -0.022203499340171174, -0.1297302881772303, -0.23515232808188413], ""mdl_gamma_split_warm_start"": false, ""mdl_gamma_tolerance"": 1e-05, ""mdl_gamma_weights"": [0.06165538715076701, 0.034505119674954975, 0.7292927607316212, 0.16405258096951122, 0.010494151473146616], ""optimization_background_events"": [], ""optimization_background_intrinsic_dimension"": 1.9820696253221035, ""optimization_border_fraction"": 0.013333333333333334, ""optimization_border_model"": ""strict_local_core_radius"", ""optimization_border_seconds"": 0.0009736000065458938, ""optimization_boundary_component_gains_nats"": [[0.0, 0.0, 0.0, 0.0, 0.0, 0.0], []], ""optimization_candidate_groups"": [0, 1], ""optimization_clusters"": 3, ""optimization_connectivity_rank"": 4, ""optimization_core_fraction"": 0.06133333333333333, ""optimization_core_rank"": 4, ""optimization_description_gain_nats"": 4698.30661395342, ""optimization_group_gains_nats"": [3974.242961071339, 0.0], ""optimization_group_sizes"": [185, 2815], ""optimization_noise_fraction"": 0.9253333333333333, ""optimization_objective"": ""gamma_topology_component_and_attachment_description_gain"", ""optimization_objective_trace"": [0.0, -4698.30661395342], ""optimization_ordering_modes"": [""d4"", ""adaptive_d4_rank_windows_with_beta_boundary_code""], ""optimization_seconds"": 0.06860519999463577, ""optimization_selected_component_gains_nats"": [1853.0886460282154, 1473.6092812623738, 1026.1168098082799, 69.67787585185363, 257.91341183916074], ""optimization_selected_groups"": [0], ""optimization_selected_local_components"": [5, 0], ""optimization_solver"": ""exact_stratum_event_sweep"", ""optimization_sparse_memory"": true, ""optimization_threshold_seconds"": 0.06782359999488108, ""optimization_threshold_sizes"": [185, 0], ""optimization_thresholds"": [0.34410804510116577, 0.0], ""optimization_topology_evidence_ranks"": [5, 8], ""optimization_unified_background_scan"": true, ""stratification"": ""adaptive-semantic-information-criterion-gamma-v2""}","[{""coverage"": 0.87, ""f1"": 0.9304812834224598, ""fragments"": 1, ""matched_predicted_cluster"": 0, ""overlap"": 87, ""passes_discovery_thresholds"": true, ""precision"": 1.0, ""purity"": 1.0, ""recall"": 0.87, ""target"": ""cluster_0"", ""target_label"": 0, ""target_noise_loss"": 0.13, ""target_size"": 100}, {""coverage"": 0.69, ""f1"": 0.8165680473372781, ""fragments"": 1, ""matched_predicted_cluster"": 2, ""overlap"": 69, ""passes_discovery_thresholds"": true, ""precision"": 1.0, ""purity"": 1.0, ""recall"": 0.69, ""target"": ""cluster_1"", ""target_label"": 1, ""target_noise_loss"": 0.31, ""target_size"": 100}, {""coverage"": 0.68, ""f1"": 0.8095238095238095, ""fragments"": 1, ""matched_predicted_cluster"": 1, ""overlap"": 68, ""passes_discovery_thresholds"": true, ""precision"": 1.0, ""purity"": 1.0, ""recall"": 0.68, ""target"": ""cluster_2"", ""target_label"": 2, ""target_noise_loss"": 0.32, ""target_size"": 100}]"
synthetic__global_contamination_noise90__quality__signal300__n3000__StrataSCAN__233__8a13496674c0,ok,synthetic,global_contamination_noise90__quality__signal300__n3000,StrataSCAN,233,0.2.4,3000,2,0.004145600003539585,0.6530290000082459,6.045729399993434,218.1484375,35.71484375,218.61328125,,,evaluation_state/synthetic__global_contamination_noise90__quality__signal300__n3000__StrataSCAN__233__8a13496674c0.npz,255d583570752d490fe82274541448b707867004804bceeb2ce747aee3918c78,2744,0.6669682094595624,0.6072535291886015,0,0,1.0,known_synthetic_noise,0.8766666666666667,0.9228985692475038,1.0,3,3,0.1,0.9,full_partition,target-discovery-v1,0,0.05,0.7533333333333333,0.8585513686550369,0.24666666666666667,1.0,3,pairwise_f1,hungarian,1.0,0,3,0.9180812721540095,0.9864815491413956,0.9864815491413956,0.9246666666666666,0.9733237202595529,1.0,0.7242268041237114,1.0,0.5676767676767677,0.9246666666666666,3,macro,3,0,0.7533333333333333,0.8593155893536121,1.0,0.7533333333333333,0,3,1.0,1.0,3,0,0.0,0.7533333333333333,1.0,0.8585513686550369,1.0,"{""background_inner_edge"": 6.0, ""background_intensity"": 3.0, ""background_size"": 2700, ""background_strip_height"": 10.0, ""background_support_area"": 900.0, ""controlled_factor"": ""global_background_support_at_fixed_local_intensity"", ""declared_noise_fraction"": 0.9, ""dimension"": 2, ""family"": ""global_contamination_invariance"", ""n"": 3000, ""n_targets"": 3, ""paired_background"": ""seeded_prefix"", ""realized_noise_fraction"": 0.9, ""signal_size"": 300}","{""ambiguous_model_confirmation_tolerance"": 1e-05, ""assignment"": ""maximum_posterior_basis_then_semantic_role"", ""background_model"": ""adaptive_gamma_basis_mixture_with_largest_rate_gap"", ""background_scan"": ""adaptive_dyadic_rank_windows_with_poisson_beta_boundary_code"", ""border_rule"": ""strict_local_core_radius"", ""component_initialization"": ""compiled_split_warm_single_start_with_guarded_confirmation"", ""component_selection"": ""semantic_icl_with_adaptive_bound"", ""connectivity"": ""density_ordered_non_merging_knn_watershed"", ""core_thresholds"": ""observed_d4_event_sweep"", ""duplicate_profile_confirmation_minimum"": 3, ""duplicate_profile_confirmation_tolerance"": 1e-08, ""extraction_objective"": ""gamma_topology_description_length"", ""fit_samples"": ""all_rows"", ""gamma_tolerance"": 0.0001, ""geometry_profile"": ""low_dim"", ""hard_component_bound"": 24, ""initial_component_bound"": 8, ""k"": 32, ""knn_backend"": ""kd_tree"", ""shell_ranks"": [4, 8, 16, 32], ""stratification_model"": ""adaptive_gamma_density_basis_with_semantic_background"", ""version"": ""0.2.3""}","{""algorithm"": ""OptimizationStrataSCAN"", ""algorithm_version"": ""0.2.3"", ""graph_seconds"": 0.040712399990297854, ""mdl_gamma_adaptive_search"": true, ""mdl_gamma_assignment"": ""maximum_posterior_basis_then_semantic_role"", ""mdl_gamma_background_basis_components"": [1, 2, 3, 4], ""mdl_gamma_background_boundary"": ""largest_rate_gap"", ""mdl_gamma_background_components"": 4, ""mdl_gamma_background_distribution"": ""gamma_components"", ""mdl_gamma_background_fraction"": 0.9353333333333333, ""mdl_gamma_background_group"": 1, ""mdl_gamma_candidate_components"": [1, 2, 3, 4, 5, 6, 7, 8], ""mdl_gamma_candidate_converged"": [true, true, true, true, true, true, true, true], ""mdl_gamma_candidate_entropies"": [-0.0, 4.328469748060544, 2.7070777569337086, 3.1811728331380613, 18.28982503080358, 19.82473983982639, 19.986565010834745, 20.074010373784397], ""mdl_gamma_candidate_iterations"": [2, 10, 11, 6, 21, 5, 6, 8], ""mdl_gamma_candidate_log_likelihoods"": [-25980.29244043585, -15379.38734093469, -14063.762409844987, -14030.153861224459, -13444.329379916808, -13436.816252338425, -13420.894930267816, -13414.15096170709], ""mdl_gamma_candidate_role_gains_nats"": [[0.0], [0.0, 0.0], [0.0, 0.0, 0.0], [0.0, 0.0, 0.0, 0.0], [0.0, 0.0, 0.0, 0.0, 0.0], [0.0, 0.0, 0.0, 0.0, 0.0, 0.0], [0.0, 0.0, 0.0, 0.0, 0.0, 0.0, 0.0], [0.0, 0.0, 0.0, 0.0, 0.0, 0.0, 0.0, 0.0]], ""mdl_gamma_candidate_role_threshold_sizes"": [[0], [0, 0], [0, 0, 0], [0, 0, 0, 0], [0, 0, 0, 0, 0], [0, 0, 0, 0, 0, 0], [0, 0, 0, 0, 0, 0, 0], [0, 0, 0, 0, 0, 0, 0, 0]], ""mdl_gamma_candidate_scores"": [51976.597616007, 30807.463459203755, 28196.98991574504, 28154.740111359344, 27037.327555842327, 27049.390233006558, 27041.890341910304, 27052.596398217705], ""mdl_gamma_candidate_signal_components"": [[], [0], [0], [0], [0], [0], [0], [0]], ""mdl_gamma_criterion"": ""icl"", ""mdl_gamma_entropy_scope"": ""semantic"", ""mdl_gamma_fit_samples"": 3000, ""mdl_gamma_grouping"": ""largest_rate_gap"", ""mdl_gamma_guarded_confirmation"": true, ""mdl_gamma_log_rate_gaps"": [], ""mdl_gamma_mean_background_probability"": 0.9364860100160183, ""mdl_gamma_mean_posterior_entropy"": 0.006096608343601193, ""mdl_gamma_mu"": [4.044264631448154, 2.240324322795103, 1.4367288805790217, 1.0684256826747678, 1.2345391135807429], ""mdl_gamma_n_init"": 1, ""mdl_gamma_ranks"": [4, 8, 16, 32], ""mdl_gamma_rates"": [[48.84650931600715, 45.19073384470166, 41.80856429700757, 38.67952343026521], [12.23370535618268, 13.959079452726364, 15.92779076284119, 18.174158220390375], [3.8184254380342066, 3.6378497631174, 3.465813622336016, 3.3019131758966624], [3.2766489094914215, 3.476475516485901, 3.688488559673546, 3.9134312295099427], [2.681707612739102, 2.3688653471591117, 2.0925185901380345, 1.8484098538249096]], ""mdl_gamma_role_evidence_neighbour_ranks"": [], ""mdl_gamma_search_caps"": [8], ""mdl_gamma_search_hard_max"": 24, ""mdl_gamma_search_hit_hard_max"": false, ""mdl_gamma_search_initial_max"": 8, ""mdl_gamma_selected_components"": 5, ""mdl_gamma_signal_basis_components"": [0], ""mdl_gamma_signal_components"": 1, ""mdl_gamma_slopes"": [-0.11222848268834898, 0.19034236964572018, -0.0698918892317954, 0.08540433175067567, -0.1789557542678054], ""mdl_gamma_split_warm_start"": true, ""mdl_gamma_tolerance"": 0.0001, ""mdl_gamma_weights"": [0.06417952617027821, 0.030057278780221238, 0.5075264980416346, 0.22693047184298556, 0.17130622516488034], ""optimization_background_events"": [], ""optimization_background_intrinsic_dimension"": 1.9609144015784725, ""optimization_border_fraction"": 0.011666666666666667, ""optimization_border_model"": ""strict_local_core_radius"", ""optimization_border_seconds"": 0.0012412999931257218, ""optimization_boundary_component_gains_nats"": [[0.0, 0.0, 0.0, 0.0], []], ""optimization_candidate_groups"": [0, 1], ""optimization_clusters"": 3, ""optimization_connectivity_rank"": 4, ""optimization_core_fraction"": 0.06366666666666666, ""optimization_core_rank"": 4, ""optimization_description_gain_nats"": 4724.455824978476, ""optimization_group_gains_nats"": [3950.8823785411228, 0.0], ""optimization_group_sizes"": [194, 2806], ""optimization_noise_fraction"": 0.9246666666666666, ""optimization_objective"": ""gamma_topology_component_and_attachment_description_gain"", ""optimization_objective_trace"": [0.0, -4724.455824978476], ""optimization_ordering_modes"": [""d4"", ""adaptive_d4_rank_windows_with_beta_boundary_code""], ""optimization_seconds"": 0.06131160000222735, ""optimization_selected_component_gains_nats"": [1719.8353396413913, 1714.7937445824973, 1271.4467474486828], ""optimization_selected_groups"": [0], ""optimization_selected_local_components"": [3, 0], ""optimization_solver"": ""exact_stratum_event_sweep"", ""optimization_sparse_memory"": true, ""optimization_threshold_seconds"": 0.060296900002867915, ""optimization_threshold_sizes"": [194, 0], ""optimization_thresholds"": [0.30510827898979187, 0.0], ""optimization_topology_evidence_ranks"": [5, 8], ""optimization_unified_background_scan"": true, ""stratification"": ""adaptive-semantic-information-criterion-gamma-v2""}","[{""coverage"": 0.69, ""f1"": 0.8165680473372781, ""fragments"": 1, ""matched_predicted_cluster"": 2, ""overlap"": 69, ""passes_discovery_thresholds"": true, ""precision"": 1.0, ""purity"": 1.0, ""recall"": 0.69, ""target"": ""cluster_0"", ""target_label"": 0, ""target_noise_loss"": 0.31, ""target_size"": 100}, {""coverage"": 0.78, ""f1"": 0.8764044943820225, ""fragments"": 1, ""matched_predicted_cluster"": 0, ""overlap"": 78, ""passes_discovery_thresholds"": true, ""precision"": 1.0, ""purity"": 1.0, ""recall"": 0.78, ""target"": ""cluster_1"", ""target_label"": 1, ""target_noise_loss"": 0.22, ""target_size"": 100}, {""coverage"": 0.79, ""f1"": 0.8826815642458101, ""fragments"": 1, ""matched_predicted_cluster"": 1, ""overlap"": 79, ""passes_discovery_thresholds"": true, ""precision"": 1.0, ""purity"": 1.0, ""recall"": 0.79, ""target"": ""cluster_2"", ""target_label"": 2, ""target_noise_loss"": 0.21, ""target_size"": 100}]"
synthetic__global_contamination_noise90__quality__signal300__n3000__VDBSCAN-2007__211__69797e2057e5,ok,synthetic,global_contamination_noise90__quality__signal300__n3000,VDBSCAN-2007,211,0.2.4,3000,2,0.0025978000048780814,0.06871160000446253,5.037346199998865,184.28515625,2.1640625,184.609375,,,evaluation_state/synthetic__global_contamination_noise90__quality__signal300__n3000__VDBSCAN-2007__211__69797e2057e5.npz,f7d1c1607665ab194a5b86cf448800141e6668831df752dbdfbbe8f68056673a,4088,0.6823950858891461,0.6004735765383595,17,17,0.023333333333333334,known_synthetic_noise,0.505,0.1143241716617047,10.0,13,3,0.1,0.9,full_partition,target-discovery-v1,10,0.05,0.7066666666666667,0.8253660637381568,0.013333333333333334,1.0,3,pairwise_f1,hungarian,4.333333333333333,0,30,0.08631143355117102,0.04553668232743044,0.04553668232743044,0.022333333333333334,0.9402985074626866,0.023333333333333334,0.009729732407588598,0.004910018412569047,0.5290235690235691,0.022333333333333334,30,macro,2,0,0.9866666666666667,0.18311166099597895,0.10092055915444936,0.9866666666666667,17,3,1.0,0.6666666666666666,3,27,0.0,0.7066666666666667,1.0,0.8253660637381567,1.0,"{""background_inner_edge"": 6.0, ""background_intensity"": 3.0, ""background_size"": 2700, ""background_strip_height"": 10.0, ""background_support_area"": 900.0, ""controlled_factor"": ""global_background_support_at_fixed_local_intensity"", ""declared_noise_fraction"": 0.9, ""dimension"": 2, ""family"": ""global_contamination_invariance"", ""n"": 3000, ""n_targets"": 3, ""paired_background"": ""seeded_prefix"", ""realized_noise_fraction"": 0.9, ""signal_size"": 300}","{""eps_values"": [0.268222838640213, 0.8434914946556091, 0.8720260858535767], ""geometry_profile"": ""low_dim"", ""knee_prominence"": 0.03, ""knn_backend"": ""kd_tree"", ""max_eps_values"": 3, ""min_samples"": 5}",{},"[{""coverage"": 0.8, ""f1"": 0.888888888888889, ""fragments"": 4, ""matched_predicted_cluster"": 2, ""overlap"": 80, ""passes_discovery_thresholds"": true, ""precision"": 1.0, ""purity"": 1.0, ""recall"": 0.8, ""target"": ""cluster_0"", ""target_label"": 0, ""target_noise_loss"": 0.01, ""target_size"": 100}, {""coverage"": 0.72, ""f1"": 0.8372093023255813, ""fragments"": 3, ""matched_predicted_cluster"": 1, ""overlap"": 72, ""passes_discovery_thresholds"": true, ""precision"": 1.0, ""purity"": 1.0, ""recall"": 0.72, ""target"": ""cluster_1"", ""target_label"": 1, ""target_noise_loss"": 0.0, ""target_size"": 100}, {""coverage"": 0.6, ""f1"": 0.7499999999999999, ""fragments"": 6, ""matched_predicted_cluster"": 0, ""overlap"": 60, ""passes_discovery_thresholds"": true, ""precision"": 1.0, ""purity"": 1.0, ""recall"": 0.6, ""target"": ""cluster_2"", ""target_label"": 2, ""target_noise_loss"": 0.03, ""target_size"": 100}]"
synthetic__global_contamination_noise90__quality__signal300__n3000__VDBSCAN-2007__223__64b7e28a0e61,ok,synthetic,global_contamination_noise90__quality__signal300__n3000,VDBSCAN-2007,223,0.2.4,3000,2,0.0018816000083461404,0.05612910000490956,4.921549199993024,184.78515625,2.2265625,185.07421875,,,evaluation_state/synthetic__global_contamination_noise90__quality__signal300__n3000__VDBSCAN-2007__223__64b7e28a0e61.npz,a620b464f80c86d886bd70a4fd256831190fcc1933e18021157444f37209b3be,4320,0.6845727509207757,0.6111005105456391,12,12,0.02259259259259259,known_synthetic_noise,0.4912962962962963,0.1112448148963102,7.666666666666667,11,3,0.1,0.9,full_partition,target-discovery-v1,6,0.05,0.7033333333333333,0.8191423075144005,0.04,1.0,3,pairwise_f1,hungarian,3.0,0,23,0.08350627030883404,0.043995672556797684,0.043995672556797684,0.024333333333333332,0.8356164383561644,0.02259259259259259,0.013292181786378372,0.006728928348705707,0.5398653198653198,0.024333333333333332,23,macro,2,1,0.96,0.17849395723582273,0.0983942603348138,0.96,12,3,1.0,0.6666666666666666,3,20,0.0,0.7033333333333334,1.0,0.8191423075144005,1.0,"{""background_inner_edge"": 6.0, ""background_intensity"": 3.0, ""background_size"": 2700, ""background_strip_height"": 10.0, ""background_support_area"": 900.0, ""controlled_factor"": ""global_background_support_at_fixed_local_intensity"", ""declared_noise_fraction"": 0.9, ""dimension"": 2, ""family"": ""global_contamination_invariance"", ""n"": 3000, ""n_targets"": 3, ""paired_background"": ""seeded_prefix"", ""realized_noise_fraction"": 0.9, ""signal_size"": 300}","{""eps_values"": [0.25909051299095154, 0.8227465152740479, 0.8497872352600098], ""geometry_profile"": ""low_dim"", ""knee_prominence"": 0.03, ""knn_backend"": ""kd_tree"", ""max_eps_values"": 3, ""min_samples"": 5}",{},"[{""coverage"": 0.72, ""f1"": 0.8372093023255813, ""fragments"": 3, ""matched_predicted_cluster"": 1, ""overlap"": 72, ""passes_discovery_thresholds"": true, ""precision"": 1.0, ""purity"": 1.0, ""recall"": 0.72, ""target"": ""cluster_0"", ""target_label"": 0, ""target_noise_loss"": 0.01, ""target_size"": 100}, {""coverage"": 0.54, ""f1"": 0.7012987012987013, ""fragments"": 4, ""matched_predicted_cluster"": 2, ""overlap"": 54, ""passes_discovery_thresholds"": true, ""precision"": 1.0, ""purity"": 1.0, ""recall"": 0.54, ""target"": ""cluster_1"", ""target_label"": 1, ""target_noise_loss"": 0.03, ""target_size"": 100}, {""coverage"": 0.85, ""f1"": 0.9189189189189189, ""fragments"": 2, ""matched_predicted_cluster"": 0, ""overlap"": 85, ""passes_discovery_thresholds"": true, ""precision"": 1.0, ""purity"": 1.0, ""recall"": 0.85, ""target"": ""cluster_2"", ""target_label"": 2, ""target_noise_loss"": 0.08, ""target_size"": 100}]"
synthetic__global_contamination_noise90__quality__signal300__n3000__VDBSCAN-2007__227__6a1ff457e59c,ok,synthetic,global_contamination_noise90__quality__signal300__n3000,VDBSCAN-2007,227,0.2.4,3000,2,0.0025008999946294352,0.06262519999290816,4.952655100001721,184.609375,2.140625,185.1328125,,,evaluation_state/synthetic__global_contamination_noise90__quality__signal300__n3000__VDBSCAN-2007__227__6a1ff457e59c.npz,74e28b437a83b1d6014a73a28e1d1e5755a23e8bbc99989f0694ab710ee08179,3957,0.7388858258882559,0.6575381162870283,13,13,0.01814814814814815,known_synthetic_noise,0.5074074074074074,0.10981818181818181,7.666666666666667,10,3,0.1,0.9,full_partition,target-discovery-v1,6,0.05,0.7466666666666667,0.8549285963079066,0.0033333333333333335,1.0,3,pairwise_f1,hungarian,3.0,0,23,0.0684207165371991,0.03563636363636364,0.03563636363636364,0.016666666666666666,0.98,0.01814814814814815,0.010464981412461603,0.005279362229879067,0.5893602693602693,0.016666666666666666,23,macro,3,0,0.9966666666666667,0.184,0.10135593220338983,0.9966666666666667,13,3,1.0,1.0,3,20,0.0,0.7466666666666667,1.0,0.8549285963079065,1.0,"{""background_inner_edge"": 6.0, ""background_intensity"": 3.0, ""background_size"": 2700, ""background_strip_height"": 10.0, ""background_support_area"": 900.0, ""controlled_factor"": ""global_background_support_at_fixed_local_intensity"", ""declared_noise_fraction"": 0.9, ""dimension"": 2, ""family"": ""global_contamination_invariance"", ""n"": 3000, ""n_targets"": 3, ""paired_background"": ""seeded_prefix"", ""realized_noise_fraction"": 0.9, ""signal_size"": 300}","{""eps_values"": [0.2325778305530548, 0.8508814573287964, 0.8718734979629517], ""geometry_profile"": ""low_dim"", ""knee_prominence"": 0.03, ""knn_backend"": ""kd_tree"", ""max_eps_values"": 3, ""min_samples"": 5}",{},"[{""coverage"": 0.74, ""f1"": 0.8505747126436781, ""fragments"": 4, ""matched_predicted_cluster"": 2, ""overlap"": 74, ""passes_discovery_thresholds"": true, ""precision"": 1.0, ""purity"": 1.0, ""recall"": 0.74, ""target"": ""cluster_0"", ""target_label"": 0, ""target_noise_loss"": 0.0, ""target_size"": 100}, {""coverage"": 0.74, ""f1"": 0.8505747126436781, ""fragments"": 2, ""matched_predicted_cluster"": 1, ""overlap"": 74, ""passes_discovery_thresholds"": true, ""precision"": 1.0, ""purity"": 1.0, ""recall"": 0.74, ""target"": ""cluster_1"", ""target_label"": 1, ""target_noise_loss"": 0.01, ""target_size"": 100}, {""coverage"": 0.76, ""f1"": 0.8636363636363636, ""fragments"": 3, ""matched_predicted_cluster"": 0, ""overlap"": 76, ""passes_discovery_thresholds"": true, ""precision"": 1.0, ""purity"": 1.0, ""recall"": 0.76, ""target"": ""cluster_2"", ""target_label"": 2, ""target_noise_loss"": 0.0, ""target_size"": 100}]"
synthetic__global_contamination_noise90__quality__signal300__n3000__VDBSCAN-2007__229__73844a4f3c54,ok,synthetic,global_contamination_noise90__quality__signal300__n3000,VDBSCAN-2007,229,0.2.4,3000,2,0.0019614000048022717,0.06726299998990726,4.846105200005695,184.23828125,2.3046875,184.53125,,,evaluation_state/synthetic__global_contamination_noise90__quality__signal300__n3000__VDBSCAN-2007__229__73844a4f3c54.npz,65a77196525313d5677ce477a4c7781cf77ecbf27f3fb05f6b58baab34b1d770,4040,0.6953491243809388,0.5891496426640893,10,10,0.022962962962962963,known_synthetic_noise,0.4998148148148148,0.11307475354711416,6.666666666666667,10,3,0.1,0.9,full_partition,target-discovery-v1,7,0.05,0.6766666666666667,0.8045152539255581,0.023333333333333334,1.0,3,pairwise_f1,hungarian,3.3333333333333335,0,20,0.08484056243139372,0.04478150957024197,0.04478150957024197,0.023,0.8985507246376812,0.022962962962962963,0.009703817722720477,0.004897810446836013,0.5177104377104377,0.023,20,macro,1,0,0.9766666666666667,0.18136799752398636,0.09996588195155237,0.9766666666666667,10,3,1.0,0.3333333333333333,3,17,0.0,0.6766666666666666,1.0,0.804515253925558,1.0,"{""background_inner_edge"": 6.0, ""background_intensity"": 3.0, ""background_size"": 2700, ""background_strip_height"": 10.0, ""background_support_area"": 900.0, ""controlled_factor"": ""global_background_support_at_fixed_local_intensity"", ""declared_noise_fraction"": 0.9, ""dimension"": 2, ""family"": ""global_contamination_invariance"", ""n"": 3000, ""n_targets"": 3, ""paired_background"": ""seeded_prefix"", ""realized_noise_fraction"": 0.9, ""signal_size"": 300}","{""eps_values"": [0.2347949892282486, 0.8427326679229736, 0.8568350672721863], ""geometry_profile"": ""low_dim"", ""knee_prominence"": 0.03, ""knn_backend"": ""kd_tree"", ""max_eps_values"": 3, ""min_samples"": 5}",{},"[{""coverage"": 0.79, ""f1"": 0.8826815642458101, ""fragments"": 2, ""matched_predicted_cluster"": 1, ""overlap"": 79, ""passes_discovery_thresholds"": true, ""precision"": 1.0, ""purity"": 1.0, ""recall"": 0.79, ""target"": ""cluster_0"", ""target_label"": 0, ""target_noise_loss"": 0.03, ""target_size"": 100}, {""coverage"": 0.62, ""f1"": 0.7654320987654321, ""fragments"": 4, ""matched_predicted_cluster"": 4, ""overlap"": 62, ""passes_discovery_thresholds"": true, ""precision"": 1.0, ""purity"": 1.0, ""recall"": 0.62, ""target"": ""cluster_1"", ""target_label"": 1, ""target_noise_loss"": 0.01, ""target_size"": 100}, {""coverage"": 0.62, ""f1"": 0.7654320987654321, ""fragments"": 4, ""matched_predicted_cluster"": 2, ""overlap"": 62, ""passes_discovery_thresholds"": true, ""precision"": 1.0, ""purity"": 1.0, ""recall"": 0.62, ""target"": ""cluster_2"", ""target_label"": 2, ""target_noise_loss"": 0.03, ""target_size"": 100}]"
synthetic__global_contamination_noise90__quality__signal300__n3000__VDBSCAN-2007__233__c7e322e8f140,ok,synthetic,global_contamination_noise90__quality__signal300__n3000,VDBSCAN-2007,233,0.2.4,3000,2,0.002155099995434284,0.06472939999366645,4.757629100000486,184.078125,2.16015625,184.3671875,,,evaluation_state/synthetic__global_contamination_noise90__quality__signal300__n3000__VDBSCAN-2007__233__c7e322e8f140.npz,ea01b18036edf8cdc1a3644c54a0c435f5d8822e957ad8e162a073475a529666,4249,0.703075239763246,0.6350881739860833,15,15,0.01814814814814815,known_synthetic_noise,0.47074074074074074,0.10348841575607375,7.333333333333333,7,3,0.1,0.9,full_partition,target-discovery-v1,4,0.05,0.7333333333333334,0.84599211873322,0.07666666666666667,1.0,3,pairwise_f1,hungarian,2.3333333333333335,0,22,0.06787078858280295,0.03535353535353536,0.03535353535353536,0.024,0.6805555555555556,0.01814814814814815,0.012798610193634407,0.006472283146260698,0.5675420875420876,0.024,22,macro,3,0,0.9233333333333333,0.17162329615861213,0.09460382513661202,0.9233333333333333,15,3,1.0,1.0,3,19,0.0,0.7333333333333333,1.0,0.84599211873322,1.0,"{""background_inner_edge"": 6.0, ""background_intensity"": 3.0, ""background_size"": 2700, ""background_strip_height"": 10.0, ""background_support_area"": 900.0, ""controlled_factor"": ""global_background_support_at_fixed_local_intensity"", ""declared_noise_fraction"": 0.9, ""dimension"": 2, ""family"": ""global_contamination_invariance"", ""n"": 3000, ""n_targets"": 3, ""paired_background"": ""seeded_prefix"", ""realized_noise_fraction"": 0.9, ""signal_size"": 300}","{""eps_values"": [0.2512096166610718, 0.8463069796562195, 0.8635460138320923], ""geometry_profile"": ""low_dim"", ""knee_prominence"": 0.03, ""knn_backend"": ""kd_tree"", ""max_eps_values"": 3, ""min_samples"": 5}",{},"[{""coverage"": 0.71, ""f1"": 0.8304093567251462, ""fragments"": 2, ""matched_predicted_cluster"": 2, ""overlap"": 71, ""passes_discovery_thresholds"": true, ""precision"": 1.0, ""purity"": 1.0, ""recall"": 0.71, ""target"": ""cluster_0"", ""target_label"": 0, ""target_noise_loss"": 0.12, ""target_size"": 100}, {""coverage"": 0.76, ""f1"": 0.8636363636363636, ""fragments"": 3, ""matched_predicted_cluster"": 0, ""overlap"": 76, ""passes_discovery_thresholds"": true, ""precision"": 1.0, ""purity"": 1.0, ""recall"": 0.76, ""target"": ""cluster_1"", ""target_label"": 1, ""target_noise_loss"": 0.07, ""target_size"": 100}, {""coverage"": 0.73, ""f1"": 0.8439306358381503, ""fragments"": 2, ""matched_predicted_cluster"": 1, ""overlap"": 73, ""passes_discovery_thresholds"": true, ""precision"": 1.0, ""purity"": 1.0, ""recall"": 0.73, ""target"": ""cluster_2"", ""target_label"": 2, ""target_noise_loss"": 0.04, ""target_size"": 100}]"
synthetic__global_contamination_noise90__quality__signal300__n3000__kNN+Leiden__211__1ceab76810f2,ok,synthetic,global_contamination_noise90__quality__signal300__n3000,kNN+Leiden,211,0.2.4,3000,2,0.003481899999314919,0.1683877999894321,5.982189900008962,224.87109375,12.15234375,224.7578125,,,evaluation_state/synthetic__global_contamination_noise90__quality__signal300__n3000__kNN+Leiden__211__1ceab76810f2.npz,21f7d07ca686f8ff67f95cb007f19132eb182a8613047ce4cf3087d47d24b7f7,4790,1.0,1.0,11,11,0.0,known_synthetic_noise,0.5,0.09090909090909091,4.666666666666667,3,3,0.1,0.9,full_partition,target-discovery-v1,0,0.05,1.0,1.0,0.0,1.0,3,pairwise_f1,hungarian,1.0,0,14,0.0,0.0,0.0,0.0,0.0,0.0,0.07131845491088797,0.03697782824359051,1.0,0.0,14,macro,3,3,1.0,0.18181818181818182,0.1,1.0,11,3,1.0,1.0,3,11,0.0,1.0,1.0,1.0,1.0,"{""background_inner_edge"": 6.0, ""background_intensity"": 3.0, ""background_size"": 2700, ""background_strip_height"": 10.0, ""background_support_area"": 900.0, ""controlled_factor"": ""global_background_support_at_fixed_local_intensity"", ""declared_noise_fraction"": 0.9, ""dimension"": 2, ""family"": ""global_contamination_invariance"", ""n"": 3000, ""n_targets"": 3, ""paired_background"": ""seeded_prefix"", ""realized_noise_fraction"": 0.9, ""signal_size"": 300}","{""edge_rank"": 15, ""geometry_profile"": ""low_dim"", ""k"": 20, ""knn_backend"": ""kd_tree"", ""resolution"": 0.5, ""symmetrization"": ""union"", ""weights"": ""1/(1+d)""}",{},"[{""coverage"": 1.0, ""f1"": 1.0, ""fragments"": 1, ""matched_predicted_cluster"": 10, ""overlap"": 100, ""passes_discovery_thresholds"": true, ""precision"": 1.0, ""purity"": 1.0, ""recall"": 1.0, ""target"": ""cluster_0"", ""target_label"": 0, ""target_noise_loss"": 0.0, ""target_size"": 100}, {""coverage"": 1.0, ""f1"": 1.0, ""fragments"": 1, ""matched_predicted_cluster"": 11, ""overlap"": 100, ""passes_discovery_thresholds"": true, ""precision"": 1.0, ""purity"": 1.0, ""recall"": 1.0, ""target"": ""cluster_1"", ""target_label"": 1, ""target_noise_loss"": 0.0, ""target_size"": 100}, {""coverage"": 1.0, ""f1"": 1.0, ""fragments"": 1, ""matched_predicted_cluster"": 9, ""overlap"": 100, ""passes_discovery_thresholds"": true, ""precision"": 1.0, ""purity"": 1.0, ""recall"": 1.0, ""target"": ""cluster_2"", ""target_label"": 2, ""target_noise_loss"": 0.0, ""target_size"": 100}]"
synthetic__global_contamination_noise90__quality__signal300__n3000__kNN+Leiden__223__dc6d6870a876,ok,synthetic,global_contamination_noise90__quality__signal300__n3000,kNN+Leiden,223,0.2.4,3000,2,0.0021416999952634797,0.16543069999897853,6.010283099996741,224.3515625,12.0390625,224.23828125,,,evaluation_state/synthetic__global_contamination_noise90__quality__signal300__n3000__kNN+Leiden__223__dc6d6870a876.npz,c19e4e56043ed1aea6396312e3002fc046c2ae8b7c95a102c6c365e5ff5b9017,4863,1.0,1.0,11,11,0.0,known_synthetic_noise,0.5,0.09090909090909091,4.666666666666667,3,3,0.1,0.9,full_partition,target-discovery-v1,0,0.05,1.0,1.0,0.0,1.0,3,pairwise_f1,hungarian,1.0,0,14,0.0,0.0,0.0,0.0,0.0,0.0,0.07706299186038364,0.040075671503633795,1.0,0.0,14,macro,3,3,1.0,0.18181818181818182,0.1,1.0,11,3,1.0,1.0,3,11,0.0,1.0,1.0,1.0,1.0,"{""background_inner_edge"": 6.0, ""background_intensity"": 3.0, ""background_size"": 2700, ""background_strip_height"": 10.0, ""background_support_area"": 900.0, ""controlled_factor"": ""global_background_support_at_fixed_local_intensity"", ""declared_noise_fraction"": 0.9, ""dimension"": 2, ""family"": ""global_contamination_invariance"", ""n"": 3000, ""n_targets"": 3, ""paired_background"": ""seeded_prefix"", ""realized_noise_fraction"": 0.9, ""signal_size"": 300}","{""edge_rank"": 15, ""geometry_profile"": ""low_dim"", ""k"": 20, ""knn_backend"": ""kd_tree"", ""resolution"": 0.5, ""symmetrization"": ""union"", ""weights"": ""1/(1+d)""}",{},"[{""coverage"": 1.0, ""f1"": 1.0, ""fragments"": 1, ""matched_predicted_cluster"": 11, ""overlap"": 100, ""passes_discovery_thresholds"": true, ""precision"": 1.0, ""purity"": 1.0, ""recall"": 1.0, ""target"": ""cluster_0"", ""target_label"": 0, ""target_noise_loss"": 0.0, ""target_size"": 100}, {""coverage"": 1.0, ""f1"": 1.0, ""fragments"": 1, ""matched_predicted_cluster"": 12, ""overlap"": 100, ""passes_discovery_thresholds"": true, ""precision"": 1.0, ""purity"": 1.0, ""recall"": 1.0, ""target"": ""cluster_1"", ""target_label"": 1, ""target_noise_loss"": 0.0, ""target_size"": 100}, {""coverage"": 1.0, ""f1"": 1.0, ""fragments"": 1, ""matched_predicted_cluster"": 13, ""overlap"": 100, ""passes_discovery_thresholds"": true, ""precision"": 1.0, ""purity"": 1.0, ""recall"": 1.0, ""target"": ""cluster_2"", ""target_label"": 2, ""target_noise_loss"": 0.0, ""target_size"": 100}]"
synthetic__global_contamination_noise90__quality__signal300__n3000__kNN+Leiden__227__08ba57249924,ok,synthetic,global_contamination_noise90__quality__signal300__n3000,kNN+Leiden,227,0.2.4,3000,2,0.002693999995244667,0.13292380000348203,5.982345199998235,224.34765625,12.2578125,224.4140625,,,evaluation_state/synthetic__global_contamination_noise90__quality__signal300__n3000__kNN+Leiden__227__08ba57249924.npz,07b8d4c224f781dc235df55e17e566b9307ade716a9ba8abd37432b2fb9519b1,4789,1.0,1.0,10,10,0.0,known_synthetic_noise,0.5,0.09090909090909091,4.333333333333333,3,3,0.1,0.9,full_partition,target-discovery-v1,0,0.05,1.0,1.0,0.0,1.0,3,pairwise_f1,hungarian,1.0,0,13,0.0,0.0,0.0,0.0,0.0,0.0,0.06951352236954512,0.036008292818952244,1.0,0.0,13,macro,3,3,1.0,0.18181818181818182,0.1,1.0,10,3,1.0,1.0,3,10,0.0,1.0,1.0,1.0,1.0,"{""background_inner_edge"": 6.0, ""background_intensity"": 3.0, ""background_size"": 2700, ""background_strip_height"": 10.0, ""background_support_area"": 900.0, ""controlled_factor"": ""global_background_support_at_fixed_local_intensity"", ""declared_noise_fraction"": 0.9, ""dimension"": 2, ""family"": ""global_contamination_invariance"", ""n"": 3000, ""n_targets"": 3, ""paired_background"": ""seeded_prefix"", ""realized_noise_fraction"": 0.9, ""signal_size"": 300}","{""edge_rank"": 15, ""geometry_profile"": ""low_dim"", ""k"": 20, ""knn_backend"": ""kd_tree"", ""resolution"": 0.5, ""symmetrization"": ""union"", ""weights"": ""1/(1+d)""}",{},"[{""coverage"": 1.0, ""f1"": 1.0, ""fragments"": 1, ""matched_predicted_cluster"": 9, ""overlap"": 100, ""passes_discovery_thresholds"": true, ""precision"": 1.0, ""purity"": 1.0, ""recall"": 1.0, ""target"": ""cluster_0"", ""target_label"": 0, ""target_noise_loss"": 0.0, ""target_size"": 100}, {""coverage"": 1.0, ""f1"": 1.0, ""fragments"": 1, ""matched_predicted_cluster"": 11, ""overlap"": 100, ""passes_discovery_thresholds"": true, ""precision"": 1.0, ""purity"": 1.0, ""recall"": 1.0, ""target"": ""cluster_1"", ""target_label"": 1, ""target_noise_loss"": 0.0, ""target_size"": 100}, {""coverage"": 1.0, ""f1"": 1.0, ""fragments"": 1, ""matched_predicted_cluster"": 10, ""overlap"": 100, ""passes_discovery_thresholds"": true, ""precision"": 1.0, ""purity"": 1.0, ""recall"": 1.0, ""target"": ""cluster_2"", ""target_label"": 2, ""target_noise_loss"": 0.0, ""target_size"": 100}]"
synthetic__global_contamination_noise90__quality__signal300__n3000__kNN+Leiden__229__68bfad5e9cb4,ok,synthetic,global_contamination_noise90__quality__signal300__n3000,kNN+Leiden,229,0.2.4,3000,2,0.0027975999983027577,0.15551579999737442,6.36661450000247,224.3359375,12.1796875,224.3359375,,,evaluation_state/synthetic__global_contamination_noise90__quality__signal300__n3000__kNN+Leiden__229__68bfad5e9cb4.npz,399b63da9037f7bc52741a913011dc1efe453b2e448beee3e967e6b57c11a99c,4777,1.0,1.0,10,10,0.0,known_synthetic_noise,0.5,0.09090909090909091,4.333333333333333,3,3,0.1,0.9,full_partition,target-discovery-v1,0,0.05,1.0,1.0,0.0,1.0,3,pairwise_f1,hungarian,1.0,0,13,0.0,0.0,0.0,0.0,0.0,0.0,0.07255280842882864,0.03764191763390764,1.0,0.0,13,macro,3,3,1.0,0.18181818181818182,0.1,1.0,10,3,1.0,1.0,3,10,0.0,1.0,1.0,1.0,1.0,"{""background_inner_edge"": 6.0, ""background_intensity"": 3.0, ""background_size"": 2700, ""background_strip_height"": 10.0, ""background_support_area"": 900.0, ""controlled_factor"": ""global_background_support_at_fixed_local_intensity"", ""declared_noise_fraction"": 0.9, ""dimension"": 2, ""family"": ""global_contamination_invariance"", ""n"": 3000, ""n_targets"": 3, ""paired_background"": ""seeded_prefix"", ""realized_noise_fraction"": 0.9, ""signal_size"": 300}","{""edge_rank"": 15, ""geometry_profile"": ""low_dim"", ""k"": 20, ""knn_backend"": ""kd_tree"", ""resolution"": 0.5, ""symmetrization"": ""union"", ""weights"": ""1/(1+d)""}",{},"[{""coverage"": 1.0, ""f1"": 1.0, ""fragments"": 1, ""matched_predicted_cluster"": 10, ""overlap"": 100, ""passes_discovery_thresholds"": true, ""precision"": 1.0, ""purity"": 1.0, ""recall"": 1.0, ""target"": ""cluster_0"", ""target_label"": 0, ""target_noise_loss"": 0.0, ""target_size"": 100}, {""coverage"": 1.0, ""f1"": 1.0, ""fragments"": 1, ""matched_predicted_cluster"": 12, ""overlap"": 100, ""passes_discovery_thresholds"": true, ""precision"": 1.0, ""purity"": 1.0, ""recall"": 1.0, ""target"": ""cluster_1"", ""target_label"": 1, ""target_noise_loss"": 0.0, ""target_size"": 100}, {""coverage"": 1.0, ""f1"": 1.0, ""fragments"": 1, ""matched_predicted_cluster"": 11, ""overlap"": 100, ""passes_discovery_thresholds"": true, ""precision"": 1.0, ""purity"": 1.0, ""recall"": 1.0, ""target"": ""cluster_2"", ""target_label"": 2, ""target_noise_loss"": 0.0, ""target_size"": 100}]"
synthetic__global_contamination_noise90__quality__signal300__n3000__kNN+Leiden__233__173dcb3c0dd1,ok,synthetic,global_contamination_noise90__quality__signal300__n3000,kNN+Leiden,233,0.2.4,3000,2,0.0022853000118630007,0.1662512000038987,6.271042699998361,224.03125,12.27734375,223.93359375,,,evaluation_state/synthetic__global_contamination_noise90__quality__signal300__n3000__kNN+Leiden__233__173dcb3c0dd1.npz,c98aba06fc0968947612b43fafb2bc8e5837935182195e3cc70d2da4454ac7a7,4907,1.0,1.0,12,12,0.0,known_synthetic_noise,0.5,0.09090909090909091,5.0,3,3,0.1,0.9,full_partition,target-discovery-v1,0,0.05,1.0,1.0,0.0,1.0,3,pairwise_f1,hungarian,1.0,0,15,0.0,0.0,0.0,0.0,0.0,0.0,0.0803421439179374,0.0418523247063996,1.0,0.0,15,macro,3,3,1.0,0.18181818181818182,0.1,1.0,12,3,1.0,1.0,3,12,0.0,1.0,1.0,1.0,1.0,"{""background_inner_edge"": 6.0, ""background_intensity"": 3.0, ""background_size"": 2700, ""background_strip_height"": 10.0, ""background_support_area"": 900.0, ""controlled_factor"": ""global_background_support_at_fixed_local_intensity"", ""declared_noise_fraction"": 0.9, ""dimension"": 2, ""family"": ""global_contamination_invariance"", ""n"": 3000, ""n_targets"": 3, ""paired_background"": ""seeded_prefix"", ""realized_noise_fraction"": 0.9, ""signal_size"": 300}","{""edge_rank"": 15, ""geometry_profile"": ""low_dim"", ""k"": 20, ""knn_backend"": ""kd_tree"", ""resolution"": 0.5, ""symmetrization"": ""union"", ""weights"": ""1/(1+d)""}",{},"[{""coverage"": 1.0, ""f1"": 1.0, ""fragments"": 1, ""matched_predicted_cluster"": 13, ""overlap"": 100, ""passes_discovery_thresholds"": true, ""precision"": 1.0, ""purity"": 1.0, ""recall"": 1.0, ""target"": ""cluster_0"", ""target_label"": 0, ""target_noise_loss"": 0.0, ""target_size"": 100}, {""coverage"": 1.0, ""f1"": 1.0, ""fragments"": 1, ""matched_predicted_cluster"": 11, ""overlap"": 100, ""passes_discovery_thresholds"": true, ""precision"": 1.0, ""purity"": 1.0, ""recall"": 1.0, ""target"": ""cluster_1"", ""target_label"": 1, ""target_noise_loss"": 0.0, ""target_size"": 100}, {""coverage"": 1.0, ""f1"": 1.0, ""fragments"": 1, ""matched_predicted_cluster"": 12, ""overlap"": 100, ""passes_discovery_thresholds"": true, ""precision"": 1.0, ""purity"": 1.0, ""recall"": 1.0, ""target"": ""cluster_2"", ""target_label"": 2, ""target_noise_loss"": 0.0, ""target_size"": 100}]"
synthetic__global_contamination_noise90__quality__signal300__n3000__kNN-DBSCAN__211__9758b1add37c,ok,synthetic,global_contamination_noise90__quality__signal300__n3000,kNN-DBSCAN,211,0.2.4,3000,2,0.0020674000115832314,0.01687770000717137,4.833900900004664,183.96484375,1.25,184.4453125,,,evaluation_state/synthetic__global_contamination_noise90__quality__signal300__n3000__kNN-DBSCAN__211__9758b1add37c.npz,3355d8d26b203b19a3411cc2c74d4dd1ec8effaeed92c9471e9efd412c1b8590,5748,0.8808585673160304,0.889462450725348,153,153,0.5996296296296296,known_synthetic_noise,0.7881481481481482,0.5492785971959163,52.333333333333336,4,3,0.1,0.9,full_partition,target-discovery-v1,1,0.05,0.9166666666666666,0.9541426707405768,0.02333333333333333,1.0,3,pairwise_f1,hungarian,1.3333333333333333,0,157,0.8389011290812824,0.7484974572353212,0.7484974572353212,0.542,0.9956949569495694,0.5996296296296296,0.8093377798951882,0.7659152389540126,0.857979797979798,0.542,157,macro,3,2,0.9766666666666667,0.3500597371565114,0.21324599708879186,0.9766666666666667,153,3,1.0,1.0,3,154,0.0,0.9166666666666666,1.0,0.9541426707405769,1.0,"{""background_inner_edge"": 6.0, ""background_intensity"": 3.0, ""background_size"": 2700, ""background_strip_height"": 10.0, ""background_support_area"": 900.0, ""controlled_factor"": ""global_background_support_at_fixed_local_intensity"", ""declared_noise_fraction"": 0.9, ""dimension"": 2, ""family"": ""global_contamination_invariance"", ""n"": 3000, ""n_targets"": 3, ""paired_background"": ""seeded_prefix"", ""realized_noise_fraction"": 0.9, ""signal_size"": 300}","{""eps"": 0.5120788216590881, ""eps_quantile"": 0.25, ""geometry_profile"": ""low_dim"", ""k"": 4, ""knn_backend"": ""kd_tree"", ""min_samples"": 5}",{},"[{""coverage"": 0.79, ""f1"": 0.8826815642458101, ""fragments"": 2, ""matched_predicted_cluster"": 15, ""overlap"": 79, ""passes_discovery_thresholds"": true, ""precision"": 1.0, ""purity"": 1.0, ""recall"": 0.79, ""target"": ""cluster_0"", ""target_label"": 0, ""target_noise_loss"": 0.03, ""target_size"": 100}, {""coverage"": 0.97, ""f1"": 0.9847715736040609, ""fragments"": 1, ""matched_predicted_cluster"": 10, ""overlap"": 97, ""passes_discovery_thresholds"": true, ""precision"": 1.0, ""purity"": 1.0, ""recall"": 0.97, ""target"": ""cluster_1"", ""target_label"": 1, ""target_noise_loss"": 0.03, ""target_size"": 100}, {""coverage"": 0.99, ""f1"": 0.9949748743718593, ""fragments"": 1, ""matched_predicted_cluster"": 0, ""overlap"": 99, ""passes_discovery_thresholds"": true, ""precision"": 1.0, ""purity"": 1.0, ""recall"": 0.99, ""target"": ""cluster_2"", ""target_label"": 2, ""target_noise_loss"": 0.01, ""target_size"": 100}]"
synthetic__global_contamination_noise90__quality__signal300__n3000__kNN-DBSCAN__223__ca204ab8f3f3,ok,synthetic,global_contamination_noise90__quality__signal300__n3000,kNN-DBSCAN,223,0.2.4,3000,2,0.0021378999954322353,0.016158400001586415,4.800726000001305,183.14453125,1.28125,183.63671875,,,evaluation_state/synthetic__global_contamination_noise90__quality__signal300__n3000__kNN-DBSCAN__223__ca204ab8f3f3.npz,9d0679645a78a547dd882493bc4efb67c069575f1d8a81070d92aa07a344688c,5682,0.933314409750503,0.959256545061578,146,146,0.6077777777777778,known_synthetic_noise,0.7905555555555556,0.554190628978389,49.666666666666664,3,3,0.1,0.9,full_partition,target-discovery-v1,0,0.05,0.9733333333333333,0.9864807123690372,0.02666666666666667,1.0,3,pairwise_f1,hungarian,1.0,0,149,0.8551352905227159,0.75465624281444,0.75465624281444,0.5496666666666666,0.9951485748938751,0.6077777777777778,0.8523467563554828,0.7748030628546245,0.9471380471380472,0.5496666666666666,149,macro,3,3,0.9733333333333334,0.353725015142338,0.2161361954108068,0.9733333333333334,146,3,1.0,1.0,3,146,0.0,0.9733333333333334,1.0,0.9864807123690372,1.0,"{""background_inner_edge"": 6.0, ""background_intensity"": 3.0, ""background_size"": 2700, ""background_strip_height"": 10.0, ""background_support_area"": 900.0, ""controlled_factor"": ""global_background_support_at_fixed_local_intensity"", ""declared_noise_fraction"": 0.9, ""dimension"": 2, ""family"": ""global_contamination_invariance"", ""n"": 3000, ""n_targets"": 3, ""paired_background"": ""seeded_prefix"", ""realized_noise_fraction"": 0.9, ""signal_size"": 300}","{""eps"": 0.5096486806869507, ""eps_quantile"": 0.25, ""geometry_profile"": ""low_dim"", ""k"": 4, ""knn_backend"": ""kd_tree"", ""min_samples"": 5}",{},"[{""coverage"": 0.97, ""f1"": 0.9847715736040609, ""fragments"": 1, ""matched_predicted_cluster"": 5, ""overlap"": 97, ""passes_discovery_thresholds"": true, ""precision"": 1.0, ""purity"": 1.0, ""recall"": 0.97, ""target"": ""cluster_0"", ""target_label"": 0, ""target_noise_loss"": 0.03, ""target_size"": 100}, {""coverage"": 0.97, ""f1"": 0.9847715736040609, ""fragments"": 1, ""matched_predicted_cluster"": 4, ""overlap"": 97, ""passes_discovery_thresholds"": true, ""precision"": 1.0, ""purity"": 1.0, ""recall"": 0.97, ""target"": ""cluster_1"", ""target_label"": 1, ""target_noise_loss"": 0.03, ""target_size"": 100}, {""coverage"": 0.98, ""f1"": 0.98989898989899, ""fragments"": 1, ""matched_predicted_cluster"": 1, ""overlap"": 98, ""passes_discovery_thresholds"": true, ""precision"": 1.0, ""purity"": 1.0, ""recall"": 0.98, ""target"": ""cluster_2"", ""target_label"": 2, ""target_noise_loss"": 0.02, ""target_size"": 100}]"
synthetic__global_contamination_noise90__quality__signal300__n3000__kNN-DBSCAN__227__5ba24970092f,ok,synthetic,global_contamination_noise90__quality__signal300__n3000,kNN-DBSCAN,227,0.2.4,3000,2,0.0022884000063640997,0.016837600007420406,4.715022599993972,183.69140625,1.41015625,184.16015625,,,evaluation_state/synthetic__global_contamination_noise90__quality__signal300__n3000__kNN-DBSCAN__227__5ba24970092f.npz,3e82fcafe5cc4325510082ae5369513685ad924aa1609f95761f74435a2aa3c4,5655,0.9099854727774624,0.9223203029966975,147,147,0.6192592592592593,known_synthetic_noise,0.802962962962963,0.5643501049162021,50.333333333333336,4,3,0.1,0.9,full_partition,target-discovery-v1,1,0.05,0.9433333333333334,0.9696228892208792,0.013333333333333334,1.0,3,pairwise_f1,hungarian,1.3333333333333333,0,151,0.8547223217238485,0.7641681901279708,0.7641681901279708,0.5586666666666666,0.9976133651551312,0.6192592592592593,0.8389894419306183,0.7864969954047366,0.898989898989899,0.5586666666666666,151,macro,3,3,0.9866666666666667,0.3645320197044335,0.22356495468277945,0.9866666666666667,147,3,1.0,1.0,3,148,0.0,0.9433333333333334,1.0,0.9696228892208792,1.0,"{""background_inner_edge"": 6.0, ""background_intensity"": 3.0, ""background_size"": 2700, ""background_strip_height"": 10.0, ""background_support_area"": 900.0, ""controlled_factor"": ""global_background_support_at_fixed_local_intensity"", ""declared_noise_fraction"": 0.9, ""dimension"": 2, ""family"": ""global_contamination_invariance"", ""n"": 3000, ""n_targets"": 3, ""paired_background"": ""seeded_prefix"", ""realized_noise_fraction"": 0.9, ""signal_size"": 300}","{""eps"": 0.49929410219192505, ""eps_quantile"": 0.25, ""geometry_profile"": ""low_dim"", ""k"": 4, ""knn_backend"": ""kd_tree"", ""min_samples"": 5}",{},"[{""coverage"": 0.99, ""f1"": 0.9949748743718593, ""fragments"": 1, ""matched_predicted_cluster"": 1, ""overlap"": 99, ""passes_discovery_thresholds"": true, ""precision"": 1.0, ""purity"": 1.0, ""recall"": 0.99, ""target"": ""cluster_0"", ""target_label"": 0, ""target_noise_loss"": 0.01, ""target_size"": 100}, {""coverage"": 0.85, ""f1"": 0.9189189189189189, ""fragments"": 2, ""matched_predicted_cluster"": 3, ""overlap"": 85, ""passes_discovery_thresholds"": true, ""precision"": 1.0, ""purity"": 1.0, ""recall"": 0.85, ""target"": ""cluster_1"", ""target_label"": 1, ""target_noise_loss"": 0.02, ""target_size"": 100}, {""coverage"": 0.99, ""f1"": 0.9949748743718593, ""fragments"": 1, ""matched_predicted_cluster"": 2, ""overlap"": 99, ""passes_discovery_thresholds"": true, ""precision"": 1.0, ""purity"": 1.0, ""recall"": 0.99, ""target"": ""cluster_2"", ""target_label"": 2, ""target_noise_loss"": 0.01, ""target_size"": 100}]"
synthetic__global_contamination_noise90__quality__signal300__n3000__kNN-DBSCAN__229__f29f9171cc9d,ok,synthetic,global_contamination_noise90__quality__signal300__n3000,kNN-DBSCAN,229,0.2.4,3000,2,0.0021447000035550445,0.016555800000787713,4.781567599988193,183.45703125,1.27734375,183.93359375,,,evaluation_state/synthetic__global_contamination_noise90__quality__signal300__n3000__kNN-DBSCAN__229__f29f9171cc9d.npz,b0ef03a6d5d7efdefcd56f95bc15e2fe39b578ddd68d4e1d2b537f81b8dbdc80,5666,0.9740051210129412,0.9849751463816282,147,147,0.6114814814814815,known_synthetic_noise,0.8007407407407408,0.5596289720601606,50.0,3,3,0.1,0.9,full_partition,target-discovery-v1,0,0.05,0.9899999999999999,0.9949579547569498,0.01,1.0,3,pairwise_f1,hungarian,1.0,0,150,0.8607102352331523,0.7583830960036748,0.7583830960036748,0.5513333333333333,0.998186215235792,0.6114814814814815,0.874902314397355,0.7901194353963084,0.9800673400673401,0.5513333333333333,150,macro,3,3,0.99,0.36087484811664644,0.22065378900445765,0.99,147,3,1.0,1.0,3,147,0.0,0.99,1.0,0.9949579547569497,1.0,"{""background_inner_edge"": 6.0, ""background_intensity"": 3.0, ""background_size"": 2700, ""background_strip_height"": 10.0, ""background_support_area"": 900.0, ""controlled_factor"": ""global_background_support_at_fixed_local_intensity"", ""declared_noise_fraction"": 0.9, ""dimension"": 2, ""family"": ""global_contamination_invariance"", ""n"": 3000, ""n_targets"": 3, ""paired_background"": ""seeded_prefix"", ""realized_noise_fraction"": 0.9, ""signal_size"": 300}","{""eps"": 0.5049988031387329, ""eps_quantile"": 0.25, ""geometry_profile"": ""low_dim"", ""k"": 4, ""knn_backend"": ""kd_tree"", ""min_samples"": 5}",{},"[{""coverage"": 1.0, ""f1"": 1.0, ""fragments"": 1, ""matched_predicted_cluster"": 3, ""overlap"": 100, ""passes_discovery_thresholds"": true, ""precision"": 1.0, ""purity"": 1.0, ""recall"": 1.0, ""target"": ""cluster_0"", ""target_label"": 0, ""target_noise_loss"": 0.0, ""target_size"": 100}, {""coverage"": 0.98, ""f1"": 0.98989898989899, ""fragments"": 1, ""matched_predicted_cluster"": 12, ""overlap"": 98, ""passes_discovery_thresholds"": true, ""precision"": 1.0, ""purity"": 1.0, ""recall"": 0.98, ""target"": ""cluster_1"", ""target_label"": 1, ""target_noise_loss"": 0.02, ""target_size"": 100}, {""coverage"": 0.99, ""f1"": 0.9949748743718593, ""fragments"": 1, ""matched_predicted_cluster"": 4, ""overlap"": 99, ""passes_discovery_thresholds"": true, ""precision"": 1.0, ""purity"": 1.0, ""recall"": 0.99, ""target"": ""cluster_2"", ""target_label"": 2, ""target_noise_loss"": 0.01, ""target_size"": 100}]"
synthetic__global_contamination_noise90__quality__signal300__n3000__kNN-DBSCAN__233__75e652875357,ok,synthetic,global_contamination_noise90__quality__signal300__n3000,kNN-DBSCAN,233,0.2.4,3000,2,0.002664200001163408,0.023489899991545826,4.895546899992041,183.55078125,1.26953125,184.03125,,,evaluation_state/synthetic__global_contamination_noise90__quality__signal300__n3000__kNN-DBSCAN__233__75e652875357.npz,1124696ed4adedea32193f73f5038e178c12deecf79ead492204d135bde6fb5a,5706,0.9307019958943067,0.9546517669298397,151,151,0.6085185185185186,known_synthetic_noise,0.7892592592592593,0.5541052434323244,51.333333333333336,3,3,0.1,0.9,full_partition,target-discovery-v1,0,0.05,0.9700000000000001,0.9847018074449648,0.03,1.0,3,pairwise_f1,hungarian,1.0,0,154,0.8547218806681061,0.7550551470588236,0.7550551470588236,0.5506666666666666,0.9945520581113801,0.6085185185185186,0.8554198426546669,0.7841948700679127,0.9408754208754209,0.5506666666666666,154,macro,3,3,0.97,0.3531553398058252,0.2158753709198813,0.97,151,3,1.0,1.0,3,151,0.0,0.97,1.0,0.9847018074449647,1.0,"{""background_inner_edge"": 6.0, ""background_intensity"": 3.0, ""background_size"": 2700, ""background_strip_height"": 10.0, ""background_support_area"": 900.0, ""controlled_factor"": ""global_background_support_at_fixed_local_intensity"", ""declared_noise_fraction"": 0.9, ""dimension"": 2, ""family"": ""global_contamination_invariance"", ""n"": 3000, ""n_targets"": 3, ""paired_background"": ""seeded_prefix"", ""realized_noise_fraction"": 0.9, ""signal_size"": 300}","{""eps"": 0.4989423155784607, ""eps_quantile"": 0.25, ""geometry_profile"": ""low_dim"", ""k"": 4, ""knn_backend"": ""kd_tree"", ""min_samples"": 5}",{},"[{""coverage"": 0.97, ""f1"": 0.9847715736040609, ""fragments"": 1, ""matched_predicted_cluster"": 8, ""overlap"": 97, ""passes_discovery_thresholds"": true, ""precision"": 1.0, ""purity"": 1.0, ""recall"": 0.97, ""target"": ""cluster_0"", ""target_label"": 0, ""target_noise_loss"": 0.03, ""target_size"": 100}, {""coverage"": 0.95, ""f1"": 0.9743589743589743, ""fragments"": 1, ""matched_predicted_cluster"": 6, ""overlap"": 95, ""passes_discovery_thresholds"": true, ""precision"": 1.0, ""purity"": 1.0, ""recall"": 0.95, ""target"": ""cluster_1"", ""target_label"": 1, ""target_noise_loss"": 0.05, ""target_size"": 100}, {""coverage"": 0.99, ""f1"": 0.9949748743718593, ""fragments"": 1, ""matched_predicted_cluster"": 7, ""overlap"": 99, ""passes_discovery_thresholds"": true, ""precision"": 1.0, ""purity"": 1.0, ""recall"": 0.99, ""target"": ""cluster_2"", ""target_label"": 2, ""target_noise_loss"": 0.01, ""target_size"": 100}]"
synthetic__global_contamination_noise95__quality__signal300__n6000__AMD-DBSCAN__211__47e1ed9d848f,ok,synthetic,global_contamination_noise95__quality__signal300__n6000,AMD-DBSCAN,211,0.2.4,6000,2,0.0023098000092431903,0.73650670000643,5.601544499993906,731.73046875,549.4375,731.73046875,,,evaluation_state/synthetic__global_contamination_noise95__quality__signal300__n6000__AMD-DBSCAN__211__47e1ed9d848f.npz,d3d354f2eff0680c66af1ecf27cb8f2ff4dbe5f463040a29450ad805e6822a07,4389,1.0,1.0,2,0,0.0,known_synthetic_noise,0.5,0.047619047619047616,1.0,3,1,0.1,0.9,full_partition,target-discovery-v1,0,0.05,1.0,0.3770491803278688,0.0,0.3559322033898305,3,pairwise_f1,hungarian,1.0,0,3,0.0,0.0,0.0,0.0,0.0,0.0,0.0034062172065578286,0.001706014130622092,1.0,0.0,3,macro,1,1,1.0,0.09523809523809523,0.05,1.0,2,3,0.3333333333333333,0.3333333333333333,3,0,0.0,1.0,0.3333333333333333,0.3770491803278689,0.3559322033898305,"{""background_inner_edge"": 6.0, ""background_intensity"": 3.0, ""background_size"": 5700, ""background_strip_height"": 10.0, ""background_support_area"": 1900.0, ""controlled_factor"": ""global_background_support_at_fixed_local_intensity"", ""declared_noise_fraction"": 0.95, ""dimension"": 2, ""family"": ""global_contamination_invariance"", ""n"": 6000, ""n_targets"": 3, ""paired_background"": ""seeded_prefix"", ""realized_noise_fraction"": 0.95, ""signal_size"": 300}","{""adaptive_rank"": 39, ""balance_rounds"": 3, ""eps_values"": [1.828988742890655, 2.128734224236901, 2.4606936092485188], ""geometry_profile"": ""low_dim"", ""knn_backend"": ""kd_tree"", ""n_density_levels"": 3}",{},"[{""coverage"": 1.0, ""f1"": 0.06557377049180328, ""fragments"": 1, ""matched_predicted_cluster"": 1, ""overlap"": 100, ""passes_discovery_thresholds"": false, ""precision"": 0.03389830508474576, ""purity"": 0.03389830508474576, ""recall"": 1.0, ""target"": ""cluster_0"", ""target_label"": 0, ""target_noise_loss"": 0.0, ""target_size"": 100}, {""coverage"": 1.0, ""f1"": 0.06557377049180328, ""fragments"": 1, ""matched_predicted_cluster"": 0, ""overlap"": 100, ""passes_discovery_thresholds"": false, ""precision"": 0.03389830508474576, ""purity"": 0.03389830508474576, ""recall"": 1.0, ""target"": ""cluster_1"", ""target_label"": 1, ""target_noise_loss"": 0.0, ""target_size"": 100}, {""coverage"": 1.0, ""f1"": 1.0, ""fragments"": 1, ""matched_predicted_cluster"": 2, ""overlap"": 100, ""passes_discovery_thresholds"": true, ""precision"": 1.0, ""purity"": 1.0, ""recall"": 1.0, ""target"": ""cluster_2"", ""target_label"": 2, ""target_noise_loss"": 0.0, ""target_size"": 100}]"
synthetic__global_contamination_noise95__quality__signal300__n6000__AMD-DBSCAN__223__fb0b9a997dbe,ok,synthetic,global_contamination_noise95__quality__signal300__n6000,AMD-DBSCAN,223,0.2.4,6000,2,0.0025234000058844686,0.7709047999960603,5.717758400001912,732.22265625,549.44140625,732.22265625,,,evaluation_state/synthetic__global_contamination_noise95__quality__signal300__n6000__AMD-DBSCAN__223__fb0b9a997dbe.npz,2f073dd783886d6540962282b91c8c352e8f02161cb080e107c78b3b110f6dd9,4581,1.0,1.0,2,1,0.0,known_synthetic_noise,0.5,0.047619047619047616,1.3333333333333333,3,2,0.1,0.9,full_partition,target-discovery-v1,0,0.05,1.0,0.6885245901639344,0.0,0.6779661016949152,3,pairwise_f1,hungarian,1.0,0,4,0.0,0.0,0.0,0.0,0.0,0.0,0.003521314624126341,0.0017637626937466596,1.0,0.0,4,macro,2,2,1.0,0.09523809523809523,0.05,1.0,2,3,0.6666666666666666,0.6666666666666666,3,1,0.0,1.0,0.6666666666666666,0.6885245901639344,0.6779661016949152,"{""background_inner_edge"": 6.0, ""background_intensity"": 3.0, ""background_size"": 5700, ""background_strip_height"": 10.0, ""background_support_area"": 1900.0, ""controlled_factor"": ""global_background_support_at_fixed_local_intensity"", ""declared_noise_fraction"": 0.95, ""dimension"": 2, ""family"": ""global_contamination_invariance"", ""n"": 6000, ""n_targets"": 3, ""paired_background"": ""seeded_prefix"", ""realized_noise_fraction"": 0.95, ""signal_size"": 300}","{""adaptive_rank"": 39, ""balance_rounds"": 3, ""eps_values"": [1.79977646297479, 2.112002510576004, 2.4832076822395144], ""geometry_profile"": ""low_dim"", ""knn_backend"": ""kd_tree"", ""n_density_levels"": 3}",{},"[{""coverage"": 1.0, ""f1"": 1.0, ""fragments"": 1, ""matched_predicted_cluster"": 2, ""overlap"": 100, ""passes_discovery_thresholds"": true, ""precision"": 1.0, ""purity"": 1.0, ""recall"": 1.0, ""target"": ""cluster_0"", ""target_label"": 0, ""target_noise_loss"": 0.0, ""target_size"": 100}, {""coverage"": 1.0, ""f1"": 0.06557377049180328, ""fragments"": 1, ""matched_predicted_cluster"": 1, ""overlap"": 100, ""passes_discovery_thresholds"": false, ""precision"": 0.03389830508474576, ""purity"": 0.03389830508474576, ""recall"": 1.0, ""target"": ""cluster_1"", ""target_label"": 1, ""target_noise_loss"": 0.0, ""target_size"": 100}, {""coverage"": 1.0, ""f1"": 1.0, ""fragments"": 1, ""matched_predicted_cluster"": 3, ""overlap"": 100, ""passes_discovery_thresholds"": true, ""precision"": 1.0, ""purity"": 1.0, ""recall"": 1.0, ""target"": ""cluster_2"", ""target_label"": 2, ""target_noise_loss"": 0.0, ""target_size"": 100}]"
synthetic__global_contamination_noise95__quality__signal300__n6000__AMD-DBSCAN__227__5887930d60cd,ok,synthetic,global_contamination_noise95__quality__signal300__n6000,AMD-DBSCAN,227,0.2.4,6000,2,0.0024167000083252788,0.7906404999957886,5.76400919999287,731.65625,549.44140625,731.65625,,,evaluation_state/synthetic__global_contamination_noise95__quality__signal300__n6000__AMD-DBSCAN__227__5887930d60cd.npz,6a1e76c6089ee23ddcef1b3f2a89b9aa06b61618682549db39f19f1f1e6f7c67,4589,1.0,1.0,2,2,0.0,known_synthetic_noise,0.5,0.047619047619047616,1.6666666666666667,3,3,0.1,0.9,full_partition,target-discovery-v1,0,0.05,1.0,1.0,0.0,1.0,3,pairwise_f1,hungarian,1.0,0,5,0.0,0.0,0.0,0.0,0.0,0.0,0.003644462441789836,0.0018255578093306288,1.0,0.0,5,macro,3,3,1.0,0.09523809523809523,0.05,1.0,2,3,1.0,1.0,3,2,0.0,1.0,1.0,1.0,1.0,"{""background_inner_edge"": 6.0, ""background_intensity"": 3.0, ""background_size"": 5700, ""background_strip_height"": 10.0, ""background_support_area"": 1900.0, ""controlled_factor"": ""global_background_support_at_fixed_local_intensity"", ""declared_noise_fraction"": 0.95, ""dimension"": 2, ""family"": ""global_contamination_invariance"", ""n"": 6000, ""n_targets"": 3, ""paired_background"": ""seeded_prefix"", ""realized_noise_fraction"": 0.95, ""signal_size"": 300}","{""adaptive_rank"": 39, ""balance_rounds"": 3, ""eps_values"": [1.8027417950824118, 2.1183571325352735, 2.490050090974479], ""geometry_profile"": ""low_dim"", ""knn_backend"": ""kd_tree"", ""n_density_levels"": 3}",{},"[{""coverage"": 1.0, ""f1"": 1.0, ""fragments"": 1, ""matched_predicted_cluster"": 4, ""overlap"": 100, ""passes_discovery_thresholds"": true, ""precision"": 1.0, ""purity"": 1.0, ""recall"": 1.0, ""target"": ""cluster_0"", ""target_label"": 0, ""target_noise_loss"": 0.0, ""target_size"": 100}, {""coverage"": 1.0, ""f1"": 1.0, ""fragments"": 1, ""matched_predicted_cluster"": 0, ""overlap"": 100, ""passes_discovery_thresholds"": true, ""precision"": 1.0, ""purity"": 1.0, ""recall"": 1.0, ""target"": ""cluster_1"", ""target_label"": 1, ""target_noise_loss"": 0.0, ""target_size"": 100}, {""coverage"": 1.0, ""f1"": 1.0, ""fragments"": 1, ""matched_predicted_cluster"": 2, ""overlap"": 100, ""passes_discovery_thresholds"": true, ""precision"": 1.0, ""purity"": 1.0, ""recall"": 1.0, ""target"": ""cluster_2"", ""target_label"": 2, ""target_noise_loss"": 0.0, ""target_size"": 100}]"
synthetic__global_contamination_noise95__quality__signal300__n6000__AMD-DBSCAN__229__4a49a245f513,ok,synthetic,global_contamination_noise95__quality__signal300__n6000,AMD-DBSCAN,229,0.2.4,6000,2,0.0024539999867556617,0.7675191000016639,5.734388299999409,731.6796875,549.4453125,731.66796875,,,evaluation_state/synthetic__global_contamination_noise95__quality__signal300__n6000__AMD-DBSCAN__229__4a49a245f513.npz,d862718ac625ce6571667998e5c39d881dec512d70283bd5cb84aadc2aca355b,4368,1.0,1.0,2,0,0.0,known_synthetic_noise,0.5,0.047619047619047616,1.0,3,1,0.1,0.9,full_partition,target-discovery-v1,0,0.05,1.0,0.3770491803278688,0.0,0.3559322033898305,3,pairwise_f1,hungarian,1.0,0,3,0.0,0.0,0.0,0.0,0.0,0.0,0.0034062172065578286,0.001706014130622092,1.0,0.0,3,macro,1,1,1.0,0.09523809523809523,0.05,1.0,2,3,0.3333333333333333,0.3333333333333333,3,0,0.0,1.0,0.3333333333333333,0.3770491803278689,0.3559322033898305,"{""background_inner_edge"": 6.0, ""background_intensity"": 3.0, ""background_size"": 5700, ""background_strip_height"": 10.0, ""background_support_area"": 1900.0, ""controlled_factor"": ""global_background_support_at_fixed_local_intensity"", ""declared_noise_fraction"": 0.95, ""dimension"": 2, ""family"": ""global_contamination_invariance"", ""n"": 6000, ""n_targets"": 3, ""paired_background"": ""seeded_prefix"", ""realized_noise_fraction"": 0.95, ""signal_size"": 300}","{""adaptive_rank"": 39, ""balance_rounds"": 3, ""eps_values"": [1.805800906572272, 2.120874265913284, 2.478198589006043], ""geometry_profile"": ""low_dim"", ""knn_backend"": ""kd_tree"", ""n_density_levels"": 3}",{},"[{""coverage"": 1.0, ""f1"": 0.06557377049180328, ""fragments"": 1, ""matched_predicted_cluster"": 1, ""overlap"": 100, ""passes_discovery_thresholds"": false, ""precision"": 0.03389830508474576, ""purity"": 0.03389830508474576, ""recall"": 1.0, ""target"": ""cluster_0"", ""target_label"": 0, ""target_noise_loss"": 0.0, ""target_size"": 100}, {""coverage"": 1.0, ""f1"": 0.06557377049180328, ""fragments"": 1, ""matched_predicted_cluster"": 0, ""overlap"": 100, ""passes_discovery_thresholds"": false, ""precision"": 0.03389830508474576, ""purity"": 0.03389830508474576, ""recall"": 1.0, ""target"": ""cluster_1"", ""target_label"": 1, ""target_noise_loss"": 0.0, ""target_size"": 100}, {""coverage"": 1.0, ""f1"": 1.0, ""fragments"": 1, ""matched_predicted_cluster"": 2, ""overlap"": 100, ""passes_discovery_thresholds"": true, ""precision"": 1.0, ""purity"": 1.0, ""recall"": 1.0, ""target"": ""cluster_2"", ""target_label"": 2, ""target_noise_loss"": 0.0, ""target_size"": 100}]"
synthetic__global_contamination_noise95__quality__signal300__n6000__AMD-DBSCAN__233__178a1ada5332,ok,synthetic,global_contamination_noise95__quality__signal300__n6000,AMD-DBSCAN,233,0.2.4,6000,2,0.00226170000678394,0.7535472999879858,5.5379117999982554,731.47265625,549.43359375,731.47265625,,,evaluation_state/synthetic__global_contamination_noise95__quality__signal300__n6000__AMD-DBSCAN__233__178a1ada5332.npz,7e758385445f8eff5fc4455cd5e718086541f45762b49cef58e07d5d06ddd6aa,4385,1.0,1.0,2,0,0.0,known_synthetic_noise,0.5,0.047619047619047616,1.0,3,1,0.1,0.9,full_partition,target-discovery-v1,0,0.05,1.0,0.3770491803278688,0.0,0.3559322033898305,3,pairwise_f1,hungarian,1.0,0,3,0.0,0.0,0.0,0.0,0.0,0.0,0.0034062172065578286,0.001706014130622092,1.0,0.0,3,macro,1,1,1.0,0.09523809523809523,0.05,1.0,2,3,0.3333333333333333,0.3333333333333333,3,0,0.0,1.0,0.3333333333333333,0.3770491803278689,0.3559322033898305,"{""background_inner_edge"": 6.0, ""background_intensity"": 3.0, ""background_size"": 5700, ""background_strip_height"": 10.0, ""background_support_area"": 1900.0, ""controlled_factor"": ""global_background_support_at_fixed_local_intensity"", ""declared_noise_fraction"": 0.95, ""dimension"": 2, ""family"": ""global_contamination_invariance"", ""n"": 6000, ""n_targets"": 3, ""paired_background"": ""seeded_prefix"", ""realized_noise_fraction"": 0.95, ""signal_size"": 300}","{""adaptive_rank"": 39, ""balance_rounds"": 3, ""eps_values"": [1.7970747724502307, 2.1248960826518766, 2.488430697880145], ""geometry_profile"": ""low_dim"", ""knn_backend"": ""kd_tree"", ""n_density_levels"": 3}",{},"[{""coverage"": 1.0, ""f1"": 0.06557377049180328, ""fragments"": 1, ""matched_predicted_cluster"": 0, ""overlap"": 100, ""passes_discovery_thresholds"": false, ""precision"": 0.03389830508474576, ""purity"": 0.03389830508474576, ""recall"": 1.0, ""target"": ""cluster_0"", ""target_label"": 0, ""target_noise_loss"": 0.0, ""target_size"": 100}, {""coverage"": 1.0, ""f1"": 0.06557377049180328, ""fragments"": 1, ""matched_predicted_cluster"": 1, ""overlap"": 100, ""passes_discovery_thresholds"": false, ""precision"": 0.03389830508474576, ""purity"": 0.03389830508474576, ""recall"": 1.0, ""target"": ""cluster_1"", ""target_label"": 1, ""target_noise_loss"": 0.0, ""target_size"": 100}, {""coverage"": 1.0, ""f1"": 1.0, ""fragments"": 1, ""matched_predicted_cluster"": 2, ""overlap"": 100, ""passes_discovery_thresholds"": true, ""precision"": 1.0, ""purity"": 1.0, ""recall"": 1.0, ""target"": ""cluster_2"", ""target_label"": 2, ""target_noise_loss"": 0.0, ""target_size"": 100}]"
synthetic__global_contamination_noise95__quality__signal300__n6000__DBSCAN__211__4784bc156f1a,ok,synthetic,global_contamination_noise95__quality__signal300__n6000,DBSCAN,211,0.2.4,6000,2,0.0029575000080512837,0.08317349999560975,5.367876799995429,185.2578125,2.7890625,185.59765625,,,evaluation_state/synthetic__global_contamination_noise95__quality__signal300__n6000__DBSCAN__211__4784bc156f1a.npz,065df01301492e5276b1a0409927e091ca41fd78f33ccf0756738891d19c8967,12447,0.9740051210129412,0.9849751463816282,360,360,0.3068421052631579,known_synthetic_noise,0.648421052631579,0.30000552347690124,121.0,3,3,0.1,0.9,full_partition,target-discovery-v1,0,0.05,0.9899999999999999,0.9949579547569497,0.01,1.0,3,pairwise_f1,hungarian,1.0,0,363,0.6378714887469874,0.4694041867954912,0.4694041867954912,0.292,0.9982876712328768,0.3068421052631579,0.4904960905904557,0.32710028318424955,0.9800673400673401,0.292,363,macro,3,3,0.99,0.13060686015831136,0.06991525423728813,0.99,360,3,1.0,1.0,3,360,0.0,0.99,1.0,0.9949579547569497,1.0,"{""background_inner_edge"": 6.0, ""background_intensity"": 3.0, ""background_size"": 5700, ""background_strip_height"": 10.0, ""background_support_area"": 1900.0, ""controlled_factor"": ""global_background_support_at_fixed_local_intensity"", ""declared_noise_fraction"": 0.95, ""dimension"": 2, ""family"": ""global_contamination_invariance"", ""n"": 6000, ""n_targets"": 3, ""paired_background"": ""seeded_prefix"", ""realized_noise_fraction"": 0.95, ""signal_size"": 300}","{""base_eps"": 0.8600139021873474, ""eps"": 0.6020097315311431, ""eps_multiplier"": 0.7, ""geometry_profile"": ""low_dim"", ""knn_backend"": ""kd_tree"", ""min_samples"": 5}",{},"[{""coverage"": 0.98, ""f1"": 0.98989898989899, ""fragments"": 1, ""matched_predicted_cluster"": 27, ""overlap"": 98, ""passes_discovery_thresholds"": true, ""precision"": 1.0, ""purity"": 1.0, ""recall"": 0.98, ""target"": ""cluster_0"", ""target_label"": 0, ""target_noise_loss"": 0.02, ""target_size"": 100}, {""coverage"": 0.99, ""f1"": 0.9949748743718593, ""fragments"": 1, ""matched_predicted_cluster"": 15, ""overlap"": 99, ""passes_discovery_thresholds"": true, ""precision"": 1.0, ""purity"": 1.0, ""recall"": 0.99, ""target"": ""cluster_1"", ""target_label"": 1, ""target_noise_loss"": 0.01, ""target_size"": 100}, {""coverage"": 1.0, ""f1"": 1.0, ""fragments"": 1, ""matched_predicted_cluster"": 11, ""overlap"": 100, ""passes_discovery_thresholds"": true, ""precision"": 1.0, ""purity"": 1.0, ""recall"": 1.0, ""target"": ""cluster_2"", ""target_label"": 2, ""target_noise_loss"": 0.0, ""target_size"": 100}]"
synthetic__global_contamination_noise95__quality__signal300__n6000__DBSCAN__223__5e7a88a58d11,ok,synthetic,global_contamination_noise95__quality__signal300__n6000,DBSCAN,223,0.2.4,6000,2,0.0028088999970350415,0.08456450000812765,5.367076299997279,185.22265625,2.78515625,185.546875,,,evaluation_state/synthetic__global_contamination_noise95__quality__signal300__n6000__DBSCAN__223__5e7a88a58d11.npz,41333edfd4233387e968c83c0bf15d3df1ed1ccf1238d5d81568dc6c00adf4ff,12366,0.9851989977985108,0.9901010167892863,386,386,0.3310526315789474,known_synthetic_noise,0.6621929824561403,0.3162077377024263,129.66666666666666,3,3,0.1,0.9,full_partition,target-discovery-v1,0,0.05,0.9933333333333333,0.9966329966329966,0.006666666666666667,1.0,3,pairwise_f1,hungarian,1.0,0,389,0.663516691207173,0.4972987218342337,0.4972987218342337,0.31483333333333335,0.9989412387506618,0.3310526315789474,0.5278173009383499,0.3602635655102894,0.9867340067340067,0.31483333333333335,389,macro,3,3,0.9933333333333333,0.13511675357061892,0.07248844563366577,0.9933333333333333,386,3,1.0,1.0,3,386,0.0,0.9933333333333333,1.0,0.9966329966329965,1.0,"{""background_inner_edge"": 6.0, ""background_intensity"": 3.0, ""background_size"": 5700, ""background_strip_height"": 10.0, ""background_support_area"": 1900.0, ""controlled_factor"": ""global_background_support_at_fixed_local_intensity"", ""declared_noise_fraction"": 0.95, ""dimension"": 2, ""family"": ""global_contamination_invariance"", ""n"": 6000, ""n_targets"": 3, ""paired_background"": ""seeded_prefix"", ""realized_noise_fraction"": 0.95, ""signal_size"": 300}","{""base_eps"": 0.8502297401428223, ""eps"": 0.5951608180999756, ""eps_multiplier"": 0.7, ""geometry_profile"": ""low_dim"", ""knn_backend"": ""kd_tree"", ""min_samples"": 5}",{},"[{""coverage"": 0.98, ""f1"": 0.98989898989899, ""fragments"": 1, ""matched_predicted_cluster"": 19, ""overlap"": 98, ""passes_discovery_thresholds"": true, ""precision"": 1.0, ""purity"": 1.0, ""recall"": 0.98, ""target"": ""cluster_0"", ""target_label"": 0, ""target_noise_loss"": 0.02, ""target_size"": 100}, {""coverage"": 1.0, ""f1"": 1.0, ""fragments"": 1, ""matched_predicted_cluster"": 26, ""overlap"": 100, ""passes_discovery_thresholds"": true, ""precision"": 1.0, ""purity"": 1.0, ""recall"": 1.0, ""target"": ""cluster_1"", ""target_label"": 1, ""target_noise_loss"": 0.0, ""target_size"": 100}, {""coverage"": 1.0, ""f1"": 1.0, ""fragments"": 1, ""matched_predicted_cluster"": 60, ""overlap"": 100, ""passes_discovery_thresholds"": true, ""precision"": 1.0, ""purity"": 1.0, ""recall"": 1.0, ""target"": ""cluster_2"", ""target_label"": 2, ""target_noise_loss"": 0.0, ""target_size"": 100}]"
synthetic__global_contamination_noise95__quality__signal300__n6000__DBSCAN__227__f8cce2f9dc15,ok,synthetic,global_contamination_noise95__quality__signal300__n6000,DBSCAN,227,0.2.4,6000,2,0.0024704999959794804,0.07624049999867566,5.20994120000978,185.296875,2.7890625,185.6171875,,,evaluation_state/synthetic__global_contamination_noise95__quality__signal300__n6000__DBSCAN__227__f8cce2f9dc15.npz,937b1e2947f513762dc23e55ac51961a2800ea298e44919973806153ed0bf32f,12289,0.9740051210129412,0.9849751463816282,363,363,0.33210526315789474,known_synthetic_noise,0.6610526315789473,0.31664880268261086,122.0,3,3,0.1,0.9,full_partition,target-discovery-v1,0,0.05,0.9899999999999999,0.9949579547569497,0.01,1.0,3,pairwise_f1,hungarian,1.0,0,366,0.6641414369891379,0.4984202211690364,0.4984202211690364,0.316,0.9984177215189873,0.33210526315789474,0.5006363730177841,0.3361822045643537,0.9800673400673401,0.316,366,macro,3,3,0.99,0.13487738419618528,0.07236842105263158,0.99,363,3,1.0,1.0,3,363,0.0,0.99,1.0,0.9949579547569497,1.0,"{""background_inner_edge"": 6.0, ""background_intensity"": 3.0, ""background_size"": 5700, ""background_strip_height"": 10.0, ""background_support_area"": 1900.0, ""controlled_factor"": ""global_background_support_at_fixed_local_intensity"", ""declared_noise_fraction"": 0.95, ""dimension"": 2, ""family"": ""global_contamination_invariance"", ""n"": 6000, ""n_targets"": 3, ""paired_background"": ""seeded_prefix"", ""realized_noise_fraction"": 0.95, ""signal_size"": 300}","{""base_eps"": 0.8616440296173096, ""eps"": 0.6031508207321167, ""eps_multiplier"": 0.7, ""geometry_profile"": ""low_dim"", ""knn_backend"": ""kd_tree"", ""min_samples"": 5}",{},"[{""coverage"": 0.99, ""f1"": 0.9949748743718593, ""fragments"": 1, ""matched_predicted_cluster"": 6, ""overlap"": 99, ""passes_discovery_thresholds"": true, ""precision"": 1.0, ""purity"": 1.0, ""recall"": 0.99, ""target"": ""cluster_0"", ""target_label"": 0, ""target_noise_loss"": 0.01, ""target_size"": 100}, {""coverage"": 0.98, ""f1"": 0.98989898989899, ""fragments"": 1, ""matched_predicted_cluster"": 0, ""overlap"": 98, ""passes_discovery_thresholds"": true, ""precision"": 1.0, ""purity"": 1.0, ""recall"": 0.98, ""target"": ""cluster_1"", ""target_label"": 1, ""target_noise_loss"": 0.02, ""target_size"": 100}, {""coverage"": 1.0, ""f1"": 1.0, ""fragments"": 1, ""matched_predicted_cluster"": 3, ""overlap"": 100, ""passes_discovery_thresholds"": true, ""precision"": 1.0, ""purity"": 1.0, ""recall"": 1.0, ""target"": ""cluster_2"", ""target_label"": 2, ""target_noise_loss"": 0.0, ""target_size"": 100}]"
synthetic__global_contamination_noise95__quality__signal300__n6000__DBSCAN__229__10f0fb7ec6f8,ok,synthetic,global_contamination_noise95__quality__signal300__n6000,DBSCAN,229,0.2.4,6000,2,0.0024298999924212694,0.0742381000018213,5.135268099998939,185.75390625,2.8125,186.08984375,,,evaluation_state/synthetic__global_contamination_noise95__quality__signal300__n6000__DBSCAN__229__10f0fb7ec6f8.npz,b33d249f4e2e4ca1e4d02e2b6048e85f4bcc13eb5caee28bee4c7d73e3d5e5fd,12502,0.9914959434433548,0.9950082639109167,402,402,0.3217543859649123,known_synthetic_noise,0.6592105263157895,0.3103627639882861,135.0,3,3,0.1,0.9,full_partition,target-discovery-v1,0,0.05,0.9966666666666667,0.9983249581239532,0.0033333333333333335,1.0,3,pairwise_f1,hungarian,1.0,0,405,0.654465070496071,0.48679495686794955,0.48679495686794955,0.30583333333333335,0.9994550408719346,0.3217543859649123,0.5239955951831196,0.35585737720737237,0.9933333333333333,0.30583333333333335,405,macro,3,3,0.9966666666666667,0.1339305711086226,0.07178871548619448,0.9966666666666667,402,3,1.0,1.0,3,402,0.0,0.9966666666666667,1.0,0.9983249581239529,1.0,"{""background_inner_edge"": 6.0, ""background_intensity"": 3.0, ""background_size"": 5700, ""background_strip_height"": 10.0, ""background_support_area"": 1900.0, ""controlled_factor"": ""global_background_support_at_fixed_local_intensity"", ""declared_noise_fraction"": 0.95, ""dimension"": 2, ""family"": ""global_contamination_invariance"", ""n"": 6000, ""n_targets"": 3, ""paired_background"": ""seeded_prefix"", ""realized_noise_fraction"": 0.95, ""signal_size"": 300}","{""base_eps"": 0.8531666398048401, ""eps"": 0.597216647863388, ""eps_multiplier"": 0.7, ""geometry_profile"": ""low_dim"", ""knn_backend"": ""kd_tree"", ""min_samples"": 5}",{},"[{""coverage"": 1.0, ""f1"": 1.0, ""fragments"": 1, ""matched_predicted_cluster"": 34, ""overlap"": 100, ""passes_discovery_thresholds"": true, ""precision"": 1.0, ""purity"": 1.0, ""recall"": 1.0, ""target"": ""cluster_0"", ""target_label"": 0, ""target_noise_loss"": 0.0, ""target_size"": 100}, {""coverage"": 0.99, ""f1"": 0.9949748743718593, ""fragments"": 1, ""matched_predicted_cluster"": 12, ""overlap"": 99, ""passes_discovery_thresholds"": true, ""precision"": 1.0, ""purity"": 1.0, ""recall"": 0.99, ""target"": ""cluster_1"", ""target_label"": 1, ""target_noise_loss"": 0.01, ""target_size"": 100}, {""coverage"": 1.0, ""f1"": 1.0, ""fragments"": 1, ""matched_predicted_cluster"": 68, ""overlap"": 100, ""passes_discovery_thresholds"": true, ""precision"": 1.0, ""purity"": 1.0, ""recall"": 1.0, ""target"": ""cluster_2"", ""target_label"": 2, ""target_noise_loss"": 0.0, ""target_size"": 100}]"
synthetic__global_contamination_noise95__quality__signal300__n6000__DBSCAN__233__323952f1e4dd,ok,synthetic,global_contamination_noise95__quality__signal300__n6000,DBSCAN,233,0.2.4,6000,2,0.0022438000014517456,0.07414919999428093,5.286665199993877,185.4296875,2.77734375,185.734375,,,evaluation_state/synthetic__global_contamination_noise95__quality__signal300__n6000__DBSCAN__233__323952f1e4dd.npz,bfab06f66ae26011ea22c13d670dc44c7bb4d6d36cef0a5dc0f2500ea9c46cc7,12468,0.9698276113084682,0.9848231208333376,368,368,0.3075438596491228,known_synthetic_noise,0.6487719298245613,0.30047357643716377,123.66666666666667,3,3,0.1,0.9,full_partition,target-discovery-v1,0,0.05,0.9899999999999999,0.9949748743718593,0.01,1.0,3,pairwise_f1,hungarian,1.0,0,371,0.6386327025706745,0.470225321888412,0.470225321888412,0.2926666666666667,0.9982915717539863,0.3075438596491228,0.4827025771999071,0.32021211054391835,0.98,0.2926666666666667,371,macro,3,3,0.99,0.1307218309859155,0.06998114985862394,0.99,368,3,1.0,1.0,3,368,0.0,0.99,1.0,0.9949748743718594,1.0,"{""background_inner_edge"": 6.0, ""background_intensity"": 3.0, ""background_size"": 5700, ""background_strip_height"": 10.0, ""background_support_area"": 1900.0, ""controlled_factor"": ""global_background_support_at_fixed_local_intensity"", ""declared_noise_fraction"": 0.95, ""dimension"": 2, ""family"": ""global_contamination_invariance"", ""n"": 6000, ""n_targets"": 3, ""paired_background"": ""seeded_prefix"", ""realized_noise_fraction"": 0.95, ""signal_size"": 300}","{""base_eps"": 0.8544924855232239, ""eps"": 0.5981447398662567, ""eps_multiplier"": 0.7, ""geometry_profile"": ""low_dim"", ""knn_backend"": ""kd_tree"", ""min_samples"": 5}",{},"[{""coverage"": 0.99, ""f1"": 0.9949748743718593, ""fragments"": 1, ""matched_predicted_cluster"": 43, ""overlap"": 99, ""passes_discovery_thresholds"": true, ""precision"": 1.0, ""purity"": 1.0, ""recall"": 0.99, ""target"": ""cluster_0"", ""target_label"": 0, ""target_noise_loss"": 0.01, ""target_size"": 100}, {""coverage"": 0.99, ""f1"": 0.9949748743718593, ""fragments"": 1, ""matched_predicted_cluster"": 14, ""overlap"": 99, ""passes_discovery_thresholds"": true, ""precision"": 1.0, ""purity"": 1.0, ""recall"": 0.99, ""target"": ""cluster_1"", ""target_label"": 1, ""target_noise_loss"": 0.01, ""target_size"": 100}, {""coverage"": 0.99, ""f1"": 0.9949748743718593, ""fragments"": 1, ""matched_predicted_cluster"": 1, ""overlap"": 99, ""passes_discovery_thresholds"": true, ""precision"": 1.0, ""purity"": 1.0, ""recall"": 0.99, ""target"": ""cluster_2"", ""target_label"": 2, ""target_noise_loss"": 0.01, ""target_size"": 100}]"
synthetic__global_contamination_noise95__quality__signal300__n6000__HDBSCAN__211__9b5525661f93,ok,synthetic,global_contamination_noise95__quality__signal300__n6000,HDBSCAN,211,0.2.4,6000,2,0.0022806000051787123,0.436582800000906,5.417674600001192,185.33203125,2.91796875,185.5625,,,evaluation_state/synthetic__global_contamination_noise95__quality__signal300__n6000__HDBSCAN__211__9b5525661f93.npz,5d499d0613e9b1ff96a368ea00fb76d7068b65231fc92f484b1f85aad951e6a0,4557,1.0,1.0,2,1,0.0,known_synthetic_noise,0.5,0.047619047619047616,1.3333333333333333,3,2,0.1,0.9,full_partition,target-discovery-v1,0,0.05,1.0,0.6885245901639344,0.0,0.6779661016949152,3,pairwise_f1,hungarian,1.0,0,4,0.0,0.0,0.0,0.0,0.0,0.0,0.003521314624126341,0.0017637626937466596,1.0,0.0,4,macro,2,2,1.0,0.09523809523809523,0.05,1.0,2,3,0.6666666666666666,0.6666666666666666,3,1,0.0,1.0,0.6666666666666666,0.6885245901639344,0.6779661016949152,"{""background_inner_edge"": 6.0, ""background_intensity"": 3.0, ""background_size"": 5700, ""background_strip_height"": 10.0, ""background_support_area"": 1900.0, ""controlled_factor"": ""global_background_support_at_fixed_local_intensity"", ""declared_noise_fraction"": 0.95, ""dimension"": 2, ""family"": ""global_contamination_invariance"", ""n"": 6000, ""n_targets"": 3, ""paired_background"": ""seeded_prefix"", ""realized_noise_fraction"": 0.95, ""signal_size"": 300}","{""geometry_profile"": ""low_dim"", ""knn_backend"": ""kd_tree"", ""min_cluster_size"": 40, ""min_samples"": 5}",{},"[{""coverage"": 1.0, ""f1"": 0.06557377049180328, ""fragments"": 1, ""matched_predicted_cluster"": 2, ""overlap"": 100, ""passes_discovery_thresholds"": false, ""precision"": 0.03389830508474576, ""purity"": 0.03389830508474576, ""recall"": 1.0, ""target"": ""cluster_0"", ""target_label"": 0, ""target_noise_loss"": 0.0, ""target_size"": 100}, {""coverage"": 1.0, ""f1"": 1.0, ""fragments"": 1, ""matched_predicted_cluster"": 1, ""overlap"": 100, ""passes_discovery_thresholds"": true, ""precision"": 1.0, ""purity"": 1.0, ""recall"": 1.0, ""target"": ""cluster_1"", ""target_label"": 1, ""target_noise_loss"": 0.0, ""target_size"": 100}, {""coverage"": 1.0, ""f1"": 1.0, ""fragments"": 1, ""matched_predicted_cluster"": 3, ""overlap"": 100, ""passes_discovery_thresholds"": true, ""precision"": 1.0, ""purity"": 1.0, ""recall"": 1.0, ""target"": ""cluster_2"", ""target_label"": 2, ""target_noise_loss"": 0.0, ""target_size"": 100}]"
synthetic__global_contamination_noise95__quality__signal300__n6000__HDBSCAN__223__8bb3614db602,ok,synthetic,global_contamination_noise95__quality__signal300__n6000,HDBSCAN,223,0.2.4,6000,2,0.002288899995619431,0.4507772000069963,5.242806299997028,185.6796875,3.05859375,185.90234375,,,evaluation_state/synthetic__global_contamination_noise95__quality__signal300__n6000__HDBSCAN__223__8bb3614db602.npz,1fedb02826d197ef3ecdbb475928f95e66729c5bdac888ab4940f6241ff4f61d,4591,1.0,1.0,2,2,0.0,known_synthetic_noise,0.5,0.047619047619047616,1.6666666666666667,3,3,0.1,0.9,full_partition,target-discovery-v1,0,0.05,1.0,1.0,0.0,1.0,3,pairwise_f1,hungarian,1.0,0,5,0.0,0.0,0.0,0.0,0.0,0.0,0.003644462441789836,0.0018255578093306288,1.0,0.0,5,macro,3,3,1.0,0.09523809523809523,0.05,1.0,2,3,1.0,1.0,3,2,0.0,1.0,1.0,1.0,1.0,"{""background_inner_edge"": 6.0, ""background_intensity"": 3.0, ""background_size"": 5700, ""background_strip_height"": 10.0, ""background_support_area"": 1900.0, ""controlled_factor"": ""global_background_support_at_fixed_local_intensity"", ""declared_noise_fraction"": 0.95, ""dimension"": 2, ""family"": ""global_contamination_invariance"", ""n"": 6000, ""n_targets"": 3, ""paired_background"": ""seeded_prefix"", ""realized_noise_fraction"": 0.95, ""signal_size"": 300}","{""geometry_profile"": ""low_dim"", ""knn_backend"": ""kd_tree"", ""min_cluster_size"": 40, ""min_samples"": 5}",{},"[{""coverage"": 1.0, ""f1"": 1.0, ""fragments"": 1, ""matched_predicted_cluster"": 4, ""overlap"": 100, ""passes_discovery_thresholds"": true, ""precision"": 1.0, ""purity"": 1.0, ""recall"": 1.0, ""target"": ""cluster_0"", ""target_label"": 0, ""target_noise_loss"": 0.0, ""target_size"": 100}, {""coverage"": 1.0, ""f1"": 1.0, ""fragments"": 1, ""matched_predicted_cluster"": 1, ""overlap"": 100, ""passes_discovery_thresholds"": true, ""precision"": 1.0, ""purity"": 1.0, ""recall"": 1.0, ""target"": ""cluster_1"", ""target_label"": 1, ""target_noise_loss"": 0.0, ""target_size"": 100}, {""coverage"": 1.0, ""f1"": 1.0, ""fragments"": 1, ""matched_predicted_cluster"": 0, ""overlap"": 100, ""passes_discovery_thresholds"": true, ""precision"": 1.0, ""purity"": 1.0, ""recall"": 1.0, ""target"": ""cluster_2"", ""target_label"": 2, ""target_noise_loss"": 0.0, ""target_size"": 100}]"
synthetic__global_contamination_noise95__quality__signal300__n6000__HDBSCAN__227__49c7eda44b33,ok,synthetic,global_contamination_noise95__quality__signal300__n6000,HDBSCAN,227,0.2.4,6000,2,0.0026214999961666763,0.44801940000616014,5.210296000004746,185.0234375,2.8828125,185.25,,,evaluation_state/synthetic__global_contamination_noise95__quality__signal300__n6000__HDBSCAN__227__49c7eda44b33.npz,43236a7ad2e46c36c57ea79d8ca88e547e5d2f18abd41e43b32f1206fa78c00d,4591,1.0,1.0,2,2,0.0,known_synthetic_noise,0.5,0.047619047619047616,1.6666666666666667,3,3,0.1,0.9,full_partition,target-discovery-v1,0,0.05,1.0,1.0,0.0,1.0,3,pairwise_f1,hungarian,1.0,0,5,0.0,0.0,0.0,0.0,0.0,0.0,0.003644462441789836,0.0018255578093306288,1.0,0.0,5,macro,3,3,1.0,0.09523809523809523,0.05,1.0,2,3,1.0,1.0,3,2,0.0,1.0,1.0,1.0,1.0,"{""background_inner_edge"": 6.0, ""background_intensity"": 3.0, ""background_size"": 5700, ""background_strip_height"": 10.0, ""background_support_area"": 1900.0, ""controlled_factor"": ""global_background_support_at_fixed_local_intensity"", ""declared_noise_fraction"": 0.95, ""dimension"": 2, ""family"": ""global_contamination_invariance"", ""n"": 6000, ""n_targets"": 3, ""paired_background"": ""seeded_prefix"", ""realized_noise_fraction"": 0.95, ""signal_size"": 300}","{""geometry_profile"": ""low_dim"", ""knn_backend"": ""kd_tree"", ""min_cluster_size"": 40, ""min_samples"": 5}",{},"[{""coverage"": 1.0, ""f1"": 1.0, ""fragments"": 1, ""matched_predicted_cluster"": 3, ""overlap"": 100, ""passes_discovery_thresholds"": true, ""precision"": 1.0, ""purity"": 1.0, ""recall"": 1.0, ""target"": ""cluster_0"", ""target_label"": 0, ""target_noise_loss"": 0.0, ""target_size"": 100}, {""coverage"": 1.0, ""f1"": 1.0, ""fragments"": 1, ""matched_predicted_cluster"": 1, ""overlap"": 100, ""passes_discovery_thresholds"": true, ""precision"": 1.0, ""purity"": 1.0, ""recall"": 1.0, ""target"": ""cluster_1"", ""target_label"": 1, ""target_noise_loss"": 0.0, ""target_size"": 100}, {""coverage"": 1.0, ""f1"": 1.0, ""fragments"": 1, ""matched_predicted_cluster"": 0, ""overlap"": 100, ""passes_discovery_thresholds"": true, ""precision"": 1.0, ""purity"": 1.0, ""recall"": 1.0, ""target"": ""cluster_2"", ""target_label"": 2, ""target_noise_loss"": 0.0, ""target_size"": 100}]"
synthetic__global_contamination_noise95__quality__signal300__n6000__HDBSCAN__229__c6d76862ed13,ok,synthetic,global_contamination_noise95__quality__signal300__n6000,HDBSCAN,229,0.2.4,6000,2,0.0025006999931065366,0.42422200000146404,5.185829500012915,185.5390625,2.8984375,185.76171875,,,evaluation_state/synthetic__global_contamination_noise95__quality__signal300__n6000__HDBSCAN__229__c6d76862ed13.npz,bd6994ac39e58723c2f3d52d71ed727766c0abe2750b6bfb6d711b75eebf25ed,4555,1.0,1.0,2,2,0.0,known_synthetic_noise,0.5,0.047619047619047616,1.6666666666666667,3,3,0.1,0.9,full_partition,target-discovery-v1,0,0.05,1.0,1.0,0.0,1.0,3,pairwise_f1,hungarian,1.0,0,5,0.0,0.0,0.0,0.0,0.0,0.0,0.003644462441789836,0.0018255578093306288,1.0,0.0,5,macro,3,3,1.0,0.09523809523809523,0.05,1.0,2,3,1.0,1.0,3,2,0.0,1.0,1.0,1.0,1.0,"{""background_inner_edge"": 6.0, ""background_intensity"": 3.0, ""background_size"": 5700, ""background_strip_height"": 10.0, ""background_support_area"": 1900.0, ""controlled_factor"": ""global_background_support_at_fixed_local_intensity"", ""declared_noise_fraction"": 0.95, ""dimension"": 2, ""family"": ""global_contamination_invariance"", ""n"": 6000, ""n_targets"": 3, ""paired_background"": ""seeded_prefix"", ""realized_noise_fraction"": 0.95, ""signal_size"": 300}","{""geometry_profile"": ""low_dim"", ""knn_backend"": ""kd_tree"", ""min_cluster_size"": 40, ""min_samples"": 5}",{},"[{""coverage"": 1.0, ""f1"": 1.0, ""fragments"": 1, ""matched_predicted_cluster"": 3, ""overlap"": 100, ""passes_discovery_thresholds"": true, ""precision"": 1.0, ""purity"": 1.0, ""recall"": 1.0, ""target"": ""cluster_0"", ""target_label"": 0, ""target_noise_loss"": 0.0, ""target_size"": 100}, {""coverage"": 1.0, ""f1"": 1.0, ""fragments"": 1, ""matched_predicted_cluster"": 2, ""overlap"": 100, ""passes_discovery_thresholds"": true, ""precision"": 1.0, ""purity"": 1.0, ""recall"": 1.0, ""target"": ""cluster_1"", ""target_label"": 1, ""target_noise_loss"": 0.0, ""target_size"": 100}, {""coverage"": 1.0, ""f1"": 1.0, ""fragments"": 1, ""matched_predicted_cluster"": 0, ""overlap"": 100, ""passes_discovery_thresholds"": true, ""precision"": 1.0, ""purity"": 1.0, ""recall"": 1.0, ""target"": ""cluster_2"", ""target_label"": 2, ""target_noise_loss"": 0.0, ""target_size"": 100}]"
synthetic__global_contamination_noise95__quality__signal300__n6000__HDBSCAN__233__4be4959c13da,ok,synthetic,global_contamination_noise95__quality__signal300__n6000,HDBSCAN,233,0.2.4,6000,2,0.002282400004332885,0.4112364000029629,5.104162999996333,185.546875,2.8359375,185.79296875,,,evaluation_state/synthetic__global_contamination_noise95__quality__signal300__n6000__HDBSCAN__233__4be4959c13da.npz,d9796adf754a8a172fbec2f175f20adcafe7f3ee5b699f5f3d974ea698c1f949,4588,0.9914959434433546,0.9950082639109167,2,1,0.00017543859649122806,known_synthetic_noise,0.5000877192982456,0.0478020152211886,1.6666666666666667,4,3,0.1,0.9,full_partition,target-discovery-v1,0,0.05,0.9966666666666667,0.9983249581239532,0.0,1.0,3,pairwise_f1,hungarian,1.0,0,5,0.0007013848231386383,0.00035081564637782847,0.00035081564637782847,0.00016666666666666666,1.0,0.00017543859649122806,0.0036202100045758805,0.001813409493827511,0.9933333333333333,0.00016666666666666666,5,macro,3,3,1.0,0.09525321479599937,0.050008334722453744,1.0,2,3,1.0,1.0,3,2,0.0,0.9966666666666667,1.0,0.9983249581239529,1.0,"{""background_inner_edge"": 6.0, ""background_intensity"": 3.0, ""background_size"": 5700, ""background_strip_height"": 10.0, ""background_support_area"": 1900.0, ""controlled_factor"": ""global_background_support_at_fixed_local_intensity"", ""declared_noise_fraction"": 0.95, ""dimension"": 2, ""family"": ""global_contamination_invariance"", ""n"": 6000, ""n_targets"": 3, ""paired_background"": ""seeded_prefix"", ""realized_noise_fraction"": 0.95, ""signal_size"": 300}","{""geometry_profile"": ""low_dim"", ""knn_backend"": ""kd_tree"", ""min_cluster_size"": 40, ""min_samples"": 5}",{},"[{""coverage"": 1.0, ""f1"": 1.0, ""fragments"": 1, ""matched_predicted_cluster"": 2, ""overlap"": 100, ""passes_discovery_thresholds"": true, ""precision"": 1.0, ""purity"": 1.0, ""recall"": 1.0, ""target"": ""cluster_0"", ""target_label"": 0, ""target_noise_loss"": 0.0, ""target_size"": 100}, {""coverage"": 0.99, ""f1"": 0.9949748743718593, ""fragments"": 1, ""matched_predicted_cluster"": 3, ""overlap"": 99, ""passes_discovery_thresholds"": true, ""precision"": 1.0, ""purity"": 1.0, ""recall"": 0.99, ""target"": ""cluster_1"", ""target_label"": 1, ""target_noise_loss"": 0.0, ""target_size"": 100}, {""coverage"": 1.0, ""f1"": 1.0, ""fragments"": 1, ""matched_predicted_cluster"": 0, ""overlap"": 100, ""passes_discovery_thresholds"": true, ""precision"": 1.0, ""purity"": 1.0, ""recall"": 1.0, ""target"": ""cluster_2"", ""target_label"": 2, ""target_noise_loss"": 0.0, ""target_size"": 100}]"
synthetic__global_contamination_noise95__quality__signal300__n6000__OPTICS__211__f7e71d3047b8,ok,synthetic,global_contamination_noise95__quality__signal300__n6000,OPTICS,211,0.2.4,6000,2,0.0027851999911945313,8.139757299999474,12.919945200002985,185.11328125,2.4296875,185.44140625,,,evaluation_state/synthetic__global_contamination_noise95__quality__signal300__n6000__OPTICS__211__f7e71d3047b8.npz,03953fda15b812077d74d93772f85db1a5d8be0f8a00a1c3cfd113c55f32bd04,4866,0.9347450678461756,0.927229012422447,3,3,0.48473684210526313,known_synthetic_noise,0.7140350877192982,0.4062231989708404,2.0,3,3,0.1,0.9,full_partition,target-discovery-v1,0,0.05,0.9433333333333334,0.9690346083788706,0.05666666666666667,1.0,3,pairwise_f1,hungarian,1.0,0,6,0.7792656830216667,0.6516509433962263,0.6516509433962263,0.4633333333333333,0.9938848920863309,0.48473684210526313,0.006518817615949371,0.003271311290978996,0.8958249158249159,0.4633333333333333,6,macro,3,3,0.9433333333333334,0.16079545454545455,0.08788819875776398,0.9433333333333334,3,3,1.0,1.0,3,3,0.0,0.9433333333333334,1.0,0.9690346083788707,1.0,"{""background_inner_edge"": 6.0, ""background_intensity"": 3.0, ""background_size"": 5700, ""background_strip_height"": 10.0, ""background_support_area"": 1900.0, ""controlled_factor"": ""global_background_support_at_fixed_local_intensity"", ""declared_noise_fraction"": 0.95, ""dimension"": 2, ""family"": ""global_contamination_invariance"", ""n"": 6000, ""n_targets"": 3, ""paired_background"": ""seeded_prefix"", ""realized_noise_fraction"": 0.95, ""signal_size"": 300}","{""geometry_profile"": ""low_dim"", ""knn_backend"": ""kd_tree"", ""max_eps"": 1.027344822883606, ""max_eps_quantile"": 0.98, ""min_cluster_size"": 40, ""min_samples"": 5, ""xi"": 0.1}",{},"[{""coverage"": 1.0, ""f1"": 1.0, ""fragments"": 1, ""matched_predicted_cluster"": 5, ""overlap"": 100, ""passes_discovery_thresholds"": true, ""precision"": 1.0, ""purity"": 1.0, ""recall"": 1.0, ""target"": ""cluster_0"", ""target_label"": 0, ""target_noise_loss"": 0.0, ""target_size"": 100}, {""coverage"": 0.83, ""f1"": 0.9071038251366119, ""fragments"": 1, ""matched_predicted_cluster"": 4, ""overlap"": 83, ""passes_discovery_thresholds"": true, ""precision"": 1.0, ""purity"": 1.0, ""recall"": 0.83, ""target"": ""cluster_1"", ""target_label"": 1, ""target_noise_loss"": 0.17, ""target_size"": 100}, {""coverage"": 1.0, ""f1"": 1.0, ""fragments"": 1, ""matched_predicted_cluster"": 3, ""overlap"": 100, ""passes_discovery_thresholds"": true, ""precision"": 1.0, ""purity"": 1.0, ""recall"": 1.0, ""target"": ""cluster_2"", ""target_label"": 2, ""target_noise_loss"": 0.0, ""target_size"": 100}]"
synthetic__global_contamination_noise95__quality__signal300__n6000__OPTICS__223__4d6e74ab2dda,ok,synthetic,global_contamination_noise95__quality__signal300__n6000,OPTICS,223,0.2.4,6000,2,0.0022693000064464286,8.125765100005083,12.879121699996176,184.953125,2.35546875,185.27734375,,,evaluation_state/synthetic__global_contamination_noise95__quality__signal300__n6000__OPTICS__223__4d6e74ab2dda.npz,b83d7e2c63a9d5f02e32f307b695b582b6b3cd1b066ce64ed7addee67e939a04,4931,0.8795826736176364,0.8864647303150186,2,2,0.49122807017543857,known_synthetic_noise,0.7056140350877194,0.4078858907280816,1.6666666666666667,3,3,0.1,0.9,full_partition,target-discovery-v1,0,0.05,0.9199999999999999,0.9569447983615995,0.08,1.0,3,pairwise_f1,hungarian,1.0,0,5,0.7790785577922407,0.6569685593618019,0.6569685593618019,0.4706666666666667,0.9915014164305949,0.49122807017543857,0.006195695387221151,0.00310917152677282,0.8505723905723905,0.4706666666666667,5,macro,3,3,0.92,0.15880322209436135,0.08690176322418136,0.92,2,3,1.0,1.0,3,2,0.0,0.92,1.0,0.9569447983615995,1.0,"{""background_inner_edge"": 6.0, ""background_intensity"": 3.0, ""background_size"": 5700, ""background_strip_height"": 10.0, ""background_support_area"": 1900.0, ""controlled_factor"": ""global_background_support_at_fixed_local_intensity"", ""declared_noise_fraction"": 0.95, ""dimension"": 2, ""family"": ""global_contamination_invariance"", ""n"": 6000, ""n_targets"": 3, ""paired_background"": ""seeded_prefix"", ""realized_noise_fraction"": 0.95, ""signal_size"": 300}","{""geometry_profile"": ""low_dim"", ""knn_backend"": ""kd_tree"", ""max_eps"": 1.0293833017349243, ""max_eps_quantile"": 0.98, ""min_cluster_size"": 40, ""min_samples"": 5, ""xi"": 0.1}",{},"[{""coverage"": 0.93, ""f1"": 0.9637305699481865, ""fragments"": 1, ""matched_predicted_cluster"": 2, ""overlap"": 93, ""passes_discovery_thresholds"": true, ""precision"": 1.0, ""purity"": 1.0, ""recall"": 0.93, ""target"": ""cluster_0"", ""target_label"": 0, ""target_noise_loss"": 0.07, ""target_size"": 100}, {""coverage"": 0.83, ""f1"": 0.9071038251366119, ""fragments"": 1, ""matched_predicted_cluster"": 3, ""overlap"": 83, ""passes_discovery_thresholds"": true, ""precision"": 1.0, ""purity"": 1.0, ""recall"": 0.83, ""target"": ""cluster_1"", ""target_label"": 1, ""target_noise_loss"": 0.17, ""target_size"": 100}, {""coverage"": 1.0, ""f1"": 1.0, ""fragments"": 1, ""matched_predicted_cluster"": 4, ""overlap"": 100, ""passes_discovery_thresholds"": true, ""precision"": 1.0, ""purity"": 1.0, ""recall"": 1.0, ""target"": ""cluster_2"", ""target_label"": 2, ""target_noise_loss"": 0.0, ""target_size"": 100}]"
synthetic__global_contamination_noise95__quality__signal300__n6000__OPTICS__227__5b4d3a0c1802,ok,synthetic,global_contamination_noise95__quality__signal300__n6000,OPTICS,227,0.2.4,6000,2,0.0026202999870292842,8.00871979999647,12.780577900004573,185.30859375,2.33984375,185.6328125,,,evaluation_state/synthetic__global_contamination_noise95__quality__signal300__n6000__OPTICS__227__5b4d3a0c1802.npz,e200c28c74a84992e8ea8aa3e88d3ae70153d856c9fdb86d0af74768122b40b3,4659,0.7244002560990298,0.7066026902035921,2,2,0.002456140350877193,known_synthetic_noise,0.4095614035087719,0.041746295112597316,1.6666666666666667,3,3,0.1,0.9,full_partition,target-discovery-v1,0,0.05,0.8166666666666668,0.8989630715063447,0.18333333333333335,1.0,3,pairwise_f1,hungarian,1.0,0,5,0.0096549277164778,0.004853527474432311,0.004853527474432311,0.0115,0.2028985507246377,0.002456140350877193,0.0024398552966168876,0.0012221670219113643,0.6657912457912458,0.0115,5,macro,3,2,0.8166666666666667,0.07863906275076232,0.04130837969988198,0.8166666666666667,2,3,1.0,1.0,3,2,0.0,0.8166666666666667,1.0,0.8989630715063447,1.0,"{""background_inner_edge"": 6.0, ""background_intensity"": 3.0, ""background_size"": 5700, ""background_strip_height"": 10.0, ""background_support_area"": 1900.0, ""controlled_factor"": ""global_background_support_at_fixed_local_intensity"", ""declared_noise_fraction"": 0.95, ""dimension"": 2, ""family"": ""global_contamination_invariance"", ""n"": 6000, ""n_targets"": 3, ""paired_background"": ""seeded_prefix"", ""realized_noise_fraction"": 0.95, ""signal_size"": 300}","{""geometry_profile"": ""low_dim"", ""knn_backend"": ""kd_tree"", ""max_eps"": 1.039868950843811, ""max_eps_quantile"": 0.98, ""min_cluster_size"": 40, ""min_samples"": 5, ""xi"": 0.1}",{},"[{""coverage"": 0.79, ""f1"": 0.8826815642458101, ""fragments"": 1, ""matched_predicted_cluster"": 4, ""overlap"": 79, ""passes_discovery_thresholds"": true, ""precision"": 1.0, ""purity"": 1.0, ""recall"": 0.79, ""target"": ""cluster_0"", ""target_label"": 0, ""target_noise_loss"": 0.21, ""target_size"": 100}, {""coverage"": 0.83, ""f1"": 0.9071038251366119, ""fragments"": 1, ""matched_predicted_cluster"": 0, ""overlap"": 83, ""passes_discovery_thresholds"": true, ""precision"": 1.0, ""purity"": 1.0, ""recall"": 0.83, ""target"": ""cluster_1"", ""target_label"": 1, ""target_noise_loss"": 0.17, ""target_size"": 100}, {""coverage"": 0.83, ""f1"": 0.9071038251366119, ""fragments"": 1, ""matched_predicted_cluster"": 2, ""overlap"": 83, ""passes_discovery_thresholds"": true, ""precision"": 1.0, ""purity"": 1.0, ""recall"": 0.83, ""target"": ""cluster_2"", ""target_label"": 2, ""target_noise_loss"": 0.17, ""target_size"": 100}]"
synthetic__global_contamination_noise95__quality__signal300__n6000__OPTICS__229__b802457305b4,ok,synthetic,global_contamination_noise95__quality__signal300__n6000,OPTICS,229,0.2.4,6000,2,0.002496199987945147,8.118089700001292,13.190007299999706,184.73828125,2.3359375,185.06640625,,,evaluation_state/synthetic__global_contamination_noise95__quality__signal300__n6000__OPTICS__229__b802457305b4.npz,f7d98c8fcda606dcd7cd01ed988bfc2b032d428ee6fc67256f69763473bee3ba,4718,0.9590489141572794,0.9624826788578411,2,2,0.0008771929824561404,known_synthetic_noise,0.48710526315789476,0.04732024225094354,1.6666666666666667,3,3,0.1,0.9,full_partition,target-discovery-v1,0,0.05,0.9733333333333333,0.9861111111111112,0.02666666666666667,1.0,3,pairwise_f1,hungarian,1.0,0,5,0.0034945846243198482,0.001750393838613688,0.001750393838613688,0.0021666666666666666,0.38461538461538464,0.0008771929824561404,0.003463338851907842,0.0017348365298983422,0.9485521885521886,0.0021666666666666666,5,macro,3,3,0.9733333333333334,0.0928900906632734,0.04877234007015199,0.9733333333333334,2,3,1.0,1.0,3,2,0.0,0.9733333333333334,1.0,0.9861111111111113,1.0,"{""background_inner_edge"": 6.0, ""background_intensity"": 3.0, ""background_size"": 5700, ""background_strip_height"": 10.0, ""background_support_area"": 1900.0, ""controlled_factor"": ""global_background_support_at_fixed_local_intensity"", ""declared_noise_fraction"": 0.95, ""dimension"": 2, ""family"": ""global_contamination_invariance"", ""n"": 6000, ""n_targets"": 3, ""paired_background"": ""seeded_prefix"", ""realized_noise_fraction"": 0.95, ""signal_size"": 300}","{""geometry_profile"": ""low_dim"", ""knn_backend"": ""kd_tree"", ""max_eps"": 1.044228196144104, ""max_eps_quantile"": 0.98, ""min_cluster_size"": 40, ""min_samples"": 5, ""xi"": 0.1}",{},"[{""coverage"": 0.92, ""f1"": 0.9583333333333334, ""fragments"": 1, ""matched_predicted_cluster"": 3, ""overlap"": 92, ""passes_discovery_thresholds"": true, ""precision"": 1.0, ""purity"": 1.0, ""recall"": 0.92, ""target"": ""cluster_0"", ""target_label"": 0, ""target_noise_loss"": 0.08, ""target_size"": 100}, {""coverage"": 1.0, ""f1"": 1.0, ""fragments"": 1, ""matched_predicted_cluster"": 2, ""overlap"": 100, ""passes_discovery_thresholds"": true, ""precision"": 1.0, ""purity"": 1.0, ""recall"": 1.0, ""target"": ""cluster_1"", ""target_label"": 1, ""target_noise_loss"": 0.0, ""target_size"": 100}, {""coverage"": 1.0, ""f1"": 1.0, ""fragments"": 1, ""matched_predicted_cluster"": 4, ""overlap"": 100, ""passes_discovery_thresholds"": true, ""precision"": 1.0, ""purity"": 1.0, ""recall"": 1.0, ""target"": ""cluster_2"", ""target_label"": 2, ""target_noise_loss"": 0.0, ""target_size"": 100}]"
synthetic__global_contamination_noise95__quality__signal300__n6000__OPTICS__233__ee47eb1099eb,ok,synthetic,global_contamination_noise95__quality__signal300__n6000,OPTICS,233,0.2.4,6000,2,0.0026745000068331137,7.9846150999946985,13.03501320000214,184.64453125,2.48046875,185.015625,,,evaluation_state/synthetic__global_contamination_noise95__quality__signal300__n6000__OPTICS__233__ee47eb1099eb.npz,a8ee41e70051b84d19ff2382b542ba45b2e70444093804e54a370e048233772a,4859,0.7464308678484358,0.6728373608059193,4,4,0.4766666666666667,known_synthetic_noise,0.5900000000000001,0.37981082345860173,2.3333333333333335,3,3,0.1,0.9,full_partition,target-discovery-v1,0,0.05,0.7033333333333333,0.800612642717906,0.29666666666666663,1.0,3,pairwise_f1,hungarian,1.0,0,7,0.7106378867438965,0.6388431695273924,0.6388431695273924,0.4676666666666667,0.9682822523164647,0.4766666666666667,0.004021263009446664,0.002017965914922164,0.5531986531986532,0.4676666666666667,7,macro,2,1,0.7033333333333334,0.1207784773898111,0.06606136505948654,0.7033333333333334,4,3,1.0,0.6666666666666666,3,4,0.0,0.7033333333333334,1.0,0.8006126427179059,1.0,"{""background_inner_edge"": 6.0, ""background_intensity"": 3.0, ""background_size"": 5700, ""background_strip_height"": 10.0, ""background_support_area"": 1900.0, ""controlled_factor"": ""global_background_support_at_fixed_local_intensity"", ""declared_noise_fraction"": 0.95, ""dimension"": 2, ""family"": ""global_contamination_invariance"", ""n"": 6000, ""n_targets"": 3, ""paired_background"": ""seeded_prefix"", ""realized_noise_fraction"": 0.95, ""signal_size"": 300}","{""geometry_profile"": ""low_dim"", ""knn_backend"": ""kd_tree"", ""max_eps"": 1.0338069200515747, ""max_eps_quantile"": 0.98, ""min_cluster_size"": 40, ""min_samples"": 5, ""xi"": 0.1}",{},"[{""coverage"": 0.4, ""f1"": 0.5714285714285715, ""fragments"": 1, ""matched_predicted_cluster"": 6, ""overlap"": 40, ""passes_discovery_thresholds"": true, ""precision"": 1.0, ""purity"": 1.0, ""recall"": 0.4, ""target"": ""cluster_0"", ""target_label"": 0, ""target_noise_loss"": 0.6, ""target_size"": 100}, {""coverage"": 0.71, ""f1"": 0.8304093567251462, ""fragments"": 1, ""matched_predicted_cluster"": 5, ""overlap"": 71, ""passes_discovery_thresholds"": true, ""precision"": 1.0, ""purity"": 1.0, ""recall"": 0.71, ""target"": ""cluster_1"", ""target_label"": 1, ""target_noise_loss"": 0.29, ""target_size"": 100}, {""coverage"": 1.0, ""f1"": 1.0, ""fragments"": 1, ""matched_predicted_cluster"": 4, ""overlap"": 100, ""passes_discovery_thresholds"": true, ""precision"": 1.0, ""purity"": 1.0, ""recall"": 1.0, ""target"": ""cluster_2"", ""target_label"": 2, ""target_noise_loss"": 0.0, ""target_size"": 100}]"
synthetic__global_contamination_noise95__quality__signal300__n6000__SNN-DBSCAN__211__d170beef857a,ok,synthetic,global_contamination_noise95__quality__signal300__n6000,SNN-DBSCAN,211,0.2.4,6000,2,0.002345400003832765,0.09622269999817945,6.316982399992412,227.41796875,4.0859375,227.41796875,,,evaluation_state/synthetic__global_contamination_noise95__quality__signal300__n6000__SNN-DBSCAN__211__d170beef857a.npz,23ac0a54502971be4023e9dad21a56b6ad7a88def56870b362409f00fb2166f1,10981,0.9681462648043433,0.9800866408299869,109,109,0.0612280701754386,known_synthetic_noise,0.5239473684210526,0.10743035477407112,37.333333333333336,3,3,0.1,0.9,full_partition,target-discovery-v1,0,0.05,0.9866666666666667,0.9932488159919735,0.013333333333333334,1.0,3,pairwise_f1,hungarian,1.0,0,112,0.2066389617992118,0.11531471997356682,0.11531471997356682,0.058833333333333335,0.9886685552407932,0.0612280701754386,0.09771808632879564,0.05144070992947673,0.9735353535353536,0.058833333333333335,112,macro,3,3,0.9866666666666667,0.09954598957457542,0.05241721267929874,0.9866666666666667,109,3,1.0,1.0,3,109,0.0,0.9866666666666667,1.0,0.9932488159919735,1.0,"{""background_inner_edge"": 6.0, ""background_intensity"": 3.0, ""background_size"": 5700, ""background_strip_height"": 10.0, ""background_support_area"": 1900.0, ""controlled_factor"": ""global_background_support_at_fixed_local_intensity"", ""declared_noise_fraction"": 0.95, ""dimension"": 2, ""family"": ""global_contamination_invariance"", ""n"": 6000, ""n_targets"": 3, ""paired_background"": ""seeded_prefix"", ""realized_noise_fraction"": 0.95, ""signal_size"": 300}","{""eps"": 13, ""geometry_profile"": ""low_dim"", ""k"": 20, ""knn_backend"": ""kd_tree"", ""min_samples"": 5}",{},"[{""coverage"": 0.99, ""f1"": 0.9949748743718593, ""fragments"": 1, ""matched_predicted_cluster"": 41, ""overlap"": 99, ""passes_discovery_thresholds"": true, ""precision"": 1.0, ""purity"": 1.0, ""recall"": 0.99, ""target"": ""cluster_0"", ""target_label"": 0, ""target_noise_loss"": 0.01, ""target_size"": 100}, {""coverage"": 1.0, ""f1"": 1.0, ""fragments"": 1, ""matched_predicted_cluster"": 29, ""overlap"": 100, ""passes_discovery_thresholds"": true, ""precision"": 1.0, ""purity"": 1.0, ""recall"": 1.0, ""target"": ""cluster_1"", ""target_label"": 1, ""target_noise_loss"": 0.0, ""target_size"": 100}, {""coverage"": 0.97, ""f1"": 0.9847715736040609, ""fragments"": 1, ""matched_predicted_cluster"": 19, ""overlap"": 97, ""passes_discovery_thresholds"": true, ""precision"": 1.0, ""purity"": 1.0, ""recall"": 0.97, ""target"": ""cluster_2"", ""target_label"": 2, ""target_noise_loss"": 0.03, ""target_size"": 100}]"
synthetic__global_contamination_noise95__quality__signal300__n6000__SNN-DBSCAN__223__e8b68c5936aa,ok,synthetic,global_contamination_noise95__quality__signal300__n6000,SNN-DBSCAN,223,0.2.4,6000,2,0.002230400001280941,0.09551760001340881,6.268207299988717,231.5,8.328125,228.90625,,,evaluation_state/synthetic__global_contamination_noise95__quality__signal300__n6000__SNN-DBSCAN__223__e8b68c5936aa.npz,1aee052967df7090d6600ca8f6242ab6758cad9bee4ab3b5828f92b8064cf598,11099,0.8736202923014496,0.8525372942325475,110,110,0.05912280701754386,known_synthetic_noise,0.5228947368421053,0.10545822986901139,38.0,4,3,0.1,0.9,full_partition,target-discovery-v1,1,0.05,0.8333333333333334,0.8913867583531694,0.013333333333333334,1.0,3,pairwise_f1,hungarian,1.3333333333333333,0,114,0.19831913615239288,0.11157093196490649,0.11157093196490649,0.05683333333333333,0.9882697947214076,0.05912280701754386,0.07728134689798324,0.04057053683736135,0.8123232323232323,0.05683333333333333,114,macro,2,2,0.9866666666666667,0.0993455277731163,0.052306061141544444,0.9866666666666667,110,3,1.0,0.6666666666666666,3,111,0.0,0.8333333333333334,1.0,0.8913867583531694,1.0,"{""background_inner_edge"": 6.0, ""background_intensity"": 3.0, ""background_size"": 5700, ""background_strip_height"": 10.0, ""background_support_area"": 1900.0, ""controlled_factor"": ""global_background_support_at_fixed_local_intensity"", ""declared_noise_fraction"": 0.95, ""dimension"": 2, ""family"": ""global_contamination_invariance"", ""n"": 6000, ""n_targets"": 3, ""paired_background"": ""seeded_prefix"", ""realized_noise_fraction"": 0.95, ""signal_size"": 300}","{""eps"": 13, ""geometry_profile"": ""low_dim"", ""k"": 20, ""knn_backend"": ""kd_tree"", ""min_samples"": 5}",{},"[{""coverage"": 0.99, ""f1"": 0.9949748743718593, ""fragments"": 1, ""matched_predicted_cluster"": 19, ""overlap"": 99, ""passes_discovery_thresholds"": true, ""precision"": 1.0, ""purity"": 1.0, ""recall"": 0.99, ""target"": ""cluster_0"", ""target_label"": 0, ""target_noise_loss"": 0.01, ""target_size"": 100}, {""coverage"": 0.99, ""f1"": 0.9949748743718593, ""fragments"": 1, ""matched_predicted_cluster"": 25, ""overlap"": 99, ""passes_discovery_thresholds"": true, ""precision"": 1.0, ""purity"": 1.0, ""recall"": 0.99, ""target"": ""cluster_1"", ""target_label"": 1, ""target_noise_loss"": 0.01, ""target_size"": 100}, {""coverage"": 0.52, ""f1"": 0.6842105263157895, ""fragments"": 2, ""matched_predicted_cluster"": 55, ""overlap"": 52, ""passes_discovery_thresholds"": true, ""precision"": 1.0, ""purity"": 1.0, ""recall"": 0.52, ""target"": ""cluster_2"", ""target_label"": 2, ""target_noise_loss"": 0.02, ""target_size"": 100}]"
synthetic__global_contamination_noise95__quality__signal300__n6000__SNN-DBSCAN__227__087317e89509,ok,synthetic,global_contamination_noise95__quality__signal300__n6000,SNN-DBSCAN,227,0.2.4,6000,2,0.0034374999959254637,0.09529889999248553,6.0297346000006655,228.7265625,5.57421875,225.81640625,,,evaluation_state/synthetic__global_contamination_noise95__quality__signal300__n6000__SNN-DBSCAN__227__087317e89509.npz,f6a691e4d33db500be723d614efdf7977c90af40ee729733d5c257a9176a7ae2,10938,0.9106179149197398,0.8825635930965968,101,101,0.06771929824561404,known_synthetic_noise,0.533859649122807,0.11415134064765084,35.0,4,3,0.1,0.9,full_partition,target-discovery-v1,1,0.05,0.8866666666666667,0.9317269076305221,0.0,1.0,3,pairwise_f1,hungarian,1.3333333333333333,0,105,0.22329663753444126,0.1268485047650345,0.1268485047650345,0.06433333333333334,1.0,0.06771929824561404,0.0868190787094908,0.045749001077856045,0.8488888888888889,0.06433333333333334,105,macro,2,2,1.0,0.10145417653026716,0.053437833986462416,1.0,101,3,1.0,0.6666666666666666,3,102,0.0,0.8866666666666667,1.0,0.9317269076305221,1.0,"{""background_inner_edge"": 6.0, ""background_intensity"": 3.0, ""background_size"": 5700, ""background_strip_height"": 10.0, ""background_support_area"": 1900.0, ""controlled_factor"": ""global_background_support_at_fixed_local_intensity"", ""declared_noise_fraction"": 0.95, ""dimension"": 2, ""family"": ""global_contamination_invariance"", ""n"": 6000, ""n_targets"": 3, ""paired_background"": ""seeded_prefix"", ""realized_noise_fraction"": 0.95, ""signal_size"": 300}","{""eps"": 13, ""geometry_profile"": ""low_dim"", ""k"": 20, ""knn_backend"": ""kd_tree"", ""min_samples"": 5}",{},"[{""coverage"": 1.0, ""f1"": 1.0, ""fragments"": 1, ""matched_predicted_cluster"": 9, ""overlap"": 100, ""passes_discovery_thresholds"": true, ""precision"": 1.0, ""purity"": 1.0, ""recall"": 1.0, ""target"": ""cluster_0"", ""target_label"": 0, ""target_noise_loss"": 0.0, ""target_size"": 100}, {""coverage"": 1.0, ""f1"": 1.0, ""fragments"": 1, ""matched_predicted_cluster"": 0, ""overlap"": 100, ""passes_discovery_thresholds"": true, ""precision"": 1.0, ""purity"": 1.0, ""recall"": 1.0, ""target"": ""cluster_1"", ""target_label"": 1, ""target_noise_loss"": 0.0, ""target_size"": 100}, {""coverage"": 0.66, ""f1"": 0.7951807228915663, ""fragments"": 2, ""matched_predicted_cluster"": 3, ""overlap"": 66, ""passes_discovery_thresholds"": true, ""precision"": 1.0, ""purity"": 1.0, ""recall"": 0.66, ""target"": ""cluster_2"", ""target_label"": 2, ""target_noise_loss"": 0.0, ""target_size"": 100}]"
synthetic__global_contamination_noise95__quality__signal300__n6000__SNN-DBSCAN__229__e87478844192,ok,synthetic,global_contamination_noise95__quality__signal300__n6000,SNN-DBSCAN,229,0.2.4,6000,2,0.0025197000068146735,0.09487889999581967,6.067514100010158,230.8046875,7.53515625,227.35546875,,,evaluation_state/synthetic__global_contamination_noise95__quality__signal300__n6000__SNN-DBSCAN__229__e87478844192.npz,c2d0b4b67f3b963b86caa60ad74ef09cc6c56b453b6f4cac630c25a68f4b03f2,10822,0.9851989977985108,0.9901010167892863,109,109,0.05789473684210526,known_synthetic_noise,0.5256140350877193,0.10464119868298477,37.333333333333336,3,3,0.1,0.9,full_partition,target-discovery-v1,0,0.05,0.9933333333333333,0.9966329966329966,0.006666666666666667,1.0,3,pairwise_f1,hungarian,1.0,0,112,0.1971847476547975,0.10941644562334217,0.10941644562334217,0.05533333333333333,0.9939759036144579,0.05789473684210526,0.080960721369807,0.04221209467401074,0.9867340067340067,0.05533333333333333,112,macro,3,3,0.9933333333333333,0.09986595174262736,0.05257586450247001,0.9933333333333333,109,3,1.0,1.0,3,109,0.0,0.9933333333333333,1.0,0.9966329966329965,1.0,"{""background_inner_edge"": 6.0, ""background_intensity"": 3.0, ""background_size"": 5700, ""background_strip_height"": 10.0, ""background_support_area"": 1900.0, ""controlled_factor"": ""global_background_support_at_fixed_local_intensity"", ""declared_noise_fraction"": 0.95, ""dimension"": 2, ""family"": ""global_contamination_invariance"", ""n"": 6000, ""n_targets"": 3, ""paired_background"": ""seeded_prefix"", ""realized_noise_fraction"": 0.95, ""signal_size"": 300}","{""eps"": 13, ""geometry_profile"": ""low_dim"", ""k"": 20, ""knn_backend"": ""kd_tree"", ""min_samples"": 5}",{},"[{""coverage"": 1.0, ""f1"": 1.0, ""fragments"": 1, ""matched_predicted_cluster"": 42, ""overlap"": 100, ""passes_discovery_thresholds"": true, ""precision"": 1.0, ""purity"": 1.0, ""recall"": 1.0, ""target"": ""cluster_0"", ""target_label"": 0, ""target_noise_loss"": 0.0, ""target_size"": 100}, {""coverage"": 0.98, ""f1"": 0.98989898989899, ""fragments"": 1, ""matched_predicted_cluster"": 27, ""overlap"": 98, ""passes_discovery_thresholds"": true, ""precision"": 1.0, ""purity"": 1.0, ""recall"": 0.98, ""target"": ""cluster_1"", ""target_label"": 1, ""target_noise_loss"": 0.02, ""target_size"": 100}, {""coverage"": 1.0, ""f1"": 1.0, ""fragments"": 1, ""matched_predicted_cluster"": 57, ""overlap"": 100, ""passes_discovery_thresholds"": true, ""precision"": 1.0, ""purity"": 1.0, ""recall"": 1.0, ""target"": ""cluster_2"", ""target_label"": 2, ""target_noise_loss"": 0.0, ""target_size"": 100}]"
synthetic__global_contamination_noise95__quality__signal300__n6000__SNN-DBSCAN__233__739f094312c0,ok,synthetic,global_contamination_noise95__quality__signal300__n6000,SNN-DBSCAN,233,0.2.4,6000,2,0.0024282999947899953,0.10174329999426845,5.991220500000054,233.00390625,9.6953125,227.44140625,,,evaluation_state/synthetic__global_contamination_noise95__quality__signal300__n6000__SNN-DBSCAN__233__739f094312c0.npz,12c76449a9efbdfa4026bf86e28d72f64ad34a032aa0cdcc8beb43878f411a24,10983,0.9546801493003191,0.9746739935059259,108,108,0.06982456140350878,known_synthetic_noise,0.526578947368421,0.1152392659270061,37.0,3,3,0.1,0.9,full_partition,target-discovery-v1,0,0.05,0.9833333333333334,0.9915909513899464,0.016666666666666666,1.0,3,pairwise_f1,hungarian,1.0,0,111,0.2305325149951297,0.1304276585285925,0.1304276585285925,0.06716666666666667,0.9875930521091811,0.06982456140350878,0.09724461182080493,0.051197107258242815,0.9668013468013468,0.06716666666666667,111,macro,3,3,0.9833333333333333,0.1000508733254197,0.05270680721815258,0.9833333333333333,108,3,1.0,1.0,3,108,0.0,0.9833333333333333,1.0,0.9915909513899465,1.0,"{""background_inner_edge"": 6.0, ""background_intensity"": 3.0, ""background_size"": 5700, ""background_strip_height"": 10.0, ""background_support_area"": 1900.0, ""controlled_factor"": ""global_background_support_at_fixed_local_intensity"", ""declared_noise_fraction"": 0.95, ""dimension"": 2, ""family"": ""global_contamination_invariance"", ""n"": 6000, ""n_targets"": 3, ""paired_background"": ""seeded_prefix"", ""realized_noise_fraction"": 0.95, ""signal_size"": 300}","{""eps"": 13, ""geometry_profile"": ""low_dim"", ""k"": 20, ""knn_backend"": ""kd_tree"", ""min_samples"": 5}",{},"[{""coverage"": 0.98, ""f1"": 0.98989898989899, ""fragments"": 1, ""matched_predicted_cluster"": 49, ""overlap"": 98, ""passes_discovery_thresholds"": true, ""precision"": 1.0, ""purity"": 1.0, ""recall"": 0.98, ""target"": ""cluster_0"", ""target_label"": 0, ""target_noise_loss"": 0.02, ""target_size"": 100}, {""coverage"": 0.99, ""f1"": 0.9949748743718593, ""fragments"": 1, ""matched_predicted_cluster"": 27, ""overlap"": 99, ""passes_discovery_thresholds"": true, ""precision"": 1.0, ""purity"": 1.0, ""recall"": 0.99, ""target"": ""cluster_1"", ""target_label"": 1, ""target_noise_loss"": 0.01, ""target_size"": 100}, {""coverage"": 0.98, ""f1"": 0.98989898989899, ""fragments"": 1, ""matched_predicted_cluster"": 4, ""overlap"": 98, ""passes_discovery_thresholds"": true, ""precision"": 1.0, ""purity"": 1.0, ""recall"": 0.98, ""target"": ""cluster_2"", ""target_label"": 2, ""target_noise_loss"": 0.02, ""target_size"": 100}]"
synthetic__global_contamination_noise95__quality__signal300__n6000__StrataSCAN__211__148a8a064ca8,ok,synthetic,global_contamination_noise95__quality__signal300__n6000,StrataSCAN,211,0.2.4,6000,2,0.0027196000010007992,0.7700774999975692,6.005718000000343,222.7734375,40.0078125,222.7734375,,,evaluation_state/synthetic__global_contamination_noise95__quality__signal300__n6000__StrataSCAN__211__148a8a064ca8.npz,906d59c0d473336ffb994b07bc5fd0ee7f949b88d2c533c055dd00ef6933717d,3008,0.6678889211357533,0.6032637986340309,0,0,1.0,known_synthetic_noise,0.865,0.9184377506339955,1.0,3,3,0.1,0.9,full_partition,target-discovery-v1,0,0.05,0.73,0.8377573770832197,0.27,1.0,3,pairwise_f1,hungarian,1.0,0,3,0.9087735479133433,0.9929448654298406,0.9929448654298406,0.9635,0.9859885832900882,1.0,0.7066149893306624,1.0,0.5463299663299663,0.9635,3,macro,2,1,0.73,0.8439306358381503,1.0,0.73,0,3,1.0,0.6666666666666666,3,0,0.0,0.73,1.0,0.8377573770832197,1.0,"{""background_inner_edge"": 6.0, ""background_intensity"": 3.0, ""background_size"": 5700, ""background_strip_height"": 10.0, ""background_support_area"": 1900.0, ""controlled_factor"": ""global_background_support_at_fixed_local_intensity"", ""declared_noise_fraction"": 0.95, ""dimension"": 2, ""family"": ""global_contamination_invariance"", ""n"": 6000, ""n_targets"": 3, ""paired_background"": ""seeded_prefix"", ""realized_noise_fraction"": 0.95, ""signal_size"": 300}","{""ambiguous_model_confirmation_tolerance"": 1e-05, ""assignment"": ""maximum_posterior_basis_then_semantic_role"", ""background_model"": ""adaptive_gamma_basis_mixture_with_largest_rate_gap"", ""background_scan"": ""adaptive_dyadic_rank_windows_with_poisson_beta_boundary_code"", ""border_rule"": ""strict_local_core_radius"", ""component_initialization"": ""compiled_split_warm_single_start_with_guarded_confirmation"", ""component_selection"": ""semantic_icl_with_adaptive_bound"", ""connectivity"": ""density_ordered_non_merging_knn_watershed"", ""core_thresholds"": ""observed_d4_event_sweep"", ""duplicate_profile_confirmation_minimum"": 3, ""duplicate_profile_confirmation_tolerance"": 1e-08, ""extraction_objective"": ""gamma_topology_description_length"", ""fit_samples"": ""all_rows"", ""gamma_tolerance"": 0.0001, ""geometry_profile"": ""low_dim"", ""hard_component_bound"": 24, ""initial_component_bound"": 8, ""k"": 32, ""knn_backend"": ""kd_tree"", ""shell_ranks"": [4, 8, 16, 32], ""stratification_model"": ""adaptive_gamma_density_basis_with_semantic_background"", ""version"": ""0.2.3""}","{""algorithm"": ""OptimizationStrataSCAN"", ""algorithm_version"": ""0.2.3"", ""graph_seconds"": 0.0924964000005275, ""mdl_gamma_adaptive_search"": true, ""mdl_gamma_assignment"": ""maximum_posterior_basis_then_semantic_role"", ""mdl_gamma_background_basis_components"": [1, 2, 3, 4, 5, 6, 7], ""mdl_gamma_background_boundary"": ""largest_rate_gap"", ""mdl_gamma_background_components"": 7, ""mdl_gamma_background_distribution"": ""gamma_components"", ""mdl_gamma_background_fraction"": 0.9701666666666666, ""mdl_gamma_background_group"": 1, ""mdl_gamma_candidate_components"": [1, 2, 3, 4, 5, 6, 7, 8, 9, 10, 11, 12], ""mdl_gamma_candidate_converged"": [true, true, true, true, true, true, true, true, true, true, true, true], ""mdl_gamma_candidate_entropies"": [-0.0, 1174.9439490711056, 3.6992868967614125, 3.6779566023368004, 3.6698094051754024, 3.6840395815000724, 21.568766308058734, 18.0967013871161, 20.79605380179663, 20.74734212941066, 20.784438407939845, 20.706689822896333], ""mdl_gamma_candidate_iterations"": [2, 24, 10, 7, 6, 6, 7, 4, 6, 7, 6, 5], ""mdl_gamma_candidate_log_likelihoods"": [-38664.83521428024, -36038.27071800159, -27413.31907795652, -27370.39265555318, -27375.417902859575, -27357.880447516232, -26770.506594002614, -26756.264725519577, -26759.85769314177, -26758.092473722798, -26758.701521213352, -26757.76937688352], ""mdl_gamma_candidate_role_gains_nats"": [[0.0], [0.0, 0.0], [0.0, 0.0, 0.0], [0.0, 0.0, 0.0, 0.0], [0.0, 0.0, 0.0, 0.0, 0.0], [0.0, 0.0, 0.0, 0.0, 0.0, 0.0], [0.0, 0.0, 0.0, 0.0, 0.0, 0.0, 0.0], [0.0, 0.0, 0.0, 0.0, 0.0, 0.0, 0.0, 0.0], [0.0, 0.0, 0.0, 0.0, 0.0, 0.0, 0.0, 0.0, 0.0], [0.0, 0.0, 0.0, 0.0, 0.0, 0.0, 0.0, 0.0, 0.0, 0.0], [0.0, 0.0, 0.0, 0.0, 0.0, 0.0, 0.0, 0.0, 0.0, 0.0, 0.0], [0.0, 0.0, 0.0, 0.0, 0.0, 0.0, 0.0, 0.0, 0.0, 0.0, 0.0, 0.0]], ""mdl_gamma_candidate_role_threshold_sizes"": [[0], [0, 0], [0, 0, 0], [0, 0, 0, 0], [0, 0, 0, 0, 0], [0, 0, 0, 0, 0, 0], [0, 0, 0, 0, 0, 0, 0], [0, 0, 0, 0, 0, 0, 0, 0], [0, 0, 0, 0, 0, 0, 0, 0, 0], [0, 0, 0, 0, 0, 0, 0, 0, 0, 0], [0, 0, 0, 0, 0, 0, 0, 0, 0, 0, 0], [0, 0, 0, 0, 0, 0, 0, 0, 0, 0, 0, 0]], ""mdl_gamma_candidate_scores"": [77347.0694580569, 74469.92690788646, 54903.63284769224, 54843.83588654135, 54879.96863100444, 54871.02072491504, 53758.14101558555, 53748.81169302222, 53787.4948773406, 53809.96555940251, 53837.35639118531, 53861.435149600184], ""mdl_gamma_candidate_signal_components"": [[], [0], [0], [0], [0], [0], [0, 1], [0], [0, 1], [0, 1], [0, 1], [0, 1]], ""mdl_gamma_criterion"": ""icl"", ""mdl_gamma_entropy_scope"": ""semantic"", ""mdl_gamma_fit_samples"": 6000, ""mdl_gamma_grouping"": ""largest_rate_gap"", ""mdl_gamma_guarded_confirmation"": true, ""mdl_gamma_log_rate_gaps"": [], ""mdl_gamma_mean_background_probability"": 0.970325025143652, ""mdl_gamma_mean_posterior_entropy"": 0.003016116897852683, ""mdl_gamma_mu"": [3.9042702447040147, 2.537972409792962, 1.6777063407302908, 1.741084035509072, 1.3527063851837493, 1.3105142314861347, 1.1947016672863153, 0.9531406311803696], ""mdl_gamma_n_init"": 1, ""mdl_gamma_ranks"": [4, 8, 16, 32], ""mdl_gamma_rates"": [[44.224246940434014, 41.75314156893042, 39.42011343286962, 37.21744723076451], [13.886010671695837, 14.546299849247438, 15.237986222746786, 15.962562750047649], [4.370787634496914, 3.949392122473295, 3.5686241111207506, 3.224566629888618], [3.9926412598885936, 3.340556650523048, 2.7949715511543722, 2.338492290061638], [3.7475470983057355, 3.6887921936274877, 3.6309584618479906, 3.574031460606831], [3.6682545757021816, 3.648502534834893, 3.6288568505768217, 3.609316950241411], [3.49466690517055, 3.594864373077964, 3.6979346562915225, 3.803960122838641], [2.297256645995346, 2.16193392557258, 2.034582555975826, 1.9147329750074524]], ""mdl_gamma_role_evidence_neighbour_ranks"": [], ""mdl_gamma_search_caps"": [8, 12], ""mdl_gamma_search_hard_max"": 24, ""mdl_gamma_search_hit_hard_max"": false, ""mdl_gamma_search_initial_max"": 8, ""mdl_gamma_selected_components"": 8, ""mdl_gamma_signal_basis_components"": [0], ""mdl_gamma_signal_components"": 1, ""mdl_gamma_slopes"": [-0.08295282441011467, 0.06702003532981402, -0.14626266745592092, -0.2572549263114217, -0.02279809196927263, -0.007789308897292849, 0.04078239033521303, -0.0875896102364321], ""mdl_gamma_split_warm_start"": true, ""mdl_gamma_tolerance"": 0.0001, ""mdl_gamma_weights"": [0.02955446318420004, 0.017847693130210427, 0.10093974642068652, 0.1017740943307362, 0.23593519241988511, 0.24255609891257207, 0.17672412743949753, 0.09466858416221231], ""optimization_background_events"": [], ""optimization_background_intrinsic_dimension"": 1.9623562200050557, ""optimization_border_fraction"": 0.007166666666666667, ""optimization_border_model"": ""strict_local_core_radius"", ""optimization_border_seconds"": 0.0014709999959450215, ""optimization_boundary_component_gains_nats"": [[0.0, 0.0, 0.0, 0.0, 0.0], []], ""optimization_candidate_groups"": [0, 1], ""optimization_clusters"": 3, ""optimization_connectivity_rank"": 4, ""optimization_core_fraction"": 0.029333333333333333, ""optimization_core_rank"": 4, ""optimization_description_gain_nats"": 4681.076852601095, ""optimization_group_gains_nats"": [3987.353990789009, 0.0], ""optimization_group_sizes"": [179, 5821], ""optimization_noise_fraction"": 0.9635, ""optimization_objective"": ""gamma_topology_component_and_attachment_description_gain"", ""optimization_objective_trace"": [0.0, -4681.076852601095], ""optimization_ordering_modes"": [""d4"", ""adaptive_d4_rank_windows_with_beta_boundary_code""], ""optimization_seconds"": 0.05302779999328777, ""optimization_selected_component_gains_nats"": [1762.2616157616987, 1604.8687853911656, 120.3624518439496, 1166.1579308143391], ""optimization_selected_groups"": [0], ""optimization_selected_local_components"": [4, 0], ""optimization_solver"": ""exact_stratum_event_sweep"", ""optimization_sparse_memory"": true, ""optimization_threshold_seconds"": 0.05175800000142772, ""optimization_threshold_sizes"": [179, 0], ""optimization_thresholds"": [0.38649067282676697, 0.0], ""optimization_topology_evidence_ranks"": [5, 8], ""optimization_unified_background_scan"": true, ""stratification"": ""adaptive-semantic-information-criterion-gamma-v2""}","[{""coverage"": 0.85, ""f1"": 0.9189189189189189, ""fragments"": 1, ""matched_predicted_cluster"": 1, ""overlap"": 85, ""passes_discovery_thresholds"": true, ""precision"": 1.0, ""purity"": 1.0, ""recall"": 0.85, ""target"": ""cluster_0"", ""target_label"": 0, ""target_noise_loss"": 0.15, ""target_size"": 100}, {""coverage"": 0.78, ""f1"": 0.8764044943820225, ""fragments"": 1, ""matched_predicted_cluster"": 0, ""overlap"": 78, ""passes_discovery_thresholds"": true, ""precision"": 1.0, ""purity"": 1.0, ""recall"": 0.78, ""target"": ""cluster_1"", ""target_label"": 1, ""target_noise_loss"": 0.22, ""target_size"": 100}, {""coverage"": 0.56, ""f1"": 0.717948717948718, ""fragments"": 1, ""matched_predicted_cluster"": 2, ""overlap"": 56, ""passes_discovery_thresholds"": true, ""precision"": 1.0, ""purity"": 1.0, ""recall"": 0.56, ""target"": ""cluster_2"", ""target_label"": 2, ""target_noise_loss"": 0.44, ""target_size"": 100}]"
synthetic__global_contamination_noise95__quality__signal300__n6000__StrataSCAN__223__107ea01c45bc,ok,synthetic,global_contamination_noise95__quality__signal300__n6000,StrataSCAN,223,0.2.4,6000,2,0.0029384000081336126,0.6981767999968724,6.223050600005081,222.22265625,39.25390625,220.7890625,,,evaluation_state/synthetic__global_contamination_noise95__quality__signal300__n6000__StrataSCAN__223__107ea01c45bc.npz,1c523dc09acdf72e8af3542faf91b9ae01e87dba8a4ff70e27e7080d25dd0a75,3165,0.9704822315723524,0.9758953840148336,0,0,1.0,known_synthetic_noise,0.9916666666666667,0.9955791172233908,1.0,3,3,0.1,0.9,full_partition,target-discovery-v1,0,0.05,0.9833333333333334,0.9914529914529915,0.016666666666666666,1.0,3,pairwise_f1,hungarian,1.0,0,3,0.9954907820745413,0.9995615957913195,0.9995615957913195,0.9508333333333333,0.9991235758106923,1.0,0.9833989389012494,1.0,0.9673400673400674,0.9508333333333333,3,macro,3,3,0.9833333333333333,0.9915966386554621,1.0,0.9833333333333333,0,3,1.0,1.0,3,0,0.0,0.9833333333333333,1.0,0.9914529914529915,1.0,"{""background_inner_edge"": 6.0, ""background_intensity"": 3.0, ""background_size"": 5700, ""background_strip_height"": 10.0, ""background_support_area"": 1900.0, ""controlled_factor"": ""global_background_support_at_fixed_local_intensity"", ""declared_noise_fraction"": 0.95, ""dimension"": 2, ""family"": ""global_contamination_invariance"", ""n"": 6000, ""n_targets"": 3, ""paired_background"": ""seeded_prefix"", ""realized_noise_fraction"": 0.95, ""signal_size"": 300}","{""ambiguous_model_confirmation_tolerance"": 1e-05, ""assignment"": ""maximum_posterior_basis_then_semantic_role"", ""background_model"": ""adaptive_gamma_basis_mixture_with_largest_rate_gap"", ""background_scan"": ""adaptive_dyadic_rank_windows_with_poisson_beta_boundary_code"", ""border_rule"": ""strict_local_core_radius"", ""component_initialization"": ""compiled_split_warm_single_start_with_guarded_confirmation"", ""component_selection"": ""semantic_icl_with_adaptive_bound"", ""connectivity"": ""density_ordered_non_merging_knn_watershed"", ""core_thresholds"": ""observed_d4_event_sweep"", ""duplicate_profile_confirmation_minimum"": 3, ""duplicate_profile_confirmation_tolerance"": 1e-08, ""extraction_objective"": ""gamma_topology_description_length"", ""fit_samples"": ""all_rows"", ""gamma_tolerance"": 0.0001, ""geometry_profile"": ""low_dim"", ""hard_component_bound"": 24, ""initial_component_bound"": 8, ""k"": 32, ""knn_backend"": ""kd_tree"", ""shell_ranks"": [4, 8, 16, 32], ""stratification_model"": ""adaptive_gamma_density_basis_with_semantic_background"", ""version"": ""0.2.3""}","{""algorithm"": ""OptimizationStrataSCAN"", ""algorithm_version"": ""0.2.3"", ""graph_seconds"": 0.0770634000073187, ""mdl_gamma_adaptive_search"": true, ""mdl_gamma_assignment"": ""maximum_posterior_basis_then_semantic_role"", ""mdl_gamma_background_basis_components"": [2, 3, 4, 5, 6, 7], ""mdl_gamma_background_boundary"": ""largest_rate_gap"", ""mdl_gamma_background_components"": 6, ""mdl_gamma_background_distribution"": ""gamma_components"", ""mdl_gamma_background_fraction"": 0.9521666666666667, ""mdl_gamma_background_group"": 2, ""mdl_gamma_candidate_components"": [1, 2, 3, 4, 5, 6, 7, 8, 9, 10, 11, 12], ""mdl_gamma_candidate_converged"": [true, true, true, true, true, true, true, true, true, true, true, true], ""mdl_gamma_candidate_entropies"": [-0.0, 1000.6358796508994, 4.268545491218998, 3.9975967478556833, 3.9460301202235946, 4.004955955868484, 27.311896047010396, 25.76290149967611, 24.69964308836128, 24.583047755867558, 24.580214649339176, 24.491999091756462], ""mdl_gamma_candidate_iterations"": [2, 18, 10, 6, 6, 5, 7, 4, 7, 7, 6, 5], ""mdl_gamma_candidate_log_likelihoods"": [-39062.420021796046, -35785.871922420476, -26944.57260718238, -26938.07025412195, -26936.77141940847, -26935.05988792932, -26400.632671650274, -26382.319501074027, -26382.53245155743, -26379.26655925665, -26376.63440877201, -26374.35192188933], ""mdl_gamma_candidate_role_gains_nats"": [[0.0], [0.0, 0.0], [0.0, 0.0, 0.0], [0.0, 0.0, 0.0, 0.0], [0.0, 0.0, 0.0, 0.0, 0.0], [0.0, 0.0, 0.0, 0.0, 0.0, 0.0], [0.0, 0.0, 0.0, 0.0, 0.0, 0.0, 0.0], [0.0, 0.0, 0.0, 0.0, 0.0, 0.0, 0.0, 0.0], [0.0, 0.0, 0.0, 0.0, 0.0, 0.0, 0.0, 0.0, 0.0], [0.0, 0.0, 0.0, 0.0, 0.0, 0.0, 0.0, 0.0, 0.0, 0.0], [0.0, 0.0, 0.0, 0.0, 0.0, 0.0, 0.0, 0.0, 0.0, 0.0, 0.0], [0.0, 0.0, 0.0, 0.0, 0.0, 0.0, 0.0, 0.0, 0.0, 0.0, 0.0, 0.0]], ""mdl_gamma_candidate_role_threshold_sizes"": [[0], [0, 0], [0, 0, 0], [0, 0, 0, 0], [0, 0, 0, 0, 0], [0, 0, 0, 0, 0, 0], [0, 0, 0, 0, 0, 0, 0], [0, 0, 0, 0, 0, 0, 0, 0], [0, 0, 0, 0, 0, 0, 0, 0, 0], [0, 0, 0, 0, 0, 0, 0, 0, 0, 0], [0, 0, 0, 0, 0, 0, 0, 0, 0, 0, 0], [0, 0, 0, 0, 0, 0, 0, 0, 0, 0, 0, 0]], ""mdl_gamma_candidate_scores"": [78142.23907308851, 73616.51317788381, 53967.278423332886, 53979.83036396993, 54003.228105532326, 54026.02143848995, 53029.87943035877, 53016.253644356235, 53040.651572745046, 53059.98514172313, 53080.81371878543, 53102.170858149526], ""mdl_gamma_candidate_signal_components"": [[], [0], [0], [0], [0], [0], [0, 1], [0, 1], [0, 1], [0, 1], [0, 1], [0, 1]], ""mdl_gamma_criterion"": ""icl"", ""mdl_gamma_entropy_scope"": ""semantic"", ""mdl_gamma_fit_samples"": 6000, ""mdl_gamma_grouping"": ""largest_rate_gap"", ""mdl_gamma_guarded_confirmation"": true, ""mdl_gamma_log_rate_gaps"": [1.2230382794747476], ""mdl_gamma_mean_background_probability"": 0.9523865512577551, ""mdl_gamma_mean_posterior_entropy"": 0.004293816916612685, ""mdl_gamma_mu"": [4.063825627862851, 2.478902788677142, 1.435795288692015, 1.3370045340199095, 1.3108722081714603, 1.2839711467446318, 1.5503897604572625, 1.1019360095708084], ""mdl_gamma_n_init"": 1, ""mdl_gamma_ranks"": [4, 8, 16, 32], ""mdl_gamma_rates"": [[47.86297992791501, 43.40613115718085, 39.364289997654986, 35.69881225784233], [14.087728009928025, 15.309976923904912, 16.638267948196884, 18.08180127846906], [3.960191137432234, 3.844104947402302, 3.7314216243169196, 3.6220414189859422], [3.750571063611783, 3.722367538836846, 3.694376098780807, 3.666595148610099], [3.739053086391736, 3.7539645196841755, 3.7689354201298486, 3.783966024885186], [3.7102743624996726, 3.760955944661421, 3.8123298267771504, 3.8644054655213744], [3.706566655137817, 3.2869633583172115, 2.9148614133092514, 2.5848834114016466], [2.5133564325116193, 2.296670857635071, 2.098666532163591, 1.9177328778224905]], ""mdl_gamma_role_evidence_neighbour_ranks"": [], ""mdl_gamma_search_caps"": [8, 12], ""mdl_gamma_search_hard_max"": 24, ""mdl_gamma_search_hit_hard_max"": false, ""mdl_gamma_search_initial_max"": 8, ""mdl_gamma_selected_components"": 8, ""mdl_gamma_signal_basis_components"": [0, 1], ""mdl_gamma_signal_components"": 2, ""mdl_gamma_slopes"": [-0.14101138212071385, 0.12003314771393113, -0.04292233975043442, -0.01088976657855036, 0.005742060246819403, 0.01957353362868181, -0.1733280816351318, -0.13007116718063497], ""mdl_gamma_split_warm_start"": true, ""mdl_gamma_tolerance"": 0.0001, ""mdl_gamma_weights"": [0.030565694887364363, 0.017025072322910447, 0.10118859624777889, 0.23377996684753588, 0.23026890860094898, 0.16232292929151262, 0.10058865643568818, 0.12426017536625972], ""optimization_background_events"": [], ""optimization_background_intrinsic_dimension"": 1.9851766093688896, ""optimization_border_fraction"": 0.0021666666666666666, ""optimization_border_model"": ""strict_local_core_radius"", ""optimization_border_seconds"": 0.001324700002442114, ""optimization_boundary_component_gains_nats"": [[0.0, 0.0, 0.0], [0.0, 0.0, 0.0, 0.0, 0.0, 0.0, 0.0, 0.0, 0.0, 0.0, 0.0, 0.0, 0.0, 0.0], []], ""optimization_candidate_groups"": [0, 1, 2], ""optimization_clusters"": 3, ""optimization_connectivity_rank"": 4, ""optimization_core_fraction"": 0.047, ""optimization_core_rank"": 4, ""optimization_description_gain_nats"": 11583.2002328635, ""optimization_group_gains_nats"": [8604.549905060523, 2235.315327060463, 0.0], ""optimization_group_sizes"": [186, 101, 5713], ""optimization_noise_fraction"": 0.9508333333333333, ""optimization_objective"": ""gamma_topology_component_and_attachment_description_gain"", ""optimization_objective_trace"": [0.0, -11583.2002328635], ""optimization_ordering_modes"": [""d4"", ""d4"", ""adaptive_d4_rank_windows_with_beta_boundary_code""], ""optimization_seconds"": 0.05295070000283886, ""optimization_selected_component_gains_nats"": [2697.9493266522886, 3657.5463328835394, 2963.084584247012, 169.94822402985943, 185.18853019082337, 63.47588126797534, 232.9881232269486, 349.1740458039103, 132.10749903581262, 73.89757874537837, 165.06580724794478, 177.33831309355148, 318.31700492823984, 189.20380435370149, 201.46785380427195], ""optimization_selected_groups"": [0, 1], ""optimization_selected_local_components"": [3, 12, 0], ""optimization_solver"": ""exact_stratum_event_sweep"", ""optimization_sparse_memory"": true, ""optimization_threshold_seconds"": 0.051790199999231845, ""optimization_threshold_sizes"": [186, 101, 0], ""optimization_thresholds"": [0.32535988092422485, 0.7138159275054932, 0.0], ""optimization_topology_evidence_ranks"": [5, 8], ""optimization_unified_background_scan"": true, ""stratification"": ""adaptive-semantic-information-criterion-gamma-v2""}","[{""coverage"": 0.95, ""f1"": 0.9743589743589743, ""fragments"": 1, ""matched_predicted_cluster"": 2, ""overlap"": 95, ""passes_discovery_thresholds"": true, ""precision"": 1.0, ""purity"": 1.0, ""recall"": 0.95, ""target"": ""cluster_0"", ""target_label"": 0, ""target_noise_loss"": 0.05, ""target_size"": 100}, {""coverage"": 1.0, ""f1"": 1.0, ""fragments"": 1, ""matched_predicted_cluster"": 0, ""overlap"": 100, ""passes_discovery_thresholds"": true, ""precision"": 1.0, ""purity"": 1.0, ""recall"": 1.0, ""target"": ""cluster_1"", ""target_label"": 1, ""target_noise_loss"": 0.0, ""target_size"": 100}, {""coverage"": 1.0, ""f1"": 1.0, ""fragments"": 1, ""matched_predicted_cluster"": 1, ""overlap"": 100, ""passes_discovery_thresholds"": true, ""precision"": 1.0, ""purity"": 1.0, ""recall"": 1.0, ""target"": ""cluster_2"", ""target_label"": 2, ""target_noise_loss"": 0.0, ""target_size"": 100}]"
synthetic__global_contamination_noise95__quality__signal300__n6000__StrataSCAN__227__e16db90d0a01,ok,synthetic,global_contamination_noise95__quality__signal300__n6000,StrataSCAN,227,0.2.4,6000,2,0.002395600007730536,0.6871547999908216,6.0129404999897815,223.08984375,40.34765625,222.65625,,,evaluation_state/synthetic__global_contamination_noise95__quality__signal300__n6000__StrataSCAN__227__e16db90d0a01.npz,1946e3bc8977d854cd0fc9f4b73745f0124d0b39144ce90d37c7295811599e39,3068,0.7093663405685221,0.680953227814334,0,0,1.0,known_synthetic_noise,0.9,0.941826643397324,1.0,3,3,0.1,0.9,full_partition,target-discovery-v1,0,0.05,0.7999999999999999,0.8885229102620408,0.19999999999999998,1.0,3,pairwise_f1,hungarian,1.0,0,3,0.9386469648246994,0.9947643979057591,0.9947643979057591,0.96,0.9895833333333334,1.0,0.7800870779594185,1.0,0.6394612794612795,0.96,3,macro,3,1,0.8,0.888888888888889,1.0,0.8,0,3,1.0,1.0,3,0,0.0,0.8,1.0,0.8885229102620408,1.0,"{""background_inner_edge"": 6.0, ""background_intensity"": 3.0, ""background_size"": 5700, ""background_strip_height"": 10.0, ""background_support_area"": 1900.0, ""controlled_factor"": ""global_background_support_at_fixed_local_intensity"", ""declared_noise_fraction"": 0.95, ""dimension"": 2, ""family"": ""global_contamination_invariance"", ""n"": 6000, ""n_targets"": 3, ""paired_background"": ""seeded_prefix"", ""realized_noise_fraction"": 0.95, ""signal_size"": 300}","{""ambiguous_model_confirmation_tolerance"": 1e-05, ""assignment"": ""maximum_posterior_basis_then_semantic_role"", ""background_model"": ""adaptive_gamma_basis_mixture_with_largest_rate_gap"", ""background_scan"": ""adaptive_dyadic_rank_windows_with_poisson_beta_boundary_code"", ""border_rule"": ""strict_local_core_radius"", ""component_initialization"": ""compiled_split_warm_single_start_with_guarded_confirmation"", ""component_selection"": ""semantic_icl_with_adaptive_bound"", ""connectivity"": ""density_ordered_non_merging_knn_watershed"", ""core_thresholds"": ""observed_d4_event_sweep"", ""duplicate_profile_confirmation_minimum"": 3, ""duplicate_profile_confirmation_tolerance"": 1e-08, ""extraction_objective"": ""gamma_topology_description_length"", ""fit_samples"": ""all_rows"", ""gamma_tolerance"": 0.0001, ""geometry_profile"": ""low_dim"", ""hard_component_bound"": 24, ""initial_component_bound"": 8, ""k"": 32, ""knn_backend"": ""kd_tree"", ""shell_ranks"": [4, 8, 16, 32], ""stratification_model"": ""adaptive_gamma_density_basis_with_semantic_background"", ""version"": ""0.2.3""}","{""algorithm"": ""OptimizationStrataSCAN"", ""algorithm_version"": ""0.2.3"", ""graph_seconds"": 0.07714690000284463, ""mdl_gamma_adaptive_search"": true, ""mdl_gamma_assignment"": ""maximum_posterior_basis_then_semantic_role"", ""mdl_gamma_background_basis_components"": [1, 2, 3, 4, 5, 6, 7], ""mdl_gamma_background_boundary"": ""largest_rate_gap"", ""mdl_gamma_background_components"": 7, ""mdl_gamma_background_distribution"": ""gamma_components"", ""mdl_gamma_background_fraction"": 0.9676666666666667, ""mdl_gamma_background_group"": 1, ""mdl_gamma_candidate_components"": [1, 2, 3, 4, 5, 6, 7, 8, 9, 10, 11, 12], ""mdl_gamma_candidate_converged"": [true, true, true, true, true, true, true, true, true, true, true, true], ""mdl_gamma_candidate_entropies"": [-0.0, 981.5218278389276, 2.982733604449501, 1.9711307182823645, 1.8716492908311009, 2.0362104051329215, 23.114102762715802, 20.016321774497616, 19.632836531442663, 19.55293668549696, 19.562354489064944, 19.479620566094074], ""mdl_gamma_candidate_iterations"": [2, 19, 10, 6, 6, 6, 7, 4, 6, 7, 6, 4], ""mdl_gamma_candidate_log_likelihoods"": [-40247.50297123574, -37016.31603027327, -27280.340535506537, -27253.22241540146, -27255.756282105678, -27240.740993488238, -26629.076496349448, -26611.95627763988, -26615.45556216729, -26614.006769472897, -26614.543100160903, -26611.054065426033], ""mdl_gamma_candidate_role_gains_nats"": [[0.0], [0.0, 0.0], [0.0, 0.0, 0.0], [0.0, 0.0, 0.0, 0.0], [0.0, 0.0, 0.0, 0.0, 0.0], [0.0, 0.0, 0.0, 0.0, 0.0, 0.0], [0.0, 0.0, 0.0, 0.0, 0.0, 0.0, 0.0], [0.0, 0.0, 0.0, 0.0, 0.0, 0.0, 0.0, 0.0], [0.0, 0.0, 0.0, 0.0, 0.0, 0.0, 0.0, 0.0, 0.0], [0.0, 0.0, 0.0, 0.0, 0.0, 0.0, 0.0, 0.0, 0.0, 0.0], [0.0, 0.0, 0.0, 0.0, 0.0, 0.0, 0.0, 0.0, 0.0, 0.0, 0.0], [0.0, 0.0, 0.0, 0.0, 0.0, 0.0, 0.0, 0.0, 0.0, 0.0, 0.0, 0.0]], ""mdl_gamma_candidate_role_threshold_sizes"": [[0], [0, 0], [0, 0, 0], [0, 0, 0, 0], [0, 0, 0, 0, 0], [0, 0, 0, 0, 0, 0], [0, 0, 0, 0, 0, 0, 0], [0, 0, 0, 0, 0, 0, 0, 0], [0, 0, 0, 0, 0, 0, 0, 0, 0], [0, 0, 0, 0, 0, 0, 0, 0, 0, 0], [0, 0, 0, 0, 0, 0, 0, 0, 0, 0, 0], [0, 0, 0, 0, 0, 0, 0, 0, 0, 0, 0, 0]], ""mdl_gamma_candidate_scores"": [80512.4049719679, 76039.17328996546, 54636.24265620766, 54606.08175446979, 54637.04906926796, 54633.44615850632, 53478.37149318853, 53464.03403803759, 53496.364180850935, 53519.405340014884, 53546.59538124267, 53565.55038817161], ""mdl_gamma_candidate_signal_components"": [[], [0], [0], [0], [0], [0], [0, 1], [0], [0], [0], [0], [0]], ""mdl_gamma_criterion"": ""icl"", ""mdl_gamma_entropy_scope"": ""semantic"", ""mdl_gamma_fit_samples"": 6000, ""mdl_gamma_grouping"": ""largest_rate_gap"", ""mdl_gamma_guarded_confirmation"": true, ""mdl_gamma_log_rate_gaps"": [], ""mdl_gamma_mean_background_probability"": 0.9678205984659547, ""mdl_gamma_mean_posterior_entropy"": 0.0033360536290829358, ""mdl_gamma_mu"": [4.069705824103362, 2.4167433832976792, 1.560843433314977, 1.719196233235511, 1.3337412366397299, 1.3225642987878796, 1.250981733312889, 0.9789748026191916], ""mdl_gamma_n_init"": 1, ""mdl_gamma_ranks"": [4, 8, 16, 32], ""mdl_gamma_rates"": [[50.22560839645666, 46.522432890627734, 43.09229556720815, 39.91506509595547], [13.88477169347694, 15.453218909128056, 17.198840566145, 19.141650588082246], [4.160197902634338, 3.888106398829755, 3.6338106317125436, 3.396146697817077], [3.9908458798851867, 3.375038379584283, 2.854253059753491, 2.4138275221971344], [3.7397920826065487, 3.712384554346016, 3.68517788554204, 3.658170604171283], [3.7328995564410934, 3.7228734003479955, 3.712874173403267, 3.7029018032781886], [3.628942696196834, 3.6984770977555916, 3.7693438524003327, 3.8415684894331856], [2.327993269277582, 2.1771627900199295, 2.036104604253552, 1.9041855659422524]], ""mdl_gamma_role_evidence_neighbour_ranks"": [], ""mdl_gamma_search_caps"": [8, 12], ""mdl_gamma_search_hard_max"": 24, ""mdl_gamma_search_hit_hard_max"": false, ""mdl_gamma_search_initial_max"": 8, ""mdl_gamma_selected_components"": 8, ""mdl_gamma_signal_basis_components"": [0], ""mdl_gamma_signal_components"": 1, ""mdl_gamma_slopes"": [-0.11049659030080619, 0.1544039279503214, -0.09758446057259408, -0.24179065733236743, -0.010611901813332401, -0.003880132744820941, 0.027382066418441438, -0.09663760288957961], ""mdl_gamma_split_warm_start"": true, ""mdl_gamma_tolerance"": 0.0001, ""mdl_gamma_weights"": [0.03202458963248625, 0.016371473526888645, 0.09641272790436466, 0.09754883997875895, 0.23967589440399267, 0.2311398639027692, 0.1754737757071646, 0.11135283494357608], ""optimization_background_events"": [], ""optimization_background_intrinsic_dimension"": 1.9677139207421694, ""optimization_border_fraction"": 0.007666666666666666, ""optimization_border_model"": ""strict_local_core_radius"", ""optimization_border_seconds"": 0.0013730000064242631, ""optimization_boundary_component_gains_nats"": [[0.0, 0.0, 0.0, 0.0], []], ""optimization_candidate_groups"": [0, 1], ""optimization_clusters"": 3, ""optimization_connectivity_rank"": 4, ""optimization_core_fraction"": 0.03233333333333333, ""optimization_core_rank"": 4, ""optimization_description_gain_nats"": 5089.01823175381, ""optimization_group_gains_nats"": [4271.251438253895, 0.0], ""optimization_group_sizes"": [194, 5806], ""optimization_noise_fraction"": 0.96, ""optimization_objective"": ""gamma_topology_component_and_attachment_description_gain"", ""optimization_objective_trace"": [0.0, -5089.01823175381], ""optimization_ordering_modes"": [""d4"", ""adaptive_d4_rank_windows_with_beta_boundary_code""], ""optimization_seconds"": 0.049048500004573725, ""optimization_selected_component_gains_nats"": [1540.0626829313596, 1704.822249544315, 1494.539548940696, 324.5958189540215], ""optimization_selected_groups"": [0], ""optimization_selected_local_components"": [4, 0], ""optimization_solver"": ""exact_stratum_event_sweep"", ""optimization_sparse_memory"": true, ""optimization_threshold_seconds"": 0.047855700002401136, ""optimization_threshold_sizes"": [194, 0], ""optimization_thresholds"": [0.3238784968852997, 0.0], ""optimization_topology_evidence_ranks"": [5, 8], ""optimization_unified_background_scan"": true, ""stratification"": ""adaptive-semantic-information-criterion-gamma-v2""}","[{""coverage"": 0.76, ""f1"": 0.8636363636363636, ""fragments"": 1, ""matched_predicted_cluster"": 2, ""overlap"": 76, ""passes_discovery_thresholds"": true, ""precision"": 1.0, ""purity"": 1.0, ""recall"": 0.76, ""target"": ""cluster_0"", ""target_label"": 0, ""target_noise_loss"": 0.24, ""target_size"": 100}, {""coverage"": 0.8, ""f1"": 0.888888888888889, ""fragments"": 1, ""matched_predicted_cluster"": 0, ""overlap"": 80, ""passes_discovery_thresholds"": true, ""precision"": 1.0, ""purity"": 1.0, ""recall"": 0.8, ""target"": ""cluster_1"", ""target_label"": 1, ""target_noise_loss"": 0.2, ""target_size"": 100}, {""coverage"": 0.84, ""f1"": 0.9130434782608696, ""fragments"": 1, ""matched_predicted_cluster"": 1, ""overlap"": 84, ""passes_discovery_thresholds"": true, ""precision"": 1.0, ""purity"": 1.0, ""recall"": 0.84, ""target"": ""cluster_2"", ""target_label"": 2, ""target_noise_loss"": 0.16, ""target_size"": 100}]"
synthetic__global_contamination_noise95__quality__signal300__n6000__StrataSCAN__229__27b92543507b,ok,synthetic,global_contamination_noise95__quality__signal300__n6000,StrataSCAN,229,0.2.4,6000,2,0.0026904999976977706,0.6428555000020424,5.884540500002913,223.28515625,40.80859375,223.21875,,,evaluation_state/synthetic__global_contamination_noise95__quality__signal300__n6000__StrataSCAN__229__27b92543507b.npz,321f9930672a15a167ce1ebb30e8e9dfca6758deec1a845c34824342c4a85775,3003,0.6724894739430726,0.6106413846378838,0,0,1.0,known_synthetic_noise,0.8733333333333333,0.9241696577523887,1.0,3,3,0.1,0.9,full_partition,target-discovery-v1,0,0.05,0.7466666666666667,0.8521910467611825,0.25333333333333335,1.0,3,pairwise_f1,hungarian,1.0,0,3,0.9173838669116247,0.9933774834437086,0.9933774834437086,0.9626666666666667,0.9868421052631579,1.0,0.7206547490846436,1.0,0.5632996632996633,0.9626666666666667,3,macro,3,1,0.7466666666666667,0.8549618320610688,1.0,0.7466666666666667,0,3,1.0,1.0,3,0,0.0,0.7466666666666667,1.0,0.8521910467611824,1.0,"{""background_inner_edge"": 6.0, ""background_intensity"": 3.0, ""background_size"": 5700, ""background_strip_height"": 10.0, ""background_support_area"": 1900.0, ""controlled_factor"": ""global_background_support_at_fixed_local_intensity"", ""declared_noise_fraction"": 0.95, ""dimension"": 2, ""family"": ""global_contamination_invariance"", ""n"": 6000, ""n_targets"": 3, ""paired_background"": ""seeded_prefix"", ""realized_noise_fraction"": 0.95, ""signal_size"": 300}","{""ambiguous_model_confirmation_tolerance"": 1e-05, ""assignment"": ""maximum_posterior_basis_then_semantic_role"", ""background_model"": ""adaptive_gamma_basis_mixture_with_largest_rate_gap"", ""background_scan"": ""adaptive_dyadic_rank_windows_with_poisson_beta_boundary_code"", ""border_rule"": ""strict_local_core_radius"", ""component_initialization"": ""compiled_split_warm_single_start_with_guarded_confirmation"", ""component_selection"": ""semantic_icl_with_adaptive_bound"", ""connectivity"": ""density_ordered_non_merging_knn_watershed"", ""core_thresholds"": ""observed_d4_event_sweep"", ""duplicate_profile_confirmation_minimum"": 3, ""duplicate_profile_confirmation_tolerance"": 1e-08, ""extraction_objective"": ""gamma_topology_description_length"", ""fit_samples"": ""all_rows"", ""gamma_tolerance"": 0.0001, ""geometry_profile"": ""low_dim"", ""hard_component_bound"": 24, ""initial_component_bound"": 8, ""k"": 32, ""knn_backend"": ""kd_tree"", ""shell_ranks"": [4, 8, 16, 32], ""stratification_model"": ""adaptive_gamma_density_basis_with_semantic_background"", ""version"": ""0.2.3""}","{""algorithm"": ""OptimizationStrataSCAN"", ""algorithm_version"": ""0.2.3"", ""graph_seconds"": 0.06974199999240227, ""mdl_gamma_adaptive_search"": true, ""mdl_gamma_assignment"": ""maximum_posterior_basis_then_semantic_role"", ""mdl_gamma_background_basis_components"": [1, 2, 3, 4, 5, 6, 7], ""mdl_gamma_background_boundary"": ""largest_rate_gap"", ""mdl_gamma_background_components"": 7, ""mdl_gamma_background_distribution"": ""gamma_components"", ""mdl_gamma_background_fraction"": 0.9691666666666666, ""mdl_gamma_background_group"": 1, ""mdl_gamma_candidate_components"": [1, 2, 3, 4, 5, 6, 7, 8, 9, 10, 11, 12], ""mdl_gamma_candidate_converged"": [true, true, true, true, true, true, true, true, true, true, true, true], ""mdl_gamma_candidate_entropies"": [-0.0, 1035.6876037793743, 3.004484001802294, 2.9952725798578905, 2.939633132376546, 3.006352584126537, 10.542845296717871, 10.474611941010167, 10.485700932228315, 10.48464689466104, 10.487371981043063, 10.480667459413684], ""mdl_gamma_candidate_iterations"": [2, 22, 10, 6, 6, 6, 7, 4, 6, 7, 6, 5], ""mdl_gamma_candidate_log_likelihoods"": [-39369.558187888164, -36543.530945054656, -27204.085478656354, -27190.717615114583, -27188.43774847986, -27187.788457989504, -26559.357545054965, -26545.39505060208, -26548.520796426827, -26545.477932873902, -26543.740717832337, -26542.859235225267], ""mdl_gamma_candidate_role_gains_nats"": [[0.0], [0.0, 0.0], [0.0, 0.0, 0.0], [0.0, 0.0, 0.0, 0.0], [0.0, 0.0, 0.0, 0.0, 0.0], [0.0, 0.0, 0.0, 0.0, 0.0, 0.0], [0.0, 0.0, 0.0, 0.0, 0.0, 0.0, 0.0], [0.0, 0.0, 0.0, 0.0, 0.0, 0.0, 0.0, 0.0], [0.0, 0.0, 0.0, 0.0, 0.0, 0.0, 0.0, 0.0, 0.0], [0.0, 0.0, 0.0, 0.0, 0.0, 0.0, 0.0, 0.0, 0.0, 0.0], [0.0, 0.0, 0.0, 0.0, 0.0, 0.0, 0.0, 0.0, 0.0, 0.0, 0.0], [0.0, 0.0, 0.0, 0.0, 0.0, 0.0, 0.0, 0.0, 0.0, 0.0, 0.0, 0.0]], ""mdl_gamma_candidate_role_threshold_sizes"": [[0], [0, 0], [0, 0, 0], [0, 0, 0, 0], [0, 0, 0, 0, 0], [0, 0, 0, 0, 0, 0], [0, 0, 0, 0, 0, 0, 0], [0, 0, 0, 0, 0, 0, 0, 0], [0, 0, 0, 0, 0, 0, 0, 0, 0], [0, 0, 0, 0, 0, 0, 0, 0, 0, 0], [0, 0, 0, 0, 0, 0, 0, 0, 0, 0, 0], [0, 0, 0, 0, 0, 0, 0, 0, 0, 0, 0, 0]], ""mdl_gamma_candidate_scores"": [78756.51540527274, 75201.93467140912, 54483.776043301994, 54483.120437619196, 54504.547969699415, 54529.48137186683, 53313.79107566757, 53311.82816429502, 53344.200378171576, 53364.21108723522, 53386.84065156949, 53411.16282155672], ""mdl_gamma_candidate_signal_components"": [[], [0], [0], [0], [0], [0], [0], [0], [0], [0], [0], [0]], ""mdl_gamma_criterion"": ""icl"", ""mdl_gamma_entropy_scope"": ""semantic"", ""mdl_gamma_fit_samples"": 6000, ""mdl_gamma_grouping"": ""largest_rate_gap"", ""mdl_gamma_guarded_confirmation"": true, ""mdl_gamma_log_rate_gaps"": [], ""mdl_gamma_mean_background_probability"": 0.9692243788680206, ""mdl_gamma_mean_posterior_entropy"": 0.0017457686568350277, ""mdl_gamma_mu"": [4.306577624341486, 2.380049784586257, 1.4909939193182975, 1.5945993976218453, 1.3647489395810037, 1.3312855954846867, 1.251837663767704, 1.046899121387277], ""mdl_gamma_n_init"": 1, ""mdl_gamma_ranks"": [4, 8, 16, 32], ""mdl_gamma_rates"": [[56.63840241403368, 49.48858576410416, 43.241334793091845, 37.78271304015518], [13.203257280047463, 14.594875178073492, 16.13316903136042, 17.833598425389447], [4.044928123962959, 3.8601217028270596, 3.6837587971867083, 3.5154536360633575], [3.7771210087263274, 3.307337296449358, 2.8959834665645205, 2.5357922361347147], [3.7767020187441345, 3.709519118953366, 3.643531320603456, 3.5787173643046146], [3.7373190630846933, 3.71325923792905, 3.689354303264892, 3.665603261950131], [3.623764074635095, 3.688984053840544, 3.755377852753886, 3.8229665976116416], [2.4306005818919614, 2.2451178384231834, 2.0737895588268382, 1.9155355949243453]], ""mdl_gamma_role_evidence_neighbour_ranks"": [], ""mdl_gamma_search_caps"": [8, 12], ""mdl_gamma_search_hard_max"": 24, ""mdl_gamma_search_hit_hard_max"": false, ""mdl_gamma_search_initial_max"": 8, ""mdl_gamma_selected_components"": 8, ""mdl_gamma_signal_basis_components"": [0], ""mdl_gamma_signal_components"": 1, ""mdl_gamma_slopes"": [-0.19468475735752938, 0.1445679819710065, -0.06746773318544498, -0.19161681929684282, -0.025894783679287648, -0.009317695806037652, 0.02573452109184677, -0.11452166724669523], ""mdl_gamma_split_warm_start"": true, ""mdl_gamma_tolerance"": 0.0001, ""mdl_gamma_weights"": [0.030766972282975494, 0.017197252209992017, 0.103306965960641, 0.10151920068743554, 0.23892330366773482, 0.23797235766553168, 0.16211081437497346, 0.10820313315071585], ""optimization_background_events"": [], ""optimization_background_intrinsic_dimension"": 1.9722136738690115, ""optimization_border_fraction"": 0.006666666666666667, ""optimization_border_model"": ""strict_local_core_radius"", ""optimization_border_seconds"": 0.0012311000027693808, ""optimization_boundary_component_gains_nats"": [[0.0, 0.0, 0.0, 0.0, 0.0, 0.0], []], ""optimization_candidate_groups"": [0, 1], ""optimization_clusters"": 3, ""optimization_connectivity_rank"": 4, ""optimization_core_fraction"": 0.030666666666666665, ""optimization_core_rank"": 4, ""optimization_description_gain_nats"": 5130.755432452199, ""optimization_group_gains_nats"": [4430.457066606772, 0.0], ""optimization_group_sizes"": [185, 5815], ""optimization_noise_fraction"": 0.9626666666666667, ""optimization_objective"": ""gamma_topology_component_and_attachment_description_gain"", ""optimization_objective_trace"": [0.0, -5130.755432452199], ""optimization_ordering_modes"": [""d4"", ""adaptive_d4_rank_windows_with_beta_boundary_code""], ""optimization_seconds"": 0.05213440000079572, ""optimization_selected_component_gains_nats"": [2027.066137407709, 1609.1860129000356, 1125.6041414516562, 73.10848886221073, 277.89006266704996], ""optimization_selected_groups"": [0], ""optimization_selected_local_components"": [5, 0], ""optimization_solver"": ""exact_stratum_event_sweep"", ""optimization_sparse_memory"": true, ""optimization_threshold_seconds"": 0.05108049999398645, ""optimization_threshold_sizes"": [185, 0], ""optimization_thresholds"": [0.34410804510116577, 0.0], ""optimization_topology_evidence_ranks"": [5, 8], ""optimization_unified_background_scan"": true, ""stratification"": ""adaptive-semantic-information-criterion-gamma-v2""}","[{""coverage"": 0.87, ""f1"": 0.9304812834224598, ""fragments"": 1, ""matched_predicted_cluster"": 0, ""overlap"": 87, ""passes_discovery_thresholds"": true, ""precision"": 1.0, ""purity"": 1.0, ""recall"": 0.87, ""target"": ""cluster_0"", ""target_label"": 0, ""target_noise_loss"": 0.13, ""target_size"": 100}, {""coverage"": 0.69, ""f1"": 0.8165680473372781, ""fragments"": 1, ""matched_predicted_cluster"": 2, ""overlap"": 69, ""passes_discovery_thresholds"": true, ""precision"": 1.0, ""purity"": 1.0, ""recall"": 0.69, ""target"": ""cluster_1"", ""target_label"": 1, ""target_noise_loss"": 0.31, ""target_size"": 100}, {""coverage"": 0.68, ""f1"": 0.8095238095238095, ""fragments"": 1, ""matched_predicted_cluster"": 1, ""overlap"": 68, ""passes_discovery_thresholds"": true, ""precision"": 1.0, ""purity"": 1.0, ""recall"": 0.68, ""target"": ""cluster_2"", ""target_label"": 2, ""target_noise_loss"": 0.32, ""target_size"": 100}]"
synthetic__global_contamination_noise95__quality__signal300__n6000__StrataSCAN__233__0c8df15a823e,ok,synthetic,global_contamination_noise95__quality__signal300__n6000,StrataSCAN,233,0.2.4,6000,2,0.004175399997620843,0.6387708999973256,5.935870100001921,223.2734375,40.76953125,223.18359375,,,evaluation_state/synthetic__global_contamination_noise95__quality__signal300__n6000__StrataSCAN__233__0c8df15a823e.npz,1e4f23230e0310faf6a64cbeac00bc902d9bdd1de97554001c8c9f69bb765d55,3023,0.6436935627002163,0.5651947542545218,0,0,1.0,known_synthetic_noise,0.8633333333333333,0.9172786143697136,1.0,3,3,0.1,0.9,full_partition,target-discovery-v1,0,0.05,0.7266666666666667,0.8407933590698549,0.2733333333333334,1.0,3,pairwise_f1,hungarian,1.0,0,3,0.9105204847008639,0.9928583870405853,0.9928583870405853,0.9636666666666667,0.9858180560359737,1.0,0.6913993655269651,1.0,0.5283501683501683,0.9636666666666667,3,macro,2,0,0.7266666666666667,0.8416988416988418,1.0,0.7266666666666667,0,3,1.0,0.6666666666666666,3,0,0.0,0.7266666666666667,1.0,0.8407933590698548,1.0,"{""background_inner_edge"": 6.0, ""background_intensity"": 3.0, ""background_size"": 5700, ""background_strip_height"": 10.0, ""background_support_area"": 1900.0, ""controlled_factor"": ""global_background_support_at_fixed_local_intensity"", ""declared_noise_fraction"": 0.95, ""dimension"": 2, ""family"": ""global_contamination_invariance"", ""n"": 6000, ""n_targets"": 3, ""paired_background"": ""seeded_prefix"", ""realized_noise_fraction"": 0.95, ""signal_size"": 300}","{""ambiguous_model_confirmation_tolerance"": 1e-05, ""assignment"": ""maximum_posterior_basis_then_semantic_role"", ""background_model"": ""adaptive_gamma_basis_mixture_with_largest_rate_gap"", ""background_scan"": ""adaptive_dyadic_rank_windows_with_poisson_beta_boundary_code"", ""border_rule"": ""strict_local_core_radius"", ""component_initialization"": ""compiled_split_warm_single_start_with_guarded_confirmation"", ""component_selection"": ""semantic_icl_with_adaptive_bound"", ""connectivity"": ""density_ordered_non_merging_knn_watershed"", ""core_thresholds"": ""observed_d4_event_sweep"", ""duplicate_profile_confirmation_minimum"": 3, ""duplicate_profile_confirmation_tolerance"": 1e-08, ""extraction_objective"": ""gamma_topology_description_length"", ""fit_samples"": ""all_rows"", ""gamma_tolerance"": 0.0001, ""geometry_profile"": ""low_dim"", ""hard_component_bound"": 24, ""initial_component_bound"": 8, ""k"": 32, ""knn_backend"": ""kd_tree"", ""shell_ranks"": [4, 8, 16, 32], ""stratification_model"": ""adaptive_gamma_density_basis_with_semantic_background"", ""version"": ""0.2.3""}","{""algorithm"": ""OptimizationStrataSCAN"", ""algorithm_version"": ""0.2.3"", ""graph_seconds"": 0.07531879999442026, ""mdl_gamma_adaptive_search"": true, ""mdl_gamma_assignment"": ""maximum_posterior_basis_then_semantic_role"", ""mdl_gamma_background_basis_components"": [1, 2, 3, 4, 5, 6], ""mdl_gamma_background_boundary"": ""largest_rate_gap"", ""mdl_gamma_background_components"": 6, ""mdl_gamma_background_distribution"": ""gamma_components"", ""mdl_gamma_background_fraction"": 0.971, ""mdl_gamma_background_group"": 1, ""mdl_gamma_candidate_components"": [1, 2, 3, 4, 5, 6, 7, 8, 9, 10, 11, 12], ""mdl_gamma_candidate_converged"": [true, true, true, true, true, true, true, true, true, true, true, true], ""mdl_gamma_candidate_entropies"": [-0.0, 1383.1288016125195, 2.8442909306593096, 3.1885382078942333, 4.100623991391606, 3.29057259208356, 19.592288927223223, 20.08702576081543, 20.105894324790288, 20.08971042506803, 20.12515189270555, 20.116781478217348], ""mdl_gamma_candidate_iterations"": [2, 21, 9, 7, 5, 6, 8, 7, 8, 4, 4, 4], ""mdl_gamma_candidate_log_likelihoods"": [-40706.51818772498, -37602.72141670527, -28048.05379128859, -28011.53855659901, -28006.992186135823, -27985.78896549983, -27395.496756434088, -27392.938699653285, -27385.099245049445, -27368.99500571931, -27372.469713469254, -27372.46759824915], ""mdl_gamma_candidate_role_gains_nats"": [[0.0], [0.0, 0.0], [0.0, 0.0, 0.0], [0.0, 0.0, 0.0, 0.0], [0.0, 0.0, 0.0, 0.0, 0.0], [0.0, 0.0, 0.0, 0.0, 0.0, 0.0], [0.0, 0.0, 0.0, 0.0, 0.0, 0.0, 0.0], [0.0, 0.0, 0.0, 0.0, 0.0, 0.0, 0.0, 0.0], [0.0, 0.0, 0.0, 0.0, 0.0, 0.0, 0.0, 0.0, 0.0], [0.0, 0.0, 0.0, 0.0, 0.0, 0.0, 0.0, 0.0, 0.0, 0.0], [0.0, 0.0, 0.0, 0.0, 0.0, 0.0, 0.0, 0.0, 0.0, 0.0, 0.0], [0.0, 0.0, 0.0, 0.0, 0.0, 0.0, 0.0, 0.0, 0.0, 0.0, 0.0, 0.0]], ""mdl_gamma_candidate_role_threshold_sizes"": [[0], [0, 0], [0, 0, 0], [0, 0, 0, 0], [0, 0, 0, 0, 0], [0, 0, 0, 0, 0, 0], [0, 0, 0, 0, 0, 0, 0], [0, 0, 0, 0, 0, 0, 0, 0], [0, 0, 0, 0, 0, 0, 0, 0, 0], [0, 0, 0, 0, 0, 0, 0, 0, 0, 0], [0, 0, 0, 0, 0, 0, 0, 0, 0, 0, 0], [0, 0, 0, 0, 0, 0, 0, 0, 0, 0, 0, 0]], ""mdl_gamma_candidate_scores"": [81430.43540494637, 78015.19801037664, 56171.392282424174, 56125.148851844126, 56143.97882672937, 56126.050826903396, 55004.168385686826, 55026.14029003703, 55036.59766220194, 55030.45535998685, 55063.57420266665, 55089.65177564209], ""mdl_gamma_candidate_signal_components"": [[], [0], [0], [0], [0], [0], [0], [0], [0], [0], [0], [0]], ""mdl_gamma_criterion"": ""icl"", ""mdl_gamma_entropy_scope"": ""semantic"", ""mdl_gamma_fit_samples"": 6000, ""mdl_gamma_grouping"": ""largest_rate_gap"", ""mdl_gamma_guarded_confirmation"": true, ""mdl_gamma_log_rate_gaps"": [], ""mdl_gamma_mean_background_probability"": 0.9709450021299595, ""mdl_gamma_mean_posterior_entropy"": 0.0032653814878705373, ""mdl_gamma_mu"": [4.174081639206578, 2.4440103737934598, 1.7074887222490265, 1.3348335666298414, 1.2626869114875614, 1.1750779971352863, 1.1117199725693094], ""mdl_gamma_n_init"": 1, ""mdl_gamma_ranks"": [4, 8, 16, 32], ""mdl_gamma_rates"": [[54.51101991266321, 49.927078085881035, 45.728609191085646, 41.88319803041689], [14.392877947012186, 16.08834439087148, 17.98353506450858, 20.101977279894058], [4.143690564439023, 3.5917368438222415, 3.1133052419459917, 2.6986023617514476], [3.758737976354511, 3.738588378953683, 3.7185467982004554, 3.6986126550462295], [3.705665628736079, 3.794113905098814, 3.8846732995103204, 3.977394200961761], [3.4131142474053013, 3.5039773771537597, 3.597259443904976, 3.693024844034458], [2.508090234586958, 2.278283742410085, 2.0695335197080365, 1.879910262917643]], ""mdl_gamma_role_evidence_neighbour_ranks"": [], ""mdl_gamma_search_caps"": [8, 12], ""mdl_gamma_search_hard_max"": 24, ""mdl_gamma_search_hit_hard_max"": false, ""mdl_gamma_search_initial_max"": 8, ""mdl_gamma_selected_components"": 7, ""mdl_gamma_signal_basis_components"": [0], ""mdl_gamma_signal_components"": 1, ""mdl_gamma_slopes"": [-0.12672543629393404, 0.16066077282968266, -0.2062346200357925, -0.007754709574935944, 0.03403028197045246, 0.03790475377471197, -0.13864181889022167], ""mdl_gamma_split_warm_start"": true, ""mdl_gamma_tolerance"": 0.0001, ""mdl_gamma_weights"": [0.028703551933439826, 0.018065916405230618, 0.2075878163945681, 0.24220380670376468, 0.14373087251341443, 0.2383164971956479, 0.121391538853935], ""optimization_background_events"": [], ""optimization_background_intrinsic_dimension"": 1.9632340287159353, ""optimization_border_fraction"": 0.0075, ""optimization_border_model"": ""strict_local_core_radius"", ""optimization_border_seconds"": 0.0018460999999660999, ""optimization_boundary_component_gains_nats"": [[0.0, 0.0, 0.0, 0.0], []], ""optimization_candidate_groups"": [0, 1], ""optimization_clusters"": 3, ""optimization_connectivity_rank"": 4, ""optimization_core_fraction"": 0.028833333333333332, ""optimization_core_rank"": 4, ""optimization_description_gain_nats"": 4478.389908703442, ""optimization_group_gains_nats"": [3811.896000621774, 0.0], ""optimization_group_sizes"": [174, 5826], ""optimization_noise_fraction"": 0.9636666666666667, ""optimization_objective"": ""gamma_topology_component_and_attachment_description_gain"", ""optimization_objective_trace"": [0.0, -4478.389908703442], ""optimization_ordering_modes"": [""d4"", ""adaptive_d4_rank_windows_with_beta_boundary_code""], ""optimization_seconds"": 0.04351860001042951, ""optimization_selected_component_gains_nats"": [1688.2945421635966, 1501.2227482068645, 1263.4901262237547], ""optimization_selected_groups"": [0], ""optimization_selected_local_components"": [3, 0], ""optimization_solver"": ""exact_stratum_event_sweep"", ""optimization_sparse_memory"": true, ""optimization_threshold_seconds"": 0.04193880000093486, ""optimization_threshold_sizes"": [174, 0], ""optimization_thresholds"": [0.29144927859306335, 0.0], ""optimization_topology_evidence_ranks"": [5, 8], ""optimization_unified_background_scan"": true, ""stratification"": ""adaptive-semantic-information-criterion-gamma-v2""}","[{""coverage"": 0.66, ""f1"": 0.7951807228915663, ""fragments"": 1, ""matched_predicted_cluster"": 2, ""overlap"": 66, ""passes_discovery_thresholds"": true, ""precision"": 1.0, ""purity"": 1.0, ""recall"": 0.66, ""target"": ""cluster_0"", ""target_label"": 0, ""target_noise_loss"": 0.34, ""target_size"": 100}, {""coverage"": 0.75, ""f1"": 0.8571428571428571, ""fragments"": 1, ""matched_predicted_cluster"": 1, ""overlap"": 75, ""passes_discovery_thresholds"": true, ""precision"": 1.0, ""purity"": 1.0, ""recall"": 0.75, ""target"": ""cluster_1"", ""target_label"": 1, ""target_noise_loss"": 0.25, ""target_size"": 100}, {""coverage"": 0.77, ""f1"": 0.8700564971751412, ""fragments"": 1, ""matched_predicted_cluster"": 0, ""overlap"": 77, ""passes_discovery_thresholds"": true, ""precision"": 1.0, ""purity"": 1.0, ""recall"": 0.77, ""target"": ""cluster_2"", ""target_label"": 2, ""target_noise_loss"": 0.23, ""target_size"": 100}]"
synthetic__global_contamination_noise95__quality__signal300__n6000__VDBSCAN-2007__211__c7901cb52d74,ok,synthetic,global_contamination_noise95__quality__signal300__n6000,VDBSCAN-2007,211,0.2.4,6000,2,0.0024988000077428296,0.08898730001237709,4.916012100002263,185.71875,3.46484375,186.05859375,,,evaluation_state/synthetic__global_contamination_noise95__quality__signal300__n6000__VDBSCAN-2007__211__c7901cb52d74.npz,da02d11435b1b01bba54e57180a40630c8b14e7b8377c8ad391e9e2131f5528e,5368,1.0,1.0,18,18,0.01368421052631579,known_synthetic_noise,0.5068421052631579,0.06171548850376165,7.0,3,3,0.1,0.9,full_partition,target-discovery-v1,0,0.05,1.0,1.0,0.0,1.0,3,pairwise_f1,hungarian,1.0,0,21,0.052578361981799805,0.026998961578400833,0.026998961578400833,0.013,1.0,0.01368421052631579,0.004032058257132636,0.002020101712461307,1.0,0.013,21,macro,3,3,1.0,0.09643201542912247,0.05065856129685917,1.0,18,3,1.0,1.0,3,18,0.0,1.0,1.0,1.0,1.0,"{""background_inner_edge"": 6.0, ""background_intensity"": 3.0, ""background_size"": 5700, ""background_strip_height"": 10.0, ""background_support_area"": 1900.0, ""controlled_factor"": ""global_background_support_at_fixed_local_intensity"", ""declared_noise_fraction"": 0.95, ""dimension"": 2, ""family"": ""global_contamination_invariance"", ""n"": 6000, ""n_targets"": 3, ""paired_background"": ""seeded_prefix"", ""realized_noise_fraction"": 0.95, ""signal_size"": 300}","{""eps_values"": [0.8600139021873474, 0.9334849119186401], ""geometry_profile"": ""low_dim"", ""knee_prominence"": 0.03, ""knn_backend"": ""kd_tree"", ""max_eps_values"": 3, ""min_samples"": 5}",{},"[{""coverage"": 1.0, ""f1"": 1.0, ""fragments"": 1, ""matched_predicted_cluster"": 6, ""overlap"": 100, ""passes_discovery_thresholds"": true, ""precision"": 1.0, ""purity"": 1.0, ""recall"": 1.0, ""target"": ""cluster_0"", ""target_label"": 0, ""target_noise_loss"": 0.0, ""target_size"": 100}, {""coverage"": 1.0, ""f1"": 1.0, ""fragments"": 1, ""matched_predicted_cluster"": 4, ""overlap"": 100, ""passes_discovery_thresholds"": true, ""precision"": 1.0, ""purity"": 1.0, ""recall"": 1.0, ""target"": ""cluster_1"", ""target_label"": 1, ""target_noise_loss"": 0.0, ""target_size"": 100}, {""coverage"": 1.0, ""f1"": 1.0, ""fragments"": 1, ""matched_predicted_cluster"": 2, ""overlap"": 100, ""passes_discovery_thresholds"": true, ""precision"": 1.0, ""purity"": 1.0, ""recall"": 1.0, ""target"": ""cluster_2"", ""target_label"": 2, ""target_noise_loss"": 0.0, ""target_size"": 100}]"
synthetic__global_contamination_noise95__quality__signal300__n6000__VDBSCAN-2007__223__75c963aff799,ok,synthetic,global_contamination_noise95__quality__signal300__n6000,VDBSCAN-2007,223,0.2.4,6000,2,0.0024810000031720847,0.12762849999126047,4.844058600006974,185.734375,3.47265625,186.02734375,,,evaluation_state/synthetic__global_contamination_noise95__quality__signal300__n6000__VDBSCAN-2007__223__75c963aff799.npz,ac0eccf08ba165929785aa3400876f17a73fa64e07b4bf32c20be2d95d434074,5187,0.6466019175116349,0.4229325009867218,10,10,0.01456140350877193,known_synthetic_noise,0.507280701754386,0.06260719750898613,7.333333333333333,12,3,0.1,0.9,full_partition,target-discovery-v1,9,0.05,0.4666666666666666,0.6307465948860568,0.0,1.0,3,pairwise_f1,hungarian,4.0,0,22,0.05491070234808817,0.028704824485561126,0.028704824485561126,0.013833333333333333,1.0,0.01456140350877193,0.0013670065326839011,0.0006848257544516606,0.35393939393939394,0.013833333333333333,22,macro,0,0,1.0,0.09650957053241113,0.0507013689369613,1.0,10,3,1.0,0.0,3,19,0.0,0.4666666666666667,1.0,0.6307465948860568,1.0,"{""background_inner_edge"": 6.0, ""background_intensity"": 3.0, ""background_size"": 5700, ""background_strip_height"": 10.0, ""background_support_area"": 1900.0, ""controlled_factor"": ""global_background_support_at_fixed_local_intensity"", ""declared_noise_fraction"": 0.95, ""dimension"": 2, ""family"": ""global_contamination_invariance"", ""n"": 6000, ""n_targets"": 3, ""paired_background"": ""seeded_prefix"", ""realized_noise_fraction"": 0.95, ""signal_size"": 300}","{""eps_values"": [0.22043843567371368, 0.8502297401428223, 0.9277471899986267], ""geometry_profile"": ""low_dim"", ""knee_prominence"": 0.03, ""knn_backend"": ""kd_tree"", ""max_eps_values"": 3, ""min_samples"": 5}",{},"[{""coverage"": 0.59, ""f1"": 0.7421383647798743, ""fragments"": 3, ""matched_predicted_cluster"": 1, ""overlap"": 59, ""passes_discovery_thresholds"": true, ""precision"": 1.0, ""purity"": 1.0, ""recall"": 0.59, ""target"": ""cluster_0"", ""target_label"": 0, ""target_noise_loss"": 0.0, ""target_size"": 100}, {""coverage"": 0.36, ""f1"": 0.5294117647058824, ""fragments"": 4, ""matched_predicted_cluster"": 14, ""overlap"": 36, ""passes_discovery_thresholds"": true, ""precision"": 1.0, ""purity"": 1.0, ""recall"": 0.36, ""target"": ""cluster_1"", ""target_label"": 1, ""target_noise_loss"": 0.0, ""target_size"": 100}, {""coverage"": 0.45, ""f1"": 0.6206896551724138, ""fragments"": 5, ""matched_predicted_cluster"": 2, ""overlap"": 45, ""passes_discovery_thresholds"": true, ""precision"": 1.0, ""purity"": 1.0, ""recall"": 0.45, ""target"": ""cluster_2"", ""target_label"": 2, ""target_noise_loss"": 0.0, ""target_size"": 100}]"
synthetic__global_contamination_noise95__quality__signal300__n6000__VDBSCAN-2007__227__0eeed521a8d0,ok,synthetic,global_contamination_noise95__quality__signal300__n6000,VDBSCAN-2007,227,0.2.4,6000,2,0.0023902999964775518,0.0821525999926962,4.879180999996606,186.23828125,3.5,186.51953125,,,evaluation_state/synthetic__global_contamination_noise95__quality__signal300__n6000__VDBSCAN-2007__227__0eeed521a8d0.npz,7781d9bba5ac71f586665264a8aaebdfc527c8ac0f571c849d9a36405b8ba248,5169,1.0,1.0,19,19,0.01263157894736842,known_synthetic_noise,0.5063157894736842,0.06064356931408954,7.333333333333333,3,3,0.1,0.9,full_partition,target-discovery-v1,0,0.05,1.0,1.0,0.0,1.0,3,pairwise_f1,hungarian,1.0,0,22,0.0486815415821501,0.02494802494802495,0.02494802494802495,0.012,1.0,0.01263157894736842,0.003917281264355945,0.0019624844339302854,1.0,0.012,22,macro,3,3,1.0,0.09633911368015413,0.05060728744939271,1.0,19,3,1.0,1.0,3,19,0.0,1.0,1.0,1.0,1.0,"{""background_inner_edge"": 6.0, ""background_intensity"": 3.0, ""background_size"": 5700, ""background_strip_height"": 10.0, ""background_support_area"": 1900.0, ""controlled_factor"": ""global_background_support_at_fixed_local_intensity"", ""declared_noise_fraction"": 0.95, ""dimension"": 2, ""family"": ""global_contamination_invariance"", ""n"": 6000, ""n_targets"": 3, ""paired_background"": ""seeded_prefix"", ""realized_noise_fraction"": 0.95, ""signal_size"": 300}","{""eps_values"": [0.8616440296173096, 0.9315162301063538], ""geometry_profile"": ""low_dim"", ""knee_prominence"": 0.03, ""knn_backend"": ""kd_tree"", ""max_eps_values"": 3, ""min_samples"": 5}",{},"[{""coverage"": 1.0, ""f1"": 1.0, ""fragments"": 1, ""matched_predicted_cluster"": 3, ""overlap"": 100, ""passes_discovery_thresholds"": true, ""precision"": 1.0, ""purity"": 1.0, ""recall"": 1.0, ""target"": ""cluster_0"", ""target_label"": 0, ""target_noise_loss"": 0.0, ""target_size"": 100}, {""coverage"": 1.0, ""f1"": 1.0, ""fragments"": 1, ""matched_predicted_cluster"": 0, ""overlap"": 100, ""passes_discovery_thresholds"": true, ""precision"": 1.0, ""purity"": 1.0, ""recall"": 1.0, ""target"": ""cluster_1"", ""target_label"": 1, ""target_noise_loss"": 0.0, ""target_size"": 100}, {""coverage"": 1.0, ""f1"": 1.0, ""fragments"": 1, ""matched_predicted_cluster"": 2, ""overlap"": 100, ""passes_discovery_thresholds"": true, ""precision"": 1.0, ""purity"": 1.0, ""recall"": 1.0, ""target"": ""cluster_2"", ""target_label"": 2, ""target_noise_loss"": 0.0, ""target_size"": 100}]"
synthetic__global_contamination_noise95__quality__signal300__n6000__VDBSCAN-2007__229__4376047c3776,ok,synthetic,global_contamination_noise95__quality__signal300__n6000,VDBSCAN-2007,229,0.2.4,6000,2,0.002240500005427748,0.09695020000799559,4.81836089999706,186.03515625,3.40625,186.3125,,,evaluation_state/synthetic__global_contamination_noise95__quality__signal300__n6000__VDBSCAN-2007__229__4376047c3776.npz,d89028cc0e39ea0a982ce8b3ff8531759e2acd272d1b2a1338b710dfc5be3c21,5499,0.584698578052199,0.33150589607504777,11,11,0.017894736842105262,known_synthetic_noise,0.507280701754386,0.06582626810107596,9.333333333333334,17,3,0.1,0.9,full_partition,target-discovery-v1,13,0.05,0.4066666666666667,0.5761595841893441,0.0033333333333333335,1.0,3,pairwise_f1,hungarian,5.333333333333333,0,28,0.06626530066524143,0.03515423057039462,0.03515423057039462,0.017166666666666667,0.9902912621359223,0.017894736842105262,0.0011171672244389232,0.0005597397433197445,0.2704377104377104,0.017166666666666667,28,macro,0,0,0.9966666666666667,0.09649830563175729,0.05070374766830592,0.9966666666666667,11,3,1.0,0.0,3,25,0.0,0.4066666666666667,1.0,0.5761595841893441,1.0,"{""background_inner_edge"": 6.0, ""background_intensity"": 3.0, ""background_size"": 5700, ""background_strip_height"": 10.0, ""background_support_area"": 1900.0, ""controlled_factor"": ""global_background_support_at_fixed_local_intensity"", ""declared_noise_fraction"": 0.95, ""dimension"": 2, ""family"": ""global_contamination_invariance"", ""n"": 6000, ""n_targets"": 3, ""paired_background"": ""seeded_prefix"", ""realized_noise_fraction"": 0.95, ""signal_size"": 300}","{""eps_values"": [0.18274085223674774, 0.8531666398048401, 0.9389607310295105], ""geometry_profile"": ""low_dim"", ""knee_prominence"": 0.03, ""knn_backend"": ""kd_tree"", ""max_eps_values"": 3, ""min_samples"": 5}",{},"[{""coverage"": 0.41, ""f1"": 0.5815602836879432, ""fragments"": 4, ""matched_predicted_cluster"": 0, ""overlap"": 41, ""passes_discovery_thresholds"": true, ""precision"": 1.0, ""purity"": 1.0, ""recall"": 0.41, ""target"": ""cluster_0"", ""target_label"": 0, ""target_noise_loss"": 0.0, ""target_size"": 100}, {""coverage"": 0.34, ""f1"": 0.5074626865671642, ""fragments"": 8, ""matched_predicted_cluster"": 16, ""overlap"": 34, ""passes_discovery_thresholds"": true, ""precision"": 1.0, ""purity"": 1.0, ""recall"": 0.34, ""target"": ""cluster_1"", ""target_label"": 1, ""target_noise_loss"": 0.01, ""target_size"": 100}, {""coverage"": 0.47, ""f1"": 0.6394557823129251, ""fragments"": 4, ""matched_predicted_cluster"": 23, ""overlap"": 47, ""passes_discovery_thresholds"": true, ""precision"": 1.0, ""purity"": 1.0, ""recall"": 0.47, ""target"": ""cluster_2"", ""target_label"": 2, ""target_noise_loss"": 0.0, ""target_size"": 100}]"
synthetic__global_contamination_noise95__quality__signal300__n6000__VDBSCAN-2007__233__3e0abc7bed6e,ok,synthetic,global_contamination_noise95__quality__signal300__n6000,VDBSCAN-2007,233,0.2.4,6000,2,0.002494699991075322,0.08506760001182556,4.800023000003421,185.7265625,3.4453125,186.0,,,evaluation_state/synthetic__global_contamination_noise95__quality__signal300__n6000__VDBSCAN-2007__233__3e0abc7bed6e.npz,3087e31ed81a5521608dcc1694fa60d561301b22378deb4890c710abbef10676,5813,1.0,1.0,18,18,0.014385964912280702,known_synthetic_noise,0.5071929824561403,0.062428968730832334,7.0,3,3,0.1,0.9,full_partition,target-discovery-v1,0,0.05,1.0,1.0,0.0,1.0,3,pairwise_f1,hungarian,1.0,0,21,0.055163134880592005,0.02836388792805258,0.02836388792805258,0.013666666666666667,1.0,0.014385964912280702,0.005091641838483862,0.0025523186654931155,1.0,0.013666666666666667,21,macro,3,3,1.0,0.09649404953361208,0.05069280162216965,1.0,18,3,1.0,1.0,3,18,0.0,1.0,1.0,1.0,1.0,"{""background_inner_edge"": 6.0, ""background_intensity"": 3.0, ""background_size"": 5700, ""background_strip_height"": 10.0, ""background_support_area"": 1900.0, ""controlled_factor"": ""global_background_support_at_fixed_local_intensity"", ""declared_noise_fraction"": 0.95, ""dimension"": 2, ""family"": ""global_contamination_invariance"", ""n"": 6000, ""n_targets"": 3, ""paired_background"": ""seeded_prefix"", ""realized_noise_fraction"": 0.95, ""signal_size"": 300}","{""eps_values"": [0.8544924855232239, 0.9419203996658325], ""geometry_profile"": ""low_dim"", ""knee_prominence"": 0.03, ""knn_backend"": ""kd_tree"", ""max_eps_values"": 3, ""min_samples"": 5}",{},"[{""coverage"": 1.0, ""f1"": 1.0, ""fragments"": 1, ""matched_predicted_cluster"": 9, ""overlap"": 100, ""passes_discovery_thresholds"": true, ""precision"": 1.0, ""purity"": 1.0, ""recall"": 1.0, ""target"": ""cluster_0"", ""target_label"": 0, ""target_noise_loss"": 0.0, ""target_size"": 100}, {""coverage"": 1.0, ""f1"": 1.0, ""fragments"": 1, ""matched_predicted_cluster"": 5, ""overlap"": 100, ""passes_discovery_thresholds"": true, ""precision"": 1.0, ""purity"": 1.0, ""recall"": 1.0, ""target"": ""cluster_1"", ""target_label"": 1, ""target_noise_loss"": 0.0, ""target_size"": 100}, {""coverage"": 1.0, ""f1"": 1.0, ""fragments"": 1, ""matched_predicted_cluster"": 4, ""overlap"": 100, ""passes_discovery_thresholds"": true, ""precision"": 1.0, ""purity"": 1.0, ""recall"": 1.0, ""target"": ""cluster_2"", ""target_label"": 2, ""target_noise_loss"": 0.0, ""target_size"": 100}]"
synthetic__global_contamination_noise95__quality__signal300__n6000__kNN+Leiden__211__f2d76c35dea4,ok,synthetic,global_contamination_noise95__quality__signal300__n6000,kNN+Leiden,211,0.2.4,6000,2,0.0022843000042485073,0.3025043999950867,6.133834499996738,235.45703125,23.37109375,235.453125,,,evaluation_state/synthetic__global_contamination_noise95__quality__signal300__n6000__kNN+Leiden__211__f2d76c35dea4.npz,7176218575c96ce34bff55b35383c06f1c844275f7277536709b59b64bd7ec9d,7938,1.0,1.0,16,16,0.0,known_synthetic_noise,0.5,0.047619047619047616,6.333333333333333,3,3,0.1,0.9,full_partition,target-discovery-v1,0,0.05,1.0,1.0,0.0,1.0,3,pairwise_f1,hungarian,1.0,0,19,0.0,0.0,0.0,0.0,0.0,0.0,0.026851802461144,0.013608609071856206,1.0,0.0,19,macro,3,3,1.0,0.09523809523809523,0.05,1.0,16,3,1.0,1.0,3,16,0.0,1.0,1.0,1.0,1.0,"{""background_inner_edge"": 6.0, ""background_intensity"": 3.0, ""background_size"": 5700, ""background_strip_height"": 10.0, ""background_support_area"": 1900.0, ""controlled_factor"": ""global_background_support_at_fixed_local_intensity"", ""declared_noise_fraction"": 0.95, ""dimension"": 2, ""family"": ""global_contamination_invariance"", ""n"": 6000, ""n_targets"": 3, ""paired_background"": ""seeded_prefix"", ""realized_noise_fraction"": 0.95, ""signal_size"": 300}","{""edge_rank"": 15, ""geometry_profile"": ""low_dim"", ""k"": 20, ""knn_backend"": ""kd_tree"", ""resolution"": 0.5, ""symmetrization"": ""union"", ""weights"": ""1/(1+d)""}",{},"[{""coverage"": 1.0, ""f1"": 1.0, ""fragments"": 1, ""matched_predicted_cluster"": 16, ""overlap"": 100, ""passes_discovery_thresholds"": true, ""precision"": 1.0, ""purity"": 1.0, ""recall"": 1.0, ""target"": ""cluster_0"", ""target_label"": 0, ""target_noise_loss"": 0.0, ""target_size"": 100}, {""coverage"": 1.0, ""f1"": 1.0, ""fragments"": 1, ""matched_predicted_cluster"": 17, ""overlap"": 100, ""passes_discovery_thresholds"": true, ""precision"": 1.0, ""purity"": 1.0, ""recall"": 1.0, ""target"": ""cluster_1"", ""target_label"": 1, ""target_noise_loss"": 0.0, ""target_size"": 100}, {""coverage"": 1.0, ""f1"": 1.0, ""fragments"": 1, ""matched_predicted_cluster"": 18, ""overlap"": 100, ""passes_discovery_thresholds"": true, ""precision"": 1.0, ""purity"": 1.0, ""recall"": 1.0, ""target"": ""cluster_2"", ""target_label"": 2, ""target_noise_loss"": 0.0, ""target_size"": 100}]"
synthetic__global_contamination_noise95__quality__signal300__n6000__kNN+Leiden__223__daa010a3adab,ok,synthetic,global_contamination_noise95__quality__signal300__n6000,kNN+Leiden,223,0.2.4,6000,2,0.002415599999949336,0.27421839999442454,6.04122830000415,235.66015625,23.375,235.66015625,,,evaluation_state/synthetic__global_contamination_noise95__quality__signal300__n6000__kNN+Leiden__223__daa010a3adab.npz,fe8141697004fb7c12199b20b76aa1ac7ac59d89472723fc3d1ea7a4b402d56c,7824,1.0,1.0,15,15,0.0,known_synthetic_noise,0.5,0.047619047619047616,6.0,3,3,0.1,0.9,full_partition,target-discovery-v1,0,0.05,1.0,1.0,0.0,1.0,3,pairwise_f1,hungarian,1.0,0,18,0.0,0.0,0.0,0.0,0.0,0.0,0.025446404474454638,0.012887168285590063,1.0,0.0,18,macro,3,3,1.0,0.09523809523809523,0.05,1.0,15,3,1.0,1.0,3,15,0.0,1.0,1.0,1.0,1.0,"{""background_inner_edge"": 6.0, ""background_intensity"": 3.0, ""background_size"": 5700, ""background_strip_height"": 10.0, ""background_support_area"": 1900.0, ""controlled_factor"": ""global_background_support_at_fixed_local_intensity"", ""declared_noise_fraction"": 0.95, ""dimension"": 2, ""family"": ""global_contamination_invariance"", ""n"": 6000, ""n_targets"": 3, ""paired_background"": ""seeded_prefix"", ""realized_noise_fraction"": 0.95, ""signal_size"": 300}","{""edge_rank"": 15, ""geometry_profile"": ""low_dim"", ""k"": 20, ""knn_backend"": ""kd_tree"", ""resolution"": 0.5, ""symmetrization"": ""union"", ""weights"": ""1/(1+d)""}",{},"[{""coverage"": 1.0, ""f1"": 1.0, ""fragments"": 1, ""matched_predicted_cluster"": 16, ""overlap"": 100, ""passes_discovery_thresholds"": true, ""precision"": 1.0, ""purity"": 1.0, ""recall"": 1.0, ""target"": ""cluster_0"", ""target_label"": 0, ""target_noise_loss"": 0.0, ""target_size"": 100}, {""coverage"": 1.0, ""f1"": 1.0, ""fragments"": 1, ""matched_predicted_cluster"": 15, ""overlap"": 100, ""passes_discovery_thresholds"": true, ""precision"": 1.0, ""purity"": 1.0, ""recall"": 1.0, ""target"": ""cluster_1"", ""target_label"": 1, ""target_noise_loss"": 0.0, ""target_size"": 100}, {""coverage"": 1.0, ""f1"": 1.0, ""fragments"": 1, ""matched_predicted_cluster"": 17, ""overlap"": 100, ""passes_discovery_thresholds"": true, ""precision"": 1.0, ""purity"": 1.0, ""recall"": 1.0, ""target"": ""cluster_2"", ""target_label"": 2, ""target_noise_loss"": 0.0, ""target_size"": 100}]"
synthetic__global_contamination_noise95__quality__signal300__n6000__kNN+Leiden__227__ae92da16713f,ok,synthetic,global_contamination_noise95__quality__signal300__n6000,kNN+Leiden,227,0.2.4,6000,2,0.002206399993156083,0.2891906000004383,6.096827299988945,235.96484375,23.39453125,235.953125,,,evaluation_state/synthetic__global_contamination_noise95__quality__signal300__n6000__kNN+Leiden__227__ae92da16713f.npz,9994620a21d64f8b424dc9fee716d79b08764b99f892f023fbe2e15d14d65013,7821,1.0,1.0,15,15,0.0,known_synthetic_noise,0.5,0.047619047619047616,6.0,3,3,0.1,0.9,full_partition,target-discovery-v1,0,0.05,1.0,1.0,0.0,1.0,3,pairwise_f1,hungarian,1.0,0,18,0.0,0.0,0.0,0.0,0.0,0.0,0.025920324239692306,0.013130333368995967,1.0,0.0,18,macro,3,3,1.0,0.09523809523809523,0.05,1.0,15,3,1.0,1.0,3,15,0.0,1.0,1.0,1.0,1.0,"{""background_inner_edge"": 6.0, ""background_intensity"": 3.0, ""background_size"": 5700, ""background_strip_height"": 10.0, ""background_support_area"": 1900.0, ""controlled_factor"": ""global_background_support_at_fixed_local_intensity"", ""declared_noise_fraction"": 0.95, ""dimension"": 2, ""family"": ""global_contamination_invariance"", ""n"": 6000, ""n_targets"": 3, ""paired_background"": ""seeded_prefix"", ""realized_noise_fraction"": 0.95, ""signal_size"": 300}","{""edge_rank"": 15, ""geometry_profile"": ""low_dim"", ""k"": 20, ""knn_backend"": ""kd_tree"", ""resolution"": 0.5, ""symmetrization"": ""union"", ""weights"": ""1/(1+d)""}",{},"[{""coverage"": 1.0, ""f1"": 1.0, ""fragments"": 1, ""matched_predicted_cluster"": 17, ""overlap"": 100, ""passes_discovery_thresholds"": true, ""precision"": 1.0, ""purity"": 1.0, ""recall"": 1.0, ""target"": ""cluster_0"", ""target_label"": 0, ""target_noise_loss"": 0.0, ""target_size"": 100}, {""coverage"": 1.0, ""f1"": 1.0, ""fragments"": 1, ""matched_predicted_cluster"": 15, ""overlap"": 100, ""passes_discovery_thresholds"": true, ""precision"": 1.0, ""purity"": 1.0, ""recall"": 1.0, ""target"": ""cluster_1"", ""target_label"": 1, ""target_noise_loss"": 0.0, ""target_size"": 100}, {""coverage"": 1.0, ""f1"": 1.0, ""fragments"": 1, ""matched_predicted_cluster"": 16, ""overlap"": 100, ""passes_discovery_thresholds"": true, ""precision"": 1.0, ""purity"": 1.0, ""recall"": 1.0, ""target"": ""cluster_2"", ""target_label"": 2, ""target_noise_loss"": 0.0, ""target_size"": 100}]"
synthetic__global_contamination_noise95__quality__signal300__n6000__kNN+Leiden__229__2e605b67b851,ok,synthetic,global_contamination_noise95__quality__signal300__n6000,kNN+Leiden,229,0.2.4,6000,2,0.0023875000042608008,0.4884489999967627,6.336615200008964,235.94921875,23.59765625,235.94921875,,,evaluation_state/synthetic__global_contamination_noise95__quality__signal300__n6000__kNN+Leiden__229__2e605b67b851.npz,90d980f76adbfc9bfb3f6e0a120956578dbb849a0ad0b1f288829694e2167af1,7826,1.0,1.0,15,15,0.0,known_synthetic_noise,0.5,0.047619047619047616,6.0,3,3,0.1,0.9,full_partition,target-discovery-v1,0,0.05,1.0,1.0,0.0,1.0,3,pairwise_f1,hungarian,1.0,0,18,0.0,0.0,0.0,0.0,0.0,0.0,0.02550050099469126,0.012914918949099565,1.0,0.0,18,macro,3,3,1.0,0.09523809523809523,0.05,1.0,15,3,1.0,1.0,3,15,0.0,1.0,1.0,1.0,1.0,"{""background_inner_edge"": 6.0, ""background_intensity"": 3.0, ""background_size"": 5700, ""background_strip_height"": 10.0, ""background_support_area"": 1900.0, ""controlled_factor"": ""global_background_support_at_fixed_local_intensity"", ""declared_noise_fraction"": 0.95, ""dimension"": 2, ""family"": ""global_contamination_invariance"", ""n"": 6000, ""n_targets"": 3, ""paired_background"": ""seeded_prefix"", ""realized_noise_fraction"": 0.95, ""signal_size"": 300}","{""edge_rank"": 15, ""geometry_profile"": ""low_dim"", ""k"": 20, ""knn_backend"": ""kd_tree"", ""resolution"": 0.5, ""symmetrization"": ""union"", ""weights"": ""1/(1+d)""}",{},"[{""coverage"": 1.0, ""f1"": 1.0, ""fragments"": 1, ""matched_predicted_cluster"": 17, ""overlap"": 100, ""passes_discovery_thresholds"": true, ""precision"": 1.0, ""purity"": 1.0, ""recall"": 1.0, ""target"": ""cluster_0"", ""target_label"": 0, ""target_noise_loss"": 0.0, ""target_size"": 100}, {""coverage"": 1.0, ""f1"": 1.0, ""fragments"": 1, ""matched_predicted_cluster"": 16, ""overlap"": 100, ""passes_discovery_thresholds"": true, ""precision"": 1.0, ""purity"": 1.0, ""recall"": 1.0, ""target"": ""cluster_1"", ""target_label"": 1, ""target_noise_loss"": 0.0, ""target_size"": 100}, {""coverage"": 1.0, ""f1"": 1.0, ""fragments"": 1, ""matched_predicted_cluster"": 15, ""overlap"": 100, ""passes_discovery_thresholds"": true, ""precision"": 1.0, ""purity"": 1.0, ""recall"": 1.0, ""target"": ""cluster_2"", ""target_label"": 2, ""target_noise_loss"": 0.0, ""target_size"": 100}]"
synthetic__global_contamination_noise95__quality__signal300__n6000__kNN+Leiden__233__119512e22b92,ok,synthetic,global_contamination_noise95__quality__signal300__n6000,kNN+Leiden,233,0.2.4,6000,2,0.0028525000088848174,0.40834779999568127,6.451023300003726,235.53125,23.34765625,235.53125,,,evaluation_state/synthetic__global_contamination_noise95__quality__signal300__n6000__kNN+Leiden__233__119512e22b92.npz,6665dd4438eef131dcbbdee1f683c2429d59b59fa7ac1f95be6822bc054b5b2c,8030,1.0,1.0,17,17,0.0,known_synthetic_noise,0.5,0.047619047619047616,6.666666666666667,3,3,0.1,0.9,full_partition,target-discovery-v1,0,0.05,1.0,1.0,0.0,1.0,3,pairwise_f1,hungarian,1.0,0,20,0.0,0.0,0.0,0.0,0.0,0.0,0.028390271600264975,0.014399539214745127,1.0,0.0,20,macro,3,3,1.0,0.09523809523809523,0.05,1.0,17,3,1.0,1.0,3,17,0.0,1.0,1.0,1.0,1.0,"{""background_inner_edge"": 6.0, ""background_intensity"": 3.0, ""background_size"": 5700, ""background_strip_height"": 10.0, ""background_support_area"": 1900.0, ""controlled_factor"": ""global_background_support_at_fixed_local_intensity"", ""declared_noise_fraction"": 0.95, ""dimension"": 2, ""family"": ""global_contamination_invariance"", ""n"": 6000, ""n_targets"": 3, ""paired_background"": ""seeded_prefix"", ""realized_noise_fraction"": 0.95, ""signal_size"": 300}","{""edge_rank"": 15, ""geometry_profile"": ""low_dim"", ""k"": 20, ""knn_backend"": ""kd_tree"", ""resolution"": 0.5, ""symmetrization"": ""union"", ""weights"": ""1/(1+d)""}",{},"[{""coverage"": 1.0, ""f1"": 1.0, ""fragments"": 1, ""matched_predicted_cluster"": 17, ""overlap"": 100, ""passes_discovery_thresholds"": true, ""precision"": 1.0, ""purity"": 1.0, ""recall"": 1.0, ""target"": ""cluster_0"", ""target_label"": 0, ""target_noise_loss"": 0.0, ""target_size"": 100}, {""coverage"": 1.0, ""f1"": 1.0, ""fragments"": 1, ""matched_predicted_cluster"": 18, ""overlap"": 100, ""passes_discovery_thresholds"": true, ""precision"": 1.0, ""purity"": 1.0, ""recall"": 1.0, ""target"": ""cluster_1"", ""target_label"": 1, ""target_noise_loss"": 0.0, ""target_size"": 100}, {""coverage"": 1.0, ""f1"": 1.0, ""fragments"": 1, ""matched_predicted_cluster"": 19, ""overlap"": 100, ""passes_discovery_thresholds"": true, ""precision"": 1.0, ""purity"": 1.0, ""recall"": 1.0, ""target"": ""cluster_2"", ""target_label"": 2, ""target_noise_loss"": 0.0, ""target_size"": 100}]"
synthetic__global_contamination_noise95__quality__signal300__n6000__kNN-DBSCAN__211__4ffabe9aaaea,ok,synthetic,global_contamination_noise95__quality__signal300__n6000,kNN-DBSCAN,211,0.2.4,6000,2,0.003133399994112551,0.036065799999050796,4.8387539999966975,184.859375,2.08203125,185.3515625,,,evaluation_state/synthetic__global_contamination_noise95__quality__signal300__n6000__kNN-DBSCAN__211__4ffabe9aaaea.npz,54eeac3e7f1fd32222940c1e4973dcd3ba45a9531aaf98480398d4c45e72c618,10315,0.8808585673160304,0.889462450725348,343,343,0.5489473684210526,known_synthetic_noise,0.7628070175438597,0.4467238094475021,115.66666666666667,4,3,0.1,0.9,full_partition,target-discovery-v1,1,0.05,0.9166666666666666,0.9541426707405768,0.02333333333333333,1.0,3,pairwise_f1,hungarian,1.3333333333333333,0,347,0.8130035057825812,0.7082390221819828,0.7082390221819828,0.5226666666666666,0.9977678571428571,0.5489473684210526,0.6730586370839937,0.553715775749674,0.857979797979798,0.5226666666666666,347,macro,3,2,0.9766666666666667,0.1852085967130215,0.10230446927374302,0.9766666666666667,343,3,1.0,1.0,3,344,0.0,0.9166666666666666,1.0,0.9541426707405769,1.0,"{""background_inner_edge"": 6.0, ""background_intensity"": 3.0, ""background_size"": 5700, ""background_strip_height"": 10.0, ""background_support_area"": 1900.0, ""controlled_factor"": ""global_background_support_at_fixed_local_intensity"", ""declared_noise_fraction"": 0.95, ""dimension"": 2, ""family"": ""global_contamination_invariance"", ""n"": 6000, ""n_targets"": 3, ""paired_background"": ""seeded_prefix"", ""realized_noise_fraction"": 0.95, ""signal_size"": 300}","{""eps"": 0.5221023559570312, ""eps_quantile"": 0.25, ""geometry_profile"": ""low_dim"", ""k"": 4, ""knn_backend"": ""kd_tree"", ""min_samples"": 5}",{},"[{""coverage"": 0.79, ""f1"": 0.8826815642458101, ""fragments"": 2, ""matched_predicted_cluster"": 20, ""overlap"": 79, ""passes_discovery_thresholds"": true, ""precision"": 1.0, ""purity"": 1.0, ""recall"": 0.79, ""target"": ""cluster_0"", ""target_label"": 0, ""target_noise_loss"": 0.03, ""target_size"": 100}, {""coverage"": 0.97, ""f1"": 0.9847715736040609, ""fragments"": 1, ""matched_predicted_cluster"": 10, ""overlap"": 97, ""passes_discovery_thresholds"": true, ""precision"": 1.0, ""purity"": 1.0, ""recall"": 0.97, ""target"": ""cluster_1"", ""target_label"": 1, ""target_noise_loss"": 0.03, ""target_size"": 100}, {""coverage"": 0.99, ""f1"": 0.9949748743718593, ""fragments"": 1, ""matched_predicted_cluster"": 6, ""overlap"": 99, ""passes_discovery_thresholds"": true, ""precision"": 1.0, ""purity"": 1.0, ""recall"": 0.99, ""target"": ""cluster_2"", ""target_label"": 2, ""target_noise_loss"": 0.01, ""target_size"": 100}]"
synthetic__global_contamination_noise95__quality__signal300__n6000__kNN-DBSCAN__223__a3cd5b0c455d,ok,synthetic,global_contamination_noise95__quality__signal300__n6000,kNN-DBSCAN,223,0.2.4,6000,2,0.0024258999910671264,0.034193999992567115,4.925753200004692,184.51171875,2.0390625,184.98828125,,,evaluation_state/synthetic__global_contamination_noise95__quality__signal300__n6000__kNN-DBSCAN__223__a3cd5b0c455d.npz,e96053ccbdef7ea0306c6440b461b9adaff93088816f0876efa82ce24896f90f,10290,0.9603871516442142,0.9749793725416577,336,336,0.5452631578947369,known_synthetic_noise,0.764298245614035,0.4452243813167722,113.0,3,3,0.1,0.9,full_partition,target-discovery-v1,0,0.05,0.9833333333333334,0.991556854501017,0.016666666666666666,1.0,3,pairwise_f1,hungarian,1.0,0,339,0.8242977142540929,0.7053216838760923,0.7053216838760923,0.5188333333333334,0.9983938323160938,0.5452631578947369,0.6995688290175635,0.5480325178428305,0.966936026936027,0.5188333333333334,339,macro,3,3,0.9833333333333333,0.18512707875745216,0.10218219605126429,0.9833333333333333,336,3,1.0,1.0,3,336,0.0,0.9833333333333333,1.0,0.9915568545010169,1.0,"{""background_inner_edge"": 6.0, ""background_intensity"": 3.0, ""background_size"": 5700, ""background_strip_height"": 10.0, ""background_support_area"": 1900.0, ""controlled_factor"": ""global_background_support_at_fixed_local_intensity"", ""declared_noise_fraction"": 0.95, ""dimension"": 2, ""family"": ""global_contamination_invariance"", ""n"": 6000, ""n_targets"": 3, ""paired_background"": ""seeded_prefix"", ""realized_noise_fraction"": 0.95, ""signal_size"": 300}","{""eps"": 0.5297350287437439, ""eps_quantile"": 0.25, ""geometry_profile"": ""low_dim"", ""k"": 4, ""knn_backend"": ""kd_tree"", ""min_samples"": 5}",{},"[{""coverage"": 0.97, ""f1"": 0.9847715736040609, ""fragments"": 1, ""matched_predicted_cluster"": 11, ""overlap"": 97, ""passes_discovery_thresholds"": true, ""precision"": 1.0, ""purity"": 1.0, ""recall"": 0.97, ""target"": ""cluster_0"", ""target_label"": 0, ""target_noise_loss"": 0.03, ""target_size"": 100}, {""coverage"": 0.98, ""f1"": 0.98989898989899, ""fragments"": 1, ""matched_predicted_cluster"": 16, ""overlap"": 98, ""passes_discovery_thresholds"": true, ""precision"": 1.0, ""purity"": 1.0, ""recall"": 0.98, ""target"": ""cluster_1"", ""target_label"": 1, ""target_noise_loss"": 0.02, ""target_size"": 100}, {""coverage"": 1.0, ""f1"": 1.0, ""fragments"": 1, ""matched_predicted_cluster"": 42, ""overlap"": 100, ""passes_discovery_thresholds"": true, ""precision"": 1.0, ""purity"": 1.0, ""recall"": 1.0, ""target"": ""cluster_2"", ""target_label"": 2, ""target_noise_loss"": 0.0, ""target_size"": 100}]"
synthetic__global_contamination_noise95__quality__signal300__n6000__kNN-DBSCAN__227__a59b4ba56f43,ok,synthetic,global_contamination_noise95__quality__signal300__n6000,kNN-DBSCAN,227,0.2.4,6000,2,0.00300319999223575,0.02885000000242144,4.761043600010453,184.65234375,2.07421875,185.13671875,,,evaluation_state/synthetic__global_contamination_noise95__quality__signal300__n6000__kNN-DBSCAN__227__a59b4ba56f43.npz,5979c753b9b4224f81a7191725336d03e88d55483f365078bee774d84c75015e,10331,0.9099854727774624,0.9223203029966975,350,350,0.5542105263157895,known_synthetic_noise,0.7704385964912281,0.45078325608991276,118.0,4,3,0.1,0.9,full_partition,target-discovery-v1,1,0.05,0.9433333333333334,0.9696228892208792,0.013333333333333334,1.0,3,pairwise_f1,hungarian,1.3333333333333333,0,354,0.8216433558828827,0.7128511790590094,0.7128511790590094,0.5271666666666667,0.9987353778058805,0.5542105263157895,0.7106166662230857,0.5875104519649694,0.898989898989899,0.5271666666666667,354,macro,3,3,0.9866666666666667,0.1887153331208161,0.10433556573845612,0.9866666666666667,350,3,1.0,1.0,3,351,0.0,0.9433333333333334,1.0,0.9696228892208792,1.0,"{""background_inner_edge"": 6.0, ""background_intensity"": 3.0, ""background_size"": 5700, ""background_strip_height"": 10.0, ""background_support_area"": 1900.0, ""controlled_factor"": ""global_background_support_at_fixed_local_intensity"", ""declared_noise_fraction"": 0.95, ""dimension"": 2, ""family"": ""global_contamination_invariance"", ""n"": 6000, ""n_targets"": 3, ""paired_background"": ""seeded_prefix"", ""realized_noise_fraction"": 0.95, ""signal_size"": 300}","{""eps"": 0.5233848094940186, ""eps_quantile"": 0.25, ""geometry_profile"": ""low_dim"", ""k"": 4, ""knn_backend"": ""kd_tree"", ""min_samples"": 5}",{},"[{""coverage"": 0.99, ""f1"": 0.9949748743718593, ""fragments"": 1, ""matched_predicted_cluster"": 4, ""overlap"": 99, ""passes_discovery_thresholds"": true, ""precision"": 1.0, ""purity"": 1.0, ""recall"": 0.99, ""target"": ""cluster_0"", ""target_label"": 0, ""target_noise_loss"": 0.01, ""target_size"": 100}, {""coverage"": 0.85, ""f1"": 0.9189189189189189, ""fragments"": 2, ""matched_predicted_cluster"": 0, ""overlap"": 85, ""passes_discovery_thresholds"": true, ""precision"": 1.0, ""purity"": 1.0, ""recall"": 0.85, ""target"": ""cluster_1"", ""target_label"": 1, ""target_noise_loss"": 0.02, ""target_size"": 100}, {""coverage"": 0.99, ""f1"": 0.9949748743718593, ""fragments"": 1, ""matched_predicted_cluster"": 2, ""overlap"": 99, ""passes_discovery_thresholds"": true, ""precision"": 1.0, ""purity"": 1.0, ""recall"": 0.99, ""target"": ""cluster_2"", ""target_label"": 2, ""target_noise_loss"": 0.01, ""target_size"": 100}]"
synthetic__global_contamination_noise95__quality__signal300__n6000__kNN-DBSCAN__229__00474dc6099f,ok,synthetic,global_contamination_noise95__quality__signal300__n6000,kNN-DBSCAN,229,0.2.4,6000,2,0.002338000005693175,0.04055579999112524,4.859822600003099,184.54296875,2.08203125,185.0546875,,,evaluation_state/synthetic__global_contamination_noise95__quality__signal300__n6000__kNN-DBSCAN__229__00474dc6099f.npz,ec1efdc5299873b8a97249209b688172d42ce65e2e96f0981f8250bc1d9105a5,10281,0.9809982501286233,0.9899493302734766,338,338,0.5471929824561403,known_synthetic_noise,0.7702631578947368,0.4473281984329268,113.66666666666667,3,3,0.1,0.9,full_partition,target-discovery-v1,0,0.05,0.9933333333333333,0.9966499162479062,0.006666666666666667,1.0,3,pairwise_f1,hungarian,1.0,0,341,0.8273227068108941,0.707176057136379,0.707176057136379,0.5201666666666667,0.9993591797500802,0.5471929824561403,0.7260834014717907,0.574385510996119,0.9866666666666667,0.5201666666666667,341,macro,3,3,0.9933333333333333,0.18748033972947467,0.10350816255644321,0.9933333333333333,338,3,1.0,1.0,3,338,0.0,0.9933333333333333,1.0,0.9966499162479061,1.0,"{""background_inner_edge"": 6.0, ""background_intensity"": 3.0, ""background_size"": 5700, ""background_strip_height"": 10.0, ""background_support_area"": 1900.0, ""controlled_factor"": ""global_background_support_at_fixed_local_intensity"", ""declared_noise_fraction"": 0.95, ""dimension"": 2, ""family"": ""global_contamination_invariance"", ""n"": 6000, ""n_targets"": 3, ""paired_background"": ""seeded_prefix"", ""realized_noise_fraction"": 0.95, ""signal_size"": 300}","{""eps"": 0.5285791754722595, ""eps_quantile"": 0.25, ""geometry_profile"": ""low_dim"", ""k"": 4, ""knn_backend"": ""kd_tree"", ""min_samples"": 5}",{},"[{""coverage"": 1.0, ""f1"": 1.0, ""fragments"": 1, ""matched_predicted_cluster"": 22, ""overlap"": 100, ""passes_discovery_thresholds"": true, ""precision"": 1.0, ""purity"": 1.0, ""recall"": 1.0, ""target"": ""cluster_0"", ""target_label"": 0, ""target_noise_loss"": 0.0, ""target_size"": 100}, {""coverage"": 0.99, ""f1"": 0.9949748743718593, ""fragments"": 1, ""matched_predicted_cluster"": 9, ""overlap"": 99, ""passes_discovery_thresholds"": true, ""precision"": 1.0, ""purity"": 1.0, ""recall"": 0.99, ""target"": ""cluster_1"", ""target_label"": 1, ""target_noise_loss"": 0.01, ""target_size"": 100}, {""coverage"": 0.99, ""f1"": 0.9949748743718593, ""fragments"": 1, ""matched_predicted_cluster"": 45, ""overlap"": 99, ""passes_discovery_thresholds"": true, ""precision"": 1.0, ""purity"": 1.0, ""recall"": 0.99, ""target"": ""cluster_2"", ""target_label"": 2, ""target_noise_loss"": 0.01, ""target_size"": 100}]"
synthetic__global_contamination_noise95__quality__signal300__n6000__kNN-DBSCAN__233__d138ec3b6f88,ok,synthetic,global_contamination_noise95__quality__signal300__n6000,kNN-DBSCAN,233,0.2.4,6000,2,0.002949000001535751,0.030679199990117922,4.974723900013487,184.59375,2.0546875,185.078125,,,evaluation_state/synthetic__global_contamination_noise95__quality__signal300__n6000__kNN-DBSCAN__233__d138ec3b6f88.npz,5097d369e43ec1ec690afdf2eee54b3ff646fe866beafc126ab0413e8d8ba44c,10267,0.9358774124161202,0.9595638964518409,335,335,0.5505263157894736,known_synthetic_noise,0.7619298245614035,0.4473174538295023,112.66666666666667,3,3,0.1,0.9,full_partition,target-discovery-v1,0,0.05,0.9733333333333333,0.986446094903538,0.02666666666666667,1.0,3,pairwise_f1,hungarian,1.0,0,338,0.825342425673061,0.7094732082297084,0.7094732082297084,0.5243333333333333,0.9974570883661793,0.5505263157894736,0.7073109412711183,0.5643504774131429,0.9472727272727273,0.5243333333333333,338,macro,3,3,0.9733333333333334,0.18516169942929617,0.102312543798178,0.9733333333333334,335,3,1.0,1.0,3,335,0.0,0.9733333333333334,1.0,0.9864460949035379,1.0,"{""background_inner_edge"": 6.0, ""background_intensity"": 3.0, ""background_size"": 5700, ""background_strip_height"": 10.0, ""background_support_area"": 1900.0, ""controlled_factor"": ""global_background_support_at_fixed_local_intensity"", ""declared_noise_fraction"": 0.95, ""dimension"": 2, ""family"": ""global_contamination_invariance"", ""n"": 6000, ""n_targets"": 3, ""paired_background"": ""seeded_prefix"", ""realized_noise_fraction"": 0.95, ""signal_size"": 300}","{""eps"": 0.5171321630477905, ""eps_quantile"": 0.25, ""geometry_profile"": ""low_dim"", ""k"": 4, ""knn_backend"": ""kd_tree"", ""min_samples"": 5}",{},"[{""coverage"": 0.97, ""f1"": 0.9847715736040609, ""fragments"": 1, ""matched_predicted_cluster"": 23, ""overlap"": 97, ""passes_discovery_thresholds"": true, ""precision"": 1.0, ""purity"": 1.0, ""recall"": 0.97, ""target"": ""cluster_0"", ""target_label"": 0, ""target_noise_loss"": 0.03, ""target_size"": 100}, {""coverage"": 0.96, ""f1"": 0.9795918367346939, ""fragments"": 1, ""matched_predicted_cluster"": 13, ""overlap"": 96, ""passes_discovery_thresholds"": true, ""precision"": 1.0, ""purity"": 1.0, ""recall"": 0.96, ""target"": ""cluster_1"", ""target_label"": 1, ""target_noise_loss"": 0.04, ""target_size"": 100}, {""coverage"": 0.99, ""f1"": 0.9949748743718593, ""fragments"": 1, ""matched_predicted_cluster"": 0, ""overlap"": 99, ""passes_discovery_thresholds"": true, ""precision"": 1.0, ""purity"": 1.0, ""recall"": 0.99, ""target"": ""cluster_2"", ""target_label"": 2, ""target_noise_loss"": 0.01, ""target_size"": 100}]"
synthetic__global_contamination_noise99__quality__signal300__n30000__AMD-DBSCAN__211__82a65a2c1797,ok,synthetic,global_contamination_noise99__quality__signal300__n30000,AMD-DBSCAN,211,0.2.4,30000,2,0.007722700000158511,299.7343421999976,304.94866679998813,3969.46875,3784.06640625,3969.46875,,,evaluation_state/synthetic__global_contamination_noise99__quality__signal300__n30000__AMD-DBSCAN__211__82a65a2c1797.npz,fc83956971788e8a686e7bac8206559fdbe88c30b5512f3ee4ec3b4506cb48a7,11731,0.7326451023952698,0.5697841726618705,2,0,0.0,known_synthetic_noise,0.5,0.009900990099009901,0.6666666666666666,2,0,0.1,0.9,full_partition,target-discovery-v1,0,0.05,0.6666666666666666,0.0088301188922879,0.0,0.004444493827709197,2,pairwise_f1,hungarian,1.0,1,2,0.0,0.0,0.0,0.0,0.0,0.0,0.00013199862134773258,6.600366687038168e-05,1.0,0.0,2,macro,0,0,1.0,0.019801980198019802,0.01,1.0,2,3,0.0,0.0,3,0,0.0,0.6666666666666666,0.0,0.0088301188922879,0.004444493827709196,"{""background_inner_edge"": 6.0, ""background_intensity"": 3.0, ""background_size"": 29700, ""background_strip_height"": 10.0, ""background_support_area"": 9900.0, ""controlled_factor"": ""global_background_support_at_fixed_local_intensity"", ""declared_noise_fraction"": 0.99, ""dimension"": 2, ""family"": ""global_contamination_invariance"", ""n"": 30000, ""n_targets"": 3, ""paired_background"": ""seeded_prefix"", ""realized_noise_fraction"": 0.99, ""signal_size"": 300}","{""adaptive_rank"": 87, ""balance_rounds"": 3, ""eps_values"": [2.917576680585659, 3.231766315406753, 3.857410869843986], ""geometry_profile"": ""low_dim"", ""knn_backend"": ""kd_tree"", ""n_density_levels"": 3}",{},"[{""coverage"": 1.0, ""f1"": 0.013201320132013201, ""fragments"": 1, ""matched_predicted_cluster"": 1, ""overlap"": 100, ""passes_discovery_thresholds"": false, ""precision"": 0.006644518272425249, ""purity"": 0.006644518272425249, ""recall"": 1.0, ""target"": ""cluster_0"", ""target_label"": 0, ""target_noise_loss"": 0.0, ""target_size"": 100}, {""coverage"": 1.0, ""f1"": 0.013289036544850499, ""fragments"": 1, ""matched_predicted_cluster"": 0, ""overlap"": 100, ""passes_discovery_thresholds"": false, ""precision"": 0.006688963210702341, ""purity"": 0.006688963210702341, ""recall"": 1.0, ""target"": ""cluster_1"", ""target_label"": 1, ""target_noise_loss"": 0.0, ""target_size"": 100}, {""coverage"": 0.0, ""f1"": 0.0, ""fragments"": 1, ""matched_predicted_cluster"": null, ""overlap"": 0, ""passes_discovery_thresholds"": false, ""precision"": 0.0, ""purity"": 0.0, ""recall"": 0.0, ""target"": ""cluster_2"", ""target_label"": 2, ""target_noise_loss"": 0.0, ""target_size"": 100}]"
synthetic__global_contamination_noise99__quality__signal300__n30000__AMD-DBSCAN__223__fe33ffbe2e6e,ok,synthetic,global_contamination_noise99__quality__signal300__n30000,AMD-DBSCAN,223,0.2.4,30000,2,0.005243799998424947,299.7975589999987,304.8160313999979,3502.6640625,3317.296875,3505.8515625,,,evaluation_state/synthetic__global_contamination_noise99__quality__signal300__n30000__AMD-DBSCAN__223__fe33ffbe2e6e.npz,bf3437ac65900796a6284ddc7e16d3cfbe85204f17e90247117297cd182b4c70,12024,1.0,1.0,2,0,0.0,known_synthetic_noise,0.5,0.009900990099009901,1.0,3,1,0.1,0.9,full_partition,target-discovery-v1,0,0.05,1.0,0.3421926910299003,0.0,0.3377926421404682,3,pairwise_f1,hungarian,1.0,0,3,0.0,0.0,0.0,0.0,0.0,0.0,0.00013288153611055743,6.64451827242525e-05,1.0,0.0,3,macro,1,1,1.0,0.019801980198019802,0.01,1.0,2,3,0.3333333333333333,0.3333333333333333,3,0,0.0,1.0,0.3333333333333333,0.34219269102990035,0.3377926421404682,"{""background_inner_edge"": 6.0, ""background_intensity"": 3.0, ""background_size"": 29700, ""background_strip_height"": 10.0, ""background_support_area"": 9900.0, ""controlled_factor"": ""global_background_support_at_fixed_local_intensity"", ""declared_noise_fraction"": 0.99, ""dimension"": 2, ""family"": ""global_contamination_invariance"", ""n"": 30000, ""n_targets"": 3, ""paired_background"": ""seeded_prefix"", ""realized_noise_fraction"": 0.99, ""signal_size"": 300}","{""adaptive_rank"": 87, ""balance_rounds"": 3, ""eps_values"": [2.9168281573542476, 3.2212731225107967, 3.8665750819775595], ""geometry_profile"": ""low_dim"", ""knn_backend"": ""kd_tree"", ""n_density_levels"": 3}",{},"[{""coverage"": 1.0, ""f1"": 0.013289036544850499, ""fragments"": 1, ""matched_predicted_cluster"": 1, ""overlap"": 100, ""passes_discovery_thresholds"": false, ""precision"": 0.006688963210702341, ""purity"": 0.006688963210702341, ""recall"": 1.0, ""target"": ""cluster_0"", ""target_label"": 0, ""target_noise_loss"": 0.0, ""target_size"": 100}, {""coverage"": 1.0, ""f1"": 0.013289036544850499, ""fragments"": 1, ""matched_predicted_cluster"": 0, ""overlap"": 100, ""passes_discovery_thresholds"": false, ""precision"": 0.006688963210702341, ""purity"": 0.006688963210702341, ""recall"": 1.0, ""target"": ""cluster_1"", ""target_label"": 1, ""target_noise_loss"": 0.0, ""target_size"": 100}, {""coverage"": 1.0, ""f1"": 1.0, ""fragments"": 1, ""matched_predicted_cluster"": 2, ""overlap"": 100, ""passes_discovery_thresholds"": true, ""precision"": 1.0, ""purity"": 1.0, ""recall"": 1.0, ""target"": ""cluster_2"", ""target_label"": 2, ""target_noise_loss"": 0.0, ""target_size"": 100}]"
synthetic__global_contamination_noise99__quality__signal300__n30000__AMD-DBSCAN__227__7268acd2fd55,ok,synthetic,global_contamination_noise99__quality__signal300__n30000,AMD-DBSCAN,227,0.2.4,30000,2,0.006780900002922863,275.7038579999935,282.70643830001063,1986.8046875,1801.06640625,1987.05078125,,,evaluation_state/synthetic__global_contamination_noise99__quality__signal300__n30000__AMD-DBSCAN__227__7268acd2fd55.npz,d0d93bfa0eadd288b487b2c21f6628039b64037bfb7ac3d503b1f9f996c69f38,12061,1.0,1.0,2,0,0.0,known_synthetic_noise,0.5,0.009900990099009901,1.0,3,1,0.1,0.9,full_partition,target-discovery-v1,0,0.05,1.0,0.3421926910299003,0.0,0.3377926421404682,3,pairwise_f1,hungarian,1.0,0,3,0.0,0.0,0.0,0.0,0.0,0.0,0.00013288153611055743,6.64451827242525e-05,1.0,0.0,3,macro,1,1,1.0,0.019801980198019802,0.01,1.0,2,3,0.3333333333333333,0.3333333333333333,3,0,0.0,1.0,0.3333333333333333,0.34219269102990035,0.3377926421404682,"{""background_inner_edge"": 6.0, ""background_intensity"": 3.0, ""background_size"": 29700, ""background_strip_height"": 10.0, ""background_support_area"": 9900.0, ""controlled_factor"": ""global_background_support_at_fixed_local_intensity"", ""declared_noise_fraction"": 0.99, ""dimension"": 2, ""family"": ""global_contamination_invariance"", ""n"": 30000, ""n_targets"": 3, ""paired_background"": ""seeded_prefix"", ""realized_noise_fraction"": 0.99, ""signal_size"": 300}","{""adaptive_rank"": 87, ""balance_rounds"": 3, ""eps_values"": [2.904186549656439, 3.215053736088485, 3.8690295132030283], ""geometry_profile"": ""low_dim"", ""knn_backend"": ""kd_tree"", ""n_density_levels"": 3}",{},"[{""coverage"": 1.0, ""f1"": 0.013289036544850499, ""fragments"": 1, ""matched_predicted_cluster"": 0, ""overlap"": 100, ""passes_discovery_thresholds"": false, ""precision"": 0.006688963210702341, ""purity"": 0.006688963210702341, ""recall"": 1.0, ""target"": ""cluster_0"", ""target_label"": 0, ""target_noise_loss"": 0.0, ""target_size"": 100}, {""coverage"": 1.0, ""f1"": 0.013289036544850499, ""fragments"": 1, ""matched_predicted_cluster"": 1, ""overlap"": 100, ""passes_discovery_thresholds"": false, ""precision"": 0.006688963210702341, ""purity"": 0.006688963210702341, ""recall"": 1.0, ""target"": ""cluster_1"", ""target_label"": 1, ""target_noise_loss"": 0.0, ""target_size"": 100}, {""coverage"": 1.0, ""f1"": 1.0, ""fragments"": 1, ""matched_predicted_cluster"": 2, ""overlap"": 100, ""passes_discovery_thresholds"": true, ""precision"": 1.0, ""purity"": 1.0, ""recall"": 1.0, ""target"": ""cluster_2"", ""target_label"": 2, ""target_noise_loss"": 0.0, ""target_size"": 100}]"
synthetic__global_contamination_noise99__quality__signal300__n30000__AMD-DBSCAN__229__44a8972ef394,error,synthetic,global_contamination_noise99__quality__signal300__n30000,AMD-DBSCAN,229,,,,,,42.4399870000052,,,111.359375,MemoryError,"Unable to allocate 6.71 GiB for an array with shape (30000, 30000) and data type float64",,,,,,,,,,,,,,,,,,,,,,,,,,,,,,,,,,,,,,,,,,,,,,,,,,,,,,,,,,,,{},{},{},[]
synthetic__global_contamination_noise99__quality__signal300__n30000__AMD-DBSCAN__233__2606dce8c83e,error,synthetic,global_contamination_noise99__quality__signal300__n30000,AMD-DBSCAN,233,,,,,,40.900772000008146,,,118.71875,MemoryError,"Unable to allocate 6.71 GiB for an array with shape (30000, 30000) and data type float64",,,,,,,,,,,,,,,,,,,,,,,,,,,,,,,,,,,,,,,,,,,,,,,,,,,,,,,,,,,,{},{},{},[]
synthetic__global_contamination_noise99__quality__signal300__n30000__DBSCAN__211__4f49689f383a,ok,synthetic,global_contamination_noise99__quality__signal300__n30000,DBSCAN,211,0.2.4,30000,2,0.0072324000066146255,0.4748817999934545,5.46130519999133,191.3359375,6.22265625,193.41015625,,,evaluation_state/synthetic__global_contamination_noise99__quality__signal300__n30000__DBSCAN__211__4f49689f383a.npz,dda0833bd022e00fd87aff897176d1a6a032b5055f14b351f1b8b97dace18f14,59042,0.9740051210129412,0.9849751463816282,1933,1933,0.3214814814814815,known_synthetic_noise,0.6557407407407407,0.25756889175911774,645.3333333333334,3,3,0.1,0.9,full_partition,target-discovery-v1,0,0.05,0.9899999999999999,0.9949579547569497,0.01,1.0,3,pairwise_f1,hungarian,1.0,0,1936,0.6534828171578098,0.4865098978369978,0.4865098978369978,0.3183666666666667,0.9996858967647366,0.3214814814814815,0.16871170977969174,0.09230027714182432,0.9800673400673401,0.3183666666666667,1936,macro,3,3,0.99,0.028627885681237655,0.014523937600860678,0.99,1933,3,1.0,1.0,3,1933,0.0,0.99,1.0,0.9949579547569497,1.0,"{""background_inner_edge"": 6.0, ""background_intensity"": 3.0, ""background_size"": 29700, ""background_strip_height"": 10.0, ""background_support_area"": 9900.0, ""controlled_factor"": ""global_background_support_at_fixed_local_intensity"", ""declared_noise_fraction"": 0.99, ""dimension"": 2, ""family"": ""global_contamination_invariance"", ""n"": 30000, ""n_targets"": 3, ""paired_background"": ""seeded_prefix"", ""realized_noise_fraction"": 0.99, ""signal_size"": 300}","{""base_eps"": 0.8481558561325073, ""eps"": 0.5937090992927551, ""eps_multiplier"": 0.7, ""geometry_profile"": ""low_dim"", ""knn_backend"": ""kd_tree"", ""min_samples"": 5}",{},"[{""coverage"": 0.98, ""f1"": 0.98989898989899, ""fragments"": 1, ""matched_predicted_cluster"": 260, ""overlap"": 98, ""passes_discovery_thresholds"": true, ""precision"": 1.0, ""purity"": 1.0, ""recall"": 0.98, ""target"": ""cluster_0"", ""target_label"": 0, ""target_noise_loss"": 0.02, ""target_size"": 100}, {""coverage"": 0.99, ""f1"": 0.9949748743718593, ""fragments"": 1, ""matched_predicted_cluster"": 25, ""overlap"": 99, ""passes_discovery_thresholds"": true, ""precision"": 1.0, ""purity"": 1.0, ""recall"": 0.99, ""target"": ""cluster_1"", ""target_label"": 1, ""target_noise_loss"": 0.01, ""target_size"": 100}, {""coverage"": 1.0, ""f1"": 1.0, ""fragments"": 1, ""matched_predicted_cluster"": 57, ""overlap"": 100, ""passes_discovery_thresholds"": true, ""precision"": 1.0, ""purity"": 1.0, ""recall"": 1.0, ""target"": ""cluster_2"", ""target_label"": 2, ""target_noise_loss"": 0.0, ""target_size"": 100}]"
synthetic__global_contamination_noise99__quality__signal300__n30000__DBSCAN__223__b55d1fb728ba,ok,synthetic,global_contamination_noise99__quality__signal300__n30000,DBSCAN,223,0.2.4,30000,2,0.005510899994987994,0.463132000004407,5.494696000008844,190.8125,6.1171875,192.0625,,,evaluation_state/synthetic__global_contamination_noise99__quality__signal300__n30000__DBSCAN__223__b55d1fb728ba.npz,ad3398d78a4012f7d3385edc056961b00abd466df4578c011631d9bc945e6807,58960,0.9851989977985108,0.9901010167892863,1934,1934,0.3235353535353535,known_synthetic_noise,0.6584343434343434,0.25883918921421384,645.6666666666666,3,3,0.1,0.9,full_partition,target-discovery-v1,0,0.05,0.9933333333333333,0.9966329966329966,0.006666666666666667,1.0,3,pairwise_f1,hungarian,1.0,0,1937,0.6559724332646325,0.4888707995217623,0.4888707995217623,0.3203666666666667,0.9997919051087296,0.3235353535353535,0.16593154601817514,0.09058201712360522,0.9867340067340067,0.3203666666666667,1937,macro,3,3,0.9933333333333333,0.028807578906665375,0.014615724164990927,0.9933333333333333,1934,3,1.0,1.0,3,1934,0.0,0.9933333333333333,1.0,0.9966329966329965,1.0,"{""background_inner_edge"": 6.0, ""background_intensity"": 3.0, ""background_size"": 29700, ""background_strip_height"": 10.0, ""background_support_area"": 9900.0, ""controlled_factor"": ""global_background_support_at_fixed_local_intensity"", ""declared_noise_fraction"": 0.99, ""dimension"": 2, ""family"": ""global_contamination_invariance"", ""n"": 30000, ""n_targets"": 3, ""paired_background"": ""seeded_prefix"", ""realized_noise_fraction"": 0.99, ""signal_size"": 300}","{""base_eps"": 0.8516365885734558, ""eps"": 0.596145612001419, ""eps_multiplier"": 0.7, ""geometry_profile"": ""low_dim"", ""knn_backend"": ""kd_tree"", ""min_samples"": 5}",{},"[{""coverage"": 0.98, ""f1"": 0.98989898989899, ""fragments"": 1, ""matched_predicted_cluster"": 192, ""overlap"": 98, ""passes_discovery_thresholds"": true, ""precision"": 1.0, ""purity"": 1.0, ""recall"": 0.98, ""target"": ""cluster_0"", ""target_label"": 0, ""target_noise_loss"": 0.02, ""target_size"": 100}, {""coverage"": 1.0, ""f1"": 1.0, ""fragments"": 1, ""matched_predicted_cluster"": 31, ""overlap"": 100, ""passes_discovery_thresholds"": true, ""precision"": 1.0, ""purity"": 1.0, ""recall"": 1.0, ""target"": ""cluster_1"", ""target_label"": 1, ""target_noise_loss"": 0.0, ""target_size"": 100}, {""coverage"": 1.0, ""f1"": 1.0, ""fragments"": 1, ""matched_predicted_cluster"": 187, ""overlap"": 100, ""passes_discovery_thresholds"": true, ""precision"": 1.0, ""purity"": 1.0, ""recall"": 1.0, ""target"": ""cluster_2"", ""target_label"": 2, ""target_noise_loss"": 0.0, ""target_size"": 100}]"
synthetic__global_contamination_noise99__quality__signal300__n30000__DBSCAN__227__270591b82e7e,ok,synthetic,global_contamination_noise99__quality__signal300__n30000,DBSCAN,227,0.2.4,30000,2,0.005945700002484955,0.4579950000043027,5.527155100004165,190.91796875,6.32421875,191.8046875,,,evaluation_state/synthetic__global_contamination_noise99__quality__signal300__n30000__DBSCAN__227__270591b82e7e.npz,e817cdfa749bb69071cfc775f8d6519318d5667ce91fc9429033f7b0360e3411,58968,0.9740051210129412,0.9849751463816282,1979,1979,0.32831649831649834,known_synthetic_noise,0.6591582491582492,0.2616039465324872,660.6666666666666,3,3,0.1,0.9,full_partition,target-discovery-v1,0,0.05,0.9899999999999999,0.9949579547569497,0.01,1.0,3,pairwise_f1,hungarian,1.0,0,1982,0.6604709749787152,0.49429715618188275,0.49429715618188275,0.32513333333333333,0.9996924338732828,0.32831649831649834,0.1723825485469954,0.09450219795204114,0.9800673400673401,0.32513333333333333,1982,macro,3,3,0.99,0.0289107368830916,0.014669564358391781,0.99,1979,3,1.0,1.0,3,1979,0.0,0.99,1.0,0.9949579547569497,1.0,"{""background_inner_edge"": 6.0, ""background_intensity"": 3.0, ""background_size"": 29700, ""background_strip_height"": 10.0, ""background_support_area"": 9900.0, ""controlled_factor"": ""global_background_support_at_fixed_local_intensity"", ""declared_noise_fraction"": 0.99, ""dimension"": 2, ""family"": ""global_contamination_invariance"", ""n"": 30000, ""n_targets"": 3, ""paired_background"": ""seeded_prefix"", ""realized_noise_fraction"": 0.99, ""signal_size"": 300}","{""base_eps"": 0.8496280908584595, ""eps"": 0.5947396636009216, ""eps_multiplier"": 0.7, ""geometry_profile"": ""low_dim"", ""knn_backend"": ""kd_tree"", ""min_samples"": 5}",{},"[{""coverage"": 0.99, ""f1"": 0.9949748743718593, ""fragments"": 1, ""matched_predicted_cluster"": 258, ""overlap"": 99, ""passes_discovery_thresholds"": true, ""precision"": 1.0, ""purity"": 1.0, ""recall"": 0.99, ""target"": ""cluster_0"", ""target_label"": 0, ""target_noise_loss"": 0.01, ""target_size"": 100}, {""coverage"": 0.98, ""f1"": 0.98989898989899, ""fragments"": 1, ""matched_predicted_cluster"": 18, ""overlap"": 98, ""passes_discovery_thresholds"": true, ""precision"": 1.0, ""purity"": 1.0, ""recall"": 0.98, ""target"": ""cluster_1"", ""target_label"": 1, ""target_noise_loss"": 0.02, ""target_size"": 100}, {""coverage"": 1.0, ""f1"": 1.0, ""fragments"": 1, ""matched_predicted_cluster"": 93, ""overlap"": 100, ""passes_discovery_thresholds"": true, ""precision"": 1.0, ""purity"": 1.0, ""recall"": 1.0, ""target"": ""cluster_2"", ""target_label"": 2, ""target_noise_loss"": 0.0, ""target_size"": 100}]"
synthetic__global_contamination_noise99__quality__signal300__n30000__DBSCAN__229__0d1286bf0f50,ok,synthetic,global_contamination_noise99__quality__signal300__n30000,DBSCAN,229,0.2.4,30000,2,0.004685899999458343,0.4468693999951938,5.422438199995668,192.203125,7.125,191.578125,,,evaluation_state/synthetic__global_contamination_noise99__quality__signal300__n30000__DBSCAN__229__0d1286bf0f50.npz,4a54e11e9446e2856cd2b659c57287c6c137cd26237e6109674d72e8797e3c11,59203,0.9914959434433548,0.9950082639109167,1984,1984,0.32195286195286194,known_synthetic_noise,0.6593097643097643,0.25795584434054375,662.3333333333334,3,3,0.1,0.9,full_partition,target-discovery-v1,0,0.05,0.9966666666666667,0.9983249581239532,0.0033333333333333335,1.0,3,pairwise_f1,hungarian,1.0,0,1987,0.6547175213029115,0.4870743448029952,0.4870743448029952,0.31876666666666664,0.9998954303042978,0.32195286195286194,0.16509048583675617,0.09002636525645094,0.9933333333333333,0.31876666666666664,1987,macro,3,3,0.9966666666666667,0.028837343878092298,0.014630327347458042,0.9966666666666667,1984,3,1.0,1.0,3,1984,0.0,0.9966666666666667,1.0,0.9983249581239529,1.0,"{""background_inner_edge"": 6.0, ""background_intensity"": 3.0, ""background_size"": 29700, ""background_strip_height"": 10.0, ""background_support_area"": 9900.0, ""controlled_factor"": ""global_background_support_at_fixed_local_intensity"", ""declared_noise_fraction"": 0.99, ""dimension"": 2, ""family"": ""global_contamination_invariance"", ""n"": 30000, ""n_targets"": 3, ""paired_background"": ""seeded_prefix"", ""realized_noise_fraction"": 0.99, ""signal_size"": 300}","{""base_eps"": 0.8501947522163391, ""eps"": 0.5951363265514373, ""eps_multiplier"": 0.7, ""geometry_profile"": ""low_dim"", ""knn_backend"": ""kd_tree"", ""min_samples"": 5}",{},"[{""coverage"": 1.0, ""f1"": 1.0, ""fragments"": 1, ""matched_predicted_cluster"": 50, ""overlap"": 100, ""passes_discovery_thresholds"": true, ""precision"": 1.0, ""purity"": 1.0, ""recall"": 1.0, ""target"": ""cluster_0"", ""target_label"": 0, ""target_noise_loss"": 0.0, ""target_size"": 100}, {""coverage"": 0.99, ""f1"": 0.9949748743718593, ""fragments"": 1, ""matched_predicted_cluster"": 48, ""overlap"": 99, ""passes_discovery_thresholds"": true, ""precision"": 1.0, ""purity"": 1.0, ""recall"": 0.99, ""target"": ""cluster_1"", ""target_label"": 1, ""target_noise_loss"": 0.01, ""target_size"": 100}, {""coverage"": 1.0, ""f1"": 1.0, ""fragments"": 1, ""matched_predicted_cluster"": 135, ""overlap"": 100, ""passes_discovery_thresholds"": true, ""precision"": 1.0, ""purity"": 1.0, ""recall"": 1.0, ""target"": ""cluster_2"", ""target_label"": 2, ""target_noise_loss"": 0.0, ""target_size"": 100}]"
synthetic__global_contamination_noise99__quality__signal300__n30000__DBSCAN__233__05ef47a231f5,ok,synthetic,global_contamination_noise99__quality__signal300__n30000,DBSCAN,233,0.2.4,30000,2,0.005324199999449775,0.48001520000980236,5.260122299994691,193.75,8.296875,191.99609375,,,evaluation_state/synthetic__global_contamination_noise99__quality__signal300__n30000__DBSCAN__233__05ef47a231f5.npz,38f774ebf9a0a7f5087ebaba52a3c1f6ee31f21f26eb2998bbaa0bdc9f05fe7c,58758,0.9698276113084682,0.9848231208333376,1901,1901,0.3215824915824916,known_synthetic_noise,0.6557912457912458,0.25762879613595246,634.6666666666666,3,3,0.1,0.9,full_partition,target-discovery-v1,0,0.05,0.9899999999999999,0.9949748743718593,0.01,1.0,3,pairwise_f1,hungarian,1.0,0,1904,0.6535908045818108,0.48662556682121566,0.48662556682121566,0.3184666666666667,0.9996859953945991,0.3215824915824916,0.15768857779053957,0.0857425660906504,0.98,0.3184666666666667,1904,macro,3,3,0.99,0.028632025450689286,0.014526068668688252,0.99,1901,3,1.0,1.0,3,1901,0.0,0.99,1.0,0.9949748743718594,1.0,"{""background_inner_edge"": 6.0, ""background_intensity"": 3.0, ""background_size"": 29700, ""background_strip_height"": 10.0, ""background_support_area"": 9900.0, ""controlled_factor"": ""global_background_support_at_fixed_local_intensity"", ""declared_noise_fraction"": 0.99, ""dimension"": 2, ""family"": ""global_contamination_invariance"", ""n"": 30000, ""n_targets"": 3, ""paired_background"": ""seeded_prefix"", ""realized_noise_fraction"": 0.99, ""signal_size"": 300}","{""base_eps"": 0.8531430959701538, ""eps"": 0.5972001671791076, ""eps_multiplier"": 0.7, ""geometry_profile"": ""low_dim"", ""knn_backend"": ""kd_tree"", ""min_samples"": 5}",{},"[{""coverage"": 0.99, ""f1"": 0.9949748743718593, ""fragments"": 1, ""matched_predicted_cluster"": 88, ""overlap"": 99, ""passes_discovery_thresholds"": true, ""precision"": 1.0, ""purity"": 1.0, ""recall"": 0.99, ""target"": ""cluster_0"", ""target_label"": 0, ""target_noise_loss"": 0.01, ""target_size"": 100}, {""coverage"": 0.99, ""f1"": 0.9949748743718593, ""fragments"": 1, ""matched_predicted_cluster"": 132, ""overlap"": 99, ""passes_discovery_thresholds"": true, ""precision"": 1.0, ""purity"": 1.0, ""recall"": 0.99, ""target"": ""cluster_1"", ""target_label"": 1, ""target_noise_loss"": 0.01, ""target_size"": 100}, {""coverage"": 0.99, ""f1"": 0.9949748743718593, ""fragments"": 1, ""matched_predicted_cluster"": 219, ""overlap"": 99, ""passes_discovery_thresholds"": true, ""precision"": 1.0, ""purity"": 1.0, ""recall"": 0.99, ""target"": ""cluster_2"", ""target_label"": 2, ""target_noise_loss"": 0.01, ""target_size"": 100}]"
synthetic__global_contamination_noise99__quality__signal300__n30000__HDBSCAN__211__8f847053dbf1,ok,synthetic,global_contamination_noise99__quality__signal300__n30000,HDBSCAN,211,0.2.4,30000,2,0.005678000001353212,11.311451899993699,16.138464600007865,189.86328125,4.0859375,189.8359375,,,evaluation_state/synthetic__global_contamination_noise99__quality__signal300__n30000__HDBSCAN__211__8f847053dbf1.npz,a37643937c16e9ce65173d6e126016db2eb2114f8cb924e0200a3dd37bcb0dc7,12247,1.0,1.0,2,1,0.0,known_synthetic_noise,0.5,0.009900990099009901,1.3333333333333333,3,2,0.1,0.9,full_partition,target-discovery-v1,0,0.05,1.0,0.6710963455149502,0.0,0.6688963210702341,3,pairwise_f1,hungarian,1.0,0,4,0.0,0.0,0.0,0.0,0.0,0.0,0.0001337703163667982,6.688963210702341e-05,1.0,0.0,4,macro,2,2,1.0,0.019801980198019802,0.01,1.0,2,3,0.6666666666666666,0.6666666666666666,3,1,0.0,1.0,0.6666666666666666,0.6710963455149501,0.6688963210702341,"{""background_inner_edge"": 6.0, ""background_intensity"": 3.0, ""background_size"": 29700, ""background_strip_height"": 10.0, ""background_support_area"": 9900.0, ""controlled_factor"": ""global_background_support_at_fixed_local_intensity"", ""declared_noise_fraction"": 0.99, ""dimension"": 2, ""family"": ""global_contamination_invariance"", ""n"": 30000, ""n_targets"": 3, ""paired_background"": ""seeded_prefix"", ""realized_noise_fraction"": 0.99, ""signal_size"": 300}","{""geometry_profile"": ""low_dim"", ""knn_backend"": ""kd_tree"", ""min_cluster_size"": 40, ""min_samples"": 5}",{},"[{""coverage"": 1.0, ""f1"": 0.013289036544850499, ""fragments"": 1, ""matched_predicted_cluster"": 2, ""overlap"": 100, ""passes_discovery_thresholds"": false, ""precision"": 0.006688963210702341, ""purity"": 0.006688963210702341, ""recall"": 1.0, ""target"": ""cluster_0"", ""target_label"": 0, ""target_noise_loss"": 0.0, ""target_size"": 100}, {""coverage"": 1.0, ""f1"": 1.0, ""fragments"": 1, ""matched_predicted_cluster"": 1, ""overlap"": 100, ""passes_discovery_thresholds"": true, ""precision"": 1.0, ""purity"": 1.0, ""recall"": 1.0, ""target"": ""cluster_1"", ""target_label"": 1, ""target_noise_loss"": 0.0, ""target_size"": 100}, {""coverage"": 1.0, ""f1"": 1.0, ""fragments"": 1, ""matched_predicted_cluster"": 3, ""overlap"": 100, ""passes_discovery_thresholds"": true, ""precision"": 1.0, ""purity"": 1.0, ""recall"": 1.0, ""target"": ""cluster_2"", ""target_label"": 2, ""target_noise_loss"": 0.0, ""target_size"": 100}]"
synthetic__global_contamination_noise99__quality__signal300__n30000__HDBSCAN__223__d2af8ee3781e,ok,synthetic,global_contamination_noise99__quality__signal300__n30000,HDBSCAN,223,0.2.4,30000,2,0.006052900003851391,11.13857409999764,15.968416900010197,189.80859375,5.00390625,189.796875,,,evaluation_state/synthetic__global_contamination_noise99__quality__signal300__n30000__HDBSCAN__223__d2af8ee3781e.npz,a1af65bd2de5f5088d5e1fcac1a6fb7e98b241bc7946d3f0c26714af422d3cf1,11415,1.0,1.0,2,2,0.00010101010101010101,known_synthetic_noise,0.5000505050505051,0.010002970391128036,1.6666666666666667,3,3,0.1,0.9,full_partition,target-discovery-v1,0,0.05,1.0,1.0,0.0,1.0,3,pairwise_f1,hungarian,1.0,0,5,0.000403918004645057,0.00020199979800020198,0.00020199979800020198,0.0001,1.0,0.00010101010101010101,0.00013469827219669017,6.735367230998822e-05,1.0,0.0001,5,macro,3,3,1.0,0.01980394098425587,0.010001000100010001,1.0,2,3,1.0,1.0,3,2,0.0,1.0,1.0,1.0,1.0,"{""background_inner_edge"": 6.0, ""background_intensity"": 3.0, ""background_size"": 29700, ""background_strip_height"": 10.0, ""background_support_area"": 9900.0, ""controlled_factor"": ""global_background_support_at_fixed_local_intensity"", ""declared_noise_fraction"": 0.99, ""dimension"": 2, ""family"": ""global_contamination_invariance"", ""n"": 30000, ""n_targets"": 3, ""paired_background"": ""seeded_prefix"", ""realized_noise_fraction"": 0.99, ""signal_size"": 300}","{""geometry_profile"": ""low_dim"", ""knn_backend"": ""kd_tree"", ""min_cluster_size"": 40, ""min_samples"": 5}",{},"[{""coverage"": 1.0, ""f1"": 1.0, ""fragments"": 1, ""matched_predicted_cluster"": 1, ""overlap"": 100, ""passes_discovery_thresholds"": true, ""precision"": 1.0, ""purity"": 1.0, ""recall"": 1.0, ""target"": ""cluster_0"", ""target_label"": 0, ""target_noise_loss"": 0.0, ""target_size"": 100}, {""coverage"": 1.0, ""f1"": 1.0, ""fragments"": 1, ""matched_predicted_cluster"": 4, ""overlap"": 100, ""passes_discovery_thresholds"": true, ""precision"": 1.0, ""purity"": 1.0, ""recall"": 1.0, ""target"": ""cluster_1"", ""target_label"": 1, ""target_noise_loss"": 0.0, ""target_size"": 100}, {""coverage"": 1.0, ""f1"": 1.0, ""fragments"": 1, ""matched_predicted_cluster"": 0, ""overlap"": 100, ""passes_discovery_thresholds"": true, ""precision"": 1.0, ""purity"": 1.0, ""recall"": 1.0, ""target"": ""cluster_2"", ""target_label"": 2, ""target_noise_loss"": 0.0, ""target_size"": 100}]"
synthetic__global_contamination_noise99__quality__signal300__n30000__HDBSCAN__227__c46f415012cd,ok,synthetic,global_contamination_noise99__quality__signal300__n30000,HDBSCAN,227,0.2.4,30000,2,0.005638900009216741,11.246656800009077,16.065492800000357,188.76953125,3.8203125,191.36328125,,,evaluation_state/synthetic__global_contamination_noise99__quality__signal300__n30000__HDBSCAN__227__c46f415012cd.npz,71f7c74c63c61528f0fb219556ab2ea359ac8437fa6644c4864bea46d3df9be3,11475,1.0,1.0,2,2,0.0,known_synthetic_noise,0.5,0.009900990099009901,1.6666666666666667,3,3,0.1,0.9,full_partition,target-discovery-v1,0,0.05,1.0,1.0,0.0,1.0,3,pairwise_f1,hungarian,1.0,0,5,0.0,0.0,0.0,0.0,0.0,0.0,0.00013467106592148675,6.734006734006734e-05,1.0,0.0,5,macro,3,3,1.0,0.019801980198019802,0.01,1.0,2,3,1.0,1.0,3,2,0.0,1.0,1.0,1.0,1.0,"{""background_inner_edge"": 6.0, ""background_intensity"": 3.0, ""background_size"": 29700, ""background_strip_height"": 10.0, ""background_support_area"": 9900.0, ""controlled_factor"": ""global_background_support_at_fixed_local_intensity"", ""declared_noise_fraction"": 0.99, ""dimension"": 2, ""family"": ""global_contamination_invariance"", ""n"": 30000, ""n_targets"": 3, ""paired_background"": ""seeded_prefix"", ""realized_noise_fraction"": 0.99, ""signal_size"": 300}","{""geometry_profile"": ""low_dim"", ""knn_backend"": ""kd_tree"", ""min_cluster_size"": 40, ""min_samples"": 5}",{},"[{""coverage"": 1.0, ""f1"": 1.0, ""fragments"": 1, ""matched_predicted_cluster"": 2, ""overlap"": 100, ""passes_discovery_thresholds"": true, ""precision"": 1.0, ""purity"": 1.0, ""recall"": 1.0, ""target"": ""cluster_0"", ""target_label"": 0, ""target_noise_loss"": 0.0, ""target_size"": 100}, {""coverage"": 1.0, ""f1"": 1.0, ""fragments"": 1, ""matched_predicted_cluster"": 3, ""overlap"": 100, ""passes_discovery_thresholds"": true, ""precision"": 1.0, ""purity"": 1.0, ""recall"": 1.0, ""target"": ""cluster_1"", ""target_label"": 1, ""target_noise_loss"": 0.0, ""target_size"": 100}, {""coverage"": 1.0, ""f1"": 1.0, ""fragments"": 1, ""matched_predicted_cluster"": 0, ""overlap"": 100, ""passes_discovery_thresholds"": true, ""precision"": 1.0, ""purity"": 1.0, ""recall"": 1.0, ""target"": ""cluster_2"", ""target_label"": 2, ""target_noise_loss"": 0.0, ""target_size"": 100}]"
synthetic__global_contamination_noise99__quality__signal300__n30000__HDBSCAN__229__9c136b9d4a82,ok,synthetic,global_contamination_noise99__quality__signal300__n30000,HDBSCAN,229,0.2.4,30000,2,0.0049992999993264675,11.210256699996535,16.092019099989557,189.75390625,5.19140625,189.7578125,,,evaluation_state/synthetic__global_contamination_noise99__quality__signal300__n30000__HDBSCAN__229__9c136b9d4a82.npz,bc8012574d369fc43373b84eea2d5aef55dddb3ff93b972475e82c7a02d96630,11458,1.0,1.0,2,2,0.0,known_synthetic_noise,0.5,0.009900990099009901,1.6666666666666667,3,3,0.1,0.9,full_partition,target-discovery-v1,0,0.05,1.0,1.0,0.0,1.0,3,pairwise_f1,hungarian,1.0,0,5,0.0,0.0,0.0,0.0,0.0,0.0,0.00013467106592148675,6.734006734006734e-05,1.0,0.0,5,macro,3,3,1.0,0.019801980198019802,0.01,1.0,2,3,1.0,1.0,3,2,0.0,1.0,1.0,1.0,1.0,"{""background_inner_edge"": 6.0, ""background_intensity"": 3.0, ""background_size"": 29700, ""background_strip_height"": 10.0, ""background_support_area"": 9900.0, ""controlled_factor"": ""global_background_support_at_fixed_local_intensity"", ""declared_noise_fraction"": 0.99, ""dimension"": 2, ""family"": ""global_contamination_invariance"", ""n"": 30000, ""n_targets"": 3, ""paired_background"": ""seeded_prefix"", ""realized_noise_fraction"": 0.99, ""signal_size"": 300}","{""geometry_profile"": ""low_dim"", ""knn_backend"": ""kd_tree"", ""min_cluster_size"": 40, ""min_samples"": 5}",{},"[{""coverage"": 1.0, ""f1"": 1.0, ""fragments"": 1, ""matched_predicted_cluster"": 3, ""overlap"": 100, ""passes_discovery_thresholds"": true, ""precision"": 1.0, ""purity"": 1.0, ""recall"": 1.0, ""target"": ""cluster_0"", ""target_label"": 0, ""target_noise_loss"": 0.0, ""target_size"": 100}, {""coverage"": 1.0, ""f1"": 1.0, ""fragments"": 1, ""matched_predicted_cluster"": 2, ""overlap"": 100, ""passes_discovery_thresholds"": true, ""precision"": 1.0, ""purity"": 1.0, ""recall"": 1.0, ""target"": ""cluster_1"", ""target_label"": 1, ""target_noise_loss"": 0.0, ""target_size"": 100}, {""coverage"": 1.0, ""f1"": 1.0, ""fragments"": 1, ""matched_predicted_cluster"": 0, ""overlap"": 100, ""passes_discovery_thresholds"": true, ""precision"": 1.0, ""purity"": 1.0, ""recall"": 1.0, ""target"": ""cluster_2"", ""target_label"": 2, ""target_noise_loss"": 0.0, ""target_size"": 100}]"
synthetic__global_contamination_noise99__quality__signal300__n30000__HDBSCAN__233__cbe6e8ec6a87,ok,synthetic,global_contamination_noise99__quality__signal300__n30000,HDBSCAN,233,0.2.4,30000,2,0.0064494999969610944,10.978520600008778,15.958030099995085,189.1953125,3.87109375,193.1640625,,,evaluation_state/synthetic__global_contamination_noise99__quality__signal300__n30000__HDBSCAN__233__cbe6e8ec6a87.npz,45b0810041119a67df7d5656db515f332bc23dc5473b629d3c267f15a7e0e4bf,11074,1.0,1.0,2,1,6.734006734006734e-05,known_synthetic_noise,0.50003367003367,0.009968979205810436,1.3333333333333333,3,2,0.1,0.9,full_partition,target-discovery-v1,0,0.05,1.0,0.6710963455149502,0.0,0.6688963210702341,3,pairwise_f1,hungarian,1.0,0,4,0.0002692880929337204,0.00013467106592148675,0.00013467106592148675,6.666666666666667e-05,1.0,6.734006734006734e-05,0.00013378821145040328,6.689858084594161e-05,1.0,6.666666666666667e-05,4,macro,2,2,1.0,0.019803287345699385,0.010000666711114074,1.0,2,3,0.6666666666666666,0.6666666666666666,3,1,0.0,1.0,0.6666666666666666,0.6710963455149501,0.6688963210702341,"{""background_inner_edge"": 6.0, ""background_intensity"": 3.0, ""background_size"": 29700, ""background_strip_height"": 10.0, ""background_support_area"": 9900.0, ""controlled_factor"": ""global_background_support_at_fixed_local_intensity"", ""declared_noise_fraction"": 0.99, ""dimension"": 2, ""family"": ""global_contamination_invariance"", ""n"": 30000, ""n_targets"": 3, ""paired_background"": ""seeded_prefix"", ""realized_noise_fraction"": 0.99, ""signal_size"": 300}","{""geometry_profile"": ""low_dim"", ""knn_backend"": ""kd_tree"", ""min_cluster_size"": 40, ""min_samples"": 5}",{},"[{""coverage"": 1.0, ""f1"": 1.0, ""fragments"": 1, ""matched_predicted_cluster"": 2, ""overlap"": 100, ""passes_discovery_thresholds"": true, ""precision"": 1.0, ""purity"": 1.0, ""recall"": 1.0, ""target"": ""cluster_0"", ""target_label"": 0, ""target_noise_loss"": 0.0, ""target_size"": 100}, {""coverage"": 1.0, ""f1"": 0.013289036544850499, ""fragments"": 1, ""matched_predicted_cluster"": 1, ""overlap"": 100, ""passes_discovery_thresholds"": false, ""precision"": 0.006688963210702341, ""purity"": 0.006688963210702341, ""recall"": 1.0, ""target"": ""cluster_1"", ""target_label"": 1, ""target_noise_loss"": 0.0, ""target_size"": 100}, {""coverage"": 1.0, ""f1"": 1.0, ""fragments"": 1, ""matched_predicted_cluster"": 0, ""overlap"": 100, ""passes_discovery_thresholds"": true, ""precision"": 1.0, ""purity"": 1.0, ""recall"": 1.0, ""target"": ""cluster_2"", ""target_label"": 2, ""target_noise_loss"": 0.0, ""target_size"": 100}]"
synthetic__global_contamination_noise99__quality__signal300__n30000__OPTICS__211__504248865f52,ok,synthetic,global_contamination_noise99__quality__signal300__n30000,OPTICS,211,0.2.4,30000,2,0.005940799994277768,47.35057520000555,52.0897616000002,193.02734375,8.25,188.51171875,,,evaluation_state/synthetic__global_contamination_noise99__quality__signal300__n30000__OPTICS__211__504248865f52.npz,77770a98afaab81da9e3e2618121151ac65971657eadc99ab2e5eb34343eb29c,5020,1.0,1.0,6,6,0.9872727272727273,known_synthetic_noise,0.9936363636363637,0.8035462704662689,3.0,3,3,0.1,0.9,full_partition,target-discovery-v1,0,0.05,1.0,1.0,0.0,1.0,3,pairwise_f1,hungarian,1.0,0,9,0.9967875172097292,0.9935956084172004,0.9935956084172004,0.9774,1.0,0.9872727272727273,0.7038415053202833,0.5430211723406589,1.0,0.9774,9,macro,3,3,1.0,0.6134969325153374,0.4424778761061947,1.0,6,3,1.0,1.0,3,6,0.0,1.0,1.0,1.0,1.0,"{""background_inner_edge"": 6.0, ""background_intensity"": 3.0, ""background_size"": 29700, ""background_strip_height"": 10.0, ""background_support_area"": 9900.0, ""controlled_factor"": ""global_background_support_at_fixed_local_intensity"", ""declared_noise_fraction"": 0.99, ""dimension"": 2, ""family"": ""global_contamination_invariance"", ""n"": 30000, ""n_targets"": 3, ""paired_background"": ""seeded_prefix"", ""realized_noise_fraction"": 0.99, ""signal_size"": 300}","{""geometry_profile"": ""low_dim"", ""knn_backend"": ""kd_tree"", ""max_eps"": 1.025037407875061, ""max_eps_quantile"": 0.98, ""min_cluster_size"": 40, ""min_samples"": 5, ""xi"": 0.1}",{},"[{""coverage"": 1.0, ""f1"": 1.0, ""fragments"": 1, ""matched_predicted_cluster"": 8, ""overlap"": 100, ""passes_discovery_thresholds"": true, ""precision"": 1.0, ""purity"": 1.0, ""recall"": 1.0, ""target"": ""cluster_0"", ""target_label"": 0, ""target_noise_loss"": 0.0, ""target_size"": 100}, {""coverage"": 1.0, ""f1"": 1.0, ""fragments"": 1, ""matched_predicted_cluster"": 6, ""overlap"": 100, ""passes_discovery_thresholds"": true, ""precision"": 1.0, ""purity"": 1.0, ""recall"": 1.0, ""target"": ""cluster_1"", ""target_label"": 1, ""target_noise_loss"": 0.0, ""target_size"": 100}, {""coverage"": 1.0, ""f1"": 1.0, ""fragments"": 1, ""matched_predicted_cluster"": 7, ""overlap"": 100, ""passes_discovery_thresholds"": true, ""precision"": 1.0, ""purity"": 1.0, ""recall"": 1.0, ""target"": ""cluster_2"", ""target_label"": 2, ""target_noise_loss"": 0.0, ""target_size"": 100}]"
synthetic__global_contamination_noise99__quality__signal300__n30000__OPTICS__223__1f49a7c7803e,ok,synthetic,global_contamination_noise99__quality__signal300__n30000,OPTICS,223,0.2.4,30000,2,0.006461899989517406,46.55916659999639,51.51876859999902,193.13671875,8.2734375,188.5859375,,,evaluation_state/synthetic__global_contamination_noise99__quality__signal300__n30000__OPTICS__223__1f49a7c7803e.npz,3b74a679a4a8a182ec15536ce4a0f0a469580bf594cb022e9b4f188c66c45857,5134,0.8470029862609341,0.845576646391437,8,8,0.9854208754208754,known_synthetic_noise,0.9393771043771044,0.7637915229738821,3.6666666666666665,3,3,0.1,0.9,full_partition,target-discovery-v1,0,0.05,0.8933333333333332,0.9420075813518437,0.10666666666666667,1.0,3,pairwise_f1,hungarian,1.0,0,11,0.9664138883395965,0.9921185104832285,0.9921185104832285,0.9766333333333334,0.9989078125533295,0.9854208754208754,0.6091087894965389,0.49067862875015433,0.8028956228956229,0.9766333333333334,11,macro,3,3,0.8933333333333333,0.5354645354645355,0.38231098430813126,0.8933333333333333,8,3,1.0,1.0,3,8,0.0,0.8933333333333333,1.0,0.9420075813518436,1.0,"{""background_inner_edge"": 6.0, ""background_intensity"": 3.0, ""background_size"": 29700, ""background_strip_height"": 10.0, ""background_support_area"": 9900.0, ""controlled_factor"": ""global_background_support_at_fixed_local_intensity"", ""declared_noise_fraction"": 0.99, ""dimension"": 2, ""family"": ""global_contamination_invariance"", ""n"": 30000, ""n_targets"": 3, ""paired_background"": ""seeded_prefix"", ""realized_noise_fraction"": 0.99, ""signal_size"": 300}","{""geometry_profile"": ""low_dim"", ""knn_backend"": ""kd_tree"", ""max_eps"": 1.0251482725143433, ""max_eps_quantile"": 0.98, ""min_cluster_size"": 40, ""min_samples"": 5, ""xi"": 0.1}",{},"[{""coverage"": 0.85, ""f1"": 0.9189189189189189, ""fragments"": 1, ""matched_predicted_cluster"": 10, ""overlap"": 85, ""passes_discovery_thresholds"": true, ""precision"": 1.0, ""purity"": 1.0, ""recall"": 0.85, ""target"": ""cluster_0"", ""target_label"": 0, ""target_noise_loss"": 0.15, ""target_size"": 100}, {""coverage"": 0.83, ""f1"": 0.9071038251366119, ""fragments"": 1, ""matched_predicted_cluster"": 8, ""overlap"": 83, ""passes_discovery_thresholds"": true, ""precision"": 1.0, ""purity"": 1.0, ""recall"": 0.83, ""target"": ""cluster_1"", ""target_label"": 1, ""target_noise_loss"": 0.17, ""target_size"": 100}, {""coverage"": 1.0, ""f1"": 1.0, ""fragments"": 1, ""matched_predicted_cluster"": 9, ""overlap"": 100, ""passes_discovery_thresholds"": true, ""precision"": 1.0, ""purity"": 1.0, ""recall"": 1.0, ""target"": ""cluster_2"", ""target_label"": 2, ""target_noise_loss"": 0.0, ""target_size"": 100}]"
synthetic__global_contamination_noise99__quality__signal300__n30000__OPTICS__227__e33a7337ad03,ok,synthetic,global_contamination_noise99__quality__signal300__n30000,OPTICS,227,0.2.4,30000,2,0.005273799994029105,46.92013360001147,51.89969950000523,193.34375,8.32421875,190.23828125,,,evaluation_state/synthetic__global_contamination_noise99__quality__signal300__n30000__OPTICS__227__e33a7337ad03.npz,588171f9c8924135f6813e3e720cb19316483544caee886f6c8aea4843818012,4357,0.7244002560990298,0.7066026902035921,5,5,0.9929292929292929,known_synthetic_noise,0.9047979797979797,0.8222668356063243,2.6666666666666665,3,3,0.1,0.9,full_partition,target-discovery-v1,0,0.05,0.8166666666666668,0.8989630715063447,0.18333333333333335,1.0,3,pairwise_f1,hungarian,1.0,0,8,0.9447840808669469,0.9955270486960924,0.9955270486960924,0.9848333333333333,0.9981384328989676,0.9929292929292929,0.6807587702688745,0.6964147355075015,0.6657912457912458,0.9848333333333333,8,macro,3,2,0.8166666666666667,0.6490066225165563,0.5384615384615384,0.8166666666666667,5,3,1.0,1.0,3,5,0.0,0.8166666666666667,1.0,0.8989630715063447,1.0,"{""background_inner_edge"": 6.0, ""background_intensity"": 3.0, ""background_size"": 29700, ""background_strip_height"": 10.0, ""background_support_area"": 9900.0, ""controlled_factor"": ""global_background_support_at_fixed_local_intensity"", ""declared_noise_fraction"": 0.99, ""dimension"": 2, ""family"": ""global_contamination_invariance"", ""n"": 30000, ""n_targets"": 3, ""paired_background"": ""seeded_prefix"", ""realized_noise_fraction"": 0.99, ""signal_size"": 300}","{""geometry_profile"": ""low_dim"", ""knn_backend"": ""kd_tree"", ""max_eps"": 1.030839204788208, ""max_eps_quantile"": 0.98, ""min_cluster_size"": 40, ""min_samples"": 5, ""xi"": 0.1}",{},"[{""coverage"": 0.79, ""f1"": 0.8826815642458101, ""fragments"": 1, ""matched_predicted_cluster"": 7, ""overlap"": 79, ""passes_discovery_thresholds"": true, ""precision"": 1.0, ""purity"": 1.0, ""recall"": 0.79, ""target"": ""cluster_0"", ""target_label"": 0, ""target_noise_loss"": 0.21, ""target_size"": 100}, {""coverage"": 0.83, ""f1"": 0.9071038251366119, ""fragments"": 1, ""matched_predicted_cluster"": 5, ""overlap"": 83, ""passes_discovery_thresholds"": true, ""precision"": 1.0, ""purity"": 1.0, ""recall"": 0.83, ""target"": ""cluster_1"", ""target_label"": 1, ""target_noise_loss"": 0.17, ""target_size"": 100}, {""coverage"": 0.83, ""f1"": 0.9071038251366119, ""fragments"": 1, ""matched_predicted_cluster"": 6, ""overlap"": 83, ""passes_discovery_thresholds"": true, ""precision"": 1.0, ""purity"": 1.0, ""recall"": 0.83, ""target"": ""cluster_2"", ""target_label"": 2, ""target_noise_loss"": 0.17, ""target_size"": 100}]"
synthetic__global_contamination_noise99__quality__signal300__n30000__OPTICS__229__d0a7df7786e5,ok,synthetic,global_contamination_noise99__quality__signal300__n30000,OPTICS,229,0.2.4,30000,2,0.008139700003084727,46.021833100006916,51.508689800000866,188.9609375,3.8984375,189.234375,,,evaluation_state/synthetic__global_contamination_noise99__quality__signal300__n30000__OPTICS__229__d0a7df7786e5.npz,77500c52c8c6a1082d0017838e837990d252a6e03a6c2a04e5a46497e33c5e35,4599,0.9625997282324074,0.9668640195538187,5,5,0.9921548821548821,known_synthetic_noise,0.9844107744107744,0.8526936319702612,2.6666666666666665,3,3,0.1,0.9,full_partition,target-discovery-v1,0,0.05,0.9766666666666667,0.9879101899827288,0.023333333333333334,1.0,3,pairwise_f1,hungarian,1.0,0,8,0.991910909812775,0.9959441646669145,0.9959441646669145,0.9824666666666667,0.9997625025446156,0.9921548821548821,0.8238233585124927,0.7244762391415431,0.9547474747474748,0.9824666666666667,8,macro,3,3,0.9766666666666667,0.7094430992736078,0.5570342205323194,0.9766666666666667,5,3,1.0,1.0,3,5,0.0,0.9766666666666667,1.0,0.9879101899827287,1.0,"{""background_inner_edge"": 6.0, ""background_intensity"": 3.0, ""background_size"": 29700, ""background_strip_height"": 10.0, ""background_support_area"": 9900.0, ""controlled_factor"": ""global_background_support_at_fixed_local_intensity"", ""declared_noise_fraction"": 0.99, ""dimension"": 2, ""family"": ""global_contamination_invariance"", ""n"": 30000, ""n_targets"": 3, ""paired_background"": ""seeded_prefix"", ""realized_noise_fraction"": 0.99, ""signal_size"": 300}","{""geometry_profile"": ""low_dim"", ""knn_backend"": ""kd_tree"", ""max_eps"": 1.0295276641845703, ""max_eps_quantile"": 0.98, ""min_cluster_size"": 40, ""min_samples"": 5, ""xi"": 0.1}",{},"[{""coverage"": 0.93, ""f1"": 0.9637305699481865, ""fragments"": 1, ""matched_predicted_cluster"": 6, ""overlap"": 93, ""passes_discovery_thresholds"": true, ""precision"": 1.0, ""purity"": 1.0, ""recall"": 0.93, ""target"": ""cluster_0"", ""target_label"": 0, ""target_noise_loss"": 0.07, ""target_size"": 100}, {""coverage"": 1.0, ""f1"": 1.0, ""fragments"": 1, ""matched_predicted_cluster"": 5, ""overlap"": 100, ""passes_discovery_thresholds"": true, ""precision"": 1.0, ""purity"": 1.0, ""recall"": 1.0, ""target"": ""cluster_1"", ""target_label"": 1, ""target_noise_loss"": 0.0, ""target_size"": 100}, {""coverage"": 1.0, ""f1"": 1.0, ""fragments"": 1, ""matched_predicted_cluster"": 7, ""overlap"": 100, ""passes_discovery_thresholds"": true, ""precision"": 1.0, ""purity"": 1.0, ""recall"": 1.0, ""target"": ""cluster_2"", ""target_label"": 2, ""target_noise_loss"": 0.0, ""target_size"": 100}]"
synthetic__global_contamination_noise99__quality__signal300__n30000__OPTICS__233__f33db56bd008,ok,synthetic,global_contamination_noise99__quality__signal300__n30000,OPTICS,233,0.2.4,30000,2,0.005322500001057051,55.03889250000066,79.30229690000124,189.48046875,4.375,187.57421875,,,evaluation_state/synthetic__global_contamination_noise99__quality__signal300__n30000__OPTICS__233__f33db56bd008.npz,716572c78af04091a281d3c27789e276e63ffce5a80a58f03d301516d880a290,5055,0.9155811805781766,0.892596546326169,8,8,0.9867676767676767,known_synthetic_noise,0.945050505050505,0.7775462415646801,3.6666666666666665,3,3,0.1,0.9,full_partition,target-discovery-v1,0,0.05,0.9033333333333333,0.9434697855750488,0.09666666666666666,1.0,3,pairwise_f1,hungarian,1.0,0,11,0.9675311070967996,0.992851819228945,0.992851819228945,0.9778666666666667,0.9990114535042269,0.9867676767676767,0.6696585471356348,0.5594200280048782,0.834006734006734,0.9778666666666667,11,macro,3,2,0.9033333333333333,0.562240663900415,0.40813253012048195,0.9033333333333333,8,3,1.0,1.0,3,8,0.0,0.9033333333333333,1.0,0.9434697855750487,1.0,"{""background_inner_edge"": 6.0, ""background_intensity"": 3.0, ""background_size"": 29700, ""background_strip_height"": 10.0, ""background_support_area"": 9900.0, ""controlled_factor"": ""global_background_support_at_fixed_local_intensity"", ""declared_noise_fraction"": 0.99, ""dimension"": 2, ""family"": ""global_contamination_invariance"", ""n"": 30000, ""n_targets"": 3, ""paired_background"": ""seeded_prefix"", ""realized_noise_fraction"": 0.99, ""signal_size"": 300}","{""geometry_profile"": ""low_dim"", ""knn_backend"": ""kd_tree"", ""max_eps"": 1.0253396034240723, ""max_eps_quantile"": 0.98, ""min_cluster_size"": 40, ""min_samples"": 5, ""xi"": 0.1}",{},"[{""coverage"": 1.0, ""f1"": 1.0, ""fragments"": 1, ""matched_predicted_cluster"": 8, ""overlap"": 100, ""passes_discovery_thresholds"": true, ""precision"": 1.0, ""purity"": 1.0, ""recall"": 1.0, ""target"": ""cluster_0"", ""target_label"": 0, ""target_noise_loss"": 0.0, ""target_size"": 100}, {""coverage"": 0.71, ""f1"": 0.8304093567251462, ""fragments"": 1, ""matched_predicted_cluster"": 9, ""overlap"": 71, ""passes_discovery_thresholds"": true, ""precision"": 1.0, ""purity"": 1.0, ""recall"": 0.71, ""target"": ""cluster_1"", ""target_label"": 1, ""target_noise_loss"": 0.29, ""target_size"": 100}, {""coverage"": 1.0, ""f1"": 1.0, ""fragments"": 1, ""matched_predicted_cluster"": 10, ""overlap"": 100, ""passes_discovery_thresholds"": true, ""precision"": 1.0, ""purity"": 1.0, ""recall"": 1.0, ""target"": ""cluster_2"", ""target_label"": 2, ""target_noise_loss"": 0.0, ""target_size"": 100}]"
synthetic__global_contamination_noise99__quality__signal300__n30000__SNN-DBSCAN__211__7e1a5e9dad96,ok,synthetic,global_contamination_noise99__quality__signal300__n30000,SNN-DBSCAN,211,0.2.4,30000,2,0.007366100006038323,0.5915281000052346,6.697720800002571,264.68359375,40.66796875,255.8046875,,,evaluation_state/synthetic__global_contamination_noise99__quality__signal300__n30000__SNN-DBSCAN__211__7e1a5e9dad96.npz,8851c8dd2fc7deca846464c4ddf05122c04022545ea08d626614faabcd9ec921,57255,0.9681462648043433,0.9800866408299869,563,563,0.0603030303030303,known_synthetic_noise,0.5234848484848484,0.06725031236599534,188.66666666666666,3,3,0.1,0.9,full_partition,target-discovery-v1,0,0.05,0.9866666666666667,0.9932488159919735,0.013333333333333334,1.0,3,pairwise_f1,hungarian,1.0,0,566,0.20409473109240497,0.11373233846642324,0.11373233846642324,0.059833333333333336,0.9977715877437325,0.0603030303030303,0.019837929182009606,0.010021065239858844,0.9735353535353536,0.059833333333333336,566,macro,3,3,0.9866666666666667,0.020768286265567447,0.010494593157241624,0.9866666666666667,563,3,1.0,1.0,3,563,0.0,0.9866666666666667,1.0,0.9932488159919735,1.0,"{""background_inner_edge"": 6.0, ""background_intensity"": 3.0, ""background_size"": 29700, ""background_strip_height"": 10.0, ""background_support_area"": 9900.0, ""controlled_factor"": ""global_background_support_at_fixed_local_intensity"", ""declared_noise_fraction"": 0.99, ""dimension"": 2, ""family"": ""global_contamination_invariance"", ""n"": 30000, ""n_targets"": 3, ""paired_background"": ""seeded_prefix"", ""realized_noise_fraction"": 0.99, ""signal_size"": 300}","{""eps"": 13, ""geometry_profile"": ""low_dim"", ""k"": 20, ""knn_backend"": ""kd_tree"", ""min_samples"": 5}",{},"[{""coverage"": 0.99, ""f1"": 0.9949748743718593, ""fragments"": 1, ""matched_predicted_cluster"": 271, ""overlap"": 99, ""passes_discovery_thresholds"": true, ""precision"": 1.0, ""purity"": 1.0, ""recall"": 0.99, ""target"": ""cluster_0"", ""target_label"": 0, ""target_noise_loss"": 0.01, ""target_size"": 100}, {""coverage"": 1.0, ""f1"": 1.0, ""fragments"": 1, ""matched_predicted_cluster"": 258, ""overlap"": 100, ""passes_discovery_thresholds"": true, ""precision"": 1.0, ""purity"": 1.0, ""recall"": 1.0, ""target"": ""cluster_1"", ""target_label"": 1, ""target_noise_loss"": 0.0, ""target_size"": 100}, {""coverage"": 0.97, ""f1"": 0.9847715736040609, ""fragments"": 1, ""matched_predicted_cluster"": 81, ""overlap"": 97, ""passes_discovery_thresholds"": true, ""precision"": 1.0, ""purity"": 1.0, ""recall"": 0.97, ""target"": ""cluster_2"", ""target_label"": 2, ""target_noise_loss"": 0.03, ""target_size"": 100}]"
synthetic__global_contamination_noise99__quality__signal300__n30000__SNN-DBSCAN__223__82dd842d8c15,ok,synthetic,global_contamination_noise99__quality__signal300__n30000,SNN-DBSCAN,223,0.2.4,30000,2,0.00513900000078138,0.6192730000038864,6.637779899989255,266.921875,43.19140625,252.7734375,,,evaluation_state/synthetic__global_contamination_noise99__quality__signal300__n30000__SNN-DBSCAN__223__82dd842d8c15.npz,50736f77b0f41581e6b1d922e08dd10bd6fa1e5f0f624cb841e051b3e1af31af,56668,0.8736202923014496,0.8525372942325475,541,541,0.06333333333333334,known_synthetic_noise,0.525,0.06997061881984967,181.66666666666666,4,3,0.1,0.9,full_partition,target-discovery-v1,1,0.05,0.8333333333333334,0.8913867583531694,0.013333333333333334,1.0,3,pairwise_f1,hungarian,1.3333333333333333,0,545,0.21013595840398128,0.11910717112553429,0.11910717112553429,0.06283333333333334,0.9978779840848806,0.06333333333333334,0.014540821400308946,0.007336069586539532,0.8123232323232323,0.06283333333333334,545,macro,2,2,0.9866666666666667,0.020834066514165056,0.010528187800106704,0.9866666666666667,541,3,1.0,0.6666666666666666,3,542,0.0,0.8333333333333334,1.0,0.8913867583531694,1.0,"{""background_inner_edge"": 6.0, ""background_intensity"": 3.0, ""background_size"": 29700, ""background_strip_height"": 10.0, ""background_support_area"": 9900.0, ""controlled_factor"": ""global_background_support_at_fixed_local_intensity"", ""declared_noise_fraction"": 0.99, ""dimension"": 2, ""family"": ""global_contamination_invariance"", ""n"": 30000, ""n_targets"": 3, ""paired_background"": ""seeded_prefix"", ""realized_noise_fraction"": 0.99, ""signal_size"": 300}","{""eps"": 13, ""geometry_profile"": ""low_dim"", ""k"": 20, ""knn_backend"": ""kd_tree"", ""min_samples"": 5}",{},"[{""coverage"": 0.99, ""f1"": 0.9949748743718593, ""fragments"": 1, ""matched_predicted_cluster"": 244, ""overlap"": 99, ""passes_discovery_thresholds"": true, ""precision"": 1.0, ""purity"": 1.0, ""recall"": 0.99, ""target"": ""cluster_0"", ""target_label"": 0, ""target_noise_loss"": 0.01, ""target_size"": 100}, {""coverage"": 0.99, ""f1"": 0.9949748743718593, ""fragments"": 1, ""matched_predicted_cluster"": 52, ""overlap"": 99, ""passes_discovery_thresholds"": true, ""precision"": 1.0, ""purity"": 1.0, ""recall"": 0.99, ""target"": ""cluster_1"", ""target_label"": 1, ""target_noise_loss"": 0.01, ""target_size"": 100}, {""coverage"": 0.52, ""f1"": 0.6842105263157895, ""fragments"": 2, ""matched_predicted_cluster"": 241, ""overlap"": 52, ""passes_discovery_thresholds"": true, ""precision"": 1.0, ""purity"": 1.0, ""recall"": 0.52, ""target"": ""cluster_2"", ""target_label"": 2, ""target_noise_loss"": 0.02, ""target_size"": 100}]"
synthetic__global_contamination_noise99__quality__signal300__n30000__SNN-DBSCAN__227__81de91398a7d,ok,synthetic,global_contamination_noise99__quality__signal300__n30000,SNN-DBSCAN,227,0.2.4,30000,2,0.005456600003526546,0.6260898000036832,6.744871499991859,265.64453125,42.25,250.8359375,,,evaluation_state/synthetic__global_contamination_noise99__quality__signal300__n30000__SNN-DBSCAN__227__81de91398a7d.npz,f95a93ea6aed56374524553b10cf309ed61834eb40e97ef62c1709b5b574e088,57872,0.9106179149197398,0.8825635930965968,590,590,0.06070707070707071,known_synthetic_noise,0.5303535353535354,0.0677600684494087,198.0,4,3,0.1,0.9,full_partition,target-discovery-v1,1,0.05,0.8866666666666667,0.9317269076305221,0.0,1.0,3,pairwise_f1,hungarian,1.3333333333333333,0,594,0.20388297697338362,0.11446528902009333,0.11446528902009333,0.0601,1.0,0.06070707070707071,0.01865990887640882,0.009433637510645208,0.8488888888888889,0.0601,594,macro,2,2,1.0,0.021054847878724078,0.010639429726566656,1.0,590,3,1.0,0.6666666666666666,3,591,0.0,0.8866666666666667,1.0,0.9317269076305221,1.0,"{""background_inner_edge"": 6.0, ""background_intensity"": 3.0, ""background_size"": 29700, ""background_strip_height"": 10.0, ""background_support_area"": 9900.0, ""controlled_factor"": ""global_background_support_at_fixed_local_intensity"", ""declared_noise_fraction"": 0.99, ""dimension"": 2, ""family"": ""global_contamination_invariance"", ""n"": 30000, ""n_targets"": 3, ""paired_background"": ""seeded_prefix"", ""realized_noise_fraction"": 0.99, ""signal_size"": 300}","{""eps"": 13, ""geometry_profile"": ""low_dim"", ""k"": 20, ""knn_backend"": ""kd_tree"", ""min_samples"": 5}",{},"[{""coverage"": 1.0, ""f1"": 1.0, ""fragments"": 1, ""matched_predicted_cluster"": 278, ""overlap"": 100, ""passes_discovery_thresholds"": true, ""precision"": 1.0, ""purity"": 1.0, ""recall"": 1.0, ""target"": ""cluster_0"", ""target_label"": 0, ""target_noise_loss"": 0.0, ""target_size"": 100}, {""coverage"": 1.0, ""f1"": 1.0, ""fragments"": 1, ""matched_predicted_cluster"": 34, ""overlap"": 100, ""passes_discovery_thresholds"": true, ""precision"": 1.0, ""purity"": 1.0, ""recall"": 1.0, ""target"": ""cluster_1"", ""target_label"": 1, ""target_noise_loss"": 0.0, ""target_size"": 100}, {""coverage"": 0.66, ""f1"": 0.7951807228915663, ""fragments"": 2, ""matched_predicted_cluster"": 136, ""overlap"": 66, ""passes_discovery_thresholds"": true, ""precision"": 1.0, ""purity"": 1.0, ""recall"": 0.66, ""target"": ""cluster_2"", ""target_label"": 2, ""target_noise_loss"": 0.0, ""target_size"": 100}]"
synthetic__global_contamination_noise99__quality__signal300__n30000__SNN-DBSCAN__229__e117be6b2c38,ok,synthetic,global_contamination_noise99__quality__signal300__n30000,SNN-DBSCAN,229,0.2.4,30000,2,0.004774600005475804,0.5865855000010924,6.624273399997037,265.8359375,41.73046875,264.390625,,,evaluation_state/synthetic__global_contamination_noise99__quality__signal300__n30000__SNN-DBSCAN__229__e117be6b2c38.npz,15ffbb58f65929097bebb9758d4c04ada42e034e64ed5f64827b71e21b80dc50,57021,0.9851989977985108,0.9901010167892863,567,567,0.06080808080808081,known_synthetic_noise,0.527070707070707,0.06777785241575107,190.0,3,3,0.1,0.9,full_partition,target-discovery-v1,0,0.05,0.9933333333333333,0.9966329966329966,0.006666666666666667,1.0,3,pairwise_f1,hungarian,1.0,0,570,0.2056233154844077,0.11463755236765265,0.11463755236765265,0.06026666666666667,0.9988938053097345,0.06080808080808081,0.018141636746316706,0.00915497797632064,0.9867340067340067,0.06026666666666667,570,macro,3,3,0.9933333333333333,0.0209181524638495,0.010570374574347332,0.9933333333333333,567,3,1.0,1.0,3,567,0.0,0.9933333333333333,1.0,0.9966329966329965,1.0,"{""background_inner_edge"": 6.0, ""background_intensity"": 3.0, ""background_size"": 29700, ""background_strip_height"": 10.0, ""background_support_area"": 9900.0, ""controlled_factor"": ""global_background_support_at_fixed_local_intensity"", ""declared_noise_fraction"": 0.99, ""dimension"": 2, ""family"": ""global_contamination_invariance"", ""n"": 30000, ""n_targets"": 3, ""paired_background"": ""seeded_prefix"", ""realized_noise_fraction"": 0.99, ""signal_size"": 300}","{""eps"": 13, ""geometry_profile"": ""low_dim"", ""k"": 20, ""knn_backend"": ""kd_tree"", ""min_samples"": 5}",{},"[{""coverage"": 1.0, ""f1"": 1.0, ""fragments"": 1, ""matched_predicted_cluster"": 77, ""overlap"": 100, ""passes_discovery_thresholds"": true, ""precision"": 1.0, ""purity"": 1.0, ""recall"": 1.0, ""target"": ""cluster_0"", ""target_label"": 0, ""target_noise_loss"": 0.0, ""target_size"": 100}, {""coverage"": 0.98, ""f1"": 0.98989898989899, ""fragments"": 1, ""matched_predicted_cluster"": 75, ""overlap"": 98, ""passes_discovery_thresholds"": true, ""precision"": 1.0, ""purity"": 1.0, ""recall"": 0.98, ""target"": ""cluster_1"", ""target_label"": 1, ""target_noise_loss"": 0.02, ""target_size"": 100}, {""coverage"": 1.0, ""f1"": 1.0, ""fragments"": 1, ""matched_predicted_cluster"": 172, ""overlap"": 100, ""passes_discovery_thresholds"": true, ""precision"": 1.0, ""purity"": 1.0, ""recall"": 1.0, ""target"": ""cluster_2"", ""target_label"": 2, ""target_noise_loss"": 0.0, ""target_size"": 100}]"
synthetic__global_contamination_noise99__quality__signal300__n30000__SNN-DBSCAN__233__2a54096192f4,ok,synthetic,global_contamination_noise99__quality__signal300__n30000,SNN-DBSCAN,233,0.2.4,30000,2,0.005440199995064177,0.5885990000097081,6.4907067000021925,266.84375,42.546875,255.40234375,,,evaluation_state/synthetic__global_contamination_noise99__quality__signal300__n30000__SNN-DBSCAN__233__2a54096192f4.npz,8636cf49e5c2a7662a93dd3bcf3afef53f6861e972f25b5621a75a0ab74699e0,57220,0.9546801493003191,0.9746739935059259,580,580,0.06824915824915825,known_synthetic_noise,0.5257912457912458,0.07431456289926079,194.33333333333334,3,3,0.1,0.9,full_partition,target-discovery-v1,0,0.05,0.9833333333333334,0.9915909513899464,0.016666666666666666,1.0,3,pairwise_f1,hungarian,1.0,0,583,0.22635159482179654,0.12775746880121014,0.12775746880121014,0.06773333333333334,0.9975393700787402,0.06824915824915825,0.019630202372797466,0.009915767430809947,0.9668013468013468,0.06773333333333334,583,macro,3,3,0.9833333333333333,0.02087165699731145,0.010547768878718536,0.9833333333333333,580,3,1.0,1.0,3,580,0.0,0.9833333333333333,1.0,0.9915909513899465,1.0,"{""background_inner_edge"": 6.0, ""background_intensity"": 3.0, ""background_size"": 29700, ""background_strip_height"": 10.0, ""background_support_area"": 9900.0, ""controlled_factor"": ""global_background_support_at_fixed_local_intensity"", ""declared_noise_fraction"": 0.99, ""dimension"": 2, ""family"": ""global_contamination_invariance"", ""n"": 30000, ""n_targets"": 3, ""paired_background"": ""seeded_prefix"", ""realized_noise_fraction"": 0.99, ""signal_size"": 300}","{""eps"": 13, ""geometry_profile"": ""low_dim"", ""k"": 20, ""knn_backend"": ""kd_tree"", ""min_samples"": 5}",{},"[{""coverage"": 0.98, ""f1"": 0.98989898989899, ""fragments"": 1, ""matched_predicted_cluster"": 116, ""overlap"": 98, ""passes_discovery_thresholds"": true, ""precision"": 1.0, ""purity"": 1.0, ""recall"": 0.98, ""target"": ""cluster_0"", ""target_label"": 0, ""target_noise_loss"": 0.02, ""target_size"": 100}, {""coverage"": 0.99, ""f1"": 0.9949748743718593, ""fragments"": 1, ""matched_predicted_cluster"": 165, ""overlap"": 99, ""passes_discovery_thresholds"": true, ""precision"": 1.0, ""purity"": 1.0, ""recall"": 0.99, ""target"": ""cluster_1"", ""target_label"": 1, ""target_noise_loss"": 0.01, ""target_size"": 100}, {""coverage"": 0.98, ""f1"": 0.98989898989899, ""fragments"": 1, ""matched_predicted_cluster"": 253, ""overlap"": 98, ""passes_discovery_thresholds"": true, ""precision"": 1.0, ""purity"": 1.0, ""recall"": 0.98, ""target"": ""cluster_2"", ""target_label"": 2, ""target_noise_loss"": 0.02, ""target_size"": 100}]"
synthetic__global_contamination_noise99__quality__signal300__n30000__StrataSCAN__211__9010a398acd4,ok,synthetic,global_contamination_noise99__quality__signal300__n30000,StrataSCAN,211,0.2.4,30000,2,0.007585699990158901,1.7624491000024136,7.7641798999975435,249.99609375,65.1640625,237.48046875,,,evaluation_state/synthetic__global_contamination_noise99__quality__signal300__n30000__StrataSCAN__211__9010a398acd4.npz,ec9b98faf6beb14d3c90cb7419094658d6c410e02d063e2ad14e38382da2cf70,3746,0.8289915899205627,0.8515475773411874,1,1,0.9998316498316498,known_synthetic_noise,0.9515824915824915,0.9702000314126729,1.3333333333333333,3,3,0.1,0.9,full_partition,target-discovery-v1,0,0.05,0.9033333333333333,0.9487748057335686,0.09666666666666668,1.0,3,pairwise_f1,hungarian,1.0,0,4,0.9734428367561855,0.9994278406031235,0.9994278406031235,0.9908,0.9990243574216122,0.9998316498316498,0.898729017675177,0.999176073164703,0.8166329966329966,0.9908,4,macro,3,3,0.9033333333333333,0.9409722222222221,0.9818840579710145,0.9033333333333333,1,3,1.0,1.0,3,1,0.0,0.9033333333333333,1.0,0.9487748057335685,1.0,"{""background_inner_edge"": 6.0, ""background_intensity"": 3.0, ""background_size"": 29700, ""background_strip_height"": 10.0, ""background_support_area"": 9900.0, ""controlled_factor"": ""global_background_support_at_fixed_local_intensity"", ""declared_noise_fraction"": 0.99, ""dimension"": 2, ""family"": ""global_contamination_invariance"", ""n"": 30000, ""n_targets"": 3, ""paired_background"": ""seeded_prefix"", ""realized_noise_fraction"": 0.99, ""signal_size"": 300}","{""ambiguous_model_confirmation_tolerance"": 1e-05, ""assignment"": ""maximum_posterior_basis_then_semantic_role"", ""background_model"": ""adaptive_gamma_basis_mixture_with_largest_rate_gap"", ""background_scan"": ""adaptive_dyadic_rank_windows_with_poisson_beta_boundary_code"", ""border_rule"": ""strict_local_core_radius"", ""component_initialization"": ""compiled_split_warm_single_start_with_guarded_confirmation"", ""component_selection"": ""semantic_icl_with_adaptive_bound"", ""connectivity"": ""density_ordered_non_merging_knn_watershed"", ""core_thresholds"": ""observed_d4_event_sweep"", ""duplicate_profile_confirmation_minimum"": 3, ""duplicate_profile_confirmation_tolerance"": 1e-08, ""extraction_objective"": ""gamma_topology_description_length"", ""fit_samples"": ""all_rows"", ""gamma_tolerance"": 0.0001, ""geometry_profile"": ""low_dim"", ""hard_component_bound"": 24, ""initial_component_bound"": 8, ""k"": 32, ""knn_backend"": ""kd_tree"", ""shell_ranks"": [4, 8, 16, 32], ""stratification_model"": ""adaptive_gamma_density_basis_with_semantic_background"", ""version"": ""0.2.3""}","{""algorithm"": ""OptimizationStrataSCAN"", ""algorithm_version"": ""0.2.3"", ""graph_seconds"": 0.38354769999568816, ""mdl_gamma_adaptive_search"": true, ""mdl_gamma_assignment"": ""maximum_posterior_basis_then_semantic_role"", ""mdl_gamma_background_basis_components"": [1, 2, 3, 4, 5], ""mdl_gamma_background_boundary"": ""largest_rate_gap"", ""mdl_gamma_background_components"": 5, ""mdl_gamma_background_distribution"": ""gamma_components"", ""mdl_gamma_background_fraction"": 0.9916, ""mdl_gamma_background_group"": 1, ""mdl_gamma_candidate_components"": [1, 2, 3, 4, 5, 6, 7, 8], ""mdl_gamma_candidate_converged"": [true, true, true, true, true, true, true, true], ""mdl_gamma_candidate_entropies"": [-0.0, 4123.36659758343, 18617.850732694027, 3.6670912515563896, 3.563037081888006, 3.5773075106134504, 3.563661586403114, 3.56333058864578], ""mdl_gamma_candidate_iterations"": [2, 15, 6, 19, 7, 5, 7, 7], ""mdl_gamma_candidate_log_likelihoods"": [-152834.30663215843, -143841.566611453, -143548.91667305923, -135382.97176323328, -135349.3161463548, -135280.93250588214, -135286.80274141, -135284.3918011081], ""mdl_gamma_candidate_role_gains_nats"": [[0.0], [0.0, 0.0], [0.0, 0.0, 0.0], [0.0, 0.0, 0.0, 0.0], [0.0, 0.0, 0.0, 0.0, 0.0], [0.0, 0.0, 0.0, 0.0, 0.0, 0.0], [0.0, 0.0, 0.0, 0.0, 0.0, 0.0, 0.0], [0.0, 0.0, 0.0, 0.0, 0.0, 0.0, 0.0, 0.0]], ""mdl_gamma_candidate_role_threshold_sizes"": [[0], [0, 0], [0, 0, 0], [0, 0, 0, 0], [0, 0, 0, 0, 0], [0, 0, 0, 0, 0, 0], [0, 0, 0, 0, 0, 0, 0], [0, 0, 0, 0, 0, 0, 0, 0]], ""mdl_gamma_candidate_scores"": [305689.23116963817, 295981.4111813761, 324416.00643279165, 270886.67618823674, 270850.0837041224, 270744.2718220165, 270786.9118592057, 270813.01617458835], ""mdl_gamma_candidate_signal_components"": [[], [0], [0, 1], [0], [0], [0], [0], [0]], ""mdl_gamma_criterion"": ""icl"", ""mdl_gamma_entropy_scope"": ""semantic"", ""mdl_gamma_fit_samples"": 30000, ""mdl_gamma_grouping"": ""largest_rate_gap"", ""mdl_gamma_guarded_confirmation"": true, ""mdl_gamma_log_rate_gaps"": [], ""mdl_gamma_mean_background_probability"": 0.9916410083202752, ""mdl_gamma_mean_posterior_entropy"": 0.00011924358368711501, ""mdl_gamma_mu"": [3.522621422656786, 1.5372732028317042, 1.7014795642277907, 1.335662850629479, 1.2619912084456182, 1.0080863686227381], ""mdl_gamma_n_init"": 1, ""mdl_gamma_ranks"": [4, 8, 16, 32], ""mdl_gamma_rates"": [[31.965736792335804, 31.052713459408967, 30.16576841186264, 29.304156787058737], [4.172231793328416, 3.951281832795443, 3.742032776593237, 3.5438649768982478], [4.0826404326792005, 3.5232227821107953, 3.0404584917703703, 2.623844250530236], [3.7696727369657985, 3.753357829255953, 3.7371135314457335, 3.7209395379399135], [3.6323143192199736, 3.683301120611893, 3.7350036238092494, 3.7874318751193288], [2.413549831577113, 2.2650679309462585, 2.1257206562205777, 1.9949460440222242]], ""mdl_gamma_role_evidence_neighbour_ranks"": [], ""mdl_gamma_search_caps"": [8], ""mdl_gamma_search_hard_max"": 24, ""mdl_gamma_search_hit_hard_max"": false, ""mdl_gamma_search_initial_max"": 8, ""mdl_gamma_selected_components"": 6, ""mdl_gamma_signal_basis_components"": [0], ""mdl_gamma_signal_components"": 1, ""mdl_gamma_slopes"": [-0.041807007485425464, -0.0784985577418713, -0.21260680886139627, -0.00625744455989004, 0.020110296172489123, -0.09160229548739825], ""mdl_gamma_split_warm_start"": true, ""mdl_gamma_tolerance"": 0.0001, ""mdl_gamma_weights"": [0.00835776191719383, 0.1455291374220359, 0.1397446180035722, 0.3001709567873113, 0.3022918402392528, 0.10390568563063453], ""optimization_background_events"": [{""boundary_gain_nats"": 15.620805234118436, ""component_size"": 5, ""description_gain_nats"": 0.25418753326709265, ""graph_code_nats"": 18.330601276090754, ""width"": 64, ""window_count"": 465, ""window_gain_nats"": 3.6571307557993555, ""window_pvalue"": 0.002150537634408602}], ""optimization_background_intrinsic_dimension"": 1.9669273248409973, ""optimization_border_fraction"": 0.0007, ""optimization_border_model"": ""strict_local_core_radius"", ""optimization_border_seconds"": 0.007031900007859804, ""optimization_boundary_component_gains_nats"": [[0.0, 0.0, 0.0, 0.0, 0.0, 0.0], [15.620805234118436]], ""optimization_candidate_groups"": [0, 1], ""optimization_clusters"": 4, ""optimization_connectivity_rank"": 4, ""optimization_core_fraction"": 0.0085, ""optimization_core_rank"": 4, ""optimization_description_gain_nats"": 13053.33801022906, ""optimization_group_gains_nats"": [12050.093575422268, 0.25418753326709265], ""optimization_group_sizes"": [252, 29748], ""optimization_noise_fraction"": 0.9908, ""optimization_objective"": ""gamma_topology_component_and_attachment_description_gain"", ""optimization_objective_trace"": [0.0, -13053.33801022906], ""optimization_ordering_modes"": [""d4"", ""adaptive_d4_rank_windows_with_beta_boundary_code""], ""optimization_seconds"": 0.14946939999936149, ""optimization_selected_component_gains_nats"": [4432.856089129509, 3734.2388155915382, 4110.599899720437, 768.752104865488, 0.25418753326709265], ""optimization_selected_groups"": [0, 1], ""optimization_selected_local_components"": [4, 1], ""optimization_solver"": ""exact_stratum_event_sweep"", ""optimization_sparse_memory"": true, ""optimization_threshold_seconds"": 0.14279729999543633, ""optimization_threshold_sizes"": [252, 5], ""optimization_thresholds"": [0.41014063358306885, 0.2609723210334778], ""optimization_topology_evidence_ranks"": [5, 8], ""optimization_unified_background_scan"": true, ""stratification"": ""adaptive-semantic-information-criterion-gamma-v2""}","[{""coverage"": 0.94, ""f1"": 0.9690721649484536, ""fragments"": 1, ""matched_predicted_cluster"": 2, ""overlap"": 94, ""passes_discovery_thresholds"": true, ""precision"": 1.0, ""purity"": 1.0, ""recall"": 0.94, ""target"": ""cluster_0"", ""target_label"": 0, ""target_noise_loss"": 0.06, ""target_size"": 100}, {""coverage"": 0.92, ""f1"": 0.9583333333333334, ""fragments"": 1, ""matched_predicted_cluster"": 0, ""overlap"": 92, ""passes_discovery_thresholds"": true, ""precision"": 1.0, ""purity"": 1.0, ""recall"": 0.92, ""target"": ""cluster_1"", ""target_label"": 1, ""target_noise_loss"": 0.08, ""target_size"": 100}, {""coverage"": 0.85, ""f1"": 0.9189189189189189, ""fragments"": 1, ""matched_predicted_cluster"": 1, ""overlap"": 85, ""passes_discovery_thresholds"": true, ""precision"": 1.0, ""purity"": 1.0, ""recall"": 0.85, ""target"": ""cluster_2"", ""target_label"": 2, ""target_noise_loss"": 0.15, ""target_size"": 100}]"
synthetic__global_contamination_noise99__quality__signal300__n30000__StrataSCAN__223__555a2a80916a,ok,synthetic,global_contamination_noise99__quality__signal300__n30000,StrataSCAN,223,0.2.4,30000,2,0.00737989999470301,1.4713312000094447,6.751648100005696,251.94921875,67.296875,252.32421875,,,evaluation_state/synthetic__global_contamination_noise99__quality__signal300__n30000__StrataSCAN__223__555a2a80916a.npz,90d67d5bad2e37968976e6f2a06ba2fafdf6a54864c93e88a22b7d2ae35a1b82,3751,0.9128286209110943,0.9395250088219608,0,0,1.0,known_synthetic_noise,0.98,0.9896949286682963,1.0,3,3,0.1,0.9,full_partition,target-discovery-v1,0,0.05,0.96,0.9794670444837458,0.04,1.0,3,pairwise_f1,hungarian,1.0,0,3,0.9895281128273409,0.9997980206018987,0.9997980206018987,0.9904,0.9995961227786753,1.0,0.9592458912990153,1.0,0.9216835016835017,0.9904,3,macro,3,3,0.96,0.9795918367346939,1.0,0.96,0,3,1.0,1.0,3,0,0.0,0.96,1.0,0.9794670444837459,1.0,"{""background_inner_edge"": 6.0, ""background_intensity"": 3.0, ""background_size"": 29700, ""background_strip_height"": 10.0, ""background_support_area"": 9900.0, ""controlled_factor"": ""global_background_support_at_fixed_local_intensity"", ""declared_noise_fraction"": 0.99, ""dimension"": 2, ""family"": ""global_contamination_invariance"", ""n"": 30000, ""n_targets"": 3, ""paired_background"": ""seeded_prefix"", ""realized_noise_fraction"": 0.99, ""signal_size"": 300}","{""ambiguous_model_confirmation_tolerance"": 1e-05, ""assignment"": ""maximum_posterior_basis_then_semantic_role"", ""background_model"": ""adaptive_gamma_basis_mixture_with_largest_rate_gap"", ""background_scan"": ""adaptive_dyadic_rank_windows_with_poisson_beta_boundary_code"", ""border_rule"": ""strict_local_core_radius"", ""component_initialization"": ""compiled_split_warm_single_start_with_guarded_confirmation"", ""component_selection"": ""semantic_icl_with_adaptive_bound"", ""connectivity"": ""density_ordered_non_merging_knn_watershed"", ""core_thresholds"": ""observed_d4_event_sweep"", ""duplicate_profile_confirmation_minimum"": 3, ""duplicate_profile_confirmation_tolerance"": 1e-08, ""extraction_objective"": ""gamma_topology_description_length"", ""fit_samples"": ""all_rows"", ""gamma_tolerance"": 0.0001, ""geometry_profile"": ""low_dim"", ""hard_component_bound"": 24, ""initial_component_bound"": 8, ""k"": 32, ""knn_backend"": ""kd_tree"", ""shell_ranks"": [4, 8, 16, 32], ""stratification_model"": ""adaptive_gamma_density_basis_with_semantic_background"", ""version"": ""0.2.3""}","{""algorithm"": ""OptimizationStrataSCAN"", ""algorithm_version"": ""0.2.3"", ""graph_seconds"": 0.49436089998926036, ""mdl_gamma_adaptive_search"": true, ""mdl_gamma_assignment"": ""maximum_posterior_basis_then_semantic_role"", ""mdl_gamma_background_basis_components"": [1, 2, 3, 4, 5], ""mdl_gamma_background_boundary"": ""largest_rate_gap"", ""mdl_gamma_background_components"": 5, ""mdl_gamma_background_distribution"": ""gamma_components"", ""mdl_gamma_background_fraction"": 0.9911666666666666, ""mdl_gamma_background_group"": 1, ""mdl_gamma_candidate_components"": [1, 2, 3, 4, 5, 6, 7, 8], ""mdl_gamma_candidate_converged"": [true, true, true, true, true, true, true, true], ""mdl_gamma_candidate_entropies"": [-0.0, 3934.4182548682065, 18714.268902215896, 3.9738643990657962, 3.903921705700502, 3.914900901192885, 3.905829448979747, 3.9059422140443565], ""mdl_gamma_candidate_iterations"": [2, 14, 6, 17, 7, 5, 8, 8], ""mdl_gamma_candidate_log_likelihoods"": [-152137.5628269806, -142135.05711593156, -141918.76366382375, -133436.29718721588, -133439.12020519638, -133374.5766722686, -133370.24846468645, -133358.9946263566], ""mdl_gamma_candidate_role_gains_nats"": [[0.0], [0.0, 0.0], [0.0, 0.0, 0.0], [0.0, 0.0, 0.0, 0.0], [0.0, 0.0, 0.0, 0.0, 0.0], [0.0, 0.0, 0.0, 0.0, 0.0, 0.0], [0.0, 0.0, 0.0, 0.0, 0.0, 0.0, 0.0], [0.0, 0.0, 0.0, 0.0, 0.0, 0.0, 0.0, 0.0]], ""mdl_gamma_candidate_role_threshold_sizes"": [[0], [0, 0], [0, 0, 0], [0, 0, 0, 0], [0, 0, 0, 0, 0], [0, 0, 0, 0, 0, 0], [0, 0, 0, 0, 0, 0, 0], [0, 0, 0, 0, 0, 0, 0, 0]], ""mdl_gamma_candidate_scores"": [304295.7435592825, 292190.4955049028, 321348.53675336443, 266993.940582497, 267030.3735910532, 266932.2353415706, 266954.4876414837, 266962.9070483361], ""mdl_gamma_candidate_signal_components"": [[], [0], [0, 1], [0], [0], [0], [0], [0]], ""mdl_gamma_criterion"": ""icl"", ""mdl_gamma_entropy_scope"": ""semantic"", ""mdl_gamma_fit_samples"": 30000, ""mdl_gamma_grouping"": ""largest_rate_gap"", ""mdl_gamma_guarded_confirmation"": true, ""mdl_gamma_log_rate_gaps"": [], ""mdl_gamma_mean_background_probability"": 0.9912180007207382, ""mdl_gamma_mean_posterior_entropy"": 0.0001304966967064295, ""mdl_gamma_mu"": [3.530317763090637, 1.4890161733320397, 1.649650991432491, 1.331046595532868, 1.3184332843833264, 1.0785708142620187], ""mdl_gamma_n_init"": 1, ""mdl_gamma_ranks"": [4, 8, 16, 32], ""mdl_gamma_rates"": [[32.127644689765184, 31.16876325739819, 30.23850059276898, 29.336002540359264], [4.137796186137705, 3.997770773755486, 3.862483902188423, 3.7317752164789777], [4.045574107200234, 3.5665891184496634, 3.144314651708826, 2.772036335166183], [3.8061662622263324, 3.8167923864727165, 3.8274481769261772, 3.8381337164093696], [3.765541844056274, 3.7796106749412037, 3.7937320698423265, 3.8079062251495084], [2.5320299223832365, 2.3496034652284035, 2.1803203805021, 2.023233720916694]], ""mdl_gamma_role_evidence_neighbour_ranks"": [], ""mdl_gamma_search_caps"": [8], ""mdl_gamma_search_hard_max"": 24, ""mdl_gamma_search_hit_hard_max"": false, ""mdl_gamma_search_initial_max"": 8, ""mdl_gamma_selected_components"": 6, ""mdl_gamma_signal_basis_components"": [0], ""mdl_gamma_signal_components"": 1, ""mdl_gamma_slopes"": [-0.04371430771858399, -0.049666832202875606, -0.18179942728972656, 0.004022130353897575, 0.00538015792806292, -0.10787715549979175], ""mdl_gamma_split_warm_start"": true, ""mdl_gamma_tolerance"": 0.0001, ""mdl_gamma_weights"": [0.008780254159285432, 0.14620172981040078, 0.13927805700412296, 0.29882069945441947, 0.2886430736019111, 0.11827618596985741], ""optimization_background_events"": [], ""optimization_background_intrinsic_dimension"": 1.9732592434982152, ""optimization_border_fraction"": 0.0007666666666666667, ""optimization_border_model"": ""strict_local_core_radius"", ""optimization_border_seconds"": 0.008774100002483465, ""optimization_boundary_component_gains_nats"": [[0.0, 0.0, 0.0], []], ""optimization_candidate_groups"": [0, 1], ""optimization_clusters"": 3, ""optimization_connectivity_rank"": 4, ""optimization_core_fraction"": 0.008833333333333334, ""optimization_core_rank"": 4, ""optimization_description_gain_nats"": 13784.224209278835, ""optimization_group_gains_nats"": [12658.899800225932, 0.0], ""optimization_group_sizes"": [265, 29735], ""optimization_noise_fraction"": 0.9904, ""optimization_objective"": ""gamma_topology_component_and_attachment_description_gain"", ""optimization_objective_trace"": [0.0, -13784.224209278835], ""optimization_ordering_modes"": [""d4"", ""adaptive_d4_rank_windows_with_beta_boundary_code""], ""optimization_seconds"": 0.12618960000691004, ""optimization_selected_component_gains_nats"": [4294.910545904844, 4984.422898844073, 4489.919558934093], ""optimization_selected_groups"": [0], ""optimization_selected_local_components"": [3, 0], ""optimization_solver"": ""exact_stratum_event_sweep"", ""optimization_sparse_memory"": true, ""optimization_threshold_seconds"": 0.11780500000168104, ""optimization_threshold_sizes"": [265, 0], ""optimization_thresholds"": [0.5149707198143005, 0.0], ""optimization_topology_evidence_ranks"": [5, 8], ""optimization_unified_background_scan"": true, ""stratification"": ""adaptive-semantic-information-criterion-gamma-v2""}","[{""coverage"": 0.93, ""f1"": 0.9637305699481865, ""fragments"": 1, ""matched_predicted_cluster"": 2, ""overlap"": 93, ""passes_discovery_thresholds"": true, ""precision"": 1.0, ""purity"": 1.0, ""recall"": 0.93, ""target"": ""cluster_0"", ""target_label"": 0, ""target_noise_loss"": 0.07, ""target_size"": 100}, {""coverage"": 0.97, ""f1"": 0.9847715736040609, ""fragments"": 1, ""matched_predicted_cluster"": 0, ""overlap"": 97, ""passes_discovery_thresholds"": true, ""precision"": 1.0, ""purity"": 1.0, ""recall"": 0.97, ""target"": ""cluster_1"", ""target_label"": 1, ""target_noise_loss"": 0.03, ""target_size"": 100}, {""coverage"": 0.98, ""f1"": 0.98989898989899, ""fragments"": 1, ""matched_predicted_cluster"": 1, ""overlap"": 98, ""passes_discovery_thresholds"": true, ""precision"": 1.0, ""purity"": 1.0, ""recall"": 0.98, ""target"": ""cluster_2"", ""target_label"": 2, ""target_noise_loss"": 0.02, ""target_size"": 100}]"
synthetic__global_contamination_noise99__quality__signal300__n30000__StrataSCAN__227__7ad9378f1abe,ok,synthetic,global_contamination_noise99__quality__signal300__n30000,StrataSCAN,227,0.2.4,30000,2,0.010191500012297183,1.436843499992392,7.0002736000024015,252.1484375,67.484375,245.125,,,evaluation_state/synthetic__global_contamination_noise99__quality__signal300__n30000__StrataSCAN__227__7ad9378f1abe.npz,dd2746a896a3b01e087dd2ec2b78ee1de65c442636a6244907da02df9fb492aa,3785,0.9333144097505031,0.959256545061578,0,0,1.0,known_synthetic_noise,0.9866666666666667,0.9931759122440512,1.0,3,3,0.1,0.9,full_partition,target-discovery-v1,0,0.05,0.9733333333333333,0.9864807123690372,0.02666666666666667,1.0,3,pairwise_f1,hungarian,1.0,0,3,0.9931279302726624,0.9998653380016159,0.9998653380016159,0.9902666666666666,0.9997307122660563,1.0,0.9728514611793188,1.0,0.9471380471380472,0.9902666666666666,3,macro,3,3,0.9733333333333334,0.9864864864864865,1.0,0.9733333333333334,0,3,1.0,1.0,3,0,0.0,0.9733333333333334,1.0,0.9864807123690372,1.0,"{""background_inner_edge"": 6.0, ""background_intensity"": 3.0, ""background_size"": 29700, ""background_strip_height"": 10.0, ""background_support_area"": 9900.0, ""controlled_factor"": ""global_background_support_at_fixed_local_intensity"", ""declared_noise_fraction"": 0.99, ""dimension"": 2, ""family"": ""global_contamination_invariance"", ""n"": 30000, ""n_targets"": 3, ""paired_background"": ""seeded_prefix"", ""realized_noise_fraction"": 0.99, ""signal_size"": 300}","{""ambiguous_model_confirmation_tolerance"": 1e-05, ""assignment"": ""maximum_posterior_basis_then_semantic_role"", ""background_model"": ""adaptive_gamma_basis_mixture_with_largest_rate_gap"", ""background_scan"": ""adaptive_dyadic_rank_windows_with_poisson_beta_boundary_code"", ""border_rule"": ""strict_local_core_radius"", ""component_initialization"": ""compiled_split_warm_single_start_with_guarded_confirmation"", ""component_selection"": ""semantic_icl_with_adaptive_bound"", ""connectivity"": ""density_ordered_non_merging_knn_watershed"", ""core_thresholds"": ""observed_d4_event_sweep"", ""duplicate_profile_confirmation_minimum"": 3, ""duplicate_profile_confirmation_tolerance"": 1e-08, ""extraction_objective"": ""gamma_topology_description_length"", ""fit_samples"": ""all_rows"", ""gamma_tolerance"": 0.0001, ""geometry_profile"": ""low_dim"", ""hard_component_bound"": 24, ""initial_component_bound"": 8, ""k"": 32, ""knn_backend"": ""kd_tree"", ""shell_ranks"": [4, 8, 16, 32], ""stratification_model"": ""adaptive_gamma_density_basis_with_semantic_background"", ""version"": ""0.2.3""}","{""algorithm"": ""OptimizationStrataSCAN"", ""algorithm_version"": ""0.2.3"", ""graph_seconds"": 0.4312871999864001, ""mdl_gamma_adaptive_search"": true, ""mdl_gamma_assignment"": ""maximum_posterior_basis_then_semantic_role"", ""mdl_gamma_background_basis_components"": [1, 2, 3, 4, 5], ""mdl_gamma_background_boundary"": ""largest_rate_gap"", ""mdl_gamma_background_components"": 5, ""mdl_gamma_background_distribution"": ""gamma_components"", ""mdl_gamma_background_fraction"": 0.9911, ""mdl_gamma_background_group"": 1, ""mdl_gamma_candidate_components"": [1, 2, 3, 4, 5, 6, 7, 8], ""mdl_gamma_candidate_converged"": [true, true, true, true, true, true, true, true], ""mdl_gamma_candidate_entropies"": [-0.0, 3890.3248388009174, 18480.1286023497, 1.8649562739830854, 2.1197083494288886, 2.0131995166141037, 2.0820889854219358, 2.0503654737659742], ""mdl_gamma_candidate_iterations"": [2, 13, 6, 17, 6, 5, 7, 8], ""mdl_gamma_candidate_log_likelihoods"": [-154517.90378752464, -143774.96148299295, -143533.78902373958, -134276.9301538962, -134272.02209794807, -134189.67690593807, -134190.48365029632, -134169.66175065647], ""mdl_gamma_candidate_role_gains_nats"": [[0.0], [0.0, 0.0], [0.0, 0.0, 0.0], [0.0, 0.0, 0.0, 0.0], [0.0, 0.0, 0.0, 0.0, 0.0], [0.0, 0.0, 0.0, 0.0, 0.0, 0.0], [0.0, 0.0, 0.0, 0.0, 0.0, 0.0, 0.0], [0.0, 0.0, 0.0, 0.0, 0.0, 0.0, 0.0, 0.0]], ""mdl_gamma_candidate_role_threshold_sizes"": [[0], [0, 0], [0, 0, 0], [0, 0, 0, 0], [0, 0, 0, 0, 0], [0, 0, 0, 0, 0, 0], [0, 0, 0, 0, 0, 0, 0], [0, 0, 0, 0, 0, 0, 0, 0]], ""mdl_gamma_candidate_scores"": [309056.4254803706, 295382.11740689096, 324110.3068734637, 268670.98869960743, 268692.608949844, 268558.6324061403, 268591.31053177634, 268580.53014345525], ""mdl_gamma_candidate_signal_components"": [[], [0], [0, 1], [0], [0], [0], [0], [0]], ""mdl_gamma_criterion"": ""icl"", ""mdl_gamma_entropy_scope"": ""semantic"", ""mdl_gamma_fit_samples"": 30000, ""mdl_gamma_grouping"": ""largest_rate_gap"", ""mdl_gamma_guarded_confirmation"": true, ""mdl_gamma_log_rate_gaps"": [], ""mdl_gamma_mean_background_probability"": 0.9911111941025342, ""mdl_gamma_mean_posterior_entropy"": 6.710665055380346e-05, ""mdl_gamma_mu"": [3.5480132439193595, 1.6743917880340629, 1.451400376243683, 1.3193696069124883, 1.30834623757913, 1.065817998186768], ""mdl_gamma_n_init"": 1, ""mdl_gamma_ranks"": [4, 8, 16, 32], ""mdl_gamma_rates"": [[33.872418004894136, 33.44475458234857, 33.022490715363446, 32.60555823070082], [4.0903414761727035, 3.581374952409771, 3.135739796900647, 2.745555604908208], [4.04488923005096, 3.937244292526855, 3.832464064495529, 3.7304723086469256], [3.766464775652822, 3.7792306262585273, 3.792039744743104, 3.8048922777563448], [3.763030082703161, 3.794921175794114, 3.8270825409254674, 3.8595164686106127], [2.5071092806000776, 2.3298097538295406, 2.1650486203537436, 2.011939181210331]], ""mdl_gamma_role_evidence_neighbour_ranks"": [], ""mdl_gamma_search_caps"": [8], ""mdl_gamma_search_hard_max"": 24, ""mdl_gamma_search_hit_hard_max"": false, ""mdl_gamma_search_initial_max"": 8, ""mdl_gamma_selected_components"": 6, ""mdl_gamma_signal_basis_components"": [0], ""mdl_gamma_signal_components"": 1, ""mdl_gamma_slopes"": [-0.01833101943925615, -0.1917077198114156, -0.03891396519655917, 0.004881524088091435, 0.01217509701694482, -0.10581272916282483], ""mdl_gamma_split_warm_start"": true, ""mdl_gamma_tolerance"": 0.0001, ""mdl_gamma_weights"": [0.008888279594025012, 0.1384208630150918, 0.1453318224328677, 0.28704654953782477, 0.29638787441392034, 0.12392461100627292], ""optimization_background_events"": [], ""optimization_background_intrinsic_dimension"": 1.9733354488736434, ""optimization_border_fraction"": 0.0008333333333333334, ""optimization_border_model"": ""strict_local_core_radius"", ""optimization_border_seconds"": 0.005634100001771003, ""optimization_boundary_component_gains_nats"": [[0.0, 0.0, 0.0, 0.0], []], ""optimization_candidate_groups"": [0, 1], ""optimization_clusters"": 3, ""optimization_connectivity_rank"": 4, ""optimization_core_fraction"": 0.0089, ""optimization_core_rank"": 4, ""optimization_description_gain_nats"": 14272.744090932458, ""optimization_group_gains_nats"": [13093.16401483925, 0.0], ""optimization_group_sizes"": [267, 29733], ""optimization_noise_fraction"": 0.9902666666666666, ""optimization_objective"": ""gamma_topology_component_and_attachment_description_gain"", ""optimization_objective_trace"": [0.0, -14272.744090932458], ""optimization_ordering_modes"": [""d4"", ""adaptive_d4_rank_windows_with_beta_boundary_code""], ""optimization_seconds"": 0.09365890000481158, ""optimization_selected_component_gains_nats"": [3958.0640957184687, 4905.529591268076, 4629.661655491231, 765.5235707002911], ""optimization_selected_groups"": [0], ""optimization_selected_local_components"": [4, 0], ""optimization_solver"": ""exact_stratum_event_sweep"", ""optimization_sparse_memory"": true, ""optimization_threshold_seconds"": 0.08829299999342766, ""optimization_threshold_sizes"": [267, 0], ""optimization_thresholds"": [0.4943723678588867, 0.0], ""optimization_topology_evidence_ranks"": [5, 8], ""optimization_unified_background_scan"": true, ""stratification"": ""adaptive-semantic-information-criterion-gamma-v2""}","[{""coverage"": 0.98, ""f1"": 0.98989898989899, ""fragments"": 1, ""matched_predicted_cluster"": 2, ""overlap"": 98, ""passes_discovery_thresholds"": true, ""precision"": 1.0, ""purity"": 1.0, ""recall"": 0.98, ""target"": ""cluster_0"", ""target_label"": 0, ""target_noise_loss"": 0.02, ""target_size"": 100}, {""coverage"": 0.97, ""f1"": 0.9847715736040609, ""fragments"": 1, ""matched_predicted_cluster"": 0, ""overlap"": 97, ""passes_discovery_thresholds"": true, ""precision"": 1.0, ""purity"": 1.0, ""recall"": 0.97, ""target"": ""cluster_1"", ""target_label"": 1, ""target_noise_loss"": 0.03, ""target_size"": 100}, {""coverage"": 0.97, ""f1"": 0.9847715736040609, ""fragments"": 1, ""matched_predicted_cluster"": 1, ""overlap"": 97, ""passes_discovery_thresholds"": true, ""precision"": 1.0, ""purity"": 1.0, ""recall"": 0.97, ""target"": ""cluster_2"", ""target_label"": 2, ""target_noise_loss"": 0.03, ""target_size"": 100}]"
synthetic__global_contamination_noise99__quality__signal300__n30000__StrataSCAN__229__af0a86bc2b1d,ok,synthetic,global_contamination_noise99__quality__signal300__n30000,StrataSCAN,229,0.2.4,30000,2,0.005235600008745678,2.170774700003676,7.923845400000573,251.4609375,66.68359375,238.93359375,,,evaluation_state/synthetic__global_contamination_noise99__quality__signal300__n30000__StrataSCAN__229__af0a86bc2b1d.npz,6e00d9145cc60fee0c564474b81526395c644328416efc63f836bf4f386cd688,3932,0.9603871516442144,0.9749793725416577,5,5,0.9989562289562289,known_synthetic_noise,0.9911447811447811,0.9709428433891364,2.6666666666666665,3,3,0.1,0.9,full_partition,target-discovery-v1,0,0.05,0.9833333333333334,0.991556854501017,0.016666666666666666,1.0,3,pairwise_f1,hungarian,1.0,0,8,0.9954598405266368,0.99939367399872,0.99939367399872,0.9891333333333333,0.999831502325268,0.9989562289562289,0.9804042059265328,0.9942528735632183,0.966936026936027,0.9891333333333333,8,macro,3,3,0.9833333333333333,0.9424920127795527,0.9049079754601227,0.9833333333333333,5,3,1.0,1.0,3,5,0.0,0.9833333333333333,1.0,0.9915568545010169,1.0,"{""background_inner_edge"": 6.0, ""background_intensity"": 3.0, ""background_size"": 29700, ""background_strip_height"": 10.0, ""background_support_area"": 9900.0, ""controlled_factor"": ""global_background_support_at_fixed_local_intensity"", ""declared_noise_fraction"": 0.99, ""dimension"": 2, ""family"": ""global_contamination_invariance"", ""n"": 30000, ""n_targets"": 3, ""paired_background"": ""seeded_prefix"", ""realized_noise_fraction"": 0.99, ""signal_size"": 300}","{""ambiguous_model_confirmation_tolerance"": 1e-05, ""assignment"": ""maximum_posterior_basis_then_semantic_role"", ""background_model"": ""adaptive_gamma_basis_mixture_with_largest_rate_gap"", ""background_scan"": ""adaptive_dyadic_rank_windows_with_poisson_beta_boundary_code"", ""border_rule"": ""strict_local_core_radius"", ""component_initialization"": ""compiled_split_warm_single_start_with_guarded_confirmation"", ""component_selection"": ""semantic_icl_with_adaptive_bound"", ""connectivity"": ""density_ordered_non_merging_knn_watershed"", ""core_thresholds"": ""observed_d4_event_sweep"", ""duplicate_profile_confirmation_minimum"": 3, ""duplicate_profile_confirmation_tolerance"": 1e-08, ""extraction_objective"": ""gamma_topology_description_length"", ""fit_samples"": ""all_rows"", ""gamma_tolerance"": 0.0001, ""geometry_profile"": ""low_dim"", ""hard_component_bound"": 24, ""initial_component_bound"": 8, ""k"": 32, ""knn_backend"": ""kd_tree"", ""shell_ranks"": [4, 8, 16, 32], ""stratification_model"": ""adaptive_gamma_density_basis_with_semantic_background"", ""version"": ""0.2.3""}","{""algorithm"": ""OptimizationStrataSCAN"", ""algorithm_version"": ""0.2.3"", ""graph_seconds"": 0.4122667000046931, ""mdl_gamma_adaptive_search"": true, ""mdl_gamma_assignment"": ""maximum_posterior_basis_then_semantic_role"", ""mdl_gamma_background_basis_components"": [1, 2, 3, 4, 5], ""mdl_gamma_background_boundary"": ""largest_rate_gap"", ""mdl_gamma_background_components"": 5, ""mdl_gamma_background_distribution"": ""gamma_components"", ""mdl_gamma_background_fraction"": 0.9913666666666666, ""mdl_gamma_background_group"": 1, ""mdl_gamma_candidate_components"": [1, 2, 3, 4, 5, 6, 7, 8], ""mdl_gamma_candidate_converged"": [true, true, true, true, true, true, true, true], ""mdl_gamma_candidate_entropies"": [-0.0, 4028.9393803905587, 18813.604981875273, 2.775839614449457, 2.6473519022529794, 2.6647004406860013, 2.645217357969372, 2.6552560190625067], ""mdl_gamma_candidate_iterations"": [2, 15, 6, 17, 7, 5, 7, 8], ""mdl_gamma_candidate_log_likelihoods"": [-152237.93015093348, -143188.27695360038, -142958.01187615673, -134076.93999605393, -134073.6627614198, -134012.9978691614, -134019.43590504388, -134004.2150990628], ""mdl_gamma_candidate_role_gains_nats"": [[0.0], [0.0, 0.0], [0.0, 0.0, 0.0], [0.0, 0.0, 0.0, 0.0], [0.0, 0.0, 0.0, 0.0, 0.0], [0.0, 0.0, 0.0, 0.0, 0.0, 0.0], [0.0, 0.0, 0.0, 0.0, 0.0, 0.0, 0.0], [0.0, 0.0, 0.0, 0.0, 0.0, 0.0, 0.0, 0.0]], ""mdl_gamma_candidate_role_threshold_sizes"": [[0], [0, 0], [0, 0, 0], [0, 0, 0, 0], [0, 0, 0, 0, 0], [0, 0, 0, 0, 0, 0], [0, 0, 0, 0, 0, 0, 0], [0, 0, 0, 0, 0, 0, 0, 0]], ""mdl_gamma_candidate_scores"": [304496.47820718825, 294485.97743128514, 323625.70533734915, 268272.83015060384, 268296.9455638931, 268206.57733443513, 268250.34129801654, 268250.84662135853], ""mdl_gamma_candidate_signal_components"": [[], [0], [0, 1], [0], [0], [0], [0], [0]], ""mdl_gamma_criterion"": ""icl"", ""mdl_gamma_entropy_scope"": ""semantic"", ""mdl_gamma_fit_samples"": 30000, ""mdl_gamma_grouping"": ""largest_rate_gap"", ""mdl_gamma_guarded_confirmation"": true, ""mdl_gamma_log_rate_gaps"": [], ""mdl_gamma_mean_background_probability"": 0.991393953738266, ""mdl_gamma_mean_posterior_entropy"": 8.882334802286671e-05, ""mdl_gamma_mu"": [3.643551887671764, 1.4676492061582262, 1.6501127449851225, 1.3125285554728698, 1.317347769324245, 1.05634231871886], ""mdl_gamma_n_init"": 1, ""mdl_gamma_ranks"": [4, 8, 16, 32], ""mdl_gamma_rates"": [[35.193755854664296, 33.768454596248, 32.40087618178255, 31.08868291129463], [4.062092197552599, 3.930327035800493, 3.802836040415664, 3.679480567025865], [4.0269509380894695, 3.5411724587222575, 3.1139943285135776, 2.738347479838254], [3.7471528989763514, 3.7630515447160184, 3.779017646186254, 3.795051489592291], [3.7375520426799027, 3.7395766504851258, 3.7416023550073216, 3.743629156840576], [2.4940627320695183, 2.3226257647830892, 2.162973037473648, 2.014294524660498]], ""mdl_gamma_role_evidence_neighbour_ranks"": [], ""mdl_gamma_search_caps"": [8], ""mdl_gamma_search_hard_max"": 24, ""mdl_gamma_search_hit_hard_max"": false, ""mdl_gamma_search_initial_max"": 8, ""mdl_gamma_selected_components"": 6, ""mdl_gamma_signal_basis_components"": [0], ""mdl_gamma_signal_components"": 1, ""mdl_gamma_slopes"": [-0.059643329450582414, -0.047573623273354536, -0.18546078931106913, 0.006108204324104815, 0.0007812869970780815, -0.10274103579763288], ""mdl_gamma_split_warm_start"": true, ""mdl_gamma_tolerance"": 0.0001, ""mdl_gamma_weights"": [0.008604967934578982, 0.1479954399700331, 0.14109380893318574, 0.3018548616857271, 0.29035316544984247, 0.11009775602663321], ""optimization_background_events"": [{""boundary_gain_nats"": 23.149801980108492, ""component_size"": 5, ""description_gain_nats"": 9.169176199017762, ""graph_code_nats"": 18.330365938464226, ""width"": 16, ""window_count"": 1859, ""window_gain_nats"": 5.042887337933443, ""window_pvalue"": 0.0005379236148466917}, {""boundary_gain_nats"": 24.412426066560144, ""component_size"": 5, ""description_gain_nats"": 9.046211835554903, ""graph_code_nats"": 18.33019780624465, ""width"": 64, ""window_count"": 465, ""window_gain_nats"": 3.6571307557993555, ""window_pvalue"": 0.002150537634408602}, {""boundary_gain_nats"": 13.546326386489364, ""component_size"": 3, ""description_gain_nats"": 1.0855936538712587, ""graph_code_nats"": 15.557440923512099, ""width"": 8, ""window_count"": 3717, ""window_gain_nats"": 3.7898553714539385, ""window_pvalue"": 0.0018832391713747645}, {""boundary_gain_nats"": 25.769832541802828, ""component_size"": 5, ""description_gain_nats"": 11.095958714387589, ""graph_code_nats"": 18.32992873588113, ""width"": 32, ""window_count"": 929, ""window_gain_nats"": 4.349202089025837, ""window_pvalue"": 0.001076426264800861}, {""boundary_gain_nats"": 17.510006322788357, ""component_size"": 5, ""description_gain_nats"": 2.1442293678963082, ""graph_code_nats"": 18.32976053013146, ""width"": 64, ""window_count"": 465, ""window_gain_nats"": 3.6571307557993555, ""window_pvalue"": 0.002150537634408602}], ""optimization_background_intrinsic_dimension"": 1.9722654368437205, ""optimization_border_fraction"": 0.0014666666666666667, ""optimization_border_model"": ""strict_local_core_radius"", ""optimization_border_seconds"": 0.007503300003008917, ""optimization_boundary_component_gains_nats"": [[0.0, 0.0, 0.0, 0.0], [23.149801980108492, 24.412426066560144, 13.546326386489364, 25.769832541802828, 17.510006322788357]], ""optimization_candidate_groups"": [0, 1], ""optimization_clusters"": 8, ""optimization_connectivity_rank"": 4, ""optimization_core_fraction"": 0.0094, ""optimization_core_rank"": 4, ""optimization_description_gain_nats"": 13697.1498283102, ""optimization_group_gains_nats"": [12601.306118862374, 32.54116977072782], ""optimization_group_sizes"": [259, 29741], ""optimization_noise_fraction"": 0.9891333333333333, ""optimization_objective"": ""gamma_topology_component_and_attachment_description_gain"", ""optimization_objective_trace"": [0.0, -13697.1498283102], ""optimization_ordering_modes"": [""d4"", ""adaptive_d4_rank_windows_with_beta_boundary_code""], ""optimization_seconds"": 0.3152955999976257, ""optimization_selected_component_gains_nats"": [4373.7263463789795, 5008.696279417378, 4246.299381195328, 10.589320535186106, 9.169176199017762, 9.046211835554903, 1.0855936538712587, 11.095958714387589, 2.1442293678963082], ""optimization_selected_groups"": [0, 1], ""optimization_selected_local_components"": [4, 5], ""optimization_solver"": ""exact_stratum_event_sweep"", ""optimization_sparse_memory"": true, ""optimization_threshold_seconds"": 0.3081740999914473, ""optimization_threshold_sizes"": [259, 23], ""optimization_thresholds"": [0.5478754639625549, 0.273624062538147], ""optimization_topology_evidence_ranks"": [5, 8], ""optimization_unified_background_scan"": true, ""stratification"": ""adaptive-semantic-information-criterion-gamma-v2""}","[{""coverage"": 1.0, ""f1"": 1.0, ""fragments"": 1, ""matched_predicted_cluster"": 1, ""overlap"": 100, ""passes_discovery_thresholds"": true, ""precision"": 1.0, ""purity"": 1.0, ""recall"": 1.0, ""target"": ""cluster_0"", ""target_label"": 0, ""target_noise_loss"": 0.0, ""target_size"": 100}, {""coverage"": 0.98, ""f1"": 0.98989898989899, ""fragments"": 1, ""matched_predicted_cluster"": 0, ""overlap"": 98, ""passes_discovery_thresholds"": true, ""precision"": 1.0, ""purity"": 1.0, ""recall"": 0.98, ""target"": ""cluster_1"", ""target_label"": 1, ""target_noise_loss"": 0.02, ""target_size"": 100}, {""coverage"": 0.97, ""f1"": 0.9847715736040609, ""fragments"": 1, ""matched_predicted_cluster"": 2, ""overlap"": 97, ""passes_discovery_thresholds"": true, ""precision"": 1.0, ""purity"": 1.0, ""recall"": 0.97, ""target"": ""cluster_2"", ""target_label"": 2, ""target_noise_loss"": 0.03, ""target_size"": 100}]"
synthetic__global_contamination_noise99__quality__signal300__n30000__StrataSCAN__233__962014a24adc,ok,synthetic,global_contamination_noise99__quality__signal300__n30000,StrataSCAN,233,0.2.4,30000,2,0.005242100000032224,1.2830732000002172,7.5172246000001905,251.28125,66.4375,252.34375,,,evaluation_state/synthetic__global_contamination_noise99__quality__signal300__n30000__StrataSCAN__233__962014a24adc.npz,8efcdb52db1e48f057b55de8bcf70bf0de50db61e6de52f3213266dfdd91979a,3786,0.8648531128790719,0.892993757322353,1,1,0.9998316498316498,known_synthetic_noise,0.964915824915825,0.977520929743568,1.3333333333333333,3,3,0.1,0.9,full_partition,target-discovery-v1,0,0.05,0.93,0.9634876478273631,0.06999999999999999,1.0,3,pairwise_f1,hungarian,1.0,0,4,0.981193556642378,0.9995624074323414,0.9995624074323414,0.9905333333333334,0.999293310001346,0.9998316498316498,0.9273468798498573,0.9992222135801508,0.8651178451178451,0.9905333333333334,4,macro,3,3,0.93,0.9554794520547946,0.9823943661971831,0.93,1,3,1.0,1.0,3,1,0.0,0.93,1.0,0.963487647827363,1.0,"{""background_inner_edge"": 6.0, ""background_intensity"": 3.0, ""background_size"": 29700, ""background_strip_height"": 10.0, ""background_support_area"": 9900.0, ""controlled_factor"": ""global_background_support_at_fixed_local_intensity"", ""declared_noise_fraction"": 0.99, ""dimension"": 2, ""family"": ""global_contamination_invariance"", ""n"": 30000, ""n_targets"": 3, ""paired_background"": ""seeded_prefix"", ""realized_noise_fraction"": 0.99, ""signal_size"": 300}","{""ambiguous_model_confirmation_tolerance"": 1e-05, ""assignment"": ""maximum_posterior_basis_then_semantic_role"", ""background_model"": ""adaptive_gamma_basis_mixture_with_largest_rate_gap"", ""background_scan"": ""adaptive_dyadic_rank_windows_with_poisson_beta_boundary_code"", ""border_rule"": ""strict_local_core_radius"", ""component_initialization"": ""compiled_split_warm_single_start_with_guarded_confirmation"", ""component_selection"": ""semantic_icl_with_adaptive_bound"", ""connectivity"": ""density_ordered_non_merging_knn_watershed"", ""core_thresholds"": ""observed_d4_event_sweep"", ""duplicate_profile_confirmation_minimum"": 3, ""duplicate_profile_confirmation_tolerance"": 1e-08, ""extraction_objective"": ""gamma_topology_description_length"", ""fit_samples"": ""all_rows"", ""gamma_tolerance"": 0.0001, ""geometry_profile"": ""low_dim"", ""hard_component_bound"": 24, ""initial_component_bound"": 8, ""k"": 32, ""knn_backend"": ""kd_tree"", ""shell_ranks"": [4, 8, 16, 32], ""stratification_model"": ""adaptive_gamma_density_basis_with_semantic_background"", ""version"": ""0.2.3""}","{""algorithm"": ""OptimizationStrataSCAN"", ""algorithm_version"": ""0.2.3"", ""graph_seconds"": 0.4007471000077203, ""mdl_gamma_adaptive_search"": true, ""mdl_gamma_assignment"": ""maximum_posterior_basis_then_semantic_role"", ""mdl_gamma_background_basis_components"": [1, 2, 3, 4, 5], ""mdl_gamma_background_boundary"": ""largest_rate_gap"", ""mdl_gamma_background_components"": 5, ""mdl_gamma_background_distribution"": ""gamma_components"", ""mdl_gamma_background_fraction"": 0.9914, ""mdl_gamma_background_group"": 1, ""mdl_gamma_candidate_components"": [1, 2, 3, 4, 5, 6, 7, 8], ""mdl_gamma_candidate_converged"": [true, true, true, true, true, true, true, true], ""mdl_gamma_candidate_entropies"": [-0.0, 4354.058444244622, 18560.657181943083, 3.2905596965470103, 3.8309160084733596, 3.6484014734589523, 3.7693637498349313, 3.7692431249975273], ""mdl_gamma_candidate_iterations"": [2, 14, 6, 16, 7, 5, 8, 8], ""mdl_gamma_candidate_log_likelihoods"": [-154309.55946017164, -144494.6757932868, -144186.45525624018, -135023.23943671267, -134975.99154228234, -134872.09543187797, -134862.7455618266, -134850.13975716813], ""mdl_gamma_candidate_role_gains_nats"": [[0.0], [0.0, 0.0], [0.0, 0.0, 0.0], [0.0, 0.0, 0.0, 0.0], [0.0, 0.0, 0.0, 0.0, 0.0], [0.0, 0.0, 0.0, 0.0, 0.0, 0.0], [0.0, 0.0, 0.0, 0.0, 0.0, 0.0, 0.0], [0.0, 0.0, 0.0, 0.0, 0.0, 0.0, 0.0, 0.0]], ""mdl_gamma_candidate_role_threshold_sizes"": [[0], [0, 0], [0, 0, 0], [0, 0, 0, 0], [0, 0, 0, 0, 0], [0, 0, 0, 0, 0, 0], [0, 0, 0, 0, 0, 0, 0], [0, 0, 0, 0, 0, 0, 0, 0]], ""mdl_gamma_candidate_scores"": [308639.7368256646, 297749.01323836605, 325576.69649765163, 270166.45847208553, 270103.97025383066, 269926.7398619338, 269939.2089043657, 269944.92391178105], ""mdl_gamma_candidate_signal_components"": [[], [0], [0, 1], [0], [0], [0], [0], [0]], ""mdl_gamma_criterion"": ""icl"", ""mdl_gamma_entropy_scope"": ""semantic"", ""mdl_gamma_fit_samples"": 30000, ""mdl_gamma_grouping"": ""largest_rate_gap"", ""mdl_gamma_guarded_confirmation"": true, ""mdl_gamma_log_rate_gaps"": [], ""mdl_gamma_mean_background_probability"": 0.9914210736012183, ""mdl_gamma_mean_posterior_entropy"": 0.00012161338244863174, ""mdl_gamma_mu"": [3.5551923892846693, 1.7345370302462584, 1.5202879229056325, 1.3255941522081027, 1.2714979854134292, 1.0602334517598209], ""mdl_gamma_n_init"": 1, ""mdl_gamma_ranks"": [4, 8, 16, 32], ""mdl_gamma_rates"": [[34.53841058746075, 34.31257441405715, 34.088214914778106, 33.865322434100136], [4.176272841597347, 3.5853649247579575, 3.078065569769598, 2.6425448596255916], [4.169451963051397, 3.9809996006928365, 3.8010649747642047, 3.629263097606118], [3.7813995291000273, 3.789917322632635, 3.798454302925621, 3.807010513198135], [3.672926381791854, 3.7274863013941286, 3.782856687778901, 3.839049580120907], [2.501823745587977, 2.3289399811627614, 2.168003019966407, 2.0181873009182447]], ""mdl_gamma_role_evidence_neighbour_ranks"": [], ""mdl_gamma_search_caps"": [8], ""mdl_gamma_search_hard_max"": 24, ""mdl_gamma_search_hit_hard_max"": false, ""mdl_gamma_search_initial_max"": 8, ""mdl_gamma_selected_components"": 6, ""mdl_gamma_signal_basis_components"": [0], ""mdl_gamma_signal_components"": 1, ""mdl_gamma_slopes"": [-0.00946432054333295, -0.22009600177711758, -0.06672704012568595, 0.0032460888677032867, 0.021273070840550534, -0.10330669417805752], ""mdl_gamma_split_warm_start"": true, ""mdl_gamma_tolerance"": 0.0001, ""mdl_gamma_weights"": [0.008577529711048767, 0.14156218135373894, 0.14532622653173088, 0.29729824543302014, 0.29141552073088545, 0.11582029623957711], ""optimization_background_events"": [{""boundary_gain_nats"": 15.643109881233134, ""component_size"": 5, ""description_gain_nats"": 0.27669389495635244, ""graph_code_nats"": 18.33039956151619, ""width"": 64, ""window_count"": 465, ""window_gain_nats"": 3.6571307557993555, ""window_pvalue"": 0.002150537634408602}], ""optimization_background_intrinsic_dimension"": 1.9693285116196184, ""optimization_border_fraction"": 0.0007, ""optimization_border_model"": ""strict_local_core_radius"", ""optimization_border_seconds"": 0.006921500011230819, ""optimization_boundary_component_gains_nats"": [[0.0, 0.0, 0.0], [15.643109881233134]], ""optimization_candidate_groups"": [0, 1], ""optimization_clusters"": 4, ""optimization_connectivity_rank"": 4, ""optimization_core_fraction"": 0.008766666666666667, ""optimization_core_rank"": 4, ""optimization_description_gain_nats"": 13838.547873116036, ""optimization_group_gains_nats"": [12739.89223698829, 0.27669389495635244], ""optimization_group_sizes"": [258, 29742], ""optimization_noise_fraction"": 0.9905333333333334, ""optimization_objective"": ""gamma_topology_component_and_attachment_description_gain"", ""optimization_objective_trace"": [0.0, -13838.547873116036], ""optimization_ordering_modes"": [""d4"", ""adaptive_d4_rank_windows_with_beta_boundary_code""], ""optimization_seconds"": 0.1258010000019567, ""optimization_selected_component_gains_nats"": [4492.371468901602, 4724.271927400923, 4611.163353903002, 0.27669389495635244], ""optimization_selected_groups"": [0, 1], ""optimization_selected_local_components"": [3, 1], ""optimization_solver"": ""exact_stratum_event_sweep"", ""optimization_sparse_memory"": true, ""optimization_threshold_seconds"": 0.11921459999575745, ""optimization_threshold_sizes"": [258, 5], ""optimization_thresholds"": [0.5231175422668457, 0.2603948414325714], ""optimization_topology_evidence_ranks"": [5, 8], ""optimization_unified_background_scan"": true, ""stratification"": ""adaptive-semantic-information-criterion-gamma-v2""}","[{""coverage"": 0.96, ""f1"": 0.9795918367346939, ""fragments"": 1, ""matched_predicted_cluster"": 2, ""overlap"": 96, ""passes_discovery_thresholds"": true, ""precision"": 1.0, ""purity"": 1.0, ""recall"": 0.96, ""target"": ""cluster_0"", ""target_label"": 0, ""target_noise_loss"": 0.04, ""target_size"": 100}, {""coverage"": 0.89, ""f1"": 0.9417989417989417, ""fragments"": 1, ""matched_predicted_cluster"": 0, ""overlap"": 89, ""passes_discovery_thresholds"": true, ""precision"": 1.0, ""purity"": 1.0, ""recall"": 0.89, ""target"": ""cluster_1"", ""target_label"": 1, ""target_noise_loss"": 0.11, ""target_size"": 100}, {""coverage"": 0.94, ""f1"": 0.9690721649484536, ""fragments"": 1, ""matched_predicted_cluster"": 1, ""overlap"": 94, ""passes_discovery_thresholds"": true, ""precision"": 1.0, ""purity"": 1.0, ""recall"": 0.94, ""target"": ""cluster_2"", ""target_label"": 2, ""target_noise_loss"": 0.06, ""target_size"": 100}]"
synthetic__global_contamination_noise99__quality__signal300__n30000__VDBSCAN-2007__211__3e05292cb6ea,ok,synthetic,global_contamination_noise99__quality__signal300__n30000,VDBSCAN-2007,211,0.2.4,30000,2,0.005679799985955469,0.48457450000569224,5.302326899996842,195.55078125,10.65234375,194.05078125,,,evaluation_state/synthetic__global_contamination_noise99__quality__signal300__n30000__VDBSCAN-2007__211__3e05292cb6ea.npz,a9944bc4c55828eaf85eef773857a9690428ea546c63d1d2670638ac499509b9,21274,1.0,1.0,82,82,0.014208754208754209,known_synthetic_noise,0.5071043771043771,0.024050526631153753,28.333333333333332,3,3,0.1,0.9,full_partition,target-discovery-v1,0,0.05,1.0,1.0,0.0,1.0,3,pairwise_f1,hungarian,1.0,0,85,0.05451139959956082,0.02801938782285373,0.02801938782285373,0.014066666666666667,1.0,0.014208754208754209,0.0002521696909454117,0.00012610074486563621,1.0,0.014066666666666667,85,macro,3,3,1.0,0.020081665439453777,0.01014267360876327,1.0,82,3,1.0,1.0,3,82,0.0,1.0,1.0,1.0,1.0,"{""background_inner_edge"": 6.0, ""background_intensity"": 3.0, ""background_size"": 29700, ""background_strip_height"": 10.0, ""background_support_area"": 9900.0, ""controlled_factor"": ""global_background_support_at_fixed_local_intensity"", ""declared_noise_fraction"": 0.99, ""dimension"": 2, ""family"": ""global_contamination_invariance"", ""n"": 30000, ""n_targets"": 3, ""paired_background"": ""seeded_prefix"", ""realized_noise_fraction"": 0.99, ""signal_size"": 300}","{""eps_values"": [0.8481558561325073, 1.0944194793701172], ""geometry_profile"": ""low_dim"", ""knee_prominence"": 0.03, ""knn_backend"": ""kd_tree"", ""max_eps_values"": 3, ""min_samples"": 5}",{},"[{""coverage"": 1.0, ""f1"": 1.0, ""fragments"": 1, ""matched_predicted_cluster"": 17, ""overlap"": 100, ""passes_discovery_thresholds"": true, ""precision"": 1.0, ""purity"": 1.0, ""recall"": 1.0, ""target"": ""cluster_0"", ""target_label"": 0, ""target_noise_loss"": 0.0, ""target_size"": 100}, {""coverage"": 1.0, ""f1"": 1.0, ""fragments"": 1, ""matched_predicted_cluster"": 6, ""overlap"": 100, ""passes_discovery_thresholds"": true, ""precision"": 1.0, ""purity"": 1.0, ""recall"": 1.0, ""target"": ""cluster_1"", ""target_label"": 1, ""target_noise_loss"": 0.0, ""target_size"": 100}, {""coverage"": 1.0, ""f1"": 1.0, ""fragments"": 1, ""matched_predicted_cluster"": 8, ""overlap"": 100, ""passes_discovery_thresholds"": true, ""precision"": 1.0, ""purity"": 1.0, ""recall"": 1.0, ""target"": ""cluster_2"", ""target_label"": 2, ""target_noise_loss"": 0.0, ""target_size"": 100}]"
synthetic__global_contamination_noise99__quality__signal300__n30000__VDBSCAN-2007__223__7ee80274faca,ok,synthetic,global_contamination_noise99__quality__signal300__n30000,VDBSCAN-2007,223,0.2.4,30000,2,0.005787300004158169,0.5313086000096519,5.344335699992371,195.33984375,10.41796875,190.77734375,,,evaluation_state/synthetic__global_contamination_noise99__quality__signal300__n30000__VDBSCAN-2007__223__7ee80274faca.npz,585366a7899b9186c188bc69430a68f6f8567c02218ba468d8a58b3b5884fc0e,20138,1.0,1.0,74,74,0.01478114478114478,known_synthetic_noise,0.5073905723905724,0.024612393928959003,25.666666666666668,3,3,0.1,0.9,full_partition,target-discovery-v1,0,0.05,1.0,1.0,0.0,1.0,3,pairwise_f1,hungarian,1.0,0,77,0.0566141148402489,0.029131689837088158,0.029131689837088158,0.014633333333333333,1.0,0.01478114478114478,0.00024271900398842894,0.00012137423191055407,1.0,0.014633333333333333,77,macro,3,3,1.0,0.020093098020829845,0.010148506478129968,1.0,74,3,1.0,1.0,3,74,0.0,1.0,1.0,1.0,1.0,"{""background_inner_edge"": 6.0, ""background_intensity"": 3.0, ""background_size"": 29700, ""background_strip_height"": 10.0, ""background_support_area"": 9900.0, ""controlled_factor"": ""global_background_support_at_fixed_local_intensity"", ""declared_noise_fraction"": 0.99, ""dimension"": 2, ""family"": ""global_contamination_invariance"", ""n"": 30000, ""n_targets"": 3, ""paired_background"": ""seeded_prefix"", ""realized_noise_fraction"": 0.99, ""signal_size"": 300}","{""eps_values"": [0.8516365885734558, 1.094210147857666], ""geometry_profile"": ""low_dim"", ""knee_prominence"": 0.03, ""knn_backend"": ""kd_tree"", ""max_eps_values"": 3, ""min_samples"": 5}",{},"[{""coverage"": 1.0, ""f1"": 1.0, ""fragments"": 1, ""matched_predicted_cluster"": 8, ""overlap"": 100, ""passes_discovery_thresholds"": true, ""precision"": 1.0, ""purity"": 1.0, ""recall"": 1.0, ""target"": ""cluster_0"", ""target_label"": 0, ""target_noise_loss"": 0.0, ""target_size"": 100}, {""coverage"": 1.0, ""f1"": 1.0, ""fragments"": 1, ""matched_predicted_cluster"": 5, ""overlap"": 100, ""passes_discovery_thresholds"": true, ""precision"": 1.0, ""purity"": 1.0, ""recall"": 1.0, ""target"": ""cluster_1"", ""target_label"": 1, ""target_noise_loss"": 0.0, ""target_size"": 100}, {""coverage"": 1.0, ""f1"": 1.0, ""fragments"": 1, ""matched_predicted_cluster"": 7, ""overlap"": 100, ""passes_discovery_thresholds"": true, ""precision"": 1.0, ""purity"": 1.0, ""recall"": 1.0, ""target"": ""cluster_2"", ""target_label"": 2, ""target_noise_loss"": 0.0, ""target_size"": 100}]"
synthetic__global_contamination_noise99__quality__signal300__n30000__VDBSCAN-2007__227__5059daf07d60,ok,synthetic,global_contamination_noise99__quality__signal300__n30000,VDBSCAN-2007,227,0.2.4,30000,2,0.005299399999785237,0.5241572000086308,5.335491100006038,195.21875,10.5390625,193.71875,,,evaluation_state/synthetic__global_contamination_noise99__quality__signal300__n30000__VDBSCAN-2007__227__5059daf07d60.npz,c7c9e80211712d3a7dcca011d77c39ec8bb64468da398722bf2bdc19ffea2173,20196,1.0,1.0,74,74,0.014882154882154882,known_synthetic_noise,0.5074410774410775,0.024711482535926504,25.666666666666668,3,3,0.1,0.9,full_partition,target-discovery-v1,0,0.05,1.0,1.0,0.0,1.0,3,pairwise_f1,hungarian,1.0,0,77,0.05698446464255785,0.02932784818525645,0.02932784818525645,0.014733333333333333,1.0,0.014882154882154882,0.00023316907317954833,0.00011659813012874247,1.0,0.014733333333333333,77,macro,3,3,1.0,0.020095116886596556,0.010149536504499629,1.0,74,3,1.0,1.0,3,74,0.0,1.0,1.0,1.0,1.0,"{""background_inner_edge"": 6.0, ""background_intensity"": 3.0, ""background_size"": 29700, ""background_strip_height"": 10.0, ""background_support_area"": 9900.0, ""controlled_factor"": ""global_background_support_at_fixed_local_intensity"", ""declared_noise_fraction"": 0.99, ""dimension"": 2, ""family"": ""global_contamination_invariance"", ""n"": 30000, ""n_targets"": 3, ""paired_background"": ""seeded_prefix"", ""realized_noise_fraction"": 0.99, ""signal_size"": 300}","{""eps_values"": [0.8496280908584595, 1.1094943284988403], ""geometry_profile"": ""low_dim"", ""knee_prominence"": 0.03, ""knn_backend"": ""kd_tree"", ""max_eps_values"": 3, ""min_samples"": 5}",{},"[{""coverage"": 1.0, ""f1"": 1.0, ""fragments"": 1, ""matched_predicted_cluster"": 16, ""overlap"": 100, ""passes_discovery_thresholds"": true, ""precision"": 1.0, ""purity"": 1.0, ""recall"": 1.0, ""target"": ""cluster_0"", ""target_label"": 0, ""target_noise_loss"": 0.0, ""target_size"": 100}, {""coverage"": 1.0, ""f1"": 1.0, ""fragments"": 1, ""matched_predicted_cluster"": 4, ""overlap"": 100, ""passes_discovery_thresholds"": true, ""precision"": 1.0, ""purity"": 1.0, ""recall"": 1.0, ""target"": ""cluster_1"", ""target_label"": 1, ""target_noise_loss"": 0.0, ""target_size"": 100}, {""coverage"": 1.0, ""f1"": 1.0, ""fragments"": 1, ""matched_predicted_cluster"": 8, ""overlap"": 100, ""passes_discovery_thresholds"": true, ""precision"": 1.0, ""purity"": 1.0, ""recall"": 1.0, ""target"": ""cluster_2"", ""target_label"": 2, ""target_noise_loss"": 0.0, ""target_size"": 100}]"
synthetic__global_contamination_noise99__quality__signal300__n30000__VDBSCAN-2007__229__44341dd8bfbf,ok,synthetic,global_contamination_noise99__quality__signal300__n30000,VDBSCAN-2007,229,0.2.4,30000,2,0.005400900001404807,0.4827087999874493,5.47029840000323,195.203125,10.32421875,193.12890625,,,evaluation_state/synthetic__global_contamination_noise99__quality__signal300__n30000__VDBSCAN-2007__229__44341dd8bfbf.npz,ef7eda4cf7f949550010b1a906ebdd3e12a156b73fa720c157bcd2ffb33d7d14,20646,0.9914959434433548,0.9950082639109167,53,53,0.014713804713804714,known_synthetic_noise,0.5056902356902357,0.024512692021896515,18.666666666666668,3,3,0.1,0.9,full_partition,target-discovery-v1,0,0.05,0.9966666666666667,0.9983249581239532,0.0033333333333333335,1.0,3,pairwise_f1,hungarian,1.0,0,56,0.05636261277710818,0.028999933638595793,0.028999933638595793,0.0146,0.997716894977169,0.014713804713804714,0.00028276059759921665,0.00014140042420318977,0.9933333333333333,0.0146,56,macro,3,3,0.9966666666666667,0.02002545040519724,0.010114335971855761,0.9966666666666667,53,3,1.0,1.0,3,53,0.0,0.9966666666666667,1.0,0.9983249581239529,1.0,"{""background_inner_edge"": 6.0, ""background_intensity"": 3.0, ""background_size"": 29700, ""background_strip_height"": 10.0, ""background_support_area"": 9900.0, ""controlled_factor"": ""global_background_support_at_fixed_local_intensity"", ""declared_noise_fraction"": 0.99, ""dimension"": 2, ""family"": ""global_contamination_invariance"", ""n"": 30000, ""n_targets"": 3, ""paired_background"": ""seeded_prefix"", ""realized_noise_fraction"": 0.99, ""signal_size"": 300}","{""eps_values"": [0.8501947522163391, 1.0938702821731567], ""geometry_profile"": ""low_dim"", ""knee_prominence"": 0.03, ""knn_backend"": ""kd_tree"", ""max_eps_values"": 3, ""min_samples"": 5}",{},"[{""coverage"": 1.0, ""f1"": 1.0, ""fragments"": 1, ""matched_predicted_cluster"": 8, ""overlap"": 100, ""passes_discovery_thresholds"": true, ""precision"": 1.0, ""purity"": 1.0, ""recall"": 1.0, ""target"": ""cluster_0"", ""target_label"": 0, ""target_noise_loss"": 0.0, ""target_size"": 100}, {""coverage"": 0.99, ""f1"": 0.9949748743718593, ""fragments"": 1, ""matched_predicted_cluster"": 6, ""overlap"": 99, ""passes_discovery_thresholds"": true, ""precision"": 1.0, ""purity"": 1.0, ""recall"": 0.99, ""target"": ""cluster_1"", ""target_label"": 1, ""target_noise_loss"": 0.01, ""target_size"": 100}, {""coverage"": 1.0, ""f1"": 1.0, ""fragments"": 1, ""matched_predicted_cluster"": 10, ""overlap"": 100, ""passes_discovery_thresholds"": true, ""precision"": 1.0, ""purity"": 1.0, ""recall"": 1.0, ""target"": ""cluster_2"", ""target_label"": 2, ""target_noise_loss"": 0.0, ""target_size"": 100}]"
synthetic__global_contamination_noise99__quality__signal300__n30000__VDBSCAN-2007__233__7bed5825c2d9,ok,synthetic,global_contamination_noise99__quality__signal300__n30000,VDBSCAN-2007,233,0.2.4,30000,2,0.005432999998447485,0.4716230999911204,5.310380299997632,195.05859375,10.64453125,194.2109375,,,evaluation_state/synthetic__global_contamination_noise99__quality__signal300__n30000__VDBSCAN-2007__233__7bed5825c2d9.npz,f51f22436fb2b9a6fbbed92fb1f3b0ec4e849d7575dac3229a31c53a27b2fb52,16387,1.0,1.0,56,56,0.013905723905723906,known_synthetic_noise,0.5069528619528619,0.02375281588856231,19.666666666666668,3,3,0.1,0.9,full_partition,target-discovery-v1,0,0.05,1.0,1.0,0.0,1.0,3,pairwise_f1,hungarian,1.0,0,59,0.05339539093054074,0.02743001361538206,0.02743001361538206,0.013766666666666667,1.0,0.013905723905723906,0.00015421315399260843,7.711252287898695e-05,1.0,0.013766666666666667,59,macro,3,3,1.0,0.02007561816174256,0.010139588332713691,1.0,56,3,1.0,1.0,3,56,0.0,1.0,1.0,1.0,1.0,"{""background_inner_edge"": 6.0, ""background_intensity"": 3.0, ""background_size"": 29700, ""background_strip_height"": 10.0, ""background_support_area"": 9900.0, ""controlled_factor"": ""global_background_support_at_fixed_local_intensity"", ""declared_noise_fraction"": 0.99, ""dimension"": 2, ""family"": ""global_contamination_invariance"", ""n"": 30000, ""n_targets"": 3, ""paired_background"": ""seeded_prefix"", ""realized_noise_fraction"": 0.99, ""signal_size"": 300}","{""eps_values"": [0.8531430959701538, 1.088602900505066], ""geometry_profile"": ""low_dim"", ""knee_prominence"": 0.03, ""knn_backend"": ""kd_tree"", ""max_eps_values"": 3, ""min_samples"": 5}",{},"[{""coverage"": 1.0, ""f1"": 1.0, ""fragments"": 1, ""matched_predicted_cluster"": 6, ""overlap"": 100, ""passes_discovery_thresholds"": true, ""precision"": 1.0, ""purity"": 1.0, ""recall"": 1.0, ""target"": ""cluster_0"", ""target_label"": 0, ""target_noise_loss"": 0.0, ""target_size"": 100}, {""coverage"": 1.0, ""f1"": 1.0, ""fragments"": 1, ""matched_predicted_cluster"": 8, ""overlap"": 100, ""passes_discovery_thresholds"": true, ""precision"": 1.0, ""purity"": 1.0, ""recall"": 1.0, ""target"": ""cluster_1"", ""target_label"": 1, ""target_noise_loss"": 0.0, ""target_size"": 100}, {""coverage"": 1.0, ""f1"": 1.0, ""fragments"": 1, ""matched_predicted_cluster"": 15, ""overlap"": 100, ""passes_discovery_thresholds"": true, ""precision"": 1.0, ""purity"": 1.0, ""recall"": 1.0, ""target"": ""cluster_2"", ""target_label"": 2, ""target_noise_loss"": 0.0, ""target_size"": 100}]"
synthetic__global_contamination_noise99__quality__signal300__n30000__kNN+Leiden__211__797898d36d36,ok,synthetic,global_contamination_noise99__quality__signal300__n30000,kNN+Leiden,211,0.2.4,30000,2,0.017126599996117875,2.482957299987902,15.577093700005207,313.15625,100.8203125,324.08203125,,,evaluation_state/synthetic__global_contamination_noise99__quality__signal300__n30000__kNN+Leiden__211__797898d36d36.npz,14ceae4a213c03a559a7383291a9a05ae591b31e32165f805982642c3c95fab2,34456,1.0,1.0,34,34,0.0,known_synthetic_noise,0.5,0.009900990099009901,12.333333333333334,3,3,0.1,0.9,full_partition,target-discovery-v1,0,0.05,1.0,1.0,0.0,1.0,3,pairwise_f1,hungarian,1.0,0,37,0.0,0.0,0.0,0.0,0.0,0.0,0.0021461249510076525,0.0010742151754992713,1.0,0.0,37,macro,3,3,1.0,0.019801980198019802,0.01,1.0,34,3,1.0,1.0,3,34,0.0,1.0,1.0,1.0,1.0,"{""background_inner_edge"": 6.0, ""background_intensity"": 3.0, ""background_size"": 29700, ""background_strip_height"": 10.0, ""background_support_area"": 9900.0, ""controlled_factor"": ""global_background_support_at_fixed_local_intensity"", ""declared_noise_fraction"": 0.99, ""dimension"": 2, ""family"": ""global_contamination_invariance"", ""n"": 30000, ""n_targets"": 3, ""paired_background"": ""seeded_prefix"", ""realized_noise_fraction"": 0.99, ""signal_size"": 300}","{""edge_rank"": 15, ""geometry_profile"": ""low_dim"", ""k"": 20, ""knn_backend"": ""kd_tree"", ""resolution"": 0.5, ""symmetrization"": ""union"", ""weights"": ""1/(1+d)""}",{},"[{""coverage"": 1.0, ""f1"": 1.0, ""fragments"": 1, ""matched_predicted_cluster"": 36, ""overlap"": 100, ""passes_discovery_thresholds"": true, ""precision"": 1.0, ""purity"": 1.0, ""recall"": 1.0, ""target"": ""cluster_0"", ""target_label"": 0, ""target_noise_loss"": 0.0, ""target_size"": 100}, {""coverage"": 1.0, ""f1"": 1.0, ""fragments"": 1, ""matched_predicted_cluster"": 34, ""overlap"": 100, ""passes_discovery_thresholds"": true, ""precision"": 1.0, ""purity"": 1.0, ""recall"": 1.0, ""target"": ""cluster_1"", ""target_label"": 1, ""target_noise_loss"": 0.0, ""target_size"": 100}, {""coverage"": 1.0, ""f1"": 1.0, ""fragments"": 1, ""matched_predicted_cluster"": 35, ""overlap"": 100, ""passes_discovery_thresholds"": true, ""precision"": 1.0, ""purity"": 1.0, ""recall"": 1.0, ""target"": ""cluster_2"", ""target_label"": 2, ""target_noise_loss"": 0.0, ""target_size"": 100}]"
synthetic__global_contamination_noise99__quality__signal300__n30000__kNN+Leiden__223__6cf32eeb324c,ok,synthetic,global_contamination_noise99__quality__signal300__n30000,kNN+Leiden,223,0.2.4,30000,2,0.04058950000035111,2.2036031000025105,11.038958700009971,314.2890625,101.65234375,324.90234375,,,evaluation_state/synthetic__global_contamination_noise99__quality__signal300__n30000__kNN+Leiden__223__6cf32eeb324c.npz,2edfb2e97cd2b8e7bf9b791524e6c79098566237ce02a8b1d14111fea1d10175,34812,1.0,1.0,35,35,0.0,known_synthetic_noise,0.5,0.009900990099009901,12.666666666666666,3,3,0.1,0.9,full_partition,target-discovery-v1,0,0.05,1.0,1.0,0.0,1.0,3,pairwise_f1,hungarian,1.0,0,38,0.0,0.0,0.0,0.0,0.0,0.0,0.00227516592049651,0.0011388785290567026,1.0,0.0,38,macro,3,3,1.0,0.019801980198019802,0.01,1.0,35,3,1.0,1.0,3,35,0.0,1.0,1.0,1.0,1.0,"{""background_inner_edge"": 6.0, ""background_intensity"": 3.0, ""background_size"": 29700, ""background_strip_height"": 10.0, ""background_support_area"": 9900.0, ""controlled_factor"": ""global_background_support_at_fixed_local_intensity"", ""declared_noise_fraction"": 0.99, ""dimension"": 2, ""family"": ""global_contamination_invariance"", ""n"": 30000, ""n_targets"": 3, ""paired_background"": ""seeded_prefix"", ""realized_noise_fraction"": 0.99, ""signal_size"": 300}","{""edge_rank"": 15, ""geometry_profile"": ""low_dim"", ""k"": 20, ""knn_backend"": ""kd_tree"", ""resolution"": 0.5, ""symmetrization"": ""union"", ""weights"": ""1/(1+d)""}",{},"[{""coverage"": 1.0, ""f1"": 1.0, ""fragments"": 1, ""matched_predicted_cluster"": 37, ""overlap"": 100, ""passes_discovery_thresholds"": true, ""precision"": 1.0, ""purity"": 1.0, ""recall"": 1.0, ""target"": ""cluster_0"", ""target_label"": 0, ""target_noise_loss"": 0.0, ""target_size"": 100}, {""coverage"": 1.0, ""f1"": 1.0, ""fragments"": 1, ""matched_predicted_cluster"": 35, ""overlap"": 100, ""passes_discovery_thresholds"": true, ""precision"": 1.0, ""purity"": 1.0, ""recall"": 1.0, ""target"": ""cluster_1"", ""target_label"": 1, ""target_noise_loss"": 0.0, ""target_size"": 100}, {""coverage"": 1.0, ""f1"": 1.0, ""fragments"": 1, ""matched_predicted_cluster"": 36, ""overlap"": 100, ""passes_discovery_thresholds"": true, ""precision"": 1.0, ""purity"": 1.0, ""recall"": 1.0, ""target"": ""cluster_2"", ""target_label"": 2, ""target_noise_loss"": 0.0, ""target_size"": 100}]"
synthetic__global_contamination_noise99__quality__signal300__n30000__kNN+Leiden__227__9164d9052523,ok,synthetic,global_contamination_noise99__quality__signal300__n30000,kNN+Leiden,227,0.2.4,30000,2,0.04654840000148397,2.356566799993743,13.130391099999542,312.91796875,100.421875,324.4140625,,,evaluation_state/synthetic__global_contamination_noise99__quality__signal300__n30000__kNN+Leiden__227__9164d9052523.npz,633498afc7f14c47bb0e95b04c690663ab0210ac231769a5d4514a5bd974d538,35552,1.0,1.0,38,38,0.0,known_synthetic_noise,0.5,0.009900990099009901,13.666666666666666,3,3,0.1,0.9,full_partition,target-discovery-v1,0,0.05,1.0,1.0,0.0,1.0,3,pairwise_f1,hungarian,1.0,0,41,0.0,0.0,0.0,0.0,0.0,0.0,0.0023855647788469,0.0011942068182856304,1.0,0.0,41,macro,3,3,1.0,0.019801980198019802,0.01,1.0,38,3,1.0,1.0,3,38,0.0,1.0,1.0,1.0,1.0,"{""background_inner_edge"": 6.0, ""background_intensity"": 3.0, ""background_size"": 29700, ""background_strip_height"": 10.0, ""background_support_area"": 9900.0, ""controlled_factor"": ""global_background_support_at_fixed_local_intensity"", ""declared_noise_fraction"": 0.99, ""dimension"": 2, ""family"": ""global_contamination_invariance"", ""n"": 30000, ""n_targets"": 3, ""paired_background"": ""seeded_prefix"", ""realized_noise_fraction"": 0.99, ""signal_size"": 300}","{""edge_rank"": 15, ""geometry_profile"": ""low_dim"", ""k"": 20, ""knn_backend"": ""kd_tree"", ""resolution"": 0.5, ""symmetrization"": ""union"", ""weights"": ""1/(1+d)""}",{},"[{""coverage"": 1.0, ""f1"": 1.0, ""fragments"": 1, ""matched_predicted_cluster"": 39, ""overlap"": 100, ""passes_discovery_thresholds"": true, ""precision"": 1.0, ""purity"": 1.0, ""recall"": 1.0, ""target"": ""cluster_0"", ""target_label"": 0, ""target_noise_loss"": 0.0, ""target_size"": 100}, {""coverage"": 1.0, ""f1"": 1.0, ""fragments"": 1, ""matched_predicted_cluster"": 38, ""overlap"": 100, ""passes_discovery_thresholds"": true, ""precision"": 1.0, ""purity"": 1.0, ""recall"": 1.0, ""target"": ""cluster_1"", ""target_label"": 1, ""target_noise_loss"": 0.0, ""target_size"": 100}, {""coverage"": 1.0, ""f1"": 1.0, ""fragments"": 1, ""matched_predicted_cluster"": 40, ""overlap"": 100, ""passes_discovery_thresholds"": true, ""precision"": 1.0, ""purity"": 1.0, ""recall"": 1.0, ""target"": ""cluster_2"", ""target_label"": 2, ""target_noise_loss"": 0.0, ""target_size"": 100}]"
synthetic__global_contamination_noise99__quality__signal300__n30000__kNN+Leiden__229__5ea1b12bed4b,ok,synthetic,global_contamination_noise99__quality__signal300__n30000,kNN+Leiden,229,0.2.4,30000,2,0.022311699998681433,3.624896400011494,15.135901000001468,290.53515625,90.30078125,313.73046875,,,evaluation_state/synthetic__global_contamination_noise99__quality__signal300__n30000__kNN+Leiden__229__5ea1b12bed4b.npz,97667c59010bbefd3a9b1fee9722129b343464f4489f676e01520bac94891657,34986,1.0,1.0,36,36,0.0,known_synthetic_noise,0.5,0.009900990099009901,13.0,3,3,0.1,0.9,full_partition,target-discovery-v1,0,0.05,1.0,1.0,0.0,1.0,3,pairwise_f1,hungarian,1.0,0,39,0.0,0.0,0.0,0.0,0.0,0.0,0.002260499506457608,0.001131528663221181,1.0,0.0,39,macro,3,3,1.0,0.019801980198019802,0.01,1.0,36,3,1.0,1.0,3,36,0.0,1.0,1.0,1.0,1.0,"{""background_inner_edge"": 6.0, ""background_intensity"": 3.0, ""background_size"": 29700, ""background_strip_height"": 10.0, ""background_support_area"": 9900.0, ""controlled_factor"": ""global_background_support_at_fixed_local_intensity"", ""declared_noise_fraction"": 0.99, ""dimension"": 2, ""family"": ""global_contamination_invariance"", ""n"": 30000, ""n_targets"": 3, ""paired_background"": ""seeded_prefix"", ""realized_noise_fraction"": 0.99, ""signal_size"": 300}","{""edge_rank"": 15, ""geometry_profile"": ""low_dim"", ""k"": 20, ""knn_backend"": ""kd_tree"", ""resolution"": 0.5, ""symmetrization"": ""union"", ""weights"": ""1/(1+d)""}",{},"[{""coverage"": 1.0, ""f1"": 1.0, ""fragments"": 1, ""matched_predicted_cluster"": 36, ""overlap"": 100, ""passes_discovery_thresholds"": true, ""precision"": 1.0, ""purity"": 1.0, ""recall"": 1.0, ""target"": ""cluster_0"", ""target_label"": 0, ""target_noise_loss"": 0.0, ""target_size"": 100}, {""coverage"": 1.0, ""f1"": 1.0, ""fragments"": 1, ""matched_predicted_cluster"": 38, ""overlap"": 100, ""passes_discovery_thresholds"": true, ""precision"": 1.0, ""purity"": 1.0, ""recall"": 1.0, ""target"": ""cluster_1"", ""target_label"": 1, ""target_noise_loss"": 0.0, ""target_size"": 100}, {""coverage"": 1.0, ""f1"": 1.0, ""fragments"": 1, ""matched_predicted_cluster"": 37, ""overlap"": 100, ""passes_discovery_thresholds"": true, ""precision"": 1.0, ""purity"": 1.0, ""recall"": 1.0, ""target"": ""cluster_2"", ""target_label"": 2, ""target_noise_loss"": 0.0, ""target_size"": 100}]"
synthetic__global_contamination_noise99__quality__signal300__n30000__kNN+Leiden__233__542f143ea051,ok,synthetic,global_contamination_noise99__quality__signal300__n30000,kNN+Leiden,233,0.2.4,30000,2,0.022744899993995205,1.965428299998166,15.00421520000964,312.5234375,100.0078125,323.98046875,,,evaluation_state/synthetic__global_contamination_noise99__quality__signal300__n30000__kNN+Leiden__233__542f143ea051.npz,89c098585335645f86adfd859d789e11c9626f52f4a3f3accac5a9aa6061310f,34213,1.0,1.0,33,33,0.0,known_synthetic_noise,0.5,0.009900990099009901,12.0,3,3,0.1,0.9,full_partition,target-discovery-v1,0,0.05,1.0,1.0,0.0,1.0,3,pairwise_f1,hungarian,1.0,0,36,0.0,0.0,0.0,0.0,0.0,0.0,0.0021200009022495424,0.0010611252443624953,1.0,0.0,36,macro,3,3,1.0,0.019801980198019802,0.01,1.0,33,3,1.0,1.0,3,33,0.0,1.0,1.0,1.0,1.0,"{""background_inner_edge"": 6.0, ""background_intensity"": 3.0, ""background_size"": 29700, ""background_strip_height"": 10.0, ""background_support_area"": 9900.0, ""controlled_factor"": ""global_background_support_at_fixed_local_intensity"", ""declared_noise_fraction"": 0.99, ""dimension"": 2, ""family"": ""global_contamination_invariance"", ""n"": 30000, ""n_targets"": 3, ""paired_background"": ""seeded_prefix"", ""realized_noise_fraction"": 0.99, ""signal_size"": 300}","{""edge_rank"": 15, ""geometry_profile"": ""low_dim"", ""k"": 20, ""knn_backend"": ""kd_tree"", ""resolution"": 0.5, ""symmetrization"": ""union"", ""weights"": ""1/(1+d)""}",{},"[{""coverage"": 1.0, ""f1"": 1.0, ""fragments"": 1, ""matched_predicted_cluster"": 35, ""overlap"": 100, ""passes_discovery_thresholds"": true, ""precision"": 1.0, ""purity"": 1.0, ""recall"": 1.0, ""target"": ""cluster_0"", ""target_label"": 0, ""target_noise_loss"": 0.0, ""target_size"": 100}, {""coverage"": 1.0, ""f1"": 1.0, ""fragments"": 1, ""matched_predicted_cluster"": 34, ""overlap"": 100, ""passes_discovery_thresholds"": true, ""precision"": 1.0, ""purity"": 1.0, ""recall"": 1.0, ""target"": ""cluster_1"", ""target_label"": 1, ""target_noise_loss"": 0.0, ""target_size"": 100}, {""coverage"": 1.0, ""f1"": 1.0, ""fragments"": 1, ""matched_predicted_cluster"": 33, ""overlap"": 100, ""passes_discovery_thresholds"": true, ""precision"": 1.0, ""purity"": 1.0, ""recall"": 1.0, ""target"": ""cluster_2"", ""target_label"": 2, ""target_noise_loss"": 0.0, ""target_size"": 100}]"
synthetic__global_contamination_noise99__quality__signal300__n30000__kNN-DBSCAN__211__22be4d5972b6,ok,synthetic,global_contamination_noise99__quality__signal300__n30000,kNN-DBSCAN,211,0.2.4,30000,2,0.17008710000663996,0.29181210001115687,24.94294660000014,115.36328125,4.1953125,145.796875,,,evaluation_state/synthetic__global_contamination_noise99__quality__signal300__n30000__kNN-DBSCAN__211__22be4d5972b6.npz,70fbd5166164dcdd5c35534235ff95ed8e2ac45a5d4d9e44ff1402875910932c,48511,0.886832819291723,0.8947979916710568,1848,1848,0.5069360269360269,known_synthetic_noise,0.7434680134680134,0.35565060174258234,617.3333333333334,4,3,0.1,0.9,full_partition,target-discovery-v1,1,0.05,0.9199999999999999,0.9558518095055532,0.02,1.0,3,pairwise_f1,hungarian,1.3333333333333333,0,1852,0.7896697680553085,0.6727134623117823,0.6727134623117823,0.5020666666666667,0.9996016465276856,0.5069360269360269,0.27833364047306747,0.16586777606945827,0.8645117845117846,0.5020666666666667,1852,macro,3,2,0.98,0.03858774117338233,0.019681349578256794,0.98,1848,3,1.0,1.0,3,1849,0.0,0.92,1.0,0.9558518095055532,1.0,"{""background_inner_edge"": 6.0, ""background_intensity"": 3.0, ""background_size"": 29700, ""background_strip_height"": 10.0, ""background_support_area"": 9900.0, ""controlled_factor"": ""global_background_support_at_fixed_local_intensity"", ""declared_noise_fraction"": 0.99, ""dimension"": 2, ""family"": ""global_contamination_invariance"", ""n"": 30000, ""n_targets"": 3, ""paired_background"": ""seeded_prefix"", ""realized_noise_fraction"": 0.99, ""signal_size"": 300}","{""eps"": 0.5323411226272583, ""eps_quantile"": 0.25, ""geometry_profile"": ""low_dim"", ""k"": 4, ""knn_backend"": ""kd_tree"", ""min_samples"": 5}",{},"[{""coverage"": 0.79, ""f1"": 0.8826815642458101, ""fragments"": 2, ""matched_predicted_cluster"": 165, ""overlap"": 79, ""passes_discovery_thresholds"": true, ""precision"": 1.0, ""purity"": 1.0, ""recall"": 0.79, ""target"": ""cluster_0"", ""target_label"": 0, ""target_noise_loss"": 0.03, ""target_size"": 100}, {""coverage"": 0.98, ""f1"": 0.98989898989899, ""fragments"": 1, ""matched_predicted_cluster"": 14, ""overlap"": 98, ""passes_discovery_thresholds"": true, ""precision"": 1.0, ""purity"": 1.0, ""recall"": 0.98, ""target"": ""cluster_1"", ""target_label"": 1, ""target_noise_loss"": 0.02, ""target_size"": 100}, {""coverage"": 0.99, ""f1"": 0.9949748743718593, ""fragments"": 1, ""matched_predicted_cluster"": 38, ""overlap"": 99, ""passes_discovery_thresholds"": true, ""precision"": 1.0, ""purity"": 1.0, ""recall"": 0.99, ""target"": ""cluster_2"", ""target_label"": 2, ""target_noise_loss"": 0.01, ""target_size"": 100}]"
synthetic__global_contamination_noise99__quality__signal300__n30000__kNN-DBSCAN__223__b310f6f7abe6,ok,synthetic,global_contamination_noise99__quality__signal300__n30000,kNN-DBSCAN,223,0.2.4,30000,2,0.02276779999374412,0.18784689999301918,14.804481700004544,187.6328125,8.6875,181.8203125,,,evaluation_state/synthetic__global_contamination_noise99__quality__signal300__n30000__kNN-DBSCAN__223__b310f6f7abe6.npz,0accf2c7cfd6d4eae56332ec9664b733ddf18b550c64ba0b79b3d7ada302d6b7,48469,0.9603871516442142,0.9749793725416577,1851,1851,0.5047138047138047,known_synthetic_noise,0.744023569023569,0.3546590179860383,618.0,3,3,0.1,0.9,full_partition,target-discovery-v1,0,0.05,0.9833333333333334,0.991556854501017,0.016666666666666666,1.0,3,pairwise_f1,hungarian,1.0,0,1854,0.8002105330356054,0.6707685423425438,0.6707685423425438,0.49983333333333335,0.9996665555185061,0.5047138047138047,0.30044148724708636,0.17785126833135156,0.966936026936027,0.49983333333333335,1854,macro,3,3,0.9833333333333333,0.03854949362953283,0.019660113295568143,0.9833333333333333,1851,3,1.0,1.0,3,1851,0.0,0.9833333333333333,1.0,0.9915568545010169,1.0,"{""background_inner_edge"": 6.0, ""background_intensity"": 3.0, ""background_size"": 29700, ""background_strip_height"": 10.0, ""background_support_area"": 9900.0, ""controlled_factor"": ""global_background_support_at_fixed_local_intensity"", ""declared_noise_fraction"": 0.99, ""dimension"": 2, ""family"": ""global_contamination_invariance"", ""n"": 30000, ""n_targets"": 3, ""paired_background"": ""seeded_prefix"", ""realized_noise_fraction"": 0.99, ""signal_size"": 300}","{""eps"": 0.535135805606842, ""eps_quantile"": 0.25, ""geometry_profile"": ""low_dim"", ""k"": 4, ""knn_backend"": ""kd_tree"", ""min_samples"": 5}",{},"[{""coverage"": 0.97, ""f1"": 0.9847715736040609, ""fragments"": 1, ""matched_predicted_cluster"": 117, ""overlap"": 97, ""passes_discovery_thresholds"": true, ""precision"": 1.0, ""purity"": 1.0, ""recall"": 0.97, ""target"": ""cluster_0"", ""target_label"": 0, ""target_noise_loss"": 0.03, ""target_size"": 100}, {""coverage"": 0.98, ""f1"": 0.98989898989899, ""fragments"": 1, ""matched_predicted_cluster"": 21, ""overlap"": 98, ""passes_discovery_thresholds"": true, ""precision"": 1.0, ""purity"": 1.0, ""recall"": 0.98, ""target"": ""cluster_1"", ""target_label"": 1, ""target_noise_loss"": 0.02, ""target_size"": 100}, {""coverage"": 1.0, ""f1"": 1.0, ""fragments"": 1, ""matched_predicted_cluster"": 113, ""overlap"": 100, ""passes_discovery_thresholds"": true, ""precision"": 1.0, ""purity"": 1.0, ""recall"": 1.0, ""target"": ""cluster_2"", ""target_label"": 2, ""target_noise_loss"": 0.0, ""target_size"": 100}]"
synthetic__global_contamination_noise99__quality__signal300__n30000__kNN-DBSCAN__227__9f731d55d68f,ok,synthetic,global_contamination_noise99__quality__signal300__n30000,kNN-DBSCAN,227,0.2.4,30000,2,0.019451600004686043,0.24628890000167303,9.683858899996267,192.90625,8.26171875,192.90625,,,evaluation_state/synthetic__global_contamination_noise99__quality__signal300__n30000__kNN-DBSCAN__227__9f731d55d68f.npz,c03855bcdfd1e69ec9e5f85114b11c4c9d6775774b6f4165cdeabfeb0954229e,48072,0.9099854727774624,0.9223203029966975,1849,1849,0.5121885521885522,known_synthetic_noise,0.7494276094276094,0.35830008289848997,617.6666666666666,4,3,0.1,0.9,full_partition,target-discovery-v1,1,0.05,0.9433333333333334,0.9696228892208792,0.013333333333333334,1.0,3,pairwise_f1,hungarian,1.3333333333333333,0,1853,0.7975552501738163,0.6773532816813608,0.6773532816813608,0.5072,0.9997371188222923,0.5121885521885522,0.2939169106800819,0.175676386988104,0.898989898989899,0.5072,1853,macro,3,3,0.9866666666666667,0.0392468841156192,0.02002164502164502,0.9866666666666667,1849,3,1.0,1.0,3,1850,0.0,0.9433333333333334,1.0,0.9696228892208792,1.0,"{""background_inner_edge"": 6.0, ""background_intensity"": 3.0, ""background_size"": 29700, ""background_strip_height"": 10.0, ""background_support_area"": 9900.0, ""controlled_factor"": ""global_background_support_at_fixed_local_intensity"", ""declared_noise_fraction"": 0.99, ""dimension"": 2, ""family"": ""global_contamination_invariance"", ""n"": 30000, ""n_targets"": 3, ""paired_background"": ""seeded_prefix"", ""realized_noise_fraction"": 0.99, ""signal_size"": 300}","{""eps"": 0.5333554744720459, ""eps_quantile"": 0.25, ""geometry_profile"": ""low_dim"", ""k"": 4, ""knn_backend"": ""kd_tree"", ""min_samples"": 5}",{},"[{""coverage"": 0.99, ""f1"": 0.9949748743718593, ""fragments"": 1, ""matched_predicted_cluster"": 175, ""overlap"": 99, ""passes_discovery_thresholds"": true, ""precision"": 1.0, ""purity"": 1.0, ""recall"": 0.99, ""target"": ""cluster_0"", ""target_label"": 0, ""target_noise_loss"": 0.01, ""target_size"": 100}, {""coverage"": 0.85, ""f1"": 0.9189189189189189, ""fragments"": 2, ""matched_predicted_cluster"": 10, ""overlap"": 85, ""passes_discovery_thresholds"": true, ""precision"": 1.0, ""purity"": 1.0, ""recall"": 0.85, ""target"": ""cluster_1"", ""target_label"": 1, ""target_noise_loss"": 0.02, ""target_size"": 100}, {""coverage"": 0.99, ""f1"": 0.9949748743718593, ""fragments"": 1, ""matched_predicted_cluster"": 62, ""overlap"": 99, ""passes_discovery_thresholds"": true, ""precision"": 1.0, ""purity"": 1.0, ""recall"": 0.99, ""target"": ""cluster_2"", ""target_label"": 2, ""target_noise_loss"": 0.01, ""target_size"": 100}]"
synthetic__global_contamination_noise99__quality__signal300__n30000__kNN-DBSCAN__229__7deca26954cc,ok,synthetic,global_contamination_noise99__quality__signal300__n30000,kNN-DBSCAN,229,0.2.4,30000,2,0.01919120000093244,0.17688759999873582,8.768264900005306,187.03125,2.55859375,192.80078125,,,evaluation_state/synthetic__global_contamination_noise99__quality__signal300__n30000__kNN-DBSCAN__229__7deca26954cc.npz,c8a3a784c77c010e5695a591ce8964d39d384a7136e1c4c11a36822efa1e8e61,48585,0.9809982501286233,0.9899493302734766,1842,1842,0.5037373737373737,known_synthetic_noise,0.7485353535353535,0.3544053954348267,615.0,3,3,0.1,0.9,full_partition,target-discovery-v1,0,0.05,0.9933333333333333,0.9966499162479062,0.006666666666666667,1.0,3,pairwise_f1,hungarian,1.0,0,1845,0.8012791958147274,0.6699505183261312,0.6699505183261312,0.4987666666666667,0.9998663369645124,0.5037373737373737,0.3013078884593238,0.17780258719025313,0.9866666666666667,0.4987666666666667,1845,macro,3,3,0.9933333333333333,0.0388602725435222,0.019817782802420695,0.9933333333333333,1842,3,1.0,1.0,3,1842,0.0,0.9933333333333333,1.0,0.9966499162479061,1.0,"{""background_inner_edge"": 6.0, ""background_intensity"": 3.0, ""background_size"": 29700, ""background_strip_height"": 10.0, ""background_support_area"": 9900.0, ""controlled_factor"": ""global_background_support_at_fixed_local_intensity"", ""declared_noise_fraction"": 0.99, ""dimension"": 2, ""family"": ""global_contamination_invariance"", ""n"": 30000, ""n_targets"": 3, ""paired_background"": ""seeded_prefix"", ""realized_noise_fraction"": 0.99, ""signal_size"": 300}","{""eps"": 0.5363190174102783, ""eps_quantile"": 0.25, ""geometry_profile"": ""low_dim"", ""k"": 4, ""knn_backend"": ""kd_tree"", ""min_samples"": 5}",{},"[{""coverage"": 1.0, ""f1"": 1.0, ""fragments"": 1, ""matched_predicted_cluster"": 38, ""overlap"": 100, ""passes_discovery_thresholds"": true, ""precision"": 1.0, ""purity"": 1.0, ""recall"": 1.0, ""target"": ""cluster_0"", ""target_label"": 0, ""target_noise_loss"": 0.0, ""target_size"": 100}, {""coverage"": 0.99, ""f1"": 0.9949748743718593, ""fragments"": 1, ""matched_predicted_cluster"": 36, ""overlap"": 99, ""passes_discovery_thresholds"": true, ""precision"": 1.0, ""purity"": 1.0, ""recall"": 0.99, ""target"": ""cluster_1"", ""target_label"": 1, ""target_noise_loss"": 0.01, ""target_size"": 100}, {""coverage"": 0.99, ""f1"": 0.9949748743718593, ""fragments"": 1, ""matched_predicted_cluster"": 92, ""overlap"": 99, ""passes_discovery_thresholds"": true, ""precision"": 1.0, ""purity"": 1.0, ""recall"": 0.99, ""target"": ""cluster_2"", ""target_label"": 2, ""target_noise_loss"": 0.01, ""target_size"": 100}]"
synthetic__global_contamination_noise99__quality__signal300__n30000__kNN-DBSCAN__233__4b20d55713de,ok,synthetic,global_contamination_noise99__quality__signal300__n30000,kNN-DBSCAN,233,0.2.4,30000,2,0.025390800001332536,0.3368467999971472,10.486854700007825,192.9140625,8.29296875,186.93359375,,,evaluation_state/synthetic__global_contamination_noise99__quality__signal300__n30000__kNN-DBSCAN__233__4b20d55713de.npz,d7a5a23c7338ad4fe0fa146f433df6a444b11fbec9bbae5bf9caffe6e626aed4,48079,0.9358774124161202,0.9595638964518409,1825,1825,0.5103030303030303,known_synthetic_noise,0.7418181818181818,0.35711272479966705,609.3333333333334,3,3,0.1,0.9,full_partition,target-discovery-v1,0,0.05,0.9733333333333333,0.986446094903538,0.02666666666666667,1.0,3,pairwise_f1,hungarian,1.0,0,1828,0.8019844187794074,0.675641940085592,0.675641940085592,0.5054666666666666,0.9994724347137959,0.5103030303030303,0.3002176882362984,0.17837488270649995,0.9472727272727273,0.5054666666666666,1828,macro,3,3,0.9733333333333334,0.03858350951374207,0.019681854947425182,0.9733333333333334,1825,3,1.0,1.0,3,1825,0.0,0.9733333333333334,1.0,0.9864460949035379,1.0,"{""background_inner_edge"": 6.0, ""background_intensity"": 3.0, ""background_size"": 29700, ""background_strip_height"": 10.0, ""background_support_area"": 9900.0, ""controlled_factor"": ""global_background_support_at_fixed_local_intensity"", ""declared_noise_fraction"": 0.99, ""dimension"": 2, ""family"": ""global_contamination_invariance"", ""n"": 30000, ""n_targets"": 3, ""paired_background"": ""seeded_prefix"", ""realized_noise_fraction"": 0.99, ""signal_size"": 300}","{""eps"": 0.5344053506851196, ""eps_quantile"": 0.25, ""geometry_profile"": ""low_dim"", ""k"": 4, ""knn_backend"": ""kd_tree"", ""min_samples"": 5}",{},"[{""coverage"": 0.97, ""f1"": 0.9847715736040609, ""fragments"": 1, ""matched_predicted_cluster"": 58, ""overlap"": 97, ""passes_discovery_thresholds"": true, ""precision"": 1.0, ""purity"": 1.0, ""recall"": 0.97, ""target"": ""cluster_0"", ""target_label"": 0, ""target_noise_loss"": 0.03, ""target_size"": 100}, {""coverage"": 0.96, ""f1"": 0.9795918367346939, ""fragments"": 1, ""matched_predicted_cluster"": 84, ""overlap"": 96, ""passes_discovery_thresholds"": true, ""precision"": 1.0, ""purity"": 1.0, ""recall"": 0.96, ""target"": ""cluster_1"", ""target_label"": 1, ""target_noise_loss"": 0.04, ""target_size"": 100}, {""coverage"": 0.99, ""f1"": 0.9949748743718593, ""fragments"": 1, ""matched_predicted_cluster"": 142, ""overlap"": 99, ""passes_discovery_thresholds"": true, ""precision"": 1.0, ""purity"": 1.0, ""recall"": 0.99, ""target"": ""cluster_2"", ""target_label"": 2, ""target_noise_loss"": 0.01, ""target_size"": 100}]"
