status,suite,dataset_id,method,seed,package_version,n,dimension,load_seconds,runtime_seconds,process_runtime_seconds,peak_rss_mb,incremental_rss_mb,process_peak_rss_mb,error_type,ami_signal,ari_signal,background_abstention_f1_diagnostic,background_abstention_fraction,background_abstention_precision_diagnostic,background_majority_predicted_clusters,background_only_predicted_clusters,background_rejection,background_semantics,binary_reference_balanced_accuracy_diagnostic,binary_reference_macro_f1_diagnostic,candidate_clusters_per_target,candidate_clusters_with_target_overlap,discovered_target_count,discovery_coverage_threshold,discovery_purity_threshold,evaluation_mode,evaluation_protocol_version,extra_signal_fragments,fragment_min_target_fraction,macro_target_coverage,macro_target_f1,macro_target_noise_loss,macro_target_purity,matched_predicted_cluster_count,matching_objective,matching_strategy,mean_target_fragments,merged_predicted_clusters,n_clusters,pairwise_f1,pairwise_precision,pairwise_recall,predicted_abstention_fraction,predicted_cluster_count,primary_target_aggregation,recovered_truth_clusters_f1_080,recovered_truth_clusters_f1_090,signal_coverage,signal_f1,signal_precision,signal_recall,spurious_background_majority_clusters,target_background_hmean_f1,target_background_structure_hmean_f1,target_count,target_discovery_rate,target_success_rate_f1_080,truth_clusters,unmatched_predicted_cluster_count,unmatched_target_score,weighted_target_coverage,weighted_target_discovery_rate,weighted_target_f1,weighted_target_purity,dataset_metadata_json,parameters_json,evaluation_generation
error,cytometry,levine,AMD-DBSCAN,42,,,,,,6.718273700000282,,,459.26953125,MemoryError,,,,,,,,,,,,,,,,,,,,,,,,,,,,,,,,,,,,,,,,,,,,,,,,,,,,,,,,{},{},native_target_discovery_v1
ok,cytometry,levine,DBSCAN,42,0.2.4,265627.0,32.0,2.424657199999274,266.9984131000001,272.4106880999989,309.30078125,86.08984375,459.2734375,,0.0751536180451952,-0.0079711088182885,0.7433815122108536,0.9423511703821162,0.613785730135356,31.0,3.0,0.9423511703821162,heterogeneous_biological_background,0.5117528331369999,0.4410247235992355,12.571428571428571,173.0,0.0,0.1,0.9,full_partition,target-discovery-v1,0.0,0.05,0.0238304118787138,0.0357477563511592,0.9637139594192534,0.2503068138077978,8.0,pairwise_f1,hungarian,0.2142857142857142,1.0,176.0,0.0277976719362526,0.1314923973807486,0.0155415929264859,0.9331317975958768,176.0,macro,0.0,0.0,0.0811544958918835,0.1386679349876174,0.4760162143902713,0.0811544958918835,31.0,0.0682151787816062,0.045946575142277,14.0,0.0,0.0,14.0,168.0,0.0,0.0547204945097135,0.0,0.0733393136549965,0.3242477910892812,"{""background_labels"": [""unassigned""], ""dataset_id"": ""levine"", ""dimension"": 32, ""n"": 265627, ""selected_features"": [""CD45RA"", ""CD133"", ""CD19"", ""CD22"", ""CD11b"", ""CD4"", ""CD8"", ""CD34"", ""Flt3"", ""CD20"", ""CXCR4"", ""CD235ab"", ""CD45"", ""CD123"", ""CD321"", ""CD14"", ""CD33"", ""CD47"", ""CD11c"", ""CD7"", ""CD15"", ""CD16"", ""CD44"", ""CD38"", ""CD13"", ""CD3"", ""CD61"", ""CD117"", ""CD49d"", ""HLA-DR"", ""CD64"", ""CD41""], ""transform"": {""cofactor"": 5.0, ""name"": ""arcsinh""}}","{""eps"": 3.526973009109497, ""eps_quantile"": 0.05, ""geometry_profile"": ""high_dim"", ""knn_backend"": ""faiss_hnsw"", ""min_samples"": 5}",native_target_discovery_v1
timeout,cytometry,levine,HDBSCAN,42,,,,,,1800.0752594999994,,,420.3671875,,,,,,,,,,,,,,,,,,,,,,,,,,,,,,,,,,,,,,,,,,,,,,,,,,,,,,,,,{},{},native_target_discovery_v1
ok,cytometry,levine,OPTICS,42,0.2.4,265627.0,32.0,2.91197529999954,1076.2658027999987,1082.5678255999992,332.30859375,109.8828125,488.80078125,,0.011687476268209,2.5020900454619327e-05,0.7544907360546492,0.9926785305030258,0.608487485571958,57.0,2.0,0.9926785305030258,heterogeneous_biological_background,0.5014696115618869,0.3872890566635815,14.928571428571429,207.0,0.0,0.1,0.9,full_partition,target-discovery-v1,0.0,0.05,0.0021132748864178,0.0041412982859919,0.9919269382841096,0.3495699004239377,12.0,pairwise_f1,hungarian,0.0,0.0,209.0,5.818292932381946e-06,0.2079866888519135,2.909187157504371e-06,0.991525710865236,209.0,macro,0.0,0.0,0.0102606926207479,0.0200873772725137,0.4749000444247001,0.0102606926207479,57.0,0.0082373826851,1.7430255846318585e-05,14.0,0.0,0.0,14.0,197.0,0.0,0.0009502418797512,0.0,0.0018900608224192,0.4828561471470525,"{""background_labels"": [""unassigned""], ""dataset_id"": ""levine"", ""dimension"": 32, ""n"": 265627, ""selected_features"": [""CD45RA"", ""CD133"", ""CD19"", ""CD22"", ""CD11b"", ""CD4"", ""CD8"", ""CD34"", ""Flt3"", ""CD20"", ""CXCR4"", ""CD235ab"", ""CD45"", ""CD123"", ""CD321"", ""CD14"", ""CD33"", ""CD47"", ""CD11c"", ""CD7"", ""CD15"", ""CD16"", ""CD44"", ""CD38"", ""CD13"", ""CD3"", ""CD61"", ""CD117"", ""CD49d"", ""HLA-DR"", ""CD64"", ""CD41""], ""transform"": {""cofactor"": 5.0, ""name"": ""arcsinh""}}","{""geometry_profile"": ""high_dim"", ""knn_backend"": ""faiss_hnsw"", ""max_eps"": 3.9634337425231934, ""max_eps_quantile"": 0.1, ""min_cluster_size"": 8, ""min_samples"": 5, ""xi"": 0.03}",native_target_discovery_v1
ok,cytometry,levine,SNN-DBSCAN,42,0.2.4,265627.0,32.0,2.521634799999447,24.57441789999939,31.20504859999892,434.8984375,176.453125,456.33203125,,0.0210595749097917,0.0039485622744039,0.752721419197689,0.9876860563790316,0.6080661091472088,124.0,40.0,0.9876860563790316,heterogeneous_biological_background,0.500590705376032,0.3894302963173185,31.0,394.0,0.0,0.1,0.9,full_partition,target-discovery-v1,0.0,0.05,0.0044767677253747,0.0087550583598456,0.9721997228603022,0.4704895001478852,14.0,pairwise_f1,hungarian,0.0,0.0,434.0,4.969862591392037e-06,0.1420193470374849,2.4849747756282795e-06,0.9872226844409642,434.0,macro,0.0,0.0,0.0134953543730323,0.026139173436948,0.4142604596346493,0.0134953543730323,124.0,0.0173087945537586,1.490103072822362e-05,14.0,0.0,0.0,14.0,420.0,0.0,0.0010462259080089,0.0,0.0020751134838826,0.4810783912886088,"{""background_labels"": [""unassigned""], ""dataset_id"": ""levine"", ""dimension"": 32, ""n"": 265627, ""selected_features"": [""CD45RA"", ""CD133"", ""CD19"", ""CD22"", ""CD11b"", ""CD4"", ""CD8"", ""CD34"", ""Flt3"", ""CD20"", ""CXCR4"", ""CD235ab"", ""CD45"", ""CD123"", ""CD321"", ""CD14"", ""CD33"", ""CD47"", ""CD11c"", ""CD7"", ""CD15"", ""CD16"", ""CD44"", ""CD38"", ""CD13"", ""CD3"", ""CD61"", ""CD117"", ""CD49d"", ""HLA-DR"", ""CD64"", ""CD41""], ""transform"": {""cofactor"": 5.0, ""name"": ""arcsinh""}}","{""eps"": 13, ""geometry_profile"": ""high_dim"", ""k"": 20, ""knn_backend"": ""faiss_hnsw"", ""min_samples"": 5}",native_target_discovery_v1
ok,cytometry,levine,StrataSCAN,42,0.2.4,265627.0,32.0,6.04970719999983,89.58450509999966,109.79672870000286,1078.6328125,855.8671875,1079.3828125,,0.3114754069813024,0.0506392640705159,0.5377370903072566,0.4809932917500294,0.6096599696948285,2296.0,304.0,0.4809932917500294,heterogeneous_biological_background,0.5018899500292034,0.4935261924065568,303.85714285714283,3950.0,0.0,0.1,0.9,full_partition,target-discovery-v1,8.0,0.05,0.138726280459387,0.1901834180369206,0.492326734411006,0.3756439121923103,14.0,pairwise_f1,hungarian,1.5,3.0,4254.0,0.090139049721817,0.1796351153984915,0.0601644838550559,0.4795107425073505,4254.0,macro,0.0,0.0,0.5227866083083775,0.4493152945058571,0.3939503529684064,0.5227866083083775,2296.0,0.2809885878129631,0.1647292877713027,14.0,0.0,0.0,14.0,4240.0,0.0,0.1927071335329801,0.0,0.2534855870351431,0.4286974037119525,"{""background_labels"": [""unassigned""], ""dataset_id"": ""levine"", ""dimension"": 32, ""n"": 265627, ""selected_features"": [""CD45RA"", ""CD133"", ""CD19"", ""CD22"", ""CD11b"", ""CD4"", ""CD8"", ""CD34"", ""Flt3"", ""CD20"", ""CXCR4"", ""CD235ab"", ""CD45"", ""CD123"", ""CD321"", ""CD14"", ""CD33"", ""CD47"", ""CD11c"", ""CD7"", ""CD15"", ""CD16"", ""CD44"", ""CD38"", ""CD13"", ""CD3"", ""CD61"", ""CD117"", ""CD49d"", ""HLA-DR"", ""CD64"", ""CD41""], ""transform"": {""cofactor"": 5.0, ""name"": ""arcsinh""}}","{""ambiguous_model_confirmation_tolerance"": 1e-05, ""assignment"": ""maximum_posterior_basis_then_semantic_role"", ""background_model"": ""adaptive_gamma_basis_mixture_with_largest_rate_gap"", ""background_scan"": ""adaptive_dyadic_rank_windows_with_poisson_beta_boundary_code"", ""border_rule"": ""strict_local_core_radius"", ""component_initialization"": ""compiled_split_warm_single_start_with_guarded_confirmation"", ""component_selection"": ""semantic_icl_with_adaptive_bound"", ""connectivity"": ""density_ordered_non_merging_knn_watershed"", ""core_thresholds"": ""observed_d4_event_sweep"", ""duplicate_profile_confirmation_minimum"": 3, ""duplicate_profile_confirmation_tolerance"": 1e-08, ""extraction_objective"": ""gamma_topology_description_length"", ""fit_samples"": ""all_rows"", ""gamma_tolerance"": 0.0001, ""geometry_profile"": ""high_dim"", ""hard_component_bound"": 24, ""initial_component_bound"": 8, ""k"": 32, ""knn_backend"": ""faiss_hnsw"", ""shell_ranks"": [4, 8, 16, 32], ""stratification_model"": ""adaptive_gamma_density_basis_with_semantic_background"", ""version"": ""0.2.3""}",native_target_discovery_v1
ok,cytometry,levine,VDBSCAN-2007,42,0.2.4,265627.0,32.0,2.621444299998984,660.1501789000013,667.0221773000012,7486.4765625,7265.68359375,7659.0859375,,0.0112928880884367,0.0070374746721937,0.1908009034051424,0.1088433688670304,0.77242955734318,31.0,11.0,0.1088433688670304,heterogeneous_biological_background,0.5295762187190101,0.3806722475200332,3.2142857142857144,34.0,0.0,0.1,0.9,full_partition,target-discovery-v1,0.0,0.05,0.0719274043746594,0.016620347149773,0.0812232868781574,0.296553171687879,10.0,pairwise_f1,hungarian,1.0,1.0,45.0,0.057059328153543,0.0294463917443965,0.9164070142194986,0.085642649278876,45.0,macro,0.0,0.0,0.9503090685709896,0.570543591634924,0.4076408731955961,0.9503090685709896,31.0,0.0305771683720921,0.0361733869242822,14.0,0.0,0.0,14.0,35.0,0.0,0.2500575904169546,0.0,0.0494624461267808,0.3517042886890817,"{""background_labels"": [""unassigned""], ""dataset_id"": ""levine"", ""dimension"": 32, ""n"": 265627, ""selected_features"": [""CD45RA"", ""CD133"", ""CD19"", ""CD22"", ""CD11b"", ""CD4"", ""CD8"", ""CD34"", ""Flt3"", ""CD20"", ""CXCR4"", ""CD235ab"", ""CD45"", ""CD123"", ""CD321"", ""CD14"", ""CD33"", ""CD47"", ""CD11c"", ""CD7"", ""CD15"", ""CD16"", ""CD44"", ""CD38"", ""CD13"", ""CD3"", ""CD61"", ""CD117"", ""CD49d"", ""HLA-DR"", ""CD64"", ""CD41""], ""transform"": {""cofactor"": 5.0, ""name"": ""arcsinh""}}","{""eps_values"": [8.421948432922363], ""geometry_profile"": ""high_dim"", ""knee_prominence"": 0.08, ""knn_backend"": ""faiss_hnsw"", ""max_eps_values"": 7, ""min_samples"": 5}",native_target_discovery_v1
timeout,cytometry,levine,kNN+Leiden,42,,,,,,1800.6828319000017,,,1644.046875,,,,,,,,,,,,,,,,,,,,,,,,,,,,,,,,,,,,,,,,,,,,,,,,,,,,,,,,,{},{},native_target_discovery_v1
ok,cytometry,levine,kNN-DBSCAN,42,0.2.4,265627.0,32.0,2.71333980000054,22.35833439999988,28.364824500000395,311.14453125,88.4921875,424.1171875,,0.074082697697396,-0.0082862865610854,0.743399628175593,0.9424316941583096,0.6137762717334302,44.0,3.0,0.9424316941583096,heterogeneous_biological_background,0.511735504608142,0.4409495741783469,17.071428571428573,236.0,0.0,0.1,0.9,full_partition,target-discovery-v1,0.0,0.05,0.0217711608799643,0.0325434922686947,0.9637489982090516,0.2491787972207058,8.0,pairwise_f1,hungarian,0.2142857142857142,1.0,239.0,0.0261157710874928,0.1323325586721713,0.0144874293890688,0.9332259145342906,239.0,macro,0.0,0.0,0.0810393150579743,0.1384995201811009,0.4760105993121723,0.0810393150579743,44.0,0.062357199682963,0.0426352447763884,14.0,0.0,0.0,14.0,231.0,0.0,0.0525800506795669,0.0,0.0711253957736549,0.3213251514921528,"{""background_labels"": [""unassigned""], ""dataset_id"": ""levine"", ""dimension"": 32, ""n"": 265627, ""selected_features"": [""CD45RA"", ""CD133"", ""CD19"", ""CD22"", ""CD11b"", ""CD4"", ""CD8"", ""CD34"", ""Flt3"", ""CD20"", ""CXCR4"", ""CD235ab"", ""CD45"", ""CD123"", ""CD321"", ""CD14"", ""CD33"", ""CD47"", ""CD11c"", ""CD7"", ""CD15"", ""CD16"", ""CD44"", ""CD38"", ""CD13"", ""CD3"", ""CD61"", ""CD117"", ""CD49d"", ""HLA-DR"", ""CD64"", ""CD41""], ""transform"": {""cofactor"": 5.0, ""name"": ""arcsinh""}}","{""eps"": 3.526973009109497, ""eps_quantile"": 0.05, ""geometry_profile"": ""high_dim"", ""k"": 4, ""knn_backend"": ""faiss_hnsw"", ""min_samples"": 5}",native_target_discovery_v1
error,cytometry,mosmann,AMD-DBSCAN,42,,,,,,8.765945799998008,,,392.5390625,MemoryError,,,,,,,,,,,,,,,,,,,,,,,,,,,,,,,,,,,,,,,,,,,,,,,,,,,,,,,,{},{},
ok,cytometry,mosmann,DBSCAN,42,0.2.4,396460.0,14.0,2.142119800002547,671.3149072000015,677.1557652999982,347.0,133.046875,398.6328125,,1.0,1.0,0.9441192293556478,0.8943991563033775,0.9996926157273586,789.0,789.0,0.8943991563033775,heterogeneous_biological_background,0.4471995781516887,0.4720596146778239,789.0,0.0,0.0,0.1,0.9,target_discovery,target-discovery-v1,0.0,0.05,0.0,0.0,1.0,0.0,0.0,pairwise_f1,hungarian,0.0,0.0,789.0,0.0,0.0,0.0,0.8944281894768703,789.0,macro,0.0,0.0,0.0,0.0,0.0,0.0,789.0,0.0,0.0,1.0,0.0,0.0,1.0,789.0,0.0,0.0,0.0,0.0,0.0,"{""background_labels"": [""other""], ""dataset_id"": ""mosmann"", ""dimension"": 14, ""n"": 396460, ""selected_features"": [""CXCR5"", ""IL17A"", ""TNFa"", ""GZB-SA"", ""CD3"", ""CD45RA"", ""CD8a"", ""CD14"", ""IL5"", ""IL2"", ""CD69"", ""CCL4"", ""CD4"", ""IFNg""], ""transform"": {""cofactor"": 150.0, ""name"": ""arcsinh""}}","{""eps"": 0.740630030632019, ""eps_quantile"": 0.05, ""geometry_profile"": ""high_dim"", ""knn_backend"": ""faiss_hnsw"", ""min_samples"": 5}",native_target_discovery_v1
timeout,cytometry,mosmann,HDBSCAN,42,,,,,,1800.116482999998,,,437.078125,,,,,,,,,,,,,,,,,,,,,,,,,,,,,,,,,,,,,,,,,,,,,,,,,,,,,,,,,{},{},
timeout,cytometry,mosmann,OPTICS,42,,,,,,1800.105099200002,,,442.89453125,,,,,,,,,,,,,,,,,,,,,,,,,,,,,,,,,,,,,,,,,,,,,,,,,,,,,,,,,{},{},
ok,cytometry,mosmann,SNN-DBSCAN,42,0.2.4,396460.0,14.0,4.21951640000043,76.0792283999981,90.2846572999988,491.6796875,243.484375,484.2265625,,0.0,0.0,0.9992110110041872,0.9985189894815454,0.9999039924002404,36.0,33.0,0.9985189894815454,heterogeneous_biological_background,0.824947568135268,0.5921739540027455,39.0,6.0,0.0,0.1,0.9,target_discovery,target-discovery-v1,2.0,0.05,0.2935779816513761,0.4295302013422818,0.3486238532110092,0.8,1.0,pairwise_f1,hungarian,3.0,0.0,39.0,0.0869612538093164,0.0639711769415532,0.1357458375806999,0.9983403117590678,39.0,macro,0.0,0.0,0.6513761467889908,0.1851368970013037,0.10790273556231,0.6513761467889908,36.0,0.600796425596457,0.2023159944105235,1.0,0.0,0.0,1.0,38.0,0.0,0.2935779816513761,0.0,0.4295302013422818,0.8,"{""background_labels"": [""other""], ""dataset_id"": ""mosmann"", ""dimension"": 14, ""n"": 396460, ""selected_features"": [""CXCR5"", ""IL17A"", ""TNFa"", ""GZB-SA"", ""CD3"", ""CD45RA"", ""CD8a"", ""CD14"", ""IL5"", ""IL2"", ""CD69"", ""CCL4"", ""CD4"", ""IFNg""], ""transform"": {""cofactor"": 150.0, ""name"": ""arcsinh""}}","{""eps"": 13, ""geometry_profile"": ""high_dim"", ""k"": 20, ""knn_backend"": ""faiss_hnsw"", ""min_samples"": 5}",native_target_discovery_v1
ok,cytometry,mosmann,StrataSCAN,42,0.2.4,396460.0,14.0,4.333405800003675,297.7893114000035,309.3763007999951,1491.28125,1277.359375,1490.8515625,,0.0,0.0,0.3063407213697564,0.1808800785162646,0.9998465894035116,1086.0,1084.0,0.1808800785162646,heterogeneous_biological_background,0.5399813236618021,0.1534720235243258,1086.0,2.0,0.0,0.1,0.9,target_discovery,target-discovery-v1,0.0,0.05,0.8715596330275229,0.5654761904761905,0.1009174311926605,0.4185022026431718,1.0,pairwise_f1,hungarian,1.0,0.0,1086.0,6.555680159713319e-07,3.277841495268432e-07,0.7590893645939517,0.1808580941330777,1086.0,macro,0.0,0.0,0.8990825688073395,0.0006033256788952,0.0003017640882259,0.8990825688073395,1086.0,0.3973962462855,1.966697559156093e-06,1.0,0.0,0.0,1.0,1085.0,0.0,0.8715596330275229,0.0,0.5654761904761905,0.4185022026431718,"{""background_labels"": [""other""], ""dataset_id"": ""mosmann"", ""dimension"": 14, ""n"": 396460, ""selected_features"": [""CXCR5"", ""IL17A"", ""TNFa"", ""GZB-SA"", ""CD3"", ""CD45RA"", ""CD8a"", ""CD14"", ""IL5"", ""IL2"", ""CD69"", ""CCL4"", ""CD4"", ""IFNg""], ""transform"": {""cofactor"": 150.0, ""name"": ""arcsinh""}}","{""ambiguous_model_confirmation_tolerance"": 1e-05, ""assignment"": ""maximum_posterior_basis_then_semantic_role"", ""background_model"": ""adaptive_gamma_basis_mixture_with_largest_rate_gap"", ""background_scan"": ""adaptive_dyadic_rank_windows_with_poisson_beta_boundary_code"", ""border_rule"": ""strict_local_core_radius"", ""component_initialization"": ""compiled_split_warm_single_start_with_guarded_confirmation"", ""component_selection"": ""semantic_icl_with_adaptive_bound"", ""connectivity"": ""density_ordered_non_merging_knn_watershed"", ""core_thresholds"": ""observed_d4_event_sweep"", ""duplicate_profile_confirmation_minimum"": 3, ""duplicate_profile_confirmation_tolerance"": 1e-08, ""extraction_objective"": ""gamma_topology_description_length"", ""fit_samples"": ""all_rows"", ""gamma_tolerance"": 0.0001, ""geometry_profile"": ""high_dim"", ""hard_component_bound"": 24, ""initial_component_bound"": 8, ""k"": 32, ""knn_backend"": ""faiss_hnsw"", ""shell_ranks"": [4, 8, 16, 32], ""stratification_model"": ""adaptive_gamma_density_basis_with_semantic_background"", ""version"": ""0.2.3""}",native_target_discovery_v1
timeout,cytometry,mosmann,VDBSCAN-2007,42,,,,,,1800.2135525999984,,,950.53515625,,,,,,,,,,,,,,,,,,,,,,,,,,,,,,,,,,,,,,,,,,,,,,,,,,,,,,,,,{},{},
timeout,cytometry,mosmann,kNN+Leiden,42,,,,,,1800.3164140000008,,,2215.61328125,,,,,,,,,,,,,,,,,,,,,,,,,,,,,,,,,,,,,,,,,,,,,,,,,,,,,,,,,{},{},
ok,cytometry,mosmann,kNN-DBSCAN,42,0.2.4,396460.0,14.0,4.458941600001708,61.54430100000173,73.11360440000135,308.86328125,97.421875,432.50390625,,1.0,1.0,0.9441361016714428,0.8944294324979627,0.999692626129035,864.0,864.0,0.8944294324979627,heterogeneous_biological_background,0.4472147162489813,0.4720680508357213,864.0,0.0,0.0,0.1,0.9,target_discovery,target-discovery-v1,0.0,0.05,0.0,0.0,1.0,0.0,0.0,pairwise_f1,hungarian,0.0,0.0,864.0,0.0,0.0,0.0,0.8944584573475256,864.0,macro,0.0,0.0,0.0,0.0,0.0,0.0,864.0,0.0,0.0,1.0,0.0,0.0,1.0,864.0,0.0,0.0,0.0,0.0,0.0,"{""background_labels"": [""other""], ""dataset_id"": ""mosmann"", ""dimension"": 14, ""n"": 396460, ""selected_features"": [""CXCR5"", ""IL17A"", ""TNFa"", ""GZB-SA"", ""CD3"", ""CD45RA"", ""CD8a"", ""CD14"", ""IL5"", ""IL2"", ""CD69"", ""CCL4"", ""CD4"", ""IFNg""], ""transform"": {""cofactor"": 150.0, ""name"": ""arcsinh""}}","{""eps"": 0.740630030632019, ""eps_quantile"": 0.05, ""geometry_profile"": ""high_dim"", ""k"": 4, ""knn_backend"": ""faiss_hnsw"", ""min_samples"": 5}",native_target_discovery_v1
error,cytometry,nilsson,AMD-DBSCAN,42,,,,,,220.55283749999944,,,2954.67578125,MemoryError,,,,,,,,,,,,,,,,,,,,,,,,,,,,,,,,,,,,,,,,,,,,,,,,,,,,,,,,{},{},native_target_discovery_v1
ok,cytometry,nilsson,DBSCAN,42,0.2.4,44140.0,13.0,1.1902627999988908,37.942054799998,108.26566660000026,216.8125,28.859375,210.0859375,,1.0,1.0,0.9363599122870432,0.887533689644146,0.9908710730314156,107.0,107.0,0.887533689644146,heterogeneous_biological_background,0.443766844822073,0.4681799561435215,107.0,0.0,0.0,0.1,0.9,target_discovery,target-discovery-v1,0.0,0.05,0.0,0.0,1.0,0.0,0.0,pairwise_f1,hungarian,0.0,0.0,107.0,0.0,0.0,0.0,0.8884458541005891,107.0,macro,0.0,0.0,0.0,0.0,0.0,0.0,107.0,0.0,0.0,1.0,0.0,0.0,1.0,107.0,0.0,0.0,0.0,0.0,0.0,"{""background_labels"": [""other""], ""dataset_id"": ""nilsson"", ""dimension"": 13, ""n"": 44140, ""selected_features"": [""CD38"", ""CD34"", ""CD123"", ""CD19"", ""CD10"", ""CD110"", ""CD45"", ""CD3"", ""CD45RA"", ""CD11b"", ""CD4"", ""CD49fpur"", ""CD90bio""], ""transform"": {""cofactor"": 150.0, ""name"": ""arcsinh""}}","{""eps"": 0.5304265022277832, ""eps_quantile"": 0.05, ""geometry_profile"": ""high_dim"", ""knn_backend"": ""faiss_hnsw"", ""min_samples"": 5}",native_target_discovery_v1
ok,cytometry,nilsson,HDBSCAN,42,0.2.4,44140.0,13.0,0.8460854000004474,117.81967129999975,134.34561149999718,195.34765625,7.26171875,211.06640625,,0.0,0.0,0.3937924345295829,0.2457402585537435,0.9906085995764664,28.0,26.0,0.2457402585537435,heterogeneous_biological_background,0.4804120287182125,0.2045068840900137,28.0,2.0,0.0,0.1,0.9,target_discovery,target-discovery-v1,0.0,0.05,0.6843575418994413,0.1036379018612521,0.2849162011173184,0.0560640732265446,1.0,pairwise_f1,hungarian,1.0,0.0,28.0,0.0002944285389341,0.0001472605324044,0.4686008481604932,0.2460579972813774,28.0,macro,0.0,0.0,0.7150837988826816,0.0152213336504444,0.0076925388383064,0.7150837988826816,28.0,0.164090602031213,0.0008801271841112,1.0,0.0,0.0,1.0,27.0,0.0,0.6843575418994413,0.0,0.1036379018612521,0.0560640732265446,"{""background_labels"": [""other""], ""dataset_id"": ""nilsson"", ""dimension"": 13, ""n"": 44140, ""selected_features"": [""CD38"", ""CD34"", ""CD123"", ""CD19"", ""CD10"", ""CD110"", ""CD45"", ""CD3"", ""CD45RA"", ""CD11b"", ""CD4"", ""CD49fpur"", ""CD90bio""], ""transform"": {""cofactor"": 150.0, ""name"": ""arcsinh""}}","{""geometry_profile"": ""high_dim"", ""knn_backend"": ""faiss_hnsw"", ""min_cluster_size"": 8, ""min_samples"": 5}",native_target_discovery_v1
ok,cytometry,nilsson,OPTICS,42,0.2.4,44140.0,13.0,1.0659087999993062,107.7752103999992,137.62184269999852,216.0234375,29.09375,208.40625,,1.0,1.0,0.9917194906059048,0.991617559727742,0.9918214424416878,35.0,35.0,0.991617559727742,heterogeneous_biological_background,0.495808779863871,0.4958597453029524,35.0,0.0,0.0,0.1,0.9,target_discovery,target-discovery-v1,0.0,0.05,0.0,0.0,1.0,0.0,0.0,pairwise_f1,hungarian,0.0,0.0,35.0,0.0,0.0,0.0,0.9916855459900316,35.0,macro,0.0,0.0,0.0,0.0,0.0,0.0,35.0,0.0,0.0,1.0,0.0,0.0,1.0,35.0,0.0,0.0,0.0,0.0,0.0,"{""background_labels"": [""other""], ""dataset_id"": ""nilsson"", ""dimension"": 13, ""n"": 44140, ""selected_features"": [""CD38"", ""CD34"", ""CD123"", ""CD19"", ""CD10"", ""CD110"", ""CD45"", ""CD3"", ""CD45RA"", ""CD11b"", ""CD4"", ""CD49fpur"", ""CD90bio""], ""transform"": {""cofactor"": 150.0, ""name"": ""arcsinh""}}","{""geometry_profile"": ""high_dim"", ""knn_backend"": ""faiss_hnsw"", ""max_eps"": 0.5682466626167297, ""max_eps_quantile"": 0.1, ""min_cluster_size"": 8, ""min_samples"": 5, ""xi"": 0.03}",native_target_discovery_v1
ok,cytometry,nilsson,SNN-DBSCAN,42,0.2.4,44140.0,13.0,0.7145989000018744,9.716096799998924,39.13207049999983,297.05078125,81.953125,246.28515625,,0.0,0.0,0.9798306888097332,0.9675665798730072,0.992409689359509,100.0,98.0,0.9675665798730072,heterogeneous_biological_background,0.5312693234560567,0.5086791413143589,102.0,4.0,0.0,0.1,0.9,target_discovery,target-discovery-v1,0.0,0.05,0.0391061452513966,0.0590717299578059,0.905027932960894,0.1206896551724138,1.0,pairwise_f1,hungarian,0.0,0.0,102.0,0.0038380349261178,0.0082165049042263,0.0025037948140149,0.9670593565926596,102.0,macro,0.0,0.0,0.0949720670391061,0.0375275938189845,0.0233837689133425,0.0949720670391061,100.0,0.1114258525307959,0.0107720254668175,1.0,0.0,0.0,1.0,101.0,0.0,0.0391061452513966,0.0,0.0590717299578059,0.1206896551724138,"{""background_labels"": [""other""], ""dataset_id"": ""nilsson"", ""dimension"": 13, ""n"": 44140, ""selected_features"": [""CD38"", ""CD34"", ""CD123"", ""CD19"", ""CD10"", ""CD110"", ""CD45"", ""CD3"", ""CD45RA"", ""CD11b"", ""CD4"", ""CD49fpur"", ""CD90bio""], ""transform"": {""cofactor"": 150.0, ""name"": ""arcsinh""}}","{""eps"": 13, ""geometry_profile"": ""high_dim"", ""k"": 20, ""knn_backend"": ""faiss_hnsw"", ""min_samples"": 5}",native_target_discovery_v1
ok,cytometry,nilsson,StrataSCAN,42,0.2.4,44140.0,13.0,0.8037279999989551,50.64514830000189,64.2264283000004,367.79296875,181.05859375,359.44921875,,0.0,0.0,0.2948396257610239,0.1731076698186469,0.9934460610827108,198.0,194.0,0.1731076698186469,heterogeneous_biological_background,0.5167214326746866,0.1557737145323061,198.0,4.0,0.0,0.1,0.9,target_discovery,target-discovery-v1,2.0,0.05,0.6201117318435754,0.5168800931315483,0.1396648044692737,0.4431137724550898,1.0,pairwise_f1,hungarian,3.0,0.0,198.0,0.000301146606912,0.0001506291751205,0.405943382939768,0.1728364295423652,198.0,macro,0.0,0.0,0.8603351955307262,0.0167078033035883,0.0084358138643148,0.8603351955307262,198.0,0.3754910215317757,0.0009019930104585,1.0,0.0,0.0,1.0,197.0,0.0,0.6201117318435754,0.0,0.5168800931315483,0.4431137724550898,"{""background_labels"": [""other""], ""dataset_id"": ""nilsson"", ""dimension"": 13, ""n"": 44140, ""selected_features"": [""CD38"", ""CD34"", ""CD123"", ""CD19"", ""CD10"", ""CD110"", ""CD45"", ""CD3"", ""CD45RA"", ""CD11b"", ""CD4"", ""CD49fpur"", ""CD90bio""], ""transform"": {""cofactor"": 150.0, ""name"": ""arcsinh""}}","{""ambiguous_model_confirmation_tolerance"": 1e-05, ""assignment"": ""maximum_posterior_basis_then_semantic_role"", ""background_model"": ""adaptive_gamma_basis_mixture_with_largest_rate_gap"", ""background_scan"": ""adaptive_dyadic_rank_windows_with_poisson_beta_boundary_code"", ""border_rule"": ""strict_local_core_radius"", ""component_initialization"": ""compiled_split_warm_single_start_with_guarded_confirmation"", ""component_selection"": ""semantic_icl_with_adaptive_bound"", ""connectivity"": ""density_ordered_non_merging_knn_watershed"", ""core_thresholds"": ""observed_d4_event_sweep"", ""duplicate_profile_confirmation_minimum"": 3, ""duplicate_profile_confirmation_tolerance"": 1e-08, ""extraction_objective"": ""gamma_topology_description_length"", ""fit_samples"": ""all_rows"", ""gamma_tolerance"": 0.0001, ""geometry_profile"": ""high_dim"", ""hard_component_bound"": 24, ""initial_component_bound"": 8, ""k"": 32, ""knn_backend"": ""faiss_hnsw"", ""shell_ranks"": [4, 8, 16, 32], ""stratification_model"": ""adaptive_gamma_density_basis_with_semantic_background"", ""version"": ""0.2.3""}",native_target_discovery_v1
ok,cytometry,nilsson,VDBSCAN-2007,42,0.2.4,44140.0,13.0,0.4446336000000883,94.09776670000063,121.38516159999926,235.515625,49.484375,233.67578125,,0.0,0.0,0.1283913693655202,0.0686355123109953,0.9924042272126816,27.0,22.0,0.0686355123109953,heterogeneous_biological_background,0.5021948511275647,0.072273813450544,27.0,5.0,0.0,0.1,0.9,target_discovery,target-discovery-v1,0.0,0.05,0.9189944134078212,0.0191579805508647,0.0642458100558659,0.0096798870189478,1.0,pairwise_f1,hungarian,1.0,0.0,27.0,0.0001836990699154,9.185952728319125e-05,0.8443735035913806,0.0685999093792478,27.0,macro,0.0,0.0,0.935754189944134,0.0161562575355678,0.0081484724654602,0.935754189944134,27.0,0.0333409717982143,0.0005450906276986,1.0,0.0,0.0,1.0,26.0,0.0,0.9189944134078212,0.0,0.0191579805508647,0.0096798870189478,"{""background_labels"": [""other""], ""dataset_id"": ""nilsson"", ""dimension"": 13, ""n"": 44140, ""selected_features"": [""CD38"", ""CD34"", ""CD123"", ""CD19"", ""CD10"", ""CD110"", ""CD45"", ""CD3"", ""CD45RA"", ""CD11b"", ""CD4"", ""CD49fpur"", ""CD90bio""], ""transform"": {""cofactor"": 150.0, ""name"": ""arcsinh""}}","{""eps_values"": [1.1824530363082886], ""geometry_profile"": ""high_dim"", ""knee_prominence"": 0.08, ""knn_backend"": ""faiss_hnsw"", ""max_eps_values"": 7, ""min_samples"": 5}",native_target_discovery_v1
ok,cytometry,nilsson,kNN+Leiden,42,0.2.4,44140.0,13.0,0.8168958999995084,35.18981050000002,55.384141499998805,396.609375,181.4375,430.1640625,,0.0,0.0,0.0,0.0,0.0,13.0,10.0,0.0,heterogeneous_biological_background,0.5,0.0080453054069845,13.0,3.0,0.0,0.1,0.9,target_discovery,target-discovery-v1,1.0,0.05,0.9273743016759776,0.1327469012395042,0.0,0.0714900947459087,1.0,pairwise_f1,hungarian,2.0,0.0,13.0,0.0009471237472224,0.0004738214181089,0.8645290518442014,0.0,13.0,macro,0.0,0.0,1.0,0.0160906108139691,0.0081105573176257,1.0,13.0,0.0,0.0,1.0,0.0,0.0,1.0,12.0,0.0,0.9273743016759776,0.0,0.1327469012395042,0.0714900947459087,"{""background_labels"": [""other""], ""dataset_id"": ""nilsson"", ""dimension"": 13, ""n"": 44140, ""selected_features"": [""CD38"", ""CD34"", ""CD123"", ""CD19"", ""CD10"", ""CD110"", ""CD45"", ""CD3"", ""CD45RA"", ""CD11b"", ""CD4"", ""CD49fpur"", ""CD90bio""], ""transform"": {""cofactor"": 150.0, ""name"": ""arcsinh""}}","{""edge_rank"": 15, ""geometry_profile"": ""high_dim"", ""k"": 20, ""knn_backend"": ""faiss_hnsw"", ""resolution"": 0.5, ""symmetrization"": ""union"", ""weights"": ""1/(1+d)""}",native_target_discovery_v1
ok,cytometry,nilsson,kNN-DBSCAN,42,0.2.4,44140.0,13.0,0.967441199998575,9.595612500001153,37.383847299999616,203.89453125,17.31640625,203.89453125,,1.0,1.0,0.9363599122870432,0.887533689644146,0.9908710730314156,119.0,119.0,0.887533689644146,heterogeneous_biological_background,0.443766844822073,0.4681799561435215,119.0,0.0,0.0,0.1,0.9,target_discovery,target-discovery-v1,0.0,0.05,0.0,0.0,1.0,0.0,0.0,pairwise_f1,hungarian,0.0,0.0,119.0,0.0,0.0,0.0,0.8884458541005891,119.0,macro,0.0,0.0,0.0,0.0,0.0,0.0,119.0,0.0,0.0,1.0,0.0,0.0,1.0,119.0,0.0,0.0,0.0,0.0,0.0,"{""background_labels"": [""other""], ""dataset_id"": ""nilsson"", ""dimension"": 13, ""n"": 44140, ""selected_features"": [""CD38"", ""CD34"", ""CD123"", ""CD19"", ""CD10"", ""CD110"", ""CD45"", ""CD3"", ""CD45RA"", ""CD11b"", ""CD4"", ""CD49fpur"", ""CD90bio""], ""transform"": {""cofactor"": 150.0, ""name"": ""arcsinh""}}","{""eps"": 0.5304265022277832, ""eps_quantile"": 0.05, ""geometry_profile"": ""high_dim"", ""k"": 4, ""knn_backend"": ""faiss_hnsw"", ""min_samples"": 5}",native_target_discovery_v1
error,cytometry,samusik_01,AMD-DBSCAN,42,,,,,,5.298931799999991,,,248.67578125,MemoryError,,,,,,,,,,,,,,,,,,,,,,,,,,,,,,,,,,,,,,,,,,,,,,,,,,,,,,,,{},{},native_target_discovery_v1
ok,cytometry,samusik_01,DBSCAN,42,0.2.4,86864.0,39.0,6.350057100000413,148.87891220000165,173.50616540000192,241.0078125,44.9921875,234.3828125,,0.0571990266013914,-0.0106034693980857,0.5409827376009329,0.9087886972782048,0.3851175427342364,6.0,2.0,0.9087886972782048,heterogeneous_biological_background,0.494715564293664,0.3413275930711242,0.6666666666666666,14.0,0.0,0.1,0.9,full_partition,target-discovery-v1,0.0,0.05,0.0103195202013229,0.0137327281993061,0.973911189791833,0.1463160347804825,6.0,pairwise_f1,hungarian,0.125,1.0,16.0,0.0420279086053353,0.2038789475665584,0.0234287755735566,0.9152583348683,16.0,macro,0.0,0.0,0.080642431309123,0.1416724485413156,0.5825295476158131,0.080642431309123,6.0,0.0267855120472357,0.0304689341008069,24.0,0.0,0.0,24.0,10.0,0.0,0.0612528915050871,0.0,0.080127345425884,0.4372504500315192,"{""background_labels"": [""unassigned""], ""dataset_id"": ""samusik_01"", ""dimension"": 39, ""n"": 86864, ""selected_features"": [""Ter119"", ""CD45.2"", ""Ly6G"", ""IgD"", ""CD11c"", ""F480"", ""CD3"", ""NKp46"", ""CD23"", ""CD34"", ""CD115"", ""CD19"", ""120g8"", ""CD8"", ""Ly6C"", ""CD4"", ""CD11b"", ""CD27"", ""CD16_32"", ""SiglecF"", ""Foxp3"", ""B220"", ""CD5"", ""FceR1a"", ""TCRgd"", ""CCR7"", ""Sca1"", ""CD49b"", ""cKit"", ""CD150"", ""CD25"", ""TCRb"", ""CD43"", ""CD64"", ""CD138"", ""CD103"", ""IgM"", ""CD44"", ""MHCII""], ""transform"": {""cofactor"": 5.0, ""name"": ""arcsinh""}}","{""eps"": 4.397252559661865, ""eps_quantile"": 0.05, ""geometry_profile"": ""high_dim"", ""knn_backend"": ""faiss_hnsw"", ""min_samples"": 5}",native_target_discovery_v1
ok,cytometry,samusik_01,HDBSCAN,42,0.2.4,86864.0,39.0,4.387093499997718,1368.4781913000006,1405.0992664000005,230.28515625,31.88671875,248.6640625,,0.0498732421782971,0.0268168606796104,0.1405690788638728,0.0821881214567688,0.4852786540483701,0.0,0.0,0.0821881214567688,heterogeneous_biological_background,0.513476660920211,0.444256295765173,0.0833333333333333,2.0,0.0,0.1,0.9,full_partition,target-discovery-v1,0.0,0.05,0.0444210959878992,0.0171549324573901,0.2203382100263217,0.0403082433742462,2.0,pairwise_f1,hungarian,1.0,1.0,2.0,0.1248525182671299,0.0667871273525873,0.9560643224008424,0.0656888929821329,2.0,macro,0.0,0.0,0.9447652003836532,0.7479435126664732,0.6189901180413514,0.9447652003836532,0.0,0.0305781349752191,0.0408632148873682,24.0,0.0,0.0,24.0,0.0,0.0,0.2556184529742538,0.0,0.0736487875941732,0.0446125368559389,"{""background_labels"": [""unassigned""], ""dataset_id"": ""samusik_01"", ""dimension"": 39, ""n"": 86864, ""selected_features"": [""Ter119"", ""CD45.2"", ""Ly6G"", ""IgD"", ""CD11c"", ""F480"", ""CD3"", ""NKp46"", ""CD23"", ""CD34"", ""CD115"", ""CD19"", ""120g8"", ""CD8"", ""Ly6C"", ""CD4"", ""CD11b"", ""CD27"", ""CD16_32"", ""SiglecF"", ""Foxp3"", ""B220"", ""CD5"", ""FceR1a"", ""TCRgd"", ""CCR7"", ""Sca1"", ""CD49b"", ""cKit"", ""CD150"", ""CD25"", ""TCRb"", ""CD43"", ""CD64"", ""CD138"", ""CD103"", ""IgM"", ""CD44"", ""MHCII""], ""transform"": {""cofactor"": 5.0, ""name"": ""arcsinh""}}","{""geometry_profile"": ""high_dim"", ""knn_backend"": ""faiss_hnsw"", ""min_cluster_size"": 8, ""min_samples"": 5}",native_target_discovery_v1
ok,cytometry,samusik_01,OPTICS,42,0.2.4,86864.0,39.0,1.377903000000515,293.32297339999786,299.49475600000005,244.77734375,48.59765625,252.734375,,0.0001270541544467,2.8255833891337905e-05,0.5586658923089687,0.9993173251016592,0.3877059846382386,2.0,1.0,0.9993173251016592,heterogeneous_biological_background,0.4996774690879819,0.2793705415528076,0.0833333333333333,1.0,0.0,0.1,0.9,full_partition,target-discovery-v1,0.0,0.05,0.0002853881278538,0.0005518763796909,0.9997146118721462,0.0083333333333333,1.0,pairwise_f1,hungarian,0.0,0.0,2.0,8.695684234522743e-09,0.0066666666666666,4.347844952822882e-09,0.9997121937741758,2.0,macro,0.0,0.0,3.761307430462829e-05,7.519079664649048e-05,0.08,3.761307430462829e-05,2.0,0.0011026634966455,2.6086641261281734e-08,24.0,0.0,0.0,24.0,1.0,0.0,3.761307430462829e-05,0.0,7.273521653610239e-05,0.0010983017696951,"{""background_labels"": [""unassigned""], ""dataset_id"": ""samusik_01"", ""dimension"": 39, ""n"": 86864, ""selected_features"": [""Ter119"", ""CD45.2"", ""Ly6G"", ""IgD"", ""CD11c"", ""F480"", ""CD3"", ""NKp46"", ""CD23"", ""CD34"", ""CD115"", ""CD19"", ""120g8"", ""CD8"", ""Ly6C"", ""CD4"", ""CD11b"", ""CD27"", ""CD16_32"", ""SiglecF"", ""Foxp3"", ""B220"", ""CD5"", ""FceR1a"", ""TCRgd"", ""CCR7"", ""Sca1"", ""CD49b"", ""cKit"", ""CD150"", ""CD25"", ""TCRb"", ""CD43"", ""CD64"", ""CD138"", ""CD103"", ""IgM"", ""CD44"", ""MHCII""], ""transform"": {""cofactor"": 5.0, ""name"": ""arcsinh""}}","{""geometry_profile"": ""high_dim"", ""knn_backend"": ""faiss_hnsw"", ""max_eps"": 4.812307834625244, ""max_eps_quantile"": 0.1, ""min_cluster_size"": 8, ""min_samples"": 5, ""xi"": 0.03}",native_target_discovery_v1
ok,cytometry,samusik_01,SNN-DBSCAN,42,0.2.4,86864.0,39.0,4.561742000001686,28.97646650000024,48.6583830999989,342.84375,105.10546875,334.890625,,0.007163683490487,0.0013386930395995,0.5548522503914449,0.988691341901398,0.3856350648899591,29.0,20.0,0.988691341901398,heterogeneous_biological_background,0.4953424174197716,0.2794015258666132,1.6666666666666667,20.0,0.0,0.1,0.9,full_partition,target-discovery-v1,0.0,0.05,0.0183834960294704,0.0320179083309518,0.9790679632635152,0.324610088985089,13.0,pairwise_f1,hungarian,0.0833333333333333,0.0,40.0,3.3651774920042577e-06,0.1038926174496644,1.6826159967424555e-06,0.994393534720943,40.0,macro,0.0,0.0,0.0019934929381452,0.0039508013417815,0.217659137577002,0.0019934929381452,29.0,0.0605422110026179,1.0094410300863338e-05,24.0,0.0,0.0,24.0,27.0,0.0,0.0015233295093374,0.0,0.0028810925822924,0.1583233335745889,"{""background_labels"": [""unassigned""], ""dataset_id"": ""samusik_01"", ""dimension"": 39, ""n"": 86864, ""selected_features"": [""Ter119"", ""CD45.2"", ""Ly6G"", ""IgD"", ""CD11c"", ""F480"", ""CD3"", ""NKp46"", ""CD23"", ""CD34"", ""CD115"", ""CD19"", ""120g8"", ""CD8"", ""Ly6C"", ""CD4"", ""CD11b"", ""CD27"", ""CD16_32"", ""SiglecF"", ""Foxp3"", ""B220"", ""CD5"", ""FceR1a"", ""TCRgd"", ""CCR7"", ""Sca1"", ""CD49b"", ""cKit"", ""CD150"", ""CD25"", ""TCRb"", ""CD43"", ""CD64"", ""CD138"", ""CD103"", ""IgM"", ""CD44"", ""MHCII""], ""transform"": {""cofactor"": 5.0, ""name"": ""arcsinh""}}","{""eps"": 13, ""geometry_profile"": ""high_dim"", ""k"": 20, ""knn_backend"": ""faiss_hnsw"", ""min_samples"": 5}",native_target_discovery_v1
ok,cytometry,samusik_01,StrataSCAN,42,0.2.4,86864.0,39.0,1.396530599999096,14.075527000000877,19.01773989999856,492.828125,292.9296875,505.17578125,,0.3490197987771465,0.1735245594056626,0.380390723636122,0.3398236917871242,0.4319562346727033,155.0,78.0,0.3398236917871242,heterogeneous_biological_background,0.5283362342109412,0.5259333035437419,19.5,390.0,1.0,0.1,0.9,full_partition,target-discovery-v1,8.0,0.05,0.2444750376125262,0.2033431136404888,0.2896563074541591,0.4397930364173301,22.0,pairwise_f1,hungarian,1.3333333333333333,5.0,468.0,0.1832947976078583,0.115219225993619,0.4479730090307087,0.3051321606188985,468.0,macro,0.0,0.0,0.7168487766347582,0.6714758834513617,0.6315048294372008,0.7168487766347582,155.0,0.2650174761326175,0.2307272678878075,24.0,0.0416666666666666,0.0,24.0,446.0,0.0,0.362909747428206,0.0559306414909822,0.2853827537671256,0.550620526720716,"{""background_labels"": [""unassigned""], ""dataset_id"": ""samusik_01"", ""dimension"": 39, ""n"": 86864, ""selected_features"": [""Ter119"", ""CD45.2"", ""Ly6G"", ""IgD"", ""CD11c"", ""F480"", ""CD3"", ""NKp46"", ""CD23"", ""CD34"", ""CD115"", ""CD19"", ""120g8"", ""CD8"", ""Ly6C"", ""CD4"", ""CD11b"", ""CD27"", ""CD16_32"", ""SiglecF"", ""Foxp3"", ""B220"", ""CD5"", ""FceR1a"", ""TCRgd"", ""CCR7"", ""Sca1"", ""CD49b"", ""cKit"", ""CD150"", ""CD25"", ""TCRb"", ""CD43"", ""CD64"", ""CD138"", ""CD103"", ""IgM"", ""CD44"", ""MHCII""], ""transform"": {""cofactor"": 5.0, ""name"": ""arcsinh""}}","{""ambiguous_model_confirmation_tolerance"": 1e-05, ""assignment"": ""maximum_posterior_basis_then_semantic_role"", ""background_model"": ""adaptive_gamma_basis_mixture_with_largest_rate_gap"", ""background_scan"": ""adaptive_dyadic_rank_windows_with_poisson_beta_boundary_code"", ""border_rule"": ""strict_local_core_radius"", ""component_initialization"": ""compiled_split_warm_single_start_with_guarded_confirmation"", ""component_selection"": ""semantic_icl_with_adaptive_bound"", ""connectivity"": ""density_ordered_non_merging_knn_watershed"", ""core_thresholds"": ""observed_d4_event_sweep"", ""duplicate_profile_confirmation_minimum"": 3, ""duplicate_profile_confirmation_tolerance"": 1e-08, ""extraction_objective"": ""gamma_topology_description_length"", ""fit_samples"": ""all_rows"", ""gamma_tolerance"": 0.0001, ""geometry_profile"": ""high_dim"", ""hard_component_bound"": 24, ""initial_component_bound"": 8, ""k"": 32, ""knn_backend"": ""faiss_hnsw"", ""shell_ranks"": [4, 8, 16, 32], ""stratification_model"": ""adaptive_gamma_density_basis_with_semantic_background"", ""version"": ""0.2.3""}",native_target_discovery_v1
memory_limit,cytometry,samusik_01,VDBSCAN-2007,42,,,,,,87.83057969999936,,,8194.04296875,,,,,,,,,,,,,,,,,,,,,,,,,,,,,,,,,,,,,,,,,,,,,,,,,,,,,,,,,{},{},native_target_discovery_v1
ok,cytometry,samusik_01,kNN+Leiden,42,0.2.4,86864.0,39.0,1.3533314000014798,53.469889500000136,58.9692486999993,656.48828125,430.0703125,722.8359375,,0.6910142359685513,0.5690069378179209,0.0,0.0,0.0,4.0,0.0,0.0,heterogeneous_biological_background,0.5,0.379706791776459,0.6666666666666666,16.0,0.0,0.1,0.9,full_partition,target-discovery-v1,19.0,0.05,0.4359351266498231,0.282529892247133,0.0,0.2337450196511219,16.0,pairwise_f1,hungarian,1.7916666666666667,12.0,16.0,0.3925099996799491,0.3023718109980385,0.5592137482405249,0.0,16.0,macro,2.0,0.0,1.0,0.7594135835529181,0.6121408178301713,1.0,4.0,0.0,0.0,24.0,0.0,0.0833333333333333,24.0,0.0,0.0,0.6877738701972805,0.0,0.5771781109873033,0.5241421817943572,"{""background_labels"": [""unassigned""], ""dataset_id"": ""samusik_01"", ""dimension"": 39, ""n"": 86864, ""selected_features"": [""Ter119"", ""CD45.2"", ""Ly6G"", ""IgD"", ""CD11c"", ""F480"", ""CD3"", ""NKp46"", ""CD23"", ""CD34"", ""CD115"", ""CD19"", ""120g8"", ""CD8"", ""Ly6C"", ""CD4"", ""CD11b"", ""CD27"", ""CD16_32"", ""SiglecF"", ""Foxp3"", ""B220"", ""CD5"", ""FceR1a"", ""TCRgd"", ""CCR7"", ""Sca1"", ""CD49b"", ""cKit"", ""CD150"", ""CD25"", ""TCRb"", ""CD43"", ""CD64"", ""CD138"", ""CD103"", ""IgM"", ""CD44"", ""MHCII""], ""transform"": {""cofactor"": 5.0, ""name"": ""arcsinh""}}","{""edge_rank"": 15, ""geometry_profile"": ""high_dim"", ""k"": 20, ""knn_backend"": ""faiss_hnsw"", ""resolution"": 0.5, ""symmetrization"": ""union"", ""weights"": ""1/(1+d)""}",native_target_discovery_v1
ok,cytometry,samusik_01,kNN-DBSCAN,42,0.2.4,86864.0,39.0,1.2690822999975353,7.91526900000099,12.355867300000682,243.44140625,44.8203125,249.53515625,,0.0569411745634549,-0.010583618302038,0.5409539284862721,0.9090855124513963,0.3850350740452065,7.0,2.0,0.9090855124513963,heterogeneous_biological_background,0.4945536640172465,0.3408180067122637,0.875,19.0,0.0,0.1,0.9,full_partition,target-discovery-v1,0.0,0.05,0.0102184692716544,0.0136440056944817,0.974013034922803,0.1463052971037973,6.0,pairwise_f1,hungarian,0.125,1.0,21.0,0.041227483972342,0.2035004665190243,0.0229371821361207,0.9157533615767176,21.0,macro,0.0,0.0,0.0800218155830966,0.1406820849382552,0.5814430172178191,0.0800218155830966,7.0,0.0266166821974257,0.0301821464311275,24.0,0.0,0.0,24.0,15.0,0.0,0.0606322757790608,0.0,0.0795824461169214,0.4371845033743857,"{""background_labels"": [""unassigned""], ""dataset_id"": ""samusik_01"", ""dimension"": 39, ""n"": 86864, ""selected_features"": [""Ter119"", ""CD45.2"", ""Ly6G"", ""IgD"", ""CD11c"", ""F480"", ""CD3"", ""NKp46"", ""CD23"", ""CD34"", ""CD115"", ""CD19"", ""120g8"", ""CD8"", ""Ly6C"", ""CD4"", ""CD11b"", ""CD27"", ""CD16_32"", ""SiglecF"", ""Foxp3"", ""B220"", ""CD5"", ""FceR1a"", ""TCRgd"", ""CCR7"", ""Sca1"", ""CD49b"", ""cKit"", ""CD150"", ""CD25"", ""TCRb"", ""CD43"", ""CD64"", ""CD138"", ""CD103"", ""IgM"", ""CD44"", ""MHCII""], ""transform"": {""cofactor"": 5.0, ""name"": ""arcsinh""}}","{""eps"": 4.397252559661865, ""eps_quantile"": 0.05, ""geometry_profile"": ""high_dim"", ""k"": 4, ""knn_backend"": ""faiss_hnsw"", ""min_samples"": 5}",native_target_discovery_v1
error,cytometry,samusik_02,AMD-DBSCAN,42,,,,,,20.352108399998546,,,253.30078125,MemoryError,,,,,,,,,,,,,,,,,,,,,,,,,,,,,,,,,,,,,,,,,,,,,,,,,,,,,,,,{},{},native_target_discovery_v1
ok,cytometry,samusik_02,DBSCAN,42,0.2.4,87772.0,39.0,1.3525330999982543,39.229198000000906,43.77728650000063,243.81640625,43.99609375,248.9765625,,0.0621392066318391,0.0067594345036675,0.5039976468700698,0.900582932500876,0.3499096512289908,2.0,1.0,0.900582932500876,heterogeneous_biological_background,0.4844619907365055,0.3128167799643231,0.4583333333333333,10.0,0.0,0.1,0.9,full_partition,target-discovery-v1,0.0,0.05,0.0074947209194143,0.0096261121006943,0.966346575341916,0.1274501831237048,5.0,pairwise_f1,hungarian,0.1666666666666666,1.0,11.0,0.0225714870590278,0.12413287030673,0.0124144209770613,0.9205441370824408,11.0,macro,0.0,0.0,0.068341048972135,0.1216359130585765,0.5524806423860051,0.068341048972135,2.0,0.0188914074262425,0.0199771036105005,24.0,0.0,0.0,24.0,6.0,0.0,0.0381879777931499,0.0,0.0487899651082617,0.3561083648948974,"{""background_labels"": [""unassigned""], ""dataset_id"": ""samusik_02"", ""dimension"": 39, ""n"": 87772, ""selected_features"": [""Ter119"", ""CD45.2"", ""Ly6G"", ""IgD"", ""CD11c"", ""F480"", ""CD3"", ""NKp46"", ""CD23"", ""CD34"", ""CD115"", ""CD19"", ""120g8"", ""CD8"", ""Ly6C"", ""CD4"", ""CD11b"", ""CD27"", ""CD16_32"", ""SiglecF"", ""Foxp3"", ""B220"", ""CD5"", ""FceR1a"", ""TCRgd"", ""CCR7"", ""Sca1"", ""CD49b"", ""cKit"", ""CD150"", ""CD25"", ""TCRb"", ""CD43"", ""CD64"", ""CD138"", ""CD103"", ""IgM"", ""CD44"", ""MHCII""], ""transform"": {""cofactor"": 5.0, ""name"": ""arcsinh""}}","{""eps"": 4.385417938232422, ""eps_quantile"": 0.05, ""geometry_profile"": ""high_dim"", ""knn_backend"": ""faiss_hnsw"", ""min_samples"": 5}",native_target_discovery_v1
ok,cytometry,samusik_02,HDBSCAN,42,0.2.4,87772.0,39.0,1.363772600001539,992.4797913000002,997.0459554000008,241.06640625,43.38671875,250.234375,,0.0018120946914414,0.0005255864991742,0.0082288897328775,0.0041410505526709,0.6403940886699507,1.0,1.0,0.0041410505526709,heterogeneous_biological_background,0.5014231211010219,0.3952695842223173,0.0833333333333333,1.0,0.0,0.1,0.9,full_partition,target-discovery-v1,0.0,0.05,0.0416337380558948,0.0114209696491919,0.0082981964224377,0.0066182432818263,1.0,pairwise_f1,hungarian,1.0,1.0,2.0,0.1173231978999507,0.0623215340631883,0.9988922546642134,0.0023128104634735,2.0,macro,0.0,0.0,0.998705191649373,0.782310278711757,0.642990099236031,0.998705191649373,1.0,0.009565656227698,0.0137864618391349,24.0,0.0,0.0,24.0,1.0,0.0,0.246687596445485,0.0,0.0676713570146768,0.0392143152193865,"{""background_labels"": [""unassigned""], ""dataset_id"": ""samusik_02"", ""dimension"": 39, ""n"": 87772, ""selected_features"": [""Ter119"", ""CD45.2"", ""Ly6G"", ""IgD"", ""CD11c"", ""F480"", ""CD3"", ""NKp46"", ""CD23"", ""CD34"", ""CD115"", ""CD19"", ""120g8"", ""CD8"", ""Ly6C"", ""CD4"", ""CD11b"", ""CD27"", ""CD16_32"", ""SiglecF"", ""Foxp3"", ""B220"", ""CD5"", ""FceR1a"", ""TCRgd"", ""CCR7"", ""Sca1"", ""CD49b"", ""cKit"", ""CD150"", ""CD25"", ""TCRb"", ""CD43"", ""CD64"", ""CD138"", ""CD103"", ""IgM"", ""CD44"", ""MHCII""], ""transform"": {""cofactor"": 5.0, ""name"": ""arcsinh""}}","{""geometry_profile"": ""high_dim"", ""knn_backend"": ""faiss_hnsw"", ""min_cluster_size"": 8, ""min_samples"": 5}",native_target_discovery_v1
ok,cytometry,samusik_02,OPTICS,42,0.2.4,87772.0,39.0,1.2859452000011515,124.5725678000017,129.13796039999943,245.75390625,49.1328125,251.2734375,,0.0996403687525379,0.0207305210153124,0.4927231215882292,0.8352498964737362,0.3494269722814498,1.0,1.0,0.8352498964737362,heterogeneous_biological_background,0.484671188858376,0.3557508041851811,0.25,5.0,0.0,0.1,0.9,full_partition,target-discovery-v1,0.0,0.05,0.014856332396631,0.0147053494512068,0.9391775168383064,0.0550139416649074,2.0,pairwise_f1,hungarian,0.1666666666666666,1.0,6.0,0.069004416559494,0.1379359735360106,0.0460110455847581,0.8549423506357381,6.0,macro,0.0,0.0,0.134092481243016,0.2187784867821331,0.5937794533459001,0.134092481243016,1.0,0.0285583726541874,0.0354929501352332,24.0,0.0,0.0,24.0,4.0,0.0,0.076553326593235,0.0,0.0759135813397485,0.3149932239183002,"{""background_labels"": [""unassigned""], ""dataset_id"": ""samusik_02"", ""dimension"": 39, ""n"": 87772, ""selected_features"": [""Ter119"", ""CD45.2"", ""Ly6G"", ""IgD"", ""CD11c"", ""F480"", ""CD3"", ""NKp46"", ""CD23"", ""CD34"", ""CD115"", ""CD19"", ""120g8"", ""CD8"", ""Ly6C"", ""CD4"", ""CD11b"", ""CD27"", ""CD16_32"", ""SiglecF"", ""Foxp3"", ""B220"", ""CD5"", ""FceR1a"", ""TCRgd"", ""CCR7"", ""Sca1"", ""CD49b"", ""cKit"", ""CD150"", ""CD25"", ""TCRb"", ""CD43"", ""CD64"", ""CD138"", ""CD103"", ""IgM"", ""CD44"", ""MHCII""], ""transform"": {""cofactor"": 5.0, ""name"": ""arcsinh""}}","{""geometry_profile"": ""high_dim"", ""knn_backend"": ""faiss_hnsw"", ""max_eps"": 4.876298904418945, ""max_eps_quantile"": 0.1, ""min_cluster_size"": 8, ""min_samples"": 5, ""xi"": 0.03}",native_target_discovery_v1
ok,cytometry,samusik_02,SNN-DBSCAN,42,0.2.4,87772.0,39.0,1.2657488000004378,8.142315699999017,13.237237500001356,341.8515625,104.3828125,340.75,,0.0113068247611129,0.0019838769428026,0.5232543435927266,0.9885961838626446,0.3557835607015935,27.0,21.0,0.9885961838626446,heterogeneous_biological_background,0.4959299051951262,0.2648597221732013,1.8333333333333333,23.0,0.0,0.1,0.9,full_partition,target-discovery-v1,2.0,0.05,0.0278936418654514,0.0431287867299786,0.9613877296145246,0.3359299691536534,13.0,pairwise_f1,hungarian,0.1666666666666666,0.0,44.0,8.169797355451646e-06,0.2426123665259498,4.084967456899788e-06,0.9938249099940756,44.0,macro,0.0,0.0,0.0032636265276077,0.0064651007536761,0.3394833948339483,0.0032636265276077,27.0,0.0796892554956134,2.450436765705819e-05,24.0,0.0,0.0,24.0,31.0,0.0,0.002181663385303,0.0,0.0040165334401601,0.1631261878883473,"{""background_labels"": [""unassigned""], ""dataset_id"": ""samusik_02"", ""dimension"": 39, ""n"": 87772, ""selected_features"": [""Ter119"", ""CD45.2"", ""Ly6G"", ""IgD"", ""CD11c"", ""F480"", ""CD3"", ""NKp46"", ""CD23"", ""CD34"", ""CD115"", ""CD19"", ""120g8"", ""CD8"", ""Ly6C"", ""CD4"", ""CD11b"", ""CD27"", ""CD16_32"", ""SiglecF"", ""Foxp3"", ""B220"", ""CD5"", ""FceR1a"", ""TCRgd"", ""CCR7"", ""Sca1"", ""CD49b"", ""cKit"", ""CD150"", ""CD25"", ""TCRb"", ""CD43"", ""CD64"", ""CD138"", ""CD103"", ""IgM"", ""CD44"", ""MHCII""], ""transform"": {""cofactor"": 5.0, ""name"": ""arcsinh""}}","{""eps"": 13, ""geometry_profile"": ""high_dim"", ""k"": 20, ""knn_backend"": ""faiss_hnsw"", ""min_samples"": 5}",native_target_discovery_v1
ok,cytometry,samusik_02,StrataSCAN,42,0.2.4,87772.0,39.0,5.411902399999235,53.90272050000203,74.19537320000018,500.84765625,304.08203125,485.23046875,,0.0191189895613734,0.0022555437950631,0.5152591704832428,0.9586532029433312,0.3523097094425323,1.0,1.0,0.9586532029433312,heterogeneous_biological_background,0.4886563164364575,0.2755423710884773,0.0833333333333333,1.0,0.0,0.1,0.9,full_partition,target-discovery-v1,0.0,0.05,0.0058108108108108,0.005467955239064,0.9883640872071628,0.0051633045148895,1.0,pairwise_f1,hungarian,0.0833333333333333,1.0,2.0,0.0015697366929413,0.0860292838786993,0.0007920948412204,0.9732260857676708,2.0,macro,0.0,0.0,0.0186594299295837,0.0358255716937118,0.4476595744680851,0.0186594299295837,1.0,0.0108210766889149,0.0036501945220023,24.0,0.0,0.0,24.0,1.0,0.0,0.0045761719789283,0.0,0.0043061638662346,0.0040662431128805,"{""background_labels"": [""unassigned""], ""dataset_id"": ""samusik_02"", ""dimension"": 39, ""n"": 87772, ""selected_features"": [""Ter119"", ""CD45.2"", ""Ly6G"", ""IgD"", ""CD11c"", ""F480"", ""CD3"", ""NKp46"", ""CD23"", ""CD34"", ""CD115"", ""CD19"", ""120g8"", ""CD8"", ""Ly6C"", ""CD4"", ""CD11b"", ""CD27"", ""CD16_32"", ""SiglecF"", ""Foxp3"", ""B220"", ""CD5"", ""FceR1a"", ""TCRgd"", ""CCR7"", ""Sca1"", ""CD49b"", ""cKit"", ""CD150"", ""CD25"", ""TCRb"", ""CD43"", ""CD64"", ""CD138"", ""CD103"", ""IgM"", ""CD44"", ""MHCII""], ""transform"": {""cofactor"": 5.0, ""name"": ""arcsinh""}}","{""ambiguous_model_confirmation_tolerance"": 1e-05, ""assignment"": ""maximum_posterior_basis_then_semantic_role"", ""background_model"": ""adaptive_gamma_basis_mixture_with_largest_rate_gap"", ""background_scan"": ""adaptive_dyadic_rank_windows_with_poisson_beta_boundary_code"", ""border_rule"": ""strict_local_core_radius"", ""component_initialization"": ""compiled_split_warm_single_start_with_guarded_confirmation"", ""component_selection"": ""semantic_icl_with_adaptive_bound"", ""connectivity"": ""density_ordered_non_merging_knn_watershed"", ""core_thresholds"": ""observed_d4_event_sweep"", ""duplicate_profile_confirmation_minimum"": 3, ""duplicate_profile_confirmation_tolerance"": 1e-08, ""extraction_objective"": ""gamma_topology_description_length"", ""fit_samples"": ""all_rows"", ""gamma_tolerance"": 0.0001, ""geometry_profile"": ""high_dim"", ""hard_component_bound"": 24, ""initial_component_bound"": 8, ""k"": 32, ""knn_backend"": ""faiss_hnsw"", ""shell_ranks"": [4, 8, 16, 32], ""stratification_model"": ""adaptive_gamma_density_basis_with_semantic_background"", ""version"": ""0.2.3""}",native_target_discovery_v1
ok,cytometry,samusik_02,VDBSCAN-2007,42,0.2.4,87772.0,39.0,1.2705261999981303,164.9334106000024,171.4476364000002,5659.7265625,5462.68359375,5674.703125,,0.0775943341611368,0.0288655070154071,0.1771051529116045,0.1077310228394865,0.4974260920723636,0.0,0.0,0.1077310228394865,heterogeneous_biological_background,0.5235616748848633,0.4741457967947853,0.2916666666666667,7.0,0.0,0.1,0.9,full_partition,target-discovery-v1,0.0,0.05,0.0682772122307088,0.0412857325102212,0.2244012853352856,0.0939552578562151,4.0,pairwise_f1,hungarian,0.9583333333333334,1.0,7.0,0.129923859131274,0.0697647177565282,0.9436290964613928,0.077462060793875,7.0,macro,0.0,0.0,0.93939232693024,0.7711864406779662,0.6540698751435664,0.93939232693024,0.0,0.0669617319895677,0.0798623781609179,24.0,0.0,0.0,24.0,3.0,0.0,0.2454814735983256,0.0,0.077473840015894,0.0941291544435998,"{""background_labels"": [""unassigned""], ""dataset_id"": ""samusik_02"", ""dimension"": 39, ""n"": 87772, ""selected_features"": [""Ter119"", ""CD45.2"", ""Ly6G"", ""IgD"", ""CD11c"", ""F480"", ""CD3"", ""NKp46"", ""CD23"", ""CD34"", ""CD115"", ""CD19"", ""120g8"", ""CD8"", ""Ly6C"", ""CD4"", ""CD11b"", ""CD27"", ""CD16_32"", ""SiglecF"", ""Foxp3"", ""B220"", ""CD5"", ""FceR1a"", ""TCRgd"", ""CCR7"", ""Sca1"", ""CD49b"", ""cKit"", ""CD150"", ""CD25"", ""TCRb"", ""CD43"", ""CD64"", ""CD138"", ""CD103"", ""IgM"", ""CD44"", ""MHCII""], ""transform"": {""cofactor"": 5.0, ""name"": ""arcsinh""}}","{""eps_values"": [10.331952095031738], ""geometry_profile"": ""high_dim"", ""knee_prominence"": 0.08, ""knn_backend"": ""faiss_hnsw"", ""max_eps_values"": 7, ""min_samples"": 5}",native_target_discovery_v1
ok,cytometry,samusik_02,kNN+Leiden,42,0.2.4,87772.0,39.0,5.562783599998511,179.27708429999984,203.7258198999989,647.37890625,420.34765625,724.15625,,0.8363372774442585,0.8556746167665391,0.0,0.0,0.0,5.0,0.0,0.0,heterogeneous_biological_background,0.5,0.3911107102968415,0.5833333333333334,14.0,0.0,0.1,0.9,full_partition,target-discovery-v1,9.0,0.05,0.5135720204391698,0.3173733770112808,0.0,0.2517910208228794,14.0,pairwise_f1,hungarian,1.375,10.0,14.0,0.5769103138627529,0.4268321441408956,0.8897572898815665,0.0,14.0,macro,3.0,1.0,1.0,0.782221420593683,0.6423346853210591,1.0,5.0,0.0,0.0,24.0,0.0,0.125,24.0,0.0,0.0,0.8593802657017684,0.0,0.6965543605245578,0.6062247337607919,"{""background_labels"": [""unassigned""], ""dataset_id"": ""samusik_02"", ""dimension"": 39, ""n"": 87772, ""selected_features"": [""Ter119"", ""CD45.2"", ""Ly6G"", ""IgD"", ""CD11c"", ""F480"", ""CD3"", ""NKp46"", ""CD23"", ""CD34"", ""CD115"", ""CD19"", ""120g8"", ""CD8"", ""Ly6C"", ""CD4"", ""CD11b"", ""CD27"", ""CD16_32"", ""SiglecF"", ""Foxp3"", ""B220"", ""CD5"", ""FceR1a"", ""TCRgd"", ""CCR7"", ""Sca1"", ""CD49b"", ""cKit"", ""CD150"", ""CD25"", ""TCRb"", ""CD43"", ""CD64"", ""CD138"", ""CD103"", ""IgM"", ""CD44"", ""MHCII""], ""transform"": {""cofactor"": 5.0, ""name"": ""arcsinh""}}","{""edge_rank"": 15, ""geometry_profile"": ""high_dim"", ""k"": 20, ""knn_backend"": ""faiss_hnsw"", ""resolution"": 0.5, ""symmetrization"": ""union"", ""weights"": ""1/(1+d)""}",native_target_discovery_v1
ok,cytometry,samusik_02,kNN-DBSCAN,42,0.2.4,87772.0,39.0,6.118610999998055,29.475053599999228,52.74339789999794,243.953125,44.40625,250.07421875,,0.0618473228010765,0.0067110455601641,0.5039255001559506,0.9006466409709171,0.349830491697805,3.0,1.0,0.9006466409709171,heterogeneous_biological_background,0.4842987368638973,0.3124563627988457,0.5416666666666666,12.0,0.0,0.1,0.9,full_partition,target-discovery-v1,0.0,0.05,0.0074653403142016,0.0096399112965374,0.9665277160015616,0.137816317626527,5.0,pairwise_f1,hungarian,0.1666666666666666,1.0,13.0,0.0221566505898429,0.1231762396290545,0.0121731653913596,0.9208175728022604,13.0,macro,0.0,0.0,0.0679508327568775,0.1209872254417407,0.5512230215827338,0.0679508327568775,3.0,0.0189179294915037,0.01988691106486,24.0,0.0,0.0,24.0,8.0,0.0,0.0379041841820536,0.0,0.0485963300402272,0.3817357452447158,"{""background_labels"": [""unassigned""], ""dataset_id"": ""samusik_02"", ""dimension"": 39, ""n"": 87772, ""selected_features"": [""Ter119"", ""CD45.2"", ""Ly6G"", ""IgD"", ""CD11c"", ""F480"", ""CD3"", ""NKp46"", ""CD23"", ""CD34"", ""CD115"", ""CD19"", ""120g8"", ""CD8"", ""Ly6C"", ""CD4"", ""CD11b"", ""CD27"", ""CD16_32"", ""SiglecF"", ""Foxp3"", ""B220"", ""CD5"", ""FceR1a"", ""TCRgd"", ""CCR7"", ""Sca1"", ""CD49b"", ""cKit"", ""CD150"", ""CD25"", ""TCRb"", ""CD43"", ""CD64"", ""CD138"", ""CD103"", ""IgM"", ""CD44"", ""MHCII""], ""transform"": {""cofactor"": 5.0, ""name"": ""arcsinh""}}","{""eps"": 4.385417938232422, ""eps_quantile"": 0.05, ""geometry_profile"": ""high_dim"", ""k"": 4, ""knn_backend"": ""faiss_hnsw"", ""min_samples"": 5}",native_target_discovery_v1
error,cytometry,samusik_03,AMD-DBSCAN,42,,,,,,4.2178760999995575,,,251.12890625,MemoryError,,,,,,,,,,,,,,,,,,,,,,,,,,,,,,,,,,,,,,,,,,,,,,,,,,,,,,,,{},{},native_target_discovery_v1
ok,cytometry,samusik_03,DBSCAN,42,0.2.4,84556.0,39.0,6.276079499999469,151.13010740000027,173.35800219999874,243.65234375,46.04296875,240.09375,,0.0594920673619683,0.008891388487393,0.4955492098335952,0.8966608320990979,0.3423863446485263,2.0,1.0,0.8966608320990979,heterogeneous_biological_background,0.4819232544392805,0.3075931202488431,0.7916666666666666,18.0,0.0,0.1,0.9,full_partition,target-discovery-v1,0.0,0.05,0.0072529380102491,0.0093969864224772,0.9647582683538476,0.1479524293530091,5.0,pairwise_f1,hungarian,0.1666666666666666,1.0,19.0,0.0198704934090678,0.1170952084074313,0.0108563848377634,0.9201121150480156,19.0,macro,0.0,0.0,0.0671856767794632,0.119637030664091,0.5455218356772761,0.0671856767794632,2.0,0.0184442193287226,0.0188963361759906,24.0,0.0,0.0,24.0,14.0,0.0,0.0369202158693115,0.0,0.0475480142017585,0.5772032777348715,"{""background_labels"": [""unassigned""], ""dataset_id"": ""samusik_03"", ""dimension"": 39, ""n"": 84556, ""selected_features"": [""Ter119"", ""CD45.2"", ""Ly6G"", ""IgD"", ""CD11c"", ""F480"", ""CD3"", ""NKp46"", ""CD23"", ""CD34"", ""CD115"", ""CD19"", ""120g8"", ""CD8"", ""Ly6C"", ""CD4"", ""CD11b"", ""CD27"", ""CD16_32"", ""SiglecF"", ""Foxp3"", ""B220"", ""CD5"", ""FceR1a"", ""TCRgd"", ""CCR7"", ""Sca1"", ""CD49b"", ""cKit"", ""CD150"", ""CD25"", ""TCRb"", ""CD43"", ""CD64"", ""CD138"", ""CD103"", ""IgM"", ""CD44"", ""MHCII""], ""transform"": {""cofactor"": 5.0, ""name"": ""arcsinh""}}","{""eps"": 4.428896427154541, ""eps_quantile"": 0.05, ""geometry_profile"": ""high_dim"", ""knn_backend"": ""faiss_hnsw"", ""min_samples"": 5}",native_target_discovery_v1
ok,cytometry,samusik_03,HDBSCAN,42,0.2.4,84556.0,39.0,2.930215700002009,1565.8536681000005,1579.4238466999996,230.88671875,31.99609375,240.71484375,,0.0830804350960325,0.0317836391601616,0.1616014762210976,0.0972801938871684,0.4769763987456676,0.0,0.0,0.0972801938871684,heterogeneous_biological_background,0.5197511675386833,0.4683593267340442,0.0833333333333333,2.0,0.0,0.1,0.9,full_partition,target-discovery-v1,0.0,0.05,0.0672453443292675,0.0391492800469719,0.24419319956149,0.0337597877115314,2.0,pairwise_f1,hungarian,0.9583333333333334,1.0,2.0,0.1383373272404236,0.0745885338540288,0.9519027182391968,0.0716566535786934,2.0,macro,0.0,0.0,0.9422221411901984,0.7751171772469908,0.6583563703071454,0.9422221411901984,0.0,0.0630292165887108,0.0770020076617377,24.0,0.0,0.0,24.0,0.0,0.0,0.2629448658109685,0.0,0.0868169787427707,0.0541282999023672,"{""background_labels"": [""unassigned""], ""dataset_id"": ""samusik_03"", ""dimension"": 39, ""n"": 84556, ""selected_features"": [""Ter119"", ""CD45.2"", ""Ly6G"", ""IgD"", ""CD11c"", ""F480"", ""CD3"", ""NKp46"", ""CD23"", ""CD34"", ""CD115"", ""CD19"", ""120g8"", ""CD8"", ""Ly6C"", ""CD4"", ""CD11b"", ""CD27"", ""CD16_32"", ""SiglecF"", ""Foxp3"", ""B220"", ""CD5"", ""FceR1a"", ""TCRgd"", ""CCR7"", ""Sca1"", ""CD49b"", ""cKit"", ""CD150"", ""CD25"", ""TCRb"", ""CD43"", ""CD64"", ""CD138"", ""CD103"", ""IgM"", ""CD44"", ""MHCII""], ""transform"": {""cofactor"": 5.0, ""name"": ""arcsinh""}}","{""geometry_profile"": ""high_dim"", ""knn_backend"": ""faiss_hnsw"", ""min_cluster_size"": 8, ""min_samples"": 5}",native_target_discovery_v1
ok,cytometry,samusik_03,OPTICS,42,0.2.4,84556.0,39.0,2.5908540000018547,262.3928076000011,278.5023911999997,243.875,46.1796875,248.5,,0.0980075164903311,0.0231813494226634,0.4835212276415584,0.8294062205466541,0.3412222514575341,2.0,0.0,0.8294062205466541,heterogeneous_biological_background,0.4810409895031987,0.3500605855440242,0.2916666666666667,7.0,0.0,0.1,0.9,full_partition,target-discovery-v1,0.0,0.05,0.0153779774605069,0.0159098652817138,0.9370797172557156,0.0716470240387578,3.0,pairwise_f1,hungarian,0.2083333333333333,1.0,7.0,0.0641980340755496,0.1348279863391664,0.0421287769175656,0.854002081460807,7.0,macro,0.0,0.0,0.1326757584597433,0.2165999434464899,0.589469420818145,0.1326757584597433,2.0,0.0308060819665783,0.0372675224240888,24.0,0.0,0.0,24.0,4.0,0.0,0.0759553675612602,0.0,0.0757655855798047,0.3336333547348482,"{""background_labels"": [""unassigned""], ""dataset_id"": ""samusik_03"", ""dimension"": 39, ""n"": 84556, ""selected_features"": [""Ter119"", ""CD45.2"", ""Ly6G"", ""IgD"", ""CD11c"", ""F480"", ""CD3"", ""NKp46"", ""CD23"", ""CD34"", ""CD115"", ""CD19"", ""120g8"", ""CD8"", ""Ly6C"", ""CD4"", ""CD11b"", ""CD27"", ""CD16_32"", ""SiglecF"", ""Foxp3"", ""B220"", ""CD5"", ""FceR1a"", ""TCRgd"", ""CCR7"", ""Sca1"", ""CD49b"", ""cKit"", ""CD150"", ""CD25"", ""TCRb"", ""CD43"", ""CD64"", ""CD138"", ""CD103"", ""IgM"", ""CD44"", ""MHCII""], ""transform"": {""cofactor"": 5.0, ""name"": ""arcsinh""}}","{""geometry_profile"": ""high_dim"", ""knn_backend"": ""faiss_hnsw"", ""max_eps"": 4.909793853759766, ""max_eps_quantile"": 0.1, ""min_cluster_size"": 8, ""min_samples"": 5, ""xi"": 0.03}",native_target_discovery_v1
ok,cytometry,samusik_03,SNN-DBSCAN,42,0.2.4,84556.0,39.0,1.1147964000010688,7.26800760000333,12.707373299999745,341.50390625,103.984375,341.50390625,,0.0096179231865977,0.001469737911958,0.5152853021881376,0.9860980207351556,0.3487666079337111,39.0,28.0,0.9860980207351556,heterogeneous_biological_background,0.4943890774620935,0.2602956975855501,2.125,23.0,0.0,0.1,0.9,full_partition,target-discovery-v1,0.0,0.05,0.0484323759122614,0.0521008243030276,0.9477517168342752,0.3255554052429052,16.0,pairwise_f1,hungarian,0.0833333333333333,0.0,51.0,6.85405576639743e-06,0.2082800920010222,3.42708427223353e-06,0.993377170159421,51.0,macro,1.0,1.0,0.0026801341890315,0.0053060929829627,0.2625,0.0026801341890315,39.0,0.0946332232734093,2.055918919437084e-05,24.0,0.0,0.0416666666666666,24.0,35.0,0.0,0.0018232205367561,0.0,0.0029617722129884,0.3572548457676448,"{""background_labels"": [""unassigned""], ""dataset_id"": ""samusik_03"", ""dimension"": 39, ""n"": 84556, ""selected_features"": [""Ter119"", ""CD45.2"", ""Ly6G"", ""IgD"", ""CD11c"", ""F480"", ""CD3"", ""NKp46"", ""CD23"", ""CD34"", ""CD115"", ""CD19"", ""120g8"", ""CD8"", ""Ly6C"", ""CD4"", ""CD11b"", ""CD27"", ""CD16_32"", ""SiglecF"", ""Foxp3"", ""B220"", ""CD5"", ""FceR1a"", ""TCRgd"", ""CCR7"", ""Sca1"", ""CD49b"", ""cKit"", ""CD150"", ""CD25"", ""TCRb"", ""CD43"", ""CD64"", ""CD138"", ""CD103"", ""IgM"", ""CD44"", ""MHCII""], ""transform"": {""cofactor"": 5.0, ""name"": ""arcsinh""}}","{""eps"": 13, ""geometry_profile"": ""high_dim"", ""k"": 20, ""knn_backend"": ""faiss_hnsw"", ""min_samples"": 5}",native_target_discovery_v1
ok,cytometry,samusik_03,StrataSCAN,42,0.2.4,84556.0,39.0,1.2713113999998311,12.443781999998464,16.987744800000655,484.828125,289.296875,484.890625,,0.0330423920079574,0.0042125175860519,0.5032989112235385,0.9359431802881378,0.3441937041209165,1.0,0.0,0.9359431802881378,heterogeneous_biological_background,0.4850187021627387,0.2835492867303104,0.0416666666666666,1.0,0.0,0.1,0.9,full_partition,target-discovery-v1,0.0,0.05,0.0051501396648044,0.0054839509232866,0.980557965825371,0.0058640339252584,1.0,pairwise_f1,hungarian,0.1666666666666666,1.0,1.0,0.0054313898770061,0.0934737779371709,0.0027969549073712,0.9553786839490988,1.0,macro,0.0,0.0,0.0340942240373395,0.0637996622370822,0.4956268221574344,0.0340942240373395,1.0,0.0108496835653909,0.0081421707825923,24.0,0.0,0.0,24.0,0.0,0.0,0.009681301050175,0.0,0.0103088038942996,0.0110232889773527,"{""background_labels"": [""unassigned""], ""dataset_id"": ""samusik_03"", ""dimension"": 39, ""n"": 84556, ""selected_features"": [""Ter119"", ""CD45.2"", ""Ly6G"", ""IgD"", ""CD11c"", ""F480"", ""CD3"", ""NKp46"", ""CD23"", ""CD34"", ""CD115"", ""CD19"", ""120g8"", ""CD8"", ""Ly6C"", ""CD4"", ""CD11b"", ""CD27"", ""CD16_32"", ""SiglecF"", ""Foxp3"", ""B220"", ""CD5"", ""FceR1a"", ""TCRgd"", ""CCR7"", ""Sca1"", ""CD49b"", ""cKit"", ""CD150"", ""CD25"", ""TCRb"", ""CD43"", ""CD64"", ""CD138"", ""CD103"", ""IgM"", ""CD44"", ""MHCII""], ""transform"": {""cofactor"": 5.0, ""name"": ""arcsinh""}}","{""ambiguous_model_confirmation_tolerance"": 1e-05, ""assignment"": ""maximum_posterior_basis_then_semantic_role"", ""background_model"": ""adaptive_gamma_basis_mixture_with_largest_rate_gap"", ""background_scan"": ""adaptive_dyadic_rank_windows_with_poisson_beta_boundary_code"", ""border_rule"": ""strict_local_core_radius"", ""component_initialization"": ""compiled_split_warm_single_start_with_guarded_confirmation"", ""component_selection"": ""semantic_icl_with_adaptive_bound"", ""connectivity"": ""density_ordered_non_merging_knn_watershed"", ""core_thresholds"": ""observed_d4_event_sweep"", ""duplicate_profile_confirmation_minimum"": 3, ""duplicate_profile_confirmation_tolerance"": 1e-08, ""extraction_objective"": ""gamma_topology_description_length"", ""fit_samples"": ""all_rows"", ""gamma_tolerance"": 0.0001, ""geometry_profile"": ""high_dim"", ""hard_component_bound"": 24, ""initial_component_bound"": 8, ""k"": 32, ""knn_backend"": ""faiss_hnsw"", ""shell_ranks"": [4, 8, 16, 32], ""stratification_model"": ""adaptive_gamma_density_basis_with_semantic_background"", ""version"": ""0.2.3""}",native_target_discovery_v1
ok,cytometry,samusik_03,VDBSCAN-2007,42,0.2.4,84556.0,39.0,1.172971600000892,65.043937800001,69.39957579999827,5516.74609375,5316.63671875,5529.9375,,0.0846096875762469,0.0327667758436903,0.1681528662420381,0.1021946950316413,0.4742268041237113,0.0,0.0,0.1021946950316413,heterogeneous_biological_background,0.5204125458822151,0.4711533191828829,0.375,9.0,0.0,0.1,0.9,full_partition,target-discovery-v1,0.0,0.05,0.0678428635240935,0.0407198755640402,0.2438103434353826,0.1318000073562006,5.0,pairwise_f1,hungarian,0.9583333333333334,1.0,9.0,0.1386357679700732,0.0748017014064784,0.9455266763083372,0.075713136856048,9.0,macro,0.0,0.0,0.9386303967327888,0.7741537721237276,0.6587250812498401,0.9386303967327888,0.0,0.065563019184854,0.0795373107458332,24.0,0.0,0.0,24.0,4.0,0.0,0.2623614352392065,0.0,0.0875599293465315,0.1166023498126033,"{""background_labels"": [""unassigned""], ""dataset_id"": ""samusik_03"", ""dimension"": 39, ""n"": 84556, ""selected_features"": [""Ter119"", ""CD45.2"", ""Ly6G"", ""IgD"", ""CD11c"", ""F480"", ""CD3"", ""NKp46"", ""CD23"", ""CD34"", ""CD115"", ""CD19"", ""120g8"", ""CD8"", ""Ly6C"", ""CD4"", ""CD11b"", ""CD27"", ""CD16_32"", ""SiglecF"", ""Foxp3"", ""B220"", ""CD5"", ""FceR1a"", ""TCRgd"", ""CCR7"", ""Sca1"", ""CD49b"", ""cKit"", ""CD150"", ""CD25"", ""TCRb"", ""CD43"", ""CD64"", ""CD138"", ""CD103"", ""IgM"", ""CD44"", ""MHCII""], ""transform"": {""cofactor"": 5.0, ""name"": ""arcsinh""}}","{""eps_values"": [10.4168701171875], ""geometry_profile"": ""high_dim"", ""knee_prominence"": 0.08, ""knn_backend"": ""faiss_hnsw"", ""max_eps_values"": 7, ""min_samples"": 5}",native_target_discovery_v1
ok,cytometry,samusik_03,kNN+Leiden,42,0.2.4,84556.0,39.0,1.2564304999978049,22.555049000002327,27.946839799999,620.734375,394.5859375,704.296875,,0.831068141896373,0.8524882061695113,0.0,0.0,0.0,4.0,0.0,0.0,heterogeneous_biological_background,0.5,0.393446386043442,0.5833333333333334,14.0,0.0,0.1,0.9,full_partition,target-discovery-v1,11.0,0.05,0.5109605569262641,0.3179776769646023,0.0,0.2531236442349804,14.0,pairwise_f1,hungarian,1.4583333333333333,11.0,14.0,0.5950229014694786,0.450188179363191,0.8772531318241421,0.0,14.0,macro,3.0,1.0,1.0,0.7868927720868841,0.6486588769572827,1.0,4.0,0.0,0.0,24.0,0.0,0.125,24.0,0.0,0.0,0.8595208576429405,0.0,0.7029724892074698,0.614651484508324,"{""background_labels"": [""unassigned""], ""dataset_id"": ""samusik_03"", ""dimension"": 39, ""n"": 84556, ""selected_features"": [""Ter119"", ""CD45.2"", ""Ly6G"", ""IgD"", ""CD11c"", ""F480"", ""CD3"", ""NKp46"", ""CD23"", ""CD34"", ""CD115"", ""CD19"", ""120g8"", ""CD8"", ""Ly6C"", ""CD4"", ""CD11b"", ""CD27"", ""CD16_32"", ""SiglecF"", ""Foxp3"", ""B220"", ""CD5"", ""FceR1a"", ""TCRgd"", ""CCR7"", ""Sca1"", ""CD49b"", ""cKit"", ""CD150"", ""CD25"", ""TCRb"", ""CD43"", ""CD64"", ""CD138"", ""CD103"", ""IgM"", ""CD44"", ""MHCII""], ""transform"": {""cofactor"": 5.0, ""name"": ""arcsinh""}}","{""edge_rank"": 15, ""geometry_profile"": ""high_dim"", ""k"": 20, ""knn_backend"": ""faiss_hnsw"", ""resolution"": 0.5, ""symmetrization"": ""union"", ""weights"": ""1/(1+d)""}",native_target_discovery_v1
ok,cytometry,samusik_03,kNN-DBSCAN,42,0.2.4,84556.0,39.0,1.309992599999532,6.9268416999984765,11.501656399999774,240.0859375,40.73046875,247.26953125,,0.0611846560389939,0.0088968511690335,0.495563698591916,0.8967954759660698,0.3423805484874187,3.0,1.0,0.8967954759660698,heterogeneous_biological_background,0.4819085314486125,0.3074668630968997,0.9583333333333334,22.0,0.0,0.1,0.9,full_partition,target-discovery-v1,0.0,0.05,0.0073237309042526,0.0096057848988969,0.9647901506867844,0.1565489309147217,6.0,pairwise_f1,hungarian,0.1666666666666666,1.0,23.0,0.0196274525438588,0.1173389949938313,0.0107094154851268,0.920265859312172,23.0,macro,0.0,0.0,0.0670215869311551,0.1193700276018834,0.545238801542569,0.0670215869311551,3.0,0.0188462622860008,0.0190996567901105,24.0,0.0,0.0,24.0,17.0,0.0,0.0368837514585764,0.0,0.0478261715899219,0.5930544778544216,"{""background_labels"": [""unassigned""], ""dataset_id"": ""samusik_03"", ""dimension"": 39, ""n"": 84556, ""selected_features"": [""Ter119"", ""CD45.2"", ""Ly6G"", ""IgD"", ""CD11c"", ""F480"", ""CD3"", ""NKp46"", ""CD23"", ""CD34"", ""CD115"", ""CD19"", ""120g8"", ""CD8"", ""Ly6C"", ""CD4"", ""CD11b"", ""CD27"", ""CD16_32"", ""SiglecF"", ""Foxp3"", ""B220"", ""CD5"", ""FceR1a"", ""TCRgd"", ""CCR7"", ""Sca1"", ""CD49b"", ""cKit"", ""CD150"", ""CD25"", ""TCRb"", ""CD43"", ""CD64"", ""CD138"", ""CD103"", ""IgM"", ""CD44"", ""MHCII""], ""transform"": {""cofactor"": 5.0, ""name"": ""arcsinh""}}","{""eps"": 4.428896427154541, ""eps_quantile"": 0.05, ""geometry_profile"": ""high_dim"", ""k"": 4, ""knn_backend"": ""faiss_hnsw"", ""min_samples"": 5}",native_target_discovery_v1
error,cytometry,samusik_04,AMD-DBSCAN,42,,,,,,4.3892081000012695,,,245.2578125,MemoryError,,,,,,,,,,,,,,,,,,,,,,,,,,,,,,,,,,,,,,,,,,,,,,,,,,,,,,,,{},{},native_target_discovery_v1
ok,cytometry,samusik_04,DBSCAN,42,0.2.4,80713.0,39.0,1.2625816999970991,33.25915140000143,37.69407779999892,239.69140625,42.94140625,247.22265625,,0.0498663710237745,0.0035598967238024,0.508314134510647,0.8911346199344307,0.3555669435753587,4.0,4.0,0.8911346199344307,heterogeneous_biological_background,0.4782317077296062,0.3120557272653778,0.5,8.0,0.0,0.1,0.9,full_partition,target-discovery-v1,0.0,0.05,0.0086743633887133,0.0076739914543686,0.9662089489008358,0.0900554187192118,3.0,pairwise_f1,hungarian,0.1666666666666666,1.0,12.0,0.0187124850960159,0.0818061894377841,0.010564514995058,0.918711979482859,12.0,macro,0.0,0.0,0.0653287955247819,0.1157973200201085,0.5090687395214144,0.0653287955247819,4.0,0.0151197212806946,0.0161535381324544,24.0,0.0,0.0,24.0,9.0,0.0,0.02073309079529,0.0,0.0184401640210933,0.3415276640017544,"{""background_labels"": [""unassigned""], ""dataset_id"": ""samusik_04"", ""dimension"": 39, ""n"": 80713, ""selected_features"": [""Ter119"", ""CD45.2"", ""Ly6G"", ""IgD"", ""CD11c"", ""F480"", ""CD3"", ""NKp46"", ""CD23"", ""CD34"", ""CD115"", ""CD19"", ""120g8"", ""CD8"", ""Ly6C"", ""CD4"", ""CD11b"", ""CD27"", ""CD16_32"", ""SiglecF"", ""Foxp3"", ""B220"", ""CD5"", ""FceR1a"", ""TCRgd"", ""CCR7"", ""Sca1"", ""CD49b"", ""cKit"", ""CD150"", ""CD25"", ""TCRb"", ""CD43"", ""CD64"", ""CD138"", ""CD103"", ""IgM"", ""CD44"", ""MHCII""], ""transform"": {""cofactor"": 5.0, ""name"": ""arcsinh""}}","{""eps"": 4.370584964752197, ""eps_quantile"": 0.05, ""geometry_profile"": ""high_dim"", ""knn_backend"": ""faiss_hnsw"", ""min_samples"": 5}",native_target_discovery_v1
ok,cytometry,samusik_04,HDBSCAN,42,0.2.4,80713.0,39.0,1.1675723000007563,829.808069900002,834.0435505999994,236.671875,39.33984375,246.94140625,,0.0003245490439894,8.015194310583743e-05,0.0006754474839581,0.0003379862777571,0.4347826086956521,1.0,1.0,0.0003379862777571,heterogeneous_biological_background,0.5000418562613602,0.3880979349454748,0.0833333333333333,1.0,0.0,0.1,0.9,full_partition,target-discovery-v1,0.0,0.05,0.0416666666666666,0.00888596073568,0.0013973512156516,0.0049732898699817,1.0,pairwise_f1,hungarian,1.0,1.0,2.0,0.0955633633006647,0.0501799091509932,0.9997718913800414,0.0002849602914028,2.0,macro,0.0,0.0,0.9997457262449634,0.7755204224069916,0.6334490023546908,0.9997457262449634,1.0,0.0012554635642767,0.0018709058348973,24.0,0.0,0.0,24.0,1.0,0.0,0.1883581739232484,0.0,0.040169840105433,0.0224822351592181,"{""background_labels"": [""unassigned""], ""dataset_id"": ""samusik_04"", ""dimension"": 39, ""n"": 80713, ""selected_features"": [""Ter119"", ""CD45.2"", ""Ly6G"", ""IgD"", ""CD11c"", ""F480"", ""CD3"", ""NKp46"", ""CD23"", ""CD34"", ""CD115"", ""CD19"", ""120g8"", ""CD8"", ""Ly6C"", ""CD4"", ""CD11b"", ""CD27"", ""CD16_32"", ""SiglecF"", ""Foxp3"", ""B220"", ""CD5"", ""FceR1a"", ""TCRgd"", ""CCR7"", ""Sca1"", ""CD49b"", ""cKit"", ""CD150"", ""CD25"", ""TCRb"", ""CD43"", ""CD64"", ""CD138"", ""CD103"", ""IgM"", ""CD44"", ""MHCII""], ""transform"": {""cofactor"": 5.0, ""name"": ""arcsinh""}}","{""geometry_profile"": ""high_dim"", ""knn_backend"": ""faiss_hnsw"", ""min_cluster_size"": 8, ""min_samples"": 5}",native_target_discovery_v1
ok,cytometry,samusik_04,OPTICS,42,0.2.4,80713.0,39.0,1.1956859000019904,104.08433349999903,108.5281243999998,241.90234375,43.98046875,245.98046875,,0.0011211851309009,0.0001393148075133,0.536028231110466,0.9985466590056444,0.3663417900453835,4.0,2.0,0.9985466590056444,heterogeneous_biological_background,0.4995080437382405,0.2684829296509101,0.2083333333333333,3.0,0.0,0.1,0.9,full_partition,target-discovery-v1,0.0,0.05,0.0011156292867604,0.0021270245074803,0.9988843707132397,0.0657407407407407,3.0,pairwise_f1,hungarian,0.0,0.0,5.0,1.469175081514884e-06,0.2033898305084746,7.345901938930616e-07,0.9991698982815655,5.0,macro,0.0,0.0,0.0004694284708367,0.0009376281913542,0.3582089552238806,0.0004694284708367,4.0,0.0042372351561041,4.404470923182159e-06,24.0,0.0,0.0,24.0,2.0,0.0,0.0004694284708367,0.0,0.0009105735931849,0.1487462347924734,"{""background_labels"": [""unassigned""], ""dataset_id"": ""samusik_04"", ""dimension"": 39, ""n"": 80713, ""selected_features"": [""Ter119"", ""CD45.2"", ""Ly6G"", ""IgD"", ""CD11c"", ""F480"", ""CD3"", ""NKp46"", ""CD23"", ""CD34"", ""CD115"", ""CD19"", ""120g8"", ""CD8"", ""Ly6C"", ""CD4"", ""CD11b"", ""CD27"", ""CD16_32"", ""SiglecF"", ""Foxp3"", ""B220"", ""CD5"", ""FceR1a"", ""TCRgd"", ""CCR7"", ""Sca1"", ""CD49b"", ""cKit"", ""CD150"", ""CD25"", ""TCRb"", ""CD43"", ""CD64"", ""CD138"", ""CD103"", ""IgM"", ""CD44"", ""MHCII""], ""transform"": {""cofactor"": 5.0, ""name"": ""arcsinh""}}","{""geometry_profile"": ""high_dim"", ""knn_backend"": ""faiss_hnsw"", ""max_eps"": 4.838840484619141, ""max_eps_quantile"": 0.1, ""min_cluster_size"": 8, ""min_samples"": 5, ""xi"": 0.03}",native_target_discovery_v1
ok,cytometry,samusik_04,SNN-DBSCAN,42,0.2.4,80713.0,39.0,1.1712547000024642,7.139785600000323,12.174376200000552,340.5546875,103.96484375,339.28125,,0.0106841571350465,0.0014887331236532,0.5319554182500843,0.9864467502619394,0.3641694949091635,24.0,19.0,0.9864467502619394,heterogeneous_biological_background,0.4948663747788983,0.2692275398630245,1.75,23.0,1.0,0.1,0.9,full_partition,target-discovery-v1,1.0,0.05,0.0368612796762314,0.0520428525603005,0.9548347161494768,0.3428703241203241,13.0,pairwise_f1,hungarian,0.1666666666666666,0.0,42.0,9.304404039484976e-06,0.1068616422947131,4.652404561322723e-06,0.9929503301822508,42.0,macro,0.0,0.0,0.0032859992958572,0.0064996614759647,0.2952548330404217,0.0032859992958572,24.0,0.0948101348390152,2.790773454290977e-05,24.0,0.0416666666666666,0.0,24.0,29.0,0.0,0.0020146305206744,0.00119313069671,0.0035443056568679,0.2376557338005525,"{""background_labels"": [""unassigned""], ""dataset_id"": ""samusik_04"", ""dimension"": 39, ""n"": 80713, ""selected_features"": [""Ter119"", ""CD45.2"", ""Ly6G"", ""IgD"", ""CD11c"", ""F480"", ""CD3"", ""NKp46"", ""CD23"", ""CD34"", ""CD115"", ""CD19"", ""120g8"", ""CD8"", ""Ly6C"", ""CD4"", ""CD11b"", ""CD27"", ""CD16_32"", ""SiglecF"", ""Foxp3"", ""B220"", ""CD5"", ""FceR1a"", ""TCRgd"", ""CCR7"", ""Sca1"", ""CD49b"", ""cKit"", ""CD150"", ""CD25"", ""TCRb"", ""CD43"", ""CD64"", ""CD138"", ""CD103"", ""IgM"", ""CD44"", ""MHCII""], ""transform"": {""cofactor"": 5.0, ""name"": ""arcsinh""}}","{""eps"": 13, ""geometry_profile"": ""high_dim"", ""k"": 20, ""knn_backend"": ""faiss_hnsw"", ""min_samples"": 5}",native_target_discovery_v1
ok,cytometry,samusik_04,StrataSCAN,42,0.2.4,80713.0,39.0,1.2108678000004147,12.476537300000928,17.17575819999911,480.15625,281.46875,474.46875,,0.3582508754489468,0.1545013609708305,0.3608446037067006,0.3165241491195457,0.419597652224562,156.0,74.0,0.3165241491195457,heterogeneous_biological_background,0.5315750659927032,0.528961381473511,17.041666666666668,335.0,2.0,0.1,0.9,full_partition,target-discovery-v1,1.0,0.05,0.2270985981486822,0.2020834725757677,0.28602845919492,0.5449068010189855,21.0,pairwise_f1,hungarian,1.0416666666666667,3.0,409.0,0.1543077666916614,0.0909394673574718,0.5089616116448511,0.2765229888617694,409.0,macro,1.0,0.0,0.7466259828658608,0.6970781592403213,0.6536972976675686,0.7466259828658608,156.0,0.2590765451204333,0.2112634186393408,24.0,0.0833333333333333,0.0416666666666666,24.0,388.0,0.0,0.3467120447521808,0.2305089387004655,0.2764832482742134,0.7175404967507563,"{""background_labels"": [""unassigned""], ""dataset_id"": ""samusik_04"", ""dimension"": 39, ""n"": 80713, ""selected_features"": [""Ter119"", ""CD45.2"", ""Ly6G"", ""IgD"", ""CD11c"", ""F480"", ""CD3"", ""NKp46"", ""CD23"", ""CD34"", ""CD115"", ""CD19"", ""120g8"", ""CD8"", ""Ly6C"", ""CD4"", ""CD11b"", ""CD27"", ""CD16_32"", ""SiglecF"", ""Foxp3"", ""B220"", ""CD5"", ""FceR1a"", ""TCRgd"", ""CCR7"", ""Sca1"", ""CD49b"", ""cKit"", ""CD150"", ""CD25"", ""TCRb"", ""CD43"", ""CD64"", ""CD138"", ""CD103"", ""IgM"", ""CD44"", ""MHCII""], ""transform"": {""cofactor"": 5.0, ""name"": ""arcsinh""}}","{""ambiguous_model_confirmation_tolerance"": 1e-05, ""assignment"": ""maximum_posterior_basis_then_semantic_role"", ""background_model"": ""adaptive_gamma_basis_mixture_with_largest_rate_gap"", ""background_scan"": ""adaptive_dyadic_rank_windows_with_poisson_beta_boundary_code"", ""border_rule"": ""strict_local_core_radius"", ""component_initialization"": ""compiled_split_warm_single_start_with_guarded_confirmation"", ""component_selection"": ""semantic_icl_with_adaptive_bound"", ""connectivity"": ""density_ordered_non_merging_knn_watershed"", ""core_thresholds"": ""observed_d4_event_sweep"", ""duplicate_profile_confirmation_minimum"": 3, ""duplicate_profile_confirmation_tolerance"": 1e-08, ""extraction_objective"": ""gamma_topology_description_length"", ""fit_samples"": ""all_rows"", ""gamma_tolerance"": 0.0001, ""geometry_profile"": ""high_dim"", ""hard_component_bound"": 24, ""initial_component_bound"": 8, ""k"": 32, ""knn_backend"": ""faiss_hnsw"", ""shell_ranks"": [4, 8, 16, 32], ""stratification_model"": ""adaptive_gamma_density_basis_with_semantic_background"", ""version"": ""0.2.3""}",native_target_discovery_v1
ok,cytometry,samusik_04,VDBSCAN-2007,42,0.2.4,80713.0,39.0,1.2269124999984342,61.82769769999868,66.34083999999712,4467.48828125,4271.953125,4481.46875,,0.0782954228279598,0.0216501782669461,0.0048447330350233,0.0024335011998512,0.5294117647058824,3.0,2.0,0.0024335011998512,heterogeneous_biological_background,0.5005908459721433,0.3901280376108049,0.4166666666666667,8.0,0.0,0.1,0.9,full_partition,target-discovery-v1,14.0,0.05,0.0823864891014883,0.046427206598007,0.007084678272072,0.0807629257132815,5.0,pairwise_f1,hungarian,1.5833333333333333,2.0,10.0,0.1047621931417844,0.0554754168579776,0.9390957942770856,0.001684982592643,10.0,macro,0.0,0.0,0.9987481907444352,0.7754113421865865,0.6337044069647666,0.9987481907444352,3.0,0.0087738994521797,0.0126318850271942,24.0,0.0,0.0,24.0,5.0,0.0,0.2117709189062316,0.0,0.0623575674086678,0.1155919668464565,"{""background_labels"": [""unassigned""], ""dataset_id"": ""samusik_04"", ""dimension"": 39, ""n"": 80713, ""selected_features"": [""Ter119"", ""CD45.2"", ""Ly6G"", ""IgD"", ""CD11c"", ""F480"", ""CD3"", ""NKp46"", ""CD23"", ""CD34"", ""CD115"", ""CD19"", ""120g8"", ""CD8"", ""Ly6C"", ""CD4"", ""CD11b"", ""CD27"", ""CD16_32"", ""SiglecF"", ""Foxp3"", ""B220"", ""CD5"", ""FceR1a"", ""TCRgd"", ""CCR7"", ""Sca1"", ""CD49b"", ""cKit"", ""CD150"", ""CD25"", ""TCRb"", ""CD43"", ""CD64"", ""CD138"", ""CD103"", ""IgM"", ""CD44"", ""MHCII""], ""transform"": {""cofactor"": 5.0, ""name"": ""arcsinh""}}","{""eps_values"": [10.327920913696289, 18.184101104736328], ""geometry_profile"": ""high_dim"", ""knee_prominence"": 0.08, ""knn_backend"": ""faiss_hnsw"", ""max_eps_values"": 7, ""min_samples"": 5}",native_target_discovery_v1
ok,cytometry,samusik_04,kNN+Leiden,42,0.2.4,80713.0,39.0,1.1718550000005052,22.43737130000227,27.66335510000136,609.91015625,384.21875,678.8203125,,0.8374861886081528,0.8277544581116247,0.0,0.0,0.0,4.0,0.0,0.0,heterogeneous_biological_background,0.5,0.3877911695325359,0.5416666666666666,13.0,0.0,0.1,0.9,full_partition,target-discovery-v1,13.0,0.05,0.4727656873572383,0.3109619016832572,0.0,0.2511060249204215,13.0,pairwise_f1,hungarian,1.5416666666666667,11.0,13.0,0.5232780102934884,0.372277490854297,0.8803655592603183,0.0,13.0,macro,3.0,1.0,1.0,0.7755823390650718,0.633429559054923,1.0,4.0,0.0,0.0,24.0,0.0,0.125,24.0,0.0,0.0,0.8469076399483628,0.0,0.6756038921346089,0.5850668809002293,"{""background_labels"": [""unassigned""], ""dataset_id"": ""samusik_04"", ""dimension"": 39, ""n"": 80713, ""selected_features"": [""Ter119"", ""CD45.2"", ""Ly6G"", ""IgD"", ""CD11c"", ""F480"", ""CD3"", ""NKp46"", ""CD23"", ""CD34"", ""CD115"", ""CD19"", ""120g8"", ""CD8"", ""Ly6C"", ""CD4"", ""CD11b"", ""CD27"", ""CD16_32"", ""SiglecF"", ""Foxp3"", ""B220"", ""CD5"", ""FceR1a"", ""TCRgd"", ""CCR7"", ""Sca1"", ""CD49b"", ""cKit"", ""CD150"", ""CD25"", ""TCRb"", ""CD43"", ""CD64"", ""CD138"", ""CD103"", ""IgM"", ""CD44"", ""MHCII""], ""transform"": {""cofactor"": 5.0, ""name"": ""arcsinh""}}","{""edge_rank"": 15, ""geometry_profile"": ""high_dim"", ""k"": 20, ""knn_backend"": ""faiss_hnsw"", ""resolution"": 0.5, ""symmetrization"": ""union"", ""weights"": ""1/(1+d)""}",native_target_discovery_v1
ok,cytometry,samusik_04,kNN-DBSCAN,42,0.2.4,80713.0,39.0,1.2079497000013362,6.5788638000012725,11.061905500002467,239.66015625,42.515625,247.1796875,,0.0497923885860226,0.0035759355870509,0.5083566265060241,0.8913036130733092,0.3555816242600758,4.0,4.0,0.8913036130733092,heterogeneous_biological_background,0.478257525740191,0.3119839863232665,0.5,8.0,0.0,0.1,0.9,full_partition,target-discovery-v1,0.0,0.05,0.0086743633887133,0.0076818337955337,0.966234909440815,0.0900678593460826,3.0,pairwise_f1,hungarian,0.1666666666666666,1.0,12.0,0.0186449755106587,0.0817784719092976,0.0105219577364918,0.9188482648396168,12.0,macro,0.0,0.0,0.0652114384070727,0.115611346140509,0.5090076335877862,0.0652114384070727,4.0,0.015134961496457,0.016148295127466,24.0,0.0,0.0,24.0,9.0,0.0,0.02073309079529,0.0,0.0184588288114734,0.3415572727229069,"{""background_labels"": [""unassigned""], ""dataset_id"": ""samusik_04"", ""dimension"": 39, ""n"": 80713, ""selected_features"": [""Ter119"", ""CD45.2"", ""Ly6G"", ""IgD"", ""CD11c"", ""F480"", ""CD3"", ""NKp46"", ""CD23"", ""CD34"", ""CD115"", ""CD19"", ""120g8"", ""CD8"", ""Ly6C"", ""CD4"", ""CD11b"", ""CD27"", ""CD16_32"", ""SiglecF"", ""Foxp3"", ""B220"", ""CD5"", ""FceR1a"", ""TCRgd"", ""CCR7"", ""Sca1"", ""CD49b"", ""cKit"", ""CD150"", ""CD25"", ""TCRb"", ""CD43"", ""CD64"", ""CD138"", ""CD103"", ""IgM"", ""CD44"", ""MHCII""], ""transform"": {""cofactor"": 5.0, ""name"": ""arcsinh""}}","{""eps"": 4.370584964752197, ""eps_quantile"": 0.05, ""geometry_profile"": ""high_dim"", ""k"": 4, ""knn_backend"": ""faiss_hnsw"", ""min_samples"": 5}",native_target_discovery_v1
error,cytometry,samusik_05,AMD-DBSCAN,42,,,,,,4.367072900000494,,,250.7265625,MemoryError,,,,,,,,,,,,,,,,,,,,,,,,,,,,,,,,,,,,,,,,,,,,,,,,,,,,,,,,{},{},native_target_discovery_v1
ok,cytometry,samusik_05,DBSCAN,42,0.2.4,84610.0,39.0,1.3002584999994724,36.36293880000085,40.92122930000187,243.3671875,46.93359375,250.3203125,,0.0564776279615435,0.011286140299164,0.548662210322878,0.8880470655761228,0.3969571408412761,6.0,2.0,0.8880470655761228,heterogeneous_biological_background,0.4717136764633352,0.323177299908169,0.5833333333333334,12.0,0.0,0.1,0.9,full_partition,target-discovery-v1,0.0,0.05,0.0145247127571988,0.0080142329444888,0.9687089208385858,0.1036132932589715,4.0,pairwise_f1,hungarian,0.1666666666666666,1.0,14.0,0.0126059991997007,0.0547358610349688,0.0071232650720635,0.9213213568136154,14.0,macro,0.0,0.0,0.0553802873505475,0.09769238949346,0.4140003004356317,0.0553802873505475,6.0,0.0157977109128499,0.0145682035642956,24.0,0.0,0.0,24.0,10.0,0.0,0.0174218828493921,0.0,0.0098878200042929,0.3654341170302356,"{""background_labels"": [""unassigned""], ""dataset_id"": ""samusik_05"", ""dimension"": 39, ""n"": 84610, ""selected_features"": [""Ter119"", ""CD45.2"", ""Ly6G"", ""IgD"", ""CD11c"", ""F480"", ""CD3"", ""NKp46"", ""CD23"", ""CD34"", ""CD115"", ""CD19"", ""120g8"", ""CD8"", ""Ly6C"", ""CD4"", ""CD11b"", ""CD27"", ""CD16_32"", ""SiglecF"", ""Foxp3"", ""B220"", ""CD5"", ""FceR1a"", ""TCRgd"", ""CCR7"", ""Sca1"", ""CD49b"", ""cKit"", ""CD150"", ""CD25"", ""TCRb"", ""CD43"", ""CD64"", ""CD138"", ""CD103"", ""IgM"", ""CD44"", ""MHCII""], ""transform"": {""cofactor"": 5.0, ""name"": ""arcsinh""}}","{""eps"": 4.320265293121338, ""eps_quantile"": 0.05, ""geometry_profile"": ""high_dim"", ""knn_backend"": ""faiss_hnsw"", ""min_samples"": 5}",native_target_discovery_v1
ok,cytometry,samusik_05,HDBSCAN,42,0.2.4,84610.0,39.0,1.269647299999633,939.9807748999992,944.442143700002,239.421875,41.921875,249.98828125,,0.0053844962161414,0.0015636175347273,0.0136112292641429,0.0068876452862677,0.5714285714285714,1.0,1.0,0.0068876452862677,heterogeneous_biological_background,0.50163532269337,0.3769672360721073,0.0833333333333333,1.0,0.0,0.1,0.9,full_partition,target-discovery-v1,0.0,0.05,0.0416193347314458,0.0099617599486879,0.0202295623191626,0.0056580145719489,1.0,pairwise_f1,hungarian,1.0,1.0,2.0,0.0895551697897992,0.046881491355682,0.9977819823785684,0.0049639522515069,2.0,macro,0.0,0.0,0.9963830001004722,0.7403232428800717,0.5889654353248605,0.9963830001004722,1.0,0.0115039969951833,0.0162145579814895,24.0,0.0,0.0,24.0,1.0,0.0,0.2296995880639003,0.0,0.0549795466787265,0.0312269195272425,"{""background_labels"": [""unassigned""], ""dataset_id"": ""samusik_05"", ""dimension"": 39, ""n"": 84610, ""selected_features"": [""Ter119"", ""CD45.2"", ""Ly6G"", ""IgD"", ""CD11c"", ""F480"", ""CD3"", ""NKp46"", ""CD23"", ""CD34"", ""CD115"", ""CD19"", ""120g8"", ""CD8"", ""Ly6C"", ""CD4"", ""CD11b"", ""CD27"", ""CD16_32"", ""SiglecF"", ""Foxp3"", ""B220"", ""CD5"", ""FceR1a"", ""TCRgd"", ""CCR7"", ""Sca1"", ""CD49b"", ""cKit"", ""CD150"", ""CD25"", ""TCRb"", ""CD43"", ""CD64"", ""CD138"", ""CD103"", ""IgM"", ""CD44"", ""MHCII""], ""transform"": {""cofactor"": 5.0, ""name"": ""arcsinh""}}","{""geometry_profile"": ""high_dim"", ""knn_backend"": ""faiss_hnsw"", ""min_cluster_size"": 8, ""min_samples"": 5}",native_target_discovery_v1
ok,cytometry,samusik_05,OPTICS,42,0.2.4,84610.0,39.0,1.2832352000041285,115.191092699999,119.72499809999864,244.296875,46.28125,247.52734375,,0.0038530725155962,7.517922629131379e-05,0.5836022699648775,0.999024250251112,0.4121986453843603,1.0,1.0,0.999024250251112,heterogeneous_biological_background,0.5007579806465045,0.2942849600730783,0.25,5.0,0.0,0.1,0.9,full_partition,target-discovery-v1,0.0,0.05,0.0008264559286808,0.0016219384474143,0.9990996590780764,0.1134920634920634,3.0,pairwise_f1,hungarian,0.0,0.0,6.0,4.328434575744424e-05,0.6289055681619828,2.1642917664250192e-05,0.9981326084387188,6.0,macro,0.0,0.0,0.0024917110418969,0.0049676501812791,0.7848101265822784,0.0024917110418969,1.0,0.0032348865479175,0.0001264686148684,24.0,0.0,0.0,24.0,3.0,0.0,0.0021501054958304,0.0,0.0042276472306696,0.4585043035600656,"{""background_labels"": [""unassigned""], ""dataset_id"": ""samusik_05"", ""dimension"": 39, ""n"": 84610, ""selected_features"": [""Ter119"", ""CD45.2"", ""Ly6G"", ""IgD"", ""CD11c"", ""F480"", ""CD3"", ""NKp46"", ""CD23"", ""CD34"", ""CD115"", ""CD19"", ""120g8"", ""CD8"", ""Ly6C"", ""CD4"", ""CD11b"", ""CD27"", ""CD16_32"", ""SiglecF"", ""Foxp3"", ""B220"", ""CD5"", ""FceR1a"", ""TCRgd"", ""CCR7"", ""Sca1"", ""CD49b"", ""cKit"", ""CD150"", ""CD25"", ""TCRb"", ""CD43"", ""CD64"", ""CD138"", ""CD103"", ""IgM"", ""CD44"", ""MHCII""], ""transform"": {""cofactor"": 5.0, ""name"": ""arcsinh""}}","{""geometry_profile"": ""high_dim"", ""knn_backend"": ""faiss_hnsw"", ""max_eps"": 4.81022834777832, ""max_eps_quantile"": 0.1, ""min_cluster_size"": 8, ""min_samples"": 5, ""xi"": 0.03}",native_target_discovery_v1
ok,cytometry,samusik_05,SNN-DBSCAN,42,0.2.4,84610.0,39.0,1.243758299999172,7.992297600001621,13.137269499995456,340.4140625,103.07421875,325.703125,,0.0086506512268868,0.0013789268374603,0.5801397096527434,0.990299899555173,0.4102311094203243,31.0,20.0,0.990299899555173,heterogeneous_biological_background,0.4967173164007152,0.2931737765120399,2.083333333333333,30.0,1.0,0.1,0.9,full_partition,target-discovery-v1,1.0,0.05,0.015039958051902,0.0249501651452347,0.9725317295787446,0.3434892653642654,14.0,pairwise_f1,hungarian,0.0833333333333333,0.0,50.0,5.646394869680817e-06,0.1504,2.823250430806992e-06,0.9941614466375132,50.0,macro,0.0,0.0,0.0031347332462574,0.0062078433713364,0.3157894736842105,0.0031347332462574,31.0,0.0478427492047429,1.6935187231973066e-05,24.0,0.0416666666666666,0.0,24.0,36.0,0.0,0.0016075555109012,0.0007836833115643,0.0030586000441849,0.4704787574861924,"{""background_labels"": [""unassigned""], ""dataset_id"": ""samusik_05"", ""dimension"": 39, ""n"": 84610, ""selected_features"": [""Ter119"", ""CD45.2"", ""Ly6G"", ""IgD"", ""CD11c"", ""F480"", ""CD3"", ""NKp46"", ""CD23"", ""CD34"", ""CD115"", ""CD19"", ""120g8"", ""CD8"", ""Ly6C"", ""CD4"", ""CD11b"", ""CD27"", ""CD16_32"", ""SiglecF"", ""Foxp3"", ""B220"", ""CD5"", ""FceR1a"", ""TCRgd"", ""CCR7"", ""Sca1"", ""CD49b"", ""cKit"", ""CD150"", ""CD25"", ""TCRb"", ""CD43"", ""CD64"", ""CD138"", ""CD103"", ""IgM"", ""CD44"", ""MHCII""], ""transform"": {""cofactor"": 5.0, ""name"": ""arcsinh""}}","{""eps"": 13, ""geometry_profile"": ""high_dim"", ""k"": 20, ""knn_backend"": ""faiss_hnsw"", ""min_samples"": 5}",native_target_discovery_v1
ok,cytometry,samusik_05,StrataSCAN,42,0.2.4,84610.0,39.0,1.2406632999991416,13.0960178000023,17.878120500005025,492.12109375,293.76171875,485.0078125,,0.5224286454776906,0.3328367379107838,0.3750186613585469,0.3244080929832114,0.4443396226415094,189.0,85.0,0.3244080929832114,heterogeneous_biological_background,0.5201765171034816,0.5145759300275086,20.541666666666668,408.0,1.0,0.1,0.9,full_partition,target-discovery-v1,11.0,0.05,0.2937994242408153,0.2439836868912818,0.2537372760750249,0.5123491204952421,23.0,pairwise_f1,hungarian,1.4583333333333333,7.0,493.0,0.2734276641084646,0.1987036885099815,0.4382256106513478,0.3006736792341331,493.0,macro,0.0,0.0,0.7159449412237516,0.6541331986964704,0.6021463579516647,0.7159449412237516,189.0,0.295631950056392,0.2878403827251332,24.0,0.0416666666666666,0.0,24.0,470.0,0.0,0.4589972872500754,0.0497940319501657,0.4077903998578407,0.6481934895999883,"{""background_labels"": [""unassigned""], ""dataset_id"": ""samusik_05"", ""dimension"": 39, ""n"": 84610, ""selected_features"": [""Ter119"", ""CD45.2"", ""Ly6G"", ""IgD"", ""CD11c"", ""F480"", ""CD3"", ""NKp46"", ""CD23"", ""CD34"", ""CD115"", ""CD19"", ""120g8"", ""CD8"", ""Ly6C"", ""CD4"", ""CD11b"", ""CD27"", ""CD16_32"", ""SiglecF"", ""Foxp3"", ""B220"", ""CD5"", ""FceR1a"", ""TCRgd"", ""CCR7"", ""Sca1"", ""CD49b"", ""cKit"", ""CD150"", ""CD25"", ""TCRb"", ""CD43"", ""CD64"", ""CD138"", ""CD103"", ""IgM"", ""CD44"", ""MHCII""], ""transform"": {""cofactor"": 5.0, ""name"": ""arcsinh""}}","{""ambiguous_model_confirmation_tolerance"": 1e-05, ""assignment"": ""maximum_posterior_basis_then_semantic_role"", ""background_model"": ""adaptive_gamma_basis_mixture_with_largest_rate_gap"", ""background_scan"": ""adaptive_dyadic_rank_windows_with_poisson_beta_boundary_code"", ""border_rule"": ""strict_local_core_radius"", ""component_initialization"": ""compiled_split_warm_single_start_with_guarded_confirmation"", ""component_selection"": ""semantic_icl_with_adaptive_bound"", ""connectivity"": ""density_ordered_non_merging_knn_watershed"", ""core_thresholds"": ""observed_d4_event_sweep"", ""duplicate_profile_confirmation_minimum"": 3, ""duplicate_profile_confirmation_tolerance"": 1e-08, ""extraction_objective"": ""gamma_topology_description_length"", ""fit_samples"": ""all_rows"", ""gamma_tolerance"": 0.0001, ""geometry_profile"": ""high_dim"", ""hard_component_bound"": 24, ""initial_component_bound"": 8, ""k"": 32, ""knn_backend"": ""faiss_hnsw"", ""shell_ranks"": [4, 8, 16, 32], ""stratification_model"": ""adaptive_gamma_density_basis_with_semantic_background"", ""version"": ""0.2.3""}",native_target_discovery_v1
ok,cytometry,samusik_05,VDBSCAN-2007,42,0.2.4,84610.0,39.0,1.2631325999973342,71.59861649999948,76.21120399999927,6088.765625,5890.21875,6101.59375,,0.0877177572253886,0.0290878248994124,0.1497610196494955,0.0890228153250107,0.4713569366357696,7.0,3.0,0.0890228153250107,heterogeneous_biological_background,0.5095571225223466,0.4370727880224723,0.5,9.0,0.0,0.1,0.9,full_partition,target-discovery-v1,0.0,0.05,0.0639696191535489,0.0363073892679747,0.2131037415128646,0.116154096427822,4.0,pairwise_f1,hungarian,0.9583333333333334,1.0,12.0,0.0982913305943566,0.0518730127593544,0.9347300842238075,0.0777804042075404,12.0,macro,0.0,0.0,0.9300914297196824,0.7243845563954491,0.5931897115175128,0.9300914297196824,7.0,0.058445511188251,0.0675770877595731,24.0,0.0,0.0,24.0,8.0,0.0,0.2279513714457952,0.0,0.0645571033072694,0.1055923909424605,"{""background_labels"": [""unassigned""], ""dataset_id"": ""samusik_05"", ""dimension"": 39, ""n"": 84610, ""selected_features"": [""Ter119"", ""CD45.2"", ""Ly6G"", ""IgD"", ""CD11c"", ""F480"", ""CD3"", ""NKp46"", ""CD23"", ""CD34"", ""CD115"", ""CD19"", ""120g8"", ""CD8"", ""Ly6C"", ""CD4"", ""CD11b"", ""CD27"", ""CD16_32"", ""SiglecF"", ""Foxp3"", ""B220"", ""CD5"", ""FceR1a"", ""TCRgd"", ""CCR7"", ""Sca1"", ""CD49b"", ""cKit"", ""CD150"", ""CD25"", ""TCRb"", ""CD43"", ""CD64"", ""CD138"", ""CD103"", ""IgM"", ""CD44"", ""MHCII""], ""transform"": {""cofactor"": 5.0, ""name"": ""arcsinh""}}","{""eps_values"": [10.987069129943848], ""geometry_profile"": ""high_dim"", ""knee_prominence"": 0.08, ""knn_backend"": ""faiss_hnsw"", ""max_eps_values"": 7, ""min_samples"": 5}",native_target_discovery_v1
ok,cytometry,samusik_05,kNN+Leiden,42,0.2.4,84610.0,39.0,1.2644228000062867,14.922208000003591,20.39866249999613,621.078125,394.21484375,701.1328125,,0.8436591368376558,0.845140678360947,0.0,0.0,0.0,5.0,0.0,0.0,heterogeneous_biological_background,0.5,0.3703441860465116,0.5416666666666666,13.0,0.0,0.1,0.9,full_partition,target-discovery-v1,11.0,0.05,0.5161020808368496,0.2928609610928294,0.0,0.2248377969733719,13.0,pairwise_f1,hungarian,1.4583333333333333,10.0,13.0,0.4865165370231801,0.3311866469548443,0.9162444675854868,0.0,13.0,macro,1.0,1.0,1.0,0.7406883720930232,0.5881692471339085,1.0,5.0,0.0,0.0,24.0,0.0,0.0416666666666666,24.0,0.0,0.0,0.8454335376268461,0.0,0.6378800188044039,0.5375296077518247,"{""background_labels"": [""unassigned""], ""dataset_id"": ""samusik_05"", ""dimension"": 39, ""n"": 84610, ""selected_features"": [""Ter119"", ""CD45.2"", ""Ly6G"", ""IgD"", ""CD11c"", ""F480"", ""CD3"", ""NKp46"", ""CD23"", ""CD34"", ""CD115"", ""CD19"", ""120g8"", ""CD8"", ""Ly6C"", ""CD4"", ""CD11b"", ""CD27"", ""CD16_32"", ""SiglecF"", ""Foxp3"", ""B220"", ""CD5"", ""FceR1a"", ""TCRgd"", ""CCR7"", ""Sca1"", ""CD49b"", ""cKit"", ""CD150"", ""CD25"", ""TCRb"", ""CD43"", ""CD64"", ""CD138"", ""CD103"", ""IgM"", ""CD44"", ""MHCII""], ""transform"": {""cofactor"": 5.0, ""name"": ""arcsinh""}}","{""edge_rank"": 15, ""geometry_profile"": ""high_dim"", ""k"": 20, ""knn_backend"": ""faiss_hnsw"", ""resolution"": 0.5, ""symmetrization"": ""union"", ""weights"": ""1/(1+d)""}",native_target_discovery_v1
ok,cytometry,samusik_05,kNN-DBSCAN,42,0.2.4,84610.0,39.0,1.2687325999941097,7.251514199997473,11.753331199994136,242.859375,44.17578125,249.72265625,,0.0563974257896643,0.0112478734086903,0.5487070837802619,0.8881905581862534,0.3969754495779995,6.0,2.0,0.8881905581862534,heterogeneous_biological_background,0.4717452338806279,0.3231366238038742,0.625,13.0,0.0,0.1,0.9,full_partition,target-discovery-v1,0.0,0.05,0.0144956149202473,0.0080244548073074,0.9687502964356264,0.1007747802672356,4.0,pairwise_f1,hungarian,0.1666666666666666,1.0,15.0,0.0124902183626987,0.0545553901822137,0.0070524195069977,0.9214277272190048,15.0,macro,0.0,0.0,0.0552999095750025,0.0975661638274865,0.4139590854392298,0.0552999095750025,6.0,0.0158175885182103,0.0145275512761283,24.0,0.0,0.0,24.0,11.0,0.0,0.0174017884055058,0.0,0.0099287285065238,0.3605226503294336,"{""background_labels"": [""unassigned""], ""dataset_id"": ""samusik_05"", ""dimension"": 39, ""n"": 84610, ""selected_features"": [""Ter119"", ""CD45.2"", ""Ly6G"", ""IgD"", ""CD11c"", ""F480"", ""CD3"", ""NKp46"", ""CD23"", ""CD34"", ""CD115"", ""CD19"", ""120g8"", ""CD8"", ""Ly6C"", ""CD4"", ""CD11b"", ""CD27"", ""CD16_32"", ""SiglecF"", ""Foxp3"", ""B220"", ""CD5"", ""FceR1a"", ""TCRgd"", ""CCR7"", ""Sca1"", ""CD49b"", ""cKit"", ""CD150"", ""CD25"", ""TCRb"", ""CD43"", ""CD64"", ""CD138"", ""CD103"", ""IgM"", ""CD44"", ""MHCII""], ""transform"": {""cofactor"": 5.0, ""name"": ""arcsinh""}}","{""eps"": 4.320265293121338, ""eps_quantile"": 0.05, ""geometry_profile"": ""high_dim"", ""k"": 4, ""knn_backend"": ""faiss_hnsw"", ""min_samples"": 5}",native_target_discovery_v1
error,cytometry,samusik_06,AMD-DBSCAN,42,,,,,,4.282288499998685,,,245.6953125,MemoryError,,,,,,,,,,,,,,,,,,,,,,,,,,,,,,,,,,,,,,,,,,,,,,,,,,,,,,,,{},{},native_target_discovery_v1
ok,cytometry,samusik_06,DBSCAN,42,0.2.4,77282.0,39.0,1.1289590999949723,30.645129700002144,34.937738600005105,234.5625,37.8671875,243.30078125,,0.0535869900942972,-0.0020294413904088,0.5494844857073052,0.8940940749928442,0.3966169126153325,2.0,1.0,0.8940940749928442,heterogeneous_biological_background,0.4805338064049934,0.3335105959997695,0.375,8.0,0.0,0.1,0.9,full_partition,target-discovery-v1,0.0,0.05,0.0080082387469774,0.0099308042895904,0.9730601060692728,0.1071255568831217,4.0,pairwise_f1,hungarian,0.1666666666666666,1.0,9.0,0.025392040460477,0.1037905448359282,0.0144654891460086,0.917186408219249,9.0,macro,0.0,0.0,0.0669735378171426,0.1175367062922337,0.4796875,0.0669735378171426,2.0,0.0195090230292267,0.0211417852220721,24.0,0.0,0.0,24.0,5.0,0.0,0.0419511769453958,0.0,0.051747326564346,0.2831489971759231,"{""background_labels"": [""unassigned""], ""dataset_id"": ""samusik_06"", ""dimension"": 39, ""n"": 77282, ""selected_features"": [""Ter119"", ""CD45.2"", ""Ly6G"", ""IgD"", ""CD11c"", ""F480"", ""CD3"", ""NKp46"", ""CD23"", ""CD34"", ""CD115"", ""CD19"", ""120g8"", ""CD8"", ""Ly6C"", ""CD4"", ""CD11b"", ""CD27"", ""CD16_32"", ""SiglecF"", ""Foxp3"", ""B220"", ""CD5"", ""FceR1a"", ""TCRgd"", ""CCR7"", ""Sca1"", ""CD49b"", ""cKit"", ""CD150"", ""CD25"", ""TCRb"", ""CD43"", ""CD64"", ""CD138"", ""CD103"", ""IgM"", ""CD44"", ""MHCII""], ""transform"": {""cofactor"": 5.0, ""name"": ""arcsinh""}}","{""eps"": 4.411325454711914, ""eps_quantile"": 0.05, ""geometry_profile"": ""high_dim"", ""knn_backend"": ""faiss_hnsw"", ""min_samples"": 5}",native_target_discovery_v1
ok,cytometry,samusik_06,HDBSCAN,42,0.2.4,77282.0,39.0,1.1251773000039975,769.843843900002,774.1547399999981,233.703125,36.56640625,241.69140625,,0.0707031841466499,0.0266505567652547,0.1655970208382854,0.0997042266959259,0.4883177570093458,0.0,0.0,0.0997042266959259,heterogeneous_biological_background,0.5140201798415601,0.4474397731332583,0.0833333333333333,2.0,0.0,0.1,0.9,full_partition,target-discovery-v1,0.0,0.05,0.0631927695461798,0.034709855598115,0.2238130868865668,0.0336350979663217,2.0,pairwise_f1,hungarian,0.9583333333333334,1.0,2.0,0.101899338083895,0.0539132898363362,0.9268609126122852,0.0830723842550658,2.0,macro,0.0,0.0,0.9283361329871944,0.7292825254282312,0.6005193192402134,0.9283361329871944,0.0,0.0573904279576735,0.0671702593508179,24.0,0.0,0.0,24.0,0.0,0.0,0.2241977355526953,0.0,0.0603114692031616,0.0375262141073877,"{""background_labels"": [""unassigned""], ""dataset_id"": ""samusik_06"", ""dimension"": 39, ""n"": 77282, ""selected_features"": [""Ter119"", ""CD45.2"", ""Ly6G"", ""IgD"", ""CD11c"", ""F480"", ""CD3"", ""NKp46"", ""CD23"", ""CD34"", ""CD115"", ""CD19"", ""120g8"", ""CD8"", ""Ly6C"", ""CD4"", ""CD11b"", ""CD27"", ""CD16_32"", ""SiglecF"", ""Foxp3"", ""B220"", ""CD5"", ""FceR1a"", ""TCRgd"", ""CCR7"", ""Sca1"", ""CD49b"", ""cKit"", ""CD150"", ""CD25"", ""TCRb"", ""CD43"", ""CD64"", ""CD138"", ""CD103"", ""IgM"", ""CD44"", ""MHCII""], ""transform"": {""cofactor"": 5.0, ""name"": ""arcsinh""}}","{""geometry_profile"": ""high_dim"", ""knn_backend"": ""faiss_hnsw"", ""min_cluster_size"": 8, ""min_samples"": 5}",native_target_discovery_v1
ok,cytometry,samusik_06,OPTICS,42,0.2.4,77282.0,39.0,1.171162099999492,96.70105190000322,101.13007180000568,240.59765625,41.61328125,243.12890625,,0.000140271540377,3.576369264008994e-05,0.578102431529849,0.9992367140540024,0.4066973878375229,3.0,2.0,0.9992367140540024,heterogeneous_biological_background,0.4996619879962632,0.2891384244334661,0.125,1.0,0.0,0.1,0.9,full_partition,target-discovery-v1,0.0,0.05,7.351860020585208e-05,0.0001464557703573,0.999926481399794,0.0185185185185185,1.0,pairwise_f1,hungarian,0.0,0.0,3.0,8.294040603959596e-08,0.0504201680672268,4.147023712875119e-08,0.9996376905359592,3.0,macro,0.0,0.0,8.72619385239643e-05,0.0001744173370833,0.1428571428571428,8.72619385239643e-05,3.0,0.0002928373536539,2.486803505075505e-07,24.0,0.0,0.0,24.0,2.0,0.0,8.72619385239643e-05,0.0,0.0001738337562687,0.0219803127370919,"{""background_labels"": [""unassigned""], ""dataset_id"": ""samusik_06"", ""dimension"": 39, ""n"": 77282, ""selected_features"": [""Ter119"", ""CD45.2"", ""Ly6G"", ""IgD"", ""CD11c"", ""F480"", ""CD3"", ""NKp46"", ""CD23"", ""CD34"", ""CD115"", ""CD19"", ""120g8"", ""CD8"", ""Ly6C"", ""CD4"", ""CD11b"", ""CD27"", ""CD16_32"", ""SiglecF"", ""Foxp3"", ""B220"", ""CD5"", ""FceR1a"", ""TCRgd"", ""CCR7"", ""Sca1"", ""CD49b"", ""cKit"", ""CD150"", ""CD25"", ""TCRb"", ""CD43"", ""CD64"", ""CD138"", ""CD103"", ""IgM"", ""CD44"", ""MHCII""], ""transform"": {""cofactor"": 5.0, ""name"": ""arcsinh""}}","{""geometry_profile"": ""high_dim"", ""knn_backend"": ""faiss_hnsw"", ""max_eps"": 4.852465629577637, ""max_eps_quantile"": 0.1, ""min_cluster_size"": 8, ""min_samples"": 5, ""xi"": 0.03}",native_target_discovery_v1
ok,cytometry,samusik_06,SNN-DBSCAN,42,0.2.4,77282.0,39.0,1.129413000002387,6.9616015999999945,11.96700989999954,334.27734375,98.12890625,316.9921875,,0.0192380960849339,0.0029621112441876,0.5744958492591599,0.987119549661292,0.4051429317321498,36.0,26.0,0.987119549661292,heterogeneous_biological_background,0.4964721420288832,0.2929885021273761,2.583333333333333,36.0,0.0,0.1,0.9,full_partition,target-discovery-v1,2.0,0.05,0.0575602165130665,0.0752176989484034,0.923903259196946,0.4136935891971058,16.0,pairwise_f1,hungarian,0.2083333333333333,0.0,62.0,2.1356395697270977e-05,0.2937262357414448,1.0678586060653429e-05,0.9913045728630212,62.0,macro,1.0,0.0,0.0058247343964746,0.0114811549955924,0.3973214285714285,0.0058247343964746,36.0,0.1330194081865685,6.404862095471128e-05,24.0,0.0,0.0416666666666666,24.0,46.0,0.0,0.0033159536639106,0.0,0.0056324962832435,0.3876246388505937,"{""background_labels"": [""unassigned""], ""dataset_id"": ""samusik_06"", ""dimension"": 39, ""n"": 77282, ""selected_features"": [""Ter119"", ""CD45.2"", ""Ly6G"", ""IgD"", ""CD11c"", ""F480"", ""CD3"", ""NKp46"", ""CD23"", ""CD34"", ""CD115"", ""CD19"", ""120g8"", ""CD8"", ""Ly6C"", ""CD4"", ""CD11b"", ""CD27"", ""CD16_32"", ""SiglecF"", ""Foxp3"", ""B220"", ""CD5"", ""FceR1a"", ""TCRgd"", ""CCR7"", ""Sca1"", ""CD49b"", ""cKit"", ""CD150"", ""CD25"", ""TCRb"", ""CD43"", ""CD64"", ""CD138"", ""CD103"", ""IgM"", ""CD44"", ""MHCII""], ""transform"": {""cofactor"": 5.0, ""name"": ""arcsinh""}}","{""eps"": 13, ""geometry_profile"": ""high_dim"", ""k"": 20, ""knn_backend"": ""faiss_hnsw"", ""min_samples"": 5}",native_target_discovery_v1
ok,cytometry,samusik_06,StrataSCAN,42,0.2.4,77282.0,39.0,1.1426014999960898,11.682480799994664,16.34301950000372,473.26953125,275.63671875,471.89453125,,0.3855064459472522,0.1869161366540331,0.3962207926519308,0.3594440734026651,0.4413809263453878,213.0,100.0,0.3594440734026651,heterogeneous_biological_background,0.5236976906204844,0.5214965420471365,24.041666666666668,477.0,2.0,0.1,0.9,full_partition,target-discovery-v1,16.0,0.05,0.2665844723551023,0.2554183827611961,0.3115352860056234,0.4371097516394888,23.0,pairwise_f1,hungarian,1.6666666666666667,5.0,577.0,0.1725221762471288,0.1159134787727212,0.3372012370074093,0.3313320048652985,577.0,macro,0.0,0.0,0.6879513078383036,0.6467722914423422,0.6102446009753076,0.6879513078383036,213.0,0.3106077040606258,0.2451912559165945,24.0,0.0833333333333333,0.0,24.0,554.0,0.0,0.4091930452234996,0.2328148519819367,0.3879563432034054,0.5031892278616938,"{""background_labels"": [""unassigned""], ""dataset_id"": ""samusik_06"", ""dimension"": 39, ""n"": 77282, ""selected_features"": [""Ter119"", ""CD45.2"", ""Ly6G"", ""IgD"", ""CD11c"", ""F480"", ""CD3"", ""NKp46"", ""CD23"", ""CD34"", ""CD115"", ""CD19"", ""120g8"", ""CD8"", ""Ly6C"", ""CD4"", ""CD11b"", ""CD27"", ""CD16_32"", ""SiglecF"", ""Foxp3"", ""B220"", ""CD5"", ""FceR1a"", ""TCRgd"", ""CCR7"", ""Sca1"", ""CD49b"", ""cKit"", ""CD150"", ""CD25"", ""TCRb"", ""CD43"", ""CD64"", ""CD138"", ""CD103"", ""IgM"", ""CD44"", ""MHCII""], ""transform"": {""cofactor"": 5.0, ""name"": ""arcsinh""}}","{""ambiguous_model_confirmation_tolerance"": 1e-05, ""assignment"": ""maximum_posterior_basis_then_semantic_role"", ""background_model"": ""adaptive_gamma_basis_mixture_with_largest_rate_gap"", ""background_scan"": ""adaptive_dyadic_rank_windows_with_poisson_beta_boundary_code"", ""border_rule"": ""strict_local_core_radius"", ""component_initialization"": ""compiled_split_warm_single_start_with_guarded_confirmation"", ""component_selection"": ""semantic_icl_with_adaptive_bound"", ""connectivity"": ""density_ordered_non_merging_knn_watershed"", ""core_thresholds"": ""observed_d4_event_sweep"", ""duplicate_profile_confirmation_minimum"": 3, ""duplicate_profile_confirmation_tolerance"": 1e-08, ""extraction_objective"": ""gamma_topology_description_length"", ""fit_samples"": ""all_rows"", ""gamma_tolerance"": 0.0001, ""geometry_profile"": ""high_dim"", ""hard_component_bound"": 24, ""initial_component_bound"": 8, ""k"": 32, ""knn_backend"": ""faiss_hnsw"", ""shell_ranks"": [4, 8, 16, 32], ""stratification_model"": ""adaptive_gamma_density_basis_with_semantic_background"", ""version"": ""0.2.3""}",native_target_discovery_v1
ok,cytometry,samusik_06,VDBSCAN-2007,42,0.2.4,77282.0,39.0,1.2792269999990822,59.50437729999976,64.08817379999527,5787.30859375,5588.921875,5800.61328125,,0.0699216477958674,0.0255821532326129,0.1571199999999999,0.0936933498711955,0.4863793957404655,4.0,4.0,0.0936933498711955,heterogeneous_biological_background,0.5129126885920912,0.443556924759106,0.375,5.0,0.0,0.1,0.9,full_partition,target-discovery-v1,0.0,0.05,0.0637363638142883,0.0352035240432002,0.2394616152505515,0.1061593383207375,4.0,pairwise_f1,hungarian,0.9583333333333334,1.0,9.0,0.1014265319350365,0.0536363814212678,0.9305400760215798,0.0783753008462514,9.0,macro,0.0,0.0,0.9321320273129868,0.7299938495182121,0.5999017199017199,0.9321320273129868,4.0,0.0575195127604378,0.0672191147015056,24.0,0.0,0.0,24.0,5.0,0.0,0.2244377058836362,0.0,0.0604499384906899,0.1016037554353489,"{""background_labels"": [""unassigned""], ""dataset_id"": ""samusik_06"", ""dimension"": 39, ""n"": 77282, ""selected_features"": [""Ter119"", ""CD45.2"", ""Ly6G"", ""IgD"", ""CD11c"", ""F480"", ""CD3"", ""NKp46"", ""CD23"", ""CD34"", ""CD115"", ""CD19"", ""120g8"", ""CD8"", ""Ly6C"", ""CD4"", ""CD11b"", ""CD27"", ""CD16_32"", ""SiglecF"", ""Foxp3"", ""B220"", ""CD5"", ""FceR1a"", ""TCRgd"", ""CCR7"", ""Sca1"", ""CD49b"", ""cKit"", ""CD150"", ""CD25"", ""TCRb"", ""CD43"", ""CD64"", ""CD138"", ""CD103"", ""IgM"", ""CD44"", ""MHCII""], ""transform"": {""cofactor"": 5.0, ""name"": ""arcsinh""}}","{""eps_values"": [10.807180404663086], ""geometry_profile"": ""high_dim"", ""knee_prominence"": 0.08, ""knn_backend"": ""faiss_hnsw"", ""max_eps_values"": 7, ""min_samples"": 5}",native_target_discovery_v1
ok,cytometry,samusik_06,kNN+Leiden,42,0.2.4,77282.0,39.0,1.1600882999991882,25.07214219999878,30.217473400000017,596.1796875,370.28125,662.4140625,,0.80803061878005,0.8019667038336753,0.0,0.0,0.0,6.0,0.0,0.0,heterogeneous_biological_background,0.5,0.372308542003395,0.5416666666666666,13.0,0.0,0.1,0.9,full_partition,target-discovery-v1,12.0,0.05,0.4555432002386959,0.2777600583038859,0.0,0.219479507485292,13.0,pairwise_f1,hungarian,1.5,10.0,13.0,0.4685409472586407,0.3228532703703717,0.8538338294233488,0.0,13.0,macro,1.0,1.0,1.0,0.74461708400679,0.5931394115059134,1.0,6.0,0.0,0.0,24.0,0.0,0.0416666666666666,24.0,0.0,0.0,0.821527520233862,0.0,0.6369221423328899,0.5441507220313176,"{""background_labels"": [""unassigned""], ""dataset_id"": ""samusik_06"", ""dimension"": 39, ""n"": 77282, ""selected_features"": [""Ter119"", ""CD45.2"", ""Ly6G"", ""IgD"", ""CD11c"", ""F480"", ""CD3"", ""NKp46"", ""CD23"", ""CD34"", ""CD115"", ""CD19"", ""120g8"", ""CD8"", ""Ly6C"", ""CD4"", ""CD11b"", ""CD27"", ""CD16_32"", ""SiglecF"", ""Foxp3"", ""B220"", ""CD5"", ""FceR1a"", ""TCRgd"", ""CCR7"", ""Sca1"", ""CD49b"", ""cKit"", ""CD150"", ""CD25"", ""TCRb"", ""CD43"", ""CD64"", ""CD138"", ""CD103"", ""IgM"", ""CD44"", ""MHCII""], ""transform"": {""cofactor"": 5.0, ""name"": ""arcsinh""}}","{""edge_rank"": 15, ""geometry_profile"": ""high_dim"", ""k"": 20, ""knn_backend"": ""faiss_hnsw"", ""resolution"": 0.5, ""symmetrization"": ""union"", ""weights"": ""1/(1+d)""}",native_target_discovery_v1
ok,cytometry,samusik_06,kNN-DBSCAN,42,0.2.4,77282.0,39.0,1.1512784000005922,6.141986100003123,10.484565399994608,239.75,42.08203125,240.8671875,,0.0534592902911006,-0.0020308605215082,0.5495231394621638,0.8942530928982604,0.396625901005741,3.0,1.0,0.8942530928982604,heterogeneous_biological_background,0.4805478689038085,0.3334274194668558,0.4166666666666667,9.0,0.0,0.1,0.9,full_partition,target-discovery-v1,0.0,0.05,0.0080059749831036,0.0099526149187823,0.9730991291332496,0.0987949056142273,4.0,pairwise_f1,hungarian,0.1666666666666666,1.0,10.0,0.02526206005155,0.1037751145346016,0.0143814773572919,0.917328744080122,10.0,macro,0.0,0.0,0.0668426449093566,0.1173316994715478,0.4795742682735952,0.0668426449093566,3.0,0.0195511321203858,0.0211444921579081,24.0,0.0,0.0,24.0,6.0,0.0,0.0418639150068718,0.0,0.0517126990933531,0.2732720281640259,"{""background_labels"": [""unassigned""], ""dataset_id"": ""samusik_06"", ""dimension"": 39, ""n"": 77282, ""selected_features"": [""Ter119"", ""CD45.2"", ""Ly6G"", ""IgD"", ""CD11c"", ""F480"", ""CD3"", ""NKp46"", ""CD23"", ""CD34"", ""CD115"", ""CD19"", ""120g8"", ""CD8"", ""Ly6C"", ""CD4"", ""CD11b"", ""CD27"", ""CD16_32"", ""SiglecF"", ""Foxp3"", ""B220"", ""CD5"", ""FceR1a"", ""TCRgd"", ""CCR7"", ""Sca1"", ""CD49b"", ""cKit"", ""CD150"", ""CD25"", ""TCRb"", ""CD43"", ""CD64"", ""CD138"", ""CD103"", ""IgM"", ""CD44"", ""MHCII""], ""transform"": {""cofactor"": 5.0, ""name"": ""arcsinh""}}","{""eps"": 4.411325454711914, ""eps_quantile"": 0.05, ""geometry_profile"": ""high_dim"", ""k"": 4, ""knn_backend"": ""faiss_hnsw"", ""min_samples"": 5}",native_target_discovery_v1
error,cytometry,samusik_07,AMD-DBSCAN,42,,,,,,4.576803700001619,,,257.34765625,MemoryError,,,,,,,,,,,,,,,,,,,,,,,,,,,,,,,,,,,,,,,,,,,,,,,,,,,,,,,,{},{},native_target_discovery_v1
ok,cytometry,samusik_07,DBSCAN,42,0.2.4,95087.0,39.0,1.4570399999938672,45.03493790000357,49.667718899996544,248.19921875,48.796875,255.39453125,,0.0544032446837618,0.0122021930963031,0.5510035484150151,0.8885054554681553,0.399320325240338,9.0,2.0,0.8885054554681553,heterogeneous_biological_background,0.4712297559503968,0.3231276164587957,0.7916666666666666,17.0,0.0,0.1,0.9,full_partition,target-discovery-v1,0.0,0.05,0.0081968280871427,0.0077812298302456,0.9720427140705028,0.1183237469186524,4.0,pairwise_f1,hungarian,0.1666666666666666,1.0,19.0,0.0118543160417884,0.0554175763055639,0.0066370166849001,0.9221975664391556,19.0,macro,0.0,0.0,0.0539540564326382,0.0952516845025763,0.4060556907272236,0.0539540564326382,9.0,0.0153457481821963,0.0139738498686829,24.0,0.0,0.0,24.0,15.0,0.0,0.0229358622052193,0.0,0.0218150409728903,0.4861620140115695,"{""background_labels"": [""unassigned""], ""dataset_id"": ""samusik_07"", ""dimension"": 39, ""n"": 95087, ""selected_features"": [""Ter119"", ""CD45.2"", ""Ly6G"", ""IgD"", ""CD11c"", ""F480"", ""CD3"", ""NKp46"", ""CD23"", ""CD34"", ""CD115"", ""CD19"", ""120g8"", ""CD8"", ""Ly6C"", ""CD4"", ""CD11b"", ""CD27"", ""CD16_32"", ""SiglecF"", ""Foxp3"", ""B220"", ""CD5"", ""FceR1a"", ""TCRgd"", ""CCR7"", ""Sca1"", ""CD49b"", ""cKit"", ""CD150"", ""CD25"", ""TCRb"", ""CD43"", ""CD64"", ""CD138"", ""CD103"", ""IgM"", ""CD44"", ""MHCII""], ""transform"": {""cofactor"": 5.0, ""name"": ""arcsinh""}}","{""eps"": 4.218570709228516, ""eps_quantile"": 0.05, ""geometry_profile"": ""high_dim"", ""knn_backend"": ""faiss_hnsw"", ""min_samples"": 5}",native_target_discovery_v1
ok,cytometry,samusik_07,HDBSCAN,42,0.2.4,95087.0,39.0,1.385923900001217,1170.9632809999966,1175.5027685000025,246.7734375,45.83984375,257.27734375,,0.0787209480959722,0.0213305632570928,0.1068586759613841,0.0591220502410555,0.5548940223862825,0.0,0.0,0.0591220502410555,heterogeneous_biological_background,0.5127767156210936,0.4205565511625567,0.0833333333333333,2.0,0.0,0.1,0.9,full_partition,target-discovery-v1,0.0,0.05,0.0744614047363996,0.041634005346921,0.1559674481086123,0.0341223137843815,2.0,pairwise_f1,hungarian,1.0,1.0,2.0,0.1013163573270677,0.0534486089040312,0.9703196087407584,0.0441595591405765,2.0,macro,0.0,0.0,0.9664313810011316,0.7342544263637293,0.5920253498811724,0.9664313810011316,0.0,0.0599215348142863,0.0693688825656666,24.0,0.0,0.0,24.0,0.0,0.0,0.2716561596350378,0.0,0.083561272737512,0.0520981793498414,"{""background_labels"": [""unassigned""], ""dataset_id"": ""samusik_07"", ""dimension"": 39, ""n"": 95087, ""selected_features"": [""Ter119"", ""CD45.2"", ""Ly6G"", ""IgD"", ""CD11c"", ""F480"", ""CD3"", ""NKp46"", ""CD23"", ""CD34"", ""CD115"", ""CD19"", ""120g8"", ""CD8"", ""Ly6C"", ""CD4"", ""CD11b"", ""CD27"", ""CD16_32"", ""SiglecF"", ""Foxp3"", ""B220"", ""CD5"", ""FceR1a"", ""TCRgd"", ""CCR7"", ""Sca1"", ""CD49b"", ""cKit"", ""CD150"", ""CD25"", ""TCRb"", ""CD43"", ""CD64"", ""CD138"", ""CD103"", ""IgM"", ""CD44"", ""MHCII""], ""transform"": {""cofactor"": 5.0, ""name"": ""arcsinh""}}","{""geometry_profile"": ""high_dim"", ""knn_backend"": ""faiss_hnsw"", ""min_cluster_size"": 8, ""min_samples"": 5}",native_target_discovery_v1
ok,cytometry,samusik_07,OPTICS,42,0.2.4,95087.0,39.0,1.3416956000000937,129.49501659999805,133.82310670000152,251.18359375,50.31640625,256.55859375,,0.0010923213550776,-0.0005390625148609,0.5861917620716076,0.9997462572951028,0.4146626393171748,0.0,0.0,0.9997462572951028,heterogeneous_biological_background,0.5004119507823647,0.2941721721366702,0.0833333333333333,2.0,0.0,0.1,0.9,full_partition,target-discovery-v1,0.0,0.05,0.0001883327632932,0.0003752831264589,0.9998116672367068,0.0607164541590771,2.0,pairwise_f1,hungarian,0.0,0.0,2.0,1.3433679534830226e-05,0.8011789924973205,6.716896079818615e-06,0.9992638320695784,2.0,macro,0.0,0.0,0.0010776442696265,0.0021525822017328,0.8571428571428571,0.0010776442696265,0.0,0.0007500860437887,3.890741258897478e-05,24.0,0.0,0.0,24.0,0.0,0.0,0.0010776442696265,0.0,0.0021468599442674,0.3022748010553847,"{""background_labels"": [""unassigned""], ""dataset_id"": ""samusik_07"", ""dimension"": 39, ""n"": 95087, ""selected_features"": [""Ter119"", ""CD45.2"", ""Ly6G"", ""IgD"", ""CD11c"", ""F480"", ""CD3"", ""NKp46"", ""CD23"", ""CD34"", ""CD115"", ""CD19"", ""120g8"", ""CD8"", ""Ly6C"", ""CD4"", ""CD11b"", ""CD27"", ""CD16_32"", ""SiglecF"", ""Foxp3"", ""B220"", ""CD5"", ""FceR1a"", ""TCRgd"", ""CCR7"", ""Sca1"", ""CD49b"", ""cKit"", ""CD150"", ""CD25"", ""TCRb"", ""CD43"", ""CD64"", ""CD138"", ""CD103"", ""IgM"", ""CD44"", ""MHCII""], ""transform"": {""cofactor"": 5.0, ""name"": ""arcsinh""}}","{""geometry_profile"": ""high_dim"", ""knn_backend"": ""faiss_hnsw"", ""max_eps"": 4.72493314743042, ""max_eps_quantile"": 0.1, ""min_cluster_size"": 8, ""min_samples"": 5, ""xi"": 0.03}",native_target_discovery_v1
ok,cytometry,samusik_07,SNN-DBSCAN,42,0.2.4,95087.0,39.0,1.3620451000024332,9.31122950000281,14.529507200000808,350.30859375,111.3984375,348.51171875,,0.010199799394465,0.0018021251793125,0.5834502941439962,0.9915249936564324,0.4133364361420804,34.0,23.0,0.9915249936564324,heterogeneous_biological_background,0.4976932761446305,0.2955490008051464,2.208333333333333,30.0,1.0,0.1,0.9,full_partition,target-discovery-v1,0.0,0.05,0.025768679269487,0.0400782360126699,0.9726528196921144,0.3824057357381156,15.0,pairwise_f1,hungarian,0.125,0.0,53.0,1.016280065328208e-05,0.3328428487345497,5.081477903862778e-06,0.9942263400885504,53.0,macro,0.0,0.0,0.0038615586328286,0.0076477074662967,0.3916211293260473,0.0038615586328286,34.0,0.0750042939799065,3.04801420698772e-05,24.0,0.0416666666666666,0.0,24.0,38.0,0.0,0.0021912100149074,0.0010058013183181,0.0040417897216567,0.3269615197984837,"{""background_labels"": [""unassigned""], ""dataset_id"": ""samusik_07"", ""dimension"": 39, ""n"": 95087, ""selected_features"": [""Ter119"", ""CD45.2"", ""Ly6G"", ""IgD"", ""CD11c"", ""F480"", ""CD3"", ""NKp46"", ""CD23"", ""CD34"", ""CD115"", ""CD19"", ""120g8"", ""CD8"", ""Ly6C"", ""CD4"", ""CD11b"", ""CD27"", ""CD16_32"", ""SiglecF"", ""Foxp3"", ""B220"", ""CD5"", ""FceR1a"", ""TCRgd"", ""CCR7"", ""Sca1"", ""CD49b"", ""cKit"", ""CD150"", ""CD25"", ""TCRb"", ""CD43"", ""CD64"", ""CD138"", ""CD103"", ""IgM"", ""CD44"", ""MHCII""], ""transform"": {""cofactor"": 5.0, ""name"": ""arcsinh""}}","{""eps"": 13, ""geometry_profile"": ""high_dim"", ""k"": 20, ""knn_backend"": ""faiss_hnsw"", ""min_samples"": 5}",native_target_discovery_v1
ok,cytometry,samusik_07,StrataSCAN,42,0.2.4,95087.0,39.0,1.3276838999954634,14.103902200004086,18.701816699998744,522.0390625,324.2109375,525.37109375,,0.4995049151821096,0.3297689417978953,0.3789333530586582,0.3249682821618878,0.4543906333155934,174.0,81.0,0.3249682821618878,heterogeneous_biological_background,0.5243840279282956,0.5182260888267047,19.95833333333333,398.0,1.0,0.1,0.9,full_partition,target-discovery-v1,8.0,0.05,0.2798178937682898,0.2235177217065448,0.3164362897049889,0.451321019657582,23.0,pairwise_f1,hungarian,1.2916666666666667,6.0,479.0,0.2695164561965815,0.1888944679659441,0.470204134289524,0.2964127588419026,479.0,macro,0.0,0.0,0.7237997736947034,0.6575188245947512,0.6023586738811993,0.7237997736947034,174.0,0.2811790809313538,0.2771809851575054,24.0,0.0416666666666666,0.0,24.0,456.0,0.0,0.4471325682059019,0.049014853530183,0.3874069589642726,0.5788805780309363,"{""background_labels"": [""unassigned""], ""dataset_id"": ""samusik_07"", ""dimension"": 39, ""n"": 95087, ""selected_features"": [""Ter119"", ""CD45.2"", ""Ly6G"", ""IgD"", ""CD11c"", ""F480"", ""CD3"", ""NKp46"", ""CD23"", ""CD34"", ""CD115"", ""CD19"", ""120g8"", ""CD8"", ""Ly6C"", ""CD4"", ""CD11b"", ""CD27"", ""CD16_32"", ""SiglecF"", ""Foxp3"", ""B220"", ""CD5"", ""FceR1a"", ""TCRgd"", ""CCR7"", ""Sca1"", ""CD49b"", ""cKit"", ""CD150"", ""CD25"", ""TCRb"", ""CD43"", ""CD64"", ""CD138"", ""CD103"", ""IgM"", ""CD44"", ""MHCII""], ""transform"": {""cofactor"": 5.0, ""name"": ""arcsinh""}}","{""ambiguous_model_confirmation_tolerance"": 1e-05, ""assignment"": ""maximum_posterior_basis_then_semantic_role"", ""background_model"": ""adaptive_gamma_basis_mixture_with_largest_rate_gap"", ""background_scan"": ""adaptive_dyadic_rank_windows_with_poisson_beta_boundary_code"", ""border_rule"": ""strict_local_core_radius"", ""component_initialization"": ""compiled_split_warm_single_start_with_guarded_confirmation"", ""component_selection"": ""semantic_icl_with_adaptive_bound"", ""connectivity"": ""density_ordered_non_merging_knn_watershed"", ""core_thresholds"": ""observed_d4_event_sweep"", ""duplicate_profile_confirmation_minimum"": 3, ""duplicate_profile_confirmation_tolerance"": 1e-08, ""extraction_objective"": ""gamma_topology_description_length"", ""fit_samples"": ""all_rows"", ""gamma_tolerance"": 0.0001, ""geometry_profile"": ""high_dim"", ""hard_component_bound"": 24, ""initial_component_bound"": 8, ""k"": 32, ""knn_backend"": ""faiss_hnsw"", ""shell_ranks"": [4, 8, 16, 32], ""stratification_model"": ""adaptive_gamma_density_basis_with_semantic_background"", ""version"": ""0.2.3""}",native_target_discovery_v1
ok,cytometry,samusik_07,VDBSCAN-2007,42,0.2.4,95087.0,39.0,1.4135148999994271,105.79482319999806,110.3777596,7450.69140625,7250.62109375,7465.8828125,,0.0839114531870143,0.0277603937883314,0.1658371234875139,0.098071555442781,0.5366564843099139,5.0,4.0,0.098071555442781,heterogeneous_biological_background,0.5190682866568576,0.4474997183172234,0.4166666666666667,6.0,0.0,0.1,0.9,full_partition,target-discovery-v1,0.0,0.05,0.0688552430368449,0.0419795202773115,0.2431564329380335,0.1033624631818156,4.0,pairwise_f1,hungarian,0.9583333333333334,1.0,10.0,0.1041568908474307,0.0551351680526136,0.9393570136883108,0.0757411633556637,10.0,macro,0.0,0.0,0.940065017870934,0.7291623131469329,0.5955510041531547,0.940065017870934,5.0,0.0669990888319161,0.0760416696356133,24.0,0.0,0.0,24.0,6.0,0.0,0.2655854302494747,0.0,0.0843732545203547,0.1047282102082728,"{""background_labels"": [""unassigned""], ""dataset_id"": ""samusik_07"", ""dimension"": 39, ""n"": 95087, ""selected_features"": [""Ter119"", ""CD45.2"", ""Ly6G"", ""IgD"", ""CD11c"", ""F480"", ""CD3"", ""NKp46"", ""CD23"", ""CD34"", ""CD115"", ""CD19"", ""120g8"", ""CD8"", ""Ly6C"", ""CD4"", ""CD11b"", ""CD27"", ""CD16_32"", ""SiglecF"", ""Foxp3"", ""B220"", ""CD5"", ""FceR1a"", ""TCRgd"", ""CCR7"", ""Sca1"", ""CD49b"", ""cKit"", ""CD150"", ""CD25"", ""TCRb"", ""CD43"", ""CD64"", ""CD138"", ""CD103"", ""IgM"", ""CD44"", ""MHCII""], ""transform"": {""cofactor"": 5.0, ""name"": ""arcsinh""}}","{""eps_values"": [10.938612937927246], ""geometry_profile"": ""high_dim"", ""knee_prominence"": 0.08, ""knn_backend"": ""faiss_hnsw"", ""max_eps_values"": 7, ""min_samples"": 5}",native_target_discovery_v1
ok,cytometry,samusik_07,kNN+Leiden,42,0.2.4,95087.0,39.0,1.3159635000047274,39.58936760000506,44.83608850000019,671.57421875,443.33203125,765.19140625,,0.8212969720468448,0.8478141493558109,0.0,0.0,0.0,7.0,0.0,0.0,heterogeneous_biological_background,0.5,0.369299036905362,0.5833333333333334,14.0,0.0,0.1,0.9,full_partition,target-discovery-v1,12.0,0.05,0.4815972514282921,0.2913448140816368,0.0,0.2302133486189522,14.0,pairwise_f1,hungarian,1.5,9.0,14.0,0.5147678472812015,0.3609227541863284,0.8972065273870565,0.0,14.0,macro,3.0,0.0,1.0,0.7385980738107241,0.5855374551726313,1.0,7.0,0.0,0.0,24.0,0.0,0.125,24.0,0.0,0.0,0.8384611239829732,0.0,0.6525776582799049,0.5503510026961691,"{""background_labels"": [""unassigned""], ""dataset_id"": ""samusik_07"", ""dimension"": 39, ""n"": 95087, ""selected_features"": [""Ter119"", ""CD45.2"", ""Ly6G"", ""IgD"", ""CD11c"", ""F480"", ""CD3"", ""NKp46"", ""CD23"", ""CD34"", ""CD115"", ""CD19"", ""120g8"", ""CD8"", ""Ly6C"", ""CD4"", ""CD11b"", ""CD27"", ""CD16_32"", ""SiglecF"", ""Foxp3"", ""B220"", ""CD5"", ""FceR1a"", ""TCRgd"", ""CCR7"", ""Sca1"", ""CD49b"", ""cKit"", ""CD150"", ""CD25"", ""TCRb"", ""CD43"", ""CD64"", ""CD138"", ""CD103"", ""IgM"", ""CD44"", ""MHCII""], ""transform"": {""cofactor"": 5.0, ""name"": ""arcsinh""}}","{""edge_rank"": 15, ""geometry_profile"": ""high_dim"", ""k"": 20, ""knn_backend"": ""faiss_hnsw"", ""resolution"": 0.5, ""symmetrization"": ""union"", ""weights"": ""1/(1+d)""}",native_target_discovery_v1
ok,cytometry,samusik_07,kNN-DBSCAN,42,0.2.4,95087.0,39.0,1.3784756999957608,7.403386099998897,11.723078299997724,247.671875,50.00390625,255.4140625,,0.0542648970870431,0.0121515064193699,0.5510486649778938,0.8886830753615833,0.3993318434735017,9.0,2.0,0.8886830753615833,heterogeneous_biological_background,0.4712467229458023,0.323034640132461,0.875,19.0,0.0,0.1,0.9,full_partition,target-discovery-v1,0.0,0.05,0.0081518177990769,0.007756038503061,0.9720998644987108,0.1183143843885144,4.0,pairwise_f1,hungarian,0.1666666666666666,1.0,21.0,0.0117126668127744,0.0551731608438762,0.0065517682660249,0.9223553167099604,21.0,macro,0.0,0.0,0.0538103705300213,0.0950206152870282,0.4057971014492754,0.0538103705300213,9.0,0.0152967741180603,0.0138809090461778,24.0,0.0,0.0,24.0,17.0,0.0,0.0228101370404296,0.0,0.021744675198805,0.4861358620873091,"{""background_labels"": [""unassigned""], ""dataset_id"": ""samusik_07"", ""dimension"": 39, ""n"": 95087, ""selected_features"": [""Ter119"", ""CD45.2"", ""Ly6G"", ""IgD"", ""CD11c"", ""F480"", ""CD3"", ""NKp46"", ""CD23"", ""CD34"", ""CD115"", ""CD19"", ""120g8"", ""CD8"", ""Ly6C"", ""CD4"", ""CD11b"", ""CD27"", ""CD16_32"", ""SiglecF"", ""Foxp3"", ""B220"", ""CD5"", ""FceR1a"", ""TCRgd"", ""CCR7"", ""Sca1"", ""CD49b"", ""cKit"", ""CD150"", ""CD25"", ""TCRb"", ""CD43"", ""CD64"", ""CD138"", ""CD103"", ""IgM"", ""CD44"", ""MHCII""], ""transform"": {""cofactor"": 5.0, ""name"": ""arcsinh""}}","{""eps"": 4.218570709228516, ""eps_quantile"": 0.05, ""geometry_profile"": ""high_dim"", ""k"": 4, ""knn_backend"": ""faiss_hnsw"", ""min_samples"": 5}",native_target_discovery_v1
error,cytometry,samusik_08,AMD-DBSCAN,42,,,,,,4.342339800001355,,,251.64453125,MemoryError,,,,,,,,,,,,,,,,,,,,,,,,,,,,,,,,,,,,,,,,,,,,,,,,,,,,,,,,{},{},native_target_discovery_v1
ok,cytometry,samusik_08,DBSCAN,42,0.2.4,85741.0,39.0,1.2093362000014167,34.91135910000594,39.02894489999744,237.71484375,39.12890625,250.9453125,,0.054958166597848,0.009504893661174,0.5352112676056338,0.8903106247793858,0.3826083658841822,3.0,0.0,0.8903106247793858,heterogeneous_biological_background,0.4732256573505587,0.3173666780139201,0.3333333333333333,8.0,0.0,0.1,0.9,full_partition,target-discovery-v1,0.0,0.05,0.0132963850352934,0.0079513863296025,0.970574095250195,0.0866705159271038,4.0,pairwise_f1,hungarian,0.1666666666666666,1.0,8.0,0.0136709834508927,0.0630158240129392,0.0076671697384838,0.9226274477787756,8.0,macro,0.0,0.0,0.0561406899217315,0.0995220884222066,0.4378956888754899,0.0561406899217315,3.0,0.015669971143473,0.014941706366705,24.0,0.0,0.0,24.0,4.0,0.0,0.0167745675910716,0.0,0.0100337697169255,0.2664856755188199,"{""background_labels"": [""unassigned""], ""dataset_id"": ""samusik_08"", ""dimension"": 39, ""n"": 85741, ""selected_features"": [""Ter119"", ""CD45.2"", ""Ly6G"", ""IgD"", ""CD11c"", ""F480"", ""CD3"", ""NKp46"", ""CD23"", ""CD34"", ""CD115"", ""CD19"", ""120g8"", ""CD8"", ""Ly6C"", ""CD4"", ""CD11b"", ""CD27"", ""CD16_32"", ""SiglecF"", ""Foxp3"", ""B220"", ""CD5"", ""FceR1a"", ""TCRgd"", ""CCR7"", ""Sca1"", ""CD49b"", ""cKit"", ""CD150"", ""CD25"", ""TCRb"", ""CD43"", ""CD64"", ""CD138"", ""CD103"", ""IgM"", ""CD44"", ""MHCII""], ""transform"": {""cofactor"": 5.0, ""name"": ""arcsinh""}}","{""eps"": 4.2393951416015625, ""eps_quantile"": 0.05, ""geometry_profile"": ""high_dim"", ""knn_backend"": ""faiss_hnsw"", ""min_samples"": 5}",native_target_discovery_v1
ok,cytometry,samusik_08,HDBSCAN,42,0.2.4,85741.0,39.0,1.1547138999958406,1200.6420789999977,1206.5443081000049,233.84375,35.453125,251.08984375,,0.0039828433045737,0.0011121443945347,0.0134341378307647,0.0067949170490645,0.5862944162436549,1.0,1.0,0.0067949170490645,heterogeneous_biological_background,0.5018224271205319,0.3829753480272196,0.0833333333333333,1.0,0.0,0.1,0.9,full_partition,target-discovery-v1,0.0,0.05,0.0415998029279279,0.0101368965540897,0.0294583419490192,0.0057716570187567,1.0,pairwise_f1,hungarian,1.0,1.0,2.0,0.0935290048088721,0.0490652496803545,0.9972898851896695,0.004595234485252,2.0,macro,0.0,0.0,0.9968499371919992,0.7525165582236746,0.6043797673028929,0.9968499371919992,1.0,0.0115548993956199,0.0163239878994912,24.0,0.0,0.0,24.0,1.0,0.0,0.2284471929655039,0.0,0.0556672243658352,0.0316953146864417,"{""background_labels"": [""unassigned""], ""dataset_id"": ""samusik_08"", ""dimension"": 39, ""n"": 85741, ""selected_features"": [""Ter119"", ""CD45.2"", ""Ly6G"", ""IgD"", ""CD11c"", ""F480"", ""CD3"", ""NKp46"", ""CD23"", ""CD34"", ""CD115"", ""CD19"", ""120g8"", ""CD8"", ""Ly6C"", ""CD4"", ""CD11b"", ""CD27"", ""CD16_32"", ""SiglecF"", ""Foxp3"", ""B220"", ""CD5"", ""FceR1a"", ""TCRgd"", ""CCR7"", ""Sca1"", ""CD49b"", ""cKit"", ""CD150"", ""CD25"", ""TCRb"", ""CD43"", ""CD64"", ""CD138"", ""CD103"", ""IgM"", ""CD44"", ""MHCII""], ""transform"": {""cofactor"": 5.0, ""name"": ""arcsinh""}}","{""geometry_profile"": ""high_dim"", ""knn_backend"": ""faiss_hnsw"", ""min_cluster_size"": 8, ""min_samples"": 5}",native_target_discovery_v1
ok,cytometry,samusik_08,OPTICS,42,0.2.4,85741.0,39.0,4.6729753000036,237.5438769000029,254.9950869000022,244.03515625,45.69140625,248.61328125,,0.0002472899583195,3.878248944930574e-05,0.5674898907195134,0.9989998823390988,0.3963078790141897,3.0,2.0,0.9989998823390988,heterogeneous_biological_background,0.499606231632396,0.2839573415752423,0.2083333333333333,3.0,0.0,0.1,0.9,full_partition,target-discovery-v1,0.0,0.05,9.864930424255214e-05,0.0001968499339734,0.9998860320683064,0.0520833333333333,2.0,pairwise_f1,hungarian,0.0,0.0,5.0,2.344479287438168e-07,0.1129032258064516,1.1722408608208977e-07,0.9994751635740194,5.0,macro,0.0,0.0,0.0002125809256933,0.0004247924309712,0.2444444444444444,0.0002125809256933,3.0,0.0003935633493575,7.025068116138692e-07,24.0,0.0,0.0,24.0,3.0,0.0,0.0001932553869939,0.0,0.0003857803616325,0.1232341289013431,"{""background_labels"": [""unassigned""], ""dataset_id"": ""samusik_08"", ""dimension"": 39, ""n"": 85741, ""selected_features"": [""Ter119"", ""CD45.2"", ""Ly6G"", ""IgD"", ""CD11c"", ""F480"", ""CD3"", ""NKp46"", ""CD23"", ""CD34"", ""CD115"", ""CD19"", ""120g8"", ""CD8"", ""Ly6C"", ""CD4"", ""CD11b"", ""CD27"", ""CD16_32"", ""SiglecF"", ""Foxp3"", ""B220"", ""CD5"", ""FceR1a"", ""TCRgd"", ""CCR7"", ""Sca1"", ""CD49b"", ""cKit"", ""CD150"", ""CD25"", ""TCRb"", ""CD43"", ""CD64"", ""CD138"", ""CD103"", ""IgM"", ""CD44"", ""MHCII""], ""transform"": {""cofactor"": 5.0, ""name"": ""arcsinh""}}","{""geometry_profile"": ""high_dim"", ""knn_backend"": ""faiss_hnsw"", ""max_eps"": 4.747746467590332, ""max_eps_quantile"": 0.1, ""min_cluster_size"": 8, ""min_samples"": 5, ""xi"": 0.03}",native_target_discovery_v1
ok,cytometry,samusik_08,SNN-DBSCAN,42,0.2.4,85741.0,39.0,1.2111167999973986,8.11857769999915,13.893394899998384,335.6015625,98.21484375,333.5234375,,0.0087401628077024,0.0012704437069123,0.5654884609583187,0.9924991175432404,0.3953807213668002,29.0,23.0,0.9924991175432404,heterogeneous_biological_background,0.4976796486353751,0.2855823067236941,1.875,22.0,2.0,0.1,0.9,full_partition,target-discovery-v1,0.0,0.05,0.0373940491918331,0.0564033980634411,0.961719422735953,0.3948756683131684,14.0,pairwise_f1,hungarian,0.125,0.0,45.0,7.558080400972577e-06,0.3478931140801644,3.7790812513130848e-06,0.9952997982295518,45.0,macro,0.0,0.0,0.0028601797275099,0.0056761524890695,0.3672456575682382,0.0028601797275099,29.0,0.1025756176126394,2.267090028251022e-05,24.0,0.0833333333333333,0.0,24.0,31.0,0.0,0.0021837858730312,0.0013334621702579,0.004009643867883,0.3755527526391861,"{""background_labels"": [""unassigned""], ""dataset_id"": ""samusik_08"", ""dimension"": 39, ""n"": 85741, ""selected_features"": [""Ter119"", ""CD45.2"", ""Ly6G"", ""IgD"", ""CD11c"", ""F480"", ""CD3"", ""NKp46"", ""CD23"", ""CD34"", ""CD115"", ""CD19"", ""120g8"", ""CD8"", ""Ly6C"", ""CD4"", ""CD11b"", ""CD27"", ""CD16_32"", ""SiglecF"", ""Foxp3"", ""B220"", ""CD5"", ""FceR1a"", ""TCRgd"", ""CCR7"", ""Sca1"", ""CD49b"", ""cKit"", ""CD150"", ""CD25"", ""TCRb"", ""CD43"", ""CD64"", ""CD138"", ""CD103"", ""IgM"", ""CD44"", ""MHCII""], ""transform"": {""cofactor"": 5.0, ""name"": ""arcsinh""}}","{""eps"": 13, ""geometry_profile"": ""high_dim"", ""k"": 20, ""knn_backend"": ""faiss_hnsw"", ""min_samples"": 5}",native_target_discovery_v1
ok,cytometry,samusik_08,StrataSCAN,42,0.2.4,85741.0,39.0,1.3495276000030572,13.433699200002591,18.415468399995007,492.44140625,295.81640625,489.05859375,,0.4659461533427344,0.267472941803497,0.3816646166461664,0.3422755618308036,0.4312984172875199,198.0,91.0,0.3422755618308036,heterogeneous_biological_background,0.5228819107830218,0.5202413050382234,22.041666666666668,438.0,2.0,0.1,0.9,full_partition,target-discovery-v1,11.0,0.05,0.2759471253000726,0.2475672756236981,0.3161307678987226,0.417669516747863,21.0,pairwise_f1,hungarian,1.4583333333333333,7.0,529.0,0.2307908298538153,0.1656168323466478,0.3805432835117384,0.314656931922884,529.0,macro,0.0,0.0,0.7034882597352401,0.6588179934302805,0.619481978149144,0.7034882597352401,198.0,0.3003270193575336,0.2729174398305544,24.0,0.0833333333333333,0.0,24.0,508.0,0.0,0.451715141559571,0.0548072277514735,0.4296019648497439,0.5675956035158403,"{""background_labels"": [""unassigned""], ""dataset_id"": ""samusik_08"", ""dimension"": 39, ""n"": 85741, ""selected_features"": [""Ter119"", ""CD45.2"", ""Ly6G"", ""IgD"", ""CD11c"", ""F480"", ""CD3"", ""NKp46"", ""CD23"", ""CD34"", ""CD115"", ""CD19"", ""120g8"", ""CD8"", ""Ly6C"", ""CD4"", ""CD11b"", ""CD27"", ""CD16_32"", ""SiglecF"", ""Foxp3"", ""B220"", ""CD5"", ""FceR1a"", ""TCRgd"", ""CCR7"", ""Sca1"", ""CD49b"", ""cKit"", ""CD150"", ""CD25"", ""TCRb"", ""CD43"", ""CD64"", ""CD138"", ""CD103"", ""IgM"", ""CD44"", ""MHCII""], ""transform"": {""cofactor"": 5.0, ""name"": ""arcsinh""}}","{""ambiguous_model_confirmation_tolerance"": 1e-05, ""assignment"": ""maximum_posterior_basis_then_semantic_role"", ""background_model"": ""adaptive_gamma_basis_mixture_with_largest_rate_gap"", ""background_scan"": ""adaptive_dyadic_rank_windows_with_poisson_beta_boundary_code"", ""border_rule"": ""strict_local_core_radius"", ""component_initialization"": ""compiled_split_warm_single_start_with_guarded_confirmation"", ""component_selection"": ""semantic_icl_with_adaptive_bound"", ""connectivity"": ""density_ordered_non_merging_knn_watershed"", ""core_thresholds"": ""observed_d4_event_sweep"", ""duplicate_profile_confirmation_minimum"": 3, ""duplicate_profile_confirmation_tolerance"": 1e-08, ""extraction_objective"": ""gamma_topology_description_length"", ""fit_samples"": ""all_rows"", ""gamma_tolerance"": 0.0001, ""geometry_profile"": ""high_dim"", ""hard_component_bound"": 24, ""initial_component_bound"": 8, ""k"": 32, ""knn_backend"": ""faiss_hnsw"", ""shell_ranks"": [4, 8, 16, 32], ""stratification_model"": ""adaptive_gamma_density_basis_with_semantic_background"", ""version"": ""0.2.3""}",native_target_discovery_v1
ok,cytometry,samusik_08,VDBSCAN-2007,42,0.2.4,85741.0,39.0,1.4321512000024086,69.69549989999359,74.57238939999661,6094.93359375,5895.640625,6108.15625,,0.0765462492705575,0.0233619915367513,0.161332510795805,0.0961583715731262,0.5006892326543115,3.0,2.0,0.0961583715731262,heterogeneous_biological_background,0.5165785577065554,0.4509022870724216,0.2916666666666667,5.0,0.0,0.1,0.9,full_partition,target-discovery-v1,0.0,0.05,0.0674100687313213,0.0399974247962778,0.252104497230355,0.0897885009291988,4.0,pairwise_f1,hungarian,0.9583333333333334,1.0,7.0,0.1018642187749012,0.0538786904232064,0.9313015053677104,0.0761479338939363,7.0,macro,0.0,0.0,0.9369987438399844,0.7404720633490383,0.6120916022824825,0.9369987438399844,3.0,0.0641025881101375,0.0731404441647377,24.0,0.0,0.0,24.0,3.0,0.0,0.2275002415692337,0.0,0.0655921771043322,0.0998028484205397,"{""background_labels"": [""unassigned""], ""dataset_id"": ""samusik_08"", ""dimension"": 39, ""n"": 85741, ""selected_features"": [""Ter119"", ""CD45.2"", ""Ly6G"", ""IgD"", ""CD11c"", ""F480"", ""CD3"", ""NKp46"", ""CD23"", ""CD34"", ""CD115"", ""CD19"", ""120g8"", ""CD8"", ""Ly6C"", ""CD4"", ""CD11b"", ""CD27"", ""CD16_32"", ""SiglecF"", ""Foxp3"", ""B220"", ""CD5"", ""FceR1a"", ""TCRgd"", ""CCR7"", ""Sca1"", ""CD49b"", ""cKit"", ""CD150"", ""CD25"", ""TCRb"", ""CD43"", ""CD64"", ""CD138"", ""CD103"", ""IgM"", ""CD44"", ""MHCII""], ""transform"": {""cofactor"": 5.0, ""name"": ""arcsinh""}}","{""eps_values"": [10.971365928649902], ""geometry_profile"": ""high_dim"", ""knee_prominence"": 0.08, ""knn_backend"": ""faiss_hnsw"", ""max_eps_values"": 7, ""min_samples"": 5}",native_target_discovery_v1
ok,cytometry,samusik_08,kNN+Leiden,42,0.2.4,85741.0,39.0,1.2836494000002858,32.52679809999972,38.129546299998765,636.81640625,410.0,711.26171875,,0.8364762837695029,0.832488460845003,0.0,0.0,0.0,4.0,0.0,0.0,heterogeneous_biological_background,0.5,0.3763655935877107,0.4583333333333333,11.0,0.0,0.1,0.9,full_partition,target-discovery-v1,9.0,0.05,0.4011449865842702,0.2525831643735644,0.0,0.1996096508286985,11.0,pairwise_f1,hungarian,1.375,9.0,11.0,0.4837016805565176,0.3277090897552528,0.9231112817571284,0.0,11.0,macro,2.0,0.0,1.0,0.7527311871754215,0.6035035747192126,1.0,4.0,0.0,0.0,24.0,0.0,0.0833333333333333,24.0,0.0,0.0,0.8396173543337521,0.0,0.6360488193685455,0.5286375820779641,"{""background_labels"": [""unassigned""], ""dataset_id"": ""samusik_08"", ""dimension"": 39, ""n"": 85741, ""selected_features"": [""Ter119"", ""CD45.2"", ""Ly6G"", ""IgD"", ""CD11c"", ""F480"", ""CD3"", ""NKp46"", ""CD23"", ""CD34"", ""CD115"", ""CD19"", ""120g8"", ""CD8"", ""Ly6C"", ""CD4"", ""CD11b"", ""CD27"", ""CD16_32"", ""SiglecF"", ""Foxp3"", ""B220"", ""CD5"", ""FceR1a"", ""TCRgd"", ""CCR7"", ""Sca1"", ""CD49b"", ""cKit"", ""CD150"", ""CD25"", ""TCRb"", ""CD43"", ""CD64"", ""CD138"", ""CD103"", ""IgM"", ""CD44"", ""MHCII""], ""transform"": {""cofactor"": 5.0, ""name"": ""arcsinh""}}","{""edge_rank"": 15, ""geometry_profile"": ""high_dim"", ""k"": 20, ""knn_backend"": ""faiss_hnsw"", ""resolution"": 0.5, ""symmetrization"": ""union"", ""weights"": ""1/(1+d)""}",native_target_discovery_v1
ok,cytometry,samusik_08,kNN-DBSCAN,42,0.2.4,85741.0,39.0,1.4969113000042853,7.413435599999502,12.204876000003424,238.96484375,41.02734375,250.1796875,,0.0548828198535905,0.0094789258972998,0.5352394087276328,0.8904282856806683,0.3826154001718995,3.0,0.0,0.8904282856806683,heterogeneous_biological_background,0.4732361739544515,0.3173027607283872,0.3333333333333333,8.0,0.0,0.1,0.9,full_partition,target-discovery-v1,0.0,0.05,0.0132879115970435,0.0079668291460998,0.9706146945388224,0.0887582195245321,4.0,pairwise_f1,hungarian,0.1666666666666666,1.0,8.0,0.0135980055293349,0.0629000941742152,0.0076229874222295,0.9227324150639716,8.0,macro,0.0,0.0,0.0560440622282346,0.0993661127291416,0.4377358490566038,0.0560440622282346,3.0,0.0156999703769372,0.0149306492252518,24.0,0.0,0.0,24.0,4.0,0.0,0.0167745675910716,0.0,0.0100746035508507,0.272372916621151,"{""background_labels"": [""unassigned""], ""dataset_id"": ""samusik_08"", ""dimension"": 39, ""n"": 85741, ""selected_features"": [""Ter119"", ""CD45.2"", ""Ly6G"", ""IgD"", ""CD11c"", ""F480"", ""CD3"", ""NKp46"", ""CD23"", ""CD34"", ""CD115"", ""CD19"", ""120g8"", ""CD8"", ""Ly6C"", ""CD4"", ""CD11b"", ""CD27"", ""CD16_32"", ""SiglecF"", ""Foxp3"", ""B220"", ""CD5"", ""FceR1a"", ""TCRgd"", ""CCR7"", ""Sca1"", ""CD49b"", ""cKit"", ""CD150"", ""CD25"", ""TCRb"", ""CD43"", ""CD64"", ""CD138"", ""CD103"", ""IgM"", ""CD44"", ""MHCII""], ""transform"": {""cofactor"": 5.0, ""name"": ""arcsinh""}}","{""eps"": 4.2393951416015625, ""eps_quantile"": 0.05, ""geometry_profile"": ""high_dim"", ""k"": 4, ""knn_backend"": ""faiss_hnsw"", ""min_samples"": 5}",native_target_discovery_v1
error,cytometry,samusik_09,AMD-DBSCAN,42,,,,,,4.695964200000162,,,248.22265625,MemoryError,,,,,,,,,,,,,,,,,,,,,,,,,,,,,,,,,,,,,,,,,,,,,,,,,,,,,,,,{},{},native_target_discovery_v1
ok,cytometry,samusik_09,DBSCAN,42,0.2.4,83506.0,39.0,1.3055320999992546,34.87363809999806,39.40147509999952,236.44921875,37.953125,246.6015625,,0.0559498403862166,0.0040978911056814,0.513553923161932,0.8904418394950406,0.3608294509911391,5.0,2.0,0.8904418394950406,heterogeneous_biological_background,0.478345181005003,0.3153466806148606,0.5833333333333334,12.0,0.0,0.1,0.9,full_partition,target-discovery-v1,0.0,0.05,0.0086253801967978,0.0079560633247056,0.9695164202804716,0.1113248802892602,4.0,pairwise_f1,hungarian,0.1666666666666666,1.0,14.0,0.0194889301115853,0.0899416728490114,0.0109284788367761,0.917646636169856,14.0,macro,0.0,0.0,0.0662485225149654,0.1171394380677891,0.5053075468954485,0.0662485225149654,5.0,0.0156693740837196,0.0167645814257462,24.0,0.0,0.0,24.0,10.0,0.0,0.0225721584626529,0.0,0.0208315680274503,0.3863130395151717,"{""background_labels"": [""unassigned""], ""dataset_id"": ""samusik_09"", ""dimension"": 39, ""n"": 83506, ""selected_features"": [""Ter119"", ""CD45.2"", ""Ly6G"", ""IgD"", ""CD11c"", ""F480"", ""CD3"", ""NKp46"", ""CD23"", ""CD34"", ""CD115"", ""CD19"", ""120g8"", ""CD8"", ""Ly6C"", ""CD4"", ""CD11b"", ""CD27"", ""CD16_32"", ""SiglecF"", ""Foxp3"", ""B220"", ""CD5"", ""FceR1a"", ""TCRgd"", ""CCR7"", ""Sca1"", ""CD49b"", ""cKit"", ""CD150"", ""CD25"", ""TCRb"", ""CD43"", ""CD64"", ""CD138"", ""CD103"", ""IgM"", ""CD44"", ""MHCII""], ""transform"": {""cofactor"": 5.0, ""name"": ""arcsinh""}}","{""eps"": 4.388091087341309, ""eps_quantile"": 0.05, ""geometry_profile"": ""high_dim"", ""knn_backend"": ""faiss_hnsw"", ""min_samples"": 5}",native_target_discovery_v1
ok,cytometry,samusik_09,HDBSCAN,42,0.2.4,83506.0,39.0,1.2133684000000358,859.4457254000008,863.9221315000032,239.25,43.14453125,249.7734375,,0.0679599376545335,0.0223586685943343,0.1482556547456049,0.0871763493494783,0.4952433223563849,0.0,0.0,0.0871763493494783,heterogeneous_biological_background,0.5172889410605248,0.4549499341363318,0.125,3.0,0.0,0.1,0.9,full_partition,target-discovery-v1,0.0,0.05,0.0686740007153523,0.0424461649320618,0.2120221032046471,0.0747548082263027,3.0,pairwise_f1,hungarian,1.0,1.0,3.0,0.113617279777864,0.0604278504189392,0.9485007753071684,0.0654563743922592,3.0,macro,0.0,0.0,0.9474015327715712,0.7616442135270587,0.6367888262429523,0.9474015327715712,0.0,0.0659971046325545,0.0767148887790428,24.0,0.0,0.0,24.0,0.0,0.0,0.2212795973614977,0.0,0.0629448539344554,0.0410339055521569,"{""background_labels"": [""unassigned""], ""dataset_id"": ""samusik_09"", ""dimension"": 39, ""n"": 83506, ""selected_features"": [""Ter119"", ""CD45.2"", ""Ly6G"", ""IgD"", ""CD11c"", ""F480"", ""CD3"", ""NKp46"", ""CD23"", ""CD34"", ""CD115"", ""CD19"", ""120g8"", ""CD8"", ""Ly6C"", ""CD4"", ""CD11b"", ""CD27"", ""CD16_32"", ""SiglecF"", ""Foxp3"", ""B220"", ""CD5"", ""FceR1a"", ""TCRgd"", ""CCR7"", ""Sca1"", ""CD49b"", ""cKit"", ""CD150"", ""CD25"", ""TCRb"", ""CD43"", ""CD64"", ""CD138"", ""CD103"", ""IgM"", ""CD44"", ""MHCII""], ""transform"": {""cofactor"": 5.0, ""name"": ""arcsinh""}}","{""geometry_profile"": ""high_dim"", ""knn_backend"": ""faiss_hnsw"", ""min_cluster_size"": 8, ""min_samples"": 5}",native_target_discovery_v1
ok,cytometry,samusik_09,OPTICS,42,0.2.4,83506.0,39.0,1.2468963000064832,110.79367479999928,115.29068030000052,243.62890625,45.9765625,248.3671875,,0.0006230910755401,2.316649848732733e-06,0.5417285417285417,0.9985830220275668,0.3716826888499988,3.0,2.0,0.9985830220275668,heterogeneous_biological_background,0.4996346688282493,0.2715495413557621,0.25,4.0,0.0,0.1,0.9,full_partition,target-discovery-v1,0.0,0.05,0.0001532692680319,0.000305644337783,0.9997785197799944,0.0649744572158365,3.0,pairwise_f1,hungarian,0.0,0.0,6.0,1.5458148931368763e-06,0.2249240121580547,7.729101025230784e-07,0.9990419850070652,6.0,macro,0.0,0.0,0.000686315628932,0.0013705409829824,0.45,0.000686315628932,3.0,0.0006109439797384,4.614095443827761e-06,24.0,0.0,0.0,24.0,3.0,0.0,0.0004194151065695,0.0,0.000836210084772,0.1650020079626052,"{""background_labels"": [""unassigned""], ""dataset_id"": ""samusik_09"", ""dimension"": 39, ""n"": 83506, ""selected_features"": [""Ter119"", ""CD45.2"", ""Ly6G"", ""IgD"", ""CD11c"", ""F480"", ""CD3"", ""NKp46"", ""CD23"", ""CD34"", ""CD115"", ""CD19"", ""120g8"", ""CD8"", ""Ly6C"", ""CD4"", ""CD11b"", ""CD27"", ""CD16_32"", ""SiglecF"", ""Foxp3"", ""B220"", ""CD5"", ""FceR1a"", ""TCRgd"", ""CCR7"", ""Sca1"", ""CD49b"", ""cKit"", ""CD150"", ""CD25"", ""TCRb"", ""CD43"", ""CD64"", ""CD138"", ""CD103"", ""IgM"", ""CD44"", ""MHCII""], ""transform"": {""cofactor"": 5.0, ""name"": ""arcsinh""}}","{""geometry_profile"": ""high_dim"", ""knn_backend"": ""faiss_hnsw"", ""max_eps"": 4.846458435058594, ""max_eps_quantile"": 0.1, ""min_cluster_size"": 8, ""min_samples"": 5, ""xi"": 0.03}",native_target_discovery_v1
ok,cytometry,samusik_09,SNN-DBSCAN,42,0.2.4,83506.0,39.0,1.2064606999992975,7.493358700005047,12.466371299997263,337.26171875,100.47265625,332.65625,,0.0104722722364973,0.0018061394386168,0.5394641119807873,0.9910472755378076,0.3705969484218259,37.0,25.0,0.9910472755378076,heterogeneous_biological_background,0.4973252162948503,0.273303417075785,2.4166666666666665,33.0,0.0,0.1,0.9,full_partition,target-discovery-v1,1.0,0.05,0.0310251903090385,0.0458391987861016,0.962316869534536,0.4735048516298517,19.0,pairwise_f1,hungarian,0.1666666666666666,0.0,58.0,7.311232209487274e-06,0.3358925143953934,3.655655890311857e-06,0.994407587478744,58.0,macro,0.0,0.0,0.003603157051893,0.0071427221707828,0.4047109207708779,0.003603157051893,37.0,0.0844984206040271,2.192990165567559e-05,24.0,0.0,0.0,24.0,39.0,0.0,0.0023639760552102,0.0,0.0044503442591648,0.3564342606021982,"{""background_labels"": [""unassigned""], ""dataset_id"": ""samusik_09"", ""dimension"": 39, ""n"": 83506, ""selected_features"": [""Ter119"", ""CD45.2"", ""Ly6G"", ""IgD"", ""CD11c"", ""F480"", ""CD3"", ""NKp46"", ""CD23"", ""CD34"", ""CD115"", ""CD19"", ""120g8"", ""CD8"", ""Ly6C"", ""CD4"", ""CD11b"", ""CD27"", ""CD16_32"", ""SiglecF"", ""Foxp3"", ""B220"", ""CD5"", ""FceR1a"", ""TCRgd"", ""CCR7"", ""Sca1"", ""CD49b"", ""cKit"", ""CD150"", ""CD25"", ""TCRb"", ""CD43"", ""CD64"", ""CD138"", ""CD103"", ""IgM"", ""CD44"", ""MHCII""], ""transform"": {""cofactor"": 5.0, ""name"": ""arcsinh""}}","{""eps"": 13, ""geometry_profile"": ""high_dim"", ""k"": 20, ""knn_backend"": ""faiss_hnsw"", ""min_samples"": 5}",native_target_discovery_v1
ok,cytometry,samusik_09,StrataSCAN,42,0.2.4,83506.0,39.0,1.2561702999955742,12.942088000003425,17.629313999997976,487.58203125,287.6328125,486.26171875,,0.3931264174216094,0.2030092879191811,0.367476800707026,0.334761045987376,0.4072797084982173,154.0,86.0,0.334761045987376,heterogeneous_biological_background,0.523177983625861,0.5217229526321877,20.0,394.0,2.0,0.1,0.9,full_partition,target-discovery-v1,3.0,0.05,0.2276810643565376,0.199363908798741,0.3010126185992944,0.4910615584330544,19.0,pairwise_f1,hungarian,1.125,4.0,480.0,0.1816515930051755,0.1149600337576597,0.4326358658718129,0.305642708308385,480.0,macro,0.0,0.0,0.7115949212643459,0.6759691045573494,0.6437404066709208,0.7115949212643459,154.0,0.2584910016279037,0.2265474806136156,24.0,0.0833333333333333,0.0,24.0,461.0,0.0,0.4125138216341937,0.2725054333320624,0.3667149543534661,0.6828085893128776,"{""background_labels"": [""unassigned""], ""dataset_id"": ""samusik_09"", ""dimension"": 39, ""n"": 83506, ""selected_features"": [""Ter119"", ""CD45.2"", ""Ly6G"", ""IgD"", ""CD11c"", ""F480"", ""CD3"", ""NKp46"", ""CD23"", ""CD34"", ""CD115"", ""CD19"", ""120g8"", ""CD8"", ""Ly6C"", ""CD4"", ""CD11b"", ""CD27"", ""CD16_32"", ""SiglecF"", ""Foxp3"", ""B220"", ""CD5"", ""FceR1a"", ""TCRgd"", ""CCR7"", ""Sca1"", ""CD49b"", ""cKit"", ""CD150"", ""CD25"", ""TCRb"", ""CD43"", ""CD64"", ""CD138"", ""CD103"", ""IgM"", ""CD44"", ""MHCII""], ""transform"": {""cofactor"": 5.0, ""name"": ""arcsinh""}}","{""ambiguous_model_confirmation_tolerance"": 1e-05, ""assignment"": ""maximum_posterior_basis_then_semantic_role"", ""background_model"": ""adaptive_gamma_basis_mixture_with_largest_rate_gap"", ""background_scan"": ""adaptive_dyadic_rank_windows_with_poisson_beta_boundary_code"", ""border_rule"": ""strict_local_core_radius"", ""component_initialization"": ""compiled_split_warm_single_start_with_guarded_confirmation"", ""component_selection"": ""semantic_icl_with_adaptive_bound"", ""connectivity"": ""density_ordered_non_merging_knn_watershed"", ""core_thresholds"": ""observed_d4_event_sweep"", ""duplicate_profile_confirmation_minimum"": 3, ""duplicate_profile_confirmation_tolerance"": 1e-08, ""extraction_objective"": ""gamma_topology_description_length"", ""fit_samples"": ""all_rows"", ""gamma_tolerance"": 0.0001, ""geometry_profile"": ""high_dim"", ""hard_component_bound"": 24, ""initial_component_bound"": 8, ""k"": 32, ""knn_backend"": ""faiss_hnsw"", ""shell_ranks"": [4, 8, 16, 32], ""stratification_model"": ""adaptive_gamma_density_basis_with_semantic_background"", ""version"": ""0.2.3""}",native_target_discovery_v1
ok,cytometry,samusik_09,VDBSCAN-2007,42,0.2.4,83506.0,39.0,1.215663199996925,66.2617134999964,70.8309650999945,5596.62109375,5396.90625,5609.62109375,,0.0681012759744161,0.0238327892381653,0.161752859674561,0.0969985830220275,0.4865912762520193,3.0,1.0,0.0969985830220275,heterogeneous_biological_background,0.5182060822228756,0.4605943923864058,0.25,5.0,0.0,0.1,0.9,full_partition,target-discovery-v1,0.0,0.05,0.0640893533493129,0.0369549926821545,0.2288363904498493,0.0922676562785756,4.0,pairwise_f1,hungarian,0.9583333333333334,1.0,6.0,0.1142316430283672,0.0608204625219208,0.937691580522093,0.0741264100783177,6.0,macro,0.0,0.0,0.9394135814237236,0.7594359250982508,0.6373325055615914,0.9394135814237236,3.0,0.0601644643097463,0.0714347695392843,24.0,0.0,0.0,24.0,2.0,0.0,0.2192397147977275,0.0,0.0629115887442813,0.0916216697789077,"{""background_labels"": [""unassigned""], ""dataset_id"": ""samusik_09"", ""dimension"": 39, ""n"": 83506, ""selected_features"": [""Ter119"", ""CD45.2"", ""Ly6G"", ""IgD"", ""CD11c"", ""F480"", ""CD3"", ""NKp46"", ""CD23"", ""CD34"", ""CD115"", ""CD19"", ""120g8"", ""CD8"", ""Ly6C"", ""CD4"", ""CD11b"", ""CD27"", ""CD16_32"", ""SiglecF"", ""Foxp3"", ""B220"", ""CD5"", ""FceR1a"", ""TCRgd"", ""CCR7"", ""Sca1"", ""CD49b"", ""cKit"", ""CD150"", ""CD25"", ""TCRb"", ""CD43"", ""CD64"", ""CD138"", ""CD103"", ""IgM"", ""CD44"", ""MHCII""], ""transform"": {""cofactor"": 5.0, ""name"": ""arcsinh""}}","{""eps_values"": [10.67824935913086], ""geometry_profile"": ""high_dim"", ""knee_prominence"": 0.08, ""knn_backend"": ""faiss_hnsw"", ""max_eps_values"": 7, ""min_samples"": 5}",native_target_discovery_v1
ok,cytometry,samusik_09,kNN+Leiden,42,0.2.4,83506.0,39.0,1.237428299995372,29.659449300001143,35.00620780000463,622.91796875,396.18359375,696.9921875,,0.836564524731072,0.8416395321055481,0.0,0.0,0.0,5.0,0.0,0.0,heterogeneous_biological_background,0.5,0.3858046484260076,0.5,12.0,0.0,0.1,0.9,full_partition,target-discovery-v1,10.0,0.05,0.4755104408289339,0.284008484009629,0.0,0.2245293102219676,12.0,pairwise_f1,hungarian,1.4166666666666667,8.0,12.0,0.5336435877214238,0.3774046882389369,0.9106272402577372,0.0,12.0,macro,3.0,1.0,1.0,0.7716092968520153,0.6281464804924197,1.0,5.0,0.0,0.0,24.0,0.0,0.125,24.0,0.0,0.0,0.8481336027757654,0.0,0.6621655181057982,0.5661944559128096,"{""background_labels"": [""unassigned""], ""dataset_id"": ""samusik_09"", ""dimension"": 39, ""n"": 83506, ""selected_features"": [""Ter119"", ""CD45.2"", ""Ly6G"", ""IgD"", ""CD11c"", ""F480"", ""CD3"", ""NKp46"", ""CD23"", ""CD34"", ""CD115"", ""CD19"", ""120g8"", ""CD8"", ""Ly6C"", ""CD4"", ""CD11b"", ""CD27"", ""CD16_32"", ""SiglecF"", ""Foxp3"", ""B220"", ""CD5"", ""FceR1a"", ""TCRgd"", ""CCR7"", ""Sca1"", ""CD49b"", ""cKit"", ""CD150"", ""CD25"", ""TCRb"", ""CD43"", ""CD64"", ""CD138"", ""CD103"", ""IgM"", ""CD44"", ""MHCII""], ""transform"": {""cofactor"": 5.0, ""name"": ""arcsinh""}}","{""edge_rank"": 15, ""geometry_profile"": ""high_dim"", ""k"": 20, ""knn_backend"": ""faiss_hnsw"", ""resolution"": 0.5, ""symmetrization"": ""union"", ""weights"": ""1/(1+d)""}",native_target_discovery_v1
ok,cytometry,samusik_09,kNN-DBSCAN,42,0.2.4,83506.0,39.0,1.2451369000045815,6.699726200000441,11.065425700006015,239.48828125,43.09375,247.61328125,,0.0557753230441178,0.0040320584860966,0.5135667192868418,0.8905384516295247,0.3608262219786529,5.0,2.0,0.8905384516295247,heterogeneous_biological_background,0.4783362941031674,0.315260821630542,0.7083333333333334,15.0,0.0,0.1,0.9,full_partition,target-discovery-v1,0.0,0.05,0.0086211409281693,0.0079997590306728,0.969597208932853,0.132168458781362,4.0,pairwise_f1,hungarian,0.1666666666666666,1.0,17.0,0.0192793474958343,0.0897473721286931,0.0107996535232015,0.9177544128565612,17.0,macro,0.0,0.0,0.0661341365768101,0.1169549239742422,0.5050960978450786,0.0661341365768101,5.0,0.0157541183003976,0.0167766556063235,24.0,0.0,0.0,24.0,13.0,0.0,0.0225530941396271,0.0,0.0209298979215186,0.4091121724267571,"{""background_labels"": [""unassigned""], ""dataset_id"": ""samusik_09"", ""dimension"": 39, ""n"": 83506, ""selected_features"": [""Ter119"", ""CD45.2"", ""Ly6G"", ""IgD"", ""CD11c"", ""F480"", ""CD3"", ""NKp46"", ""CD23"", ""CD34"", ""CD115"", ""CD19"", ""120g8"", ""CD8"", ""Ly6C"", ""CD4"", ""CD11b"", ""CD27"", ""CD16_32"", ""SiglecF"", ""Foxp3"", ""B220"", ""CD5"", ""FceR1a"", ""TCRgd"", ""CCR7"", ""Sca1"", ""CD49b"", ""cKit"", ""CD150"", ""CD25"", ""TCRb"", ""CD43"", ""CD64"", ""CD138"", ""CD103"", ""IgM"", ""CD44"", ""MHCII""], ""transform"": {""cofactor"": 5.0, ""name"": ""arcsinh""}}","{""eps"": 4.388091087341309, ""eps_quantile"": 0.05, ""geometry_profile"": ""high_dim"", ""k"": 4, ""knn_backend"": ""faiss_hnsw"", ""min_samples"": 5}",native_target_discovery_v1
error,cytometry,samusik_10,AMD-DBSCAN,42,,,,,,4.14304849999462,,,241.59765625,MemoryError,,,,,,,,,,,,,,,,,,,,,,,,,,,,,,,,,,,,,,,,,,,,,,,,,,,,,,,,{},{},native_target_discovery_v1
ok,cytometry,samusik_10,DBSCAN,42,0.2.4,75513.0,39.0,1.1262262999953236,29.58269609999843,33.79499119999673,239.66015625,43.140625,243.046875,,0.0576341575875759,0.0161278370168202,0.5618955037754932,0.890424174524632,0.4104550410282894,4.0,2.0,0.890424174524632,heterogeneous_biological_background,0.4715375828824174,0.3273846737135065,0.6666666666666666,14.0,0.0,0.1,0.9,full_partition,target-discovery-v1,0.0,0.05,0.0090218847225135,0.0083632619673953,0.9664161852231974,0.1180710792874607,5.0,pairwise_f1,hungarian,0.1666666666666666,1.0,16.0,0.0109122949318348,0.0503037576483922,0.0061199408107291,0.923125819395336,16.0,macro,0.0,0.0,0.0526509912402028,0.0928738436515197,0.3934539190353144,0.0526509912402028,4.0,0.0164812172251457,0.0140851675135913,24.0,0.0,0.0,24.0,11.0,0.0,0.0236745043798985,0.0,0.0218831455158259,0.3566205656918761,"{""background_labels"": [""unassigned""], ""dataset_id"": ""samusik_10"", ""dimension"": 39, ""n"": 75513, ""selected_features"": [""Ter119"", ""CD45.2"", ""Ly6G"", ""IgD"", ""CD11c"", ""F480"", ""CD3"", ""NKp46"", ""CD23"", ""CD34"", ""CD115"", ""CD19"", ""120g8"", ""CD8"", ""Ly6C"", ""CD4"", ""CD11b"", ""CD27"", ""CD16_32"", ""SiglecF"", ""Foxp3"", ""B220"", ""CD5"", ""FceR1a"", ""TCRgd"", ""CCR7"", ""Sca1"", ""CD49b"", ""cKit"", ""CD150"", ""CD25"", ""TCRb"", ""CD43"", ""CD64"", ""CD138"", ""CD103"", ""IgM"", ""CD44"", ""MHCII""], ""transform"": {""cofactor"": 5.0, ""name"": ""arcsinh""}}","{""eps"": 4.322686195373535, ""eps_quantile"": 0.05, ""geometry_profile"": ""high_dim"", ""knn_backend"": ""faiss_hnsw"", ""min_samples"": 5}",native_target_discovery_v1
ok,cytometry,samusik_10,HDBSCAN,42,0.2.4,75513.0,39.0,1.089819400003762,817.7152243000019,821.882523399996,232.39453125,36.265625,240.83984375,,0.077141441676136,0.0249932675133179,0.153284865915688,0.0895652444527432,0.5311923218899963,0.0,0.0,0.0895652444527432,heterogeneous_biological_background,0.5155064580954357,0.4365454953063789,0.125,3.0,0.0,0.1,0.9,full_partition,target-discovery-v1,0.0,0.05,0.0740031121446325,0.0472800081620425,0.2135528167044361,0.0677582348407428,3.0,pairwise_f1,hungarian,1.0,1.0,3.0,0.0989449153604204,0.0522246398490878,0.9387755338346132,0.0717492352310198,3.0,macro,0.0,0.0,0.9414476717381282,0.7198061246970697,0.5826378486339967,0.9414476717381282,0.0,0.0722689827412408,0.0794049428432145,24.0,0.0,0.0,24.0,0.0,0.0,0.2398109727985246,0.0,0.0680851276073608,0.0434307496797869,"{""background_labels"": [""unassigned""], ""dataset_id"": ""samusik_10"", ""dimension"": 39, ""n"": 75513, ""selected_features"": [""Ter119"", ""CD45.2"", ""Ly6G"", ""IgD"", ""CD11c"", ""F480"", ""CD3"", ""NKp46"", ""CD23"", ""CD34"", ""CD115"", ""CD19"", ""120g8"", ""CD8"", ""Ly6C"", ""CD4"", ""CD11b"", ""CD27"", ""CD16_32"", ""SiglecF"", ""Foxp3"", ""B220"", ""CD5"", ""FceR1a"", ""TCRgd"", ""CCR7"", ""Sca1"", ""CD49b"", ""cKit"", ""CD150"", ""CD25"", ""TCRb"", ""CD43"", ""CD64"", ""CD138"", ""CD103"", ""IgM"", ""CD44"", ""MHCII""], ""transform"": {""cofactor"": 5.0, ""name"": ""arcsinh""}}","{""geometry_profile"": ""high_dim"", ""knn_backend"": ""faiss_hnsw"", ""min_cluster_size"": 8, ""min_samples"": 5}",native_target_discovery_v1
ok,cytometry,samusik_10,OPTICS,42,0.2.4,75513.0,39.0,1.1386160999973072,91.1171519999989,95.41462230000616,239.2734375,41.28125,241.34765625,,0.0002862278612079,-0.000176464486175,0.5968792691653578,0.9993775869044283,0.4255068239035378,2.0,0.0,0.9993775869044283,heterogeneous_biological_background,0.4999538925762345,0.2989693077973347,0.1666666666666666,4.0,0.0,0.1,0.9,full_partition,target-discovery-v1,0.0,0.05,9.422914902893578e-05,0.0001881976660492,0.9998881421822264,0.0745726495726495,3.0,pairwise_f1,hungarian,0.0,0.0,4.0,1.2321181980784983e-06,0.3878504672897196,6.160600775849733e-07,0.9994305616251506,4.0,macro,0.0,0.0,0.0005301982480405,0.0010593464293116,0.5348837209302325,0.0005301982480405,2.0,0.0003762766910286,3.6723046675847103e-06,24.0,0.0,0.0,24.0,1.0,0.0,0.0004610419548178,0.0,0.0009209124336937,0.3838854015202563,"{""background_labels"": [""unassigned""], ""dataset_id"": ""samusik_10"", ""dimension"": 39, ""n"": 75513, ""selected_features"": [""Ter119"", ""CD45.2"", ""Ly6G"", ""IgD"", ""CD11c"", ""F480"", ""CD3"", ""NKp46"", ""CD23"", ""CD34"", ""CD115"", ""CD19"", ""120g8"", ""CD8"", ""Ly6C"", ""CD4"", ""CD11b"", ""CD27"", ""CD16_32"", ""SiglecF"", ""Foxp3"", ""B220"", ""CD5"", ""FceR1a"", ""TCRgd"", ""CCR7"", ""Sca1"", ""CD49b"", ""cKit"", ""CD150"", ""CD25"", ""TCRb"", ""CD43"", ""CD64"", ""CD138"", ""CD103"", ""IgM"", ""CD44"", ""MHCII""], ""transform"": {""cofactor"": 5.0, ""name"": ""arcsinh""}}","{""geometry_profile"": ""high_dim"", ""knn_backend"": ""faiss_hnsw"", ""max_eps"": 4.870959281921387, ""max_eps_quantile"": 0.1, ""min_cluster_size"": 8, ""min_samples"": 5, ""xi"": 0.03}",native_target_discovery_v1
ok,cytometry,samusik_10,SNN-DBSCAN,42,0.2.4,75513.0,39.0,1.125898500002222,6.580501999997068,11.534132000000682,336.15234375,99.99609375,339.09375,,0.0113721791231397,0.0016825098703782,0.5944509705207809,0.9921575949957988,0.4243501177973885,28.0,20.0,0.9921575949957988,heterogeneous_biological_background,0.4976002359487984,0.3002416629406756,1.75,22.0,1.0,0.1,0.9,full_partition,target-discovery-v1,1.0,0.05,0.0466899721883265,0.0635865770910209,0.94848066795255,0.3807790134514272,15.0,pairwise_f1,hungarian,0.1666666666666666,0.0,42.0,1.1549055861714396e-05,0.310207336523126,5.77463542603746e-06,0.9949147828850662,42.0,macro,1.0,0.0,0.003042876901798,0.0060323553605703,0.34375,0.003042876901798,28.0,0.1148843332756166,3.4640202986438646e-05,24.0,0.0416666666666666,0.0416666666666666,24.0,27.0,0.0,0.0024435223605348,0.0009681881051175,0.0040901977952324,0.2812074690861356,"{""background_labels"": [""unassigned""], ""dataset_id"": ""samusik_10"", ""dimension"": 39, ""n"": 75513, ""selected_features"": [""Ter119"", ""CD45.2"", ""Ly6G"", ""IgD"", ""CD11c"", ""F480"", ""CD3"", ""NKp46"", ""CD23"", ""CD34"", ""CD115"", ""CD19"", ""120g8"", ""CD8"", ""Ly6C"", ""CD4"", ""CD11b"", ""CD27"", ""CD16_32"", ""SiglecF"", ""Foxp3"", ""B220"", ""CD5"", ""FceR1a"", ""TCRgd"", ""CCR7"", ""Sca1"", ""CD49b"", ""cKit"", ""CD150"", ""CD25"", ""TCRb"", ""CD43"", ""CD64"", ""CD138"", ""CD103"", ""IgM"", ""CD44"", ""MHCII""], ""transform"": {""cofactor"": 5.0, ""name"": ""arcsinh""}}","{""eps"": 13, ""geometry_profile"": ""high_dim"", ""k"": 20, ""knn_backend"": ""faiss_hnsw"", ""min_samples"": 5}",native_target_discovery_v1
ok,cytometry,samusik_10,StrataSCAN,42,0.2.4,75513.0,39.0,1.107890800005407,10.550939499997185,14.94399649999832,456.81640625,258.578125,458.76171875,,0.0606802280070718,0.0175804715511126,0.5615596021907191,0.883888837021131,0.411497949899306,4.0,3.0,0.883888837021131,heterogeneous_biological_background,0.4737678394418702,0.3361415271139671,0.1666666666666666,1.0,0.0,0.1,0.9,full_partition,target-discovery-v1,0.0,0.05,0.0098229933403434,0.0083184921341644,0.9627582900360352,0.0072136422136422,1.0,pairwise_f1,hungarian,0.1666666666666666,1.0,4.0,0.0145157516822756,0.0539110544773339,0.0083869899393678,0.9140280481506496,4.0,macro,0.0,0.0,0.0636468418626095,0.1107234520372152,0.4252926678989525,0.0636468418626095,4.0,0.0163941347463863,0.0157162253908115,24.0,0.0,0.0,24.0,3.0,0.0,0.0258414015675426,0.0,0.0218835021288807,0.0189769674831915,"{""background_labels"": [""unassigned""], ""dataset_id"": ""samusik_10"", ""dimension"": 39, ""n"": 75513, ""selected_features"": [""Ter119"", ""CD45.2"", ""Ly6G"", ""IgD"", ""CD11c"", ""F480"", ""CD3"", ""NKp46"", ""CD23"", ""CD34"", ""CD115"", ""CD19"", ""120g8"", ""CD8"", ""Ly6C"", ""CD4"", ""CD11b"", ""CD27"", ""CD16_32"", ""SiglecF"", ""Foxp3"", ""B220"", ""CD5"", ""FceR1a"", ""TCRgd"", ""CCR7"", ""Sca1"", ""CD49b"", ""cKit"", ""CD150"", ""CD25"", ""TCRb"", ""CD43"", ""CD64"", ""CD138"", ""CD103"", ""IgM"", ""CD44"", ""MHCII""], ""transform"": {""cofactor"": 5.0, ""name"": ""arcsinh""}}","{""ambiguous_model_confirmation_tolerance"": 1e-05, ""assignment"": ""maximum_posterior_basis_then_semantic_role"", ""background_model"": ""adaptive_gamma_basis_mixture_with_largest_rate_gap"", ""background_scan"": ""adaptive_dyadic_rank_windows_with_poisson_beta_boundary_code"", ""border_rule"": ""strict_local_core_radius"", ""component_initialization"": ""compiled_split_warm_single_start_with_guarded_confirmation"", ""component_selection"": ""semantic_icl_with_adaptive_bound"", ""connectivity"": ""density_ordered_non_merging_knn_watershed"", ""core_thresholds"": ""observed_d4_event_sweep"", ""duplicate_profile_confirmation_minimum"": 3, ""duplicate_profile_confirmation_tolerance"": 1e-08, ""extraction_objective"": ""gamma_topology_description_length"", ""fit_samples"": ""all_rows"", ""gamma_tolerance"": 0.0001, ""geometry_profile"": ""high_dim"", ""hard_component_bound"": 24, ""initial_component_bound"": 8, ""k"": 32, ""knn_backend"": ""faiss_hnsw"", ""shell_ranks"": [4, 8, 16, 32], ""stratification_model"": ""adaptive_gamma_density_basis_with_semantic_background"", ""version"": ""0.2.3""}",native_target_discovery_v1
ok,cytometry,samusik_10,VDBSCAN-2007,42,0.2.4,75513.0,39.0,1.1269907000023522,51.51739970000199,55.90556839999772,4437.7578125,4241.91796875,4450.4140625,,0.0764951860391848,0.0246427562273637,0.1554635234151003,0.0911212771916721,0.5289972899728997,2.0,2.0,0.0911212771916721,heterogeneous_biological_background,0.5155122291905802,0.4374152423617608,0.2083333333333333,3.0,0.0,0.1,0.9,full_partition,target-discovery-v1,0.0,0.05,0.0701041271468383,0.039922527428538,0.2115920906424595,0.0766140651296725,3.0,pairwise_f1,hungarian,0.9583333333333334,1.0,5.0,0.0988200057441428,0.0521685291949673,0.9344290666942188,0.0732986373207262,5.0,macro,0.0,0.0,0.9399031811894882,0.7193669613084213,0.5826545485724085,0.9399031811894882,2.0,0.063530602628776,0.0721148648893233,24.0,0.0,0.0,24.0,2.0,0.0,0.2392577224527432,0.0,0.0680385985214932,0.0990521419848185,"{""background_labels"": [""unassigned""], ""dataset_id"": ""samusik_10"", ""dimension"": 39, ""n"": 75513, ""selected_features"": [""Ter119"", ""CD45.2"", ""Ly6G"", ""IgD"", ""CD11c"", ""F480"", ""CD3"", ""NKp46"", ""CD23"", ""CD34"", ""CD115"", ""CD19"", ""120g8"", ""CD8"", ""Ly6C"", ""CD4"", ""CD11b"", ""CD27"", ""CD16_32"", ""SiglecF"", ""Foxp3"", ""B220"", ""CD5"", ""FceR1a"", ""TCRgd"", ""CCR7"", ""Sca1"", ""CD49b"", ""cKit"", ""CD150"", ""CD25"", ""TCRb"", ""CD43"", ""CD64"", ""CD138"", ""CD103"", ""IgM"", ""CD44"", ""MHCII""], ""transform"": {""cofactor"": 5.0, ""name"": ""arcsinh""}}","{""eps_values"": [10.692456245422363], ""geometry_profile"": ""high_dim"", ""knee_prominence"": 0.08, ""knn_backend"": ""faiss_hnsw"", ""max_eps_values"": 7, ""min_samples"": 5}",native_target_discovery_v1
ok,cytometry,samusik_10,kNN+Leiden,42,0.2.4,75513.0,39.0,1.1657212999998592,17.92861869999615,23.110955600001034,587.0078125,361.23828125,651.53125,,0.7796934304448132,0.701178443068828,0.0,0.0,0.0,4.0,0.0,0.0,heterogeneous_biological_background,0.5,0.3648658878150942,0.5,12.0,0.0,0.1,0.9,full_partition,target-discovery-v1,15.0,0.05,0.4388981899209277,0.2469422635929816,0.0,0.1947238657387264,12.0,pairwise_f1,hungarian,1.625,12.0,12.0,0.3961842536859795,0.2611034802702228,0.8208448306473114,0.0,12.0,macro,1.0,0.0,1.0,0.7297317756301884,0.5744706209526836,1.0,4.0,0.0,0.0,24.0,0.0,0.0416666666666666,24.0,0.0,0.0,0.7078377132319041,0.0,0.5193577050537999,0.4650309211189282,"{""background_labels"": [""unassigned""], ""dataset_id"": ""samusik_10"", ""dimension"": 39, ""n"": 75513, ""selected_features"": [""Ter119"", ""CD45.2"", ""Ly6G"", ""IgD"", ""CD11c"", ""F480"", ""CD3"", ""NKp46"", ""CD23"", ""CD34"", ""CD115"", ""CD19"", ""120g8"", ""CD8"", ""Ly6C"", ""CD4"", ""CD11b"", ""CD27"", ""CD16_32"", ""SiglecF"", ""Foxp3"", ""B220"", ""CD5"", ""FceR1a"", ""TCRgd"", ""CCR7"", ""Sca1"", ""CD49b"", ""cKit"", ""CD150"", ""CD25"", ""TCRb"", ""CD43"", ""CD64"", ""CD138"", ""CD103"", ""IgM"", ""CD44"", ""MHCII""], ""transform"": {""cofactor"": 5.0, ""name"": ""arcsinh""}}","{""edge_rank"": 15, ""geometry_profile"": ""high_dim"", ""k"": 20, ""knn_backend"": ""faiss_hnsw"", ""resolution"": 0.5, ""symmetrization"": ""union"", ""weights"": ""1/(1+d)""}",native_target_discovery_v1
ok,cytometry,samusik_10,kNN-DBSCAN,42,0.2.4,75513.0,39.0,1.150634199999331,5.952990099998715,10.217613699998765,236.96484375,38.53125,243.0625,,0.0575145953570241,0.0161008898281153,0.5619605879407347,0.8905797777985249,0.4104914364403133,5.0,3.0,0.8905797777985249,heterogeneous_biological_background,0.4716038584704934,0.3274025473712091,0.7916666666666666,16.0,0.0,0.1,0.9,full_partition,target-discovery-v1,0.0,0.05,0.008925494957354,0.0083008369473971,0.9664249479291208,0.1150570249178188,5.0,pairwise_f1,hungarian,0.1666666666666666,1.0,19.0,0.0107640958882836,0.0501346018374085,0.0060293057552184,0.9232052759127568,19.0,macro,0.0,0.0,0.0526279391424619,0.0928445068016836,0.3936885669943094,0.0526279391424619,5.0,0.0163600166792784,0.0139437145840425,24.0,0.0,0.0,24.0,14.0,0.0,0.0234209313047487,0.0,0.0217190520441352,0.3535851076379847,"{""background_labels"": [""unassigned""], ""dataset_id"": ""samusik_10"", ""dimension"": 39, ""n"": 75513, ""selected_features"": [""Ter119"", ""CD45.2"", ""Ly6G"", ""IgD"", ""CD11c"", ""F480"", ""CD3"", ""NKp46"", ""CD23"", ""CD34"", ""CD115"", ""CD19"", ""120g8"", ""CD8"", ""Ly6C"", ""CD4"", ""CD11b"", ""CD27"", ""CD16_32"", ""SiglecF"", ""Foxp3"", ""B220"", ""CD5"", ""FceR1a"", ""TCRgd"", ""CCR7"", ""Sca1"", ""CD49b"", ""cKit"", ""CD150"", ""CD25"", ""TCRb"", ""CD43"", ""CD64"", ""CD138"", ""CD103"", ""IgM"", ""CD44"", ""MHCII""], ""transform"": {""cofactor"": 5.0, ""name"": ""arcsinh""}}","{""eps"": 4.322686195373535, ""eps_quantile"": 0.05, ""geometry_profile"": ""high_dim"", ""k"": 4, ""knn_backend"": ""faiss_hnsw"", ""min_samples"": 5}",native_target_discovery_v1
