status,suite,dataset_id,method,seed,package_version,n,dimension,load_seconds,runtime_seconds,process_runtime_seconds,peak_rss_mb,incremental_rss_mb,process_peak_rss_mb,error_type,ami_signal,ari_signal,background_majority_predicted_clusters,background_only_predicted_clusters,background_rejection,background_semantics,binary_balanced_accuracy,binary_macro_f1,candidate_clusters_per_target,candidate_clusters_with_target_overlap,discovered_target_count,discovery_coverage_threshold,discovery_purity_threshold,evaluation_mode,evaluation_protocol_version,extra_signal_fragments,fragment_min_target_fraction,macro_target_coverage,macro_target_f1,macro_target_noise_loss,macro_target_purity,matched_predicted_cluster_count,matching_objective,matching_strategy,mean_target_fragments,merged_predicted_clusters,n_clusters,noise_aware_macro_f1,noise_evidence_f1,noise_f1,noise_fraction,noise_precision,noise_recall,pairwise_f1,pairwise_precision,pairwise_recall,predicted_abstention_fraction,predicted_cluster_count,primary_target_aggregation,recovered_truth_clusters_f1_080,recovered_truth_clusters_f1_090,signal_coverage,signal_f1,signal_precision,signal_recall,spurious_background_majority_clusters,target_count,target_discovery_rate,target_success_rate_f1_080,truth_clusters,unmatched_predicted_cluster_count,unmatched_target_score,weighted_target_coverage,weighted_target_discovery_rate,weighted_target_f1,weighted_target_purity,dataset_metadata_json,parameters_json,evaluation_generation
ok,synthetic,moons_noise50__quality__n20000,AMD-DBSCAN,211,0.2.4,20000,2,0.0559855000010429,4.875501200000144,7.757271300000866,6289.59375,6103.6484375,6289.609375,,0.9781531752863866,0.9918181750617524,285,283,0.0,known_synthetic_noise,0.5,0.3333333333333333,144.0,5,2,0.1,0.9,full_partition,target-discovery-v1,0,0.05,0.9959,0.9695340702721746,0.0,0.9445420944295504,2,pairwise_f1,hungarian,1.0,0,288,0.0,0.0,0.0,0.0,0.0,0.0,0.6028989156577691,0.4330751350910561,0.9918297659531906,0.0,288,macro,2,2,1.0,0.6666666666666666,0.5,1.0,285,2,1.0,1.0,2,286,0.0,0.9959,1.0,0.9695340702721748,0.9445420944295504,"{""dimension"": 2, ""family"": ""moons"", ""n"": 20000}","{""adaptive_rank"": 71, ""balance_rounds"": 3, ""eps_values"": [0.05485011606047373, 0.3115716685399273, 0.3790703881361071], ""geometry_profile"": ""low_dim"", ""knn_backend"": ""kd_tree"", ""n_density_levels"": 3}",native_target_discovery_v1
ok,synthetic,moons_noise50__quality__n20000,AMD-DBSCAN,223,0.2.4,20000,2,0.0573361000006116,4.748884700000417,7.674920999999813,6290.01953125,6103.6484375,6290.01953125,,0.9746684627243924,0.9908213540030044,290,285,0.0,known_synthetic_noise,0.5,0.3333333333333333,146.5,8,2,0.1,0.9,full_partition,target-discovery-v1,0,0.05,0.9955,0.9698495947855929,0.0,0.9454908496831548,2,pairwise_f1,hungarian,1.0,0,293,0.0,0.0,0.0,0.0,0.0,0.0,0.6042349006148144,0.434608853070913,0.991029725945189,0.0,293,macro,2,2,1.0,0.6666666666666666,0.5,1.0,290,2,1.0,1.0,2,291,0.0,0.9955,1.0,0.9698495947855929,0.9454908496831546,"{""dimension"": 2, ""family"": ""moons"", ""n"": 20000}","{""adaptive_rank"": 71, ""balance_rounds"": 3, ""eps_values"": [0.05425848661259933, 0.3025302612530687, 0.37988438729666474], ""geometry_profile"": ""low_dim"", ""knn_backend"": ""kd_tree"", ""n_density_levels"": 3}",native_target_discovery_v1
ok,synthetic,moons_noise50__quality__n20000,AMD-DBSCAN,227,0.2.4,20000,2,0.057580799999414,4.782245500000499,7.70170010000038,6289.8828125,6103.64453125,6289.8828125,,0.9763288854026508,0.9910196538395852,261,256,0.0,known_synthetic_noise,0.5,0.3333333333333333,131.5,7,2,0.1,0.9,full_partition,target-discovery-v1,0,0.05,0.9955,0.9703201774044552,0.0,0.946382814262889,2,pairwise_f1,hungarian,1.0,0,263,0.0,0.0,0.0,0.0,0.0,0.0,0.5907306966840601,0.4207707372875016,0.9910347269453892,0.0,263,macro,2,2,1.0,0.6666666666666666,0.5,1.0,261,2,1.0,1.0,2,261,0.0,0.9955,1.0,0.9703201774044552,0.9463828142628892,"{""dimension"": 2, ""family"": ""moons"", ""n"": 20000}","{""adaptive_rank"": 71, ""balance_rounds"": 3, ""eps_values"": [0.054132581839539305, 0.3124910375007307, 0.38146206881039413], ""geometry_profile"": ""low_dim"", ""knn_backend"": ""kd_tree"", ""n_density_levels"": 3}",native_target_discovery_v1
ok,synthetic,moons_noise50__quality__n20000,AMD-DBSCAN,229,0.2.4,20000,2,0.0577068000002327,4.853623200000584,7.762546099998872,6289.640625,6103.6484375,6289.640625,,0.9832330413269492,0.9940093175295678,267,265,0.0,known_synthetic_noise,0.5,0.3333333333333333,135.0,5,2,0.1,0.9,full_partition,target-discovery-v1,0,0.05,0.9971,0.9709806548161636,0.0,0.9461950530475722,2,pairwise_f1,hungarian,1.0,0,270,0.0,0.0,0.0,0.0,0.0,0.0,0.5977271261404787,0.4273158619673576,0.9942145229045808,0.0,270,macro,2,2,1.0,0.6666666666666666,0.5,1.0,267,2,1.0,1.0,2,268,0.0,0.9971,1.0,0.9709806548161638,0.9461950530475722,"{""dimension"": 2, ""family"": ""moons"", ""n"": 20000}","{""adaptive_rank"": 71, ""balance_rounds"": 3, ""eps_values"": [0.053904977723976455, 0.3120230318106187, 0.3779127263997974], ""geometry_profile"": ""low_dim"", ""knn_backend"": ""kd_tree"", ""n_density_levels"": 3}",native_target_discovery_v1
ok,synthetic,moons_noise50__quality__n20000,AMD-DBSCAN,233,0.2.4,20000,2,0.0574599000010493,4.8700817999997525,7.774368599999434,6290.1796875,6103.64453125,6290.1796875,,0.975202157825719,0.9910214940150672,264,258,0.0,known_synthetic_noise,0.5,0.3333333333333333,134.0,10,2,0.1,0.9,full_partition,target-discovery-v1,0,0.05,0.9955,0.971456724874716,0.0,0.9485475509555584,2,pairwise_f1,hungarian,1.0,0,268,0.0,0.0,0.0,0.0,0.0,0.0,0.5974341327973433,0.4276065985886534,0.9910299659931986,0.0,268,macro,2,2,1.0,0.6666666666666666,0.5,1.0,264,2,1.0,1.0,2,266,0.0,0.9955,1.0,0.971456724874716,0.9485475509555584,"{""dimension"": 2, ""family"": ""moons"", ""n"": 20000}","{""adaptive_rank"": 71, ""balance_rounds"": 3, ""eps_values"": [0.05423437789520032, 0.3049451238482176, 0.38055071482200303], ""geometry_profile"": ""low_dim"", ""knn_backend"": ""kd_tree"", ""n_density_levels"": 3}",native_target_discovery_v1
ok,synthetic,moons_noise50__quality__n20000,DBSCAN,211,0.2.4,20000,2,0.0771887000009883,0.1535517000011168,2.876080599999113,190.69921875,4.85546875,191.31640625,,0.1770792326358476,0.0059657219378487,0,0,0.9838,known_synthetic_noise,0.81855,0.8134559363221121,203.5,407,0,0.1,0.9,full_partition,target-discovery-v1,0,0.05,0.0312999999999999,0.0606678240234121,0.3467,0.9841354723707664,2,pairwise_f1,hungarian,0.0,0,407,0.1132013109164762,0.844282342844883,0.844282342844883,0.66525,0.7394212701991733,0.9838,0.0119287629866262,0.9576747274073696,0.0060017603520704,0.66525,407,macro,0,0,0.6533,0.7826295297993411,0.9758028379387602,0.6533,0,2,0.0,0.0,2,405,0.0,0.0313,0.0,0.0606678240234121,0.9841354723707666,"{""dimension"": 2, ""family"": ""moons"", ""n"": 20000}","{""base_eps"": 0.019969670102000237, ""eps"": 0.013978769071400164, ""eps_multiplier"": 0.7, ""geometry_profile"": ""low_dim"", ""knn_backend"": ""kd_tree"", ""min_samples"": 5}",native_target_discovery_v1
ok,synthetic,moons_noise50__quality__n20000,DBSCAN,223,0.2.4,20000,2,0.0541630999996414,0.1546710999991773,2.8863371000006737,190.93359375,5.0078125,191.1328125,,0.1767692679413731,0.0064297291779697,0,0,0.9805,known_synthetic_noise,0.81515,0.809954024732569,205.5,411,0,0.1,0.9,full_partition,target-discovery-v1,0,0.05,0.0485,0.0923568035151615,0.3502,0.9661611103162112,2,pairwise_f1,hungarian,0.5,0,411,0.1664433702015916,0.8413781267430386,0.8413781267430386,0.66535,0.7368302397234539,0.9805,0.0127461581375106,0.94300094665232,0.0064164432886577,0.66535,411,macro,0,0,0.6498,0.7785299227220992,0.9708650829224564,0.6498,0,2,0.0,0.0,2,409,0.0,0.0485,0.0,0.0923568035151615,0.9661611103162112,"{""dimension"": 2, ""family"": ""moons"", ""n"": 20000}","{""base_eps"": 0.019815530627965927, ""eps"": 0.013870871439576148, ""eps_multiplier"": 0.7, ""geometry_profile"": ""low_dim"", ""knn_backend"": ""kd_tree"", ""min_samples"": 5}",native_target_discovery_v1
ok,synthetic,moons_noise50__quality__n20000,DBSCAN,227,0.2.4,20000,2,0.054714399999284,0.1527886000003491,2.883627699999124,192.78515625,6.47265625,191.41796875,,0.1795600014629392,0.006519266822786,0,0,0.9823,known_synthetic_noise,0.8164499999999999,0.8112584324479135,189.5,379,0,0.1,0.9,full_partition,target-discovery-v1,0,0.05,0.0338,0.0652704111954608,0.3494,0.9795296167247388,2,pairwise_f1,hungarian,0.0,0,379,0.121155323087883,0.842561221426427,0.842561221426427,0.66585,0.7376285950289104,0.9823,0.0126116092364422,0.9506878535135652,0.0063479095819163,0.66585,379,macro,0,0,0.6506,0.7799556434693999,0.9735148885231184,0.6506,0,2,0.0,0.0,2,377,0.0,0.0338,0.0,0.0652704111954608,0.9795296167247388,"{""dimension"": 2, ""family"": ""moons"", ""n"": 20000}","{""base_eps"": 0.019946148619055748, ""eps"": 0.013962304033339023, ""eps_multiplier"": 0.7, ""geometry_profile"": ""low_dim"", ""knn_backend"": ""kd_tree"", ""min_samples"": 5}",native_target_discovery_v1
ok,synthetic,moons_noise50__quality__n20000,DBSCAN,229,0.2.4,20000,2,0.0547796999999263,0.1550458000001526,2.914420799999789,191.7421875,5.44921875,191.28125,,0.1770352384804878,0.0065571249398471,0,0,0.9823,known_synthetic_noise,0.81165,0.806000457353793,200.5,401,0,0.1,0.9,full_partition,target-discovery-v1,0,0.05,0.039,0.0750018402268787,0.359,0.9777511961722488,2,pairwise_f1,hungarian,0.0,0,401,0.1376960011181386,0.8391064793063683,0.8391064793063683,0.67065,0.7323492134496384,0.9823,0.0130156846374567,0.9512702266311986,0.0065526705341068,0.67065,401,macro,0,0,0.641,0.7728944354012177,0.9731288902383484,0.641,0,2,0.0,0.0,2,399,0.0,0.039,0.0,0.0750018402268786,0.9777511961722488,"{""dimension"": 2, ""family"": ""moons"", ""n"": 20000}","{""base_eps"": 0.01952611468732357, ""eps"": 0.013668280281126498, ""eps_multiplier"": 0.7, ""geometry_profile"": ""low_dim"", ""knn_backend"": ""kd_tree"", ""min_samples"": 5}",native_target_discovery_v1
ok,synthetic,moons_noise50__quality__n20000,DBSCAN,233,0.2.4,20000,2,0.0561053000001265,0.1560482999993837,2.9039095000007364,190.57421875,4.75390625,190.89453125,,0.1758103477486216,0.0063708864854008,0,0,0.9825,known_synthetic_noise,0.813,0.8074685225191045,203.5,407,0,0.1,0.9,full_partition,target-discovery-v1,0,0.05,0.0317,0.0613913502402711,0.3565,0.9811771561771562,2,pairwise_f1,hungarian,0.0,0,407,0.114421251465663,0.8401026079521162,0.8401026079521162,0.6695,0.7337565347274085,0.9825,0.0112136552799088,0.95190924744252,0.0056400480096019,0.6695,407,macro,0,0,0.6435,0.7748344370860927,0.9735249621785174,0.6435,0,2,0.0,0.0,2,405,0.0,0.0317,0.0,0.0613913502402711,0.9811771561771562,"{""dimension"": 2, ""family"": ""moons"", ""n"": 20000}","{""base_eps"": 0.01967502199113369, ""eps"": 0.013772515393793582, ""eps_multiplier"": 0.7, ""geometry_profile"": ""low_dim"", ""knn_backend"": ""kd_tree"", ""min_samples"": 5}",native_target_discovery_v1
ok,synthetic,moons_noise50__quality__n20000,HDBSCAN,211,0.2.4,20000,2,0.0579434000010223,2.472341200000301,5.226128399999652,190.734375,4.98828125,190.66015625,,0.9833556975169472,0.9940088777243112,57,57,0.4258,known_synthetic_noise,0.7116,0.6859476924756247,29.5,2,2,0.1,0.9,full_partition,target-discovery-v1,0,0.05,0.9972,0.9692886200868724,0.0026,0.9429050949022368,2,pairwise_f1,hungarian,1.0,0,59,0.7382804223766557,0.5961915429851582,0.5961915429851582,0.2142,0.9939309056956116,0.4258,0.9337461917671412,0.8800604504844257,0.9944073614722944,0.2142,59,macro,2,2,0.9974,0.7757038419660911,0.6346398574700942,0.9974,57,2,1.0,1.0,2,57,0.0,0.9972,1.0,0.9692886200868724,0.9429050949022368,"{""dimension"": 2, ""family"": ""moons"", ""n"": 20000}","{""geometry_profile"": ""low_dim"", ""knn_backend"": ""kd_tree"", ""min_cluster_size"": 40, ""min_samples"": 5}",native_target_discovery_v1
ok,synthetic,moons_noise50__quality__n20000,HDBSCAN,223,0.2.4,20000,2,0.0557060999999521,2.5294133000006696,5.314469699998881,190.640625,4.171875,190.90234375,,0.9575854215671664,0.9808903326763946,55,55,0.4034,known_synthetic_noise,0.6969,0.6683291245273129,28.5,2,2,0.1,0.9,full_partition,target-discovery-v1,0,0.05,0.9904,0.9695586766408718,0.0096,0.9495832540472664,2,pairwise_f1,hungarian,1.0,0,57,0.7187107900772285,0.5709837225760792,0.5709837225760792,0.2065,0.9767554479418886,0.4034,0.932028565349964,0.8878038109652928,0.980890298059612,0.2065,57,macro,2,2,0.9904,0.7656745264785465,0.6240705734089477,0.9904,55,2,1.0,1.0,2,55,0.0,0.9904,1.0,0.9695586766408718,0.9495832540472664,"{""dimension"": 2, ""family"": ""moons"", ""n"": 20000}","{""geometry_profile"": ""low_dim"", ""knn_backend"": ""kd_tree"", ""min_cluster_size"": 40, ""min_samples"": 5}",native_target_discovery_v1
ok,synthetic,moons_noise50__quality__n20000,HDBSCAN,227,0.2.4,20000,2,0.058612599999833,2.5753617999998824,5.365984899999603,190.77734375,4.6640625,191.0078125,,0.9903679083486012,0.996802359310403,62,62,0.3981,known_synthetic_noise,0.69835,0.6684618115940685,32.0,2,2,0.1,0.9,full_partition,target-discovery-v1,0,0.05,0.9985,0.9676329060221368,0.0014,0.9386175816426888,2,pairwise_f1,hungarian,1.0,0,64,0.7165443758870415,0.5689174705251876,0.5689174705251876,0.19975,0.9964956195244056,0.3981,0.9299088768138284,0.8712764695436688,0.9970019603920784,0.19975,64,macro,2,2,0.9986,0.7680061526629494,0.6239300218681662,0.9986,62,2,1.0,1.0,2,62,0.0,0.9985,1.0,0.9676329060221368,0.9386175816426888,"{""dimension"": 2, ""family"": ""moons"", ""n"": 20000}","{""geometry_profile"": ""low_dim"", ""knn_backend"": ""kd_tree"", ""min_cluster_size"": 40, ""min_samples"": 5}",native_target_discovery_v1
ok,synthetic,moons_noise50__quality__n20000,HDBSCAN,229,0.2.4,20000,2,0.0553761999999551,2.513172999999369,5.340262199999415,189.96484375,3.85546875,190.2734375,,0.9710892172449792,0.9882338899716072,60,60,0.3768,known_synthetic_noise,0.68555,0.652416013374992,31.0,2,2,0.1,0.9,full_partition,target-discovery-v1,0,0.05,0.9942,0.9710880987318158,0.0057,0.9490266077886832,2,pairwise_f1,hungarian,1.0,0,62,0.6982508115576411,0.5450994575045208,0.5450994575045208,0.19125,0.9850980392156864,0.3768,0.9359367073835558,0.8887357013671656,0.9884326465293058,0.19125,62,macro,2,2,0.9943,0.7597325692454632,0.6147140649149923,0.9943,60,2,1.0,1.0,2,60,0.0,0.9942,1.0,0.9710880987318156,0.9490266077886832,"{""dimension"": 2, ""family"": ""moons"", ""n"": 20000}","{""geometry_profile"": ""low_dim"", ""knn_backend"": ""kd_tree"", ""min_cluster_size"": 40, ""min_samples"": 5}",native_target_discovery_v1
ok,synthetic,moons_noise50__quality__n20000,HDBSCAN,233,0.2.4,20000,2,0.0563088999988394,2.586616399999912,5.384225899999365,190.90234375,4.44921875,191.125,,0.9679358755228876,0.9868423479378856,54,54,0.4277,known_synthetic_noise,0.71075,0.6855577338435589,28.0,2,2,0.1,0.9,full_partition,target-discovery-v1,0,0.05,0.9936,0.9717359784979184,0.0062,0.950813536439336,2,pairwise_f1,hungarian,1.0,0,56,0.7392682538267394,0.5965548504079783,0.5965548504079783,0.21695,0.9857109933164324,0.4277,0.9380638822080968,0.8935546274895022,0.9872397279455892,0.21695,56,macro,2,2,0.9938,0.7745606172791395,0.6345699508332802,0.9938,54,2,1.0,1.0,2,54,0.0,0.9936,1.0,0.9717359784979184,0.950813536439336,"{""dimension"": 2, ""family"": ""moons"", ""n"": 20000}","{""geometry_profile"": ""low_dim"", ""knn_backend"": ""kd_tree"", ""min_cluster_size"": 40, ""min_samples"": 5}",native_target_discovery_v1
ok,synthetic,moons_noise50__quality__n20000,OPTICS,211,0.2.4,20000,2,0.0553021999985503,15.33999120000044,18.108214800000496,191.2578125,4.80859375,191.48828125,,0.0187591998999526,0.0001099126849172,3,3,0.9855,known_synthetic_noise,0.49795,0.3413967012160538,2.5,2,0,0.1,0.9,full_partition,target-discovery-v1,0,0.05,0.0104,0.0205739629776093,0.9896,0.9623299616323684,2,pairwise_f1,hungarian,0.0,0,5,0.0399085616795126,0.6624987395381667,0.6624987395381667,0.98755,0.4989620778694749,0.9855,0.000216069862002,0.4375506236837842,0.0001080616123224,0.98755,5,macro,0,0,0.0104,0.0202946628939408,0.4176706827309236,0.0104,3,2,0.0,0.0,2,3,0.0,0.0104,0.0,0.0205739629776093,0.9623299616323684,"{""dimension"": 2, ""family"": ""moons"", ""n"": 20000}","{""geometry_profile"": ""low_dim"", ""knn_backend"": ""kd_tree"", ""max_eps"": 0.12367385625839233, ""max_eps_quantile"": 0.98, ""min_cluster_size"": 40, ""min_samples"": 5, ""xi"": 0.1}",native_target_discovery_v1
ok,synthetic,moons_noise50__quality__n20000,OPTICS,223,0.2.4,20000,2,0.0581031999990955,15.200901500000327,17.982891600000585,192.9765625,6.4765625,190.74609375,,0.0090900253998746,9.0249197366459e-05,2,2,0.9916,known_synthetic_noise,0.4982,0.3367315728619004,1.5,1,0,0.1,0.9,full_partition,target-discovery-v1,0,0.05,0.0048,0.0095087163232963,0.9952,0.5,1,pairwise_f1,hungarian,0.0,0,3,0.0187489364384079,0.6639882148118388,0.6639882148118388,0.9934,0.4990940205355345,0.9916,9.024774686659104e-05,0.3952347582340574,4.512902580516104e-05,0.9934,3,macro,0,0,0.0048,0.009474930911962,0.3636363636363636,0.0048,2,2,0.0,0.0,2,2,0.0,0.0048,0.0,0.0095087163232963,0.5,"{""dimension"": 2, ""family"": ""moons"", ""n"": 20000}","{""geometry_profile"": ""low_dim"", ""knn_backend"": ""kd_tree"", ""max_eps"": 0.1250390112400055, ""max_eps_quantile"": 0.98, ""min_cluster_size"": 40, ""min_samples"": 5, ""xi"": 0.1}",native_target_discovery_v1
ok,synthetic,moons_noise50__quality__n20000,OPTICS,227,0.2.4,20000,2,0.0565385000008973,15.407318899999154,18.18656960000044,189.7578125,3.9375,189.98828125,,0.0,0.0,0,0,0.006,known_synthetic_noise,0.503,0.3399655507170737,0.5,1,0,0.1,0.9,full_partition,target-discovery-v1,0,0.05,0.5,0.2004811547714514,0.0,0.1253761283851554,1,pairwise_f1,hungarian,1.0,1,1,0.0225171130058844,0.0119284294234592,0.0119284294234592,0.003,1.0,0.006,0.2233822249504137,0.1257345435172059,1.0,0.003,1,macro,0,0,1.0,0.6680026720106881,0.5015045135406219,1.0,0,2,0.0,0.0,2,0,0.0,0.5,0.0,0.2004811547714514,0.1253761283851554,"{""dimension"": 2, ""family"": ""moons"", ""n"": 20000}","{""geometry_profile"": ""low_dim"", ""knn_backend"": ""kd_tree"", ""max_eps"": 0.12507407367229462, ""max_eps_quantile"": 0.98, ""min_cluster_size"": 40, ""min_samples"": 5, ""xi"": 0.1}",native_target_discovery_v1
ok,synthetic,moons_noise50__quality__n20000,OPTICS,229,0.2.4,20000,2,0.0561288000008062,14.974424199999705,17.77427709999938,189.96875,4.17578125,190.03125,,0.0,0.0,2,2,0.99,known_synthetic_noise,0.495,0.3311036789297659,1.0,0,0,0.1,0.9,full_partition,target-discovery-v1,0,0.05,0.0,0.0,1.0,0.0,0,pairwise_f1,hungarian,0.0,0,2,0.0,0.6622073578595318,0.6622073578595318,0.995,0.4974874371859296,0.99,0.0,0.0,0.0,0.995,2,macro,0,0,0.0,0.0,0.0,0.0,2,2,0.0,0.0,2,2,0.0,0.0,0.0,0.0,0.0,"{""dimension"": 2, ""family"": ""moons"", ""n"": 20000}","{""geometry_profile"": ""low_dim"", ""knn_backend"": ""kd_tree"", ""max_eps"": 0.12224467843770981, ""max_eps_quantile"": 0.98, ""min_cluster_size"": 40, ""min_samples"": 5, ""xi"": 0.1}",native_target_discovery_v1
ok,synthetic,moons_noise50__quality__n20000,OPTICS,233,0.2.4,20000,2,0.0554863000015757,15.172298500001489,17.92264140000043,191.0703125,4.95703125,191.26171875,,0.0,0.0,2,2,0.9874,known_synthetic_noise,0.4937,0.3305215237330119,1.0,0,0,0.1,0.9,full_partition,target-discovery-v1,0,0.05,0.0,0.0,1.0,0.0,0,pairwise_f1,hungarian,0.0,0,2,0.0,0.6610430474660239,0.6610430474660239,0.9937,0.4968300291838583,0.9874,0.0,0.0,0.0,0.9937,2,macro,0,0,0.0,0.0,0.0,0.0,2,2,0.0,0.0,2,2,0.0,0.0,0.0,0.0,0.0,"{""dimension"": 2, ""family"": ""moons"", ""n"": 20000}","{""geometry_profile"": ""low_dim"", ""knn_backend"": ""kd_tree"", ""max_eps"": 0.12300827354192734, ""max_eps_quantile"": 0.98, ""min_cluster_size"": 40, ""min_samples"": 5, ""xi"": 0.1}",native_target_discovery_v1
ok,synthetic,moons_noise50__quality__n20000,SNN-DBSCAN,211,0.2.4,20000,2,0.0582911000001331,0.2222945000012259,3.7566102999990103,256.06640625,29.01953125,252.25,,0.2165333862189343,0.0124791796788922,244,238,0.1011,known_synthetic_noise,0.507,0.4097541585363694,249.5,261,0,0.1,0.9,full_partition,target-discovery-v1,0,0.05,0.0458,0.0873278989394784,0.0871,0.9403168417485598,2,pairwise_f1,hungarian,0.0,0,499,0.1154237644169515,0.1701733714862817,0.1701733714862817,0.0941,0.5371944739638682,0.1011,0.0242173105049734,0.4782342857934917,0.0124232046409281,0.0941,499,macro,0,0,0.9129,0.6493349455864571,0.5038635610994591,0.9129,244,2,0.0,0.0,2,497,0.0,0.0458,0.0,0.0873278989394784,0.9403168417485598,"{""dimension"": 2, ""family"": ""moons"", ""n"": 20000}","{""eps"": 13, ""geometry_profile"": ""low_dim"", ""k"": 20, ""knn_backend"": ""kd_tree"", ""min_samples"": 5}",native_target_discovery_v1
ok,synthetic,moons_noise50__quality__n20000,SNN-DBSCAN,223,0.2.4,20000,2,0.0551811000004818,0.2133118999990984,3.760376800000813,255.390625,28.41015625,249.93359375,,0.2180942342706228,0.0127052374402183,225,219,0.1097,known_synthetic_noise,0.51455,0.4193851869206086,241.0,263,0,0.1,0.9,full_partition,target-discovery-v1,0,0.05,0.045,0.0854181929859413,0.0806,0.9500577191809952,2,pairwise_f1,hungarian,0.5,0,482,0.1167381591297305,0.1843232798454171,0.1843232798454171,0.09515,0.5764582238570678,0.1097,0.0247997287613804,0.5023228831255463,0.0127137027405481,0.09515,482,macro,0,0,0.9194,0.6544470939958001,0.5080400066309333,0.9194,225,2,0.0,0.0,2,480,0.0,0.045,0.0,0.0854181929859413,0.9500577191809952,"{""dimension"": 2, ""family"": ""moons"", ""n"": 20000}","{""eps"": 13, ""geometry_profile"": ""low_dim"", ""k"": 20, ""knn_backend"": ""kd_tree"", ""min_samples"": 5}",native_target_discovery_v1
ok,synthetic,moons_noise50__quality__n20000,SNN-DBSCAN,227,0.2.4,20000,2,0.0553899999995337,0.2207306999989668,3.695139699999345,254.96875,28.23828125,249.08203125,,0.2163716615838708,0.0119365635006534,255,245,0.0962,known_synthetic_noise,0.5079,0.4074676011749071,260.5,276,0,0.1,0.9,full_partition,target-discovery-v1,0,0.05,0.0357,0.0688140921447885,0.0804,0.9519011515220612,2,pairwise_f1,hungarian,0.0,0,521,0.0968650038674133,0.1635220125786163,0.1635220125786163,0.0883,0.5447338618346546,0.0962,0.0233380900996888,0.5028477026398928,0.0119462692538507,0.0883,521,macro,0,0,0.9196,0.6514131897711979,0.5043325655369091,0.9196,255,2,0.0,0.0,2,519,0.0,0.0357,0.0,0.0688140921447885,0.9519011515220612,"{""dimension"": 2, ""family"": ""moons"", ""n"": 20000}","{""eps"": 13, ""geometry_profile"": ""low_dim"", ""k"": 20, ""knn_backend"": ""kd_tree"", ""min_samples"": 5}",native_target_discovery_v1
ok,synthetic,moons_noise50__quality__n20000,SNN-DBSCAN,229,0.2.4,20000,2,0.0558903000001009,0.211161400000492,3.714739299999565,255.84765625,28.68359375,246.30078125,,0.2183395919573988,0.012554682360059,230,220,0.1068,known_synthetic_noise,0.51355,0.4171141172561317,235.5,251,0,0.1,0.9,full_partition,target-discovery-v1,0,0.05,0.0511,0.0967134520297454,0.0797,0.9490613553113554,2,pairwise_f1,hungarian,0.5,0,471,0.125828909485339,0.1800252844500632,0.1800252844500632,0.09325,0.5726541554959785,0.1068,0.0244407990232131,0.4769433004042472,0.0125417483496699,0.09325,471,macro,0,0,0.9203,0.6542029500622001,0.5074717397298042,0.9203,230,2,0.0,0.0,2,469,0.0,0.0511,0.0,0.0967134520297454,0.9490613553113554,"{""dimension"": 2, ""family"": ""moons"", ""n"": 20000}","{""eps"": 13, ""geometry_profile"": ""low_dim"", ""k"": 20, ""knn_backend"": ""kd_tree"", ""min_samples"": 5}",native_target_discovery_v1
ok,synthetic,moons_noise50__quality__n20000,SNN-DBSCAN,233,0.2.4,20000,2,0.0604099000011046,0.2115804000004573,3.707894499999384,252.11328125,25.24609375,254.015625,,0.2196847170215102,0.0139690860400523,250,244,0.1047,known_synthetic_noise,0.51405,0.4162289978373654,254.0,264,0,0.1,0.9,full_partition,target-discovery-v1,0,0.05,0.0442,0.0843986580259749,0.0766,0.963663787193199,2,pairwise_f1,hungarian,0.5,0,508,0.1143518038664107,0.1772623381020909,0.1772623381020909,0.09065,0.5774958632101489,0.1047,0.0272127299101952,0.5350681091955081,0.0139613922784556,0.09065,508,macro,0,0,0.9234,0.6551956575726399,0.5077252982899874,0.9234,250,2,0.0,0.0,2,506,0.0,0.0442,0.0,0.0843986580259749,0.9636637871931988,"{""dimension"": 2, ""family"": ""moons"", ""n"": 20000}","{""eps"": 13, ""geometry_profile"": ""low_dim"", ""k"": 20, ""knn_backend"": ""kd_tree"", ""min_samples"": 5}",native_target_discovery_v1
ok,synthetic,moons_noise50__quality__n20000,StrataSCAN,211,0.2.4,20000,2,0.0562448000000586,0.9924792000001617,3.9464528000007695,241.94140625,55.74609375,242.87109375,,0.9466084141243633,0.9751561343571444,0,0,0.9511,known_synthetic_noise,0.96955,0.9695396312143144,1.5,3,2,0.1,0.9,full_partition,target-discovery-v1,0,0.05,0.9875,0.9700428606205568,0.012,0.9532040132792065,2,pairwise_f1,hungarian,1.0,0,3,0.969509956419077,0.9689776374102184,0.9689776374102184,0.48155,0.987540234658914,0.9511,0.940664993636408,0.9085310414533628,0.9751553910782156,0.48155,3,macro,2,2,0.988,0.9701016250184104,0.9528401967402836,0.988,0,2,1.0,1.0,2,1,0.0,0.9875,1.0,0.9700428606205568,0.9532040132792062,"{""dimension"": 2, ""family"": ""moons"", ""n"": 20000}","{""ambiguous_model_confirmation_tolerance"": 1e-05, ""assignment"": ""maximum_posterior_basis_then_semantic_role"", ""background_model"": ""adaptive_gamma_basis_mixture_with_largest_rate_gap"", ""background_scan"": ""adaptive_dyadic_rank_windows_with_poisson_beta_boundary_code"", ""border_rule"": ""strict_local_core_radius"", ""component_initialization"": ""compiled_split_warm_single_start_with_guarded_confirmation"", ""component_selection"": ""semantic_icl_with_adaptive_bound"", ""connectivity"": ""density_ordered_non_merging_knn_watershed"", ""core_thresholds"": ""observed_d4_event_sweep"", ""duplicate_profile_confirmation_minimum"": 3, ""duplicate_profile_confirmation_tolerance"": 1e-08, ""extraction_objective"": ""gamma_topology_description_length"", ""fit_samples"": ""all_rows"", ""gamma_tolerance"": 0.0001, ""geometry_profile"": ""low_dim"", ""hard_component_bound"": 24, ""initial_component_bound"": 8, ""k"": 32, ""knn_backend"": ""kd_tree"", ""shell_ranks"": [4, 8, 16, 32], ""stratification_model"": ""adaptive_gamma_density_basis_with_semantic_background"", ""version"": ""0.2.3""}",native_target_discovery_v1
ok,synthetic,moons_noise50__quality__n20000,StrataSCAN,223,0.2.4,20000,2,0.0561766999999235,1.1072174000000814,4.067812799999956,240.546875,54.60546875,240.546875,,0.9451531104660076,0.9737720290633776,0,0,0.9512,known_synthetic_noise,0.969,0.9689901748469985,1.0,2,2,0.1,0.9,full_partition,target-discovery-v1,0,0.05,0.9868,0.9695437069522737,0.0132,0.9528826797602212,2,pairwise_f1,hungarian,1.0,0,2,0.9689906381417596,0.9684381999592752,0.9684381999592752,0.4822,0.9863127333056824,0.9512,0.939716661795198,0.9079630197413496,0.9737717943588716,0.4822,2,macro,2,2,0.9868,0.969542149734722,0.9528775589030514,0.9868,0,2,1.0,1.0,2,0,0.0,0.9868,1.0,0.9695437069522738,0.9528826797602216,"{""dimension"": 2, ""family"": ""moons"", ""n"": 20000}","{""ambiguous_model_confirmation_tolerance"": 1e-05, ""assignment"": ""maximum_posterior_basis_then_semantic_role"", ""background_model"": ""adaptive_gamma_basis_mixture_with_largest_rate_gap"", ""background_scan"": ""adaptive_dyadic_rank_windows_with_poisson_beta_boundary_code"", ""border_rule"": ""strict_local_core_radius"", ""component_initialization"": ""compiled_split_warm_single_start_with_guarded_confirmation"", ""component_selection"": ""semantic_icl_with_adaptive_bound"", ""connectivity"": ""density_ordered_non_merging_knn_watershed"", ""core_thresholds"": ""observed_d4_event_sweep"", ""duplicate_profile_confirmation_minimum"": 3, ""duplicate_profile_confirmation_tolerance"": 1e-08, ""extraction_objective"": ""gamma_topology_description_length"", ""fit_samples"": ""all_rows"", ""gamma_tolerance"": 0.0001, ""geometry_profile"": ""low_dim"", ""hard_component_bound"": 24, ""initial_component_bound"": 8, ""k"": 32, ""knn_backend"": ""kd_tree"", ""shell_ranks"": [4, 8, 16, 32], ""stratification_model"": ""adaptive_gamma_density_basis_with_semantic_background"", ""version"": ""0.2.3""}",native_target_discovery_v1
ok,synthetic,moons_noise50__quality__n20000,StrataSCAN,227,0.2.4,20000,2,0.0584195999999792,0.9883625000002212,3.9910665999996127,241.12109375,55.40625,241.12109375,,0.9206901146895148,0.959852906141094,1,1,0.9559,known_synthetic_noise,0.9692,0.9691945508240952,2.0,3,2,0.1,0.9,full_partition,target-discovery-v1,0,0.05,0.9797,0.9684604365871038,0.0175,0.9574910455069164,2,pairwise_f1,hungarian,1.0,0,4,0.9686226103072014,0.9687848383500558,0.9687848383500558,0.4867,0.9820217793301828,0.9559,0.937809946983458,0.9167636016710536,0.9598453290658132,0.4867,4,macro,2,2,0.9825,0.9696042632981348,0.957042665108124,0.9825,1,2,1.0,1.0,2,2,0.0,0.9797,1.0,0.9684604365871036,0.9574910455069162,"{""dimension"": 2, ""family"": ""moons"", ""n"": 20000}","{""ambiguous_model_confirmation_tolerance"": 1e-05, ""assignment"": ""maximum_posterior_basis_then_semantic_role"", ""background_model"": ""adaptive_gamma_basis_mixture_with_largest_rate_gap"", ""background_scan"": ""adaptive_dyadic_rank_windows_with_poisson_beta_boundary_code"", ""border_rule"": ""strict_local_core_radius"", ""component_initialization"": ""compiled_split_warm_single_start_with_guarded_confirmation"", ""component_selection"": ""semantic_icl_with_adaptive_bound"", ""connectivity"": ""density_ordered_non_merging_knn_watershed"", ""core_thresholds"": ""observed_d4_event_sweep"", ""duplicate_profile_confirmation_minimum"": 3, ""duplicate_profile_confirmation_tolerance"": 1e-08, ""extraction_objective"": ""gamma_topology_description_length"", ""fit_samples"": ""all_rows"", ""gamma_tolerance"": 0.0001, ""geometry_profile"": ""low_dim"", ""hard_component_bound"": 24, ""initial_component_bound"": 8, ""k"": 32, ""knn_backend"": ""kd_tree"", ""shell_ranks"": [4, 8, 16, 32], ""stratification_model"": ""adaptive_gamma_density_basis_with_semantic_background"", ""version"": ""0.2.3""}",native_target_discovery_v1
ok,synthetic,moons_noise50__quality__n20000,StrataSCAN,229,0.2.4,20000,2,0.0557502999999997,1.003131100000246,3.929091500000141,242.23828125,55.6953125,241.9296875,,0.7932446223915853,0.793067150257599,1,1,0.9549,known_synthetic_noise,0.97055,0.9705427852653242,2.0,3,2,0.1,0.9,full_partition,target-discovery-v1,1,0.05,0.8652,0.9038102102157448,0.0138,0.9563187346009352,2,pairwise_f1,hungarian,1.5,0,4,0.9357741236131668,0.9700817798547264,0.9700817798547264,0.48435,0.9857541034375968,0.9549,0.8494547348222854,0.9145079412650512,0.7930419683936787,0.48435,4,macro,2,1,0.9862,0.971003790675922,0.9562687869679046,0.9862,1,2,1.0,1.0,2,2,0.0,0.8652,1.0,0.9038102102157448,0.9563187346009352,"{""dimension"": 2, ""family"": ""moons"", ""n"": 20000}","{""ambiguous_model_confirmation_tolerance"": 1e-05, ""assignment"": ""maximum_posterior_basis_then_semantic_role"", ""background_model"": ""adaptive_gamma_basis_mixture_with_largest_rate_gap"", ""background_scan"": ""adaptive_dyadic_rank_windows_with_poisson_beta_boundary_code"", ""border_rule"": ""strict_local_core_radius"", ""component_initialization"": ""compiled_split_warm_single_start_with_guarded_confirmation"", ""component_selection"": ""semantic_icl_with_adaptive_bound"", ""connectivity"": ""density_ordered_non_merging_knn_watershed"", ""core_thresholds"": ""observed_d4_event_sweep"", ""duplicate_profile_confirmation_minimum"": 3, ""duplicate_profile_confirmation_tolerance"": 1e-08, ""extraction_objective"": ""gamma_topology_description_length"", ""fit_samples"": ""all_rows"", ""gamma_tolerance"": 0.0001, ""geometry_profile"": ""low_dim"", ""hard_component_bound"": 24, ""initial_component_bound"": 8, ""k"": 32, ""knn_backend"": ""kd_tree"", ""shell_ranks"": [4, 8, 16, 32], ""stratification_model"": ""adaptive_gamma_density_basis_with_semantic_background"", ""version"": ""0.2.3""}",native_target_discovery_v1
ok,synthetic,moons_noise50__quality__n20000,StrataSCAN,233,0.2.4,20000,2,0.056143300000258,1.064375800000562,4.008840300000884,241.2109375,55.60546875,241.2109375,,0.9514851164636912,0.977339642959524,2,2,0.9544,known_synthetic_noise,0.9715,0.9714916638774344,2.0,2,2,0.1,0.9,full_partition,target-discovery-v1,0,0.05,0.9886,0.9725059487526176,0.0114,0.95693810272849,2,pairwise_f1,hungarian,1.0,0,4,0.97175447981898,0.9710041713297386,0.9710041713297386,0.4829,0.9881963139366328,0.9544,0.9455025608225596,0.9156812111920564,0.9773317063412682,0.4829,4,macro,2,2,0.9886,0.9719791564251302,0.9559079481725004,0.9886,2,2,1.0,1.0,2,2,0.0,0.9886,1.0,0.9725059487526176,0.95693810272849,"{""dimension"": 2, ""family"": ""moons"", ""n"": 20000}","{""ambiguous_model_confirmation_tolerance"": 1e-05, ""assignment"": ""maximum_posterior_basis_then_semantic_role"", ""background_model"": ""adaptive_gamma_basis_mixture_with_largest_rate_gap"", ""background_scan"": ""adaptive_dyadic_rank_windows_with_poisson_beta_boundary_code"", ""border_rule"": ""strict_local_core_radius"", ""component_initialization"": ""compiled_split_warm_single_start_with_guarded_confirmation"", ""component_selection"": ""semantic_icl_with_adaptive_bound"", ""connectivity"": ""density_ordered_non_merging_knn_watershed"", ""core_thresholds"": ""observed_d4_event_sweep"", ""duplicate_profile_confirmation_minimum"": 3, ""duplicate_profile_confirmation_tolerance"": 1e-08, ""extraction_objective"": ""gamma_topology_description_length"", ""fit_samples"": ""all_rows"", ""gamma_tolerance"": 0.0001, ""geometry_profile"": ""low_dim"", ""hard_component_bound"": 24, ""initial_component_bound"": 8, ""k"": 32, ""knn_backend"": ""kd_tree"", ""shell_ranks"": [4, 8, 16, 32], ""stratification_model"": ""adaptive_gamma_density_basis_with_semantic_background"", ""version"": ""0.2.3""}",native_target_discovery_v1
ok,synthetic,moons_noise50__quality__n20000,VDBSCAN-2007,211,0.2.4,20000,2,0.0571687999999994,0.2780050999990635,3.130230999999185,191.99609375,6.1015625,192.796875,,0.5271123809677266,0.6786565532585456,36,33,0.0016,known_synthetic_noise,0.50065,0.3350414806244574,104.5,176,2,0.1,0.9,full_partition,target-discovery-v1,0,0.05,0.8236,0.8923372885075611,0.0003,0.9736594490097344,2,pairwise_f1,hungarian,1.0,0,209,0.0063650806079591,0.0031939315300928,0.0031939315300928,0.00095,0.8421052631578947,0.0016,0.3750621828695714,0.2589224334669327,0.6801385877175435,0.00095,209,macro,2,0,0.9997,0.6668890297188219,0.5003253090435914,0.9997,36,2,1.0,1.0,2,207,0.0,0.8236,1.0,0.8923372885075611,0.9736594490097344,"{""dimension"": 2, ""family"": ""moons"", ""n"": 20000}","{""eps_values"": [0.019969670102000237, 0.03605963662266731, 0.12726303935050964], ""geometry_profile"": ""low_dim"", ""knee_prominence"": 0.03, ""knn_backend"": ""kd_tree"", ""max_eps_values"": 3, ""min_samples"": 5}",native_target_discovery_v1
ok,synthetic,moons_noise50__quality__n20000,VDBSCAN-2007,223,0.2.4,20000,2,0.0557117000007565,0.2770454999990761,3.0786251999998058,192.2421875,6.29296875,192.0,,0.5199477585542257,0.6661310087131342,58,52,0.0023,known_synthetic_noise,0.50085,0.3357490231050916,110.5,169,2,0.1,0.9,full_partition,target-discovery-v1,0,0.05,0.8159,0.8859305654038128,0.0006,0.969114910004526,2,pairwise_f1,hungarian,1.0,0,221,0.0091261486452685,0.004586698574135,0.004586698574135,0.00145,0.7931034482758621,0.0023,0.3788791977390328,0.2645729545910159,0.6670884576915384,0.00145,221,macro,2,0,0.9994,0.6669113476360482,0.50042561714486,0.9994,58,2,1.0,1.0,2,219,0.0,0.8159,1.0,0.885930565403813,0.969114910004526,"{""dimension"": 2, ""family"": ""moons"", ""n"": 20000}","{""eps_values"": [0.019815530627965927, 0.03956206887960434, 0.1276894509792328], ""geometry_profile"": ""low_dim"", ""knee_prominence"": 0.03, ""knn_backend"": ""kd_tree"", ""max_eps_values"": 3, ""min_samples"": 5}",native_target_discovery_v1
ok,synthetic,moons_noise50__quality__n20000,VDBSCAN-2007,227,0.2.4,20000,2,0.0555550999997649,0.274054999999862,3.0559775000001537,192.03125,6.09375,192.29296875,,0.5484223425298054,0.6998294665940343,57,48,0.0031,known_synthetic_noise,0.5014000000000001,0.3367009219976913,100.5,153,2,0.1,0.9,full_partition,target-discovery-v1,0,0.05,0.8363,0.8988266181762545,0.0003,0.9715500378566858,2,pairwise_f1,hungarian,1.0,0,201,0.0122736078341357,0.0061789914291409,0.0061789914291409,0.0017,0.9117647058823528,0.0031,0.392750506040675,0.2728325395045064,0.7007515103020604,0.0017,201,macro,2,1,0.9997,0.6672228525662417,0.5007011920264449,0.9997,57,2,1.0,1.0,2,199,0.0,0.8363,1.0,0.8988266181762545,0.9715500378566858,"{""dimension"": 2, ""family"": ""moons"", ""n"": 20000}","{""eps_values"": [0.019946148619055748, 0.03930588439106941, 0.12792399525642395], ""geometry_profile"": ""low_dim"", ""knee_prominence"": 0.03, ""knn_backend"": ""kd_tree"", ""max_eps_values"": 3, ""min_samples"": 5}",native_target_discovery_v1
ok,synthetic,moons_noise50__quality__n20000,VDBSCAN-2007,229,0.2.4,20000,2,0.0569758000001456,0.2700874000001931,3.078339000001506,192.41796875,6.05078125,192.41796875,,0.5257651348356834,0.6760241949713576,28,26,0.0018,known_synthetic_noise,0.5007,0.3352405746785986,100.0,174,2,0.1,0.9,full_partition,target-discovery-v1,0,0.05,0.8220000000000001,0.8902772517795585,0.0003999999999999,0.9709340318501573,2,pairwise_f1,hungarian,1.0,0,200,0.0071553244144627,0.0035920973857513,0.0035920973857513,0.0011,0.8181818181818182,0.0018,0.3738853100159933,0.2581956344449567,0.6774141628325665,0.0011,200,macro,2,0,0.9996,0.6668890519714458,0.5003503854239664,0.9996,28,2,1.0,1.0,2,198,0.0,0.822,1.0,0.8902772517795585,0.970934031850157,"{""dimension"": 2, ""family"": ""moons"", ""n"": 20000}","{""eps_values"": [0.01952611468732357, 0.03739763796329498, 0.12511606514453888], ""geometry_profile"": ""low_dim"", ""knee_prominence"": 0.03, ""knn_backend"": ""kd_tree"", ""max_eps_values"": 3, ""min_samples"": 5}",native_target_discovery_v1
ok,synthetic,moons_noise50__quality__n20000,VDBSCAN-2007,233,0.2.4,20000,2,0.0579844000003504,0.2712532999994437,3.101993600001151,192.140625,6.36328125,191.7890625,,0.5487612074756125,0.6971599471022596,56,51,0.0028,known_synthetic_noise,0.50085,0.336189209202032,95.5,140,2,0.1,0.9,full_partition,target-discovery-v1,0,0.05,0.8347,0.8975157180801787,0.0011,0.9705898579002664,2,pairwise_f1,hungarian,1.0,0,191,0.0110875781110605,0.005578244845104,0.005578244845104,0.00195,0.717948717948718,0.0028,0.3924686322004597,0.272997183757051,0.6978818963792759,0.00195,191,macro,2,1,0.9989,0.66680017355896,0.50042583036922,0.9989,56,2,1.0,1.0,2,189,0.0,0.8347,1.0,0.8975157180801787,0.9705898579002664,"{""dimension"": 2, ""family"": ""moons"", ""n"": 20000}","{""eps_values"": [0.01967502199113369, 0.0392264649271965, 0.1268197000026703], ""geometry_profile"": ""low_dim"", ""knee_prominence"": 0.03, ""knn_backend"": ""kd_tree"", ""max_eps_values"": 3, ""min_samples"": 5}",native_target_discovery_v1
ok,synthetic,moons_noise50__quality__n20000,kNN+Leiden,211,0.2.4,20000,2,0.0567601000002468,1.1887855000004492,4.711979300000166,287.52734375,71.7265625,292.08984375,,0.4174694822117006,0.148408607309422,11,11,0.0,known_synthetic_noise,0.5,0.3333333333333333,12.5,14,1,0.1,0.9,full_partition,target-discovery-v1,12,0.05,0.1866,0.308626028583683,0.0,0.9148711948407025,2,pairwise_f1,hungarian,7.0,0,25,0.0,0.0,0.0,0.0,0.0,0.0,0.2228866025020841,0.4470276150069098,0.1484522104420884,0.0,25,macro,0,0,1.0,0.6666666666666666,0.5,1.0,11,2,0.5,0.0,2,23,0.0,0.1866,0.5,0.308626028583683,0.9148711948407022,"{""dimension"": 2, ""family"": ""moons"", ""n"": 20000}","{""edge_rank"": 15, ""geometry_profile"": ""low_dim"", ""k"": 20, ""knn_backend"": ""kd_tree"", ""resolution"": 0.5, ""symmetrization"": ""union"", ""weights"": ""1/(1+d)""}",native_target_discovery_v1
ok,synthetic,moons_noise50__quality__n20000,kNN+Leiden,223,0.2.4,20000,2,0.0559610000000247,1.1676024999997026,4.619928800000707,288.19921875,72.03125,293.26953125,,0.4392304633014692,0.1753798589530232,10,10,0.0,known_synthetic_noise,0.5,0.3333333333333333,11.0,12,1,0.1,0.9,full_partition,target-discovery-v1,10,0.05,0.2234,0.3578588916307105,0.0,0.907872251648413,2,pairwise_f1,hungarian,6.0,0,22,0.0,0.0,0.0,0.0,0.0,0.0,0.251158134008813,0.4422019412872818,0.175386277255451,0.0,22,macro,0,0,1.0,0.6666666666666666,0.5,1.0,10,2,0.5,0.0,2,20,0.0,0.2234,0.5,0.3578588916307105,0.9078722516484128,"{""dimension"": 2, ""family"": ""moons"", ""n"": 20000}","{""edge_rank"": 15, ""geometry_profile"": ""low_dim"", ""k"": 20, ""knn_backend"": ""kd_tree"", ""resolution"": 0.5, ""symmetrization"": ""union"", ""weights"": ""1/(1+d)""}",native_target_discovery_v1
ok,synthetic,moons_noise50__quality__n20000,kNN+Leiden,227,0.2.4,20000,2,0.0571149999996123,1.0507744000005914,4.514940600000045,287.46484375,71.57421875,292.5234375,,0.4280384048165251,0.161872709394303,11,10,0.0,known_synthetic_noise,0.5,0.3333333333333333,12.0,14,2,0.1,0.9,full_partition,target-discovery-v1,11,0.05,0.1966,0.323597953795519,0.0,0.9140718345440052,2,pairwise_f1,hungarian,6.5,0,24,0.0,0.0,0.0,0.0,0.0,0.0,0.2379424651064745,0.4485233254763688,0.1619209041808361,0.0,24,macro,0,0,1.0,0.6666666666666666,0.5,1.0,11,2,1.0,0.0,2,22,0.0,0.1966,1.0,0.323597953795519,0.9140718345440052,"{""dimension"": 2, ""family"": ""moons"", ""n"": 20000}","{""edge_rank"": 15, ""geometry_profile"": ""low_dim"", ""k"": 20, ""knn_backend"": ""kd_tree"", ""resolution"": 0.5, ""symmetrization"": ""union"", ""weights"": ""1/(1+d)""}",native_target_discovery_v1
ok,synthetic,moons_noise50__quality__n20000,kNN+Leiden,229,0.2.4,20000,2,0.0557772000011027,1.4931364000003668,4.98967790000097,287.828125,72.02734375,292.7109375,,0.4278029711183266,0.1604825706622439,10,9,0.0,known_synthetic_noise,0.5,0.3333333333333333,11.5,14,2,0.1,0.9,full_partition,target-discovery-v1,11,0.05,0.188,0.3126823470793513,0.0,0.9284044153366228,2,pairwise_f1,hungarian,6.5,0,23,0.0,0.0,0.0,0.0,0.0,0.0,0.2353650079856378,0.4411899724232621,0.1604919383876775,0.0,23,macro,0,0,1.0,0.6666666666666666,0.5,1.0,10,2,1.0,0.0,2,21,0.0,0.188,1.0,0.3126823470793513,0.9284044153366228,"{""dimension"": 2, ""family"": ""moons"", ""n"": 20000}","{""edge_rank"": 15, ""geometry_profile"": ""low_dim"", ""k"": 20, ""knn_backend"": ""kd_tree"", ""resolution"": 0.5, ""symmetrization"": ""union"", ""weights"": ""1/(1+d)""}",native_target_discovery_v1
ok,synthetic,moons_noise50__quality__n20000,kNN+Leiden,233,0.2.4,20000,2,0.0553863999994064,0.6744423000000097,4.109613399999944,288.47265625,72.36328125,292.21484375,,0.4073983604266183,0.1414916257698867,11,11,0.0,known_synthetic_noise,0.5,0.3333333333333333,13.0,15,2,0.1,0.9,full_partition,target-discovery-v1,13,0.05,0.177,0.2968445402582449,0.0,0.9197528728423948,2,pairwise_f1,hungarian,7.5,0,26,0.0,0.0,0.0,0.0,0.0,0.0,0.2134137424183456,0.4307649427435956,0.1418436487297459,0.0,26,macro,0,0,1.0,0.6666666666666666,0.5,1.0,11,2,1.0,0.0,2,24,0.0,0.177,1.0,0.2968445402582449,0.9197528728423948,"{""dimension"": 2, ""family"": ""moons"", ""n"": 20000}","{""edge_rank"": 15, ""geometry_profile"": ""low_dim"", ""k"": 20, ""knn_backend"": ""kd_tree"", ""resolution"": 0.5, ""symmetrization"": ""union"", ""weights"": ""1/(1+d)""}",native_target_discovery_v1
ok,synthetic,moons_noise50__quality__n20000,kNN-DBSCAN,211,0.2.4,20000,2,0.0618793000012374,0.065034100000048,2.9010154999996303,188.91796875,2.81640625,189.171875,,0.1877407311543693,0.0099634454443203,1,0,0.9824,known_synthetic_noise,0.8357,0.8320863487826531,189.5,379,0,0.1,0.9,full_partition,target-discovery-v1,0,0.05,0.0477,0.0909609172610682,0.311,0.9840886513890316,2,pairwise_f1,hungarian,0.5,0,379,0.1644604831495469,0.8567192814162379,0.8567192814162379,0.6467,0.7595484768826349,0.9824,0.0197066353425474,0.9598935328948638,0.0099555111022204,0.6467,379,macro,0,0,0.689,0.8074534161490683,0.9750919898103596,0.689,1,2,0.0,0.0,2,377,0.0,0.0477,0.0,0.0909609172610682,0.9840886513890316,"{""dimension"": 2, ""family"": ""moons"", ""n"": 20000}","{""eps"": 0.014539632014930248, ""eps_quantile"": 0.25, ""geometry_profile"": ""low_dim"", ""k"": 4, ""knn_backend"": ""kd_tree"", ""min_samples"": 5}",native_target_discovery_v1
ok,synthetic,moons_noise50__quality__n20000,kNN-DBSCAN,223,0.2.4,20000,2,0.0561173999994935,0.0669519999992189,2.893760300001304,192.6875,6.625,192.6875,,0.1884314443486939,0.0094826874733171,0,0,0.9789,known_synthetic_noise,0.83735,0.8340244470152371,186.0,372,0,0.1,0.9,full_partition,target-discovery-v1,0,0.05,0.0503,0.0955990460985194,0.3042,0.9618135806442176,2,pairwise_f1,hungarian,0.5,0,372,0.1720206471921418,0.8575182865402304,0.8575182865402304,0.64155,0.7629179331306991,0.9789,0.0188537854712044,0.941215783354556,0.0095222644528905,0.64155,372,macro,0,0,0.6958,0.810530607490244,0.9705677221369786,0.6958,0,2,0.0,0.0,2,370,0.0,0.0503,0.0,0.0955990460985194,0.9618135806442176,"{""dimension"": 2, ""family"": ""moons"", ""n"": 20000}","{""eps"": 0.014527153223752975, ""eps_quantile"": 0.25, ""geometry_profile"": ""low_dim"", ""k"": 4, ""knn_backend"": ""kd_tree"", ""min_samples"": 5}",native_target_discovery_v1
ok,synthetic,moons_noise50__quality__n20000,kNN-DBSCAN,227,0.2.4,20000,2,0.0578718999986449,0.0650330999997095,2.9123283000008087,188.12890625,1.91796875,188.609375,,0.184740297380799,0.0076239496656084,0,0,0.9816,known_synthetic_noise,0.83155,0.8276699893800672,185.0,370,0,0.1,0.9,full_partition,target-discovery-v1,0,0.05,0.028,0.0544429321407738,0.3185,0.9790209790209792,2,pairwise_f1,hungarian,0.0,0,370,0.1023569493035021,0.8535281074735881,0.8535281074735881,0.65005,0.7550188447042535,0.9816,0.0147083390367942,0.95299510247757,0.0074113622724544,0.65005,370,macro,0,0,0.6815,0.8018118712865464,0.9737105300757252,0.6815,0,2,0.0,0.0,2,368,0.0,0.028,0.0,0.0544429321407738,0.9790209790209792,"{""dimension"": 2, ""family"": ""moons"", ""n"": 20000}","{""eps"": 0.01437452808022499, ""eps_quantile"": 0.25, ""geometry_profile"": ""low_dim"", ""k"": 4, ""knn_backend"": ""kd_tree"", ""min_samples"": 5}",native_target_discovery_v1
ok,synthetic,moons_noise50__quality__n20000,kNN-DBSCAN,229,0.2.4,20000,2,0.0560725999985152,0.0674201999991055,2.914738800000123,188.7890625,3.11328125,189.04296875,,0.1886102761217178,0.0101547201251332,0,0,0.9803,known_synthetic_noise,0.8371999999999999,0.8337965505821667,187.0,374,0,0.1,0.9,full_partition,target-discovery-v1,0,0.05,0.0477,0.0909104056429699,0.3059,0.9697809492200464,2,pairwise_f1,hungarian,0.5,0,374,0.1643937513959545,0.8575802641938587,0.8575802641938587,0.6431,0.7621676255636759,0.9803,0.0201623434482834,0.9512209697540132,0.0101891578315663,0.6431,374,macro,0,0,0.6941,0.8100128369704749,0.97240123283833,0.6941,0,2,0.0,0.0,2,372,0.0,0.0477,0.0,0.0909104056429699,0.9697809492200464,"{""dimension"": 2, ""family"": ""moons"", ""n"": 20000}","{""eps"": 0.014317721128463745, ""eps_quantile"": 0.25, ""geometry_profile"": ""low_dim"", ""k"": 4, ""knn_backend"": ""kd_tree"", ""min_samples"": 5}",native_target_discovery_v1
ok,synthetic,moons_noise50__quality__n20000,kNN-DBSCAN,233,0.2.4,20000,2,0.0569017999987409,0.0694234999991749,2.912222200000542,188.8046875,2.8359375,189.05078125,,0.1866519153925575,0.0104118240469414,0,0,0.9804,known_synthetic_noise,0.8354,0.8318649608008376,190.0,380,0,0.1,0.9,full_partition,target-discovery-v1,0,0.05,0.059,0.1111700464820708,0.3096,0.9806268063583816,2,pairwise_f1,hungarian,1.0,0,380,0.1967899733183335,0.8562445414847162,0.8562445414847162,0.645,0.76,0.9804,0.0187149124113639,0.9541980415602884,0.0094501300260052,0.645,380,macro,0,0,0.6904,0.807485380116959,0.9723943661971832,0.6904,0,2,0.0,0.0,2,378,0.0,0.059,0.0,0.1111700464820708,0.9806268063583816,"{""dimension"": 2, ""family"": ""moons"", ""n"": 20000}","{""eps"": 0.014366909861564636, ""eps_quantile"": 0.25, ""geometry_profile"": ""low_dim"", ""k"": 4, ""knn_backend"": ""kd_tree"", ""min_samples"": 5}",native_target_discovery_v1
ok,synthetic,moons_noise75__quality__n20000,AMD-DBSCAN,211,0.2.4,20000,2,0.0599941000000399,5.261107900001662,8.436270900001546,6289.921875,6103.6640625,6289.90625,,0.0,0.0,282,282,0.0119333333333333,known_synthetic_noise,0.5059666666666667,0.2132349352704716,141.5,1,0,0.1,0.9,full_partition,target-discovery-v1,0,0.05,0.5,0.2387318563789152,0.0,0.1567987957852483,1,pairwise_f1,hungarian,1.0,1,283,0.0429292873575215,0.0235852164174188,0.0235852164174188,0.00895,1.0,0.0119333333333333,0.3116594221752001,0.1845951144387772,1.0,0.00895,283,macro,0,0,1.0,0.4028846541235245,0.2522577064729328,1.0,282,2,0.0,0.0,2,282,0.0,0.5,0.0,0.2387318563789152,0.1567987957852483,"{""dimension"": 2, ""family"": ""moons"", ""n"": 20000}","{""adaptive_rank"": 71, ""balance_rounds"": 3, ""eps_values"": [0.08100097384224034, 0.29357555681723474, 0.31853298641224975], ""geometry_profile"": ""low_dim"", ""knn_backend"": ""kd_tree"", ""n_density_levels"": 3}",native_target_discovery_v1
ok,synthetic,moons_noise75__quality__n20000,AMD-DBSCAN,223,0.2.4,20000,2,0.0627702999991015,5.1946755000008125,8.447550999999294,6289.765625,6103.6484375,6289.765625,,0.0,0.0,296,296,0.0106,known_synthetic_noise,0.5053,0.2117689602248691,148.5,1,0,0.1,0.9,full_partition,target-discovery-v1,0,0.05,0.5,0.2017267812474784,0.0,0.1263519660365915,1,pairwise_f1,hungarian,1.0,1,297,0.0380032981126414,0.0209776370472986,0.0209776370472986,0.00795,1.0,0.0106,0.2206668578936164,0.1240166063744476,1.0,0.00795,297,macro,0,0,1.0,0.4025602834024395,0.2520034272466105,1.0,296,2,0.0,0.0,2,296,0.0,0.5,0.0,0.2017267812474784,0.1263519660365915,"{""dimension"": 2, ""family"": ""moons"", ""n"": 20000}","{""adaptive_rank"": 71, ""balance_rounds"": 3, ""eps_values"": [0.08048545490363289, 0.290813694107032, 0.31694965239037803], ""geometry_profile"": ""low_dim"", ""knn_backend"": ""kd_tree"", ""n_density_levels"": 3}",native_target_discovery_v1
ok,synthetic,moons_noise75__quality__n20000,AMD-DBSCAN,227,0.2.4,20000,2,0.0612433000005694,5.165407500000583,8.38227569999981,6289.6875,6103.64453125,6289.6875,,0.0,0.0,231,230,0.0134666666666666,known_synthetic_noise,0.5067333333333334,0.2149168889415319,115.5,1,0,0.1,0.9,full_partition,target-discovery-v1,0,0.05,0.5,0.1657055743355206,0.0,0.0993088106776833,1,pairwise_f1,hungarian,1.0,1,231,0.0458048349406899,0.0265754505986054,0.0265754505986054,0.0101,1.0,0.0134666666666666,0.144410200137975,0.0778244201109064,1.0,0.0101,231,macro,0,0,1.0,0.4032583272844584,0.2525507627033033,1.0,231,2,0.0,0.0,2,230,0.0,0.5,0.0,0.1657055743355206,0.0993088106776833,"{""dimension"": 2, ""family"": ""moons"", ""n"": 20000}","{""adaptive_rank"": 71, ""balance_rounds"": 3, ""eps_values"": [0.08150731855718518, 0.2905322797213491, 0.3144267710801204], ""geometry_profile"": ""low_dim"", ""knn_backend"": ""kd_tree"", ""n_density_levels"": 3}",native_target_discovery_v1
ok,synthetic,moons_noise75__quality__n20000,AMD-DBSCAN,229,0.2.4,20000,2,0.0596549999991111,5.190688599999703,8.450911500000075,6289.4375,6103.64453125,6289.4375,,0.0,0.0,278,277,0.0086666666666666,known_synthetic_noise,0.5043333333333333,0.2096376371939106,139.0,1,0,0.1,0.9,full_partition,target-discovery-v1,0,0.05,0.5,0.1868739721931529,0.0,0.1149108291965434,1,pairwise_f1,hungarian,1.0,1,278,0.0314744979091249,0.0171844018506278,0.0171844018506278,0.0065,1.0,0.0086666666666666,0.1877510719804853,0.1036011494213799,1.0,0.0065,278,macro,0,0,1.0,0.4020908725371934,0.2516356316054353,1.0,278,2,0.0,0.0,2,277,0.0,0.5,0.0,0.1868739721931529,0.1149108291965434,"{""dimension"": 2, ""family"": ""moons"", ""n"": 20000}","{""adaptive_rank"": 71, ""balance_rounds"": 3, ""eps_values"": [0.0805546203224712, 0.2909500435296475, 0.31646404540252576], ""geometry_profile"": ""low_dim"", ""knn_backend"": ""kd_tree"", ""n_density_levels"": 3}",native_target_discovery_v1
ok,synthetic,moons_noise75__quality__n20000,AMD-DBSCAN,233,0.2.4,20000,2,0.0618861999992077,5.285598700000264,8.520421100000021,6289.88671875,6103.64453125,6289.88671875,,0.0,0.0,249,248,0.0144666666666666,known_synthetic_noise,0.5072333333333333,0.2160115671147861,124.5,1,0,0.1,0.9,full_partition,target-discovery-v1,0,0.05,0.5,0.1815409193232154,0.0,0.1109040901428444,1,pairwise_f1,hungarian,1.0,1,249,0.0492967668545078,0.0285207333902871,0.0285207333902871,0.01085,1.0,0.0144666666666666,0.1744446040514455,0.0955570038787042,1.0,0.01085,249,macro,0,0,1.0,0.403502400839285,0.2527422534499318,1.0,249,2,0.0,0.0,2,248,0.0,0.5,0.0,0.1815409193232154,0.1109040901428444,"{""dimension"": 2, ""family"": ""moons"", ""n"": 20000}","{""adaptive_rank"": 71, ""balance_rounds"": 3, ""eps_values"": [0.0813990065600723, 0.2905656771356412, 0.3150265370676035], ""geometry_profile"": ""low_dim"", ""knn_backend"": ""kd_tree"", ""n_density_levels"": 3}",native_target_discovery_v1
ok,synthetic,moons_noise75__quality__n20000,DBSCAN,211,0.2.4,20000,2,0.0565832000011141,0.1870601000009628,3.008433999999397,195.1328125,8.64453125,192.88671875,,0.000120904863302,-1.584959271355375e-07,867,864,0.366,known_synthetic_noise,0.6825,0.5239583947641928,434.0,4,0,0.1,0.9,full_partition,target-discovery-v1,0,0.05,0.4998,0.2944924137840546,0.001,0.3080139953348884,2,pairwise_f1,hungarian,1.0,1,868,0.3800656478443689,0.535740424493779,0.535740424493779,0.27475,0.9990900818926296,0.366,0.5121112953926521,0.344614742103943,0.9964030412164866,0.27475,868,macro,0,0,0.999,0.5121763650346065,0.344364012409514,0.999,867,2,0.0,0.0,2,866,0.0,0.4998,0.0,0.2944924137840546,0.3080139953348884,"{""dimension"": 2, ""family"": ""moons"", ""n"": 20000}","{""base_eps"": 0.08793317526578903, ""eps"": 0.06155322268605232, ""eps_multiplier"": 0.7, ""geometry_profile"": ""low_dim"", ""knn_backend"": ""kd_tree"", ""min_samples"": 5}",native_target_discovery_v1
ok,synthetic,moons_noise75__quality__n20000,DBSCAN,223,0.2.4,20000,2,0.0561106999994081,0.1939547000001766,3.0779473000002326,192.71484375,6.64453125,191.44140625,,-0.0002700296839895,-1.2778896194394515e-06,881,878,0.3535333333333333,known_synthetic_noise,0.6760666666666667,0.5146834026874957,441.0,4,0,0.1,0.9,full_partition,target-discovery-v1,0,0.05,0.4992,0.2959798163705782,0.0014,0.2724814845985524,2,pairwise_f1,hungarian,1.0,1,882,0.3778173919561002,0.5222058099458395,0.5222058099458395,0.2655,0.9986817325800376,0.3535333333333333,0.5195830296358377,0.3514657335411749,0.9960032012805122,0.2655,882,macro,0,0,0.9986,0.5071609954291518,0.3398910823689585,0.9986,881,2,0.0,0.0,2,880,0.0,0.4992,0.0,0.2959798163705782,0.2724814845985524,"{""dimension"": 2, ""family"": ""moons"", ""n"": 20000}","{""base_eps"": 0.08751171827316284, ""eps"": 0.06125820279121399, ""eps_multiplier"": 0.7, ""geometry_profile"": ""low_dim"", ""knn_backend"": ""kd_tree"", ""min_samples"": 5}",native_target_discovery_v1
ok,synthetic,moons_noise75__quality__n20000,DBSCAN,227,0.2.4,20000,2,0.0562234999997599,0.1881998000008025,3.038656400000036,194.08203125,7.65625,190.1484375,,0.9883429927786626,0.996004957642182,897,895,0.3648666666666667,known_synthetic_noise,0.6817333333333333,0.5230252625512295,449.5,4,0,0.1,0.9,full_partition,target-discovery-v1,0,0.05,0.998,0.9087111241103636,0.0014,0.8341292768951551,2,pairwise_f1,hungarian,1.0,0,899,0.6730691612206376,0.5344726562500001,0.5344726562500001,0.274,0.9987226277372264,0.3648666666666667,0.8162385499329895,0.6914424079772837,0.9960040016006404,0.274,899,macro,2,2,0.9986,0.511577868852459,0.3438705234159779,0.9986,897,2,0.0,1.0,2,897,0.0,0.998,0.0,0.9087111241103636,0.8341292768951553,"{""dimension"": 2, ""family"": ""moons"", ""n"": 20000}","{""base_eps"": 0.08635004609823227, ""eps"": 0.060445032268762584, ""eps_multiplier"": 0.7, ""geometry_profile"": ""low_dim"", ""knn_backend"": ""kd_tree"", ""min_samples"": 5}",native_target_discovery_v1
ok,synthetic,moons_noise75__quality__n20000,DBSCAN,229,0.2.4,20000,2,0.0564713000003394,0.1969688999997743,3.0259274000000005,194.51171875,8.30859375,193.5390625,,0.9854284105138787,0.9952065572913718,891,887,0.3598,known_synthetic_noise,0.6795,0.519456820440459,446.5,6,0,0.1,0.9,full_partition,target-discovery-v1,0,0.05,0.9978,0.9076105628038982,0.0007999999999999,0.8324022169092272,2,pairwise_f1,hungarian,1.0,0,893,0.6684881543807356,0.5290917111906279,0.5290917111906279,0.27005,0.9992593964080726,0.3598,0.8140066787335978,0.6884358427712203,0.9956052821128452,0.27005,893,macro,2,2,0.9992,0.5098219296902903,0.342215220220563,0.9992,891,2,0.0,1.0,2,891,0.0,0.9978,0.0,0.9076105628038982,0.8324022169092273,"{""dimension"": 2, ""family"": ""moons"", ""n"": 20000}","{""base_eps"": 0.08720076829195023, ""eps"": 0.06104053780436516, ""eps_multiplier"": 0.7, ""geometry_profile"": ""low_dim"", ""knn_backend"": ""kd_tree"", ""min_samples"": 5}",native_target_discovery_v1
ok,synthetic,moons_noise75__quality__n20000,DBSCAN,233,0.2.4,20000,2,0.0543208999988564,0.1845484999994369,2.98516059999929,192.78515625,6.57421875,193.42578125,,0.97839966225348,0.9924168715818312,889,884,0.3599333333333333,known_synthetic_noise,0.6789666666666667,0.5192489487084724,446.0,8,0,0.1,0.9,full_partition,target-discovery-v1,0,0.05,0.9962,0.9115197685895148,0.002,0.840110334261699,2,pairwise_f1,hungarian,1.0,0,892,0.669536490496911,0.529080307707384,0.529080307707384,0.27045,0.9981512294324274,0.3599333333333333,0.8217344084330612,0.7011470660776691,0.9924158463385354,0.27045,892,macro,2,2,0.998,0.5094175897095606,0.3419916386813789,0.998,889,2,0.0,1.0,2,890,0.0,0.9962,0.0,0.9115197685895148,0.840110334261699,"{""dimension"": 2, ""family"": ""moons"", ""n"": 20000}","{""base_eps"": 0.08674654364585876, ""eps"": 0.060722580552101134, ""eps_multiplier"": 0.7, ""geometry_profile"": ""low_dim"", ""knn_backend"": ""kd_tree"", ""min_samples"": 5}",native_target_discovery_v1
ok,synthetic,moons_noise75__quality__n20000,HDBSCAN,211,0.2.4,20000,2,0.0561258000016096,2.719422300000588,5.567719700000453,191.08984375,4.42578125,191.31640625,,0.9369220359697688,0.9686576968883144,82,82,0.4088666666666666,known_synthetic_noise,0.6965333333333333,0.5510512987474683,42.0,2,0,0.1,0.9,full_partition,target-discovery-v1,0,0.05,0.9842,0.9239600144678924,0.0157999999999999,0.8706697502961336,2,pairwise_f1,hungarian,1.0,0,84,0.7113308879594296,0.5782575900433716,0.5782575900433716,0.3106,0.9872826786864134,0.4088666666666666,0.8118752466413014,0.6987797050050212,0.9686482593037214,0.3106,84,macro,2,2,0.9842,0.5238450074515649,0.3569045546852335,0.9842,82,2,0.0,1.0,2,82,0.0,0.9842,0.0,0.9239600144678926,0.8706697502961335,"{""dimension"": 2, ""family"": ""moons"", ""n"": 20000}","{""geometry_profile"": ""low_dim"", ""knn_backend"": ""kd_tree"", ""min_cluster_size"": 40, ""min_samples"": 5}",native_target_discovery_v1
ok,synthetic,moons_noise75__quality__n20000,HDBSCAN,223,0.2.4,20000,2,0.05796029999874,2.7031432000003406,5.725232200000392,190.16015625,4.28515625,191.09765625,,0.9465065855652256,0.974560543319366,75,75,0.4007333333333333,known_synthetic_noise,0.6939666666666666,0.5460384767868419,38.5,2,0,0.1,0.9,full_partition,target-discovery-v1,0,0.05,0.9872,0.9255579577329296,0.0127999999999999,0.8711627807299003,2,pairwise_f1,hungarian,1.0,0,77,0.7058494348100032,0.5704389086595492,0.5704389086595492,0.30375,0.9894650205761316,0.4007333333333333,0.8002948515594851,0.6788985015206909,0.9745594237695078,0.30375,77,macro,2,2,0.9872,0.5216380449141347,0.3544703770197486,0.9872,75,2,0.0,1.0,2,75,0.0,0.9872,0.0,0.9255579577329296,0.8711627807299003,"{""dimension"": 2, ""family"": ""moons"", ""n"": 20000}","{""geometry_profile"": ""low_dim"", ""knn_backend"": ""kd_tree"", ""min_cluster_size"": 40, ""min_samples"": 5}",native_target_discovery_v1
ok,synthetic,moons_noise75__quality__n20000,HDBSCAN,227,0.2.4,20000,2,0.0609457999998994,2.7542475999998715,5.798890899999606,190.66015625,4.44921875,190.89453125,,0.9721351687724976,0.9884342997952488,88,88,0.424,known_synthetic_noise,0.7091,0.5644492067701374,45.0,2,0,0.1,0.9,full_partition,target-discovery-v1,0,0.05,0.9942,0.911362290192544,0.0058,0.8413819743433244,2,pairwise_f1,hungarian,1.0,0,90,0.7197393759636264,0.5946982093599513,0.5946982093599513,0.31945,0.9954609485052434,0.424,0.8007778211903432,0.6730070092556527,0.9884323329331732,0.31945,90,macro,2,2,0.9942,0.5342002041803234,0.3652193079127177,0.9942,88,2,0.0,1.0,2,88,0.0,0.9942,0.0,0.9113622901925442,0.8413819743433243,"{""dimension"": 2, ""family"": ""moons"", ""n"": 20000}","{""geometry_profile"": ""low_dim"", ""knn_backend"": ""kd_tree"", ""min_cluster_size"": 40, ""min_samples"": 5}",native_target_discovery_v1
ok,synthetic,moons_noise75__quality__n20000,HDBSCAN,229,0.2.4,20000,2,0.0694590999992215,2.7322767000005115,5.807161000000633,190.01171875,3.9765625,192.6640625,,0.9657694530297904,0.9852528468047428,88,88,0.4045333333333333,known_synthetic_noise,0.6985666666666667,0.5501768868331136,45.0,2,0,0.1,0.9,full_partition,target-discovery-v1,0,0.05,0.9926,0.9113142647982864,0.0074,0.8423404831927834,2,pairwise_f1,hungarian,1.0,0,90,0.7051298118864218,0.575029613835584,0.575029613835584,0.30525,0.993939393939394,0.4045333333333333,0.7996641738449236,0.6729106836172583,0.9852521808723488,0.30525,90,macro,2,2,0.9926,0.5253241598306431,0.3571788413098237,0.9926,88,2,0.0,1.0,2,88,0.0,0.9926,0.0,0.9113142647982864,0.8423404831927835,"{""dimension"": 2, ""family"": ""moons"", ""n"": 20000}","{""geometry_profile"": ""low_dim"", ""knn_backend"": ""kd_tree"", ""min_cluster_size"": 40, ""min_samples"": 5}",native_target_discovery_v1
ok,synthetic,moons_noise75__quality__n20000,HDBSCAN,233,0.2.4,20000,2,0.0590245000003051,2.7795942000011564,5.817592700001114,191.28125,5.26171875,190.71484375,,0.9693158123532876,0.98724109534188,87,86,0.3858,known_synthetic_noise,0.6898,0.5370255316796491,44.5,3,0,0.1,0.9,full_partition,target-discovery-v1,0,0.05,0.9936,0.9125684365524916,0.0062,0.8437658504616392,2,pairwise_f1,hungarian,1.0,0,89,0.6909668328286328,0.5559611874339514,0.5559611874339514,0.2909,0.9946717084908904,0.3858,0.7967621448794321,0.6678984831071748,0.9872390556222488,0.2909,89,macro,2,2,0.9938,0.5180898759253466,0.3503737131575236,0.9938,87,2,0.0,1.0,2,87,0.0,0.9936,0.0,0.9125684365524916,0.8437658504616393,"{""dimension"": 2, ""family"": ""moons"", ""n"": 20000}","{""geometry_profile"": ""low_dim"", ""knn_backend"": ""kd_tree"", ""min_cluster_size"": 40, ""min_samples"": 5}",native_target_discovery_v1
ok,synthetic,moons_noise75__quality__n20000,OPTICS,211,0.2.4,20000,2,0.0590197999990778,16.006147099998998,19.01620589999948,189.859375,3.87109375,192.48046875,,0.0296743490214749,0.0008603436190502,3,3,0.9898666666666668,known_synthetic_noise,0.5034333333333333,0.4433514557570612,2.5,2,0,0.1,0.9,full_partition,target-discovery-v1,0,0.05,0.0098,0.0192081536652293,0.983,0.4803921568627451,1,pairwise_f1,hungarian,0.0,0,5,0.0375714890116477,0.8542415786899865,0.8542415786899865,0.98815,0.7513029398370693,0.9898666666666668,0.0005776342327923,0.3229613733905579,0.0002890756302521,0.98815,5,macro,0,0,0.017,0.0324613328241359,0.3586497890295358,0.017,3,2,0.0,0.0,2,4,0.0,0.0098,0.0,0.0192081536652293,0.4803921568627451,"{""dimension"": 2, ""family"": ""moons"", ""n"": 20000}","{""geometry_profile"": ""low_dim"", ""knn_backend"": ""kd_tree"", ""max_eps"": 0.10505609214305878, ""max_eps_quantile"": 0.98, ""min_cluster_size"": 40, ""min_samples"": 5, ""xi"": 0.1}",native_target_discovery_v1
ok,synthetic,moons_noise75__quality__n20000,OPTICS,223,0.2.4,20000,2,0.0585123000000749,15.941841100000602,18.971291300000303,191.06640625,4.890625,191.29296875,,0.015886564252659,0.0002890197753103,0,0,0.9996666666666668,known_synthetic_noise,0.5041333333333333,0.4375351625539249,0.5,1,0,0.1,0.9,full_partition,target-discovery-v1,0,0.05,0.0086,0.0168759811616954,0.9914,0.4479166666666667,1,pairwise_f1,hungarian,0.0,0,1,0.0331009267037671,0.8580338750286106,0.8580338750286106,0.9976,0.7515537289494787,0.9996666666666668,0.0002890234464269,0.800531914893617,0.000144537815126,0.9976,1,macro,0,0,0.0086,0.0170364500792393,0.8958333333333334,0.0086,0,2,0.0,0.0,2,0,0.0,0.0086,0.0,0.0168759811616954,0.4479166666666667,"{""dimension"": 2, ""family"": ""moons"", ""n"": 20000}","{""geometry_profile"": ""low_dim"", ""knn_backend"": ""kd_tree"", ""max_eps"": 0.10514892637729645, ""max_eps_quantile"": 0.98, ""min_cluster_size"": 40, ""min_samples"": 5, ""xi"": 0.1}",native_target_discovery_v1
ok,synthetic,moons_noise75__quality__n20000,OPTICS,227,0.2.4,20000,2,0.0577955999997357,15.90181450000091,18.97500060000129,190.19140625,3.8359375,192.9140625,,0.0169571452222888,0.0003312686694404,0,0,0.9998666666666668,known_synthetic_noise,0.5045333333333334,0.4382152893222999,0.5,1,0,0.1,0.9,full_partition,target-discovery-v1,0,0.05,0.0092,0.0180533751962323,0.9908,0.4791666666666667,1,pairwise_f1,hungarian,0.0,0,1,0.0353628507283668,0.8582055390249484,0.8582055390249484,0.9976,0.7517040898155574,0.9998666666666668,0.0003312727209877,0.9175531914893617,0.0001656662665066,0.9976,1,macro,0,0,0.0092,0.0182250396196513,0.9583333333333334,0.0092,0,2,0.0,0.0,2,0,0.0,0.0092,0.0,0.0180533751962323,0.4791666666666667,"{""dimension"": 2, ""family"": ""moons"", ""n"": 20000}","{""geometry_profile"": ""low_dim"", ""knn_backend"": ""kd_tree"", ""max_eps"": 0.10514409095048904, ""max_eps_quantile"": 0.98, ""min_cluster_size"": 40, ""min_samples"": 5, ""xi"": 0.1}",native_target_discovery_v1
ok,synthetic,moons_noise75__quality__n20000,OPTICS,229,0.2.4,20000,2,0.0636147000004712,15.78557340000043,18.86095580000074,191.40625,5.3203125,191.40234375,,0.0155282972906917,0.0002755769517116,1,1,0.9972,known_synthetic_noise,0.5028,0.4366607992259989,1.0,1,0,0.1,0.9,full_partition,target-discovery-v1,0,0.05,0.0084,0.0165094339622641,0.9916,0.4772727272727273,1,pairwise_f1,hungarian,0.0,0,2,0.0323946638186572,0.8567991751632489,0.8567991751632489,0.9958,0.7510544286001205,0.9972,0.0002755541246227,0.4988412514484356,0.0001378151260504,0.9958,2,macro,0,0,0.0084,0.016522423288749,0.5,0.0084,1,2,0.0,0.0,2,1,0.0,0.0084,0.0,0.0165094339622641,0.4772727272727273,"{""dimension"": 2, ""family"": ""moons"", ""n"": 20000}","{""geometry_profile"": ""low_dim"", ""knn_backend"": ""kd_tree"", ""max_eps"": 0.10477402061223984, ""max_eps_quantile"": 0.98, ""min_cluster_size"": 40, ""min_samples"": 5, ""xi"": 0.1}",native_target_discovery_v1
ok,synthetic,moons_noise75__quality__n20000,OPTICS,233,0.2.4,20000,2,0.0576565999999729,16.081771799999842,19.08726410000054,191.82421875,5.25,191.38671875,,0.0155282972906917,0.0002755769517116,0,0,0.9997333333333334,known_synthetic_noise,0.5040666666666667,0.4373444235219423,0.5,1,0,0.1,0.9,full_partition,target-discovery-v1,0,0.05,0.0084,0.016496465043205,0.9916,0.4565217391304347,1,pairwise_f1,hungarian,0.0,0,1,0.0323705827102689,0.8580419980545861,0.8580419980545861,0.9977,0.7515285155858474,0.9997333333333334,0.0002755845970295,0.8318840579710145,0.0001378151260504,0.9977,1,macro,0,0,0.0084,0.0166468489892984,0.9130434782608696,0.0084,0,2,0.0,0.0,2,0,0.0,0.0084,0.0,0.016496465043205,0.4565217391304348,"{""dimension"": 2, ""family"": ""moons"", ""n"": 20000}","{""geometry_profile"": ""low_dim"", ""knn_backend"": ""kd_tree"", ""max_eps"": 0.10481925308704376, ""max_eps_quantile"": 0.98, ""min_cluster_size"": 40, ""min_samples"": 5, ""xi"": 0.1}",native_target_discovery_v1
ok,synthetic,moons_noise75__quality__n20000,SNN-DBSCAN,211,0.2.4,20000,2,0.0610026000013022,0.2253149000007397,4.011033300001145,253.921875,26.92578125,254.96484375,,0.2406318377062644,0.0244439991129638,365,350,0.096,known_synthetic_noise,0.5113,0.2854371341410356,251.5,153,1,0.1,0.9,full_partition,target-discovery-v1,2,0.05,0.0796,0.1448537620610183,0.0733999999999999,0.9246763137852247,2,pairwise_f1,hungarian,1.5,0,503,0.1569947676496375,0.171357172606652,0.171357172606652,0.09035,0.7969009407858328,0.096,0.0435902929539643,0.2024814225053078,0.0244241696678671,0.09035,503,macro,0,0,0.9266,0.3995170956754192,0.2546583850931677,0.9266,365,2,0.5,0.0,2,501,0.0,0.0796,0.5,0.1448537620610182,0.9246763137852247,"{""dimension"": 2, ""family"": ""moons"", ""n"": 20000}","{""eps"": 13, ""geometry_profile"": ""low_dim"", ""k"": 20, ""knn_backend"": ""kd_tree"", ""min_samples"": 5}",native_target_discovery_v1
ok,synthetic,moons_noise75__quality__n20000,SNN-DBSCAN,223,0.2.4,20000,2,0.0604591999999684,0.2282428999988042,4.065533800001504,255.50390625,29.05078125,254.3125,,0.2466141370380893,0.0261513442245993,396,377,0.0954,known_synthetic_noise,0.5088,0.2839987729796998,257.5,138,0,0.1,0.9,full_partition,target-discovery-v1,3,0.05,0.0696,0.1291146908990775,0.0778,0.891578947368421,2,pairwise_f1,hungarian,2.5,0,515,0.146820659654504,0.170154577883472,0.170154577883472,0.091,0.7862637362637362,0.0954,0.0475911891562431,0.2646889158235191,0.0261461384553821,0.091,515,macro,0,0,0.9222,0.3978429680759276,0.2536303630363036,0.9222,396,2,0.0,0.0,2,513,0.0,0.0696,0.0,0.1291146908990775,0.891578947368421,"{""dimension"": 2, ""family"": ""moons"", ""n"": 20000}","{""eps"": 13, ""geometry_profile"": ""low_dim"", ""k"": 20, ""knn_backend"": ""kd_tree"", ""min_samples"": 5}",native_target_discovery_v1
ok,synthetic,moons_noise75__quality__n20000,SNN-DBSCAN,227,0.2.4,20000,2,0.0582993999996688,0.2201716999989003,4.0082798000003095,252.29296875,25.66015625,239.50390625,,0.2532266579334078,0.0319032303112672,343,330,0.0917333333333333,known_synthetic_noise,0.5139666666666667,0.2832780711323254,233.0,136,0,0.1,0.9,full_partition,target-discovery-v1,3,0.05,0.1022,0.1827583433235072,0.0638,0.8894802520746241,2,pairwise_f1,hungarian,2.5,0,466,0.1733372095742689,0.1648397723869422,0.1648397723869422,0.08475,0.8117994100294985,0.0917333333333333,0.0570810626332428,0.270193423178255,0.0319113245298119,0.08475,466,macro,0,0,0.9362,0.4017163698777086,0.2557224801966676,0.9362,343,2,0.0,0.0,2,464,0.0,0.1022,0.0,0.1827583433235072,0.8894802520746241,"{""dimension"": 2, ""family"": ""moons"", ""n"": 20000}","{""eps"": 13, ""geometry_profile"": ""low_dim"", ""k"": 20, ""knn_backend"": ""kd_tree"", ""min_samples"": 5}",native_target_discovery_v1
ok,synthetic,moons_noise75__quality__n20000,SNN-DBSCAN,229,0.2.4,20000,2,0.0633656000009068,0.2306742000000667,4.042206699999952,256.65625,29.69921875,239.70703125,,0.2392134759778564,0.0216970995230117,389,371,0.0976,known_synthetic_noise,0.5082,0.2853977838720399,262.5,154,0,0.1,0.9,full_partition,target-discovery-v1,2,0.05,0.0548,0.1030446792529216,0.0812,0.8959531081566655,2,pairwise_f1,hungarian,1.5,0,525,0.1293147460113855,0.1735625370480142,0.1735625370480142,0.0935,0.7828877005347593,0.0976,0.0398593203914598,0.2433944384420171,0.0217070828331332,0.0935,525,macro,0,0,0.9188,0.3972330306960657,0.253392167677882,0.9188,389,2,0.0,0.0,2,523,0.0,0.0548,0.0,0.1030446792529216,0.8959531081566656,"{""dimension"": 2, ""family"": ""moons"", ""n"": 20000}","{""eps"": 13, ""geometry_profile"": ""low_dim"", ""k"": 20, ""knn_backend"": ""kd_tree"", ""min_samples"": 5}",native_target_discovery_v1
ok,synthetic,moons_noise75__quality__n20000,SNN-DBSCAN,233,0.2.4,20000,2,0.0616321999987121,0.2254800999999133,4.033325299998978,245.80078125,19.29296875,245.80078125,,0.2524690656537453,0.030528099479106,339,325,0.0941333333333333,known_synthetic_noise,0.5113666666666666,0.2840652466431548,229.0,133,0,0.1,0.9,full_partition,target-discovery-v1,4,0.05,0.0826,0.1509045911309309,0.0713999999999999,0.8980234749156002,2,pairwise_f1,hungarian,3.0,0,458,0.1591756638817907,0.1684059872383565,0.1684059872383565,0.08845,0.7981910684002261,0.0941333333333333,0.0546522156485688,0.261129356081875,0.030519887955182,0.08845,458,macro,0,0,0.9286,0.3997245060479532,0.254676101146399,0.9286,339,2,0.0,0.0,2,456,0.0,0.0826,0.0,0.1509045911309309,0.8980234749156003,"{""dimension"": 2, ""family"": ""moons"", ""n"": 20000}","{""eps"": 13, ""geometry_profile"": ""low_dim"", ""k"": 20, ""knn_backend"": ""kd_tree"", ""min_samples"": 5}",native_target_discovery_v1
ok,synthetic,moons_noise75__quality__n20000,StrataSCAN,211,0.2.4,20000,2,0.0629057000005559,0.7823224000003393,4.018244999999297,232.70703125,46.4140625,232.6171875,,0.8719161456057645,0.9216066590466916,0,0,0.9626666666666668,known_synthetic_noise,0.9613333333333334,0.9504999504999504,1.0,2,0,0.1,0.9,full_partition,target-discovery-v1,0,0.05,0.96,0.9266399801045244,0.0399999999999999,0.8955307898061202,2,pairwise_f1,hungarian,1.0,0,2,0.9499005546475708,0.9743589743589745,0.9743589743589745,0.732,0.9863387978142076,0.9626666666666668,0.857597705704363,0.8019133721983724,0.9215924769907964,0.732,2,macro,2,2,0.96,0.9266409266409268,0.8955223880597015,0.96,0,2,0.0,1.0,2,0,0.0,0.96,0.0,0.9266399801045244,0.8955307898061201,"{""dimension"": 2, ""family"": ""moons"", ""n"": 20000}","{""ambiguous_model_confirmation_tolerance"": 1e-05, ""assignment"": ""maximum_posterior_basis_then_semantic_role"", ""background_model"": ""adaptive_gamma_basis_mixture_with_largest_rate_gap"", ""background_scan"": ""adaptive_dyadic_rank_windows_with_poisson_beta_boundary_code"", ""border_rule"": ""strict_local_core_radius"", ""component_initialization"": ""compiled_split_warm_single_start_with_guarded_confirmation"", ""component_selection"": ""semantic_icl_with_adaptive_bound"", ""connectivity"": ""density_ordered_non_merging_knn_watershed"", ""core_thresholds"": ""observed_d4_event_sweep"", ""duplicate_profile_confirmation_minimum"": 3, ""duplicate_profile_confirmation_tolerance"": 1e-08, ""extraction_objective"": ""gamma_topology_description_length"", ""fit_samples"": ""all_rows"", ""gamma_tolerance"": 0.0001, ""geometry_profile"": ""low_dim"", ""hard_component_bound"": 24, ""initial_component_bound"": 8, ""k"": 32, ""knn_backend"": ""kd_tree"", ""shell_ranks"": [4, 8, 16, 32], ""stratification_model"": ""adaptive_gamma_density_basis_with_semantic_background"", ""version"": ""0.2.3""}",native_target_discovery_v1
ok,synthetic,moons_noise75__quality__n20000,StrataSCAN,223,0.2.4,20000,2,0.0590422000004764,0.921375399999306,4.133295600000565,241.13671875,54.890625,240.96484375,,0.8218715490297279,0.8820510190593206,0,0,0.9635333333333334,known_synthetic_noise,0.9569666666666669,0.9480206320430268,1.5,3,1,0.1,0.9,full_partition,target-discovery-v1,0,0.05,0.939,0.9179630890559772,0.0496,0.8979534589704081,2,pairwise_f1,hungarian,1.0,0,3,0.9447905230324648,0.9732332244705566,0.9732332244705566,0.73505,0.9831303992925652,0.9635333333333334,0.8422997472362638,0.8059844807359197,0.8820419367747099,0.73505,3,macro,2,2,0.9504,0.9228080396154966,0.8967729760332138,0.9504,0,2,0.5,1.0,2,1,0.0,0.939,0.5,0.9179630890559772,0.8979534589704082,"{""dimension"": 2, ""family"": ""moons"", ""n"": 20000}","{""ambiguous_model_confirmation_tolerance"": 1e-05, ""assignment"": ""maximum_posterior_basis_then_semantic_role"", ""background_model"": ""adaptive_gamma_basis_mixture_with_largest_rate_gap"", ""background_scan"": ""adaptive_dyadic_rank_windows_with_poisson_beta_boundary_code"", ""border_rule"": ""strict_local_core_radius"", ""component_initialization"": ""compiled_split_warm_single_start_with_guarded_confirmation"", ""component_selection"": ""semantic_icl_with_adaptive_bound"", ""connectivity"": ""density_ordered_non_merging_knn_watershed"", ""core_thresholds"": ""observed_d4_event_sweep"", ""duplicate_profile_confirmation_minimum"": 3, ""duplicate_profile_confirmation_tolerance"": 1e-08, ""extraction_objective"": ""gamma_topology_description_length"", ""fit_samples"": ""all_rows"", ""gamma_tolerance"": 0.0001, ""geometry_profile"": ""low_dim"", ""hard_component_bound"": 24, ""initial_component_bound"": 8, ""k"": 32, ""knn_backend"": ""kd_tree"", ""shell_ranks"": [4, 8, 16, 32], ""stratification_model"": ""adaptive_gamma_density_basis_with_semantic_background"", ""version"": ""0.2.3""}",native_target_discovery_v1
ok,synthetic,moons_noise75__quality__n20000,StrataSCAN,227,0.2.4,20000,2,0.0622625999985757,0.7898240000013175,4.033138200000394,233.44140625,47.15625,231.9140625,,0.888962355158354,0.9351185270923268,0,0,0.9598,known_synthetic_noise,0.9634,0.9502216942956356,1.0,2,0,0.1,0.9,full_partition,target-discovery-v1,0,0.05,0.967,0.9264226863383788,0.033,0.8891136447223243,2,pairwise_f1,hungarian,1.0,0,2,0.9496256304684784,0.9740207022528924,0.9740207022528924,0.7281,0.988669138854553,0.9598,0.8567369876919507,0.7904990120756533,0.9350906762705082,0.7281,2,macro,2,2,0.967,0.926422686338379,0.8891136447223243,0.967,0,2,0.0,1.0,2,0,0.0,0.967,0.0,0.9264226863383788,0.8891136447223243,"{""dimension"": 2, ""family"": ""moons"", ""n"": 20000}","{""ambiguous_model_confirmation_tolerance"": 1e-05, ""assignment"": ""maximum_posterior_basis_then_semantic_role"", ""background_model"": ""adaptive_gamma_basis_mixture_with_largest_rate_gap"", ""background_scan"": ""adaptive_dyadic_rank_windows_with_poisson_beta_boundary_code"", ""border_rule"": ""strict_local_core_radius"", ""component_initialization"": ""compiled_split_warm_single_start_with_guarded_confirmation"", ""component_selection"": ""semantic_icl_with_adaptive_bound"", ""connectivity"": ""density_ordered_non_merging_knn_watershed"", ""core_thresholds"": ""observed_d4_event_sweep"", ""duplicate_profile_confirmation_minimum"": 3, ""duplicate_profile_confirmation_tolerance"": 1e-08, ""extraction_objective"": ""gamma_topology_description_length"", ""fit_samples"": ""all_rows"", ""gamma_tolerance"": 0.0001, ""geometry_profile"": ""low_dim"", ""hard_component_bound"": 24, ""initial_component_bound"": 8, ""k"": 32, ""knn_backend"": ""kd_tree"", ""shell_ranks"": [4, 8, 16, 32], ""stratification_model"": ""adaptive_gamma_density_basis_with_semantic_background"", ""version"": ""0.2.3""}",native_target_discovery_v1
ok,synthetic,moons_noise75__quality__n20000,StrataSCAN,229,0.2.4,20000,2,0.0638190000008762,0.8304951999998593,4.0671984999989945,232.234375,46.1328125,232.546875,,0.8849805494931305,0.932025990561702,0,0,0.9598,known_synthetic_noise,0.9626,0.9496782096596438,1.0,2,0,0.1,0.9,full_partition,target-discovery-v1,0,0.05,0.9654,0.925599570874662,0.0346,0.8889763965407207,2,pairwise_f1,hungarian,1.0,0,2,0.9490678677270024,0.973757186337504,0.973757186337504,0.7285,0.9881262868908716,0.9598,0.8552388577611009,0.7901611776221609,0.9319982392957182,0.7285,2,macro,2,2,0.9654,0.9255992329817836,0.888950276243094,0.9654,0,2,0.0,1.0,2,0,0.0,0.9654,0.0,0.925599570874662,0.8889763965407208,"{""dimension"": 2, ""family"": ""moons"", ""n"": 20000}","{""ambiguous_model_confirmation_tolerance"": 1e-05, ""assignment"": ""maximum_posterior_basis_then_semantic_role"", ""background_model"": ""adaptive_gamma_basis_mixture_with_largest_rate_gap"", ""background_scan"": ""adaptive_dyadic_rank_windows_with_poisson_beta_boundary_code"", ""border_rule"": ""strict_local_core_radius"", ""component_initialization"": ""compiled_split_warm_single_start_with_guarded_confirmation"", ""component_selection"": ""semantic_icl_with_adaptive_bound"", ""connectivity"": ""density_ordered_non_merging_knn_watershed"", ""core_thresholds"": ""observed_d4_event_sweep"", ""duplicate_profile_confirmation_minimum"": 3, ""duplicate_profile_confirmation_tolerance"": 1e-08, ""extraction_objective"": ""gamma_topology_description_length"", ""fit_samples"": ""all_rows"", ""gamma_tolerance"": 0.0001, ""geometry_profile"": ""low_dim"", ""hard_component_bound"": 24, ""initial_component_bound"": 8, ""k"": 32, ""knn_backend"": ""kd_tree"", ""shell_ranks"": [4, 8, 16, 32], ""stratification_model"": ""adaptive_gamma_density_basis_with_semantic_background"", ""version"": ""0.2.3""}",native_target_discovery_v1
ok,synthetic,moons_noise75__quality__n20000,StrataSCAN,233,0.2.4,20000,2,0.0597490000000107,1.0199305999994976,4.230932000000394,240.43359375,54.31640625,239.9765625,,0.7747867091069666,0.7592658751840832,3,3,0.954,known_synthetic_noise,0.9695,0.950949240398494,3.0,3,0,0.1,0.9,full_partition,target-discovery-v1,1,0.05,0.8278,0.8471027895163209,0.015,0.8824238326794132,2,pairwise_f1,hungarian,1.5,0,6,0.9061156197264276,0.9739663093415007,0.9739663093415007,0.71925,0.994786235662148,0.954,0.7694686233278516,0.7799816651798744,0.7592352140856342,0.71925,6,macro,1,1,0.985,0.9279321714554876,0.8771148708815673,0.985,3,2,0.0,0.5,2,4,0.0,0.8278,0.0,0.8471027895163208,0.8824238326794132,"{""dimension"": 2, ""family"": ""moons"", ""n"": 20000}","{""ambiguous_model_confirmation_tolerance"": 1e-05, ""assignment"": ""maximum_posterior_basis_then_semantic_role"", ""background_model"": ""adaptive_gamma_basis_mixture_with_largest_rate_gap"", ""background_scan"": ""adaptive_dyadic_rank_windows_with_poisson_beta_boundary_code"", ""border_rule"": ""strict_local_core_radius"", ""component_initialization"": ""compiled_split_warm_single_start_with_guarded_confirmation"", ""component_selection"": ""semantic_icl_with_adaptive_bound"", ""connectivity"": ""density_ordered_non_merging_knn_watershed"", ""core_thresholds"": ""observed_d4_event_sweep"", ""duplicate_profile_confirmation_minimum"": 3, ""duplicate_profile_confirmation_tolerance"": 1e-08, ""extraction_objective"": ""gamma_topology_description_length"", ""fit_samples"": ""all_rows"", ""gamma_tolerance"": 0.0001, ""geometry_profile"": ""low_dim"", ""hard_component_bound"": 24, ""initial_component_bound"": 8, ""k"": 32, ""knn_backend"": ""kd_tree"", ""shell_ranks"": [4, 8, 16, 32], ""stratification_model"": ""adaptive_gamma_density_basis_with_semantic_background"", ""version"": ""0.2.3""}",native_target_discovery_v1
ok,synthetic,moons_noise75__quality__n20000,VDBSCAN-2007,211,0.2.4,20000,2,0.0603147000001627,0.2320455999997648,3.263669500000105,198.140625,12.3203125,192.26953125,,0.0,0.0,60,59,0.0212,known_synthetic_noise,0.5106,0.2233366669234385,30.0,1,0,0.1,0.9,full_partition,target-discovery-v1,0,0.05,0.5,0.1164578189779661,0.0,0.0659039384193599,1,pairwise_f1,hungarian,1.0,1,60,0.0612150470743712,0.0415197806502154,0.0415197806502154,0.0159,1.0,0.0212,0.0671345463672763,0.0347331710239325,1.0,0.0159,60,macro,0,0,1.0,0.4051535531966616,0.2540392236561325,1.0,60,2,0.0,0.0,2,59,0.0,0.5,0.0,0.1164578189779661,0.0659039384193599,"{""dimension"": 2, ""family"": ""moons"", ""n"": 20000}","{""eps_values"": [0.08793317526578903, 0.10811782628297806], ""geometry_profile"": ""low_dim"", ""knee_prominence"": 0.03, ""knn_backend"": ""kd_tree"", ""max_eps_values"": 3, ""min_samples"": 5}",native_target_discovery_v1
ok,synthetic,moons_noise75__quality__n20000,VDBSCAN-2007,223,0.2.4,20000,2,0.0585350000001199,0.2674422999989474,3.3307091999995464,193.09765625,6.80078125,192.28125,,0.8265445779911228,0.9170890861698584,267,252,0.0285333333333333,known_synthetic_noise,0.5132666666666666,0.2308831502637967,136.5,21,0,0.1,0.9,full_partition,target-discovery-v1,0,0.05,0.9576,0.923796718186962,0.002,0.8923158567419633,2,pairwise_f1,hungarian,1.0,0,273,0.104615992567364,0.0554475968389687,0.0554475968389687,0.0219,0.9771689497716894,0.0285333333333333,0.3144061405620805,0.1897172362629655,0.9172657863145258,0.0219,273,macro,2,2,0.998,0.4063187036886246,0.2550863919844596,0.998,267,2,0.0,1.0,2,271,0.0,0.9576,0.0,0.923796718186962,0.8923158567419632,"{""dimension"": 2, ""family"": ""moons"", ""n"": 20000}","{""eps_values"": [0.03574645519256592, 0.08751171827316284, 0.10755989700555801], ""geometry_profile"": ""low_dim"", ""knee_prominence"": 0.03, ""knn_backend"": ""kd_tree"", ""max_eps_values"": 3, ""min_samples"": 5}",native_target_discovery_v1
ok,synthetic,moons_noise75__quality__n20000,VDBSCAN-2007,227,0.2.4,20000,2,0.0631362999993143,0.2283047999990231,3.275684000000183,195.1875,9.609375,198.02734375,,0.0,0.0,79,78,0.0230666666666666,known_synthetic_noise,0.5115333333333333,0.2253534387049305,39.5,1,0,0.1,0.9,full_partition,target-discovery-v1,0,0.05,0.5,0.125457921413158,0.0,0.0717277787341481,1,pairwise_f1,hungarian,1.0,1,79,0.0663413715300107,0.0450931838915678,0.0450931838915678,0.0173,1.0,0.0230666666666666,0.078850267557353,0.0410432701969038,1.0,0.0173,79,macro,0,0,1.0,0.4056136935182931,0.2544011397171059,1.0,79,2,0.0,0.0,2,78,0.0,0.5,0.0,0.125457921413158,0.0717277787341481,"{""dimension"": 2, ""family"": ""moons"", ""n"": 20000}","{""eps_values"": [0.08635004609823227, 0.10841230303049088], ""geometry_profile"": ""low_dim"", ""knee_prominence"": 0.03, ""knn_backend"": ""kd_tree"", ""max_eps_values"": 3, ""min_samples"": 5}",native_target_discovery_v1
ok,synthetic,moons_noise75__quality__n20000,VDBSCAN-2007,229,0.2.4,20000,2,0.0588346999993518,0.2710164000000077,3.323302900000272,193.078125,6.5,193.078125,,0.7837973824441151,0.8858989320572567,238,221,0.0234666666666666,known_synthetic_noise,0.5111333333333333,0.2255817725772639,127.5,34,1,0.1,0.9,full_partition,target-discovery-v1,0,0.05,0.9412,0.9178926402325676,0.0012,0.8957168534402311,2,pairwise_f1,hungarian,1.0,0,255,0.0873179690093559,0.0458393019924469,0.0458393019924469,0.0179,0.9832402234636872,0.0234666666666666,0.1570796441985694,0.0861719626897386,0.8867670268107243,0.0179,255,macro,2,2,0.9988,0.4053242431620809,0.2542510945932186,0.9988,238,2,0.5,1.0,2,253,0.0,0.9412,0.5,0.9178926402325676,0.8957168534402312,"{""dimension"": 2, ""family"": ""moons"", ""n"": 20000}","{""eps_values"": [0.0346376858651638, 0.08720076829195023, 0.10770931094884872], ""geometry_profile"": ""low_dim"", ""knee_prominence"": 0.03, ""knn_backend"": ""kd_tree"", ""max_eps_values"": 3, ""min_samples"": 5}",native_target_discovery_v1
ok,synthetic,moons_noise75__quality__n20000,VDBSCAN-2007,233,0.2.4,20000,2,0.0606762999996135,0.2644645000000309,3.3447188999998616,192.1171875,5.69140625,192.90625,,0.7438051249960895,0.855815233365609,199,184,0.0228666666666666,known_synthetic_noise,0.5105333333333333,0.2248334401420463,110.0,36,1,0.1,0.9,full_partition,target-discovery-v1,0,0.05,0.925,0.9141262424363884,0.0018,0.9035494833132072,2,pairwise_f1,hungarian,1.0,0,220,0.0852044603680224,0.0446847316310578,0.0446847316310578,0.0176,0.9744318181818182,0.0228666666666666,0.1355406711078351,0.073589225678442,0.8570649059623849,0.0176,220,macro,2,2,0.9982,0.4049821486530347,0.2540207654723127,0.9982,199,2,0.5,1.0,2,218,0.0,0.925,0.5,0.9141262424363882,0.9035494833132074,"{""dimension"": 2, ""family"": ""moons"", ""n"": 20000}","{""eps_values"": [0.03290923312306404, 0.08674654364585876, 0.10740739852190018], ""geometry_profile"": ""low_dim"", ""knee_prominence"": 0.03, ""knn_backend"": ""kd_tree"", ""max_eps_values"": 3, ""min_samples"": 5}",native_target_discovery_v1
ok,synthetic,moons_noise75__quality__n20000,kNN+Leiden,211,0.2.4,20000,2,0.0622805000002699,0.7704336000006151,4.613643099999536,286.37109375,70.90234375,291.29296875,,0.4701883471483829,0.2171912682265404,16,15,0.0,known_synthetic_noise,0.5,0.2,12.5,10,0,0.1,0.9,full_partition,target-discovery-v1,8,0.05,0.2618,0.3846143755109256,0.0,0.7247384967973203,2,pairwise_f1,hungarian,5.0,0,25,0.0,0.0,0.0,0.0,0.0,0.0,0.1837016182773557,0.1591783161093233,0.217157262905162,0.0,25,macro,0,0,1.0,0.4,0.25,1.0,16,2,0.0,0.0,2,23,0.0,0.2618,0.0,0.3846143755109256,0.7247384967973203,"{""dimension"": 2, ""family"": ""moons"", ""n"": 20000}","{""edge_rank"": 15, ""geometry_profile"": ""low_dim"", ""k"": 20, ""knn_backend"": ""kd_tree"", ""resolution"": 0.5, ""symmetrization"": ""union"", ""weights"": ""1/(1+d)""}",native_target_discovery_v1
ok,synthetic,moons_noise75__quality__n20000,kNN+Leiden,223,0.2.4,20000,2,0.0597656999998434,0.9460443999996642,4.815655999998853,287.51171875,71.01953125,292.80078125,,0.5054713491900917,0.2662786927975223,16,15,0.0,known_synthetic_noise,0.5,0.2,12.0,9,0,0.1,0.9,full_partition,target-discovery-v1,6,0.05,0.3182,0.4512899995392398,0.0,0.7798929320155735,2,pairwise_f1,hungarian,4.0,0,24,0.0,0.0,0.0,0.0,0.0,0.0,0.2195775065766046,0.1868325621335771,0.2662396158463385,0.0,24,macro,0,0,1.0,0.4,0.25,1.0,16,2,0.0,0.0,2,22,0.0,0.3182,0.0,0.4512899995392397,0.7798929320155735,"{""dimension"": 2, ""family"": ""moons"", ""n"": 20000}","{""edge_rank"": 15, ""geometry_profile"": ""low_dim"", ""k"": 20, ""knn_backend"": ""kd_tree"", ""resolution"": 0.5, ""symmetrization"": ""union"", ""weights"": ""1/(1+d)""}",native_target_discovery_v1
ok,synthetic,moons_noise75__quality__n20000,kNN+Leiden,227,0.2.4,20000,2,0.0585712000010971,1.449628999998822,5.280548100001397,287.99609375,71.97265625,292.46484375,,0.505692500888048,0.2673038384598243,17,15,0.0,known_synthetic_noise,0.5,0.2,12.5,10,0,0.1,0.9,full_partition,target-discovery-v1,6,0.05,0.3378,0.4813425360639317,0.0,0.8371274179114752,2,pairwise_f1,hungarian,4.0,0,25,0.0,0.0,0.0,0.0,0.0,0.0,0.2259455302633216,0.1956915961313506,0.2672646658663465,0.0,25,macro,0,0,1.0,0.4,0.25,1.0,17,2,0.0,0.0,2,23,0.0,0.3378,0.0,0.4813425360639317,0.837127417911475,"{""dimension"": 2, ""family"": ""moons"", ""n"": 20000}","{""edge_rank"": 15, ""geometry_profile"": ""low_dim"", ""k"": 20, ""knn_backend"": ""kd_tree"", ""resolution"": 0.5, ""symmetrization"": ""union"", ""weights"": ""1/(1+d)""}",native_target_discovery_v1
ok,synthetic,moons_noise75__quality__n20000,kNN+Leiden,229,0.2.4,20000,2,0.0610702000012679,0.769979599999715,4.532286800000293,287.26171875,71.36328125,292.1171875,,0.510431293328377,0.2798746449555245,18,16,0.0,known_synthetic_noise,0.5,0.2,13.0,10,0,0.1,0.9,full_partition,target-discovery-v1,6,0.05,0.3694,0.4993742038400814,0.0,0.7739430112804531,2,pairwise_f1,hungarian,4.0,0,26,0.0,0.0,0.0,0.0,0.0,0.0,0.2391510548957251,0.2087956277083782,0.2798343337334934,0.0,26,macro,0,0,1.0,0.4,0.25,1.0,18,2,0.0,0.0,2,24,0.0,0.3694,0.0,0.4993742038400814,0.773943011280453,"{""dimension"": 2, ""family"": ""moons"", ""n"": 20000}","{""edge_rank"": 15, ""geometry_profile"": ""low_dim"", ""k"": 20, ""knn_backend"": ""kd_tree"", ""resolution"": 0.5, ""symmetrization"": ""union"", ""weights"": ""1/(1+d)""}",native_target_discovery_v1
ok,synthetic,moons_noise75__quality__n20000,kNN+Leiden,233,0.2.4,20000,2,0.0589485000000422,0.7702893999994558,4.607374899998831,286.6953125,70.578125,292.33203125,,0.4819235423009953,0.2331285453348634,18,17,0.0,known_synthetic_noise,0.5,0.2,13.5,10,0,0.1,0.9,full_partition,target-discovery-v1,7,0.05,0.2957999999999999,0.4282272113851061,0.0,0.786944428414796,2,pairwise_f1,hungarian,4.5,0,27,0.0,0.0,0.0,0.0,0.0,0.0,0.2050067878452716,0.1828998023327125,0.2331926370548219,0.0,27,macro,0,0,1.0,0.4,0.25,1.0,18,2,0.0,0.0,2,25,0.0,0.2958,0.0,0.428227211385106,0.786944428414796,"{""dimension"": 2, ""family"": ""moons"", ""n"": 20000}","{""edge_rank"": 15, ""geometry_profile"": ""low_dim"", ""k"": 20, ""knn_backend"": ""kd_tree"", ""resolution"": 0.5, ""symmetrization"": ""union"", ""weights"": ""1/(1+d)""}",native_target_discovery_v1
ok,synthetic,moons_noise75__quality__n20000,kNN-DBSCAN,211,0.2.4,20000,2,0.0656564000000798,0.069007900001452,3.1516986000006,192.92578125,6.96484375,189.33203125,,0.7134632295482654,0.8073727756203659,80,73,0.9367333333333332,known_synthetic_noise,0.9356666666666666,0.9182190508874778,52.0,31,2,0.1,0.9,full_partition,target-discovery-v1,0,0.05,0.8984000000000001,0.9013659302221172,0.0654,0.9043649140101724,2,pairwise_f1,hungarian,1.0,0,104,0.9281460194507588,0.9565661379263396,0.9565661379263396,0.7189,0.977256920294895,0.9367333333333332,0.8124951172323321,0.8176903271950555,0.807365506202481,0.7189,104,macro,2,1,0.9346,0.8798719638486161,0.8311988616150836,0.9346,80,2,1.0,1.0,2,102,0.0,0.8984,1.0,0.9013659302221172,0.9043649140101724,"{""dimension"": 2, ""family"": ""moons"", ""n"": 20000}","{""eps"": 0.032086871564388275, ""eps_quantile"": 0.25, ""geometry_profile"": ""low_dim"", ""k"": 4, ""knn_backend"": ""kd_tree"", ""min_samples"": 5}",native_target_discovery_v1
ok,synthetic,moons_noise75__quality__n20000,kNN-DBSCAN,223,0.2.4,20000,2,0.062578900000517,0.0745429000016884,3.1746022000006637,188.72265625,2.6015625,188.921875,,0.780555416113773,0.8626918126709593,74,71,0.9372,known_synthetic_noise,0.9407,0.9219360451555672,46.5,22,1,0.1,0.9,full_partition,target-discovery-v1,0,0.05,0.9288,0.9143648370705952,0.0558,0.9004067534423381,2,pairwise_f1,hungarian,1.0,0,93,0.9358552704005324,0.9583802024746908,0.9583802024746908,0.71685,0.980539861895794,0.9372,0.8357185510773292,0.810402630573074,0.8626671468587435,0.71685,93,macro,2,2,0.9442,0.8854918878364437,0.8336570722232033,0.9442,74,2,0.5,1.0,2,91,0.0,0.9288,0.5,0.9143648370705952,0.9004067534423382,"{""dimension"": 2, ""family"": ""moons"", ""n"": 20000}","{""eps"": 0.03149937838315964, ""eps_quantile"": 0.25, ""geometry_profile"": ""low_dim"", ""k"": 4, ""knn_backend"": ""kd_tree"", ""min_samples"": 5}",native_target_discovery_v1
ok,synthetic,moons_noise75__quality__n20000,kNN-DBSCAN,227,0.2.4,20000,2,0.0599476999996113,0.0683850999994319,3.183080200000404,188.2734375,1.9453125,188.82421875,,0.7428739312584269,0.840984763232022,69,64,0.9407333333333332,known_synthetic_noise,0.9430666666666668,0.9254986232248156,48.0,32,2,0.1,0.9,full_partition,target-discovery-v1,0,0.05,0.917,0.9104276892475128,0.0545999999999999,0.9039690829134536,2,pairwise_f1,hungarian,1.0,0,96,0.9347723240447648,0.960454669207732,0.960454669207732,0.7192,0.9810205784204672,0.9407333333333332,0.8288438453254545,0.8170533659469191,0.8409795918367347,0.7192,96,macro,2,2,0.9454,0.8905425772418991,0.8417022792022792,0.9454,69,2,1.0,1.0,2,94,0.0,0.917,1.0,0.9104276892475128,0.9039690829134536,"{""dimension"": 2, ""family"": ""moons"", ""n"": 20000}","{""eps"": 0.03171691671013832, ""eps_quantile"": 0.25, ""geometry_profile"": ""low_dim"", ""k"": 4, ""knn_backend"": ""kd_tree"", ""min_samples"": 5}",native_target_discovery_v1
ok,synthetic,moons_noise75__quality__n20000,kNN-DBSCAN,229,0.2.4,20000,2,0.0604911000009451,0.0698370999998587,3.2163743000000977,192.66015625,6.46484375,189.09375,,0.705112034383434,0.8073034446301293,85,79,0.9345333333333332,known_synthetic_noise,0.9360666666666666,0.9173033742332268,58.0,37,1,0.1,0.9,full_partition,target-discovery-v1,0,0.05,0.8984000000000001,0.9015617829871048,0.0624,0.9047525474157824,2,pairwise_f1,hungarian,1.0,0,116,0.9279272985454492,0.9558813501534266,0.9558813501534266,0.7165,0.9782274947662248,0.9345333333333332,0.8127377141250196,0.8183167312738018,0.8072342537014806,0.7165,116,macro,2,1,0.9376,0.8787253983130272,0.8268077601410935,0.9376,85,2,0.5,1.0,2,114,0.0,0.8984,0.5,0.9015617829871048,0.9047525474157824,"{""dimension"": 2, ""family"": ""moons"", ""n"": 20000}","{""eps"": 0.03130900487303734, ""eps_quantile"": 0.25, ""geometry_profile"": ""low_dim"", ""k"": 4, ""knn_backend"": ""kd_tree"", ""min_samples"": 5}",native_target_discovery_v1
ok,synthetic,moons_noise75__quality__n20000,kNN-DBSCAN,233,0.2.4,20000,2,0.0641040999998949,0.0697140000011131,3.194182999999612,188.75,2.6953125,188.98046875,,0.721009171697483,0.8217041615638675,74,67,0.9401333333333334,known_synthetic_noise,0.9394666666666668,0.9226940323285852,51.5,36,2,0.1,0.9,full_partition,target-discovery-v1,0,0.05,0.9064,0.9073019423429334,0.0612,0.9083111475531532,2,pairwise_f1,hungarian,1.0,0,103,0.9324627061269344,0.9590587595212188,0.9590587595212188,0.7204,0.9787617990005552,0.9401333333333334,0.823096083705942,0.824544264297393,0.821652981192477,0.7204,103,macro,2,2,0.9388,0.8863293051359517,0.8394134477825465,0.9388,74,2,1.0,1.0,2,101,0.0,0.9064,1.0,0.9073019423429334,0.908311147553153,"{""dimension"": 2, ""family"": ""moons"", ""n"": 20000}","{""eps"": 0.031525835394859314, ""eps_quantile"": 0.25, ""geometry_profile"": ""low_dim"", ""k"": 4, ""knn_backend"": ""kd_tree"", ""min_samples"": 5}",native_target_discovery_v1
ok,synthetic,moons_noise90__quality__n20000,AMD-DBSCAN,211,0.2.4,20000,2,0.0610895000008895,5.155434000000241,8.288887400000021,6289.3125,6103.1328125,6289.3125,,0.0,0.0,1,0,0.0,known_synthetic_noise,0.5,0.0909090909090909,0.5,1,0,0.1,0.9,full_partition,target-discovery-v1,0,0.05,0.5,0.0476190476190476,0.0,0.025,1,pairwise_f1,hungarian,1.0,1,1,0.0,0.0,0.0,0.0,0.0,0.0,0.0099408425336709,0.0049952497624881,1.0,0.0,1,macro,0,0,1.0,0.1818181818181818,0.1,1.0,1,2,0.0,0.0,2,0,0.0,0.5,0.0,0.0476190476190476,0.025,"{""dimension"": 2, ""family"": ""moons"", ""n"": 20000}","{""adaptive_rank"": 71, ""balance_rounds"": 3, ""eps_values"": [0.13839810788756762, 0.2674634980983667, 0.2877747944991714], ""geometry_profile"": ""low_dim"", ""knn_backend"": ""kd_tree"", ""n_density_levels"": 3}",native_target_discovery_v1
ok,synthetic,moons_noise90__quality__n20000,AMD-DBSCAN,223,0.2.4,20000,2,0.0600499999982275,5.260076900000058,8.471430699999473,6290.07421875,6103.6484375,6290.07421875,,0.0,0.0,1,0,0.0,known_synthetic_noise,0.5,0.0909090909090909,0.5,1,0,0.1,0.9,full_partition,target-discovery-v1,0,0.05,0.5,0.0476190476190476,0.0,0.025,1,pairwise_f1,hungarian,1.0,1,1,0.0,0.0,0.0,0.0,0.0,0.0,0.0099408425336709,0.0049952497624881,1.0,0.0,1,macro,0,0,1.0,0.1818181818181818,0.1,1.0,1,2,0.0,0.0,2,0,0.0,0.5,0.0,0.0476190476190476,0.025,"{""dimension"": 2, ""family"": ""moons"", ""n"": 20000}","{""adaptive_rank"": 71, ""balance_rounds"": 3, ""eps_values"": [0.13876686582864148, 0.2673123008532707, 0.28871321050110055], ""geometry_profile"": ""low_dim"", ""knn_backend"": ""kd_tree"", ""n_density_levels"": 3}",native_target_discovery_v1
ok,synthetic,moons_noise90__quality__n20000,AMD-DBSCAN,227,0.2.4,20000,2,0.0603838999995787,5.2254365000007965,8.359703300000547,6289.53515625,6103.6484375,6289.53515625,,0.0,0.0,1,0,0.0,known_synthetic_noise,0.5,0.0909090909090909,0.5,1,0,0.1,0.9,full_partition,target-discovery-v1,0,0.05,0.5,0.0476190476190476,0.0,0.025,1,pairwise_f1,hungarian,1.0,1,1,0.0,0.0,0.0,0.0,0.0,0.0,0.0099408425336709,0.0049952497624881,1.0,0.0,1,macro,0,0,1.0,0.1818181818181818,0.1,1.0,1,2,0.0,0.0,2,0,0.0,0.5,0.0,0.0476190476190476,0.025,"{""dimension"": 2, ""family"": ""moons"", ""n"": 20000}","{""adaptive_rank"": 71, ""balance_rounds"": 3, ""eps_values"": [0.13862222773813038, 0.2706518685908844, 0.2905028488209082], ""geometry_profile"": ""low_dim"", ""knn_backend"": ""kd_tree"", ""n_density_levels"": 3}",native_target_discovery_v1
ok,synthetic,moons_noise90__quality__n20000,AMD-DBSCAN,229,0.2.4,20000,2,0.0576294000002235,5.27833339999961,8.45396719999917,6290.0,6103.64453125,6290.0,,0.0,0.0,1,0,0.0,known_synthetic_noise,0.5,0.0909090909090909,0.5,1,0,0.1,0.9,full_partition,target-discovery-v1,0,0.05,0.5,0.0476190476190476,0.0,0.025,1,pairwise_f1,hungarian,1.0,1,1,0.0,0.0,0.0,0.0,0.0,0.0,0.0099408425336709,0.0049952497624881,1.0,0.0,1,macro,0,0,1.0,0.1818181818181818,0.1,1.0,1,2,0.0,0.0,2,0,0.0,0.5,0.0,0.0476190476190476,0.025,"{""dimension"": 2, ""family"": ""moons"", ""n"": 20000}","{""adaptive_rank"": 71, ""balance_rounds"": 3, ""eps_values"": [0.1376904715305286, 0.26930142725816336, 0.28985723140763947], ""geometry_profile"": ""low_dim"", ""knn_backend"": ""kd_tree"", ""n_density_levels"": 3}",native_target_discovery_v1
ok,synthetic,moons_noise90__quality__n20000,AMD-DBSCAN,233,0.2.4,20000,2,0.0592097999997349,5.247800900000584,8.471690700000181,6289.8046875,6103.64453125,6289.8046875,,0.0,0.0,1,0,0.0,known_synthetic_noise,0.5,0.0909090909090909,0.5,1,0,0.1,0.9,full_partition,target-discovery-v1,0,0.05,0.5,0.0476190476190476,0.0,0.025,1,pairwise_f1,hungarian,1.0,1,1,0.0,0.0,0.0,0.0,0.0,0.0,0.0099408425336709,0.0049952497624881,1.0,0.0,1,macro,0,0,1.0,0.1818181818181818,0.1,1.0,1,2,0.0,0.0,2,0,0.0,0.5,0.0,0.0476190476190476,0.025,"{""dimension"": 2, ""family"": ""moons"", ""n"": 20000}","{""adaptive_rank"": 71, ""balance_rounds"": 3, ""eps_values"": [0.13997869831352266, 0.27060142312388274, 0.29085023359616746], ""geometry_profile"": ""low_dim"", ""knn_backend"": ""kd_tree"", ""n_density_levels"": 3}",native_target_discovery_v1
ok,synthetic,moons_noise90__quality__n20000,DBSCAN,211,0.2.4,20000,2,0.0592033000011724,0.1843994999999267,3.2601899999990565,192.77734375,6.1484375,192.09375,,0.007487245050759,2.27520747422104e-06,1063,1055,0.3435,known_synthetic_noise,0.66875,0.3813316471495734,533.0,11,0,0.1,0.9,full_partition,target-discovery-v1,0,0.05,0.4955,0.2492109517775684,0.006,0.5789979146087147,2,pairwise_f1,hungarian,1.0,1,1066,0.3350510719212295,0.5110973341599504,0.5110973341599504,0.30975,0.9980629539951574,0.3435,0.3407430190098159,0.2067056804531366,0.9692462462462462,0.30975,1066,macro,0,0,0.994,0.2515659601391964,0.1440057950018109,0.994,1063,2,0.0,0.0,2,1064,0.0,0.4955,0.0,0.2492109517775683,0.5789979146087147,"{""dimension"": 2, ""family"": ""moons"", ""n"": 20000}","{""base_eps"": 0.07953230291604996, ""eps"": 0.05567261204123496, ""eps_multiplier"": 0.7, ""geometry_profile"": ""low_dim"", ""knn_backend"": ""kd_tree"", ""min_samples"": 5}",native_target_discovery_v1
ok,synthetic,moons_noise90__quality__n20000,DBSCAN,223,0.2.4,20000,2,0.058415800000148,0.1850623999998788,3.2982524000017293,192.515625,6.1015625,190.578125,,0.9476479333845508,0.9791113327773082,1081,1074,0.3393888888888889,known_synthetic_noise,0.6671944444444444,0.3785927618786704,542.0,10,0,0.1,0.9,full_partition,target-discovery-v1,0,0.05,0.9895,0.7882897048333007,0.005,0.6550820736953937,2,pairwise_f1,hungarian,1.0,0,1084,0.6167844651556913,0.5065715825697583,0.5065715825697583,0.30595,0.9983657460369342,0.3393888888888889,0.5832960123275606,0.4153774483116512,0.979104104104104,0.30595,1084,macro,0,0,0.995,0.2506139411875826,0.1433614292918377,0.995,1081,2,0.0,0.0,2,1082,0.0,0.9895,0.0,0.7882897048333006,0.6550820736953937,"{""dimension"": 2, ""family"": ""moons"", ""n"": 20000}","{""base_eps"": 0.07967618107795715, ""eps"": 0.05577332675457, ""eps_multiplier"": 0.7, ""geometry_profile"": ""low_dim"", ""knn_backend"": ""kd_tree"", ""min_samples"": 5}",native_target_discovery_v1
ok,synthetic,moons_noise90__quality__n20000,DBSCAN,227,0.2.4,20000,2,0.0662656000004062,0.1879625000001397,3.312077399999908,192.45703125,6.2265625,191.65234375,,0.9409585137916644,0.974182753647463,1090,1085,0.353,known_synthetic_noise,0.6719999999999999,0.3875326601989611,546.0,7,0,0.1,0.9,full_partition,target-discovery-v1,0,0.05,0.987,0.7864761904761906,0.009,0.6536842105263159,2,pairwise_f1,hungarian,1.0,0,1092,0.6270887278983723,0.5214180206794682,0.5214180206794682,0.3186,0.9971751412429378,0.353,0.5817823026323459,0.4147315380612817,0.9741711711711712,0.3186,1092,macro,0,0,0.991,0.253647299718454,0.1454358673319636,0.991,1090,2,0.0,0.0,2,1090,0.0,0.987,0.0,0.7864761904761904,0.6536842105263159,"{""dimension"": 2, ""family"": ""moons"", ""n"": 20000}","{""base_eps"": 0.08004823327064514, ""eps"": 0.056033763289451595, ""eps_multiplier"": 0.7, ""geometry_profile"": ""low_dim"", ""knn_backend"": ""kd_tree"", ""min_samples"": 5}",native_target_discovery_v1
ok,synthetic,moons_noise90__quality__n20000,DBSCAN,229,0.2.4,20000,2,0.0604889000005641,0.1797581000009813,3.2611378000001423,191.6015625,5.4765625,192.59765625,,0.9288259743752616,0.970224663273682,1079,1069,0.3465,known_synthetic_noise,0.6695,0.3832224181024314,540.5,12,0,0.1,0.9,full_partition,target-discovery-v1,0,0.05,0.985,0.7797428589691047,0.0075,0.6452878659909911,2,pairwise_f1,hungarian,1.0,0,1081,0.6198325303990855,0.5143493320138545,0.5143493320138545,0.3126,0.9976007677543186,0.3465,0.5701466356391427,0.403686059761965,0.9702172172172172,0.3126,1081,macro,0,0,0.9925,0.2520955041910084,0.1443846377654931,0.9925,1079,2,0.0,0.0,2,1079,0.0,0.985,0.0,0.7797428589691047,0.645287865990991,"{""dimension"": 2, ""family"": ""moons"", ""n"": 20000}","{""base_eps"": 0.08004134893417358, ""eps"": 0.056028944253921506, ""eps_multiplier"": 0.7, ""geometry_profile"": ""low_dim"", ""knn_backend"": ""kd_tree"", ""min_samples"": 5}",native_target_discovery_v1
ok,synthetic,moons_noise90__quality__n20000,DBSCAN,233,0.2.4,20000,2,0.0600355999995372,0.1821983999998337,3.272441199998866,189.15234375,3.0625,189.0859375,,0.927915675303567,0.9692481763329992,1054,1047,0.3448333333333333,known_synthetic_noise,0.6679166666666667,0.3818647485685407,528.0,9,0,0.1,0.9,full_partition,target-discovery-v1,0,0.05,0.985,0.7998727374633213,0.009,0.6733454817306794,2,pairwise_f1,hungarian,1.0,0,1056,0.6246828389726654,0.5124458204334364,0.5124458204334364,0.31125,0.9971084337349396,0.3448333333333333,0.6028583201809968,0.4372849392630356,0.9702232232232232,0.31125,1056,macro,1,0,0.991,0.251283676703645,0.1438838475499092,0.991,1054,2,0.0,0.5,2,1054,0.0,0.985,0.0,0.7998727374633213,0.6733454817306793,"{""dimension"": 2, ""family"": ""moons"", ""n"": 20000}","{""base_eps"": 0.08054718375205994, ""eps"": 0.05638302862644195, ""eps_multiplier"": 0.7, ""geometry_profile"": ""low_dim"", ""knn_backend"": ""kd_tree"", ""min_samples"": 5}",native_target_discovery_v1
ok,synthetic,moons_noise90__quality__n20000,HDBSCAN,211,0.2.4,20000,2,0.0601696000012452,2.910409899999649,6.000654999999824,190.4609375,4.1171875,190.78125,,0.8592840756966356,0.9110287184143884,96,96,0.3940555555555555,known_synthetic_noise,0.6742777777777778,0.4104942697341519,49.0,2,0,0.1,0.9,full_partition,target-discovery-v1,0,0.05,0.9545,0.8080582306830908,0.0455,0.7005993265993267,2,pairwise_f1,hungarian,1.0,0,98,0.6638329914389913,0.5632941550190597,0.5632941550190597,0.3592,0.9873329621380846,0.3940555555555555,0.4992977820886155,0.3438830012332841,0.911029029029029,0.3592,98,macro,2,0,0.9545,0.2576943844492441,0.1489544319600499,0.9545,96,2,0.0,1.0,2,96,0.0,0.9545,0.0,0.8080582306830908,0.7005993265993266,"{""dimension"": 2, ""family"": ""moons"", ""n"": 20000}","{""geometry_profile"": ""low_dim"", ""knn_backend"": ""kd_tree"", ""min_cluster_size"": 40, ""min_samples"": 5}",native_target_discovery_v1
ok,synthetic,moons_noise90__quality__n20000,HDBSCAN,223,0.2.4,20000,2,0.0625185999997484,2.919321299999865,6.008540699998775,190.59765625,4.16015625,190.90234375,,0.9156916209589072,0.9564733400948856,89,89,0.3728888888888889,known_synthetic_noise,0.6759444444444445,0.3995752257043361,45.5,2,0,0.1,0.9,full_partition,target-discovery-v1,0,0.05,0.9785,0.7947241492018166,0.0209999999999999,0.6690661154783735,2,pairwise_f1,hungarian,1.0,0,91,0.6446811132609317,0.5422961945544155,0.5422961945544155,0.3377,0.9937814628368374,0.3728888888888889,0.4041954111633941,0.256170272029225,0.9574434434434436,0.3377,91,macro,0,0,0.979,0.2568542568542568,0.1478182092707232,0.979,89,2,0.0,0.0,2,89,0.0,0.9785,0.0,0.7947241492018166,0.6690661154783734,"{""dimension"": 2, ""family"": ""moons"", ""n"": 20000}","{""geometry_profile"": ""low_dim"", ""knn_backend"": ""kd_tree"", ""min_cluster_size"": 40, ""min_samples"": 5}",native_target_discovery_v1
ok,synthetic,moons_noise90__quality__n20000,HDBSCAN,227,0.2.4,20000,2,0.0596014000002469,2.825391000000309,5.869557699999859,190.57421875,4.55859375,190.88671875,,0.89707313896308,0.940976782830076,96,96,0.3863888888888889,known_synthetic_noise,0.6781944444444444,0.4074959762214076,49.0,2,0,0.1,0.9,full_partition,target-discovery-v1,0,0.05,0.97,0.8023332183964664,0.03,0.6840922112232231,2,pairwise_f1,hungarian,1.0,0,98,0.656876694373852,0.5560663601838898,0.5560663601838898,0.35075,0.9914468995010692,0.3863888888888889,0.4709535174611079,0.3140802945244134,0.9409069069069068,0.35075,98,macro,1,0,0.97,0.2589255922589256,0.1494031574894108,0.97,96,2,0.0,0.5,2,96,0.0,0.97,0.0,0.8023332183964664,0.6840922112232231,"{""dimension"": 2, ""family"": ""moons"", ""n"": 20000}","{""geometry_profile"": ""low_dim"", ""knn_backend"": ""kd_tree"", ""min_cluster_size"": 40, ""min_samples"": 5}",native_target_discovery_v1
ok,synthetic,moons_noise90__quality__n20000,HDBSCAN,229,0.2.4,20000,2,0.0589323999993212,2.91556700000001,5.979044800000338,190.07421875,3.96875,190.48046875,,0.9448619093051872,0.9741567420078792,90,89,0.3585,known_synthetic_noise,0.673,0.3908632370161357,46.0,3,0,0.1,0.9,full_partition,target-discovery-v1,0,0.05,0.987,0.7622171573327989,0.0125,0.6208735820630982,2,pairwise_f1,hungarian,1.0,0,92,0.6233249517868212,0.5272489582482229,0.5272489582482229,0.3239,0.996140784192652,0.3585,0.4398115445886859,0.28402048767675,0.974156156156156,0.3239,92,macro,0,0,0.9875,0.2544775157840484,0.1460582754030469,0.9875,90,2,0.0,0.0,2,90,0.0,0.987,0.0,0.7622171573327989,0.6208735820630982,"{""dimension"": 2, ""family"": ""moons"", ""n"": 20000}","{""geometry_profile"": ""low_dim"", ""knn_backend"": ""kd_tree"", ""min_cluster_size"": 40, ""min_samples"": 5}",native_target_discovery_v1
ok,synthetic,moons_noise90__quality__n20000,HDBSCAN,233,0.2.4,20000,2,0.0619498999985808,2.863830500000404,5.894387500000448,189.80078125,3.76171875,190.10546875,,0.931023166353632,0.96629861460338,97,97,0.3680555555555556,known_synthetic_noise,0.6760277777777778,0.3969533392262945,49.5,2,0,0.1,0.9,full_partition,target-discovery-v1,0,0.05,0.9835,0.7580909416179047,0.016,0.6168479382933214,2,pairwise_f1,hungarian,1.0,0,99,0.6289291140166087,0.5373727541874519,0.5373727541874519,0.33285,0.9951930298933452,0.3680555555555556,0.4410809690625134,0.2856754726441554,0.9672682682682684,0.33285,99,macro,0,0,0.984,0.2565339242651371,0.1474930675260436,0.984,97,2,0.0,0.0,2,97,0.0,0.9835,0.0,0.7580909416179047,0.6168479382933215,"{""dimension"": 2, ""family"": ""moons"", ""n"": 20000}","{""geometry_profile"": ""low_dim"", ""knn_backend"": ""kd_tree"", ""min_cluster_size"": 40, ""min_samples"": 5}",native_target_discovery_v1
ok,synthetic,moons_noise90__quality__n20000,OPTICS,211,0.2.4,20000,2,0.0605163000000175,15.920753000000332,18.9849219000007,190.4921875,4.453125,190.3671875,,0.0,0.0,3,3,0.9928333333333332,known_synthetic_noise,0.4964166666666667,0.4718914208761321,1.5,0,0,0.1,0.9,full_partition,target-discovery-v1,0,0.05,0.0,0.0,1.0,0.0,0,pairwise_f1,hungarian,0.0,0,3,0.0,0.9437828417522642,0.9437828417522642,0.99355,0.8993508127421871,0.9928333333333332,0.0,0.0,0.0,0.99355,3,macro,0,0,0.0,0.0,0.0,0.0,3,2,0.0,0.0,2,3,0.0,0.0,0.0,0.0,0.0,"{""dimension"": 2, ""family"": ""moons"", ""n"": 20000}","{""geometry_profile"": ""low_dim"", ""knn_backend"": ""kd_tree"", ""max_eps"": 0.09557323157787323, ""max_eps_quantile"": 0.98, ""min_cluster_size"": 40, ""min_samples"": 5, ""xi"": 0.1}",native_target_discovery_v1
ok,synthetic,moons_noise90__quality__n20000,OPTICS,223,0.2.4,20000,2,0.0604559000003064,15.88121560000036,18.95427299999937,191.41015625,4.83984375,191.6484375,,0.0492350868505259,0.0033078402110505,5,5,0.9866666666666668,known_synthetic_noise,0.5078333333333334,0.4963018816564272,3.0,1,0,0.1,0.9,full_partition,target-discovery-v1,0,0.05,0.029,0.0542563143124415,0.971,0.4202898550724637,1,pairwise_f1,hungarian,0.5,0,6,0.1026037514795457,0.9421250862023236,0.9421250862023236,0.9851,0.901431326768856,0.9866666666666668,0.0032841668587232,0.2161349372384937,0.0016546546546546,0.9851,6,macro,0,0,0.029,0.0504786771105308,0.1946308724832214,0.029,5,2,0.0,0.0,2,5,0.0,0.029,0.0,0.0542563143124415,0.4202898550724637,"{""dimension"": 2, ""family"": ""moons"", ""n"": 20000}","{""geometry_profile"": ""low_dim"", ""knn_backend"": ""kd_tree"", ""max_eps"": 0.09638659656047821, ""max_eps_quantile"": 0.98, ""min_cluster_size"": 40, ""min_samples"": 5, ""xi"": 0.1}",native_target_discovery_v1
ok,synthetic,moons_noise90__quality__n20000,OPTICS,227,0.2.4,20000,2,0.0594543000006524,15.959217999999964,18.983636599999954,191.484375,5.5234375,191.71484375,,0.0397945380781398,0.002071128644986,2,2,0.9939444444444444,known_synthetic_noise,0.5084722222222222,0.4940897953828643,1.5,1,0,0.1,0.9,full_partition,target-discovery-v1,0,0.05,0.023,0.0435193945127719,0.977,0.4035087719298245,1,pairwise_f1,hungarian,0.0,0,3,0.0832088128832485,0.9454881754525036,0.9454881754525036,0.99225,0.9015369110607204,0.9939444444444444,0.0020637838829445,0.257976071784646,0.001036036036036,0.99225,3,macro,0,0,0.023,0.042691415313225,0.2967741935483871,0.023,2,2,0.0,0.0,2,2,0.0,0.023,0.0,0.0435193945127719,0.4035087719298245,"{""dimension"": 2, ""family"": ""moons"", ""n"": 20000}","{""geometry_profile"": ""low_dim"", ""knn_backend"": ""kd_tree"", ""max_eps"": 0.09788387268781662, ""max_eps_quantile"": 0.98, ""min_cluster_size"": 40, ""min_samples"": 5, ""xi"": 0.1}",native_target_discovery_v1
ok,synthetic,moons_noise90__quality__n20000,OPTICS,229,0.2.4,20000,2,0.0602915999988908,15.874523700000282,18.88188810000065,192.52734375,6.47265625,190.73046875,,0.0,0.0,1,1,0.9975555555555556,known_synthetic_noise,0.4987777777777777,0.4730740857835388,0.5,0,0,0.1,0.9,full_partition,target-discovery-v1,0,0.05,0.0,0.0,1.0,0.0,0,pairwise_f1,hungarian,0.0,0,1,0.0,0.9461481715670776,0.9461481715670776,0.9978,0.8997795149328522,0.9975555555555556,0.0,0.0,0.0,0.9978,1,macro,0,0,0.0,0.0,0.0,0.0,1,2,0.0,0.0,2,1,0.0,0.0,0.0,0.0,0.0,"{""dimension"": 2, ""family"": ""moons"", ""n"": 20000}","{""geometry_profile"": ""low_dim"", ""knn_backend"": ""kd_tree"", ""max_eps"": 0.09749914705753326, ""max_eps_quantile"": 0.98, ""min_cluster_size"": 40, ""min_samples"": 5, ""xi"": 0.1}",native_target_discovery_v1
ok,synthetic,moons_noise90__quality__n20000,OPTICS,233,0.2.4,20000,2,0.0593236999993678,15.67884370000138,18.69035840000106,190.01171875,4.19921875,190.1171875,,0.0283122290127979,0.0009925275164646,6,6,0.984,known_synthetic_noise,0.5,0.4838567977157918,3.5,1,0,0.1,0.9,full_partition,target-discovery-v1,0,0.05,0.016,0.0305343511450381,0.984,0.3333333333333333,1,pairwise_f1,hungarian,0.0,0,7,0.0591476487206716,0.940127388535032,0.940127388535032,0.984,0.9,0.984,0.0009857963833595,0.0680104209515974,0.0004964964964964,0.984,7,macro,0,0,0.016,0.0275862068965517,0.1,0.016,6,2,0.0,0.0,2,6,0.0,0.016,0.0,0.0305343511450381,0.3333333333333333,"{""dimension"": 2, ""family"": ""moons"", ""n"": 20000}","{""geometry_profile"": ""low_dim"", ""knn_backend"": ""kd_tree"", ""max_eps"": 0.09739144891500473, ""max_eps_quantile"": 0.98, ""min_cluster_size"": 40, ""min_samples"": 5, ""xi"": 0.1}",native_target_discovery_v1
ok,synthetic,moons_noise90__quality__n20000,SNN-DBSCAN,211,0.2.4,20000,2,0.0601110999996308,0.2248350999998365,4.015923800001474,254.78125,28.12109375,245.77734375,,0.3145931898289782,0.0892926403073982,464,439,0.0931666666666666,known_synthetic_noise,0.5145833333333334,0.1773717989066335,250.0,61,0,0.1,0.9,full_partition,target-discovery-v1,13,0.05,0.2025,0.3115779299117719,0.064,0.7001509414654113,2,pairwise_f1,hungarian,7.5,0,500,0.2194339572421573,0.1693511739459732,0.1693511739459732,0.09025,0.9290858725761773,0.0931666666666666,0.1034946782285896,0.1230466864354182,0.0893043043043043,0.09025,500,macro,0,0,0.936,0.1853924238672938,0.1028854080791426,0.936,464,2,0.0,0.0,2,498,0.0,0.2025,0.0,0.311577929911772,0.7001509414654112,"{""dimension"": 2, ""family"": ""moons"", ""n"": 20000}","{""eps"": 13, ""geometry_profile"": ""low_dim"", ""k"": 20, ""knn_backend"": ""kd_tree"", ""min_samples"": 5}",native_target_discovery_v1
ok,synthetic,moons_noise90__quality__n20000,SNN-DBSCAN,223,0.2.4,20000,2,0.0600181000008888,0.2445098999996844,4.17531869999948,255.19921875,28.40625,255.21875,,0.2768597393214365,0.0431129810653765,473,447,0.0876666666666666,known_synthetic_noise,0.5140833333333333,0.1727601298369004,262.5,78,0,0.1,0.9,full_partition,target-discovery-v1,8,0.05,0.089,0.1565055606914612,0.0595,0.6535729544969024,2,pairwise_f1,hungarian,5.0,0,525,0.1583446355728614,0.1602274458039295,0.1602274458039295,0.08485,0.929876252209782,0.0876666666666666,0.0535017608711941,0.071107754614261,0.0428838838838838,0.08485,525,macro,0,0,0.9405,0.1852928138698714,0.1027700376987379,0.9405,473,2,0.0,0.0,2,523,0.0,0.089,0.0,0.1565055606914612,0.6535729544969024,"{""dimension"": 2, ""family"": ""moons"", ""n"": 20000}","{""eps"": 13, ""geometry_profile"": ""low_dim"", ""k"": 20, ""knn_backend"": ""kd_tree"", ""min_samples"": 5}",native_target_discovery_v1
ok,synthetic,moons_noise90__quality__n20000,SNN-DBSCAN,227,0.2.4,20000,2,0.0598666999994748,0.2308296999999584,4.161639300000388,248.6171875,21.6953125,247.2421875,,0.282078441175718,0.052359965041254,439,411,0.0926111111111111,known_synthetic_noise,0.5145555555555555,0.1769126786660796,244.0,77,0,0.1,0.9,full_partition,target-discovery-v1,9,0.05,0.129,0.2203589999620445,0.0635,0.7561320104726471,2,pairwise_f1,hungarian,5.5,0,488,0.1909296598304048,0.1684348792563403,0.1684348792563403,0.0897,0.9292084726867336,0.0926111111111111,0.0642057430003655,0.0829098202234374,0.0523873873873873,0.0897,488,macro,0,0,0.9365,0.185390478075819,0.1028781720311985,0.9365,439,2,0.0,0.0,2,486,0.0,0.129,0.0,0.2203589999620445,0.7561320104726471,"{""dimension"": 2, ""family"": ""moons"", ""n"": 20000}","{""eps"": 13, ""geometry_profile"": ""low_dim"", ""k"": 20, ""knn_backend"": ""kd_tree"", ""min_samples"": 5}",native_target_discovery_v1
ok,synthetic,moons_noise90__quality__n20000,SNN-DBSCAN,229,0.2.4,20000,2,0.0581810000003315,0.2268700999993598,4.0520959999994375,254.94921875,28.59375,254.5234375,,0.2912663808636629,0.0590674995403523,441,418,0.0912222222222222,known_synthetic_noise,0.5143611111111112,0.1757381291182292,243.0,68,0,0.1,0.9,full_partition,target-discovery-v1,8,0.05,0.1365,0.2265188042430087,0.0625,0.6681818181818182,2,pairwise_f1,hungarian,5.0,0,486,0.1916841942793216,0.1661354783224566,0.1661354783224566,0.08835,0.9292586304470856,0.0912222222222222,0.0721810156603957,0.0927329084233661,0.059086086086086,0.08835,486,macro,0,0,0.9375,0.1853407799140018,0.1028355180167827,0.9375,441,2,0.0,0.0,2,484,0.0,0.1365,0.0,0.2265188042430087,0.6681818181818182,"{""dimension"": 2, ""family"": ""moons"", ""n"": 20000}","{""eps"": 13, ""geometry_profile"": ""low_dim"", ""k"": 20, ""knn_backend"": ""kd_tree"", ""min_samples"": 5}",native_target_discovery_v1
ok,synthetic,moons_noise90__quality__n20000,SNN-DBSCAN,233,0.2.4,20000,2,0.0600171999994927,0.2300673999998252,4.070316299999831,253.69140625,27.05859375,236.4296875,,0.2798120207276863,0.0503540833640814,465,439,0.0966666666666666,known_synthetic_noise,0.5168333333333334,0.1806632199719445,258.5,78,0,0.1,0.9,full_partition,target-discovery-v1,9,0.05,0.1104999999999999,0.1905061925837765,0.063,0.6924457593688362,2,pairwise_f1,hungarian,5.5,0,517,0.1825184905521975,0.1751736635457565,0.1751736635457565,0.0933,0.932475884244373,0.0966666666666666,0.0631385821495997,0.0843083972274015,0.0504664664664664,0.0933,517,macro,0,0,0.937,0.1861527763981325,0.1033417889048196,0.937,465,2,0.0,0.0,2,515,0.0,0.1105,0.0,0.1905061925837765,0.6924457593688362,"{""dimension"": 2, ""family"": ""moons"", ""n"": 20000}","{""eps"": 13, ""geometry_profile"": ""low_dim"", ""k"": 20, ""knn_backend"": ""kd_tree"", ""min_samples"": 5}",native_target_discovery_v1
ok,synthetic,moons_noise90__quality__n20000,StrataSCAN,211,0.2.4,20000,2,0.0607012999989819,0.7443303999989439,3.9437416000000662,233.47265625,47.48828125,231.79296875,,0.7360749861277667,0.7841564759250005,2,2,0.9692777777777778,known_synthetic_noise,0.9281388888888888,0.8990652005828745,2.5,3,0,0.1,0.9,full_partition,target-discovery-v1,0,0.05,0.8855,0.8220131897300221,0.1129999999999999,0.7671224549527577,2,pairwise_f1,hungarian,1.0,0,5,0.8933156662788764,0.9781627561461048,0.9781627561461048,0.88365,0.9872121315000284,0.9692777777777778,0.6720053947807556,0.5879778582163163,0.784054054054054,0.88365,5,macro,2,0,0.887,0.819967645019644,0.7623549634722819,0.887,2,2,0.0,1.0,2,3,0.0,0.8855,0.0,0.8220131897300221,0.7671224549527577,"{""dimension"": 2, ""family"": ""moons"", ""n"": 20000}","{""ambiguous_model_confirmation_tolerance"": 1e-05, ""assignment"": ""maximum_posterior_basis_then_semantic_role"", ""background_model"": ""adaptive_gamma_basis_mixture_with_largest_rate_gap"", ""background_scan"": ""adaptive_dyadic_rank_windows_with_poisson_beta_boundary_code"", ""border_rule"": ""strict_local_core_radius"", ""component_initialization"": ""compiled_split_warm_single_start_with_guarded_confirmation"", ""component_selection"": ""semantic_icl_with_adaptive_bound"", ""connectivity"": ""density_ordered_non_merging_knn_watershed"", ""core_thresholds"": ""observed_d4_event_sweep"", ""duplicate_profile_confirmation_minimum"": 3, ""duplicate_profile_confirmation_tolerance"": 1e-08, ""extraction_objective"": ""gamma_topology_description_length"", ""fit_samples"": ""all_rows"", ""gamma_tolerance"": 0.0001, ""geometry_profile"": ""low_dim"", ""hard_component_bound"": 24, ""initial_component_bound"": 8, ""k"": 32, ""knn_backend"": ""kd_tree"", ""shell_ranks"": [4, 8, 16, 32], ""stratification_model"": ""adaptive_gamma_density_basis_with_semantic_background"", ""version"": ""0.2.3""}",native_target_discovery_v1
ok,synthetic,moons_noise90__quality__n20000,StrataSCAN,223,0.2.4,20000,2,0.0617609000000811,0.7416137999989587,3.954434499999479,231.46484375,45.3125,232.9921875,,0.7240393930590184,0.7649344230250917,0,0,0.9722222222222222,known_synthetic_noise,0.9231111111111112,0.9009708647856188,1.0,2,0,0.1,0.9,full_partition,target-discovery-v1,0,0.05,0.874,0.8229505602182221,0.126,0.7775381183773202,2,pairwise_f1,hungarian,1.0,0,2,0.8942042217502004,0.9789662116804654,0.9789662116804654,0.8876,0.9858044164037856,0.9722222222222222,0.6752002533099895,0.6047893422992551,0.7641661661661662,0.8876,2,macro,2,0,0.874,0.8229755178907722,0.7775800711743772,0.874,0,2,0.0,1.0,2,0,0.0,0.874,0.0,0.8229505602182221,0.7775381183773202,"{""dimension"": 2, ""family"": ""moons"", ""n"": 20000}","{""ambiguous_model_confirmation_tolerance"": 1e-05, ""assignment"": ""maximum_posterior_basis_then_semantic_role"", ""background_model"": ""adaptive_gamma_basis_mixture_with_largest_rate_gap"", ""background_scan"": ""adaptive_dyadic_rank_windows_with_poisson_beta_boundary_code"", ""border_rule"": ""strict_local_core_radius"", ""component_initialization"": ""compiled_split_warm_single_start_with_guarded_confirmation"", ""component_selection"": ""semantic_icl_with_adaptive_bound"", ""connectivity"": ""density_ordered_non_merging_knn_watershed"", ""core_thresholds"": ""observed_d4_event_sweep"", ""duplicate_profile_confirmation_minimum"": 3, ""duplicate_profile_confirmation_tolerance"": 1e-08, ""extraction_objective"": ""gamma_topology_description_length"", ""fit_samples"": ""all_rows"", ""gamma_tolerance"": 0.0001, ""geometry_profile"": ""low_dim"", ""hard_component_bound"": 24, ""initial_component_bound"": 8, ""k"": 32, ""knn_backend"": ""kd_tree"", ""shell_ranks"": [4, 8, 16, 32], ""stratification_model"": ""adaptive_gamma_density_basis_with_semantic_background"", ""version"": ""0.2.3""}",native_target_discovery_v1
ok,synthetic,moons_noise90__quality__n20000,StrataSCAN,227,0.2.4,20000,2,0.0596789000010176,0.736089300000458,3.9489193000008527,236.3125,49.9609375,232.3671875,,0.6929565474119121,0.7250096861664549,0,0,0.9736111111111112,known_synthetic_noise,0.9125555555555556,0.8968357961827054,1.0,2,0,0.1,0.9,full_partition,target-discovery-v1,0,0.05,0.8514999999999999,0.8152108952783216,0.1485,0.781903949161461,2,pairwise_f1,hungarian,1.0,0,2,0.8894019279431434,0.9784489978225672,0.9784489978225672,0.8911,0.983335203680844,0.9736111111111112,0.6632623297697996,0.6112369090229314,0.7249679679679679,0.8911,2,macro,2,0,0.8515,0.8152225945428435,0.7819100091827365,0.8515,0,2,0.0,1.0,2,0,0.0,0.8515,0.0,0.8152108952783216,0.781903949161461,"{""dimension"": 2, ""family"": ""moons"", ""n"": 20000}","{""ambiguous_model_confirmation_tolerance"": 1e-05, ""assignment"": ""maximum_posterior_basis_then_semantic_role"", ""background_model"": ""adaptive_gamma_basis_mixture_with_largest_rate_gap"", ""background_scan"": ""adaptive_dyadic_rank_windows_with_poisson_beta_boundary_code"", ""border_rule"": ""strict_local_core_radius"", ""component_initialization"": ""compiled_split_warm_single_start_with_guarded_confirmation"", ""component_selection"": ""semantic_icl_with_adaptive_bound"", ""connectivity"": ""density_ordered_non_merging_knn_watershed"", ""core_thresholds"": ""observed_d4_event_sweep"", ""duplicate_profile_confirmation_minimum"": 3, ""duplicate_profile_confirmation_tolerance"": 1e-08, ""extraction_objective"": ""gamma_topology_description_length"", ""fit_samples"": ""all_rows"", ""gamma_tolerance"": 0.0001, ""geometry_profile"": ""low_dim"", ""hard_component_bound"": 24, ""initial_component_bound"": 8, ""k"": 32, ""knn_backend"": ""kd_tree"", ""shell_ranks"": [4, 8, 16, 32], ""stratification_model"": ""adaptive_gamma_density_basis_with_semantic_background"", ""version"": ""0.2.3""}",native_target_discovery_v1
ok,synthetic,moons_noise90__quality__n20000,StrataSCAN,229,0.2.4,20000,2,0.0607581999993271,0.7599662000011449,3.9392905999993673,233.5625,47.65625,232.0625,,0.7109288064321531,0.7491065470219064,2,2,0.9695,known_synthetic_noise,0.9175,0.8929890843633244,2.0,2,0,0.1,0.9,full_partition,target-discovery-v1,0,0.05,0.8654999999999999,0.8107865277996271,0.1345,0.7627135425524232,2,pairwise_f1,hungarian,1.0,0,4,0.8862076876505033,0.9770996640537516,0.9770996640537516,0.886,0.9848194130925508,0.9695,0.6544939766307442,0.5811466968625203,0.74903003003003,0.886,4,macro,2,0,0.8655,0.8088785046728972,0.7592105263157894,0.8655,2,2,0.0,1.0,2,2,0.0,0.8655,0.0,0.810786527799627,0.7627135425524232,"{""dimension"": 2, ""family"": ""moons"", ""n"": 20000}","{""ambiguous_model_confirmation_tolerance"": 1e-05, ""assignment"": ""maximum_posterior_basis_then_semantic_role"", ""background_model"": ""adaptive_gamma_basis_mixture_with_largest_rate_gap"", ""background_scan"": ""adaptive_dyadic_rank_windows_with_poisson_beta_boundary_code"", ""border_rule"": ""strict_local_core_radius"", ""component_initialization"": ""compiled_split_warm_single_start_with_guarded_confirmation"", ""component_selection"": ""semantic_icl_with_adaptive_bound"", ""connectivity"": ""density_ordered_non_merging_knn_watershed"", ""core_thresholds"": ""observed_d4_event_sweep"", ""duplicate_profile_confirmation_minimum"": 3, ""duplicate_profile_confirmation_tolerance"": 1e-08, ""extraction_objective"": ""gamma_topology_description_length"", ""fit_samples"": ""all_rows"", ""gamma_tolerance"": 0.0001, ""geometry_profile"": ""low_dim"", ""hard_component_bound"": 24, ""initial_component_bound"": 8, ""k"": 32, ""knn_backend"": ""kd_tree"", ""shell_ranks"": [4, 8, 16, 32], ""stratification_model"": ""adaptive_gamma_density_basis_with_semantic_background"", ""version"": ""0.2.3""}",native_target_discovery_v1
ok,synthetic,moons_noise90__quality__n20000,StrataSCAN,233,0.2.4,20000,2,0.0611614999997982,0.7498889999988023,3.968629900000451,233.23828125,47.2421875,230.6796875,,0.7277109693580782,0.7689651599653856,1,1,0.9713333333333334,known_synthetic_noise,0.9236666666666666,0.8998060223609877,1.5,2,0,0.1,0.9,full_partition,target-discovery-v1,0,0.05,0.876,0.8222485845669192,0.124,0.7753551961397551,2,pairwise_f1,hungarian,1.0,0,3,0.8936447590564682,0.9786186051718349,0.9786186051718349,0.8866,0.986013986013986,0.9713333333333334,0.6734121185491733,0.5996636900131882,0.7678438438438439,0.8866,3,macro,2,0,0.876,0.8209934395501406,0.7724867724867724,0.876,1,2,0.0,1.0,2,1,0.0,0.876,0.0,0.8222485845669192,0.7753551961397552,"{""dimension"": 2, ""family"": ""moons"", ""n"": 20000}","{""ambiguous_model_confirmation_tolerance"": 1e-05, ""assignment"": ""maximum_posterior_basis_then_semantic_role"", ""background_model"": ""adaptive_gamma_basis_mixture_with_largest_rate_gap"", ""background_scan"": ""adaptive_dyadic_rank_windows_with_poisson_beta_boundary_code"", ""border_rule"": ""strict_local_core_radius"", ""component_initialization"": ""compiled_split_warm_single_start_with_guarded_confirmation"", ""component_selection"": ""semantic_icl_with_adaptive_bound"", ""connectivity"": ""density_ordered_non_merging_knn_watershed"", ""core_thresholds"": ""observed_d4_event_sweep"", ""duplicate_profile_confirmation_minimum"": 3, ""duplicate_profile_confirmation_tolerance"": 1e-08, ""extraction_objective"": ""gamma_topology_description_length"", ""fit_samples"": ""all_rows"", ""gamma_tolerance"": 0.0001, ""geometry_profile"": ""low_dim"", ""hard_component_bound"": 24, ""initial_component_bound"": 8, ""k"": 32, ""knn_backend"": ""kd_tree"", ""shell_ranks"": [4, 8, 16, 32], ""stratification_model"": ""adaptive_gamma_density_basis_with_semantic_background"", ""version"": ""0.2.3""}",native_target_discovery_v1
ok,synthetic,moons_noise90__quality__n20000,VDBSCAN-2007,211,0.2.4,20000,2,0.0590199999987817,0.210605399999622,3.249425799998789,195.3125,9.0859375,193.8203125,,1.3989120980073465e-15,0.0,53,51,0.0179444444444444,known_synthetic_noise,0.5089722222222223,0.1098918072912691,26.5,2,0,0.1,0.9,full_partition,target-discovery-v1,0,0.05,0.5005,0.0505156444613376,0.0,0.0816080774396739,2,pairwise_f1,hungarian,1.0,1,53,0.0415285628200491,0.035256235332642,0.035256235332642,0.01615,1.0,0.0179444444444444,0.0107798770961304,0.0054191768163547,0.999,0.01615,53,macro,0,0,1.0,0.1845273792498962,0.1016415103928444,1.0,53,2,0.0,0.0,2,51,0.0,0.5005,0.0,0.0505156444613376,0.0816080774396739,"{""dimension"": 2, ""family"": ""moons"", ""n"": 20000}","{""eps_values"": [0.07953230291604996, 0.09741602092981339], ""geometry_profile"": ""low_dim"", ""knee_prominence"": 0.03, ""knn_backend"": ""kd_tree"", ""max_eps_values"": 3, ""min_samples"": 5}",native_target_discovery_v1
ok,synthetic,moons_noise90__quality__n20000,VDBSCAN-2007,223,0.2.4,20000,2,0.0598188999992999,0.2923881000006076,3.33723099999952,192.90625,6.8125,192.90625,,0.1292001935508567,0.0017870937658091,90,83,0.0183333333333333,known_synthetic_noise,0.5091666666666667,0.1102967666311439,89.5,96,0,0.1,0.9,full_partition,target-discovery-v1,0,0.05,0.385,0.0572427118995746,0.0,0.4219902006532898,2,pairwise_f1,hungarian,1.0,1,179,0.0442065150600124,0.0360065466448445,0.0360065466448445,0.0165,1.0,0.0183333333333333,0.0073644141658396,0.0037072003082683,0.5461751751751752,0.0165,179,macro,0,0,1.0,0.1845869866174434,0.1016776817488561,1.0,90,2,0.0,0.0,2,177,0.0,0.385,0.0,0.0572427118995746,0.4219902006532898,"{""dimension"": 2, ""family"": ""moons"", ""n"": 20000}","{""eps_values"": [0.019939519464969635, 0.07967618107795715, 0.09834222495555878], ""geometry_profile"": ""low_dim"", ""knee_prominence"": 0.03, ""knn_backend"": ""kd_tree"", ""max_eps_values"": 3, ""min_samples"": 5}",native_target_discovery_v1
ok,synthetic,moons_noise90__quality__n20000,VDBSCAN-2007,227,0.2.4,20000,2,0.0610963000017363,0.2124578999992081,3.276807899999767,195.859375,9.27734375,195.859375,,1.3989120980073465e-15,0.0,77,76,0.0196111111111111,known_synthetic_noise,0.5095555555555555,0.1115824905675361,38.5,1,0,0.1,0.9,full_partition,target-discovery-v1,0,0.05,0.5,0.0564270398374901,0.0005,0.0299007295778017,1,pairwise_f1,hungarian,1.0,1,77,0.0457465256291346,0.0384657295412444,0.0384657295412444,0.0177,0.9971751412429378,0.0196111111111111,0.0141175431120052,0.0071090026124917,0.999,0.0177,77,macro,0,0,0.9995,0.1846992515938279,0.1017509925684617,0.9995,77,2,0.0,0.0,2,76,0.0,0.5,0.0,0.0564270398374901,0.0299007295778017,"{""dimension"": 2, ""family"": ""moons"", ""n"": 20000}","{""eps_values"": [0.08004823327064514, 0.09950312972068787], ""geometry_profile"": ""low_dim"", ""knee_prominence"": 0.03, ""knn_backend"": ""kd_tree"", ""max_eps_values"": 3, ""min_samples"": 5}",native_target_discovery_v1
ok,synthetic,moons_noise90__quality__n20000,VDBSCAN-2007,229,0.2.4,20000,2,0.0586072000005515,0.3008372000003874,3.3532764999999927,194.6171875,8.72265625,194.625,,0.1204557226428924,0.0011290071397899,74,70,0.0173333333333333,known_synthetic_noise,0.5086666666666667,0.1092549019987014,73.0,76,0,0.1,0.9,full_partition,target-discovery-v1,0,0.05,0.405,0.0528206310579877,0.0,0.4804712032213971,2,pairwise_f1,hungarian,1.0,1,146,0.0414266078438734,0.0340760157273918,0.0340760157273918,0.0156,1.0,0.0173333333333333,0.0076207379084606,0.003833736133973,0.6251481481481481,0.0156,146,macro,0,0,1.0,0.184433788270011,0.1015847216578626,1.0,74,2,0.0,0.0,2,144,0.0,0.405,0.0,0.0528206310579877,0.4804712032213971,"{""dimension"": 2, ""family"": ""moons"", ""n"": 20000}","{""eps_values"": [0.019236385822296143, 0.08004134893417358, 0.09874815493822098], ""geometry_profile"": ""low_dim"", ""knee_prominence"": 0.03, ""knn_backend"": ""kd_tree"", ""max_eps_values"": 3, ""min_samples"": 5}",native_target_discovery_v1
ok,synthetic,moons_noise90__quality__n20000,VDBSCAN-2007,233,0.2.4,20000,2,0.0601042999987839,0.2974364000001515,3.337351899999703,192.96875,7.02734375,191.703125,,0.1304754908836434,0.0013845428307088,90,87,0.0173888888888888,known_synthetic_noise,0.5084444444444445,0.1092700364211263,93.0,99,0,0.1,0.9,full_partition,target-discovery-v1,0,0.05,0.3735,0.0502681041826313,0.0005,0.4202836957721603,2,pairwise_f1,hungarian,1.0,1,186,0.0406926529603884,0.0341815004914273,0.0341815004914273,0.0157,0.9968152866242038,0.0173888888888888,0.0064195789904612,0.0032293254091567,0.5305845845845846,0.0157,186,macro,0,0,0.9995,0.1843585723508254,0.1015442446408615,0.9995,90,2,0.0,0.0,2,184,0.0,0.3735,0.0,0.0502681041826313,0.4202836957721603,"{""dimension"": 2, ""family"": ""moons"", ""n"": 20000}","{""eps_values"": [0.020565176382660866, 0.08054718375205994, 0.09898187220096588], ""geometry_profile"": ""low_dim"", ""knee_prominence"": 0.03, ""knn_backend"": ""kd_tree"", ""max_eps_values"": 3, ""min_samples"": 5}",native_target_discovery_v1
ok,synthetic,moons_noise90__quality__n20000,kNN+Leiden,211,0.2.4,20000,2,0.0589526000003388,1.0587743000014598,4.857708399998955,285.984375,70.50390625,291.54296875,,0.4953265735014561,0.2972759860277285,25,19,0.0,known_synthetic_noise,0.5,0.0909090909090909,13.5,8,0,0.1,0.9,full_partition,target-discovery-v1,4,0.05,0.3365,0.4049791203085864,0.0,0.5097754305354062,2,pairwise_f1,hungarian,3.0,0,27,0.0,0.0,0.0,0.0,0.0,0.0,0.0683066383832055,0.0383965152211589,0.309052052052052,0.0,27,macro,0,0,1.0,0.1818181818181818,0.1,1.0,25,2,0.0,0.0,2,25,0.0,0.3365,0.0,0.4049791203085864,0.5097754305354062,"{""dimension"": 2, ""family"": ""moons"", ""n"": 20000}","{""edge_rank"": 15, ""geometry_profile"": ""low_dim"", ""k"": 20, ""knn_backend"": ""kd_tree"", ""resolution"": 0.5, ""symmetrization"": ""union"", ""weights"": ""1/(1+d)""}",native_target_discovery_v1
ok,synthetic,moons_noise90__quality__n20000,kNN+Leiden,223,0.2.4,20000,2,0.0600893999999243,1.4277140000012878,5.189531199999692,286.9609375,71.30859375,292.0390625,,0.5516656659537346,0.3549594494586245,23,18,0.0,known_synthetic_noise,0.5,0.0909090909090909,13.0,8,0,0.1,0.9,full_partition,target-discovery-v1,4,0.05,0.411,0.4648408392363007,0.0,0.554145748207254,2,pairwise_f1,hungarian,3.0,0,26,0.0,0.0,0.0,0.0,0.0,0.0,0.0752617298399327,0.0420710556008381,0.3565545545545545,0.0,26,macro,0,0,1.0,0.1818181818181818,0.1,1.0,23,2,0.0,0.0,2,24,0.0,0.411,0.0,0.4648408392363007,0.554145748207254,"{""dimension"": 2, ""family"": ""moons"", ""n"": 20000}","{""edge_rank"": 15, ""geometry_profile"": ""low_dim"", ""k"": 20, ""knn_backend"": ""kd_tree"", ""resolution"": 0.5, ""symmetrization"": ""union"", ""weights"": ""1/(1+d)""}",native_target_discovery_v1
ok,synthetic,moons_noise90__quality__n20000,kNN+Leiden,227,0.2.4,20000,2,0.0580898999996861,1.331972099998893,5.105250600001455,285.89453125,70.66015625,290.11328125,,0.5403795339105556,0.3298807122071811,24,19,0.0,known_synthetic_noise,0.5,0.0909090909090909,13.5,8,0,0.1,0.9,full_partition,target-discovery-v1,4,0.05,0.413,0.4830769965772474,0.0,0.5879694449430584,2,pairwise_f1,hungarian,3.0,0,27,0.0,0.0,0.0,0.0,0.0,0.0,0.0739251329615513,0.0416191817379427,0.3303583583583583,0.0,27,macro,0,0,1.0,0.1818181818181818,0.1,1.0,24,2,0.0,0.0,2,25,0.0,0.413,0.0,0.4830769965772474,0.5879694449430584,"{""dimension"": 2, ""family"": ""moons"", ""n"": 20000}","{""edge_rank"": 15, ""geometry_profile"": ""low_dim"", ""k"": 20, ""knn_backend"": ""kd_tree"", ""resolution"": 0.5, ""symmetrization"": ""union"", ""weights"": ""1/(1+d)""}",native_target_discovery_v1
ok,synthetic,moons_noise90__quality__n20000,kNN+Leiden,229,0.2.4,20000,2,0.0608031000010669,1.28588579999996,5.106095099999948,287.48046875,71.61328125,291.6875,,0.4781894847463803,0.3166687691473176,22,18,0.0,known_synthetic_noise,0.5,0.0909090909090909,13.0,8,0,0.1,0.9,full_partition,target-discovery-v1,5,0.05,0.4345,0.4921711698385032,0.0,0.5676423643291113,2,pairwise_f1,hungarian,3.5,1,26,0.0,0.0,0.0,0.0,0.0,0.0,0.0752745107547335,0.0422119040136501,0.3472922922922923,0.0,26,macro,0,0,1.0,0.1818181818181818,0.1,1.0,22,2,0.0,0.0,2,24,0.0,0.4345,0.0,0.4921711698385031,0.5676423643291113,"{""dimension"": 2, ""family"": ""moons"", ""n"": 20000}","{""edge_rank"": 15, ""geometry_profile"": ""low_dim"", ""k"": 20, ""knn_backend"": ""kd_tree"", ""resolution"": 0.5, ""symmetrization"": ""union"", ""weights"": ""1/(1+d)""}",native_target_discovery_v1
ok,synthetic,moons_noise90__quality__n20000,kNN+Leiden,233,0.2.4,20000,2,0.0624318000009225,0.8013424000000668,4.624611700000969,286.3125,70.50390625,291.63671875,,0.4100758758818972,0.2407211565793479,23,18,0.0,known_synthetic_noise,0.5,0.0909090909090909,12.5,7,0,0.1,0.9,full_partition,target-discovery-v1,6,0.05,0.383,0.452032049645964,0.0,0.560664561028281,2,pairwise_f1,hungarian,4.0,1,25,0.0,0.0,0.0,0.0,0.0,0.0,0.0632875764631402,0.0352332090992743,0.3106106106106106,0.0,25,macro,0,0,1.0,0.1818181818181818,0.1,1.0,23,2,0.0,0.0,2,23,0.0,0.383,0.0,0.452032049645964,0.560664561028281,"{""dimension"": 2, ""family"": ""moons"", ""n"": 20000}","{""edge_rank"": 15, ""geometry_profile"": ""low_dim"", ""k"": 20, ""knn_backend"": ""kd_tree"", ""resolution"": 0.5, ""symmetrization"": ""union"", ""weights"": ""1/(1+d)""}",native_target_discovery_v1
ok,synthetic,moons_noise90__quality__n20000,kNN-DBSCAN,211,0.2.4,20000,2,0.0593089000012696,0.0701831999995192,3.218982899999901,188.75,2.66015625,189.02734375,,0.7963278982168689,0.8893095934033259,806,792,0.6475,known_synthetic_noise,0.80925,0.5810345071999855,408.0,24,0,0.1,0.9,full_partition,target-discovery-v1,0,0.05,0.943,0.8182235687031523,0.0289999999999999,0.7226238795873499,2,pairwise_f1,hungarian,1.0,0,816,0.8010096463762583,0.7845050987783126,0.7845050987783126,0.58565,0.995048237001622,0.6475,0.65309600169085,0.5160436241123423,0.8892712712712713,0.58565,816,macro,2,0,0.971,0.3775639156216584,0.2343429467841197,0.971,806,2,0.0,1.0,2,814,0.0,0.943,0.0,0.8182235687031522,0.7226238795873499,"{""dimension"": 2, ""family"": ""moons"", ""n"": 20000}","{""eps"": 0.045525770634412766, ""eps_quantile"": 0.25, ""geometry_profile"": ""low_dim"", ""k"": 4, ""knn_backend"": ""kd_tree"", ""min_samples"": 5}",native_target_discovery_v1
ok,synthetic,moons_noise90__quality__n20000,kNN-DBSCAN,223,0.2.4,20000,2,0.057911599998988,0.070175000000745,3.1696359000015946,188.20703125,1.9296875,188.765625,,0.6569512391445333,0.6921738583299534,834,815,0.6402222222222222,known_synthetic_noise,0.8066111111111112,0.5763343013802588,421.5,28,0,0.1,0.9,full_partition,target-discovery-v1,2,0.05,0.8175,0.7682722624769194,0.027,0.7270053689240612,2,pairwise_f1,hungarian,2.0,0,843,0.7737112535294135,0.7792278044492529,0.7792278044492529,0.5789,0.9953359820348938,0.6402222222222222,0.5950194009355999,0.5218449991206598,0.6920620620620621,0.5789,843,macro,1,0,0.973,0.3734407983112647,0.2310615055806222,0.973,834,2,0.0,0.5,2,841,0.0,0.8175,0.0,0.7682722624769194,0.7270053689240613,"{""dimension"": 2, ""family"": ""moons"", ""n"": 20000}","{""eps"": 0.045584384351968765, ""eps_quantile"": 0.25, ""geometry_profile"": ""low_dim"", ""k"": 4, ""knn_backend"": ""kd_tree"", ""min_samples"": 5}",native_target_discovery_v1
ok,synthetic,moons_noise90__quality__n20000,kNN-DBSCAN,227,0.2.4,20000,2,0.061668100001043,0.0710667000003013,3.149594000000434,188.76953125,2.66796875,192.5703125,,0.6021834446717343,0.5182622911803255,825,809,0.6443888888888889,known_synthetic_noise,0.8099444444444445,0.579689688220197,416.5,24,0,0.1,0.9,full_partition,target-discovery-v1,2,0.05,0.6525,0.6825476558475012,0.0245,0.7159157327794416,2,pairwise_f1,hungarian,2.0,0,833,0.7290913795733286,0.782447382622774,0.782447382622774,0.5824,0.9957932692307692,0.6443888888888889,0.5151272395798088,0.5121325508136516,0.5181571571571572,0.5824,833,macro,0,0,0.9755,0.3769319938176197,0.2335967432950191,0.9755,825,2,0.0,0.0,2,831,0.0,0.6525,0.0,0.6825476558475012,0.7159157327794416,"{""dimension"": 2, ""family"": ""moons"", ""n"": 20000}","{""eps"": 0.046227362006902695, ""eps_quantile"": 0.25, ""geometry_profile"": ""low_dim"", ""k"": 4, ""knn_backend"": ""kd_tree"", ""min_samples"": 5}",native_target_discovery_v1
ok,synthetic,moons_noise90__quality__n20000,kNN-DBSCAN,229,0.2.4,20000,2,0.0621621000009326,0.0696721999993315,3.1521952000002784,188.40625,1.9921875,192.87890625,,0.8204630422783306,0.9036612309332268,810,801,0.6507222222222222,known_synthetic_noise,0.8123611111111111,0.5838431826050521,409.5,18,0,0.1,0.9,full_partition,target-discovery-v1,0,0.05,0.9505,0.820464968099466,0.026,0.721911604791559,2,pairwise_f1,hungarian,1.0,0,819,0.8034006811227424,0.7870317486981353,0.7870317486981353,0.58825,0.9955801104972376,0.6507222222222222,0.6559551231280111,0.5148407112956394,0.9036356356356356,0.58825,819,macro,2,0,0.974,0.3806546165119687,0.2365513054037644,0.974,810,2,0.0,1.0,2,817,0.0,0.9505,0.0,0.820464968099466,0.721911604791559,"{""dimension"": 2, ""family"": ""moons"", ""n"": 20000}","{""eps"": 0.045631811022758484, ""eps_quantile"": 0.25, ""geometry_profile"": ""low_dim"", ""k"": 4, ""knn_backend"": ""kd_tree"", ""min_samples"": 5}",native_target_discovery_v1
ok,synthetic,moons_noise90__quality__n20000,kNN-DBSCAN,233,0.2.4,20000,2,0.0574171000007481,0.0678890999988652,3.121347099999184,188.39453125,1.8828125,188.90625,,0.6524654216192007,0.6699268621486246,813,796,0.6446666666666667,known_synthetic_noise,0.8083333333333333,0.5792417221091128,409.5,23,0,0.1,0.9,full_partition,target-discovery-v1,2,0.05,0.772,0.744218852138808,0.028,0.7418120149332831,2,pairwise_f1,hungarian,2.0,0,819,0.7628642707124988,0.7824679703304114,0.7824679703304114,0.583,0.995197255574614,0.6446666666666667,0.5959577533345021,0.5363978721120778,0.6703963963963964,0.583,819,macro,1,0,0.972,0.3760154738878143,0.2330935251798561,0.972,813,2,0.0,0.5,2,817,0.0,0.772,0.0,0.744218852138808,0.7418120149332831,"{""dimension"": 2, ""family"": ""moons"", ""n"": 20000}","{""eps"": 0.0457192063331604, ""eps_quantile"": 0.25, ""geometry_profile"": ""low_dim"", ""k"": 4, ""knn_backend"": ""kd_tree"", ""min_samples"": 5}",native_target_discovery_v1
ok,synthetic,moons_noise95__quality__n20000,AMD-DBSCAN,211,0.2.4,20000,2,0.0591366000007838,5.217653799998516,8.373445900000661,6289.9609375,6103.6640625,6289.9453125,,0.0,0.0,1,0,0.0,known_synthetic_noise,0.5,0.0476190476190476,0.5,1,0,0.1,0.9,full_partition,target-discovery-v1,0,0.05,0.5,0.024390243902439,0.0,0.0125,1,pairwise_f1,hungarian,1.0,1,1,0.0,0.0,0.0,0.0,0.0,0.0,0.0024920158110662,0.0012475623781189,1.0,0.0,1,macro,0,0,1.0,0.0952380952380952,0.05,1.0,1,2,0.0,0.0,2,0,0.0,0.5,0.0,0.024390243902439,0.0125,"{""dimension"": 2, ""family"": ""moons"", ""n"": 20000}","{""adaptive_rank"": 71, ""balance_rounds"": 3, ""eps_values"": [0.20024365910704284, 0.26016774452994784, 0.2787421384105873], ""geometry_profile"": ""low_dim"", ""knn_backend"": ""kd_tree"", ""n_density_levels"": 3}",native_target_discovery_v1
ok,synthetic,moons_noise95__quality__n20000,AMD-DBSCAN,223,0.2.4,20000,2,0.0584672000004502,5.33373390000088,8.520130599999902,6289.99609375,6103.6484375,6289.99609375,,0.0,0.0,1,0,0.0,known_synthetic_noise,0.5,0.0476190476190476,0.5,1,0,0.1,0.9,full_partition,target-discovery-v1,0,0.05,0.5,0.024390243902439,0.0,0.0125,1,pairwise_f1,hungarian,1.0,1,1,0.0,0.0,0.0,0.0,0.0,0.0,0.0024920158110662,0.0012475623781189,1.0,0.0,1,macro,0,0,1.0,0.0952380952380952,0.05,1.0,1,2,0.0,0.0,2,0,0.0,0.5,0.0,0.024390243902439,0.0125,"{""dimension"": 2, ""family"": ""moons"", ""n"": 20000}","{""adaptive_rank"": 71, ""balance_rounds"": 3, ""eps_values"": [0.201308196814256, 0.26097041610551264, 0.28125415871529225], ""geometry_profile"": ""low_dim"", ""knn_backend"": ""kd_tree"", ""n_density_levels"": 3}",native_target_discovery_v1
ok,synthetic,moons_noise95__quality__n20000,AMD-DBSCAN,227,0.2.4,20000,2,0.0623122999986662,5.254688300001362,8.445446200001243,6289.8828125,6103.64453125,6289.8828125,,0.0,0.0,1,0,0.0,known_synthetic_noise,0.5,0.0476190476190476,0.5,1,0,0.1,0.9,full_partition,target-discovery-v1,0,0.05,0.5,0.024390243902439,0.0,0.0125,1,pairwise_f1,hungarian,1.0,1,1,0.0,0.0,0.0,0.0,0.0,0.0,0.0024920158110662,0.0012475623781189,1.0,0.0,1,macro,0,0,1.0,0.0952380952380952,0.05,1.0,1,2,0.0,0.0,2,0,0.0,0.5,0.0,0.024390243902439,0.0125,"{""dimension"": 2, ""family"": ""moons"", ""n"": 20000}","{""adaptive_rank"": 71, ""balance_rounds"": 3, ""eps_values"": [0.2009666877250144, 0.2635635791900841, 0.2826057665183063], ""geometry_profile"": ""low_dim"", ""knn_backend"": ""kd_tree"", ""n_density_levels"": 3}",native_target_discovery_v1
ok,synthetic,moons_noise95__quality__n20000,AMD-DBSCAN,229,0.2.4,20000,2,0.0645494000000326,5.230457400000887,8.446975799999564,6289.6796875,6103.6484375,6289.6796875,,0.0,0.0,1,0,0.0,known_synthetic_noise,0.5,0.0476190476190476,0.5,1,0,0.1,0.9,full_partition,target-discovery-v1,0,0.05,0.5,0.024390243902439,0.0,0.0125,1,pairwise_f1,hungarian,1.0,1,1,0.0,0.0,0.0,0.0,0.0,0.0,0.0024920158110662,0.0012475623781189,1.0,0.0,1,macro,0,0,1.0,0.0952380952380952,0.05,1.0,1,2,0.0,0.0,2,0,0.0,0.5,0.0,0.024390243902439,0.0125,"{""dimension"": 2, ""family"": ""moons"", ""n"": 20000}","{""adaptive_rank"": 71, ""balance_rounds"": 3, ""eps_values"": [0.19992547760548685, 0.2617800119642819, 0.28147203053178177], ""geometry_profile"": ""low_dim"", ""knn_backend"": ""kd_tree"", ""n_density_levels"": 3}",native_target_discovery_v1
ok,synthetic,moons_noise95__quality__n20000,AMD-DBSCAN,233,0.2.4,20000,2,0.0618070000000443,5.216674900000726,8.385464500001035,6289.8984375,6103.6484375,6289.8984375,,0.0,0.0,1,0,0.0,known_synthetic_noise,0.5,0.0476190476190476,0.5,1,0,0.1,0.9,full_partition,target-discovery-v1,0,0.05,0.5,0.024390243902439,0.0,0.0125,1,pairwise_f1,hungarian,1.0,1,1,0.0,0.0,0.0,0.0,0.0,0.0,0.0024920158110662,0.0012475623781189,1.0,0.0,1,macro,0,0,1.0,0.0952380952380952,0.05,1.0,1,2,0.0,0.0,2,0,0.0,0.5,0.0,0.024390243902439,0.0125,"{""dimension"": 2, ""family"": ""moons"", ""n"": 20000}","{""adaptive_rank"": 71, ""balance_rounds"": 3, ""eps_values"": [0.2052061366005771, 0.262227393266967, 0.28124960301199375], ""geometry_profile"": ""low_dim"", ""knn_backend"": ""kd_tree"", ""n_density_levels"": 3}",native_target_discovery_v1
ok,synthetic,moons_noise95__quality__n20000,DBSCAN,211,0.2.4,20000,2,0.0609695999992254,0.1823227000004408,3.272925799999939,188.8125,2.66796875,191.78125,,0.8265975762370266,0.9101227457935052,1158,1146,0.3427894736842105,known_synthetic_noise,0.6593947368421053,0.3225242458519386,580.0,14,0,0.1,0.9,full_partition,target-discovery-v1,0,0.05,0.956,0.6617240092529919,0.024,0.5060697491767885,2,pairwise_f1,hungarian,1.0,0,1160,0.5760919976618302,0.5100834083878294,0.5100834083878294,0.32685,0.9963285910968334,0.3427894736842105,0.3737086093257931,0.2348770541196733,0.9138957915831664,0.32685,1160,macro,0,0,0.976,0.1349650833160478,0.0724949862586347,0.976,1158,2,0.0,0.0,2,1158,0.0,0.956,0.0,0.6617240092529919,0.5060697491767885,"{""dimension"": 2, ""family"": ""moons"", ""n"": 20000}","{""base_eps"": 0.0771554633975029, ""eps"": 0.054008824378252024, ""eps_multiplier"": 0.7, ""geometry_profile"": ""low_dim"", ""knn_backend"": ""kd_tree"", ""min_samples"": 5}",native_target_discovery_v1
ok,synthetic,moons_noise95__quality__n20000,DBSCAN,223,0.2.4,20000,2,0.0576232000003074,0.1835231999993993,3.2705603999984305,191.46484375,5.40625,188.6640625,,0.7146363121942947,0.7041685432064787,1146,1138,0.3349473684210526,known_synthetic_noise,0.6569736842105263,0.3176852051449079,574.5,11,0,0.1,0.9,full_partition,target-discovery-v1,1,0.05,0.765,0.6092619539101891,0.021,0.5250126761991685,2,pairwise_f1,hungarian,1.5,0,1149,0.5500925446235838,0.5013984636596415,0.5013984636596415,0.31925,0.996711041503524,0.3349473684210526,0.3557055750452574,0.2380106042180982,0.7036633266533067,0.31925,1149,macro,0,0,0.979,0.1339719466301744,0.0719059860448035,0.979,1146,2,0.0,0.0,2,1147,0.0,0.765,0.0,0.6092619539101891,0.5250126761991685,"{""dimension"": 2, ""family"": ""moons"", ""n"": 20000}","{""base_eps"": 0.07791902869939804, ""eps"": 0.05454332008957863, ""eps_multiplier"": 0.7, ""geometry_profile"": ""low_dim"", ""knn_backend"": ""kd_tree"", ""min_samples"": 5}",native_target_discovery_v1
ok,synthetic,moons_noise95__quality__n20000,DBSCAN,227,0.2.4,20000,2,0.0609652000002824,0.1835456999997404,3.281817900000533,192.80078125,6.77734375,192.80078125,,0.7030218004043486,0.7230702484384377,1155,1138,0.3433157894736842,known_synthetic_noise,0.6641578947368421,0.3235328192016693,579.5,21,0,0.1,0.9,full_partition,target-discovery-v1,1,0.05,0.812,0.6213776791026366,0.015,0.5138797048165684,2,pairwise_f1,hungarian,1.5,0,1159,0.5607169432018791,0.5108465815647271,0.5108465815647271,0.3269,0.9977057204037932,0.3433157894736842,0.3453767657754093,0.2268882509667372,0.7228977955911824,0.3269,1159,macro,0,0,0.985,0.1362190568386115,0.0731689199227455,0.985,1155,2,0.0,0.0,2,1157,0.0,0.812,0.0,0.6213776791026366,0.5138797048165684,"{""dimension"": 2, ""family"": ""moons"", ""n"": 20000}","{""base_eps"": 0.07823063433170319, ""eps"": 0.05476144403219223, ""eps_multiplier"": 0.7, ""geometry_profile"": ""low_dim"", ""knn_backend"": ""kd_tree"", ""min_samples"": 5}",native_target_discovery_v1
ok,synthetic,moons_noise95__quality__n20000,DBSCAN,229,0.2.4,20000,2,0.0614279000001261,0.1811820000002626,3.2904128999998647,188.9765625,3.25390625,188.9765625,,0.8632325200456971,0.9313025510806796,1126,1116,0.3382105263157894,known_synthetic_noise,0.6606052631578947,0.3200922059943714,564.0,12,0,0.1,0.9,full_partition,target-discovery-v1,0,0.05,0.965,0.6507748125468178,0.017,0.4910498119017171,2,pairwise_f1,hungarian,1.0,0,1128,0.5687761694404676,0.5051291121330033,0.5051291121330033,0.32215,0.9973614775725592,0.3382105263157894,0.3575195828681737,0.2212270991294312,0.9312224448897796,0.32215,1128,macro,0,0,0.983,0.1350552998557395,0.0725086671092424,0.983,1126,2,0.0,0.0,2,1126,0.0,0.965,0.0,0.6507748125468179,0.4910498119017171,"{""dimension"": 2, ""family"": ""moons"", ""n"": 20000}","{""base_eps"": 0.07814033329486847, ""eps"": 0.054698233306407926, ""eps_multiplier"": 0.7, ""geometry_profile"": ""low_dim"", ""knn_backend"": ""kd_tree"", ""min_samples"": 5}",native_target_discovery_v1
ok,synthetic,moons_noise95__quality__n20000,DBSCAN,233,0.2.4,20000,2,0.0583571999995911,0.1826019999989512,3.303648999999496,191.6015625,6.23046875,189.98828125,,0.2800955497452316,0.213284170099245,1129,1113,0.3299473684210526,known_synthetic_noise,0.6549736842105263,0.3145111587608257,567.0,21,0,0.1,0.9,full_partition,target-discovery-v1,2,0.05,0.613,0.4422803082892793,0.02,0.465475486921219,2,pairwise_f1,hungarian,2.0,1,1134,0.46750841049767,0.4957886828265254,0.4957886828265254,0.31445,0.9968198441723644,0.3299473684210526,0.2366753072479929,0.1467759303886837,0.6107655310621243,0.31445,1134,macro,0,0,0.98,0.1332336346951261,0.0714754576617314,0.98,1129,2,0.0,0.0,2,1132,0.0,0.613,0.0,0.4422803082892793,0.465475486921219,"{""dimension"": 2, ""family"": ""moons"", ""n"": 20000}","{""base_eps"": 0.07835804671049118, ""eps"": 0.054850632697343825, ""eps_multiplier"": 0.7, ""geometry_profile"": ""low_dim"", ""knn_backend"": ""kd_tree"", ""min_samples"": 5}",native_target_discovery_v1
ok,synthetic,moons_noise95__quality__n20000,HDBSCAN,211,0.2.4,20000,2,0.0603503000002092,2.9593148000003566,6.025754799999049,191.20703125,5.25390625,191.2421875,,0.5765541789132917,0.559669777255272,111,109,0.3944210526315789,known_synthetic_noise,0.6427105263157895,0.3482049799434704,57.0,5,0,0.1,0.9,full_partition,target-discovery-v1,3,0.05,0.657,0.5467786329998516,0.109,0.5276160776160776,2,pairwise_f1,hungarian,2.5,0,114,0.5549625162728583,0.5633951058151337,0.5633951058151337,0.38015,0.9856635538603185,0.3944210526315789,0.160136875452246,0.0935722006176949,0.5548216432865731,0.38015,114,macro,0,0,0.891,0.1330148540718071,0.0718722271517302,0.891,111,2,0.0,0.0,2,112,0.0,0.657,0.0,0.5467786329998516,0.5276160776160776,"{""dimension"": 2, ""family"": ""moons"", ""n"": 20000}","{""geometry_profile"": ""low_dim"", ""knn_backend"": ""kd_tree"", ""min_cluster_size"": 40, ""min_samples"": 5}",native_target_discovery_v1
ok,synthetic,moons_noise95__quality__n20000,HDBSCAN,223,0.2.4,20000,2,0.0598664000008284,2.9326959999998508,6.005428799999208,190.46875,4.484375,191.70703125,,0.6589710594473384,0.6552301575007126,106,104,0.3838947368421053,known_synthetic_noise,0.6629473684210526,0.3458122373906588,54.0,4,0,0.1,0.9,full_partition,target-discovery-v1,2,0.05,0.757,0.5649011698457769,0.0579999999999999,0.4679276640233558,2,pairwise_f1,hungarian,2.0,0,108,0.5591844474674224,0.5535822707953856,0.5535822707953856,0.3676,0.9921109902067464,0.3838947368421053,0.1730933128675675,0.0997356507462613,0.6544689378757516,0.3676,108,macro,0,0,0.942,0.138042203985932,0.0744781783681214,0.942,106,2,0.0,0.0,2,106,0.0,0.757,0.0,0.5649011698457769,0.4679276640233558,"{""dimension"": 2, ""family"": ""moons"", ""n"": 20000}","{""geometry_profile"": ""low_dim"", ""knn_backend"": ""kd_tree"", ""min_cluster_size"": 40, ""min_samples"": 5}",native_target_discovery_v1
ok,synthetic,moons_noise95__quality__n20000,HDBSCAN,227,0.2.4,20000,2,0.0609686999996483,2.918532599998798,5.99434889999975,191.86328125,5.2421875,191.85546875,,0.4670017033213198,0.327164347477114,123,123,0.4193157894736842,known_synthetic_noise,0.644157894736842,0.361360836401755,65.0,7,0,0.1,0.9,full_partition,target-discovery-v1,5,0.05,0.474,0.4898334333733493,0.131,0.5414151576123407,2,pairwise_f1,hungarian,3.5,0,130,0.5344520567062103,0.5880138755627722,0.5880138755627722,0.4049,0.98382316621388,0.4193157894736842,0.150919725070732,0.098193704349044,0.3259318637274549,0.4049,130,macro,0,0,0.869,0.1347077972407378,0.0730129390018484,0.869,123,2,0.0,0.0,2,128,0.0,0.474,0.0,0.4898334333733493,0.5414151576123407,"{""dimension"": 2, ""family"": ""moons"", ""n"": 20000}","{""geometry_profile"": ""low_dim"", ""knn_backend"": ""kd_tree"", ""min_cluster_size"": 40, ""min_samples"": 5}",native_target_discovery_v1
ok,synthetic,moons_noise95__quality__n20000,HDBSCAN,229,0.2.4,20000,2,0.0586288000013155,2.871588600000905,5.912507099999857,191.26953125,5.2578125,193.2578125,,0.9011780612410234,0.9486462114558596,97,94,0.3484736842105263,known_synthetic_noise,0.6627368421052632,0.3262442186408243,48.5,3,0,0.1,0.9,full_partition,target-discovery-v1,0,0.05,0.975,0.5748866638854124,0.023,0.4076146532438479,2,pairwise_f1,hungarian,1.0,0,97,0.5440639028754991,0.5163781001403837,0.5163781001403837,0.3322,0.9965382299819386,0.3484736842105263,0.1762894617228303,0.0971535451956167,0.9505771543086172,0.3322,97,macro,0,0,0.977,0.1361103371412649,0.0731506439053608,0.977,97,2,0.0,0.0,2,95,0.0,0.975,0.0,0.5748866638854124,0.4076146532438479,"{""dimension"": 2, ""family"": ""moons"", ""n"": 20000}","{""geometry_profile"": ""low_dim"", ""knn_backend"": ""kd_tree"", ""min_cluster_size"": 40, ""min_samples"": 5}",native_target_discovery_v1
ok,synthetic,moons_noise95__quality__n20000,HDBSCAN,233,0.2.4,20000,2,0.0586788999989948,2.9610343999993347,6.0244769000000815,190.58203125,4.5546875,192.40625,,0.5703978451374289,0.5273953012879103,96,94,0.4012631578947368,known_synthetic_noise,0.6451315789473684,0.3521877234441624,50.0,6,0,0.1,0.9,full_partition,target-discovery-v1,2,0.05,0.632,0.5641005579578361,0.111,0.5524461547965565,2,pairwise_f1,hungarian,2.0,0,100,0.5672023824331175,0.5703385075743407,0.5703385075743407,0.38675,0.985649644473174,0.4012631578947368,0.156212097375053,0.0916869640361972,0.5273066132264529,0.38675,100,macro,0,0,0.889,0.1340369393139842,0.0724826742763962,0.889,96,2,0.0,0.0,2,98,0.0,0.632,0.0,0.5641005579578361,0.5524461547965566,"{""dimension"": 2, ""family"": ""moons"", ""n"": 20000}","{""geometry_profile"": ""low_dim"", ""knn_backend"": ""kd_tree"", ""min_cluster_size"": 40, ""min_samples"": 5}",native_target_discovery_v1
ok,synthetic,moons_noise95__quality__n20000,OPTICS,211,0.2.4,20000,2,0.0579417000008106,16.026460499999303,19.058659300000727,191.55078125,5.32421875,192.2265625,,0.0,0.0,1,1,0.9977894736842106,known_synthetic_noise,0.4988947368421053,0.486626623543303,0.5,0,0,0.1,0.9,full_partition,target-discovery-v1,0,0.05,0.0,0.0,1.0,0.0,0,pairwise_f1,hungarian,0.0,0,1,0.0,0.973253247086606,0.973253247086606,0.9979,0.9498947790359756,0.9977894736842106,0.0,0.0,0.0,0.9979,1,macro,0,0,0.0,0.0,0.0,0.0,1,2,0.0,0.0,2,1,0.0,0.0,0.0,0.0,0.0,"{""dimension"": 2, ""family"": ""moons"", ""n"": 20000}","{""geometry_profile"": ""low_dim"", ""knn_backend"": ""kd_tree"", ""max_eps"": 0.09272033721208572, ""max_eps_quantile"": 0.98, ""min_cluster_size"": 40, ""min_samples"": 5, ""xi"": 0.1}",native_target_discovery_v1
ok,synthetic,moons_noise95__quality__n20000,OPTICS,223,0.2.4,20000,2,0.0580234999997628,15.741355500000282,18.79331300000013,190.5,4.9609375,190.71484375,,0.0439503789788785,0.0026028665264941,5,5,0.9863684210526316,known_synthetic_noise,0.5061842105263158,0.5043094025933302,3.0,1,0,0.1,0.9,full_partition,target-discovery-v1,0,0.05,0.026,0.0480591497227356,0.974,0.3170731707317073,1,pairwise_f1,hungarian,0.5,0,6,0.091572625748719,0.9681518791166216,0.9681518791166216,0.98575,0.950595992898808,0.9863684210526316,0.0025361103090933,0.04780817887614,0.0013026052104208,0.98575,6,macro,0,0,0.026,0.0404669260700389,0.0912280701754386,0.026,5,2,0.0,0.0,2,5,0.0,0.026,0.0,0.0480591497227356,0.3170731707317073,"{""dimension"": 2, ""family"": ""moons"", ""n"": 20000}","{""geometry_profile"": ""low_dim"", ""knn_backend"": ""kd_tree"", ""max_eps"": 0.09373432397842407, ""max_eps_quantile"": 0.98, ""min_cluster_size"": 40, ""min_samples"": 5, ""xi"": 0.1}",native_target_discovery_v1
ok,synthetic,moons_noise95__quality__n20000,OPTICS,227,0.2.4,20000,2,0.0569627999993826,15.70651480000015,18.718051199999536,189.51171875,4.0625,189.7109375,,0.0681614467352004,0.0068960058766464,4,4,0.987,known_synthetic_noise,0.5145,0.5170193464213608,2.5,1,0,0.1,0.9,full_partition,target-discovery-v1,0,0.05,0.042,0.0736842105263158,0.958,0.3,1,pairwise_f1,hungarian,0.5,0,5,0.1369529377182909,0.9688718968768568,0.9688718968768568,0.98555,0.9513976967175688,0.987,0.0066633646508892,0.0964381720430107,0.0034509018036072,0.98555,5,macro,0,0,0.042,0.065166795965865,0.1453287197231834,0.042,4,2,0.0,0.0,2,4,0.0,0.042,0.0,0.0736842105263158,0.3,"{""dimension"": 2, ""family"": ""moons"", ""n"": 20000}","{""geometry_profile"": ""low_dim"", ""knn_backend"": ""kd_tree"", ""max_eps"": 0.09477630257606506, ""max_eps_quantile"": 0.98, ""min_cluster_size"": 40, ""min_samples"": 5, ""xi"": 0.1}",native_target_discovery_v1
ok,synthetic,moons_noise95__quality__n20000,OPTICS,229,0.2.4,20000,2,0.0594985000007,15.493744600000356,18.477079700000104,190.0234375,4.0,190.0859375,,0.0,0.0,2,2,0.9951052631578948,known_synthetic_noise,0.4975526315789473,0.4859536844269669,1.0,0,0,0.1,0.9,full_partition,target-discovery-v1,0,0.05,0.0,0.0,1.0,0.0,0,pairwise_f1,hungarian,0.0,0,2,0.0,0.9719073688539338,0.9719073688539338,0.99535,0.949766413824283,0.9951052631578948,0.0,0.0,0.0,0.99535,2,macro,0,0,0.0,0.0,0.0,0.0,2,2,0.0,0.0,2,2,0.0,0.0,0.0,0.0,0.0,"{""dimension"": 2, ""family"": ""moons"", ""n"": 20000}","{""geometry_profile"": ""low_dim"", ""knn_backend"": ""kd_tree"", ""max_eps"": 0.09433946758508682, ""max_eps_quantile"": 0.98, ""min_cluster_size"": 40, ""min_samples"": 5, ""xi"": 0.1}",native_target_discovery_v1
ok,synthetic,moons_noise95__quality__n20000,OPTICS,233,0.2.4,20000,2,0.0603953000008914,15.752052199999524,18.83657029999995,191.37890625,4.890625,191.55078125,,0.0,0.0,4,4,0.9897894736842106,known_synthetic_noise,0.4948947368421053,0.4846157810647838,2.0,0,0,0.1,0.9,full_partition,target-discovery-v1,0,0.05,0.0,0.0,1.0,0.0,0,pairwise_f1,hungarian,0.0,0,4,0.0,0.9692315621295676,0.9692315621295676,0.9903,0.949510249419368,0.9897894736842106,0.0,0.0,0.0,0.9903,4,macro,0,0,0.0,0.0,0.0,0.0,4,2,0.0,0.0,2,4,0.0,0.0,0.0,0.0,0.0,"{""dimension"": 2, ""family"": ""moons"", ""n"": 20000}","{""geometry_profile"": ""low_dim"", ""knn_backend"": ""kd_tree"", ""max_eps"": 0.09400104731321335, ""max_eps_quantile"": 0.98, ""min_cluster_size"": 40, ""min_samples"": 5, ""xi"": 0.1}",native_target_discovery_v1
ok,synthetic,moons_noise95__quality__n20000,SNN-DBSCAN,211,0.2.4,20000,2,0.0594236000015371,0.2195312000003468,4.017152200000055,245.74609375,18.9375,240.94140625,,0.2544012766875628,0.0526370173707118,516,480,0.091578947368421,known_synthetic_noise,0.5137894736842106,0.1323979203351784,266.5,53,0,0.1,0.9,full_partition,target-discovery-v1,10,0.05,0.186,0.2495120897197303,0.064,0.4023101834038733,2,pairwise_f1,hungarian,6.0,1,533,0.2002807385296435,0.1672755239377042,0.1672755239377042,0.0902,0.9645232815964524,0.091578947368421,0.0459916014728864,0.0324134716080509,0.0791462925851703,0.0902,533,macro,0,0,0.936,0.0975203167326526,0.0514398768960211,0.936,516,2,0.0,0.0,2,531,0.0,0.186,0.0,0.2495120897197304,0.4023101834038733,"{""dimension"": 2, ""family"": ""moons"", ""n"": 20000}","{""eps"": 13, ""geometry_profile"": ""low_dim"", ""k"": 20, ""knn_backend"": ""kd_tree"", ""min_samples"": 5}",native_target_discovery_v1
ok,synthetic,moons_noise95__quality__n20000,SNN-DBSCAN,223,0.2.4,20000,2,0.0575496000001294,0.2202514999989944,3.973180900000443,253.40234375,26.8046875,250.3515625,,0.3093199006118716,0.0813301717228572,484,454,0.0856842105263158,known_synthetic_noise,0.5168421052631579,0.1277917272366856,252.5,51,0,0.1,0.9,full_partition,target-discovery-v1,11,0.05,0.159,0.2456811155881818,0.052,0.5407334826427771,2,pairwise_f1,hungarian,6.5,0,505,0.1919078547940543,0.1574468085106383,0.1574468085106383,0.084,0.969047619047619,0.0856842105263158,0.04587612428732,0.0319530336873344,0.0813026052104208,0.084,505,macro,0,0,0.948,0.0981366459627329,0.0517467248908296,0.948,484,2,0.0,0.0,2,503,0.0,0.159,0.0,0.2456811155881818,0.5407334826427771,"{""dimension"": 2, ""family"": ""moons"", ""n"": 20000}","{""eps"": 13, ""geometry_profile"": ""low_dim"", ""k"": 20, ""knn_backend"": ""kd_tree"", ""min_samples"": 5}",native_target_discovery_v1
ok,synthetic,moons_noise95__quality__n20000,SNN-DBSCAN,227,0.2.4,20000,2,0.0580345999987912,0.2239291000005323,4.030693900000188,253.41796875,26.765625,243.140625,,0.2917357970301741,0.0620937113021847,469,432,0.0901578947368421,known_synthetic_noise,0.5135789473684211,0.1311920617774823,246.5,61,0,0.1,0.9,full_partition,target-discovery-v1,14,0.05,0.13,0.205363796295585,0.063,0.5237471565451162,2,pairwise_f1,hungarian,8.0,0,493,0.1829219950047368,0.1649018097805159,0.1649018097805159,0.0888,0.964527027027027,0.0901578947368421,0.0349348817861768,0.0243028707030815,0.0621042084168336,0.0888,493,macro,0,0,0.937,0.0974823137744486,0.0514157155399473,0.937,469,2,0.0,0.0,2,491,0.0,0.13,0.0,0.205363796295585,0.5237471565451162,"{""dimension"": 2, ""family"": ""moons"", ""n"": 20000}","{""eps"": 13, ""geometry_profile"": ""low_dim"", ""k"": 20, ""knn_backend"": ""kd_tree"", ""min_samples"": 5}",native_target_discovery_v1
ok,synthetic,moons_noise95__quality__n20000,SNN-DBSCAN,229,0.2.4,20000,2,0.0627283000012539,0.2272626999983913,4.076652499999909,254.78125,28.0546875,242.7734375,,0.2926976427335783,0.0589459988783408,458,428,0.0898947368421052,known_synthetic_noise,0.5199473684210526,0.1316526972508581,243.0,58,0,0.1,0.9,full_partition,target-discovery-v1,15,0.05,0.119,0.1908904692266768,0.05,0.4895936899317292,2,pairwise_f1,hungarian,8.5,0,486,0.17675176730803,0.1645630600250505,0.1645630600250505,0.0879,0.9715585893060296,0.0898947368421052,0.0312900153616376,0.02130870194805,0.0588617234468937,0.0879,486,macro,0,0,0.95,0.0987423344766656,0.052077623067646,0.95,458,2,0.0,0.0,2,484,0.0,0.119,0.0,0.1908904692266768,0.4895936899317292,"{""dimension"": 2, ""family"": ""moons"", ""n"": 20000}","{""eps"": 13, ""geometry_profile"": ""low_dim"", ""k"": 20, ""knn_backend"": ""kd_tree"", ""min_samples"": 5}",native_target_discovery_v1
ok,synthetic,moons_noise95__quality__n20000,SNN-DBSCAN,233,0.2.4,20000,2,0.0600092000004224,0.221998099999837,4.018304400000488,256.0234375,28.984375,250.78515625,,0.2855166738449741,0.0536988329978794,491,455,0.0948947368421052,known_synthetic_noise,0.5064473684210526,0.1343550130126671,256.5,58,0,0.1,0.9,full_partition,target-discovery-v1,15,0.05,0.103,0.1699544890132127,0.082,0.5009795278675678,2,pairwise_f1,hungarian,8.5,0,513,0.171296465640503,0.1726598036868566,0.1726598036868566,0.09425,0.956498673740053,0.0948947368421052,0.0313405981124651,0.0221117996049169,0.0537915831663326,0.09425,513,macro,0,0,0.918,0.0960502223384776,0.0506762351642285,0.918,491,2,0.0,0.0,2,511,0.0,0.103,0.0,0.1699544890132127,0.5009795278675678,"{""dimension"": 2, ""family"": ""moons"", ""n"": 20000}","{""eps"": 13, ""geometry_profile"": ""low_dim"", ""k"": 20, ""knn_backend"": ""kd_tree"", ""min_samples"": 5}",native_target_discovery_v1
ok,synthetic,moons_noise95__quality__n20000,StrataSCAN,211,0.2.4,20000,2,0.0589042000010522,0.7564998999987438,3.974118300000555,232.9140625,46.875,232.75,,0.8270417571506586,0.8816163645074605,5,5,0.9597368421052632,known_synthetic_noise,0.9493684210526316,0.8361897400358939,3.5,2,0,0.1,0.9,full_partition,target-discovery-v1,0,0.05,0.939,0.7083358934971838,0.061,0.5688293970954965,2,pairwise_f1,hungarian,1.0,0,7,0.821554853492669,0.9778528528528528,0.9778528528528528,0.9148,0.9966659379099256,0.9597368421052632,0.4721223861215597,0.3223822190955657,0.8816152304609218,0.9148,7,macro,0,0,0.939,0.6945266272189349,0.551056338028169,0.939,5,2,0.0,0.0,2,5,0.0,0.939,0.0,0.7083358934971838,0.5688293970954965,"{""dimension"": 2, ""family"": ""moons"", ""n"": 20000}","{""ambiguous_model_confirmation_tolerance"": 1e-05, ""assignment"": ""maximum_posterior_basis_then_semantic_role"", ""background_model"": ""adaptive_gamma_basis_mixture_with_largest_rate_gap"", ""background_scan"": ""adaptive_dyadic_rank_windows_with_poisson_beta_boundary_code"", ""border_rule"": ""strict_local_core_radius"", ""component_initialization"": ""compiled_split_warm_single_start_with_guarded_confirmation"", ""component_selection"": ""semantic_icl_with_adaptive_bound"", ""connectivity"": ""density_ordered_non_merging_knn_watershed"", ""core_thresholds"": ""observed_d4_event_sweep"", ""duplicate_profile_confirmation_minimum"": 3, ""duplicate_profile_confirmation_tolerance"": 1e-08, ""extraction_objective"": ""gamma_topology_description_length"", ""fit_samples"": ""all_rows"", ""gamma_tolerance"": 0.0001, ""geometry_profile"": ""low_dim"", ""hard_component_bound"": 24, ""initial_component_bound"": 8, ""k"": 32, ""knn_backend"": ""kd_tree"", ""shell_ranks"": [4, 8, 16, 32], ""stratification_model"": ""adaptive_gamma_density_basis_with_semantic_background"", ""version"": ""0.2.3""}",native_target_discovery_v1
ok,synthetic,moons_noise95__quality__n20000,StrataSCAN,223,0.2.4,20000,2,0.0585960000007617,0.7134721999991598,3.891230999999607,232.69921875,46.21484375,232.54296875,,0.6486246194782417,0.6191761644094728,1,1,0.9657894736842104,known_synthetic_noise,0.9368947368421052,0.8450561575372098,2.0,3,0,0.1,0.9,full_partition,target-discovery-v1,1,0.05,0.718,0.631608383854525,0.092,0.5821318142098542,2,pairwise_f1,hungarian,1.5,0,4,0.7682032900062923,0.9801826825490092,0.9801826825490092,0.9221,0.995011387051296,0.9657894736842104,0.4360072066373356,0.3365726692476719,0.6188296593186373,0.9221,4,macro,0,0,0.908,0.7099296325254104,0.582798459563543,0.908,1,2,0.0,0.0,2,2,0.0,0.718,0.0,0.6316083838545251,0.5821318142098542,"{""dimension"": 2, ""family"": ""moons"", ""n"": 20000}","{""ambiguous_model_confirmation_tolerance"": 1e-05, ""assignment"": ""maximum_posterior_basis_then_semantic_role"", ""background_model"": ""adaptive_gamma_basis_mixture_with_largest_rate_gap"", ""background_scan"": ""adaptive_dyadic_rank_windows_with_poisson_beta_boundary_code"", ""border_rule"": ""strict_local_core_radius"", ""component_initialization"": ""compiled_split_warm_single_start_with_guarded_confirmation"", ""component_selection"": ""semantic_icl_with_adaptive_bound"", ""connectivity"": ""density_ordered_non_merging_knn_watershed"", ""core_thresholds"": ""observed_d4_event_sweep"", ""duplicate_profile_confirmation_minimum"": 3, ""duplicate_profile_confirmation_tolerance"": 1e-08, ""extraction_objective"": ""gamma_topology_description_length"", ""fit_samples"": ""all_rows"", ""gamma_tolerance"": 0.0001, ""geometry_profile"": ""low_dim"", ""hard_component_bound"": 24, ""initial_component_bound"": 8, ""k"": 32, ""knn_backend"": ""kd_tree"", ""shell_ranks"": [4, 8, 16, 32], ""stratification_model"": ""adaptive_gamma_density_basis_with_semantic_background"", ""version"": ""0.2.3""}",native_target_discovery_v1
ok,synthetic,moons_noise95__quality__n20000,StrataSCAN,227,0.2.4,20000,2,0.0580408999994688,0.7157771000001958,3.923351300001741,234.6953125,48.31640625,234.5,,0.797328490295758,0.8517634032030833,2,2,0.9632631578947368,known_synthetic_noise,0.9431315789473684,0.8417888822883663,2.0,2,0,0.1,0.9,full_partition,target-discovery-v1,0,0.05,0.923,0.7075565610859729,0.077,0.5736627008652657,2,pairwise_f1,hungarian,1.0,0,4,0.8215282719725402,0.9792664330238904,0.9792664330238904,0.91895,0.9958104358234942,0.9632631578947368,0.4743952337477091,0.3287427335699016,0.8517875751503006,0.91895,4,macro,0,0,0.923,0.7043113315528424,0.5694016039481802,0.923,2,2,0.0,0.0,2,2,0.0,0.923,0.0,0.7075565610859729,0.5736627008652658,"{""dimension"": 2, ""family"": ""moons"", ""n"": 20000}","{""ambiguous_model_confirmation_tolerance"": 1e-05, ""assignment"": ""maximum_posterior_basis_then_semantic_role"", ""background_model"": ""adaptive_gamma_basis_mixture_with_largest_rate_gap"", ""background_scan"": ""adaptive_dyadic_rank_windows_with_poisson_beta_boundary_code"", ""border_rule"": ""strict_local_core_radius"", ""component_initialization"": ""compiled_split_warm_single_start_with_guarded_confirmation"", ""component_selection"": ""semantic_icl_with_adaptive_bound"", ""connectivity"": ""density_ordered_non_merging_knn_watershed"", ""core_thresholds"": ""observed_d4_event_sweep"", ""duplicate_profile_confirmation_minimum"": 3, ""duplicate_profile_confirmation_tolerance"": 1e-08, ""extraction_objective"": ""gamma_topology_description_length"", ""fit_samples"": ""all_rows"", ""gamma_tolerance"": 0.0001, ""geometry_profile"": ""low_dim"", ""hard_component_bound"": 24, ""initial_component_bound"": 8, ""k"": 32, ""knn_backend"": ""kd_tree"", ""shell_ranks"": [4, 8, 16, 32], ""stratification_model"": ""adaptive_gamma_density_basis_with_semantic_background"", ""version"": ""0.2.3""}",native_target_discovery_v1
ok,synthetic,moons_noise95__quality__n20000,StrataSCAN,229,0.2.4,20000,2,0.0630345999998098,0.7245113999997557,3.933997699999964,234.16796875,48.06640625,232.73828125,,0.7713477379051513,0.8228062615741745,4,4,0.9627368421052632,known_synthetic_noise,0.9348684210526316,0.8361322715345543,3.0,2,0,0.1,0.9,full_partition,target-discovery-v1,0,0.05,0.907,0.7014509138873186,0.093,0.5719049474713896,2,pairwise_f1,hungarian,1.0,0,6,0.8171565876008375,0.978574294503143,0.978574294503143,0.91925,0.9949415284199076,0.9627368421052632,0.4676101391969434,0.326646729935813,0.8226012024048096,0.91925,6,macro,0,0,0.907,0.6936902485659656,0.561609907120743,0.907,4,2,0.0,0.0,2,4,0.0,0.907,0.0,0.7014509138873186,0.5719049474713896,"{""dimension"": 2, ""family"": ""moons"", ""n"": 20000}","{""ambiguous_model_confirmation_tolerance"": 1e-05, ""assignment"": ""maximum_posterior_basis_then_semantic_role"", ""background_model"": ""adaptive_gamma_basis_mixture_with_largest_rate_gap"", ""background_scan"": ""adaptive_dyadic_rank_windows_with_poisson_beta_boundary_code"", ""border_rule"": ""strict_local_core_radius"", ""component_initialization"": ""compiled_split_warm_single_start_with_guarded_confirmation"", ""component_selection"": ""semantic_icl_with_adaptive_bound"", ""connectivity"": ""density_ordered_non_merging_knn_watershed"", ""core_thresholds"": ""observed_d4_event_sweep"", ""duplicate_profile_confirmation_minimum"": 3, ""duplicate_profile_confirmation_tolerance"": 1e-08, ""extraction_objective"": ""gamma_topology_description_length"", ""fit_samples"": ""all_rows"", ""gamma_tolerance"": 0.0001, ""geometry_profile"": ""low_dim"", ""hard_component_bound"": 24, ""initial_component_bound"": 8, ""k"": 32, ""knn_backend"": ""kd_tree"", ""shell_ranks"": [4, 8, 16, 32], ""stratification_model"": ""adaptive_gamma_density_basis_with_semantic_background"", ""version"": ""0.2.3""}",native_target_discovery_v1
ok,synthetic,moons_noise95__quality__n20000,StrataSCAN,233,0.2.4,20000,2,0.0690525999998499,0.7701597999985097,4.115089299999454,234.0703125,47.6796875,232.26953125,,0.756678141062703,0.8062845924608385,5,5,0.9650526315789474,known_synthetic_noise,0.9315263157894738,0.8402771687389139,3.5,2,0,0.1,0.9,full_partition,target-discovery-v1,0,0.05,0.898,0.7149714688279444,0.102,0.5945814937115999,2,pairwise_f1,hungarian,1.0,0,7,0.8266016680646433,0.9795395053154548,0.9795395053154548,0.9219,0.9944679466319556,0.9650526315789474,0.4884830897931679,0.3503845048465899,0.8062565130260521,0.9219,7,macro,0,0,0.898,0.701014832162373,0.5749039692701664,0.898,5,2,0.0,0.0,2,5,0.0,0.898,0.0,0.7149714688279444,0.5945814937115997,"{""dimension"": 2, ""family"": ""moons"", ""n"": 20000}","{""ambiguous_model_confirmation_tolerance"": 1e-05, ""assignment"": ""maximum_posterior_basis_then_semantic_role"", ""background_model"": ""adaptive_gamma_basis_mixture_with_largest_rate_gap"", ""background_scan"": ""adaptive_dyadic_rank_windows_with_poisson_beta_boundary_code"", ""border_rule"": ""strict_local_core_radius"", ""component_initialization"": ""compiled_split_warm_single_start_with_guarded_confirmation"", ""component_selection"": ""semantic_icl_with_adaptive_bound"", ""connectivity"": ""density_ordered_non_merging_knn_watershed"", ""core_thresholds"": ""observed_d4_event_sweep"", ""duplicate_profile_confirmation_minimum"": 3, ""duplicate_profile_confirmation_tolerance"": 1e-08, ""extraction_objective"": ""gamma_topology_description_length"", ""fit_samples"": ""all_rows"", ""gamma_tolerance"": 0.0001, ""geometry_profile"": ""low_dim"", ""hard_component_bound"": 24, ""initial_component_bound"": 8, ""k"": 32, ""knn_backend"": ""kd_tree"", ""shell_ranks"": [4, 8, 16, 32], ""stratification_model"": ""adaptive_gamma_density_basis_with_semantic_background"", ""version"": ""0.2.3""}",native_target_discovery_v1
ok,synthetic,moons_noise95__quality__n20000,VDBSCAN-2007,211,0.2.4,20000,2,0.066652299999987,0.2953489999999874,3.3467736000002333,192.890625,6.9296875,191.63671875,,0.1282878853318358,0.0026009927401626,148,132,0.0168947368421052,known_synthetic_noise,0.5074473684210526,0.0648785167642751,97.0,62,0,0.1,0.9,full_partition,target-discovery-v1,0,0.05,0.391,0.050896974851674,0.002,0.4103414042248083,2,pairwise_f1,hungarian,1.0,1,194,0.0402045090976564,0.0332246545567458,0.0332246545567458,0.01615,0.9938080495356038,0.0168947368421052,0.0016447484417214,0.000823622505808,0.5426052104208416,0.01615,194,macro,0,0,0.998,0.0965323789718044,0.0507191136860293,0.998,148,2,0.0,0.0,2,192,0.0,0.391,0.0,0.050896974851674,0.4103414042248083,"{""dimension"": 2, ""family"": ""moons"", ""n"": 20000}","{""eps_values"": [0.02605295181274414, 0.0771554633975029, 0.09514636546373367], ""geometry_profile"": ""low_dim"", ""knee_prominence"": 0.03, ""knn_backend"": ""kd_tree"", ""max_eps_values"": 3, ""min_samples"": 5}",native_target_discovery_v1
ok,synthetic,moons_noise95__quality__n20000,VDBSCAN-2007,223,0.2.4,20000,2,0.0592352999992726,0.3054904999989958,3.4319634000003134,194.5,8.2578125,194.5,,0.1407643090088021,0.0033801968833616,136,117,0.0160526315789473,known_synthetic_noise,0.5075263157894737,0.0640730597304908,92.0,67,0,0.1,0.9,full_partition,target-discovery-v1,0,0.05,0.0289999999999999,0.0557519232482846,0.001,0.7678571428571428,2,pairwise_f1,hungarian,1.0,1,184,0.0403341431373303,0.0315963949031389,0.0315963949031389,0.0153,0.9967320261437908,0.0160526315789473,0.0015083412729312,0.0007553623691775,0.4780200400801603,0.0153,184,macro,0,0,0.999,0.0965497245578428,0.0507261094749669,0.999,136,2,0.0,0.0,2,182,0.0,0.029,0.0,0.0557519232482846,0.7678571428571429,"{""dimension"": 2, ""family"": ""moons"", ""n"": 20000}","{""eps_values"": [0.026483042165637016, 0.07791902869939804, 0.09543535858392715], ""geometry_profile"": ""low_dim"", ""knee_prominence"": 0.03, ""knn_backend"": ""kd_tree"", ""max_eps_values"": 3, ""min_samples"": 5}",native_target_discovery_v1
ok,synthetic,moons_noise95__quality__n20000,VDBSCAN-2007,227,0.2.4,20000,2,0.0598607000010815,0.2029261999996379,3.2529489999997168,192.9375,7.00390625,192.78515625,,0.0,0.0,64,63,0.0187894736842105,known_synthetic_noise,0.5093947368421052,0.0668855118699928,32.0,1,0,0.1,0.9,full_partition,target-discovery-v1,0,0.05,0.5,0.0259282306575399,0.0,0.0133091993185689,1,pairwise_f1,hungarian,1.0,1,64,0.0304512984791922,0.0368858810766131,0.0368858810766131,0.01785,1.0,0.0187894736842105,0.0028244363211869,0.0014142153411812,1.0,0.01785,64,macro,0,0,1.0,0.0968851426633725,0.0509087206638497,1.0,64,2,0.0,0.0,2,63,0.0,0.5,0.0,0.0259282306575399,0.0133091993185689,"{""dimension"": 2, ""family"": ""moons"", ""n"": 20000}","{""eps_values"": [0.07823063433170319, 0.09696086496114731], ""geometry_profile"": ""low_dim"", ""knee_prominence"": 0.03, ""knn_backend"": ""kd_tree"", ""max_eps_values"": 3, ""min_samples"": 5}",native_target_discovery_v1
ok,synthetic,moons_noise95__quality__n20000,VDBSCAN-2007,229,0.2.4,20000,2,0.0609720000011293,0.2027459000000817,3.297207300000082,192.92578125,6.7109375,191.6015625,,0.0,0.0,57,56,0.0156842105263157,known_synthetic_noise,0.5078421052631579,0.0637465263579382,28.5,1,0,0.1,0.9,full_partition,target-discovery-v1,0,0.05,0.5,0.0262563671690384,0.0,0.0134821765625842,1,pairwise_f1,hungarian,1.0,1,57,0.028382806724325,0.0308840294331018,0.0308840294331018,0.0149,1.0,0.0156842105263157,0.0028967491891105,0.0014504754263127,1.0,0.0149,57,macro,0,0,1.0,0.0966090232827746,0.0507562683991472,1.0,57,2,0.0,0.0,2,56,0.0,0.5,0.0,0.0262563671690384,0.0134821765625842,"{""dimension"": 2, ""family"": ""moons"", ""n"": 20000}","{""eps_values"": [0.07814033329486847, 0.09684634953737259], ""geometry_profile"": ""low_dim"", ""knee_prominence"": 0.03, ""knn_backend"": ""kd_tree"", ""max_eps_values"": 3, ""min_samples"": 5}",native_target_discovery_v1
ok,synthetic,moons_noise95__quality__n20000,VDBSCAN-2007,233,0.2.4,20000,2,0.0588552999997773,0.3073941000002378,3.4124338000001444,192.34375,6.69140625,194.03125,,0.1259631958390487,0.001784556624418,157,142,0.0188421052631578,known_synthetic_noise,0.509421052631579,0.0669385641659021,98.5,55,0,0.1,0.9,full_partition,target-discovery-v1,0,0.05,0.393,0.0420088782428895,0.0,0.4336445893378504,2,pairwise_f1,hungarian,1.0,1,197,0.0393384804117527,0.0369872920756276,0.0369872920756276,0.0179,1.0,0.0188421052631578,0.001776571697459,0.0008896426881754,0.5824248496993988,0.0179,197,macro,0,0,1.0,0.0968898362561767,0.050911312493636,1.0,157,2,0.0,0.0,2,195,0.0,0.393,0.0,0.0420088782428895,0.4336445893378504,"{""dimension"": 2, ""family"": ""moons"", ""n"": 20000}","{""eps_values"": [0.026764972135424614, 0.07835804671049118, 0.09602542221546173], ""geometry_profile"": ""low_dim"", ""knee_prominence"": 0.03, ""knn_backend"": ""kd_tree"", ""max_eps_values"": 3, ""min_samples"": 5}",native_target_discovery_v1
ok,synthetic,moons_noise95__quality__n20000,kNN+Leiden,211,0.2.4,20000,2,0.0598243000004004,0.8869279000009556,4.665643399999681,287.02734375,71.03125,291.07421875,,0.4130841814435345,0.3040987627667298,24,19,0.0,known_synthetic_noise,0.5,0.0476190476190476,12.0,5,0,0.1,0.9,full_partition,target-discovery-v1,3,0.05,0.509,0.3891157429696805,0.0,0.316218296192197,2,pairwise_f1,hungarian,2.5,1,24,0.0,0.0,0.0,0.0,0.0,0.0,0.0222720420765519,0.0114448953927823,0.4126292585170341,0.0,24,macro,0,0,1.0,0.0952380952380952,0.05,1.0,24,2,0.0,0.0,2,22,0.0,0.509,0.0,0.3891157429696806,0.316218296192197,"{""dimension"": 2, ""family"": ""moons"", ""n"": 20000}","{""edge_rank"": 15, ""geometry_profile"": ""low_dim"", ""k"": 20, ""knn_backend"": ""kd_tree"", ""resolution"": 0.5, ""symmetrization"": ""union"", ""weights"": ""1/(1+d)""}",native_target_discovery_v1
ok,synthetic,moons_noise95__quality__n20000,kNN+Leiden,223,0.2.4,20000,2,0.0592292999990604,0.8468410999994376,4.728116399999635,286.2578125,70.328125,289.8828125,,0.4345779568693705,0.2500750426974539,28,21,0.0,known_synthetic_noise,0.5,0.0476190476190476,14.0,7,0,0.1,0.9,full_partition,target-discovery-v1,5,0.05,0.308,0.3591071662232302,0.0,0.4355423987776928,2,pairwise_f1,hungarian,3.5,1,28,0.0,0.0,0.0,0.0,0.0,0.0,0.0185614757240096,0.009576643111839,0.3003607214428858,0.0,28,macro,0,0,1.0,0.0952380952380952,0.05,1.0,28,2,0.0,0.0,2,26,0.0,0.308,0.0,0.3591071662232302,0.4355423987776929,"{""dimension"": 2, ""family"": ""moons"", ""n"": 20000}","{""edge_rank"": 15, ""geometry_profile"": ""low_dim"", ""k"": 20, ""knn_backend"": ""kd_tree"", ""resolution"": 0.5, ""symmetrization"": ""union"", ""weights"": ""1/(1+d)""}",native_target_discovery_v1
ok,synthetic,moons_noise95__quality__n20000,kNN+Leiden,227,0.2.4,20000,2,0.0632430999994539,0.7722264000003634,4.679640499998641,285.84375,70.16015625,291.4140625,,0.4508646465099439,0.2716095298400443,25,19,0.0,known_synthetic_noise,0.5,0.0476190476190476,12.5,6,0,0.1,0.9,full_partition,target-discovery-v1,5,0.05,0.385,0.3015429655983217,0.0,0.2532528726431227,2,pairwise_f1,hungarian,3.5,1,25,0.0,0.0,0.0,0.0,0.0,0.0,0.0185881807047746,0.0095660614408509,0.3269018036072144,0.0,25,macro,0,0,1.0,0.0952380952380952,0.05,1.0,25,2,0.0,0.0,2,23,0.0,0.385,0.0,0.3015429655983218,0.2532528726431227,"{""dimension"": 2, ""family"": ""moons"", ""n"": 20000}","{""edge_rank"": 15, ""geometry_profile"": ""low_dim"", ""k"": 20, ""knn_backend"": ""kd_tree"", ""resolution"": 0.5, ""symmetrization"": ""union"", ""weights"": ""1/(1+d)""}",native_target_discovery_v1
ok,synthetic,moons_noise95__quality__n20000,kNN+Leiden,229,0.2.4,20000,2,0.0614228000013099,1.217333200000212,4.970934399998441,286.53125,70.73046875,291.35546875,,0.3058563395031493,0.2136503701515557,27,21,0.0,known_synthetic_noise,0.5,0.0476190476190476,13.5,6,0,0.1,0.9,full_partition,target-discovery-v1,4,0.05,0.4549999999999999,0.3543852794522587,0.0,0.3031357296350041,2,pairwise_f1,hungarian,3.0,2,27,0.0,0.0,0.0,0.0,0.0,0.0,0.0249717069453027,0.0128867757269628,0.4013306613226453,0.0,27,macro,0,0,1.0,0.0952380952380952,0.05,1.0,27,2,0.0,0.0,2,25,0.0,0.455,0.0,0.3543852794522587,0.3031357296350041,"{""dimension"": 2, ""family"": ""moons"", ""n"": 20000}","{""edge_rank"": 15, ""geometry_profile"": ""low_dim"", ""k"": 20, ""knn_backend"": ""kd_tree"", ""resolution"": 0.5, ""symmetrization"": ""union"", ""weights"": ""1/(1+d)""}",native_target_discovery_v1
ok,synthetic,moons_noise95__quality__n20000,kNN+Leiden,233,0.2.4,20000,2,0.0620297000004939,1.3208001000002696,5.110045499999615,286.80859375,70.875,291.44921875,,0.4010599906681786,0.2726698148030767,26,19,0.0,known_synthetic_noise,0.5,0.0476190476190476,13.0,7,0,0.1,0.9,full_partition,target-discovery-v1,6,0.05,0.482,0.3714989368699616,0.0,0.3054686522337629,2,pairwise_f1,hungarian,4.0,1,26,0.0,0.0,0.0,0.0,0.0,0.0,0.0212237798438697,0.0109347062068881,0.3594549098196393,0.0,26,macro,0,0,1.0,0.0952380952380952,0.05,1.0,26,2,0.0,0.0,2,24,0.0,0.482,0.0,0.3714989368699616,0.305468652233763,"{""dimension"": 2, ""family"": ""moons"", ""n"": 20000}","{""edge_rank"": 15, ""geometry_profile"": ""low_dim"", ""k"": 20, ""knn_backend"": ""kd_tree"", ""resolution"": 0.5, ""symmetrization"": ""union"", ""weights"": ""1/(1+d)""}",native_target_discovery_v1
ok,synthetic,moons_noise95__quality__n20000,kNN-DBSCAN,211,0.2.4,20000,2,0.0624867999995331,0.0708300000005692,3.1610084000003558,189.15234375,2.8125,189.4453125,,0.3721030298437308,0.1887415682186935,1016,994,0.5634736842105263,known_synthetic_noise,0.7482368421052632,0.4508166452055914,518.5,43,0,0.1,0.9,full_partition,target-discovery-v1,7,0.05,0.293,0.3798603694648673,0.067,0.5677246053392843,2,pairwise_f1,hungarian,4.5,0,1037,0.4971379462691428,0.7191750915258792,0.7191750915258792,0.53865,0.993780748166713,0.5634736842105263,0.2196331670718221,0.2627636176887609,0.1886653306613226,0.53865,1037,macro,0,0,0.933,0.1824581988853036,0.1011162891514034,0.933,1016,2,0.0,0.0,2,1035,0.0,0.293,0.0,0.3798603694648673,0.5677246053392843,"{""dimension"": 2, ""family"": ""moons"", ""n"": 20000}","{""eps"": 0.046910710632801056, ""eps_quantile"": 0.25, ""geometry_profile"": ""low_dim"", ""k"": 4, ""knn_backend"": ""kd_tree"", ""min_samples"": 5}",native_target_discovery_v1
ok,synthetic,moons_noise95__quality__n20000,kNN-DBSCAN,223,0.2.4,20000,2,0.0617488000007142,0.0698704999995243,3.163756399999329,188.5234375,2.65625,188.8125,,0.3759605851806792,0.1823467003230489,1041,1018,0.5628947368421052,known_synthetic_noise,0.7524473684210526,0.4513888954716463,529.5,41,0,0.1,0.9,full_partition,target-discovery-v1,7,0.05,0.314,0.3972507457305437,0.0579999999999999,0.5845239185517599,2,pairwise_f1,hungarian,4.5,0,1059,0.5117342128018484,0.7189191005948979,0.7189191005948979,0.53765,0.9946061564214638,0.5628947368421052,0.2169406625131142,0.268668201755684,0.1819158316633266,0.53765,1059,macro,0,0,0.942,0.1838586903483946,0.1018708770412025,0.942,1041,2,0.0,0.0,2,1057,0.0,0.314,0.0,0.3972507457305438,0.5845239185517598,"{""dimension"": 2, ""family"": ""moons"", ""n"": 20000}","{""eps"": 0.04695756733417511, ""eps_quantile"": 0.25, ""geometry_profile"": ""low_dim"", ""k"": 4, ""knn_backend"": ""kd_tree"", ""min_samples"": 5}",native_target_discovery_v1
ok,synthetic,moons_noise95__quality__n20000,kNN-DBSCAN,227,0.2.4,20000,2,0.0605896999986725,0.0691673000001174,3.158158399999593,192.73828125,6.62109375,189.21484375,,0.3695938923777863,0.1659266660567558,1037,1012,0.5612105263157895,known_synthetic_noise,0.7541052631578947,0.450915051702467,528.5,45,0,0.1,0.9,full_partition,target-discovery-v1,9,0.05,0.314,0.4049221281210291,0.053,0.570718472750317,2,pairwise_f1,hungarian,5.5,0,1057,0.517728695437594,0.7176605195854086,0.7176605195854086,0.5358,0.9950541246733856,0.5612105263157895,0.206208939457733,0.2724687107032109,0.1658717434869739,0.5358,1057,macro,0,0,0.947,0.1841695838195254,0.1020034467901766,0.947,1037,2,0.0,0.0,2,1055,0.0,0.314,0.0,0.4049221281210291,0.5707184727503168,"{""dimension"": 2, ""family"": ""moons"", ""n"": 20000}","{""eps"": 0.047407619655132294, ""eps_quantile"": 0.25, ""geometry_profile"": ""low_dim"", ""k"": 4, ""knn_backend"": ""kd_tree"", ""min_samples"": 5}",native_target_discovery_v1
ok,synthetic,moons_noise95__quality__n20000,kNN-DBSCAN,229,0.2.4,20000,2,0.0583406000005197,0.0684572999998636,3.127105100000336,188.62890625,3.23046875,187.953125,,0.3909649691337181,0.2291200040970779,1001,977,0.5694736842105264,known_synthetic_noise,0.7547368421052632,0.4550005026694393,512.0,47,0,0.1,0.9,full_partition,target-discovery-v1,5,0.05,0.361,0.4325806103742047,0.06,0.5398026463332586,2,pairwise_f1,hungarian,3.5,0,1024,0.5416407729763129,0.7242302543507363,0.7242302543507363,0.544,0.9944852941176472,0.5694736842105264,0.2420797891051804,0.2568324685018481,0.2289298597194388,0.544,1024,macro,0,0,0.94,0.1857707509881423,0.1030701754385964,0.94,1001,2,0.0,0.0,2,1022,0.0,0.361,0.0,0.4325806103742047,0.5398026463332585,"{""dimension"": 2, ""family"": ""moons"", ""n"": 20000}","{""eps"": 0.04707582667469978, ""eps_quantile"": 0.25, ""geometry_profile"": ""low_dim"", ""k"": 4, ""knn_backend"": ""kd_tree"", ""min_samples"": 5}",native_target_discovery_v1
ok,synthetic,moons_noise95__quality__n20000,kNN-DBSCAN,233,0.2.4,20000,2,0.0600494999998773,0.0713580999999976,3.1785853000001225,190.09375,4.359375,188.8359375,,0.3681684038865596,0.1732068846823263,1019,995,0.5589473684210526,known_synthetic_noise,0.7414736842105263,0.4472978354572714,519.5,44,0,0.1,0.9,full_partition,target-discovery-v1,8,0.05,0.294,0.3936572681019296,0.076,0.595625727542505,2,pairwise_f1,hungarian,5.0,0,1039,0.5078207491834643,0.7152478448275863,0.7152478448275863,0.5348,0.9928945400149588,0.5589473684210526,0.213589401354491,0.2786110394635027,0.1731743486973948,0.5348,1039,macro,0,0,0.924,0.1793478260869565,0.0993121238177128,0.924,1019,2,0.0,0.0,2,1037,0.0,0.294,0.0,0.3936572681019296,0.595625727542505,"{""dimension"": 2, ""family"": ""moons"", ""n"": 20000}","{""eps"": 0.04718893766403198, ""eps_quantile"": 0.25, ""geometry_profile"": ""low_dim"", ""k"": 4, ""knn_backend"": ""kd_tree"", ""min_samples"": 5}",native_target_discovery_v1
ok,synthetic,moons_noise975__quality__n20000,AMD-DBSCAN,211,0.2.4,20000,2,0.0584314000006997,5.262568099999044,8.445394700000179,6289.98046875,6103.6484375,6289.98046875,,0.0,0.0,1,0,0.0,known_synthetic_noise,0.5,0.024390243902439,0.5,1,0,0.1,0.9,full_partition,target-discovery-v1,0,0.05,0.5,0.0123456790123456,0.0,0.00625,1,pairwise_f1,hungarian,1.0,1,1,0.0,0.0,0.0,0.0,0.0,0.0,0.0006223374143505,0.0003112655632781,1.0,0.0,1,macro,0,0,1.0,0.048780487804878,0.025,1.0,1,2,0.0,0.0,2,0,0.0,0.5,0.0,0.0123456790123456,0.00625,"{""dimension"": 2, ""family"": ""moons"", ""n"": 20000}","{""adaptive_rank"": 71, ""balance_rounds"": 3, ""eps_values"": [0.22525104795348058, 0.2562201946399722, 0.27432143001541825], ""geometry_profile"": ""low_dim"", ""knn_backend"": ""kd_tree"", ""n_density_levels"": 3}",native_target_discovery_v1
ok,synthetic,moons_noise975__quality__n20000,AMD-DBSCAN,223,0.2.4,20000,2,0.0584089000003587,5.332563100000698,8.632234500000777,6289.703125,6103.66796875,6289.68359375,,0.0,0.0,1,0,0.0,known_synthetic_noise,0.5,0.024390243902439,0.5,1,0,0.1,0.9,full_partition,target-discovery-v1,0,0.05,0.5,0.0123456790123456,0.0,0.00625,1,pairwise_f1,hungarian,1.0,1,1,0.0,0.0,0.0,0.0,0.0,0.0,0.0006223374143505,0.0003112655632781,1.0,0.0,1,macro,0,0,1.0,0.048780487804878,0.025,1.0,1,2,0.0,0.0,2,0,0.0,0.5,0.0,0.0123456790123456,0.00625,"{""dimension"": 2, ""family"": ""moons"", ""n"": 20000}","{""adaptive_rank"": 71, ""balance_rounds"": 3, ""eps_values"": [0.22728168190889744, 0.2580681493600041, 0.277861752031319], ""geometry_profile"": ""low_dim"", ""knn_backend"": ""kd_tree"", ""n_density_levels"": 3}",native_target_discovery_v1
ok,synthetic,moons_noise975__quality__n20000,AMD-DBSCAN,227,0.2.4,20000,2,0.0608418000010715,5.227833999999348,8.437240499999461,6289.734375,6103.64453125,6289.734375,,0.0,0.0,1,0,0.0,known_synthetic_noise,0.5,0.024390243902439,0.5,1,0,0.1,0.9,full_partition,target-discovery-v1,0,0.05,0.5,0.0123456790123456,0.0,0.00625,1,pairwise_f1,hungarian,1.0,1,1,0.0,0.0,0.0,0.0,0.0,0.0,0.0006223374143505,0.0003112655632781,1.0,0.0,1,macro,0,0,1.0,0.048780487804878,0.025,1.0,1,2,0.0,0.0,2,0,0.0,0.5,0.0,0.0123456790123456,0.00625,"{""dimension"": 2, ""family"": ""moons"", ""n"": 20000}","{""adaptive_rank"": 71, ""balance_rounds"": 3, ""eps_values"": [0.22479960876407748, 0.25690437033281205, 0.27524380806775295], ""geometry_profile"": ""low_dim"", ""knn_backend"": ""kd_tree"", ""n_density_levels"": 3}",native_target_discovery_v1
ok,synthetic,moons_noise975__quality__n20000,AMD-DBSCAN,229,0.2.4,20000,2,0.0593487000005552,5.324445399999604,8.532412299999123,6289.84375,6103.64453125,6289.84375,,0.0,0.0,1,0,0.0,known_synthetic_noise,0.5,0.024390243902439,0.5,1,0,0.1,0.9,full_partition,target-discovery-v1,0,0.05,0.5,0.0123456790123456,0.0,0.00625,1,pairwise_f1,hungarian,1.0,1,1,0.0,0.0,0.0,0.0,0.0,0.0,0.0006223374143505,0.0003112655632781,1.0,0.0,1,macro,0,0,1.0,0.048780487804878,0.025,1.0,1,2,0.0,0.0,2,0,0.0,0.5,0.0,0.0123456790123456,0.00625,"{""dimension"": 2, ""family"": ""moons"", ""n"": 20000}","{""adaptive_rank"": 71, ""balance_rounds"": 3, ""eps_values"": [0.22398867477162993, 0.25752482043704017, 0.2767825029965699], ""geometry_profile"": ""low_dim"", ""knn_backend"": ""kd_tree"", ""n_density_levels"": 3}",native_target_discovery_v1
ok,synthetic,moons_noise975__quality__n20000,AMD-DBSCAN,233,0.2.4,20000,2,0.0588033000003633,5.267299099999946,8.437834199999998,6289.98828125,6103.64453125,6289.98828125,,0.0,0.0,1,0,0.0,known_synthetic_noise,0.5,0.024390243902439,0.5,1,0,0.1,0.9,full_partition,target-discovery-v1,0,0.05,0.5,0.0123456790123456,0.0,0.00625,1,pairwise_f1,hungarian,1.0,1,1,0.0,0.0,0.0,0.0,0.0,0.0,0.0006223374143505,0.0003112655632781,1.0,0.0,1,macro,0,0,1.0,0.048780487804878,0.025,1.0,1,2,0.0,0.0,2,0,0.0,0.5,0.0,0.0123456790123456,0.00625,"{""dimension"": 2, ""family"": ""moons"", ""n"": 20000}","{""adaptive_rank"": 71, ""balance_rounds"": 3, ""eps_values"": [0.22576591321824127, 0.2567951925063886, 0.2747371492364937], ""geometry_profile"": ""low_dim"", ""knn_backend"": ""kd_tree"", ""n_density_levels"": 3}",native_target_discovery_v1
ok,synthetic,moons_noise975__quality__n20000,DBSCAN,211,0.2.4,20000,2,0.0634358999996038,0.1907291000006807,3.546641400000226,191.4609375,5.5078125,191.078125,,0.3160556163840308,0.1088229454392522,1205,1171,0.3382051282051282,known_synthetic_noise,0.6321025641025642,0.2857587828932308,606.5,42,0,0.1,0.9,full_partition,target-discovery-v1,10,0.05,0.226,0.270961145194274,0.074,0.4000234962406015,2,pairwise_f1,hungarian,6.0,0,1213,0.3526239861183972,0.5047451400581663,0.5047451400581663,0.3316,0.9944209891435464,0.3382051282051282,0.067327286530547,0.048852615861879,0.1082730923694779,0.3316,1213,macro,0,0,0.926,0.0667724257282953,0.0346349491322561,0.926,1205,2,0.0,0.0,2,1211,0.0,0.226,0.0,0.270961145194274,0.4000234962406015,"{""dimension"": 2, ""family"": ""moons"", ""n"": 20000}","{""base_eps"": 0.07625202089548111, ""eps"": 0.053376414626836774, ""eps_multiplier"": 0.7, ""geometry_profile"": ""low_dim"", ""knn_backend"": ""kd_tree"", ""min_samples"": 5}",native_target_discovery_v1
ok,synthetic,moons_noise975__quality__n20000,DBSCAN,223,0.2.4,20000,2,0.0647881000004417,0.1954349000006914,3.4466002000008302,191.58984375,5.3125,191.4765625,,0.3308177683102224,0.1364987403620292,1197,1164,0.3382051282051282,known_synthetic_noise,0.6291025641025642,0.2855206650867078,602.5,41,0,0.1,0.9,full_partition,target-discovery-v1,10,0.05,0.29,0.3272166070914992,0.0799999999999999,0.3765975536174647,2,pairwise_f1,hungarian,6.0,0,1205,0.3970219440196296,0.5046872010713602,0.5046872010713602,0.33175,0.9939713639788996,0.3382051282051282,0.0803211711967315,0.0569136745607333,0.136433734939759,0.33175,1205,macro,0,0,0.92,0.0663541291020555,0.0344182566404788,0.92,1197,2,0.0,0.0,2,1203,0.0,0.29,0.0,0.3272166070914992,0.3765975536174648,"{""dimension"": 2, ""family"": ""moons"", ""n"": 20000}","{""base_eps"": 0.07695057988166809, ""eps"": 0.05386540591716766, ""eps_multiplier"": 0.7, ""geometry_profile"": ""low_dim"", ""knn_backend"": ""kd_tree"", ""min_samples"": 5}",native_target_discovery_v1
ok,synthetic,moons_noise975__quality__n20000,DBSCAN,227,0.2.4,20000,2,0.0609918999998626,0.182807799999864,3.295045500000924,192.8671875,6.74609375,190.82421875,,0.3213924528296402,0.107944427645333,1234,1194,0.3371282051282051,known_synthetic_noise,0.6435641025641026,0.2860572490631458,619.5,45,0,0.1,0.9,full_partition,target-discovery-v1,11,0.05,0.222,0.2719183316956,0.05,0.3541597544790975,2,pairwise_f1,hungarian,6.5,0,1239,0.3531951746968618,0.5037740909613395,0.5037740909613395,0.32995,0.996211547204122,0.3371282051282051,0.0685567852329807,0.0502446762342307,0.1078714859437751,0.32995,1239,macro,0,0,0.95,0.0683404071649521,0.0354451160361167,0.95,1234,2,0.0,0.0,2,1237,0.0,0.222,0.0,0.2719183316956,0.3541597544790976,"{""dimension"": 2, ""family"": ""moons"", ""n"": 20000}","{""base_eps"": 0.07639972865581512, ""eps"": 0.053479810059070584, ""eps_multiplier"": 0.7, ""geometry_profile"": ""low_dim"", ""knn_backend"": ""kd_tree"", ""min_samples"": 5}",native_target_discovery_v1
ok,synthetic,moons_noise975__quality__n20000,DBSCAN,229,0.2.4,20000,2,0.0619160999995074,0.180884800000058,3.2978652000001603,192.8359375,6.7734375,192.8359375,,0.3621462601664328,0.1555553753347039,1181,1152,0.3379487179487179,known_synthetic_noise,0.634974358974359,0.2858416248312426,591.5,31,0,0.1,0.9,full_partition,target-discovery-v1,9,0.05,0.292,0.3112449799196787,0.068,0.3434723171565277,2,pairwise_f1,hungarian,5.5,0,1183,0.3849857625559934,0.5045169193079162,0.5045169193079162,0.3312,0.994867149758454,0.3379487179487179,0.081798812966063,0.0555058345667963,0.1554216867469879,0.3312,1183,macro,0,0,0.932,0.067166330354569,0.0348385167464114,0.932,1181,2,0.0,0.0,2,1181,0.0,0.292,0.0,0.3112449799196787,0.3434723171565276,"{""dimension"": 2, ""family"": ""moons"", ""n"": 20000}","{""base_eps"": 0.07695958763360977, ""eps"": 0.053871711343526835, ""eps_multiplier"": 0.7, ""geometry_profile"": ""low_dim"", ""knn_backend"": ""kd_tree"", ""min_samples"": 5}",native_target_discovery_v1
ok,synthetic,moons_noise975__quality__n20000,DBSCAN,233,0.2.4,20000,2,0.0591499000001931,0.1826956999993854,3.3069121000007726,190.06640625,4.03515625,190.390625,,0.3367789666138964,0.1313618218404736,1187,1154,0.3353846153846154,known_synthetic_noise,0.6326923076923077,0.2842081345931068,597.0,40,0,0.1,0.9,full_partition,target-discovery-v1,9,0.05,0.252,0.2997005920623129,0.07,0.3726699561403508,2,pairwise_f1,hungarian,5.5,0,1194,0.3752229100281405,0.5016299137104506,0.5016299137104506,0.32875,0.9946768060836502,0.3353846153846154,0.0757848115340424,0.0532493912681154,0.1313895582329317,0.32875,1194,macro,0,0,0.93,0.066786355475763,0.0346368715083798,0.93,1187,2,0.0,0.0,2,1192,0.0,0.252,0.0,0.2997005920623129,0.3726699561403509,"{""dimension"": 2, ""family"": ""moons"", ""n"": 20000}","{""base_eps"": 0.07638313621282578, ""eps"": 0.05346819534897804, ""eps_multiplier"": 0.7, ""geometry_profile"": ""low_dim"", ""knn_backend"": ""kd_tree"", ""min_samples"": 5}",native_target_discovery_v1
ok,synthetic,moons_noise975__quality__n20000,HDBSCAN,211,0.2.4,20000,2,0.0695052999999461,2.9704093000000285,6.080878599999778,191.13671875,5.38671875,191.6015625,,0.3450618188596644,0.1292744921653685,130,113,0.392,known_synthetic_noise,0.601,0.3123643667698179,65.0,17,0,0.1,0.9,full_partition,target-discovery-v1,10,0.05,0.262,0.3171720061022121,0.19,0.4211370742142504,2,pairwise_f1,hungarian,6.0,0,130,0.4053023601781507,0.5612540842174824,0.5612540842174824,0.38695,0.98772451221088,0.392,0.0171418286457579,0.0092035415019013,0.1246907630522088,0.38695,130,macro,0,0,0.81,0.0634746493221534,0.0330315634940053,0.81,130,2,0.0,0.0,2,128,0.0,0.262,0.0,0.3171720061022121,0.4211370742142504,"{""dimension"": 2, ""family"": ""moons"", ""n"": 20000}","{""geometry_profile"": ""low_dim"", ""knn_backend"": ""kd_tree"", ""min_cluster_size"": 40, ""min_samples"": 5}",native_target_discovery_v1
ok,synthetic,moons_noise975__quality__n20000,HDBSCAN,223,0.2.4,20000,2,0.0590729000014107,2.9756414000003133,6.084257200000138,190.5078125,4.19140625,190.82421875,,0.4977471097306353,0.4535735618137729,114,105,0.4034871794871795,known_synthetic_noise,0.6367435897435898,0.3214223256075174,57.0,9,0,0.1,0.9,full_partition,target-discovery-v1,4,0.05,0.558,0.3330053353443374,0.13,0.300589836660617,2,pairwise_f1,hungarian,3.0,0,114,0.4213824372661371,0.5736157182954836,0.5736157182954836,0.39665,0.9918063784192612,0.4034871794871795,0.0442176790216992,0.0232511235885113,0.4500240963855422,0.39665,114,macro,0,0,0.87,0.0692289329195512,0.0360487279356923,0.87,114,2,0.0,0.0,2,112,0.0,0.558,0.0,0.3330053353443373,0.300589836660617,"{""dimension"": 2, ""family"": ""moons"", ""n"": 20000}","{""geometry_profile"": ""low_dim"", ""knn_backend"": ""kd_tree"", ""min_cluster_size"": 40, ""min_samples"": 5}",native_target_discovery_v1
ok,synthetic,moons_noise975__quality__n20000,HDBSCAN,227,0.2.4,20000,2,0.0592974999999569,2.937299199998961,5.961428399999932,191.14453125,5.2265625,191.1796875,,0.3300578461086694,0.0992065878741217,138,123,0.4128717948717949,known_synthetic_noise,0.5934358974358974,0.3223996462272112,69.0,15,0,0.1,0.9,full_partition,target-discovery-v1,11,0.05,0.184,0.2421052631578947,0.2259999999999999,0.3538461538461538,2,pairwise_f1,hungarian,6.5,0,138,0.3419690650159144,0.5820561017929439,0.5820561017929439,0.4082,0.986158745712886,0.4128717948717949,0.0169821765247511,0.0092828660193476,0.0995502008032128,0.4082,138,macro,0,0,0.774,0.0627431906614786,0.0326968570462994,0.774,138,2,0.0,0.0,2,136,0.0,0.184,0.0,0.2421052631578947,0.3538461538461538,"{""dimension"": 2, ""family"": ""moons"", ""n"": 20000}","{""geometry_profile"": ""low_dim"", ""knn_backend"": ""kd_tree"", ""min_cluster_size"": 40, ""min_samples"": 5}",native_target_discovery_v1
ok,synthetic,moons_noise975__quality__n20000,HDBSCAN,229,0.2.4,20000,2,0.0571669999990263,2.939685899998949,5.956927499999438,190.98046875,4.5078125,191.23828125,,-0.0026209699778925,-3.18091359493932e-05,2,1,0.0787179487179487,known_synthetic_noise,0.5363589743589744,0.0991735247981315,1.0,1,0,0.1,0.9,full_partition,target-discovery-v1,0,0.05,0.498,0.013351922355086,0.006,0.0067666721017446,1,pairwise_f1,hungarian,1.0,1,2,0.0244653252829228,0.1459264188611085,0.1459264188611085,0.0769,0.9980494148244472,0.0787179487179487,0.0007264969713188,0.0003633820846936,0.988016064257028,0.0769,2,macro,0,0,0.994,0.0524206307351545,0.0269201603293251,0.994,2,2,0.0,0.0,2,1,0.0,0.498,0.0,0.013351922355086,0.0067666721017446,"{""dimension"": 2, ""family"": ""moons"", ""n"": 20000}","{""geometry_profile"": ""low_dim"", ""knn_backend"": ""kd_tree"", ""min_cluster_size"": 40, ""min_samples"": 5}",native_target_discovery_v1
ok,synthetic,moons_noise975__quality__n20000,HDBSCAN,233,0.2.4,20000,2,0.0585816000002523,2.923154500000237,5.957250700001168,190.58203125,4.984375,192.15625,,0.4007759073764564,0.2129092644470441,116,105,0.4034358974358974,known_synthetic_noise,0.6327179487179487,0.3210444112381666,58.0,11,0,0.1,0.9,full_partition,target-discovery-v1,8,0.05,0.378,0.3463042614200948,0.138,0.3266934081055118,2,pairwise_f1,hungarian,5.0,0,116,0.4318373103253062,0.5734800991398162,0.5734800991398162,0.3968,0.9913054435483872,0.4034358974358974,0.0291784197279675,0.0156626762361351,0.212867469879518,0.3968,116,macro,0,0,0.862,0.068608723336517,0.0357261273209549,0.862,116,2,0.0,0.0,2,114,0.0,0.378,0.0,0.3463042614200948,0.3266934081055119,"{""dimension"": 2, ""family"": ""moons"", ""n"": 20000}","{""geometry_profile"": ""low_dim"", ""knn_backend"": ""kd_tree"", ""min_cluster_size"": 40, ""min_samples"": 5}",native_target_discovery_v1
ok,synthetic,moons_noise975__quality__n20000,OPTICS,211,0.2.4,20000,2,0.0580637000002752,15.999983300000167,19.01578830000108,190.3046875,4.01953125,192.2890625,,0.1606234961058081,0.0241072408419129,5,3,0.9889743589743588,known_synthetic_noise,0.5674871794871794,0.5844533243992955,3.0,3,0,0.1,0.9,full_partition,target-discovery-v1,1,0.05,0.106,0.1694618009976372,0.8540000000000001,0.4475968992248061,2,pairwise_f1,hungarian,1.5,0,6,0.2891142716263882,0.983627460981332,0.983627460981332,0.9856,0.9783380681818182,0.9889743589743588,0.0265430677107323,0.1276654666297424,0.0148112449799196,0.9856,6,macro,0,0,0.146,0.1852791878172588,0.2534722222222222,0.146,5,2,0.0,0.0,2,4,0.0,0.106,0.0,0.1694618009976372,0.4475968992248061,"{""dimension"": 2, ""family"": ""moons"", ""n"": 20000}","{""geometry_profile"": ""low_dim"", ""knn_backend"": ""kd_tree"", ""max_eps"": 0.09148071706295013, ""max_eps_quantile"": 0.98, ""min_cluster_size"": 40, ""min_samples"": 5, ""xi"": 0.1}",native_target_discovery_v1
ok,synthetic,moons_noise975__quality__n20000,OPTICS,223,0.2.4,20000,2,0.0625952000009419,15.845142500000293,18.93854090000059,189.984375,4.02734375,190.1640625,,0.0581382374681794,0.004907176742779,2,1,0.9963589743589744,known_synthetic_noise,0.5161794871794871,0.5235444638774546,1.0,1,0,0.1,0.9,full_partition,target-discovery-v1,0,0.05,0.036,0.0610169491525423,0.964,0.2,1,pairwise_f1,hungarian,0.5,0,2,0.1149219207742562,0.9859683844611912,0.9859683844611912,0.99555,0.975792275626538,0.9963589743589744,0.0047673947589817,0.0790289256198347,0.0024578313253012,0.99555,2,macro,0,0,0.036,0.0611205432937181,0.2022471910112359,0.036,2,2,0.0,0.0,2,1,0.0,0.036,0.0,0.0610169491525423,0.2,"{""dimension"": 2, ""family"": ""moons"", ""n"": 20000}","{""geometry_profile"": ""low_dim"", ""knn_backend"": ""kd_tree"", ""max_eps"": 0.092486672103405, ""max_eps_quantile"": 0.98, ""min_cluster_size"": 40, ""min_samples"": 5, ""xi"": 0.1}",native_target_discovery_v1
ok,synthetic,moons_noise975__quality__n20000,OPTICS,227,0.2.4,20000,2,0.0576362000010703,15.795138900000891,18.822083099999876,191.46484375,5.5625,191.5078125,,0.0,0.0,3,3,0.9913846153846154,known_synthetic_noise,0.4956923076923077,0.4915081867181938,1.5,0,0,0.1,0.9,full_partition,target-discovery-v1,0,0.05,0.0,0.0,1.0,0.0,0,pairwise_f1,hungarian,0.0,0,3,0.0,0.9830163734363876,0.9830163734363876,0.9916,0.9747882210568778,0.9913846153846154,0.0,0.0,0.0,0.9916,3,macro,0,0,0.0,0.0,0.0,0.0,3,2,0.0,0.0,2,3,0.0,0.0,0.0,0.0,0.0,"{""dimension"": 2, ""family"": ""moons"", ""n"": 20000}","{""geometry_profile"": ""low_dim"", ""knn_backend"": ""kd_tree"", ""max_eps"": 0.09249420464038849, ""max_eps_quantile"": 0.98, ""min_cluster_size"": 40, ""min_samples"": 5, ""xi"": 0.1}",native_target_discovery_v1
ok,synthetic,moons_noise975__quality__n20000,OPTICS,229,0.2.4,20000,2,0.0597206999991613,15.794309599999906,18.85846709999896,190.06640625,4.17578125,190.1484375,,0.0,0.0,2,2,0.9952307692307693,known_synthetic_noise,0.4976153846153846,0.4924759560484178,1.0,0,0,0.1,0.9,full_partition,target-discovery-v1,0,0.05,0.0,0.0,1.0,0.0,0,pairwise_f1,hungarian,0.0,0,2,0.0,0.9849519120968356,0.9849519120968356,0.99535,0.9748832069121416,0.9952307692307693,0.0,0.0,0.0,0.99535,2,macro,0,0,0.0,0.0,0.0,0.0,2,2,0.0,0.0,2,2,0.0,0.0,0.0,0.0,0.0,"{""dimension"": 2, ""family"": ""moons"", ""n"": 20000}","{""geometry_profile"": ""low_dim"", ""knn_backend"": ""kd_tree"", ""max_eps"": 0.09259667992591858, ""max_eps_quantile"": 0.98, ""min_cluster_size"": 40, ""min_samples"": 5, ""xi"": 0.1}",native_target_discovery_v1
ok,synthetic,moons_noise975__quality__n20000,OPTICS,233,0.2.4,20000,2,0.0581824999990203,15.925588000000062,18.96419160000005,192.43359375,6.61328125,192.43359375,,0.0,0.0,3,3,0.9933333333333332,known_synthetic_noise,0.4966666666666666,0.491998983997968,1.5,0,0,0.1,0.9,full_partition,target-discovery-v1,0,0.05,0.0,0.0,1.0,0.0,0,pairwise_f1,hungarian,0.0,0,3,0.0,0.983997967995936,0.983997967995936,0.9935,0.9748364368394564,0.9933333333333332,0.0,0.0,0.0,0.9935,3,macro,0,0,0.0,0.0,0.0,0.0,3,2,0.0,0.0,2,3,0.0,0.0,0.0,0.0,0.0,"{""dimension"": 2, ""family"": ""moons"", ""n"": 20000}","{""geometry_profile"": ""low_dim"", ""knn_backend"": ""kd_tree"", ""max_eps"": 0.09204954653978348, ""max_eps_quantile"": 0.98, ""min_cluster_size"": 40, ""min_samples"": 5, ""xi"": 0.1}",native_target_discovery_v1
ok,synthetic,moons_noise975__quality__n20000,SNN-DBSCAN,211,0.2.4,20000,2,0.0577907999995659,0.2269040999999561,3.98081700000148,252.46875,25.64453125,246.359375,,0.2740770197997703,0.0518457892416403,521,477,0.092051282051282,known_synthetic_noise,0.496025641025641,0.1082168549902468,263.5,50,0,0.1,0.9,full_partition,target-discovery-v1,10,0.05,0.12,0.1830762038335671,0.1,0.4017543859649123,2,pairwise_f1,hungarian,6.0,0,527,0.1753172771776921,0.1681892714921527,0.1681892714921527,0.09225,0.97289972899729,0.092051282051282,0.0104595661653495,0.0058231299460153,0.0513253012048192,0.09225,527,macro,0,0,0.9,0.0482444384883409,0.0247865601762599,0.9,521,2,0.0,0.0,2,525,0.0,0.12,0.0,0.1830762038335671,0.4017543859649122,"{""dimension"": 2, ""family"": ""moons"", ""n"": 20000}","{""eps"": 13, ""geometry_profile"": ""low_dim"", ""k"": 20, ""knn_backend"": ""kd_tree"", ""min_samples"": 5}",native_target_discovery_v1
ok,synthetic,moons_noise975__quality__n20000,SNN-DBSCAN,223,0.2.4,20000,2,0.058930600000167,0.2258032000008825,4.020939199999702,251.9765625,25.19140625,244.91015625,,0.2924824433534345,0.0612507917985714,508,467,0.0885641025641025,known_synthetic_noise,0.5162820512820513,0.1064315182550993,257.0,47,0,0.1,0.9,full_partition,target-discovery-v1,13,0.05,0.118,0.1729951226273704,0.056,0.3290253435884503,2,pairwise_f1,hungarian,7.5,0,514,0.1675849681853969,0.1625029404845918,0.1625029404845918,0.08775,0.984045584045584,0.0885641025641025,0.0119661321626399,0.0066330100882481,0.0610602409638554,0.08775,514,macro,0,0,0.944,0.0503600960256068,0.0258701013976431,0.944,508,2,0.0,0.0,2,512,0.0,0.118,0.0,0.1729951226273704,0.3290253435884503,"{""dimension"": 2, ""family"": ""moons"", ""n"": 20000}","{""eps"": 13, ""geometry_profile"": ""low_dim"", ""k"": 20, ""knn_backend"": ""kd_tree"", ""min_samples"": 5}",native_target_discovery_v1
ok,synthetic,moons_noise975__quality__n20000,SNN-DBSCAN,227,0.2.4,20000,2,0.0581564999993133,0.2303687000003265,3.991129299998647,252.51171875,25.578125,248.5625,,0.2863509214141712,0.0733958525981508,478,439,0.0907692307692307,known_synthetic_noise,0.5163846153846153,0.1082883120149558,242.0,45,0,0.1,0.9,full_partition,target-discovery-v1,13,0.05,0.164,0.2201778661823632,0.0579999999999999,0.3348993735838997,2,pairwise_f1,hungarian,7.5,0,484,0.189421756055808,0.1662049861495844,0.1662049861495844,0.08995,0.9838799332962757,0.0907692307692307,0.0128954759843841,0.0070435393154184,0.0762248995983935,0.08995,484,macro,0,0,0.942,0.0503716378803272,0.0258776990275259,0.942,478,2,0.0,0.0,2,482,0.0,0.164,0.0,0.2201778661823632,0.3348993735838997,"{""dimension"": 2, ""family"": ""moons"", ""n"": 20000}","{""eps"": 13, ""geometry_profile"": ""low_dim"", ""k"": 20, ""knn_backend"": ""kd_tree"", ""min_samples"": 5}",native_target_discovery_v1
ok,synthetic,moons_noise975__quality__n20000,SNN-DBSCAN,229,0.2.4,20000,2,0.0646180999992793,0.2252131000004738,4.039513199999419,246.828125,20.26953125,245.98046875,,0.318250076277595,0.0992008345666689,492,453,0.0893846153846153,known_synthetic_noise,0.5076923076923077,0.106640800719748,247.0,41,0,0.1,0.9,full_partition,target-discovery-v1,11,0.05,0.196,0.250488255476379,0.074,0.3578947368421052,2,pairwise_f1,hungarian,6.5,0,494,0.1980860762761551,0.1638157894736842,0.1638157894736842,0.089,0.9792134831460674,0.0893846153846153,0.017458468041534,0.0095796743755839,0.0983293172690763,0.089,494,macro,0,0,0.926,0.0494658119658119,0.0254116355653128,0.926,492,2,0.0,0.0,2,492,0.0,0.196,0.0,0.250488255476379,0.3578947368421052,"{""dimension"": 2, ""family"": ""moons"", ""n"": 20000}","{""eps"": 13, ""geometry_profile"": ""low_dim"", ""k"": 20, ""knn_backend"": ""kd_tree"", ""min_samples"": 5}",native_target_discovery_v1
ok,synthetic,moons_noise975__quality__n20000,SNN-DBSCAN,233,0.2.4,20000,2,0.058549800000037,0.2247047000000748,4.030914000000848,255.2734375,28.23046875,244.41015625,,0.3176393014224398,0.0837809613274197,498,466,0.0912307692307692,known_synthetic_noise,0.5136153846153846,0.1085194842914019,251.0,36,0,0.1,0.9,full_partition,target-discovery-v1,15,0.05,0.162,0.223159509202454,0.064,0.3830615270570793,2,pairwise_f1,hungarian,8.5,0,502,0.1910091869549059,0.1669560320961005,0.1669560320961005,0.09055,0.9823302043070128,0.0912307692307692,0.0144679942341572,0.0079272948972176,0.082714859437751,0.09055,502,macro,0,0,0.936,0.0500829364867034,0.0257298367144977,0.936,498,2,0.0,0.0,2,500,0.0,0.162,0.0,0.223159509202454,0.3830615270570793,"{""dimension"": 2, ""family"": ""moons"", ""n"": 20000}","{""eps"": 13, ""geometry_profile"": ""low_dim"", ""k"": 20, ""knn_backend"": ""kd_tree"", ""min_samples"": 5}",native_target_discovery_v1
ok,synthetic,moons_noise975__quality__n20000,StrataSCAN,211,0.2.4,20000,2,0.0592478999988088,0.8781801999994059,4.095327199998792,240.75390625,54.52734375,240.60546875,,0.2854996656495714,0.066591087747781,13,5,0.9750769230769232,known_synthetic_noise,0.7815384615384615,0.7207515495867769,9.0,13,0,0.1,0.9,full_partition,target-discovery-v1,9,0.05,0.1699999999999999,0.2442818084822619,0.412,0.4491525423728814,2,pairwise_f1,hungarian,5.5,0,18,0.3912493314505951,0.9821280991735536,0.9821280991735536,0.961,0.9892819979188344,0.9750769230769232,0.0946832913174808,0.1615140244847357,0.0669718875502008,0.961,18,macro,0,0,0.588,0.459375,0.3769230769230769,0.588,13,2,0.0,0.0,2,16,0.0,0.17,0.0,0.2442818084822619,0.4491525423728814,"{""dimension"": 2, ""family"": ""moons"", ""n"": 20000}","{""ambiguous_model_confirmation_tolerance"": 1e-05, ""assignment"": ""maximum_posterior_basis_then_semantic_role"", ""background_model"": ""adaptive_gamma_basis_mixture_with_largest_rate_gap"", ""background_scan"": ""adaptive_dyadic_rank_windows_with_poisson_beta_boundary_code"", ""border_rule"": ""strict_local_core_radius"", ""component_initialization"": ""compiled_split_warm_single_start_with_guarded_confirmation"", ""component_selection"": ""semantic_icl_with_adaptive_bound"", ""connectivity"": ""density_ordered_non_merging_knn_watershed"", ""core_thresholds"": ""observed_d4_event_sweep"", ""duplicate_profile_confirmation_minimum"": 3, ""duplicate_profile_confirmation_tolerance"": 1e-08, ""extraction_objective"": ""gamma_topology_description_length"", ""fit_samples"": ""all_rows"", ""gamma_tolerance"": 0.0001, ""geometry_profile"": ""low_dim"", ""hard_component_bound"": 24, ""initial_component_bound"": 8, ""k"": 32, ""knn_backend"": ""kd_tree"", ""shell_ranks"": [4, 8, 16, 32], ""stratification_model"": ""adaptive_gamma_density_basis_with_semantic_background"", ""version"": ""0.2.3""}",native_target_discovery_v1
ok,synthetic,moons_noise975__quality__n20000,StrataSCAN,223,0.2.4,20000,2,0.0608501999995496,2.5205430000005435,5.723169200000484,255.4375,68.96875,255.4375,,0.3677911695206335,0.1576416270397548,28,20,0.958153846153846,known_synthetic_noise,0.837076923076923,0.7013609772067351,14.0,8,0,0.1,0.9,full_partition,target-discovery-v1,5,0.05,0.288,0.3504390128144281,0.284,0.4512910798122066,2,pairwise_f1,hungarian,3.5,0,28,0.5155701572368768,0.9750039137922036,0.9750039137922036,0.9413,0.9924572399872515,0.958153846153846,0.1602158124092135,0.1657535422928295,0.1550361445783132,0.9413,28,macro,0,0,0.716,0.4277180406212664,0.3049403747870528,0.716,28,2,0.0,0.0,2,26,0.0,0.288,0.0,0.3504390128144281,0.4512910798122065,"{""dimension"": 2, ""family"": ""moons"", ""n"": 20000}","{""ambiguous_model_confirmation_tolerance"": 1e-05, ""assignment"": ""maximum_posterior_basis_then_semantic_role"", ""background_model"": ""adaptive_gamma_basis_mixture_with_largest_rate_gap"", ""background_scan"": ""adaptive_dyadic_rank_windows_with_poisson_beta_boundary_code"", ""border_rule"": ""strict_local_core_radius"", ""component_initialization"": ""compiled_split_warm_single_start_with_guarded_confirmation"", ""component_selection"": ""semantic_icl_with_adaptive_bound"", ""connectivity"": ""density_ordered_non_merging_knn_watershed"", ""core_thresholds"": ""observed_d4_event_sweep"", ""duplicate_profile_confirmation_minimum"": 3, ""duplicate_profile_confirmation_tolerance"": 1e-08, ""extraction_objective"": ""gamma_topology_description_length"", ""fit_samples"": ""all_rows"", ""gamma_tolerance"": 0.0001, ""geometry_profile"": ""low_dim"", ""hard_component_bound"": 24, ""initial_component_bound"": 8, ""k"": 32, ""knn_backend"": ""kd_tree"", ""shell_ranks"": [4, 8, 16, 32], ""stratification_model"": ""adaptive_gamma_density_basis_with_semantic_background"", ""version"": ""0.2.3""}",native_target_discovery_v1
ok,synthetic,moons_noise975__quality__n20000,StrataSCAN,227,0.2.4,20000,2,0.0592935000004217,0.8524046999991697,3.9966887999999017,242.98046875,56.7421875,242.19140625,,0.3756132579071993,0.1798107128671841,16,10,0.970051282051282,known_synthetic_noise,0.829025641025641,0.7313039080612023,8.5,7,0,0.1,0.9,full_partition,target-discovery-v1,4,0.05,0.3359999999999999,0.369309262166405,0.312,0.4109347230894855,2,pairwise_f1,hungarian,3.0,0,17,0.5365788677778077,0.9808150990355698,0.9808150990355698,0.9536,0.9918204697986576,0.970051282051282,0.171779046680929,0.164869416213661,0.179293172690763,0.9536,17,macro,0,0,0.688,0.4817927170868347,0.3706896551724138,0.688,16,2,0.0,0.0,2,15,0.0,0.336,0.0,0.369309262166405,0.4109347230894856,"{""dimension"": 2, ""family"": ""moons"", ""n"": 20000}","{""ambiguous_model_confirmation_tolerance"": 1e-05, ""assignment"": ""maximum_posterior_basis_then_semantic_role"", ""background_model"": ""adaptive_gamma_basis_mixture_with_largest_rate_gap"", ""background_scan"": ""adaptive_dyadic_rank_windows_with_poisson_beta_boundary_code"", ""border_rule"": ""strict_local_core_radius"", ""component_initialization"": ""compiled_split_warm_single_start_with_guarded_confirmation"", ""component_selection"": ""semantic_icl_with_adaptive_bound"", ""connectivity"": ""density_ordered_non_merging_knn_watershed"", ""core_thresholds"": ""observed_d4_event_sweep"", ""duplicate_profile_confirmation_minimum"": 3, ""duplicate_profile_confirmation_tolerance"": 1e-08, ""extraction_objective"": ""gamma_topology_description_length"", ""fit_samples"": ""all_rows"", ""gamma_tolerance"": 0.0001, ""geometry_profile"": ""low_dim"", ""hard_component_bound"": 24, ""initial_component_bound"": 8, ""k"": 32, ""knn_backend"": ""kd_tree"", ""shell_ranks"": [4, 8, 16, 32], ""stratification_model"": ""adaptive_gamma_density_basis_with_semantic_background"", ""version"": ""0.2.3""}",native_target_discovery_v1
ok,synthetic,moons_noise975__quality__n20000,StrataSCAN,229,0.2.4,20000,2,0.058448199999475,0.8099707999990642,4.061179899999843,240.8046875,54.85546875,238.73828125,,0.3418631334175939,0.1396056534182592,22,10,0.967025641025641,known_synthetic_noise,0.8365128205128205,0.7257038924214833,11.0,12,0,0.1,0.9,full_partition,target-discovery-v1,7,0.05,0.27,0.3026636311895275,0.294,0.3854761904761905,2,pairwise_f1,hungarian,4.5,0,22,0.4624336239442033,0.9794826511531268,0.9794826511531268,0.9502,0.9922647863607662,0.967025641025641,0.1459780275287283,0.1533563279384452,0.1392771084337349,0.9502,22,macro,0,0,0.706,0.4719251336898396,0.3544176706827309,0.706,22,2,0.0,0.0,2,20,0.0,0.27,0.0,0.3026636311895275,0.3854761904761905,"{""dimension"": 2, ""family"": ""moons"", ""n"": 20000}","{""ambiguous_model_confirmation_tolerance"": 1e-05, ""assignment"": ""maximum_posterior_basis_then_semantic_role"", ""background_model"": ""adaptive_gamma_basis_mixture_with_largest_rate_gap"", ""background_scan"": ""adaptive_dyadic_rank_windows_with_poisson_beta_boundary_code"", ""border_rule"": ""strict_local_core_radius"", ""component_initialization"": ""compiled_split_warm_single_start_with_guarded_confirmation"", ""component_selection"": ""semantic_icl_with_adaptive_bound"", ""connectivity"": ""density_ordered_non_merging_knn_watershed"", ""core_thresholds"": ""observed_d4_event_sweep"", ""duplicate_profile_confirmation_minimum"": 3, ""duplicate_profile_confirmation_tolerance"": 1e-08, ""extraction_objective"": ""gamma_topology_description_length"", ""fit_samples"": ""all_rows"", ""gamma_tolerance"": 0.0001, ""geometry_profile"": ""low_dim"", ""hard_component_bound"": 24, ""initial_component_bound"": 8, ""k"": 32, ""knn_backend"": ""kd_tree"", ""shell_ranks"": [4, 8, 16, 32], ""stratification_model"": ""adaptive_gamma_density_basis_with_semantic_background"", ""version"": ""0.2.3""}",native_target_discovery_v1
ok,synthetic,moons_noise975__quality__n20000,StrataSCAN,233,0.2.4,20000,2,0.0588031999996019,4.709936799999923,7.8775267000000895,298.4296875,112.73828125,298.4296875,,0.3533913634164405,0.1403788008478023,31,23,0.9528717948717949,known_synthetic_noise,0.8274358974358974,0.6843369968566704,16.0,9,0,0.1,0.9,full_partition,target-discovery-v1,6,0.05,0.274,0.337537309781279,0.298,0.4455226421518556,2,pairwise_f1,hungarian,4.0,0,32,0.5010805193190347,0.9720638242218154,0.9720638242218154,0.9365,0.9920448478376936,0.9528717948717949,0.138710047345227,0.1415129027944912,0.1360160642570281,0.9365,32,macro,0,0,0.702,0.3966101694915254,0.2763779527559055,0.702,31,2,0.0,0.0,2,30,0.0,0.274,0.0,0.337537309781279,0.4455226421518556,"{""dimension"": 2, ""family"": ""moons"", ""n"": 20000}","{""ambiguous_model_confirmation_tolerance"": 1e-05, ""assignment"": ""maximum_posterior_basis_then_semantic_role"", ""background_model"": ""adaptive_gamma_basis_mixture_with_largest_rate_gap"", ""background_scan"": ""adaptive_dyadic_rank_windows_with_poisson_beta_boundary_code"", ""border_rule"": ""strict_local_core_radius"", ""component_initialization"": ""compiled_split_warm_single_start_with_guarded_confirmation"", ""component_selection"": ""semantic_icl_with_adaptive_bound"", ""connectivity"": ""density_ordered_non_merging_knn_watershed"", ""core_thresholds"": ""observed_d4_event_sweep"", ""duplicate_profile_confirmation_minimum"": 3, ""duplicate_profile_confirmation_tolerance"": 1e-08, ""extraction_objective"": ""gamma_topology_description_length"", ""fit_samples"": ""all_rows"", ""gamma_tolerance"": 0.0001, ""geometry_profile"": ""low_dim"", ""hard_component_bound"": 24, ""initial_component_bound"": 8, ""k"": 32, ""knn_backend"": ""kd_tree"", ""shell_ranks"": [4, 8, 16, 32], ""stratification_model"": ""adaptive_gamma_density_basis_with_semantic_background"", ""version"": ""0.2.3""}",native_target_discovery_v1
ok,synthetic,moons_noise975__quality__n20000,VDBSCAN-2007,211,0.2.4,20000,2,0.0573357000012038,0.201431200001025,3.197973899999852,192.97265625,6.7421875,192.58984375,,0.0,0.0,55,54,0.016,known_synthetic_noise,0.508,0.0405152199248325,27.5,1,0,0.1,0.9,full_partition,target-discovery-v1,0,0.05,0.5,0.0129937629937629,0.0,0.0065824117956819,1,pairwise_f1,hungarian,1.0,1,55,0.0183975715205592,0.0314960629921259,0.0314960629921259,0.0156,1.0,0.016,0.0006902331061899,0.0003452356996496,1.0,0.0156,55,macro,0,0,1.0,0.0495343768575391,0.0253961804144656,1.0,55,2,0.0,0.0,2,54,0.0,0.5,0.0,0.0129937629937629,0.0065824117956819,"{""dimension"": 2, ""family"": ""moons"", ""n"": 20000}","{""eps_values"": [0.07625202089548111, 0.09291458874940872], ""geometry_profile"": ""low_dim"", ""knee_prominence"": 0.03, ""knn_backend"": ""kd_tree"", ""max_eps_values"": 3, ""min_samples"": 5}",native_target_discovery_v1
ok,synthetic,moons_noise975__quality__n20000,VDBSCAN-2007,223,0.2.4,20000,2,0.0591488000009121,0.2929022999996959,3.3546903999995266,193.140625,7.0703125,193.640625,,0.0921549776334729,0.0044377115989513,220,206,0.0168717948717948,known_synthetic_noise,0.5074358974358975,0.0413307361456865,117.0,28,0,0.1,0.9,full_partition,target-discovery-v1,0,0.05,0.02,0.0387596899224806,0.002,0.625,2,pairwise_f1,hungarian,1.0,1,234,0.03575465136498,0.0331820474029248,0.0331820474029248,0.0165,0.996969696969697,0.0168717948717948,0.0005989935167658,0.000299621670022,0.7183935742971888,0.0165,234,macro,0,0,0.998,0.0494794248884481,0.0253685815963396,0.998,220,2,0.0,0.0,2,232,0.0,0.02,0.0,0.0387596899224806,0.625,"{""dimension"": 2, ""family"": ""moons"", ""n"": 20000}","{""eps_values"": [0.029117526486516, 0.07695057988166809, 0.09477179497480392], ""geometry_profile"": ""low_dim"", ""knee_prominence"": 0.03, ""knn_backend"": ""kd_tree"", ""max_eps_values"": 3, ""min_samples"": 5}",native_target_discovery_v1
ok,synthetic,moons_noise975__quality__n20000,VDBSCAN-2007,227,0.2.4,20000,2,0.0589603000007628,0.2954131000005873,3.419775700000173,192.85546875,6.62109375,192.0546875,,0.0899718856438818,0.0049551932044752,222,203,0.0201025641025641,known_synthetic_noise,0.509051282051282,0.0445226518496025,118.5,34,0,0.1,0.9,full_partition,target-discovery-v1,0,0.05,0.016,0.0311901504787961,0.002,0.65,2,pairwise_f1,hungarian,1.0,1,237,0.0348218950613267,0.0394108480369979,0.0394108480369979,0.01965,0.9974554707379136,0.0201025641025641,0.0005919080068207,0.000296080678007,0.6917429718875502,0.01965,237,macro,0,0,0.998,0.0496344556622071,0.0254500943540572,0.998,222,2,0.0,0.0,2,235,0.0,0.016,0.0,0.0311901504787961,0.65,"{""dimension"": 2, ""family"": ""moons"", ""n"": 20000}","{""eps_values"": [0.028820853680372238, 0.07639972865581512, 0.09465914964675903], ""geometry_profile"": ""low_dim"", ""knee_prominence"": 0.03, ""knn_backend"": ""kd_tree"", ""max_eps_values"": 3, ""min_samples"": 5}",native_target_discovery_v1
ok,synthetic,moons_noise975__quality__n20000,VDBSCAN-2007,229,0.2.4,20000,2,0.0619366999999329,0.3025941999985662,3.3595335000009072,194.44140625,8.24609375,193.796875,,0.0906839378593717,0.0010901352104716,185,169,0.0171794871794871,known_synthetic_noise,0.5085897435897436,0.0416847746699759,99.0,29,0,0.1,0.9,full_partition,target-discovery-v1,0,0.05,0.026,0.0496044753288754,0.0,0.5419580419580419,2,pairwise_f1,hungarian,1.0,1,198,0.0401897365681548,0.0337786740610032,0.0337786740610032,0.01675,1.0,0.0171794871794871,0.0005409113241111,0.0002705577502634,0.7167710843373494,0.01675,198,macro,0,0,1.0,0.0495908752789486,0.0254258835494533,1.0,185,2,0.0,0.0,2,196,0.0,0.026,0.0,0.0496044753288754,0.5419580419580419,"{""dimension"": 2, ""family"": ""moons"", ""n"": 20000}","{""eps_values"": [0.027866633608937263, 0.07695958763360977, 0.0955839529633522], ""geometry_profile"": ""low_dim"", ""knee_prominence"": 0.03, ""knn_backend"": ""kd_tree"", ""max_eps_values"": 3, ""min_samples"": 5}",native_target_discovery_v1
ok,synthetic,moons_noise975__quality__n20000,VDBSCAN-2007,233,0.2.4,20000,2,0.058796400000574,0.2947894000008091,3.3837096999995997,194.38671875,8.37109375,192.01171875,,0.0689788880223933,0.0007025113464952,197,183,0.0191282051282051,known_synthetic_noise,0.5085641025641026,0.043562038977327,102.5,22,0,0.1,0.9,full_partition,target-discovery-v1,0,0.05,0.02,0.0386100386100386,0.002,0.5555555555555556,2,pairwise_f1,hungarian,1.0,1,205,0.0380656913821519,0.0375364798228841,0.0375364798228841,0.0187,0.997326203208556,0.0191282051282051,0.0006342507708952,0.0003172511712057,0.7998393574297189,0.0187,205,macro,0,0,0.998,0.0495875981317698,0.0254254560277183,0.998,197,2,0.0,0.0,2,203,0.0,0.02,0.0,0.0386100386100386,0.5555555555555556,"{""dimension"": 2, ""family"": ""moons"", ""n"": 20000}","{""eps_values"": [0.02785678766667843, 0.07638313621282578, 0.09438540786504745], ""geometry_profile"": ""low_dim"", ""knee_prominence"": 0.03, ""knn_backend"": ""kd_tree"", ""max_eps_values"": 3, ""min_samples"": 5}",native_target_discovery_v1
ok,synthetic,moons_noise975__quality__n20000,kNN+Leiden,211,0.2.4,20000,2,0.0604779999994207,0.7582560000009835,4.544035599999916,285.80859375,69.78515625,290.8828125,,0.4307351115328106,0.2923425626385486,27,20,0.0,known_synthetic_noise,0.5,0.024390243902439,13.5,7,0,0.1,0.9,full_partition,target-discovery-v1,5,0.05,0.484,0.2470844082468072,0.0,0.1664334577114428,2,pairwise_f1,hungarian,3.5,1,27,0.0,0.0,0.0,0.0,0.0,0.0,0.0052966549015655,0.0026684257860536,0.3516144578313253,0.0,27,macro,0,0,1.0,0.048780487804878,0.025,1.0,27,2,0.0,0.0,2,25,0.0,0.484,0.0,0.2470844082468072,0.1664334577114427,"{""dimension"": 2, ""family"": ""moons"", ""n"": 20000}","{""edge_rank"": 15, ""geometry_profile"": ""low_dim"", ""k"": 20, ""knn_backend"": ""kd_tree"", ""resolution"": 0.5, ""symmetrization"": ""union"", ""weights"": ""1/(1+d)""}",native_target_discovery_v1
ok,synthetic,moons_noise975__quality__n20000,kNN+Leiden,223,0.2.4,20000,2,0.0584150999984558,0.8935478999992483,4.6937345000005735,286.171875,70.17578125,290.7578125,,0.5648203392254878,0.4706092277368345,27,21,0.0,known_synthetic_noise,0.5,0.024390243902439,13.5,6,0,0.1,0.9,full_partition,target-discovery-v1,3,0.05,0.6399999999999999,0.2783749793452916,0.0,0.1789530614920676,2,pairwise_f1,hungarian,2.5,1,27,0.0,0.0,0.0,0.0,0.0,0.0,0.0079015686941449,0.0039811281668611,0.5183453815261044,0.0,27,macro,0,0,1.0,0.048780487804878,0.025,1.0,27,2,0.0,0.0,2,25,0.0,0.64,0.0,0.2783749793452916,0.1789530614920676,"{""dimension"": 2, ""family"": ""moons"", ""n"": 20000}","{""edge_rank"": 15, ""geometry_profile"": ""low_dim"", ""k"": 20, ""knn_backend"": ""kd_tree"", ""resolution"": 0.5, ""symmetrization"": ""union"", ""weights"": ""1/(1+d)""}",native_target_discovery_v1
ok,synthetic,moons_noise975__quality__n20000,kNN+Leiden,227,0.2.4,20000,2,0.0618844000000535,0.7678823999995075,4.597412400000394,286.89453125,70.57421875,290.55078125,,0.4431173396209357,0.2783986118620574,27,21,0.0,known_synthetic_noise,0.5,0.024390243902439,13.5,6,0,0.1,0.9,full_partition,target-discovery-v1,5,0.05,0.47,0.2256043110504278,0.0,0.149688377843641,2,pairwise_f1,hungarian,3.5,1,27,0.0,0.0,0.0,0.0,0.0,0.0,0.0052986092626073,0.0026697376661849,0.3461526104417671,0.0,27,macro,0,0,1.0,0.048780487804878,0.025,1.0,27,2,0.0,0.0,2,25,0.0,0.47,0.0,0.2256043110504278,0.149688377843641,"{""dimension"": 2, ""family"": ""moons"", ""n"": 20000}","{""edge_rank"": 15, ""geometry_profile"": ""low_dim"", ""k"": 20, ""knn_backend"": ""kd_tree"", ""resolution"": 0.5, ""symmetrization"": ""union"", ""weights"": ""1/(1+d)""}",native_target_discovery_v1
ok,synthetic,moons_noise975__quality__n20000,kNN+Leiden,229,0.2.4,20000,2,0.0641104000005725,0.7638674999998329,4.524533899999369,285.63671875,70.08984375,290.4296875,,0.4099538499937968,0.2591336331646313,25,19,0.0,known_synthetic_noise,0.5,0.024390243902439,12.5,6,0,0.1,0.9,full_partition,target-discovery-v1,5,0.05,0.402,0.2034446830330732,0.0,0.1361875839000022,2,pairwise_f1,hungarian,3.5,1,25,0.0,0.0,0.0,0.0,0.0,0.0,0.0045475629443466,0.0022901047707363,0.319004016064257,0.0,25,macro,0,0,1.0,0.048780487804878,0.025,1.0,25,2,0.0,0.0,2,23,0.0,0.402,0.0,0.2034446830330732,0.1361875839000022,"{""dimension"": 2, ""family"": ""moons"", ""n"": 20000}","{""edge_rank"": 15, ""geometry_profile"": ""low_dim"", ""k"": 20, ""knn_backend"": ""kd_tree"", ""resolution"": 0.5, ""symmetrization"": ""union"", ""weights"": ""1/(1+d)""}",native_target_discovery_v1
ok,synthetic,moons_noise975__quality__n20000,kNN+Leiden,233,0.2.4,20000,2,0.0601012999995873,1.1718399999990652,4.97799490000034,286.94921875,70.96484375,291.046875,,0.284127749360839,0.224015903672593,26,21,0.0,known_synthetic_noise,0.5,0.024390243902439,13.0,5,0,0.1,0.9,full_partition,target-discovery-v1,4,0.05,0.488,0.2489785207394627,0.0,0.1697682462815634,2,pairwise_f1,hungarian,3.0,2,26,0.0,0.0,0.0,0.0,0.0,0.0,0.0064256249974155,0.0032366161091694,0.43685140562249,0.0,26,macro,0,0,1.0,0.048780487804878,0.025,1.0,26,2,0.0,0.0,2,24,0.0,0.488,0.0,0.2489785207394627,0.1697682462815634,"{""dimension"": 2, ""family"": ""moons"", ""n"": 20000}","{""edge_rank"": 15, ""geometry_profile"": ""low_dim"", ""k"": 20, ""knn_backend"": ""kd_tree"", ""resolution"": 0.5, ""symmetrization"": ""union"", ""weights"": ""1/(1+d)""}",native_target_discovery_v1
ok,synthetic,moons_noise975__quality__n20000,kNN-DBSCAN,211,0.2.4,20000,2,0.0579598000003898,0.0696979000003921,3.169859700001325,188.69140625,2.8125,188.984375,,0.240396971330474,0.0401893561482846,1141,1098,0.5246666666666666,known_synthetic_noise,0.6653333333333333,0.3826184266528278,580.0,62,0,0.1,0.9,full_partition,target-discovery-v1,8,0.05,0.122,0.189812306501548,0.194,0.4274951076320939,2,pairwise_f1,hungarian,5.0,0,1160,0.297349626764068,0.6859997317956281,0.6859997317956281,0.5164,0.9906080557707204,0.5246666666666666,0.0437851876383538,0.0478549112245675,0.0403534136546184,0.5164,1160,macro,0,0,0.806,0.0792371215100275,0.0416666666666666,0.806,1141,2,0.0,0.0,2,1158,0.0,0.122,0.0,0.1898123065015479,0.4274951076320939,"{""dimension"": 2, ""family"": ""moons"", ""n"": 20000}","{""eps"": 0.04745962470769882, ""eps_quantile"": 0.25, ""geometry_profile"": ""low_dim"", ""k"": 4, ""knn_backend"": ""kd_tree"", ""min_samples"": 5}",native_target_discovery_v1
ok,synthetic,moons_noise975__quality__n20000,kNN-DBSCAN,223,0.2.4,20000,2,0.0591076999990036,0.0676342000006116,3.137483800001064,188.38671875,1.98828125,188.58984375,,0.2305435545039282,0.0350714217042377,1148,1099,0.5261538461538462,known_synthetic_noise,0.672076923076923,0.3840066153900201,586.0,73,0,0.1,0.9,full_partition,target-discovery-v1,7,0.05,0.1,0.1568573124876311,0.182,0.3675438596491228,2,pairwise_f1,hungarian,4.5,0,1172,0.2554295416326576,0.6874141569796658,0.6874141569796658,0.51755,0.9912085788812676,0.5261538461538462,0.0386892528881387,0.0424592586905196,0.0355341365461847,0.51755,1172,macro,0,0,0.818,0.0805990738003744,0.042387812208519,0.818,1148,2,0.0,0.0,2,1170,0.0,0.1,0.0,0.1568573124876311,0.3675438596491227,"{""dimension"": 2, ""family"": ""moons"", ""n"": 20000}","{""eps"": 0.04775363951921463, ""eps_quantile"": 0.25, ""geometry_profile"": ""low_dim"", ""k"": 4, ""knn_backend"": ""kd_tree"", ""min_samples"": 5}",native_target_discovery_v1
ok,synthetic,moons_noise975__quality__n20000,kNN-DBSCAN,227,0.2.4,20000,2,0.0594058999995468,0.0688915999999153,3.139274099999966,188.57421875,3.11328125,191.78125,,0.2438537141534387,0.0432712044319622,1152,1099,0.5270769230769231,known_synthetic_noise,0.6945384615384615,0.3868067239444361,584.0,69,0,0.1,0.9,full_partition,target-discovery-v1,6,0.05,0.136,0.2055263157894736,0.138,0.4507407407407407,2,pairwise_f1,hungarian,4.0,0,1168,0.3165788313331175,0.688712433410393,0.688712433410393,0.51735,0.9933314004059148,0.5270769230769231,0.0466993922801266,0.051066913293034,0.0430200803212851,0.51735,1168,macro,0,0,0.862,0.0849010144784792,0.0446493318139438,0.862,1152,2,0.0,0.0,2,1166,0.0,0.136,0.0,0.2055263157894737,0.4507407407407408,"{""dimension"": 2, ""family"": ""moons"", ""n"": 20000}","{""eps"": 0.047334931790828705, ""eps_quantile"": 0.25, ""geometry_profile"": ""low_dim"", ""k"": 4, ""knn_backend"": ""kd_tree"", ""min_samples"": 5}",native_target_discovery_v1
ok,synthetic,moons_noise975__quality__n20000,kNN-DBSCAN,229,0.2.4,20000,2,0.060264300000199,0.0729521000012027,3.137679499999649,189.5703125,3.23828125,188.75390625,,0.2476325487131478,0.0452658722795303,1130,1074,0.5344615384615384,known_synthetic_noise,0.6912307692307692,0.3898146832397637,570.0,66,0,0.1,0.9,full_partition,target-discovery-v1,10,0.05,0.118,0.1821822592756609,0.152,0.4072989851678376,2,pairwise_f1,hungarian,6.0,0,1140,0.2886762769997736,0.6948463230882058,0.6948463230882058,0.5249,0.9927605258144409,0.5344615384615384,0.047453310696095,0.0503150315031503,0.0448995983935743,0.5249,1140,macro,0,0,0.848,0.0847830433913217,0.0446221848031993,0.848,1130,2,0.0,0.0,2,1138,0.0,0.118,0.0,0.1821822592756609,0.4072989851678376,"{""dimension"": 2, ""family"": ""moons"", ""n"": 20000}","{""eps"": 0.04732918739318848, ""eps_quantile"": 0.25, ""geometry_profile"": ""low_dim"", ""k"": 4, ""knn_backend"": ""kd_tree"", ""min_samples"": 5}",native_target_discovery_v1
ok,synthetic,moons_noise975__quality__n20000,kNN-DBSCAN,233,0.2.4,20000,2,0.0587448000005679,0.0709888000001228,3.140726400000858,189.33984375,3.2265625,189.23828125,,0.2367946209917842,0.0360561788870569,1121,1076,0.525948717948718,known_synthetic_noise,0.682974358974359,0.3850681244799394,573.0,70,0,0.1,0.9,full_partition,target-discovery-v1,8,0.05,0.098,0.1577759973011723,0.16,0.4754901960784313,2,pairwise_f1,hungarian,5.0,0,1146,0.256651677615134,0.6874916208607053,0.6874916208607053,0.5168,0.9922600619195048,0.525948717948718,0.0397337107511663,0.0435532061595035,0.0365301204819277,0.5168,1146,macro,0,0,0.84,0.0826446280991735,0.0434602649006622,0.84,1121,2,0.0,0.0,2,1144,0.0,0.098,0.0,0.1577759973011723,0.4754901960784314,"{""dimension"": 2, ""family"": ""moons"", ""n"": 20000}","{""eps"": 0.04724089801311493, ""eps_quantile"": 0.25, ""geometry_profile"": ""low_dim"", ""k"": 4, ""knn_backend"": ""kd_tree"", ""min_samples"": 5}",native_target_discovery_v1
ok,synthetic,moons_noise99__quality__n20000,AMD-DBSCAN,211,0.2.4,20000,2,0.0594559999990451,5.256626800000959,8.357795500000066,6289.953125,6103.64453125,6289.953125,,0.0,0.0,1,0,0.0,known_synthetic_noise,0.5,0.0099009900990099,0.5,1,0,0.1,0.9,full_partition,target-discovery-v1,0,0.05,0.5,0.0049751243781094,0.0,0.0025,1,pairwise_f1,hungarian,1.0,1,1,0.0,0.0,0.0,0.0,0.0,0.0,9.900004950002476e-05,4.950247512375619e-05,1.0,0.0,1,macro,0,0,1.0,0.0198019801980198,0.01,1.0,1,2,0.0,0.0,2,0,0.0,0.5,0.0,0.0049751243781094,0.0025,"{""dimension"": 2, ""family"": ""moons"", ""n"": 20000}","{""adaptive_rank"": 71, ""balance_rounds"": 3, ""eps_values"": [0.2302275941385719, 0.2552438927340071, 0.27275752220958205], ""geometry_profile"": ""low_dim"", ""knn_backend"": ""kd_tree"", ""n_density_levels"": 3}",native_target_discovery_v1
ok,synthetic,moons_noise99__quality__n20000,AMD-DBSCAN,223,0.2.4,20000,2,0.0629166999988228,5.312276700000439,8.499249799999234,6290.0234375,6103.6953125,6290.0234375,,0.0,0.0,1,0,0.0,known_synthetic_noise,0.5,0.0099009900990099,0.5,1,0,0.1,0.9,full_partition,target-discovery-v1,0,0.05,0.5,0.0049751243781094,0.0,0.0025,1,pairwise_f1,hungarian,1.0,1,1,0.0,0.0,0.0,0.0,0.0,0.0,9.900004950002476e-05,4.950247512375619e-05,1.0,0.0,1,macro,0,0,1.0,0.0198019801980198,0.01,1.0,1,2,0.0,0.0,2,0,0.0,0.5,0.0,0.0049751243781094,0.0025,"{""dimension"": 2, ""family"": ""moons"", ""n"": 20000}","{""adaptive_rank"": 71, ""balance_rounds"": 3, ""eps_values"": [0.229182740446852, 0.2533322976763729, 0.27190304735417176], ""geometry_profile"": ""low_dim"", ""knn_backend"": ""kd_tree"", ""n_density_levels"": 3}",native_target_discovery_v1
ok,synthetic,moons_noise99__quality__n20000,AMD-DBSCAN,227,0.2.4,20000,2,0.0600553000003856,5.300403499999447,8.492351099999723,6289.68359375,6103.6640625,6289.66796875,,0.0,0.0,1,0,0.0,known_synthetic_noise,0.5,0.0099009900990099,0.5,1,0,0.1,0.9,full_partition,target-discovery-v1,0,0.05,0.5,0.0049751243781094,0.0,0.0025,1,pairwise_f1,hungarian,1.0,1,1,0.0,0.0,0.0,0.0,0.0,0.0,9.900004950002476e-05,4.950247512375619e-05,1.0,0.0,1,macro,0,0,1.0,0.0198019801980198,0.01,1.0,1,2,0.0,0.0,2,0,0.0,0.5,0.0,0.0049751243781094,0.0025,"{""dimension"": 2, ""family"": ""moons"", ""n"": 20000}","{""adaptive_rank"": 71, ""balance_rounds"": 3, ""eps_values"": [0.22908509582154715, 0.25320371381122764, 0.2709290552428819], ""geometry_profile"": ""low_dim"", ""knn_backend"": ""kd_tree"", ""n_density_levels"": 3}",native_target_discovery_v1
ok,synthetic,moons_noise99__quality__n20000,AMD-DBSCAN,229,0.2.4,20000,2,0.0641699000007065,5.243832599999223,8.395639599999413,6289.69921875,6103.64453125,6289.69921875,,0.0,0.0,1,0,0.0,known_synthetic_noise,0.5,0.0099009900990099,0.5,1,0,0.1,0.9,full_partition,target-discovery-v1,0,0.05,0.5,0.0049751243781094,0.0,0.0025,1,pairwise_f1,hungarian,1.0,1,1,0.0,0.0,0.0,0.0,0.0,0.0,9.900004950002476e-05,4.950247512375619e-05,1.0,0.0,1,macro,0,0,1.0,0.0198019801980198,0.01,1.0,1,2,0.0,0.0,2,0,0.0,0.5,0.0,0.0049751243781094,0.0025,"{""dimension"": 2, ""family"": ""moons"", ""n"": 20000}","{""adaptive_rank"": 71, ""balance_rounds"": 3, ""eps_values"": [0.22791249840204472, 0.2537803721374697, 0.27213702969410003], ""geometry_profile"": ""low_dim"", ""knn_backend"": ""kd_tree"", ""n_density_levels"": 3}",native_target_discovery_v1
ok,synthetic,moons_noise99__quality__n20000,AMD-DBSCAN,233,0.2.4,20000,2,0.059086399998705,5.338571500000398,8.57414450000033,6289.7109375,6103.64453125,6289.7109375,,0.0,0.0,1,0,0.0,known_synthetic_noise,0.5,0.0099009900990099,0.5,1,0,0.1,0.9,full_partition,target-discovery-v1,0,0.05,0.5,0.0049751243781094,0.0,0.0025,1,pairwise_f1,hungarian,1.0,1,1,0.0,0.0,0.0,0.0,0.0,0.0,9.900004950002476e-05,4.950247512375619e-05,1.0,0.0,1,macro,0,0,1.0,0.0198019801980198,0.01,1.0,1,2,0.0,0.0,2,0,0.0,0.5,0.0,0.0049751243781094,0.0025,"{""dimension"": 2, ""family"": ""moons"", ""n"": 20000}","{""adaptive_rank"": 71, ""balance_rounds"": 3, ""eps_values"": [0.22981178835674057, 0.2541692143317271, 0.2713451565412622], ""geometry_profile"": ""low_dim"", ""knn_backend"": ""kd_tree"", ""n_density_levels"": 3}",native_target_discovery_v1
ok,synthetic,moons_noise99__quality__n20000,DBSCAN,211,0.2.4,20000,2,0.0604994000004808,0.1783775000003515,3.2392897000008816,191.26953125,5.5,191.31640625,,0.2195063176360007,0.0514637397958251,1247,1200,0.3354545454545454,known_synthetic_noise,0.5702272727272728,0.2627305084839078,625.0,50,0,0.1,0.9,full_partition,target-discovery-v1,9,0.05,0.12,0.1461945461945462,0.195,0.2232209737827715,2,pairwise_f1,hungarian,5.5,0,1250,0.2264069467667432,0.5016426872096975,0.5016426872096975,0.33405,0.9941625505163898,0.3354545454545454,0.0069899742340365,0.0038162622914287,0.0415151515151515,0.33405,1250,macro,0,0,0.805,0.0238183297581182,0.0120879945941887,0.805,1247,2,0.0,0.0,2,1248,0.0,0.12,0.0,0.1461945461945462,0.2232209737827715,"{""dimension"": 2, ""family"": ""moons"", ""n"": 20000}","{""base_eps"": 0.07601379603147507, ""eps"": 0.053209657222032546, ""eps_multiplier"": 0.7, ""geometry_profile"": ""low_dim"", ""knn_backend"": ""kd_tree"", ""min_samples"": 5}",native_target_discovery_v1
ok,synthetic,moons_noise99__quality__n20000,DBSCAN,223,0.2.4,20000,2,0.0602797999999893,0.1794452000012825,3.2337553999986994,192.55859375,6.625,192.3359375,,0.2137471159426767,0.0486813317225912,1247,1205,0.3340909090909091,known_synthetic_noise,0.5395454545454546,0.2609526333956208,625.5,46,0,0.1,0.9,full_partition,target-discovery-v1,9,0.05,0.12,0.1549791449426485,0.255,0.2319157392686804,2,pairwise_f1,hungarian,5.5,0,1251,0.236604220511132,0.4998866470188166,0.4998866470188166,0.3333,0.9923492349234924,0.3340909090909091,0.0067947187302479,0.0037207245317847,0.039090909090909,0.3333,1251,macro,0,0,0.745,0.022018619772425,0.0111744412779361,0.745,1247,2,0.0,0.0,2,1249,0.0,0.12,0.0,0.1549791449426486,0.2319157392686804,"{""dimension"": 2, ""family"": ""moons"", ""n"": 20000}","{""base_eps"": 0.07565581798553467, ""eps"": 0.05295907258987426, ""eps_multiplier"": 0.7, ""geometry_profile"": ""low_dim"", ""knn_backend"": ""kd_tree"", ""min_samples"": 5}",native_target_discovery_v1
ok,synthetic,moons_noise99__quality__n20000,DBSCAN,227,0.2.4,20000,2,0.0575875999984418,0.1827933000004122,3.2100777000014205,191.34375,5.57421875,190.73046875,,0.1976111410864235,0.0349549655595108,1281,1225,0.3365151515151515,known_synthetic_noise,0.5882575757575758,0.2639212486844632,642.5,60,0,0.1,0.9,full_partition,target-discovery-v1,5,0.05,0.1149999999999999,0.1533377689066312,0.16,0.2466950959488272,2,pairwise_f1,hungarian,3.5,0,1285,0.2350240060091643,0.5029628231741837,0.5029628231741837,0.33475,0.9952203136669155,0.3365151515151515,0.0061613177971476,0.0033842294905739,0.0343434343434343,0.33475,1285,macro,0,0,0.84,0.0248796741947426,0.0126268320180383,0.84,1281,2,0.0,0.0,2,1283,0.0,0.115,0.0,0.1533377689066312,0.2466950959488272,"{""dimension"": 2, ""family"": ""moons"", ""n"": 20000}","{""base_eps"": 0.07535281032323837, ""eps"": 0.05274696722626686, ""eps_multiplier"": 0.7, ""geometry_profile"": ""low_dim"", ""knn_backend"": ""kd_tree"", ""min_samples"": 5}",native_target_discovery_v1
ok,synthetic,moons_noise99__quality__n20000,DBSCAN,229,0.2.4,20000,2,0.0623440999988815,0.1854008999998768,3.28215789999922,188.94921875,2.6328125,192.8515625,,0.2306783539583713,0.0460634888585287,1229,1188,0.3342929292929293,known_synthetic_noise,0.5771464646464646,0.2623062390504251,616.0,44,0,0.1,0.9,full_partition,target-discovery-v1,9,0.05,0.125,0.1588437549976011,0.18,0.2223731884057971,2,pairwise_f1,hungarian,5.5,0,1232,0.2411408398368243,0.5003969003969004,0.5003969003969004,0.33275,0.9945905334335088,0.3342929292929293,0.0069877006462372,0.0038082254033174,0.0423232323232323,0.33275,1232,macro,0,0,0.82,0.0242155777039497,0.0122892469089546,0.82,1229,2,0.0,0.0,2,1230,0.0,0.125,0.0,0.1588437549976011,0.2223731884057971,"{""dimension"": 2, ""family"": ""moons"", ""n"": 20000}","{""base_eps"": 0.07603752613067627, ""eps"": 0.05322626829147339, ""eps_multiplier"": 0.7, ""geometry_profile"": ""low_dim"", ""knn_backend"": ""kd_tree"", ""min_samples"": 5}",native_target_discovery_v1
ok,synthetic,moons_noise99__quality__n20000,DBSCAN,233,0.2.4,20000,2,0.0586745000000519,0.1767322999985481,3.2652813000004244,191.140625,4.859375,191.37890625,,0.2324285110512243,0.0462479827386862,1225,1183,0.3313636363636363,known_synthetic_noise,0.5806818181818182,0.260771201432677,614.0,45,0,0.1,0.9,full_partition,target-discovery-v1,13,0.05,0.135,0.1682453416149068,0.17,0.2232240437158469,2,pairwise_f1,hungarian,7.5,0,1228,0.2514076199113365,0.4971396097745785,0.4971396097745785,0.32975,0.9948445792266868,0.3313636363636363,0.0074273085044325,0.0040424637564505,0.0456565656565656,0.32975,1228,macro,0,0,0.83,0.0244027930907754,0.0123834390152928,0.83,1225,2,0.0,0.0,2,1226,0.0,0.135,0.0,0.1682453416149068,0.2232240437158469,"{""dimension"": 2, ""family"": ""moons"", ""n"": 20000}","{""base_eps"": 0.07581571489572525, ""eps"": 0.05307100042700767, ""eps_multiplier"": 0.7, ""geometry_profile"": ""low_dim"", ""knn_backend"": ""kd_tree"", ""min_samples"": 5}",native_target_discovery_v1
ok,synthetic,moons_noise99__quality__n20000,HDBSCAN,211,0.2.4,20000,2,0.0606845000002067,2.9706158000008145,6.074299800000517,190.2265625,4.171875,190.5859375,,0.3239567542308526,0.1548804112145554,123,113,0.3796464646464646,known_synthetic_noise,0.5423232323232323,0.2857527783765525,61.5,10,0,0.1,0.9,full_partition,target-discovery-v1,5,0.05,0.31,0.1964758125472411,0.295,0.1637173694779116,2,pairwise_f1,hungarian,3.5,0,123,0.2894094563543973,0.5491671537112799,0.5491671537112799,0.3788,0.9922122492080252,0.3796464646464646,0.0033959483789956,0.0017163039057363,0.158989898989899,0.3788,123,macro,0,0,0.705,0.022338403041825,0.011349001931745,0.705,123,2,0.0,0.0,2,121,0.0,0.31,0.0,0.1964758125472411,0.1637173694779116,"{""dimension"": 2, ""family"": ""moons"", ""n"": 20000}","{""geometry_profile"": ""low_dim"", ""knn_backend"": ""kd_tree"", ""min_cluster_size"": 40, ""min_samples"": 5}",native_target_discovery_v1
ok,synthetic,moons_noise99__quality__n20000,HDBSCAN,223,0.2.4,20000,2,0.0616405999990092,2.9111792000003334,5.975599499999589,190.70703125,4.55859375,191.13671875,,0.322394382053757,0.1410504470683176,115,105,0.373989898989899,known_synthetic_noise,0.5719949494949494,0.2838125261822404,57.5,10,0,0.1,0.9,full_partition,target-discovery-v1,8,0.05,0.29,0.1558763931104356,0.23,0.1073894650655021,2,pairwise_f1,hungarian,5.0,0,115,0.2422662516545322,0.5434662948148692,0.5434662948148692,0.37255,0.9938263320359684,0.373989898989899,0.0029998390774583,0.0015151003984039,0.1496969696969697,0.37255,115,macro,0,0,0.77,0.0241587575496117,0.0122718941748346,0.77,115,2,0.0,0.0,2,113,0.0,0.29,0.0,0.1558763931104356,0.1073894650655021,"{""dimension"": 2, ""family"": ""moons"", ""n"": 20000}","{""geometry_profile"": ""low_dim"", ""knn_backend"": ""kd_tree"", ""min_cluster_size"": 40, ""min_samples"": 5}",native_target_discovery_v1
ok,synthetic,moons_noise99__quality__n20000,HDBSCAN,227,0.2.4,20000,2,0.0578276000014739,2.964007799999308,6.00594479999927,191.1015625,4.7890625,191.33203125,,0.3052098473361412,0.1040632232594147,133,121,0.3905555555555555,known_synthetic_noise,0.5152777777777777,0.2904571558125019,66.5,12,0,0.1,0.9,full_partition,target-discovery-v1,8,0.05,0.235,0.1571142007332088,0.36,0.135940371656116,2,pairwise_f1,hungarian,5.0,0,133,0.2454084083555531,0.5602608223147981,0.5602608223147981,0.39025,0.9907751441383728,0.3905555555555555,0.0026770205374476,0.0013556515665019,0.1058585858585858,0.39025,133,macro,0,0,0.64,0.0206534893102057,0.0104961049610496,0.64,133,2,0.0,0.0,2,131,0.0,0.235,0.0,0.1571142007332088,0.135940371656116,"{""dimension"": 2, ""family"": ""moons"", ""n"": 20000}","{""geometry_profile"": ""low_dim"", ""knn_backend"": ""kd_tree"", ""min_cluster_size"": 40, ""min_samples"": 5}",native_target_discovery_v1
ok,synthetic,moons_noise99__quality__n20000,HDBSCAN,229,0.2.4,20000,2,0.0582164000006741,2.909659900000406,5.974410699998771,190.9765625,4.5078125,193.87890625,,0.3584277122490377,0.1832401577656923,109,100,0.3451010101010101,known_synthetic_noise,0.5725505050505051,0.2681823607525012,54.5,9,0,0.1,0.9,full_partition,target-discovery-v1,7,0.05,0.225,0.1997560975609756,0.1999999999999999,0.1824657534246575,2,pairwise_f1,hungarian,4.5,0,109,0.2874437467964208,0.5123533160874292,0.5123533160874292,0.34365,0.9941801251273098,0.3451010101010101,0.002720515651704,0.001370568908606,0.1808080808080808,0.34365,109,macro,0,0,0.8,0.0240114054175733,0.0121886188771234,0.8,109,2,0.0,0.0,2,107,0.0,0.225,0.0,0.1997560975609756,0.1824657534246575,"{""dimension"": 2, ""family"": ""moons"", ""n"": 20000}","{""geometry_profile"": ""low_dim"", ""knn_backend"": ""kd_tree"", ""min_cluster_size"": 40, ""min_samples"": 5}",native_target_discovery_v1
ok,synthetic,moons_noise99__quality__n20000,HDBSCAN,233,0.2.4,20000,2,0.0586930999998003,2.9133080999999947,5.945422400000098,190.421875,4.21484375,192.71875,,0.3146926936208009,0.1023967627349413,117,102,0.3765656565656565,known_synthetic_noise,0.5807828282828282,0.2854847890385764,58.5,15,0,0.1,0.9,full_partition,target-discovery-v1,10,0.05,0.155,0.1713717199353314,0.215,0.1925287356321839,2,pairwise_f1,hungarian,6.0,0,117,0.2608942325966527,0.546247115278948,0.546247115278948,0.37495,0.9942659021202828,0.3765656565656565,0.0019322165659873,0.0009751724320933,0.1039393939393939,0.37495,117,macro,0,0,0.785,0.0247224627982048,0.0125589952803775,0.785,117,2,0.0,0.0,2,115,0.0,0.155,0.0,0.1713717199353314,0.1925287356321839,"{""dimension"": 2, ""family"": ""moons"", ""n"": 20000}","{""geometry_profile"": ""low_dim"", ""knn_backend"": ""kd_tree"", ""min_cluster_size"": 40, ""min_samples"": 5}",native_target_discovery_v1
ok,synthetic,moons_noise99__quality__n20000,OPTICS,211,0.2.4,20000,2,0.0663626000005024,15.892616299999643,18.898189399998955,190.15234375,3.58203125,190.37890625,,0.0,0.0,4,4,0.9903535353535352,known_synthetic_noise,0.4951767676767676,0.4950642530737963,2.0,0,0,0.1,0.9,full_partition,target-discovery-v1,0,0.05,0.0,0.0,1.0,0.0,0,pairwise_f1,hungarian,0.0,0,4,0.0,0.9901285061475928,0.9901285061475928,0.99045,0.9899035791811804,0.9903535353535352,0.0,0.0,0.0,0.99045,4,macro,0,0,0.0,0.0,0.0,0.0,4,2,0.0,0.0,2,4,0.0,0.0,0.0,0.0,0.0,"{""dimension"": 2, ""family"": ""moons"", ""n"": 20000}","{""geometry_profile"": ""low_dim"", ""knn_backend"": ""kd_tree"", ""max_eps"": 0.09115498512983322, ""max_eps_quantile"": 0.98, ""min_cluster_size"": 40, ""min_samples"": 5, ""xi"": 0.1}",native_target_discovery_v1
ok,synthetic,moons_noise99__quality__n20000,OPTICS,223,0.2.4,20000,2,0.0567353000005823,15.834446300001218,18.81434519999857,191.18359375,4.77734375,191.34765625,,0.0,0.0,2,2,0.9955050505050506,known_synthetic_noise,0.4977525252525253,0.4963612097403742,1.0,0,0,0.1,0.9,full_partition,target-discovery-v1,0,0.05,0.0,0.0,1.0,0.0,0,pairwise_f1,hungarian,0.0,0,2,0.0,0.9927224194807484,0.9927224194807484,0.99555,0.98995530108985,0.9955050505050506,0.0,0.0,0.0,0.99555,2,macro,0,0,0.0,0.0,0.0,0.0,2,2,0.0,0.0,2,2,0.0,0.0,0.0,0.0,0.0,"{""dimension"": 2, ""family"": ""moons"", ""n"": 20000}","{""geometry_profile"": ""low_dim"", ""knn_backend"": ""kd_tree"", ""max_eps"": 0.09032856673002243, ""max_eps_quantile"": 0.98, ""min_cluster_size"": 40, ""min_samples"": 5, ""xi"": 0.1}",native_target_discovery_v1
ok,synthetic,moons_noise99__quality__n20000,OPTICS,227,0.2.4,20000,2,0.0619540999996388,15.901258699999744,18.937202299999623,190.96875,4.78125,191.0078125,,0.0,0.0,5,5,0.9892424242424244,known_synthetic_noise,0.4946212121212121,0.4947836410942986,2.5,0,0,0.1,0.9,full_partition,target-discovery-v1,0,0.05,0.0,0.0,1.0,0.0,0,pairwise_f1,hungarian,0.0,0,5,0.0,0.9895672821885972,0.9895672821885972,0.98935,0.9898923535654722,0.9892424242424244,0.0,0.0,0.0,0.98935,5,macro,0,0,0.0,0.0,0.0,0.0,5,2,0.0,0.0,2,5,0.0,0.0,0.0,0.0,0.0,"{""dimension"": 2, ""family"": ""moons"", ""n"": 20000}","{""geometry_profile"": ""low_dim"", ""knn_backend"": ""kd_tree"", ""max_eps"": 0.09108871966600418, ""max_eps_quantile"": 0.98, ""min_cluster_size"": 40, ""min_samples"": 5, ""xi"": 0.1}",native_target_discovery_v1
ok,synthetic,moons_noise99__quality__n20000,OPTICS,229,0.2.4,20000,2,0.0600021999998716,15.722687999999836,18.75521419999859,191.3125,5.01953125,191.3671875,,0.0604364938906228,0.0056324881918908,5,4,0.9888383838383838,known_synthetic_noise,0.5144191919191919,0.5134295505779674,2.5,1,0,0.1,0.9,full_partition,target-discovery-v1,0,0.05,0.04,0.0551724137931034,0.96,0.0888888888888888,1,pairwise_f1,hungarian,0.5,0,5,0.1045175242948593,0.9895630638598972,0.9895630638598972,0.98855,0.9902888068382986,0.9888383838383838,0.0037187064214091,0.005427408412483,0.0028282828282828,0.98855,5,macro,0,0,0.04,0.0372960372960372,0.0349344978165938,0.04,5,2,0.0,0.0,2,4,0.0,0.04,0.0,0.0551724137931034,0.0888888888888888,"{""dimension"": 2, ""family"": ""moons"", ""n"": 20000}","{""geometry_profile"": ""low_dim"", ""knn_backend"": ""kd_tree"", ""max_eps"": 0.09125404059886932, ""max_eps_quantile"": 0.98, ""min_cluster_size"": 40, ""min_samples"": 5, ""xi"": 0.1}",native_target_discovery_v1
ok,synthetic,moons_noise99__quality__n20000,OPTICS,233,0.2.4,20000,2,0.0574153999987174,15.59780039999896,18.60583790000055,191.1171875,4.80078125,191.30078125,,0.0,0.0,2,2,0.9958080808080808,known_synthetic_noise,0.4979040404040404,0.4964372938540172,1.0,0,0,0.1,0.9,full_partition,target-discovery-v1,0,0.05,0.0,0.0,1.0,0.0,0,pairwise_f1,hungarian,0.0,0,2,0.0,0.9928745877080344,0.9928745877080344,0.99585,0.9899583270572876,0.9958080808080808,0.0,0.0,0.0,0.99585,2,macro,0,0,0.0,0.0,0.0,0.0,2,2,0.0,0.0,2,2,0.0,0.0,0.0,0.0,0.0,"{""dimension"": 2, ""family"": ""moons"", ""n"": 20000}","{""geometry_profile"": ""low_dim"", ""knn_backend"": ""kd_tree"", ""max_eps"": 0.09106174111366272, ""max_eps_quantile"": 0.98, ""min_cluster_size"": 40, ""min_samples"": 5, ""xi"": 0.1}",native_target_discovery_v1
ok,synthetic,moons_noise99__quality__n20000,SNN-DBSCAN,211,0.2.4,20000,2,0.0604102999986935,0.237369899999976,4.011092099999587,253.39453125,26.921875,242.37890625,,0.2750363907717542,0.0645369477298315,523,487,0.0919696969696969,known_synthetic_noise,0.4959848484848485,0.0939502898763814,261.5,36,0,0.1,0.9,full_partition,target-discovery-v1,14,0.05,0.12,0.1521528785679729,0.1,0.2079297820823244,2,pairwise_f1,hungarian,8.0,0,523,0.1598158685627362,0.1682916685920243,0.1682916685920243,0.09205,0.9891363389462248,0.0919696969696969,0.0023779234034999,0.0012111326256149,0.0649494949494949,0.09205,523,macro,0,0,0.9,0.0196089111607386,0.0099124401123409,0.9,523,2,0.0,0.0,2,521,0.0,0.12,0.0,0.1521528785679729,0.2079297820823245,"{""dimension"": 2, ""family"": ""moons"", ""n"": 20000}","{""eps"": 13, ""geometry_profile"": ""low_dim"", ""k"": 20, ""knn_backend"": ""kd_tree"", ""min_samples"": 5}",native_target_discovery_v1
ok,synthetic,moons_noise99__quality__n20000,SNN-DBSCAN,223,0.2.4,20000,2,0.0602939999989757,0.2235560999997687,4.002371900000071,254.8515625,28.5859375,253.21875,,0.2939509671685602,0.0747905585291934,527,489,0.0844444444444444,known_synthetic_noise,0.5197222222222222,0.0881499592066888,265.0,41,0,0.1,0.9,full_partition,target-discovery-v1,15,0.05,0.165,0.1851315704818889,0.045,0.2197457930540637,2,pairwise_f1,hungarian,8.5,0,530,0.1691287889382133,0.1556724547274335,0.1556724547274335,0.08405,0.994646044021416,0.0844444444444444,0.0021943760114946,0.0011144567778367,0.0708080808080808,0.08405,530,macro,0,0,0.955,0.0206274636859441,0.0104263333151372,0.955,527,2,0.0,0.0,2,528,0.0,0.165,0.0,0.1851315704818889,0.2197457930540637,"{""dimension"": 2, ""family"": ""moons"", ""n"": 20000}","{""eps"": 13, ""geometry_profile"": ""low_dim"", ""k"": 20, ""knn_backend"": ""kd_tree"", ""min_samples"": 5}",native_target_discovery_v1
ok,synthetic,moons_noise99__quality__n20000,SNN-DBSCAN,227,0.2.4,20000,2,0.0572517000000516,0.2250105000002804,4.003397899999982,253.8515625,27.0625,248.27734375,,0.2648375585944423,0.0609521084053082,497,457,0.0879797979797979,known_synthetic_noise,0.503989898989899,0.090782495402928,249.0,41,0,0.1,0.9,full_partition,target-discovery-v1,13,0.05,0.14,0.1432135728542914,0.08,0.1522130725681935,2,pairwise_f1,hungarian,7.5,0,498,0.1518569024021568,0.1616105390110399,0.1616105390110399,0.0879,0.9908987485779296,0.0879797979797979,0.001681861704342,0.0008526444641425,0.0612121212121212,0.0879,498,macro,0,0,0.92,0.0199544517948161,0.010086613309944,0.92,497,2,0.0,0.0,2,496,0.0,0.14,0.0,0.1432135728542914,0.1522130725681935,"{""dimension"": 2, ""family"": ""moons"", ""n"": 20000}","{""eps"": 13, ""geometry_profile"": ""low_dim"", ""k"": 20, ""knn_backend"": ""kd_tree"", ""min_samples"": 5}",native_target_discovery_v1
ok,synthetic,moons_noise99__quality__n20000,SNN-DBSCAN,229,0.2.4,20000,2,0.0605706999995163,0.2281965999991371,4.019857900000716,246.09765625,19.453125,245.140625,,0.2905908078422248,0.0754461189390053,488,455,0.0893434343434343,known_synthetic_noise,0.5071717171717172,0.0920044709244998,244.5,34,0,0.1,0.9,full_partition,target-discovery-v1,13,0.05,0.13,0.1705816554809843,0.075,0.2487244897959183,2,pairwise_f1,hungarian,7.5,0,489,0.167183306241258,0.1639177168272794,0.1639177168272794,0.0892,0.9915919282511212,0.0893434343434343,0.0023684286534937,0.001203330191848,0.0745454545454545,0.0892,489,macro,0,0,0.925,0.0200912250217202,0.0101559068950373,0.925,488,2,0.0,0.0,2,487,0.0,0.13,0.0,0.1705816554809843,0.2487244897959183,"{""dimension"": 2, ""family"": ""moons"", ""n"": 20000}","{""eps"": 13, ""geometry_profile"": ""low_dim"", ""k"": 20, ""knn_backend"": ""kd_tree"", ""min_samples"": 5}",native_target_discovery_v1
ok,synthetic,moons_noise99__quality__n20000,SNN-DBSCAN,233,0.2.4,20000,2,0.0565716000000975,0.2286731999993208,3.985360299999229,255.02734375,28.53515625,255.02734375,,0.3180321255807055,0.0995758337345351,510,482,0.0945959595959596,known_synthetic_noise,0.5147979797979798,0.0965798537649823,255.0,28,0,0.1,0.9,full_partition,target-discovery-v1,15,0.05,0.195,0.1760339099553213,0.065,0.2091210613598673,2,pairwise_f1,hungarian,8.5,0,510,0.1743704694105476,0.1727381720925943,0.1727381720925943,0.0943,0.9931071049840932,0.0945959595959596,0.0030514635694673,0.0015495419944796,0.0992929292929293,0.0943,510,macro,0,0,0.935,0.0204215354373703,0.010323506679916,0.935,510,2,0.0,0.0,2,508,0.0,0.195,0.0,0.1760339099553213,0.2091210613598673,"{""dimension"": 2, ""family"": ""moons"", ""n"": 20000}","{""eps"": 13, ""geometry_profile"": ""low_dim"", ""k"": 20, ""knn_backend"": ""kd_tree"", ""min_samples"": 5}",native_target_discovery_v1
ok,synthetic,moons_noise99__quality__n20000,StrataSCAN,211,0.2.4,20000,2,0.0592089000001578,0.7275477000002866,3.9202635000001465,234.27734375,47.87890625,232.81640625,,0.0,0.0,3,3,0.998838383838384,known_synthetic_noise,0.4994191919191919,0.4971968725645473,1.5,0,0,0.1,0.9,full_partition,target-discovery-v1,0,0.05,0.0,0.0,1.0,0.0,0,pairwise_f1,hungarian,0.0,0,3,0.0,0.9943937451290948,0.9943937451290948,0.99885,0.9899884867597736,0.998838383838384,0.0,0.0,0.0,0.99885,3,macro,0,0,0.0,0.0,0.0,0.0,3,2,0.0,0.0,2,3,0.0,0.0,0.0,0.0,0.0,"{""dimension"": 2, ""family"": ""moons"", ""n"": 20000}","{""ambiguous_model_confirmation_tolerance"": 1e-05, ""assignment"": ""maximum_posterior_basis_then_semantic_role"", ""background_model"": ""adaptive_gamma_basis_mixture_with_largest_rate_gap"", ""background_scan"": ""adaptive_dyadic_rank_windows_with_poisson_beta_boundary_code"", ""border_rule"": ""strict_local_core_radius"", ""component_initialization"": ""compiled_split_warm_single_start_with_guarded_confirmation"", ""component_selection"": ""semantic_icl_with_adaptive_bound"", ""connectivity"": ""density_ordered_non_merging_knn_watershed"", ""core_thresholds"": ""observed_d4_event_sweep"", ""duplicate_profile_confirmation_minimum"": 3, ""duplicate_profile_confirmation_tolerance"": 1e-08, ""extraction_objective"": ""gamma_topology_description_length"", ""fit_samples"": ""all_rows"", ""gamma_tolerance"": 0.0001, ""geometry_profile"": ""low_dim"", ""hard_component_bound"": 24, ""initial_component_bound"": 8, ""k"": 32, ""knn_backend"": ""kd_tree"", ""shell_ranks"": [4, 8, 16, 32], ""stratification_model"": ""adaptive_gamma_density_basis_with_semantic_background"", ""version"": ""0.2.3""}",native_target_discovery_v1
ok,synthetic,moons_noise99__quality__n20000,StrataSCAN,223,0.2.4,20000,2,0.0596731999994517,0.7368373000008432,3.9805018000006394,261.8515625,75.69921875,258.7109375,,0.0,0.0,1,0,0.0157575757575757,known_synthetic_noise,0.5078787878787879,0.0255694418576966,0.5,1,0,0.1,0.9,full_partition,target-discovery-v1,0,0.05,0.5,0.0050535678188801,0.0,0.0025396180414465,1,pairwise_f1,hungarian,1.0,1,1,0.0086914663172251,0.0310262529832935,0.0310262529832935,0.0156,1.0,0.0157575757575757,0.0001021625816562,5.108390025970642e-05,1.0,0.0156,1,macro,0,0,1.0,0.0201126307320997,0.0101584721657862,1.0,1,2,0.0,0.0,2,0,0.0,0.5,0.0,0.0050535678188801,0.0025396180414465,"{""dimension"": 2, ""family"": ""moons"", ""n"": 20000}","{""ambiguous_model_confirmation_tolerance"": 1e-05, ""assignment"": ""maximum_posterior_basis_then_semantic_role"", ""background_model"": ""adaptive_gamma_basis_mixture_with_largest_rate_gap"", ""background_scan"": ""adaptive_dyadic_rank_windows_with_poisson_beta_boundary_code"", ""border_rule"": ""strict_local_core_radius"", ""component_initialization"": ""compiled_split_warm_single_start_with_guarded_confirmation"", ""component_selection"": ""semantic_icl_with_adaptive_bound"", ""connectivity"": ""density_ordered_non_merging_knn_watershed"", ""core_thresholds"": ""observed_d4_event_sweep"", ""duplicate_profile_confirmation_minimum"": 3, ""duplicate_profile_confirmation_tolerance"": 1e-08, ""extraction_objective"": ""gamma_topology_description_length"", ""fit_samples"": ""all_rows"", ""gamma_tolerance"": 0.0001, ""geometry_profile"": ""low_dim"", ""hard_component_bound"": 24, ""initial_component_bound"": 8, ""k"": 32, ""knn_backend"": ""kd_tree"", ""shell_ranks"": [4, 8, 16, 32], ""stratification_model"": ""adaptive_gamma_density_basis_with_semantic_background"", ""version"": ""0.2.3""}",native_target_discovery_v1
ok,synthetic,moons_noise99__quality__n20000,StrataSCAN,227,0.2.4,20000,2,0.0607732999997097,0.7377945999996882,3.93079360000047,262.28515625,75.92578125,258.66796875,,0.0,0.0,1,0,0.0141919191919191,known_synthetic_noise,0.5070959595959595,0.0240339917175491,0.5,1,0,0.1,0.9,full_partition,target-discovery-v1,0,0.05,0.5,0.0050456632524345,0.0,0.0025356255388204,1,pairwise_f1,hungarian,1.0,1,1,0.0085498834736077,0.027986654051093,0.027986654051093,0.01405,1.0,0.0141919191919191,0.0001018416252553,5.092340568885735e-05,1.0,0.01405,1,macro,0,0,1.0,0.0200813293840052,0.0101425021552817,1.0,1,2,0.0,0.0,2,0,0.0,0.5,0.0,0.0050456632524345,0.0025356255388204,"{""dimension"": 2, ""family"": ""moons"", ""n"": 20000}","{""ambiguous_model_confirmation_tolerance"": 1e-05, ""assignment"": ""maximum_posterior_basis_then_semantic_role"", ""background_model"": ""adaptive_gamma_basis_mixture_with_largest_rate_gap"", ""background_scan"": ""adaptive_dyadic_rank_windows_with_poisson_beta_boundary_code"", ""border_rule"": ""strict_local_core_radius"", ""component_initialization"": ""compiled_split_warm_single_start_with_guarded_confirmation"", ""component_selection"": ""semantic_icl_with_adaptive_bound"", ""connectivity"": ""density_ordered_non_merging_knn_watershed"", ""core_thresholds"": ""observed_d4_event_sweep"", ""duplicate_profile_confirmation_minimum"": 3, ""duplicate_profile_confirmation_tolerance"": 1e-08, ""extraction_objective"": ""gamma_topology_description_length"", ""fit_samples"": ""all_rows"", ""gamma_tolerance"": 0.0001, ""geometry_profile"": ""low_dim"", ""hard_component_bound"": 24, ""initial_component_bound"": 8, ""k"": 32, ""knn_backend"": ""kd_tree"", ""shell_ranks"": [4, 8, 16, 32], ""stratification_model"": ""adaptive_gamma_density_basis_with_semantic_background"", ""version"": ""0.2.3""}",native_target_discovery_v1
ok,synthetic,moons_noise99__quality__n20000,StrataSCAN,229,0.2.4,20000,2,0.0574663000006694,0.738354299999628,3.9556171000003815,268.78125,82.75390625,259.41015625,,0.0,0.0,1,0,0.0146969696969696,known_synthetic_noise,0.5073484848484848,0.0245298053282948,0.5,1,0,0.1,0.9,full_partition,target-discovery-v1,0,0.05,0.5,0.0050482104094098,0.0,0.0025369120706276,1,pairwise_f1,hungarian,1.0,1,1,0.0085980597636065,0.028968194714051,0.028968194714051,0.01455,1.0,0.0146969696969696,0.0001019449941264,5.097509539113772e-05,1.0,0.01455,1,macro,0,0,1.0,0.0200914159425385,0.0101476482825105,1.0,1,2,0.0,0.0,2,0,0.0,0.5,0.0,0.0050482104094098,0.0025369120706276,"{""dimension"": 2, ""family"": ""moons"", ""n"": 20000}","{""ambiguous_model_confirmation_tolerance"": 1e-05, ""assignment"": ""maximum_posterior_basis_then_semantic_role"", ""background_model"": ""adaptive_gamma_basis_mixture_with_largest_rate_gap"", ""background_scan"": ""adaptive_dyadic_rank_windows_with_poisson_beta_boundary_code"", ""border_rule"": ""strict_local_core_radius"", ""component_initialization"": ""compiled_split_warm_single_start_with_guarded_confirmation"", ""component_selection"": ""semantic_icl_with_adaptive_bound"", ""connectivity"": ""density_ordered_non_merging_knn_watershed"", ""core_thresholds"": ""observed_d4_event_sweep"", ""duplicate_profile_confirmation_minimum"": 3, ""duplicate_profile_confirmation_tolerance"": 1e-08, ""extraction_objective"": ""gamma_topology_description_length"", ""fit_samples"": ""all_rows"", ""gamma_tolerance"": 0.0001, ""geometry_profile"": ""low_dim"", ""hard_component_bound"": 24, ""initial_component_bound"": 8, ""k"": 32, ""knn_backend"": ""kd_tree"", ""shell_ranks"": [4, 8, 16, 32], ""stratification_model"": ""adaptive_gamma_density_basis_with_semantic_background"", ""version"": ""0.2.3""}",native_target_discovery_v1
ok,synthetic,moons_noise99__quality__n20000,StrataSCAN,233,0.2.4,20000,2,0.0606631999999081,0.7332104000015534,3.9264020000009614,259.953125,73.81640625,259.56640625,,0.0,0.0,1,0,0.0155050505050505,known_synthetic_noise,0.5077525252525252,0.0253221022818725,0.5,1,0,0.1,0.9,full_partition,target-discovery-v1,0,0.05,0.5,0.0050522912140655,0.0,0.002538973239222,1,pairwise_f1,hungarian,1.0,1,1,0.0086701108941073,0.0305366290346645,0.0305366290346645,0.01535,1.0,0.0155050505050505,0.0001021107119613,5.1057962763149256e-05,1.0,0.01535,1,macro,0,0,1.0,0.0201075755290805,0.0101558929568882,1.0,1,2,0.0,0.0,2,0,0.0,0.5,0.0,0.0050522912140655,0.002538973239222,"{""dimension"": 2, ""family"": ""moons"", ""n"": 20000}","{""ambiguous_model_confirmation_tolerance"": 1e-05, ""assignment"": ""maximum_posterior_basis_then_semantic_role"", ""background_model"": ""adaptive_gamma_basis_mixture_with_largest_rate_gap"", ""background_scan"": ""adaptive_dyadic_rank_windows_with_poisson_beta_boundary_code"", ""border_rule"": ""strict_local_core_radius"", ""component_initialization"": ""compiled_split_warm_single_start_with_guarded_confirmation"", ""component_selection"": ""semantic_icl_with_adaptive_bound"", ""connectivity"": ""density_ordered_non_merging_knn_watershed"", ""core_thresholds"": ""observed_d4_event_sweep"", ""duplicate_profile_confirmation_minimum"": 3, ""duplicate_profile_confirmation_tolerance"": 1e-08, ""extraction_objective"": ""gamma_topology_description_length"", ""fit_samples"": ""all_rows"", ""gamma_tolerance"": 0.0001, ""geometry_profile"": ""low_dim"", ""hard_component_bound"": 24, ""initial_component_bound"": 8, ""k"": 32, ""knn_backend"": ""kd_tree"", ""shell_ranks"": [4, 8, 16, 32], ""stratification_model"": ""adaptive_gamma_density_basis_with_semantic_background"", ""version"": ""0.2.3""}",native_target_discovery_v1
ok,synthetic,moons_noise99__quality__n20000,VDBSCAN-2007,211,0.2.4,20000,2,0.0594737999999779,0.2962969999989582,3.3051955999999336,192.83203125,6.96484375,192.5078125,,0.0486852456576585,0.006686239503676,198,190,0.0176767676767676,known_synthetic_noise,0.5063383838383838,0.0273945590583527,100.0,10,0,0.1,0.9,full_partition,target-discovery-v1,1,0.05,0.03,0.0558201058201058,0.005,0.4125,2,pairwise_f1,hungarian,1.5,1,200,0.0428248699125714,0.0347377301374621,0.0347377301374621,0.01755,0.9971509971509972,0.0176767676767676,0.0001023690453517,5.118763836917893e-05,0.8409090909090909,0.01755,200,macro,0,0,0.995,0.0200513879792432,0.0101277418698152,0.995,198,2,0.0,0.0,2,198,0.0,0.03,0.0,0.0558201058201058,0.4125,"{""dimension"": 2, ""family"": ""moons"", ""n"": 20000}","{""eps_values"": [0.028540585190057755, 0.07601379603147507, 0.09295132011175156], ""geometry_profile"": ""low_dim"", ""knee_prominence"": 0.03, ""knn_backend"": ""kd_tree"", ""max_eps_values"": 3, ""min_samples"": 5}",native_target_discovery_v1
ok,synthetic,moons_noise99__quality__n20000,VDBSCAN-2007,223,0.2.4,20000,2,0.0577195999994728,0.2973198999989108,3.3337258999999904,194.1171875,8.15234375,194.1171875,,0.0475687857808481,0.0007139818080657,230,220,0.0171212121212121,known_synthetic_noise,0.503560606060606,0.0268016296079955,115.5,11,0,0.1,0.9,full_partition,target-discovery-v1,0,0.05,0.035,0.0655136268343815,0.01,0.5208333333333333,2,pairwise_f1,hungarian,1.0,1,231,0.0444736095699861,0.0336626781192592,0.0336626781192592,0.01705,0.9941348973607038,0.0171212121212121,0.0001004114433542,5.0208866289809565e-05,0.8016161616161617,0.01705,231,macro,0,0,0.99,0.0199405810967319,0.010071722875019,0.99,230,2,0.0,0.0,2,229,0.0,0.035,0.0,0.0655136268343815,0.5208333333333333,"{""dimension"": 2, ""family"": ""moons"", ""n"": 20000}","{""eps_values"": [0.02899809367954731, 0.07565581798553467, 0.092652328312397], ""geometry_profile"": ""low_dim"", ""knee_prominence"": 0.03, ""knn_backend"": ""kd_tree"", ""max_eps_values"": 3, ""min_samples"": 5}",native_target_discovery_v1
ok,synthetic,moons_noise99__quality__n20000,VDBSCAN-2007,227,0.2.4,20000,2,0.0598519999985001,0.2994110999989061,3.3292731000001368,192.36328125,6.359375,192.37109375,,0.0462668345339463,0.0001570105197048,207,199,0.020050505050505,known_synthetic_noise,0.5100252525252525,0.0297558644883623,104.0,9,0,0.1,0.9,full_partition,target-discovery-v1,0,0.05,0.025,0.0476190476190476,0.0,0.5,2,pairwise_f1,hungarian,1.0,1,208,0.0430690786797211,0.0393127692231519,0.0393127692231519,0.01985,1.0,0.020050505050505,0.0001162346525188,5.812127346728741e-05,0.8557575757575757,0.01985,208,macro,0,0,1.0,0.0201989597535726,0.0102025200224455,1.0,207,2,0.0,0.0,2,206,0.0,0.025,0.0,0.0476190476190476,0.5,"{""dimension"": 2, ""family"": ""moons"", ""n"": 20000}","{""eps_values"": [0.02884557656943798, 0.07535281032323837, 0.0933067798614502], ""geometry_profile"": ""low_dim"", ""knee_prominence"": 0.03, ""knn_backend"": ""kd_tree"", ""max_eps_values"": 3, ""min_samples"": 5}",native_target_discovery_v1
ok,synthetic,moons_noise99__quality__n20000,VDBSCAN-2007,229,0.2.4,20000,2,0.059656299999915,0.3051441999996314,3.326763400000345,194.890625,8.52734375,194.23046875,,0.0203940680459426,-0.0002596234252782,208,197,0.0162626262626262,known_synthetic_noise,0.5081313131313131,0.0260637598325033,104.0,11,0,0.1,0.9,full_partition,target-discovery-v1,0,0.05,0.02,0.038095238095238,0.0,0.4,2,pairwise_f1,hungarian,1.0,1,208,0.0347854268506765,0.0320047708975251,0.0320047708975251,0.0161,1.0,0.0162626262626262,0.0001072619042815,5.363424350805742e-05,0.8739393939393939,0.0161,208,macro,0,0,1.0,0.0201227487674816,0.0101636345157028,1.0,208,2,0.0,0.0,2,206,0.0,0.02,0.0,0.038095238095238,0.4,"{""dimension"": 2, ""family"": ""moons"", ""n"": 20000}","{""eps_values"": [0.027925502508878708, 0.07603752613067627, 0.09347421675920486], ""geometry_profile"": ""low_dim"", ""knee_prominence"": 0.03, ""knn_backend"": ""kd_tree"", ""max_eps_values"": 3, ""min_samples"": 5}",native_target_discovery_v1
ok,synthetic,moons_noise99__quality__n20000,VDBSCAN-2007,233,0.2.4,20000,2,0.062576700000136,0.297898200000418,3.377979700000651,193.25390625,7.1953125,191.86328125,,0.0329481175417135,0.0001650775436662,205,197,0.0184343434343434,known_synthetic_noise,0.5042171717171717,0.0280822354636621,103.0,9,0,0.1,0.9,full_partition,target-discovery-v1,0,0.05,0.03,0.0563492063492063,0.01,0.4875,2,pairwise_f1,hungarian,1.0,1,206,0.0440795575205057,0.0361977487975405,0.0361977487975405,0.01835,0.994550408719346,0.0184343434343434,0.0001037905893527,5.189847610320704e-05,0.8465656565656565,0.01835,206,macro,0,0,0.99,0.0199667221297836,0.0100850608669077,0.99,205,2,0.0,0.0,2,204,0.0,0.03,0.0,0.0563492063492063,0.4875,"{""dimension"": 2, ""family"": ""moons"", ""n"": 20000}","{""eps_values"": [0.028375331312417984, 0.07581571489572525, 0.09313075244426727], ""geometry_profile"": ""low_dim"", ""knee_prominence"": 0.03, ""knn_backend"": ""kd_tree"", ""max_eps_values"": 3, ""min_samples"": 5}",native_target_discovery_v1
ok,synthetic,moons_noise99__quality__n20000,kNN+Leiden,211,0.2.4,20000,2,0.0578409999998257,1.138199099999838,4.894964900000559,286.81640625,70.5,291.25,,0.4733784812954107,0.3586262919281585,25,19,0.0,known_synthetic_noise,0.5,0.0099009900990099,12.5,6,0,0.1,0.9,full_partition,target-discovery-v1,4,0.05,0.475,0.1122039319491548,0.0,0.0636790447168875,2,pairwise_f1,hungarian,3.0,1,25,0.0,0.0,0.0,0.0,0.0,0.0,0.0009239518589221,0.0004625044883853,0.4042424242424242,0.0,25,macro,0,0,1.0,0.0198019801980198,0.01,1.0,25,2,0.0,0.0,2,23,0.0,0.475,0.0,0.1122039319491548,0.0636790447168875,"{""dimension"": 2, ""family"": ""moons"", ""n"": 20000}","{""edge_rank"": 15, ""geometry_profile"": ""low_dim"", ""k"": 20, ""knn_backend"": ""kd_tree"", ""resolution"": 0.5, ""symmetrization"": ""union"", ""weights"": ""1/(1+d)""}",native_target_discovery_v1
ok,synthetic,moons_noise99__quality__n20000,kNN+Leiden,223,0.2.4,20000,2,0.0607017000002088,1.569819099999222,5.339527500000258,286.1875,70.26171875,291.64453125,,0.1902961348097701,0.1555436625737144,25,18,0.0,known_synthetic_noise,0.5,0.0099009900990099,12.5,7,0,0.1,0.9,full_partition,target-discovery-v1,7,0.05,0.485,0.1064593908629441,0.0,0.0598789346246973,2,pairwise_f1,hungarian,4.5,3,25,0.0,0.0,0.0,0.0,0.0,0.0,0.0007544491706858,0.0003776625945959,0.3252525252525252,0.0,25,macro,0,0,1.0,0.0198019801980198,0.01,1.0,25,2,0.0,0.0,2,23,0.0,0.485,0.0,0.1064593908629441,0.0598789346246973,"{""dimension"": 2, ""family"": ""moons"", ""n"": 20000}","{""edge_rank"": 15, ""geometry_profile"": ""low_dim"", ""k"": 20, ""knn_backend"": ""kd_tree"", ""resolution"": 0.5, ""symmetrization"": ""union"", ""weights"": ""1/(1+d)""}",native_target_discovery_v1
ok,synthetic,moons_noise99__quality__n20000,kNN+Leiden,227,0.2.4,20000,2,0.064048800000819,1.0379112999999052,4.840332100000524,285.796875,70.16796875,290.18359375,,0.4611921258052037,0.3166428858592129,24,19,0.0,known_synthetic_noise,0.5,0.0099009900990099,12.0,5,0,0.1,0.9,full_partition,target-discovery-v1,4,0.05,0.41,0.1116871756681679,0.0,0.0655980644185694,2,pairwise_f1,hungarian,3.0,1,24,0.0,0.0,0.0,0.0,0.0,0.0,0.0009047324632596,0.0004528732714534,0.404040404040404,0.0,24,macro,0,0,1.0,0.0198019801980198,0.01,1.0,24,2,0.0,0.0,2,22,0.0,0.41,0.0,0.1116871756681678,0.0655980644185694,"{""dimension"": 2, ""family"": ""moons"", ""n"": 20000}","{""edge_rank"": 15, ""geometry_profile"": ""low_dim"", ""k"": 20, ""knn_backend"": ""kd_tree"", ""resolution"": 0.5, ""symmetrization"": ""union"", ""weights"": ""1/(1+d)""}",native_target_discovery_v1
ok,synthetic,moons_noise99__quality__n20000,kNN+Leiden,229,0.2.4,20000,2,0.0627832999998645,1.1848908000010852,4.988195100000667,286.4375,69.9296875,291.703125,,0.1585163754293592,0.1344775127958786,25,20,0.0,known_synthetic_noise,0.5,0.0099009900990099,12.5,5,0,0.1,0.9,full_partition,target-discovery-v1,5,0.05,0.54,0.1287688299920716,0.0,0.0731153761949938,2,pairwise_f1,hungarian,3.5,3,25,0.0,0.0,0.0,0.0,0.0,0.0,0.0009029533135244,0.0004519936063954,0.3947474747474747,0.0,25,macro,0,0,1.0,0.0198019801980198,0.01,1.0,25,2,0.0,0.0,2,23,0.0,0.54,0.0,0.1287688299920716,0.0731153761949938,"{""dimension"": 2, ""family"": ""moons"", ""n"": 20000}","{""edge_rank"": 15, ""geometry_profile"": ""low_dim"", ""k"": 20, ""knn_backend"": ""kd_tree"", ""resolution"": 0.5, ""symmetrization"": ""union"", ""weights"": ""1/(1+d)""}",native_target_discovery_v1
ok,synthetic,moons_noise99__quality__n20000,kNN+Leiden,233,0.2.4,20000,2,0.0614960000002611,0.7595156000006682,4.507094099999449,287.05859375,70.56640625,292.046875,,0.3006531683629477,0.1814374693877137,26,20,0.0,known_synthetic_noise,0.5,0.0099009900990099,13.0,6,0,0.1,0.9,full_partition,target-discovery-v1,6,0.05,0.38,0.1052220584676975,0.0,0.0611469629105767,2,pairwise_f1,hungarian,4.0,2,26,0.0,0.0,0.0,0.0,0.0,0.0,0.0007051141332613,0.0003529699272933,0.3014141414141414,0.0,26,macro,0,0,1.0,0.0198019801980198,0.01,1.0,26,2,0.0,0.0,2,24,0.0,0.38,0.0,0.1052220584676975,0.0611469629105767,"{""dimension"": 2, ""family"": ""moons"", ""n"": 20000}","{""edge_rank"": 15, ""geometry_profile"": ""low_dim"", ""k"": 20, ""knn_backend"": ""kd_tree"", ""resolution"": 0.5, ""symmetrization"": ""union"", ""weights"": ""1/(1+d)""}",native_target_discovery_v1
ok,synthetic,moons_noise99__quality__n20000,kNN-DBSCAN,211,0.2.4,20000,2,0.0601662000008218,0.0734948999997868,3.169174800001201,191.4375,5.51953125,189.16796875,,0.1478684519936819,0.0228584519506216,1213,1160,0.511010101010101,known_synthetic_noise,0.5680050505050505,0.3498366367095195,608.5,57,0,0.1,0.9,full_partition,target-discovery-v1,2,0.05,0.07,0.1111252383979656,0.375,0.2761904761904762,2,pairwise_f1,hungarian,2.0,0,1217,0.1908211889838368,0.6746907611776081,0.6746907611776081,0.50965,0.9926420092220152,0.511010101010101,0.0049568536642726,0.0030191506710448,0.0138383838383838,0.50965,1217,macro,0,0,0.625,0.024982512241431,0.0127459977567043,0.625,1213,2,0.0,0.0,2,1215,0.0,0.07,0.0,0.1111252383979656,0.2761904761904762,"{""dimension"": 2, ""family"": ""moons"", ""n"": 20000}","{""eps"": 0.04765672981739044, ""eps_quantile"": 0.25, ""geometry_profile"": ""low_dim"", ""k"": 4, ""knn_backend"": ""kd_tree"", ""min_samples"": 5}",native_target_discovery_v1
ok,synthetic,moons_noise99__quality__n20000,kNN-DBSCAN,223,0.2.4,20000,2,0.0595658000002004,0.0714769999995041,3.152732800001104,188.55859375,2.80859375,188.84375,,0.1730681190884868,0.0288017714808016,1215,1168,0.511010101010101,known_synthetic_noise,0.5855050505050505,0.3506056770970851,609.5,51,0,0.1,0.9,full_partition,target-discovery-v1,5,0.05,0.09,0.1309810211173483,0.3399999999999999,0.2490421455938697,2,pairwise_f1,hungarian,3.5,0,1219,0.2193822347214948,0.6748482625225106,0.6748482625225106,0.5093,0.993324170430002,0.511010101010101,0.0074590909902032,0.0045297904159171,0.0211111111111111,0.5093,1219,macro,0,0,0.66,0.0263630916716596,0.0134501732219278,0.66,1215,2,0.0,0.0,2,1217,0.0,0.09,0.0,0.1309810211173483,0.2490421455938697,"{""dimension"": 2, ""family"": ""moons"", ""n"": 20000}","{""eps"": 0.047303587198257446, ""eps_quantile"": 0.25, ""geometry_profile"": ""low_dim"", ""k"": 4, ""knn_backend"": ""kd_tree"", ""min_samples"": 5}",native_target_discovery_v1
ok,synthetic,moons_noise99__quality__n20000,kNN-DBSCAN,227,0.2.4,20000,2,0.0612707000000227,0.0698599999996076,3.122329899999386,188.91015625,2.81640625,192.69921875,,0.1430362590585158,0.0146756710167411,1218,1159,0.510959595959596,known_synthetic_noise,0.590479797979798,0.3508017992332689,611.0,63,0,0.1,0.9,full_partition,target-discovery-v1,2,0.05,0.055,0.0951128982369316,0.3299999999999999,0.4924242424242424,2,pairwise_f1,hungarian,1.5,0,1222,0.1667273286189201,0.6748490811459829,0.6748490811459829,0.50915,0.9935186094471178,0.510959595959596,0.0049867942300943,0.0030513301539226,0.0136363636363636,0.50915,1222,macro,0,0,0.67,0.026754517320555,0.0136497911785677,0.67,1218,2,0.0,0.0,2,1220,0.0,0.055,0.0,0.0951128982369316,0.4924242424242424,"{""dimension"": 2, ""family"": ""moons"", ""n"": 20000}","{""eps"": 0.04728018119931221, ""eps_quantile"": 0.25, ""geometry_profile"": ""low_dim"", ""k"": 4, ""knn_backend"": ""kd_tree"", ""min_samples"": 5}",native_target_discovery_v1
ok,synthetic,moons_noise99__quality__n20000,kNN-DBSCAN,229,0.2.4,20000,2,0.0600744999992457,0.0686458000000129,3.126932900000611,192.34765625,6.6171875,188.78515625,,0.1576286390639335,0.0164837727721657,1192,1137,0.5155050505050505,known_synthetic_noise,0.5952525252525253,0.3530166333005996,597.0,57,0,0.1,0.9,full_partition,target-discovery-v1,5,0.05,0.09,0.1264213714682953,0.325,0.2144910868315123,2,pairwise_f1,hungarian,3.5,0,1194,0.2131477713238439,0.6788374567704176,0.6788374567704176,0.5136,0.9936721183800624,0.5155050505050505,0.0065257483330968,0.0039576701367977,0.0185858585858585,0.5136,1194,macro,0,0,0.675,0.0271958098307816,0.0138774671052631,0.675,1192,2,0.0,0.0,2,1192,0.0,0.09,0.0,0.1264213714682953,0.2144910868315123,"{""dimension"": 2, ""family"": ""moons"", ""n"": 20000}","{""eps"": 0.04737832769751549, ""eps_quantile"": 0.25, ""geometry_profile"": ""low_dim"", ""k"": 4, ""knn_backend"": ""kd_tree"", ""min_samples"": 5}",native_target_discovery_v1
ok,synthetic,moons_noise99__quality__n20000,kNN-DBSCAN,233,0.2.4,20000,2,0.0601875000011205,0.0709924000002502,3.208833599999707,192.7421875,6.46484375,188.7890625,,0.1827839147943326,0.0223839323960226,1162,1120,0.5167676767676768,known_synthetic_noise,0.5858838383838384,0.3531559216845328,582.5,45,0,0.1,0.9,full_partition,target-discovery-v1,9,0.05,0.075,0.1175710594315245,0.345,0.2725464190981432,2,pairwise_f1,hungarian,5.5,0,1165,0.2004727336320433,0.6798445234377595,0.6798445234377595,0.51505,0.9933016212018252,0.5167676767676768,0.0077435779573219,0.0046932258963204,0.0221212121212121,0.51505,1165,macro,0,0,0.655,0.0264673199313061,0.0135065470667079,0.655,1162,2,0.0,0.0,2,1163,0.0,0.075,0.0,0.1175710594315245,0.2725464190981432,"{""dimension"": 2, ""family"": ""moons"", ""n"": 20000}","{""eps"": 0.04720001667737961, ""eps_quantile"": 0.25, ""geometry_profile"": ""low_dim"", ""k"": 4, ""knn_backend"": ""kd_tree"", ""min_samples"": 5}",native_target_discovery_v1
