status,suite,dataset_id,method,seed,package_version,n,dimension,load_seconds,runtime_seconds,process_runtime_seconds,peak_rss_mb,incremental_rss_mb,process_peak_rss_mb,error_type,ami_signal,ari_signal,background_majority_predicted_clusters,background_only_predicted_clusters,background_rejection,background_semantics,binary_balanced_accuracy,binary_macro_f1,candidate_clusters_per_target,candidate_clusters_with_target_overlap,discovered_target_count,discovery_coverage_threshold,discovery_purity_threshold,evaluation_mode,evaluation_protocol_version,extra_signal_fragments,fragment_min_target_fraction,macro_target_coverage,macro_target_f1,macro_target_noise_loss,macro_target_purity,matched_predicted_cluster_count,matching_objective,matching_strategy,mean_target_fragments,merged_predicted_clusters,n_clusters,noise_aware_macro_f1,noise_evidence_f1,noise_f1,noise_fraction,noise_precision,noise_recall,pairwise_f1,pairwise_precision,pairwise_recall,predicted_abstention_fraction,predicted_cluster_count,primary_target_aggregation,recovered_truth_clusters_f1_080,recovered_truth_clusters_f1_090,signal_coverage,signal_f1,signal_precision,signal_recall,spurious_background_majority_clusters,target_count,target_discovery_rate,target_success_rate_f1_080,truth_clusters,unmatched_predicted_cluster_count,unmatched_target_score,weighted_target_coverage,weighted_target_discovery_rate,weighted_target_f1,weighted_target_purity,dataset_metadata_json,parameters_json
ok,synthetic,global_contamination_noise25__quality__signal300__n400,AMD-DBSCAN,211,0.2.4,400,2,0.0021951999951852486,0.01653180000721477,5.125044100001105,181.9453125,0.5625,183.12890625,,0.5902147922389198,0.4203826986539803,6,6,0.0,known_synthetic_noise,0.485,0.4211287988422576,7.666666666666667,17,3,0.1,0.9,full_partition,target-discovery-v1,13,0.05,0.5333333333333333,0.681911135898866,0.03,1.0,3,pairwise_f1,hungarian,5.333333333333333,0,23,0.0,0.0,0.0,0.0225,0.0,0.0,0.4865268065268066,0.7906060606060606,0.3513804713804714,0.0225,23,macro,0,0,0.97,0.8422575976845152,0.7442455242966752,0.97,6,3,1.0,0.0,3,20,0.0,0.5333333333333333,1.0,0.681911135898866,1.0,"{""background_inner_edge"": 6.0, ""background_intensity"": 3.0, ""background_size"": 100, ""background_strip_height"": 10.0, ""background_support_area"": 33.333333333333336, ""controlled_factor"": ""global_background_support_at_fixed_local_intensity"", ""declared_noise_fraction"": 0.25, ""dimension"": 2, ""family"": ""global_contamination_invariance"", ""n"": 400, ""n_targets"": 3, ""paired_background"": ""seeded_prefix"", ""realized_noise_fraction"": 0.25, ""signal_size"": 300}","{""adaptive_rank"": 10, ""balance_rounds"": 3, ""eps_values"": [0.23146100108285636, 0.4613924604553979, 1.2406703658889626], ""geometry_profile"": ""low_dim"", ""knn_backend"": ""kd_tree"", ""n_density_levels"": 3}"
ok,synthetic,global_contamination_noise25__quality__signal300__n400,AMD-DBSCAN,223,0.2.4,400,2,0.0016433000128017738,0.015074599999934435,5.179084500006866,183.21875,1.6796875,183.15625,,0.6807690361343403,0.588812236971693,5,5,0.0,known_synthetic_noise,0.495,0.42611190817790534,6.0,13,3,0.1,0.9,full_partition,target-discovery-v1,9,0.05,0.6866666666666666,0.8081062384467956,0.01,1.0,3,pairwise_f1,hungarian,4.0,0,18,0.0,0.0,0.0,0.0075,0.0,0.0,0.6359645489936221,0.8259466437177281,0.5170370370370371,0.0075,18,macro,2,1,0.99,0.8522238163558107,0.7481108312342569,0.99,5,3,1.0,0.6666666666666666,3,15,0.0,0.6866666666666666,1.0,0.8081062384467956,1.0,"{""background_inner_edge"": 6.0, ""background_intensity"": 3.0, ""background_size"": 100, ""background_strip_height"": 10.0, ""background_support_area"": 33.333333333333336, ""controlled_factor"": ""global_background_support_at_fixed_local_intensity"", ""declared_noise_fraction"": 0.25, ""dimension"": 2, ""family"": ""global_contamination_invariance"", ""n"": 400, ""n_targets"": 3, ""paired_background"": ""seeded_prefix"", ""realized_noise_fraction"": 0.25, ""signal_size"": 300}","{""adaptive_rank"": 10, ""balance_rounds"": 3, ""eps_values"": [0.2456374563901466, 0.4663604158422368, 1.1641749927972989], ""geometry_profile"": ""low_dim"", ""knn_backend"": ""kd_tree"", ""n_density_levels"": 3}"
ok,synthetic,global_contamination_noise25__quality__signal300__n400,AMD-DBSCAN,227,0.2.4,400,2,0.001567799990880303,0.015088899992406368,5.076889799995115,183.77734375,1.6484375,183.796875,,0.7375124886837284,0.6591663775586063,4,4,0.03,known_synthetic_noise,0.5116666666666666,0.45734840698869483,4.666666666666667,10,3,0.1,0.9,full_partition,target-discovery-v1,6,0.05,0.75,0.8571179778076329,0.006666666666666667,1.0,3,pairwise_f1,hungarian,3.0,0,14,0.10714266276776141,0.05714285714285714,0.05714285714285714,0.0125,0.6,0.03,0.6912112143644669,0.8322586762753651,0.591043771043771,0.0125,14,macro,3,0,0.9933333333333333,0.8575539568345325,0.7544303797468355,0.9933333333333333,4,3,1.0,1.0,3,11,0.0,0.75,1.0,0.857117977807633,1.0,"{""background_inner_edge"": 6.0, ""background_intensity"": 3.0, ""background_size"": 100, ""background_strip_height"": 10.0, ""background_support_area"": 33.333333333333336, ""controlled_factor"": ""global_background_support_at_fixed_local_intensity"", ""declared_noise_fraction"": 0.25, ""dimension"": 2, ""family"": ""global_contamination_invariance"", ""n"": 400, ""n_targets"": 3, ""paired_background"": ""seeded_prefix"", ""realized_noise_fraction"": 0.25, ""signal_size"": 300}","{""adaptive_rank"": 10, ""balance_rounds"": 3, ""eps_values"": [0.2363166914578147, 0.4300961002814067, 1.2121832715483127], ""geometry_profile"": ""low_dim"", ""knn_backend"": ""kd_tree"", ""n_density_levels"": 3}"
ok,synthetic,global_contamination_noise25__quality__signal300__n400,AMD-DBSCAN,229,0.2.4,400,2,0.0017517000087536871,0.013234099998953752,4.994822799999383,183.55859375,1.61328125,183.08203125,,0.6267273981629761,0.5162900936796172,6,6,0.01,known_synthetic_noise,0.49666666666666665,0.434506008373661,7.666666666666667,17,3,0.1,0.9,full_partition,target-discovery-v1,14,0.05,0.6433333333333334,0.779335071707953,0.016666666666666666,1.0,3,pairwise_f1,hungarian,5.666666666666667,0,23,0.036843848957169606,0.018867924528301886,0.018867924528301886,0.015,0.16666666666666666,0.01,0.5785937019631956,0.8317969440585933,0.44356902356902356,0.015,23,macro,1,0,0.9833333333333333,0.8501440922190201,0.748730964467005,0.9833333333333333,6,3,1.0,0.3333333333333333,3,20,0.0,0.6433333333333333,1.0,0.779335071707953,1.0,"{""background_inner_edge"": 6.0, ""background_intensity"": 3.0, ""background_size"": 100, ""background_strip_height"": 10.0, ""background_support_area"": 33.333333333333336, ""controlled_factor"": ""global_background_support_at_fixed_local_intensity"", ""declared_noise_fraction"": 0.25, ""dimension"": 2, ""family"": ""global_contamination_invariance"", ""n"": 400, ""n_targets"": 3, ""paired_background"": ""seeded_prefix"", ""realized_noise_fraction"": 0.25, ""signal_size"": 300}","{""adaptive_rank"": 10, ""balance_rounds"": 3, ""eps_values"": [0.2230347425692553, 0.45241292091437313, 1.1452100842097674], ""geometry_profile"": ""low_dim"", ""knn_backend"": ""kd_tree"", ""n_density_levels"": 3}"
ok,synthetic,global_contamination_noise25__quality__signal300__n400,AMD-DBSCAN,233,0.2.4,400,2,0.0016825000056996942,0.013151599996490404,4.922444600000745,181.8359375,0.484375,182.99609375,,0.6341081629388391,0.5125276108751425,5,5,0.0,known_synthetic_noise,0.48833333333333334,0.42279942279942273,6.333333333333333,14,3,0.1,0.9,full_partition,target-discovery-v1,11,0.05,0.63,0.7675291390461668,0.023333333333333334,1.0,3,pairwise_f1,hungarian,4.666666666666667,0,19,0.0,0.0,0.0,0.0175,0.0,0.0,0.5676825562212381,0.7988758553274682,0.44026936026936025,0.0175,19,macro,2,0,0.9766666666666667,0.8455988455988455,0.7455470737913485,0.9766666666666667,5,3,1.0,0.6666666666666666,3,16,0.0,0.63,1.0,0.7675291390461669,1.0,"{""background_inner_edge"": 6.0, ""background_intensity"": 3.0, ""background_size"": 100, ""background_strip_height"": 10.0, ""background_support_area"": 33.333333333333336, ""controlled_factor"": ""global_background_support_at_fixed_local_intensity"", ""declared_noise_fraction"": 0.25, ""dimension"": 2, ""family"": ""global_contamination_invariance"", ""n"": 400, ""n_targets"": 3, ""paired_background"": ""seeded_prefix"", ""realized_noise_fraction"": 0.25, ""signal_size"": 300}","{""adaptive_rank"": 10, ""balance_rounds"": 3, ""eps_values"": [0.23050702927884023, 0.4484059763405952, 1.1380563658859382], ""geometry_profile"": ""low_dim"", ""knn_backend"": ""kd_tree"", ""n_density_levels"": 3}"
ok,synthetic,global_contamination_noise25__quality__signal300__n400,DBSCAN,211,0.2.4,400,2,0.001846499988459982,0.008455699993646704,5.052776500000618,182.20703125,0.46484375,182.796875,,0.5624264742890718,0.4688724153249269,0,0,1.0,known_synthetic_noise,0.89,0.8141420968150714,3.6666666666666665,11,3,0.1,0.9,full_partition,target-discovery-v1,7,0.05,0.61,0.7422568433046264,0.21999999999999997,1.0,3,pairwise_f1,hungarian,3.3333333333333335,0,11,0.7470372836946256,0.7518796992481204,0.7518796992481204,0.415,0.6024096385542169,1.0,0.5832856325128792,1.0,0.4117171717171717,0.415,11,macro,2,0,0.78,0.8764044943820225,1.0,0.78,0,3,1.0,0.6666666666666666,3,8,0.0,0.61,1.0,0.7422568433046264,1.0,"{""background_inner_edge"": 6.0, ""background_intensity"": 3.0, ""background_size"": 100, ""background_strip_height"": 10.0, ""background_support_area"": 33.333333333333336, ""controlled_factor"": ""global_background_support_at_fixed_local_intensity"", ""declared_noise_fraction"": 0.25, ""dimension"": 2, ""family"": ""global_contamination_invariance"", ""n"": 400, ""n_targets"": 3, ""paired_background"": ""seeded_prefix"", ""realized_noise_fraction"": 0.25, ""signal_size"": 300}","{""base_eps"": 0.34814485907554626, ""eps"": 0.24370140135288237, ""eps_multiplier"": 0.7, ""geometry_profile"": ""low_dim"", ""knn_backend"": ""kd_tree"", ""min_samples"": 5}"
ok,synthetic,global_contamination_noise25__quality__signal300__n400,DBSCAN,223,0.2.4,400,2,0.0015878999984124675,0.00984529999550432,5.0588874999957625,182.09765625,0.5390625,182.70703125,,0.5487489055400513,0.3773069937308361,0,0,1.0,known_synthetic_noise,0.8533333333333333,0.7612847222222222,2.0,6,3,0.1,0.9,full_partition,target-discovery-v1,3,0.05,0.5433333333333333,0.7009437529778116,0.2933333333333333,1.0,3,pairwise_f1,hungarian,2.0,0,6,0.6976789627756623,0.6944444444444444,0.6944444444444444,0.47,0.5319148936170213,1.0,0.4987868985038415,1.0,0.33225589225589225,0.47,6,macro,0,0,0.7066666666666667,0.828125,1.0,0.7066666666666667,0,3,1.0,0.0,3,3,0.0,0.5433333333333333,1.0,0.7009437529778116,1.0,"{""background_inner_edge"": 6.0, ""background_intensity"": 3.0, ""background_size"": 100, ""background_strip_height"": 10.0, ""background_support_area"": 33.333333333333336, ""controlled_factor"": ""global_background_support_at_fixed_local_intensity"", ""declared_noise_fraction"": 0.25, ""dimension"": 2, ""family"": ""global_contamination_invariance"", ""n"": 400, ""n_targets"": 3, ""paired_background"": ""seeded_prefix"", ""realized_noise_fraction"": 0.25, ""signal_size"": 300}","{""base_eps"": 0.3195790946483612, ""eps"": 0.22370536625385282, ""eps_multiplier"": 0.7, ""geometry_profile"": ""low_dim"", ""knn_backend"": ""kd_tree"", ""min_samples"": 5}"
ok,synthetic,global_contamination_noise25__quality__signal300__n400,DBSCAN,227,0.2.4,400,2,0.0016268999897874892,0.009909100001095794,5.036755900000571,182.04296875,0.51171875,182.59765625,,0.714217655017668,0.689971792536552,1,1,0.95,known_synthetic_noise,0.8783333333333333,0.8179072338519123,1.3333333333333333,3,3,0.1,0.9,full_partition,target-discovery-v1,0,0.05,0.8066666666666666,0.8928914260904369,0.19333333333333336,1.0,3,pairwise_f1,hungarian,1.0,0,4,0.8158150831063199,0.7509881422924901,0.7509881422924901,0.3825,0.6209150326797386,0.95,0.7871367939928176,0.9989641599337062,0.6494276094276095,0.3825,4,macro,3,1,0.8066666666666666,0.8848263254113345,0.979757085020243,0.8066666666666666,1,3,1.0,1.0,3,1,0.0,0.8066666666666666,1.0,0.892891426090437,1.0,"{""background_inner_edge"": 6.0, ""background_intensity"": 3.0, ""background_size"": 100, ""background_strip_height"": 10.0, ""background_support_area"": 33.333333333333336, ""controlled_factor"": ""global_background_support_at_fixed_local_intensity"", ""declared_noise_fraction"": 0.25, ""dimension"": 2, ""family"": ""global_contamination_invariance"", ""n"": 400, ""n_targets"": 3, ""paired_background"": ""seeded_prefix"", ""realized_noise_fraction"": 0.25, ""signal_size"": 300}","{""base_eps"": 0.35301297903060913, ""eps"": 0.24710908532142636, ""eps_multiplier"": 0.7, ""geometry_profile"": ""low_dim"", ""knn_backend"": ""kd_tree"", ""min_samples"": 5}"
ok,synthetic,global_contamination_noise25__quality__signal300__n400,DBSCAN,229,0.2.4,400,2,0.0015922999882604927,0.00878230000671465,5.0432180000061635,182.42578125,0.5859375,182.99609375,,0.9562505307324498,0.9748266856414812,4,4,0.76,known_synthetic_noise,0.8716666666666666,0.8964646239255973,2.3333333333333335,3,3,0.1,0.9,full_partition,target-discovery-v1,0,0.05,0.9833333333333334,0.9915737741159264,0.016666666666666666,1.0,3,pairwise_f1,hungarian,1.0,0,7,0.9093855069201224,0.8397790055248618,0.8397790055248618,0.2025,0.9382716049382716,0.76,0.9811062899313266,0.99576947083709,0.9668686868686869,0.2025,7,macro,3,3,0.9833333333333333,0.9531502423263327,0.9247648902821317,0.9833333333333333,4,3,1.0,1.0,3,4,0.0,0.9833333333333333,1.0,0.9915737741159266,1.0,"{""background_inner_edge"": 6.0, ""background_intensity"": 3.0, ""background_size"": 100, ""background_strip_height"": 10.0, ""background_support_area"": 33.333333333333336, ""controlled_factor"": ""global_background_support_at_fixed_local_intensity"", ""declared_noise_fraction"": 0.25, ""dimension"": 2, ""family"": ""global_contamination_invariance"", ""n"": 400, ""n_targets"": 3, ""paired_background"": ""seeded_prefix"", ""realized_noise_fraction"": 0.25, ""signal_size"": 300}","{""base_eps"": 0.6619822382926941, ""eps"": 0.46338756680488585, ""eps_multiplier"": 0.7, ""geometry_profile"": ""low_dim"", ""knn_backend"": ""kd_tree"", ""min_samples"": 5}"
ok,synthetic,global_contamination_noise25__quality__signal300__n400,DBSCAN,233,0.2.4,400,2,0.0018602999916765839,0.012158600002294406,5.100566399996751,182.515625,0.4765625,183.13671875,,0.6172158228305803,0.5242071809253549,1,1,0.95,known_synthetic_noise,0.8566666666666667,0.7859818084537186,2.0,5,3,0.1,0.9,full_partition,target-discovery-v1,2,0.05,0.68,0.806873332721119,0.23666666666666666,1.0,3,pairwise_f1,hungarian,1.6666666666666667,0,6,0.7577617816294133,0.7142857142857143,0.7142857142857143,0.415,0.572289156626506,0.95,0.6450877592888079,0.9985885673959068,0.4764309764309764,0.415,6,macro,2,0,0.7633333333333333,0.8576779026217228,0.9786324786324786,0.7633333333333333,1,3,1.0,0.6666666666666666,3,3,0.0,0.68,1.0,0.806873332721119,1.0,"{""background_inner_edge"": 6.0, ""background_intensity"": 3.0, ""background_size"": 100, ""background_strip_height"": 10.0, ""background_support_area"": 33.333333333333336, ""controlled_factor"": ""global_background_support_at_fixed_local_intensity"", ""declared_noise_fraction"": 0.25, ""dimension"": 2, ""family"": ""global_contamination_invariance"", ""n"": 400, ""n_targets"": 3, ""paired_background"": ""seeded_prefix"", ""realized_noise_fraction"": 0.25, ""signal_size"": 300}","{""base_eps"": 0.3455089032649994, ""eps"": 0.24185623228549954, ""eps_multiplier"": 0.7, ""geometry_profile"": ""low_dim"", ""knn_backend"": ""kd_tree"", ""min_samples"": 5}"
ok,synthetic,global_contamination_noise25__quality__signal300__n400,HDBSCAN,211,0.2.4,400,2,0.001734799996484071,0.0118023999966681,5.064434200001415,182.16015625,0.671875,182.66015625,,1.0,1.0,2,2,0.02,known_synthetic_noise,0.51,0.44940727007135234,1.6666666666666667,3,3,0.1,0.9,full_partition,target-discovery-v1,0,0.05,1.0,1.0,0.0,1.0,3,pairwise_f1,hungarian,1.0,0,5,0.07547169811320754,0.0392156862745098,0.0392156862745098,0.005,1.0,0.02,0.926590334758057,0.8632215311282916,1.0,0.005,5,macro,3,3,1.0,0.8595988538681949,0.7537688442211056,1.0,2,3,1.0,1.0,3,2,0.0,1.0,1.0,1.0,1.0,"{""background_inner_edge"": 6.0, ""background_intensity"": 3.0, ""background_size"": 100, ""background_strip_height"": 10.0, ""background_support_area"": 33.333333333333336, ""controlled_factor"": ""global_background_support_at_fixed_local_intensity"", ""declared_noise_fraction"": 0.25, ""dimension"": 2, ""family"": ""global_contamination_invariance"", ""n"": 400, ""n_targets"": 3, ""paired_background"": ""seeded_prefix"", ""realized_noise_fraction"": 0.25, ""signal_size"": 300}","{""geometry_profile"": ""low_dim"", ""knn_backend"": ""kd_tree"", ""min_cluster_size"": 40, ""min_samples"": 5}"
ok,synthetic,global_contamination_noise25__quality__signal300__n400,HDBSCAN,223,0.2.4,400,2,0.0026295999996364117,0.009860599995590746,5.069084600007045,182.19921875,0.671875,182.6875,,1.0,1.0,2,2,0.0,known_synthetic_noise,0.5,0.42857142857142855,1.6666666666666667,3,3,0.1,0.9,full_partition,target-discovery-v1,0,0.05,1.0,1.0,0.0,1.0,3,pairwise_f1,hungarian,1.0,0,5,0.0,0.0,0.0,0.0,0.0,0.0,0.9237947122861586,0.8583815028901735,1.0,0.0,5,macro,3,3,1.0,0.8571428571428571,0.75,1.0,2,3,1.0,1.0,3,2,0.0,1.0,1.0,1.0,1.0,"{""background_inner_edge"": 6.0, ""background_intensity"": 3.0, ""background_size"": 100, ""background_strip_height"": 10.0, ""background_support_area"": 33.333333333333336, ""controlled_factor"": ""global_background_support_at_fixed_local_intensity"", ""declared_noise_fraction"": 0.25, ""dimension"": 2, ""family"": ""global_contamination_invariance"", ""n"": 400, ""n_targets"": 3, ""paired_background"": ""seeded_prefix"", ""realized_noise_fraction"": 0.25, ""signal_size"": 300}","{""geometry_profile"": ""low_dim"", ""knn_backend"": ""kd_tree"", ""min_cluster_size"": 40, ""min_samples"": 5}"
ok,synthetic,global_contamination_noise25__quality__signal300__n400,HDBSCAN,227,0.2.4,400,2,0.002024500005063601,0.013239700012491085,5.193672200010042,182.46484375,0.67578125,182.9765625,,1.0,1.0,2,2,0.0,known_synthetic_noise,0.5,0.42857142857142855,1.6666666666666667,3,3,0.1,0.9,full_partition,target-discovery-v1,0,0.05,1.0,1.0,0.0,1.0,3,pairwise_f1,hungarian,1.0,0,5,0.0,0.0,0.0,0.0,0.0,0.0,0.9237947122861586,0.8583815028901735,1.0,0.0,5,macro,3,3,1.0,0.8571428571428571,0.75,1.0,2,3,1.0,1.0,3,2,0.0,1.0,1.0,1.0,1.0,"{""background_inner_edge"": 6.0, ""background_intensity"": 3.0, ""background_size"": 100, ""background_strip_height"": 10.0, ""background_support_area"": 33.333333333333336, ""controlled_factor"": ""global_background_support_at_fixed_local_intensity"", ""declared_noise_fraction"": 0.25, ""dimension"": 2, ""family"": ""global_contamination_invariance"", ""n"": 400, ""n_targets"": 3, ""paired_background"": ""seeded_prefix"", ""realized_noise_fraction"": 0.25, ""signal_size"": 300}","{""geometry_profile"": ""low_dim"", ""knn_backend"": ""kd_tree"", ""min_cluster_size"": 40, ""min_samples"": 5}"
ok,synthetic,global_contamination_noise25__quality__signal300__n400,HDBSCAN,229,0.2.4,400,2,0.0017284000059589744,0.009410200000274926,5.191073199996026,182.48046875,0.796875,183.00390625,,1.0,1.0,2,2,0.01,known_synthetic_noise,0.505,0.4390855394552331,1.6666666666666667,3,3,0.1,0.9,full_partition,target-discovery-v1,0,0.05,1.0,1.0,0.0,1.0,3,pairwise_f1,hungarian,1.0,0,5,0.038834951456310676,0.019801980198019802,0.019801980198019802,0.0025,1.0,0.01,0.9252048222796797,0.8608196626282534,1.0,0.0025,5,macro,3,3,1.0,0.8583690987124464,0.7518796992481203,1.0,2,3,1.0,1.0,3,2,0.0,1.0,1.0,1.0,1.0,"{""background_inner_edge"": 6.0, ""background_intensity"": 3.0, ""background_size"": 100, ""background_strip_height"": 10.0, ""background_support_area"": 33.333333333333336, ""controlled_factor"": ""global_background_support_at_fixed_local_intensity"", ""declared_noise_fraction"": 0.25, ""dimension"": 2, ""family"": ""global_contamination_invariance"", ""n"": 400, ""n_targets"": 3, ""paired_background"": ""seeded_prefix"", ""realized_noise_fraction"": 0.25, ""signal_size"": 300}","{""geometry_profile"": ""low_dim"", ""knn_backend"": ""kd_tree"", ""min_cluster_size"": 40, ""min_samples"": 5}"
ok,synthetic,global_contamination_noise25__quality__signal300__n400,HDBSCAN,233,0.2.4,400,2,0.0017488000012235716,0.010208799998508766,5.185784900008002,182.33984375,0.7578125,182.875,,0.9914959434433546,0.9950082639109167,2,1,0.01,known_synthetic_noise,0.505,0.4390855394552331,1.6666666666666667,4,3,0.1,0.9,full_partition,target-discovery-v1,0,0.05,0.9966666666666667,0.9983249581239532,0.0,1.0,3,pairwise_f1,hungarian,1.0,0,5,0.03883368626812185,0.019801980198019802,0.019801980198019802,0.0025,1.0,0.01,0.9204705001404012,0.8575664205569443,0.9933333333333333,0.0025,5,macro,3,3,1.0,0.8583690987124464,0.7518796992481203,1.0,2,3,1.0,1.0,3,2,0.0,0.9966666666666667,1.0,0.9983249581239529,1.0,"{""background_inner_edge"": 6.0, ""background_intensity"": 3.0, ""background_size"": 100, ""background_strip_height"": 10.0, ""background_support_area"": 33.333333333333336, ""controlled_factor"": ""global_background_support_at_fixed_local_intensity"", ""declared_noise_fraction"": 0.25, ""dimension"": 2, ""family"": ""global_contamination_invariance"", ""n"": 400, ""n_targets"": 3, ""paired_background"": ""seeded_prefix"", ""realized_noise_fraction"": 0.25, ""signal_size"": 300}","{""geometry_profile"": ""low_dim"", ""knn_backend"": ""kd_tree"", ""min_cluster_size"": 40, ""min_samples"": 5}"
ok,synthetic,global_contamination_noise25__quality__signal300__n400,OPTICS,211,0.2.4,400,2,0.0017117000097641721,0.5213494999916293,5.7178934999974445,182.19140625,0.9140625,182.6875,,1.0,1.0,2,2,0.1,known_synthetic_noise,0.55,0.5256916996047432,1.6666666666666667,3,3,0.1,0.9,full_partition,target-discovery-v1,0,0.05,1.0,1.0,0.0,1.0,3,pairwise_f1,hungarian,1.0,0,5,0.3076923076923077,0.18181818181818182,0.18181818181818182,0.025,1.0,0.1,0.9367607632865479,0.8810442005339661,1.0,0.025,5,macro,3,3,1.0,0.8695652173913044,0.7692307692307693,1.0,2,3,1.0,1.0,3,2,0.0,1.0,1.0,1.0,1.0,"{""background_inner_edge"": 6.0, ""background_intensity"": 3.0, ""background_size"": 100, ""background_strip_height"": 10.0, ""background_support_area"": 33.333333333333336, ""controlled_factor"": ""global_background_support_at_fixed_local_intensity"", ""declared_noise_fraction"": 0.25, ""dimension"": 2, ""family"": ""global_contamination_invariance"", ""n"": 400, ""n_targets"": 3, ""paired_background"": ""seeded_prefix"", ""realized_noise_fraction"": 0.25, ""signal_size"": 300}","{""geometry_profile"": ""low_dim"", ""knn_backend"": ""kd_tree"", ""max_eps"": 1.0752993822097778, ""max_eps_quantile"": 0.98, ""min_cluster_size"": 40, ""min_samples"": 5, ""xi"": 0.1}"
ok,synthetic,global_contamination_noise25__quality__signal300__n400,OPTICS,223,0.2.4,400,2,0.0017192999948747456,0.5456846999877598,5.713335899999947,182.69921875,0.9921875,183.19921875,,0.8349527107068605,0.8273836335145629,2,2,0.05,known_synthetic_noise,0.465,0.4360679731809426,1.6666666666666667,3,3,0.1,0.9,full_partition,target-discovery-v1,0,0.05,0.8799999999999999,0.934065934065934,0.12,1.0,3,pairwise_f1,hungarian,1.0,0,5,0.13183404420317954,0.07092198581560284,0.07092198581560284,0.1025,0.12195121951219512,0.05,0.8090169941026625,0.8395741290649671,0.7806060606060606,0.1025,5,macro,3,3,0.88,0.8012139605462824,0.7353760445682451,0.88,2,3,1.0,1.0,3,2,0.0,0.88,1.0,0.934065934065934,1.0,"{""background_inner_edge"": 6.0, ""background_intensity"": 3.0, ""background_size"": 100, ""background_strip_height"": 10.0, ""background_support_area"": 33.333333333333336, ""controlled_factor"": ""global_background_support_at_fixed_local_intensity"", ""declared_noise_fraction"": 0.25, ""dimension"": 2, ""family"": ""global_contamination_invariance"", ""n"": 400, ""n_targets"": 3, ""paired_background"": ""seeded_prefix"", ""realized_noise_fraction"": 0.25, ""signal_size"": 300}","{""geometry_profile"": ""low_dim"", ""knn_backend"": ""kd_tree"", ""max_eps"": 1.0390292406082153, ""max_eps_quantile"": 0.98, ""min_cluster_size"": 40, ""min_samples"": 5, ""xi"": 0.1}"
ok,synthetic,global_contamination_noise25__quality__signal300__n400,OPTICS,227,0.2.4,400,2,0.0021877999970456585,0.5760630000004312,5.617047699997784,182.75,0.890625,183.24609375,,0.7214814101992477,0.7016101069758891,0,0,1.0,known_synthetic_noise,0.9066666666666667,0.8391544117647058,1.0,3,3,0.1,0.9,full_partition,target-discovery-v1,0,0.05,0.8133333333333334,0.8968707148850822,0.18666666666666668,1.0,3,pairwise_f1,hungarian,1.0,0,3,0.8350772859054459,0.7812500000000001,0.7812500000000001,0.39,0.6410256410256411,1.0,0.7955715965773146,1.0,0.6605387205387205,0.39,3,macro,3,2,0.8133333333333334,0.8970588235294117,1.0,0.8133333333333334,0,3,1.0,1.0,3,0,0.0,0.8133333333333334,1.0,0.896870714885082,1.0,"{""background_inner_edge"": 6.0, ""background_intensity"": 3.0, ""background_size"": 100, ""background_strip_height"": 10.0, ""background_support_area"": 33.333333333333336, ""controlled_factor"": ""global_background_support_at_fixed_local_intensity"", ""declared_noise_fraction"": 0.25, ""dimension"": 2, ""family"": ""global_contamination_invariance"", ""n"": 400, ""n_targets"": 3, ""paired_background"": ""seeded_prefix"", ""realized_noise_fraction"": 0.25, ""signal_size"": 300}","{""geometry_profile"": ""low_dim"", ""knn_backend"": ""kd_tree"", ""max_eps"": 1.046358346939087, ""max_eps_quantile"": 0.98, ""min_cluster_size"": 40, ""min_samples"": 5, ""xi"": 0.1}"
ok,synthetic,global_contamination_noise25__quality__signal300__n400,OPTICS,229,0.2.4,400,2,0.0020806999964406714,0.5907847999915248,5.596545499996864,182.45703125,0.82421875,183.0234375,,0.9625997282324074,0.9668640195538187,1,1,0.5,known_synthetic_noise,0.7383333333333333,0.7741478539093223,1.3333333333333333,3,3,0.1,0.9,full_partition,target-discovery-v1,0,0.05,0.9766666666666667,0.9879101899827288,0.023333333333333334,1.0,3,pairwise_f1,hungarian,1.0,0,4,0.7745220170069869,0.6369426751592356,0.6369426751592356,0.1425,0.8771929824561403,0.5,0.9372954748289426,0.9204700383042265,0.9547474747474748,0.1425,4,macro,3,3,0.9766666666666667,0.911353032659409,0.8542274052478134,0.9766666666666667,1,3,1.0,1.0,3,1,0.0,0.9766666666666667,1.0,0.9879101899827287,1.0,"{""background_inner_edge"": 6.0, ""background_intensity"": 3.0, ""background_size"": 100, ""background_strip_height"": 10.0, ""background_support_area"": 33.333333333333336, ""controlled_factor"": ""global_background_support_at_fixed_local_intensity"", ""declared_noise_fraction"": 0.25, ""dimension"": 2, ""family"": ""global_contamination_invariance"", ""n"": 400, ""n_targets"": 3, ""paired_background"": ""seeded_prefix"", ""realized_noise_fraction"": 0.25, ""signal_size"": 300}","{""geometry_profile"": ""low_dim"", ""knn_backend"": ""kd_tree"", ""max_eps"": 1.1822460889816284, ""max_eps_quantile"": 0.98, ""min_cluster_size"": 40, ""min_samples"": 5, ""xi"": 0.1}"
ok,synthetic,global_contamination_noise25__quality__signal300__n400,OPTICS,233,0.2.4,400,2,0.001623400006792508,0.48912790000031237,5.433331500011263,182.3984375,0.8203125,182.953125,,0.7464308678484358,0.6728373608059193,2,2,0.0,known_synthetic_noise,0.3516666666666667,0.3453355155482815,1.6666666666666667,3,3,0.1,0.9,full_partition,target-discovery-v1,0,0.05,0.7033333333333333,0.800612642717906,0.29666666666666663,1.0,3,pairwise_f1,hungarian,1.0,0,5,0.0,0.0,0.0,0.2225,0.0,0.0,0.6439349402312365,0.7702766057196437,0.5531986531986532,0.2225,5,macro,2,1,0.7033333333333334,0.690671031096563,0.6784565916398714,0.7033333333333334,2,3,1.0,0.6666666666666666,3,2,0.0,0.7033333333333334,1.0,0.8006126427179059,1.0,"{""background_inner_edge"": 6.0, ""background_intensity"": 3.0, ""background_size"": 100, ""background_strip_height"": 10.0, ""background_support_area"": 33.333333333333336, ""controlled_factor"": ""global_background_support_at_fixed_local_intensity"", ""declared_noise_fraction"": 0.25, ""dimension"": 2, ""family"": ""global_contamination_invariance"", ""n"": 400, ""n_targets"": 3, ""paired_background"": ""seeded_prefix"", ""realized_noise_fraction"": 0.25, ""signal_size"": 300}","{""geometry_profile"": ""low_dim"", ""knn_backend"": ""kd_tree"", ""max_eps"": 1.090100884437561, ""max_eps_quantile"": 0.98, ""min_cluster_size"": 40, ""min_samples"": 5, ""xi"": 0.1}"
ok,synthetic,global_contamination_noise25__quality__signal300__n400,SNN-DBSCAN,211,0.2.4,400,2,0.0015591999981552362,0.01275069999974221,6.344939599992358,224.0,0.53515625,224.26171875,,0.9681462648043433,0.9800866408299869,2,2,0.0,known_synthetic_noise,0.49333333333333335,0.4252873563218391,1.6666666666666667,3,3,0.1,0.9,full_partition,target-discovery-v1,0,0.05,0.9866666666666667,0.9932488159919735,0.013333333333333334,1.0,3,pairwise_f1,hungarian,1.0,0,5,0.0,0.0,0.0,0.01,0.0,0.0,0.9104764303932991,0.8550896078547348,0.9735353535353536,0.01,5,macro,3,3,0.9866666666666667,0.8505747126436782,0.7474747474747475,0.9866666666666667,2,3,1.0,1.0,3,2,0.0,0.9866666666666667,1.0,0.9932488159919735,1.0,"{""background_inner_edge"": 6.0, ""background_intensity"": 3.0, ""background_size"": 100, ""background_strip_height"": 10.0, ""background_support_area"": 33.333333333333336, ""controlled_factor"": ""global_background_support_at_fixed_local_intensity"", ""declared_noise_fraction"": 0.25, ""dimension"": 2, ""family"": ""global_contamination_invariance"", ""n"": 400, ""n_targets"": 3, ""paired_background"": ""seeded_prefix"", ""realized_noise_fraction"": 0.25, ""signal_size"": 300}","{""eps"": 13, ""geometry_profile"": ""low_dim"", ""k"": 20, ""knn_backend"": ""kd_tree"", ""min_samples"": 5}"
ok,synthetic,global_contamination_noise25__quality__signal300__n400,SNN-DBSCAN,223,0.2.4,400,2,0.0015947999927448109,0.008711000002222136,6.197636199998669,223.90234375,0.54296875,224.22265625,,0.8736202923014496,0.8525372942325475,2,2,0.0,known_synthetic_noise,0.49333333333333335,0.4252873563218391,2.0,4,3,0.1,0.9,full_partition,target-discovery-v1,1,0.05,0.8333333333333334,0.8913867583531694,0.013333333333333334,1.0,3,pairwise_f1,hungarian,1.3333333333333333,0,6,0.0,0.0,0.0,0.01,0.0,0.0,0.8216462895480707,0.8311858333907531,0.8123232323232323,0.01,6,macro,2,2,0.9866666666666667,0.8505747126436782,0.7474747474747475,0.9866666666666667,2,3,1.0,0.6666666666666666,3,3,0.0,0.8333333333333334,1.0,0.8913867583531694,1.0,"{""background_inner_edge"": 6.0, ""background_intensity"": 3.0, ""background_size"": 100, ""background_strip_height"": 10.0, ""background_support_area"": 33.333333333333336, ""controlled_factor"": ""global_background_support_at_fixed_local_intensity"", ""declared_noise_fraction"": 0.25, ""dimension"": 2, ""family"": ""global_contamination_invariance"", ""n"": 400, ""n_targets"": 3, ""paired_background"": ""seeded_prefix"", ""realized_noise_fraction"": 0.25, ""signal_size"": 300}","{""eps"": 13, ""geometry_profile"": ""low_dim"", ""k"": 20, ""knn_backend"": ""kd_tree"", ""min_samples"": 5}"
ok,synthetic,global_contamination_noise25__quality__signal300__n400,SNN-DBSCAN,227,0.2.4,400,2,0.001610199993592687,0.008530699997209013,6.195120999997016,223.65625,0.5703125,223.92578125,,0.9106179149197398,0.8825635930965968,2,2,0.0,known_synthetic_noise,0.5,0.42857142857142855,2.0,4,3,0.1,0.9,full_partition,target-discovery-v1,1,0.05,0.8866666666666667,0.9317269076305221,0.0,1.0,3,pairwise_f1,hungarian,1.3333333333333333,0,6,0.0,0.0,0.0,0.0,0.0,0.0,0.8430415301277335,0.8372741764080766,0.8488888888888889,0.0,6,macro,2,2,1.0,0.8571428571428571,0.75,1.0,2,3,1.0,0.6666666666666666,3,3,0.0,0.8866666666666667,1.0,0.9317269076305221,1.0,"{""background_inner_edge"": 6.0, ""background_intensity"": 3.0, ""background_size"": 100, ""background_strip_height"": 10.0, ""background_support_area"": 33.333333333333336, ""controlled_factor"": ""global_background_support_at_fixed_local_intensity"", ""declared_noise_fraction"": 0.25, ""dimension"": 2, ""family"": ""global_contamination_invariance"", ""n"": 400, ""n_targets"": 3, ""paired_background"": ""seeded_prefix"", ""realized_noise_fraction"": 0.25, ""signal_size"": 300}","{""eps"": 13, ""geometry_profile"": ""low_dim"", ""k"": 20, ""knn_backend"": ""kd_tree"", ""min_samples"": 5}"
ok,synthetic,global_contamination_noise25__quality__signal300__n400,SNN-DBSCAN,229,0.2.4,400,2,0.0015783999988343567,0.008115999997244217,6.263005600005272,223.5546875,0.46875,223.80859375,,0.9851989977985108,0.9901010167892863,2,2,0.0,known_synthetic_noise,0.49666666666666665,0.4269340974212035,1.6666666666666667,3,3,0.1,0.9,full_partition,target-discovery-v1,0,0.05,0.9933333333333333,0.9966329966329966,0.006666666666666667,1.0,3,pairwise_f1,hungarian,1.0,0,5,0.0,0.0,0.0,0.005,0.0,0.0,0.917159578130379,0.8567502777290534,0.9867340067340067,0.005,5,macro,3,3,0.9933333333333333,0.853868194842407,0.7487437185929648,0.9933333333333333,2,3,1.0,1.0,3,2,0.0,0.9933333333333333,1.0,0.9966329966329965,1.0,"{""background_inner_edge"": 6.0, ""background_intensity"": 3.0, ""background_size"": 100, ""background_strip_height"": 10.0, ""background_support_area"": 33.333333333333336, ""controlled_factor"": ""global_background_support_at_fixed_local_intensity"", ""declared_noise_fraction"": 0.25, ""dimension"": 2, ""family"": ""global_contamination_invariance"", ""n"": 400, ""n_targets"": 3, ""paired_background"": ""seeded_prefix"", ""realized_noise_fraction"": 0.25, ""signal_size"": 300}","{""eps"": 13, ""geometry_profile"": ""low_dim"", ""k"": 20, ""knn_backend"": ""kd_tree"", ""min_samples"": 5}"
ok,synthetic,global_contamination_noise25__quality__signal300__n400,SNN-DBSCAN,233,0.2.4,400,2,0.001582500000949949,0.013111699998262338,6.304659000001266,223.7578125,0.41015625,224.0078125,,0.9546801493003191,0.9746739935059259,2,2,0.0,known_synthetic_noise,0.49166666666666664,0.42446043165467623,1.6666666666666667,3,3,0.1,0.9,full_partition,target-discovery-v1,0,0.05,0.9833333333333334,0.9915909513899464,0.016666666666666666,1.0,3,pairwise_f1,hungarian,1.0,0,5,0.0,0.0,0.0,0.0125,0.0,0.0,0.9070347790378116,0.8542274052478134,0.9668013468013468,0.0125,5,macro,3,3,0.9833333333333333,0.8489208633093525,0.7468354430379747,0.9833333333333333,2,3,1.0,1.0,3,2,0.0,0.9833333333333333,1.0,0.9915909513899465,1.0,"{""background_inner_edge"": 6.0, ""background_intensity"": 3.0, ""background_size"": 100, ""background_strip_height"": 10.0, ""background_support_area"": 33.333333333333336, ""controlled_factor"": ""global_background_support_at_fixed_local_intensity"", ""declared_noise_fraction"": 0.25, ""dimension"": 2, ""family"": ""global_contamination_invariance"", ""n"": 400, ""n_targets"": 3, ""paired_background"": ""seeded_prefix"", ""realized_noise_fraction"": 0.25, ""signal_size"": 300}","{""eps"": 13, ""geometry_profile"": ""low_dim"", ""k"": 20, ""knn_backend"": ""kd_tree"", ""min_samples"": 5}"
ok,synthetic,global_contamination_noise25__quality__signal300__n400,StrataSCAN,211,0.2.4,400,2,0.00172460000612773,0.479960900003789,5.402365700007067,215.28515625,33.4375,215.78125,,0.9740051210129412,0.9849751463816282,0,0,1.0,known_synthetic_noise,0.995,0.9900982746243533,1.0,3,3,0.1,0.9,full_partition,target-discovery-v1,0,0.05,0.9899999999999999,0.9949579547569497,0.01,1.0,3,pairwise_f1,hungarian,1.0,0,3,0.9900658788202634,0.9852216748768473,0.9852216748768473,0.2575,0.970873786407767,1.0,0.9899333424023943,1.0,0.9800673400673401,0.2575,3,macro,3,3,0.99,0.9949748743718593,1.0,0.99,0,3,1.0,1.0,3,0,0.0,0.99,1.0,0.9949579547569497,1.0,"{""background_inner_edge"": 6.0, ""background_intensity"": 3.0, ""background_size"": 100, ""background_strip_height"": 10.0, ""background_support_area"": 33.333333333333336, ""controlled_factor"": ""global_background_support_at_fixed_local_intensity"", ""declared_noise_fraction"": 0.25, ""dimension"": 2, ""family"": ""global_contamination_invariance"", ""n"": 400, ""n_targets"": 3, ""paired_background"": ""seeded_prefix"", ""realized_noise_fraction"": 0.25, ""signal_size"": 300}","{""ambiguous_model_confirmation_tolerance"": 1e-05, ""assignment"": ""maximum_posterior_basis_then_semantic_role"", ""background_model"": ""adaptive_gamma_basis_mixture_with_largest_rate_gap"", ""background_scan"": ""adaptive_dyadic_rank_windows_with_poisson_beta_boundary_code"", ""border_rule"": ""strict_local_core_radius"", ""component_initialization"": ""compiled_split_warm_single_start_with_guarded_confirmation"", ""component_selection"": ""semantic_icl_with_adaptive_bound"", ""connectivity"": ""density_ordered_non_merging_knn_watershed"", ""core_thresholds"": ""observed_d4_event_sweep"", ""duplicate_profile_confirmation_minimum"": 3, ""duplicate_profile_confirmation_tolerance"": 1e-08, ""extraction_objective"": ""gamma_topology_description_length"", ""fit_samples"": ""all_rows"", ""gamma_tolerance"": 0.0001, ""geometry_profile"": ""low_dim"", ""hard_component_bound"": 24, ""initial_component_bound"": 8, ""k"": 32, ""knn_backend"": ""kd_tree"", ""shell_ranks"": [4, 8, 16, 32], ""stratification_model"": ""adaptive_gamma_density_basis_with_semantic_background"", ""version"": ""0.2.3""}"
ok,synthetic,global_contamination_noise25__quality__signal300__n400,StrataSCAN,223,0.2.4,400,2,0.0023461999953724444,0.46268499999132473,5.315885000003618,214.41015625,32.89453125,214.81640625,,0.9216528148382932,0.9450961717988554,4,4,0.05,known_synthetic_noise,0.5066666666666667,0.46561806815890305,2.3333333333333335,3,3,0.1,0.9,full_partition,target-discovery-v1,0,0.05,0.9633333333333333,0.9811590059747023,0.03666666666666667,1.0,3,pairwise_f1,hungarian,1.0,0,7,0.15848861712492174,0.08620689655172414,0.08620689655172414,0.04,0.3125,0.05,0.9275957203418344,0.9269096288327058,0.9282828282828283,0.04,7,macro,3,3,0.9633333333333334,0.8450292397660819,0.7526041666666666,0.9633333333333334,4,3,1.0,1.0,3,4,0.0,0.9633333333333334,1.0,0.9811590059747023,1.0,"{""background_inner_edge"": 6.0, ""background_intensity"": 3.0, ""background_size"": 100, ""background_strip_height"": 10.0, ""background_support_area"": 33.333333333333336, ""controlled_factor"": ""global_background_support_at_fixed_local_intensity"", ""declared_noise_fraction"": 0.25, ""dimension"": 2, ""family"": ""global_contamination_invariance"", ""n"": 400, ""n_targets"": 3, ""paired_background"": ""seeded_prefix"", ""realized_noise_fraction"": 0.25, ""signal_size"": 300}","{""ambiguous_model_confirmation_tolerance"": 1e-05, ""assignment"": ""maximum_posterior_basis_then_semantic_role"", ""background_model"": ""adaptive_gamma_basis_mixture_with_largest_rate_gap"", ""background_scan"": ""adaptive_dyadic_rank_windows_with_poisson_beta_boundary_code"", ""border_rule"": ""strict_local_core_radius"", ""component_initialization"": ""compiled_split_warm_single_start_with_guarded_confirmation"", ""component_selection"": ""semantic_icl_with_adaptive_bound"", ""connectivity"": ""density_ordered_non_merging_knn_watershed"", ""core_thresholds"": ""observed_d4_event_sweep"", ""duplicate_profile_confirmation_minimum"": 3, ""duplicate_profile_confirmation_tolerance"": 1e-08, ""extraction_objective"": ""gamma_topology_description_length"", ""fit_samples"": ""all_rows"", ""gamma_tolerance"": 0.0001, ""geometry_profile"": ""low_dim"", ""hard_component_bound"": 24, ""initial_component_bound"": 8, ""k"": 32, ""knn_backend"": ""kd_tree"", ""shell_ranks"": [4, 8, 16, 32], ""stratification_model"": ""adaptive_gamma_density_basis_with_semantic_background"", ""version"": ""0.2.3""}"
ok,synthetic,global_contamination_noise25__quality__signal300__n400,StrataSCAN,227,0.2.4,400,2,0.0023150999913923442,0.5008831000013743,5.359414700011257,215.12890625,33.6015625,215.60546875,,0.9377417167414284,0.9515258186255833,0,0,1.0,known_synthetic_noise,0.9833333333333334,0.9677158999192896,1.0,3,3,0.1,0.9,full_partition,target-discovery-v1,0,0.05,0.9666666666666667,0.9827441077441078,0.03333333333333333,1.0,3,pairwise_f1,hungarian,1.0,0,3,0.9673243229247579,0.9523809523809523,0.9523809523809523,0.275,0.9090909090909091,1.0,0.9665611190368488,1.0,0.9352861952861953,0.275,3,macro,3,3,0.9666666666666667,0.983050847457627,1.0,0.9666666666666667,0,3,1.0,1.0,3,0,0.0,0.9666666666666667,1.0,0.9827441077441078,1.0,"{""background_inner_edge"": 6.0, ""background_intensity"": 3.0, ""background_size"": 100, ""background_strip_height"": 10.0, ""background_support_area"": 33.333333333333336, ""controlled_factor"": ""global_background_support_at_fixed_local_intensity"", ""declared_noise_fraction"": 0.25, ""dimension"": 2, ""family"": ""global_contamination_invariance"", ""n"": 400, ""n_targets"": 3, ""paired_background"": ""seeded_prefix"", ""realized_noise_fraction"": 0.25, ""signal_size"": 300}","{""ambiguous_model_confirmation_tolerance"": 1e-05, ""assignment"": ""maximum_posterior_basis_then_semantic_role"", ""background_model"": ""adaptive_gamma_basis_mixture_with_largest_rate_gap"", ""background_scan"": ""adaptive_dyadic_rank_windows_with_poisson_beta_boundary_code"", ""border_rule"": ""strict_local_core_radius"", ""component_initialization"": ""compiled_split_warm_single_start_with_guarded_confirmation"", ""component_selection"": ""semantic_icl_with_adaptive_bound"", ""connectivity"": ""density_ordered_non_merging_knn_watershed"", ""core_thresholds"": ""observed_d4_event_sweep"", ""duplicate_profile_confirmation_minimum"": 3, ""duplicate_profile_confirmation_tolerance"": 1e-08, ""extraction_objective"": ""gamma_topology_description_length"", ""fit_samples"": ""all_rows"", ""gamma_tolerance"": 0.0001, ""geometry_profile"": ""low_dim"", ""hard_component_bound"": 24, ""initial_component_bound"": 8, ""k"": 32, ""knn_backend"": ""kd_tree"", ""shell_ranks"": [4, 8, 16, 32], ""stratification_model"": ""adaptive_gamma_density_basis_with_semantic_background"", ""version"": ""0.2.3""}"
ok,synthetic,global_contamination_noise25__quality__signal300__n400,StrataSCAN,229,0.2.4,400,2,0.0016306000034091994,0.5242494999984046,5.4205858999921475,215.3203125,33.50390625,215.8203125,,0.608378632543468,0.4969706791373902,0,0,1.0,known_synthetic_noise,0.835,0.7356457653255363,1.0,3,3,0.1,0.9,full_partition,target-discovery-v1,0,0.05,0.67,0.7982123127548992,0.33,1.0,3,pairwise_f1,hungarian,1.0,0,3,0.7278551391830389,0.6688963210702341,0.6688963210702341,0.4975,0.5025125628140703,1.0,0.6271609503559212,1.0,0.4568350168350168,0.4975,3,macro,1,0,0.67,0.8023952095808384,1.0,0.67,0,3,1.0,0.3333333333333333,3,0,0.0,0.67,1.0,0.7982123127548991,1.0,"{""background_inner_edge"": 6.0, ""background_intensity"": 3.0, ""background_size"": 100, ""background_strip_height"": 10.0, ""background_support_area"": 33.333333333333336, ""controlled_factor"": ""global_background_support_at_fixed_local_intensity"", ""declared_noise_fraction"": 0.25, ""dimension"": 2, ""family"": ""global_contamination_invariance"", ""n"": 400, ""n_targets"": 3, ""paired_background"": ""seeded_prefix"", ""realized_noise_fraction"": 0.25, ""signal_size"": 300}","{""ambiguous_model_confirmation_tolerance"": 1e-05, ""assignment"": ""maximum_posterior_basis_then_semantic_role"", ""background_model"": ""adaptive_gamma_basis_mixture_with_largest_rate_gap"", ""background_scan"": ""adaptive_dyadic_rank_windows_with_poisson_beta_boundary_code"", ""border_rule"": ""strict_local_core_radius"", ""component_initialization"": ""compiled_split_warm_single_start_with_guarded_confirmation"", ""component_selection"": ""semantic_icl_with_adaptive_bound"", ""connectivity"": ""density_ordered_non_merging_knn_watershed"", ""core_thresholds"": ""observed_d4_event_sweep"", ""duplicate_profile_confirmation_minimum"": 3, ""duplicate_profile_confirmation_tolerance"": 1e-08, ""extraction_objective"": ""gamma_topology_description_length"", ""fit_samples"": ""all_rows"", ""gamma_tolerance"": 0.0001, ""geometry_profile"": ""low_dim"", ""hard_component_bound"": 24, ""initial_component_bound"": 8, ""k"": 32, ""knn_backend"": ""kd_tree"", ""shell_ranks"": [4, 8, 16, 32], ""stratification_model"": ""adaptive_gamma_density_basis_with_semantic_background"", ""version"": ""0.2.3""}"
ok,synthetic,global_contamination_noise25__quality__signal300__n400,StrataSCAN,233,0.2.4,400,2,0.0016525000100955367,0.5581601000012597,5.758930900003179,215.60546875,33.3671875,216.03125,,0.7695638346144347,0.7743105328285613,0,0,1.0,known_synthetic_noise,0.9283333333333333,0.8729229928112833,1.0,3,3,0.1,0.9,full_partition,target-discovery-v1,0,0.05,0.8566666666666666,0.9224620803568172,0.14333333333333334,1.0,3,pairwise_f1,hungarian,1.0,0,3,0.8699224905733787,0.823045267489712,0.823045267489712,0.3575,0.6993006993006993,1.0,0.8464227452808203,1.0,0.7337373737373737,0.3575,3,macro,3,3,0.8566666666666667,0.9228007181328546,1.0,0.8566666666666667,0,3,1.0,1.0,3,0,0.0,0.8566666666666667,1.0,0.9224620803568172,1.0,"{""background_inner_edge"": 6.0, ""background_intensity"": 3.0, ""background_size"": 100, ""background_strip_height"": 10.0, ""background_support_area"": 33.333333333333336, ""controlled_factor"": ""global_background_support_at_fixed_local_intensity"", ""declared_noise_fraction"": 0.25, ""dimension"": 2, ""family"": ""global_contamination_invariance"", ""n"": 400, ""n_targets"": 3, ""paired_background"": ""seeded_prefix"", ""realized_noise_fraction"": 0.25, ""signal_size"": 300}","{""ambiguous_model_confirmation_tolerance"": 1e-05, ""assignment"": ""maximum_posterior_basis_then_semantic_role"", ""background_model"": ""adaptive_gamma_basis_mixture_with_largest_rate_gap"", ""background_scan"": ""adaptive_dyadic_rank_windows_with_poisson_beta_boundary_code"", ""border_rule"": ""strict_local_core_radius"", ""component_initialization"": ""compiled_split_warm_single_start_with_guarded_confirmation"", ""component_selection"": ""semantic_icl_with_adaptive_bound"", ""connectivity"": ""density_ordered_non_merging_knn_watershed"", ""core_thresholds"": ""observed_d4_event_sweep"", ""duplicate_profile_confirmation_minimum"": 3, ""duplicate_profile_confirmation_tolerance"": 1e-08, ""extraction_objective"": ""gamma_topology_description_length"", ""fit_samples"": ""all_rows"", ""gamma_tolerance"": 0.0001, ""geometry_profile"": ""low_dim"", ""hard_component_bound"": 24, ""initial_component_bound"": 8, ""k"": 32, ""knn_backend"": ""kd_tree"", ""shell_ranks"": [4, 8, 16, 32], ""stratification_model"": ""adaptive_gamma_density_basis_with_semantic_background"", ""version"": ""0.2.3""}"
ok,synthetic,global_contamination_noise25__quality__signal300__n400,VDBSCAN-2007,211,0.2.4,400,2,0.0015688999992562458,0.024887599996873178,4.91472590000194,182.9375,0.9921875,183.4921875,,0.5915062626117265,0.5108553558192487,0,0,1.0,known_synthetic_noise,0.9116666666666666,0.846810847526212,3.3333333333333335,10,3,0.1,0.9,full_partition,target-discovery-v1,7,0.05,0.6466666666666666,0.7749083026062383,0.17666666666666667,1.0,3,pairwise_f1,hungarian,3.3333333333333335,0,10,0.7826332833349255,0.790513833992095,0.790513833992095,0.3825,0.6535947712418301,1.0,0.6227683746811964,1.0,0.4521885521885522,0.3825,10,macro,2,0,0.8233333333333334,0.9031078610603291,1.0,0.8233333333333334,0,3,1.0,0.6666666666666666,3,7,0.0,0.6466666666666666,1.0,0.7749083026062383,1.0,"{""background_inner_edge"": 6.0, ""background_intensity"": 3.0, ""background_size"": 100, ""background_strip_height"": 10.0, ""background_support_area"": 33.333333333333336, ""controlled_factor"": ""global_background_support_at_fixed_local_intensity"", ""declared_noise_fraction"": 0.25, ""dimension"": 2, ""family"": ""global_contamination_invariance"", ""n"": 400, ""n_targets"": 3, ""paired_background"": ""seeded_prefix"", ""realized_noise_fraction"": 0.25, ""signal_size"": 300}","{""eps_values"": [0.2605275809764862, 0.34814485907554626], ""geometry_profile"": ""low_dim"", ""knee_prominence"": 0.03, ""knn_backend"": ""kd_tree"", ""max_eps_values"": 3, ""min_samples"": 5}"
ok,synthetic,global_contamination_noise25__quality__signal300__n400,VDBSCAN-2007,223,0.2.4,400,2,0.0016153000033227727,0.015444399992702529,4.89542149999761,182.58984375,0.92578125,183.1484375,,0.6290159274836985,0.5697462574040967,0,0,1.0,known_synthetic_noise,0.8983333333333333,0.8265554915801221,2.3333333333333335,7,3,0.1,0.9,full_partition,target-discovery-v1,2,0.05,0.7033333333333333,0.8191423075144005,0.20333333333333334,1.0,3,pairwise_f1,hungarian,1.6666666666666667,0,7,0.7918317488781406,0.7662835249042146,0.7662835249042146,0.4025,0.6211180124223602,1.0,0.6819916570515666,1.0,0.5174410774410775,0.4025,7,macro,2,1,0.7966666666666666,0.8868274582560297,1.0,0.7966666666666666,0,3,1.0,0.6666666666666666,3,4,0.0,0.7033333333333334,1.0,0.8191423075144005,1.0,"{""background_inner_edge"": 6.0, ""background_intensity"": 3.0, ""background_size"": 100, ""background_strip_height"": 10.0, ""background_support_area"": 33.333333333333336, ""controlled_factor"": ""global_background_support_at_fixed_local_intensity"", ""declared_noise_fraction"": 0.25, ""dimension"": 2, ""family"": ""global_contamination_invariance"", ""n"": 400, ""n_targets"": 3, ""paired_background"": ""seeded_prefix"", ""realized_noise_fraction"": 0.25, ""signal_size"": 300}","{""eps_values"": [0.25909051299095154, 0.3195790946483612], ""geometry_profile"": ""low_dim"", ""knee_prominence"": 0.03, ""knn_backend"": ""kd_tree"", ""max_eps_values"": 3, ""min_samples"": 5}"
ok,synthetic,global_contamination_noise25__quality__signal300__n400,VDBSCAN-2007,227,0.2.4,400,2,0.0016903999930946156,0.013281999999890104,4.854978999996092,182.5390625,1.0234375,183.12890625,,0.7125183335023108,0.6998181963501118,1,1,0.95,known_synthetic_noise,0.895,0.8433702004418142,2.0,5,3,0.1,0.9,full_partition,target-discovery-v1,2,0.05,0.8066666666666666,0.8928914260904369,0.16,1.0,3,pairwise_f1,hungarian,1.6666666666666667,0,6,0.8337139358393105,0.7818930041152263,0.7818930041152263,0.3575,0.6643356643356644,0.95,0.7881259174686023,0.998966301426504,0.6507744107744108,0.3575,6,macro,3,1,0.84,0.9048473967684021,0.980544747081712,0.84,1,3,1.0,1.0,3,3,0.0,0.8066666666666666,1.0,0.892891426090437,1.0,"{""background_inner_edge"": 6.0, ""background_intensity"": 3.0, ""background_size"": 100, ""background_strip_height"": 10.0, ""background_support_area"": 33.333333333333336, ""controlled_factor"": ""global_background_support_at_fixed_local_intensity"", ""declared_noise_fraction"": 0.25, ""dimension"": 2, ""family"": ""global_contamination_invariance"", ""n"": 400, ""n_targets"": 3, ""paired_background"": ""seeded_prefix"", ""realized_noise_fraction"": 0.25, ""signal_size"": 300}","{""eps_values"": [0.24782612919807434, 0.35301297903060913], ""geometry_profile"": ""low_dim"", ""knee_prominence"": 0.03, ""knn_backend"": ""kd_tree"", ""max_eps_values"": 3, ""min_samples"": 5}"
ok,synthetic,global_contamination_noise25__quality__signal300__n400,VDBSCAN-2007,229,0.2.4,400,2,0.0018348000012338161,0.01553020000574179,4.826087199995527,182.67578125,0.96875,183.30078125,,0.6567412567636541,0.5899378207895046,6,6,0.26,known_synthetic_noise,0.6116666666666667,0.6256784577952461,6.333333333333333,13,3,0.1,0.9,full_partition,target-discovery-v1,10,0.05,0.7033333333333333,0.8231551646185792,0.036666666666666674,1.0,3,pairwise_f1,hungarian,4.333333333333333,0,19,0.5195543132795165,0.3795620437956205,0.3795620437956205,0.0925,0.7027027027027027,0.26,0.668139867411933,0.9369303682099891,0.5191919191919192,0.0925,19,macro,1,1,0.9633333333333334,0.8717948717948718,0.7961432506887053,0.9633333333333334,6,3,1.0,0.3333333333333333,3,16,0.0,0.7033333333333334,1.0,0.8231551646185793,1.0,"{""background_inner_edge"": 6.0, ""background_intensity"": 3.0, ""background_size"": 100, ""background_strip_height"": 10.0, ""background_support_area"": 33.333333333333336, ""controlled_factor"": ""global_background_support_at_fixed_local_intensity"", ""declared_noise_fraction"": 0.25, ""dimension"": 2, ""family"": ""global_contamination_invariance"", ""n"": 400, ""n_targets"": 3, ""paired_background"": ""seeded_prefix"", ""realized_noise_fraction"": 0.25, ""signal_size"": 300}","{""eps_values"": [0.25406521558761597, 0.6619822382926941], ""geometry_profile"": ""low_dim"", ""knee_prominence"": 0.03, ""knn_backend"": ""kd_tree"", ""max_eps_values"": 3, ""min_samples"": 5}"
ok,synthetic,global_contamination_noise25__quality__signal300__n400,VDBSCAN-2007,233,0.2.4,400,2,0.0016762000013841316,0.014359299995703623,5.092736200007494,182.78125,0.96875,183.36328125,,0.6577732798731506,0.6065273368540598,2,2,0.9,known_synthetic_noise,0.8833333333333333,0.84744469870328,3.3333333333333335,8,3,0.1,0.9,full_partition,target-discovery-v1,5,0.05,0.73,0.8436988037464066,0.13333333333333333,1.0,3,pairwise_f1,hungarian,2.6666666666666665,0,10,0.8120063648079504,0.7826086956521738,0.7826086956521738,0.325,0.6923076923076923,0.9,0.7047038327526133,0.9975339087546239,0.5447811447811448,0.325,10,macro,3,0,0.8666666666666667,0.912280701754386,0.9629629629629629,0.8666666666666667,2,3,1.0,1.0,3,7,0.0,0.73,1.0,0.8436988037464065,1.0,"{""background_inner_edge"": 6.0, ""background_intensity"": 3.0, ""background_size"": 100, ""background_strip_height"": 10.0, ""background_support_area"": 33.333333333333336, ""controlled_factor"": ""global_background_support_at_fixed_local_intensity"", ""declared_noise_fraction"": 0.25, ""dimension"": 2, ""family"": ""global_contamination_invariance"", ""n"": 400, ""n_targets"": 3, ""paired_background"": ""seeded_prefix"", ""realized_noise_fraction"": 0.25, ""signal_size"": 300}","{""eps_values"": [0.25009503960609436, 0.3455089032649994], ""geometry_profile"": ""low_dim"", ""knee_prominence"": 0.03, ""knn_backend"": ""kd_tree"", ""max_eps_values"": 3, ""min_samples"": 5}"
ok,synthetic,global_contamination_noise25__quality__signal300__n400,kNN+Leiden,211,0.2.4,400,2,0.0016153999895323068,0.02269390001310967,5.909431499996572,214.5390625,1.92578125,214.796875,,1.0,1.0,2,2,0.0,known_synthetic_noise,0.5,0.42857142857142855,1.6666666666666667,3,3,0.1,0.9,full_partition,target-discovery-v1,0,0.05,1.0,1.0,0.0,1.0,3,pairwise_f1,hungarian,1.0,0,5,0.0,0.0,0.0,0.0,0.0,0.0,0.9237947122861586,0.8583815028901735,1.0,0.0,5,macro,3,3,1.0,0.8571428571428571,0.75,1.0,2,3,1.0,1.0,3,2,0.0,1.0,1.0,1.0,1.0,"{""background_inner_edge"": 6.0, ""background_intensity"": 3.0, ""background_size"": 100, ""background_strip_height"": 10.0, ""background_support_area"": 33.333333333333336, ""controlled_factor"": ""global_background_support_at_fixed_local_intensity"", ""declared_noise_fraction"": 0.25, ""dimension"": 2, ""family"": ""global_contamination_invariance"", ""n"": 400, ""n_targets"": 3, ""paired_background"": ""seeded_prefix"", ""realized_noise_fraction"": 0.25, ""signal_size"": 300}","{""edge_rank"": 15, ""geometry_profile"": ""low_dim"", ""k"": 20, ""knn_backend"": ""kd_tree"", ""resolution"": 0.5, ""symmetrization"": ""union"", ""weights"": ""1/(1+d)""}"
ok,synthetic,global_contamination_noise25__quality__signal300__n400,kNN+Leiden,223,0.2.4,400,2,0.0017589999915799126,0.0136031999863917,5.914260299992748,214.26171875,2.0625,214.53515625,,0.9044509333024366,0.8694496649391575,2,2,0.0,known_synthetic_noise,0.5,0.42857142857142855,2.0,4,3,0.1,0.9,full_partition,target-discovery-v1,1,0.05,0.8466666666666667,0.9004329004329005,0.0,1.0,3,pairwise_f1,hungarian,1.3333333333333333,0,6,0.0,0.0,0.0,0.0,0.0,0.0,0.8336816557675454,0.8346382289416847,0.8327272727272728,0.0,6,macro,2,2,1.0,0.8571428571428571,0.75,1.0,2,3,1.0,0.6666666666666666,3,3,0.0,0.8466666666666667,1.0,0.9004329004329005,1.0,"{""background_inner_edge"": 6.0, ""background_intensity"": 3.0, ""background_size"": 100, ""background_strip_height"": 10.0, ""background_support_area"": 33.333333333333336, ""controlled_factor"": ""global_background_support_at_fixed_local_intensity"", ""declared_noise_fraction"": 0.25, ""dimension"": 2, ""family"": ""global_contamination_invariance"", ""n"": 400, ""n_targets"": 3, ""paired_background"": ""seeded_prefix"", ""realized_noise_fraction"": 0.25, ""signal_size"": 300}","{""edge_rank"": 15, ""geometry_profile"": ""low_dim"", ""k"": 20, ""knn_backend"": ""kd_tree"", ""resolution"": 0.5, ""symmetrization"": ""union"", ""weights"": ""1/(1+d)""}"
ok,synthetic,global_contamination_noise25__quality__signal300__n400,kNN+Leiden,227,0.2.4,400,2,0.001861500000813976,0.016700299995136447,5.828279500012286,214.0078125,1.9375,214.26953125,,1.0,1.0,2,2,0.0,known_synthetic_noise,0.5,0.42857142857142855,1.6666666666666667,3,3,0.1,0.9,full_partition,target-discovery-v1,0,0.05,1.0,1.0,0.0,1.0,3,pairwise_f1,hungarian,1.0,0,5,0.0,0.0,0.0,0.0,0.0,0.0,0.9237947122861586,0.8583815028901735,1.0,0.0,5,macro,3,3,1.0,0.8571428571428571,0.75,1.0,2,3,1.0,1.0,3,2,0.0,1.0,1.0,1.0,1.0,"{""background_inner_edge"": 6.0, ""background_intensity"": 3.0, ""background_size"": 100, ""background_strip_height"": 10.0, ""background_support_area"": 33.333333333333336, ""controlled_factor"": ""global_background_support_at_fixed_local_intensity"", ""declared_noise_fraction"": 0.25, ""dimension"": 2, ""family"": ""global_contamination_invariance"", ""n"": 400, ""n_targets"": 3, ""paired_background"": ""seeded_prefix"", ""realized_noise_fraction"": 0.25, ""signal_size"": 300}","{""edge_rank"": 15, ""geometry_profile"": ""low_dim"", ""k"": 20, ""knn_backend"": ""kd_tree"", ""resolution"": 0.5, ""symmetrization"": ""union"", ""weights"": ""1/(1+d)""}"
ok,synthetic,global_contamination_noise25__quality__signal300__n400,kNN+Leiden,229,0.2.4,400,2,0.0018780999962473288,0.01577030000044033,5.932149700005539,214.1875,2.02734375,214.46875,,0.9071132741073447,0.8752007335095876,2,2,0.0,known_synthetic_noise,0.5,0.42857142857142855,2.0,4,3,0.1,0.9,full_partition,target-discovery-v1,1,0.05,0.87,0.9192546583850931,0.0,1.0,3,pairwise_f1,hungarian,1.3333333333333333,0,6,0.0,0.0,0.0,0.0,0.0,0.0,0.8377951697961104,0.8358018899537565,0.8397979797979798,0.0,6,macro,2,2,1.0,0.8571428571428571,0.75,1.0,2,3,1.0,0.6666666666666666,3,3,0.0,0.87,1.0,0.9192546583850931,1.0,"{""background_inner_edge"": 6.0, ""background_intensity"": 3.0, ""background_size"": 100, ""background_strip_height"": 10.0, ""background_support_area"": 33.333333333333336, ""controlled_factor"": ""global_background_support_at_fixed_local_intensity"", ""declared_noise_fraction"": 0.25, ""dimension"": 2, ""family"": ""global_contamination_invariance"", ""n"": 400, ""n_targets"": 3, ""paired_background"": ""seeded_prefix"", ""realized_noise_fraction"": 0.25, ""signal_size"": 300}","{""edge_rank"": 15, ""geometry_profile"": ""low_dim"", ""k"": 20, ""knn_backend"": ""kd_tree"", ""resolution"": 0.5, ""symmetrization"": ""union"", ""weights"": ""1/(1+d)""}"
ok,synthetic,global_contamination_noise25__quality__signal300__n400,kNN+Leiden,233,0.2.4,400,2,0.0020865999977104366,0.01678409999294672,5.83512280001014,214.0078125,2.06640625,214.26171875,,1.0,1.0,2,2,0.0,known_synthetic_noise,0.5,0.42857142857142855,1.6666666666666667,3,3,0.1,0.9,full_partition,target-discovery-v1,0,0.05,1.0,1.0,0.0,1.0,3,pairwise_f1,hungarian,1.0,0,5,0.0,0.0,0.0,0.0,0.0,0.0,0.9237947122861586,0.8583815028901735,1.0,0.0,5,macro,3,3,1.0,0.8571428571428571,0.75,1.0,2,3,1.0,1.0,3,2,0.0,1.0,1.0,1.0,1.0,"{""background_inner_edge"": 6.0, ""background_intensity"": 3.0, ""background_size"": 100, ""background_strip_height"": 10.0, ""background_support_area"": 33.333333333333336, ""controlled_factor"": ""global_background_support_at_fixed_local_intensity"", ""declared_noise_fraction"": 0.25, ""dimension"": 2, ""family"": ""global_contamination_invariance"", ""n"": 400, ""n_targets"": 3, ""paired_background"": ""seeded_prefix"", ""realized_noise_fraction"": 0.25, ""signal_size"": 300}","{""edge_rank"": 15, ""geometry_profile"": ""low_dim"", ""k"": 20, ""knn_backend"": ""kd_tree"", ""resolution"": 0.5, ""symmetrization"": ""union"", ""weights"": ""1/(1+d)""}"
ok,synthetic,global_contamination_noise25__quality__signal300__n400,kNN-DBSCAN,211,0.2.4,400,2,0.0017989000043598935,0.006023900001309812,5.023256800006493,182.171875,0.53125,182.71875,,0.36961765388734963,0.12280740293451557,0,0,1.0,known_synthetic_noise,0.7433333333333334,0.6098401357959008,3.6666666666666665,11,3,0.1,0.9,full_partition,target-discovery-v1,7,0.05,0.2833333333333333,0.4368434961320337,0.5133333333333333,1.0,3,pairwise_f1,hungarian,3.3333333333333335,0,11,0.4927140721960116,0.5649717514124294,0.5649717514124294,0.635,0.3937007874015748,1.0,0.18326400782970398,1.0,0.10087542087542088,0.635,11,macro,0,0,0.4866666666666667,0.6547085201793722,1.0,0.4866666666666667,0,3,1.0,0.0,3,8,0.0,0.2833333333333333,1.0,0.4368434961320337,1.0,"{""background_inner_edge"": 6.0, ""background_intensity"": 3.0, ""background_size"": 100, ""background_strip_height"": 10.0, ""background_support_area"": 33.333333333333336, ""controlled_factor"": ""global_background_support_at_fixed_local_intensity"", ""declared_noise_fraction"": 0.25, ""dimension"": 2, ""family"": ""global_contamination_invariance"", ""n"": 400, ""n_targets"": 3, ""paired_background"": ""seeded_prefix"", ""realized_noise_fraction"": 0.25, ""signal_size"": 300}","{""eps"": 0.18204322457313538, ""eps_quantile"": 0.25, ""geometry_profile"": ""low_dim"", ""k"": 4, ""knn_backend"": ""kd_tree"", ""min_samples"": 5}"
ok,synthetic,global_contamination_noise25__quality__signal300__n400,kNN-DBSCAN,223,0.2.4,400,2,0.0016604999982519075,0.005179799991310574,5.054028799990192,182.09375,0.51953125,183.41015625,,0.3797988458657451,0.1162379616998071,0,0,1.0,known_synthetic_noise,0.7566666666666666,0.6282243894986123,3.3333333333333335,10,3,0.1,0.9,full_partition,target-discovery-v1,6,0.05,0.26,0.40727174060507393,0.48666666666666664,1.0,3,pairwise_f1,hungarian,3.0,0,10,0.4778557932453921,0.5780346820809249,0.5780346820809249,0.615,0.4065040650406504,1.0,0.18957634867418469,1.0,0.10471380471380472,0.615,10,macro,0,0,0.5133333333333333,0.6784140969162996,1.0,0.5133333333333333,0,3,1.0,0.0,3,7,0.0,0.26,1.0,0.40727174060507393,1.0,"{""background_inner_edge"": 6.0, ""background_intensity"": 3.0, ""background_size"": 100, ""background_strip_height"": 10.0, ""background_support_area"": 33.333333333333336, ""controlled_factor"": ""global_background_support_at_fixed_local_intensity"", ""declared_noise_fraction"": 0.25, ""dimension"": 2, ""family"": ""global_contamination_invariance"", ""n"": 400, ""n_targets"": 3, ""paired_background"": ""seeded_prefix"", ""realized_noise_fraction"": 0.25, ""signal_size"": 300}","{""eps"": 0.18418262898921967, ""eps_quantile"": 0.25, ""geometry_profile"": ""low_dim"", ""k"": 4, ""knn_backend"": ""kd_tree"", ""min_samples"": 5}"
ok,synthetic,global_contamination_noise25__quality__signal300__n400,kNN-DBSCAN,227,0.2.4,400,2,0.0018928000063169748,0.005381800001487136,4.7584787999949185,182.2265625,0.5625,182.7734375,,0.33719260305592375,0.0641197396885077,0,0,1.0,known_synthetic_noise,0.7616666666666667,0.6350900472724257,5.333333333333333,16,3,0.1,0.9,full_partition,target-discovery-v1,13,0.05,0.18666666666666668,0.3117244137793111,0.4766666666666666,1.0,3,pairwise_f1,hungarian,5.333333333333333,0,16,0.4062595031772338,0.5830903790087464,0.5830903790087464,0.6075,0.411522633744856,1.0,0.11691605376616789,1.0,0.06208754208754209,0.6075,16,macro,0,0,0.5233333333333333,0.687089715536105,1.0,0.5233333333333333,0,3,1.0,0.0,3,13,0.0,0.18666666666666668,1.0,0.31172441377931104,1.0,"{""background_inner_edge"": 6.0, ""background_intensity"": 3.0, ""background_size"": 100, ""background_strip_height"": 10.0, ""background_support_area"": 33.333333333333336, ""controlled_factor"": ""global_background_support_at_fixed_local_intensity"", ""declared_noise_fraction"": 0.25, ""dimension"": 2, ""family"": ""global_contamination_invariance"", ""n"": 400, ""n_targets"": 3, ""paired_background"": ""seeded_prefix"", ""realized_noise_fraction"": 0.25, ""signal_size"": 300}","{""eps"": 0.16637495160102844, ""eps_quantile"": 0.25, ""geometry_profile"": ""low_dim"", ""k"": 4, ""knn_backend"": ""kd_tree"", ""min_samples"": 5}"
ok,synthetic,global_contamination_noise25__quality__signal300__n400,kNN-DBSCAN,229,0.2.4,400,2,0.0016556999908061698,0.0058062000025529414,4.741150000001653,182.1875,0.53125,182.7421875,,0.33650794330506395,0.06889811805318849,0,0,1.0,known_synthetic_noise,0.745,0.6121451793828545,4.666666666666667,14,3,0.1,0.9,full_partition,target-discovery-v1,11,0.05,0.15333333333333335,0.26501008725179254,0.51,1.0,3,pairwise_f1,hungarian,4.666666666666667,0,14,0.36111243268190246,0.56657223796034,0.56657223796034,0.6325,0.3952569169960474,1.0,0.10465858328015315,1.0,0.055218855218855216,0.6325,14,macro,0,0,0.49,0.6577181208053691,1.0,0.49,0,3,1.0,0.0,3,11,0.0,0.15333333333333332,1.0,0.26501008725179254,1.0,"{""background_inner_edge"": 6.0, ""background_intensity"": 3.0, ""background_size"": 100, ""background_strip_height"": 10.0, ""background_support_area"": 33.333333333333336, ""controlled_factor"": ""global_background_support_at_fixed_local_intensity"", ""declared_noise_fraction"": 0.25, ""dimension"": 2, ""family"": ""global_contamination_invariance"", ""n"": 400, ""n_targets"": 3, ""paired_background"": ""seeded_prefix"", ""realized_noise_fraction"": 0.25, ""signal_size"": 300}","{""eps"": 0.1513480395078659, ""eps_quantile"": 0.25, ""geometry_profile"": ""low_dim"", ""k"": 4, ""knn_backend"": ""kd_tree"", ""min_samples"": 5}"
ok,synthetic,global_contamination_noise25__quality__signal300__n400,kNN-DBSCAN,233,0.2.4,400,2,0.0015764999989187345,0.005695800005923957,4.756126499996753,182.4609375,0.53515625,183.05859375,,0.38753975588840744,0.13717962222727348,0,0,1.0,known_synthetic_noise,0.7483333333333333,0.6167488372388149,3.0,9,3,0.1,0.9,full_partition,target-discovery-v1,6,0.05,0.3266666666666667,0.49003003111295423,0.5033333333333333,1.0,3,pairwise_f1,hungarian,3.0,0,9,0.5269132457713116,0.5698005698005697,0.5698005698005697,0.6275,0.398406374501992,1.0,0.22272754473101553,1.0,0.12531986531986533,0.6275,9,macro,0,0,0.49666666666666665,0.6636971046770601,1.0,0.49666666666666665,0,3,1.0,0.0,3,6,0.0,0.32666666666666666,1.0,0.49003003111295423,1.0,"{""background_inner_edge"": 6.0, ""background_intensity"": 3.0, ""background_size"": 100, ""background_strip_height"": 10.0, ""background_support_area"": 33.333333333333336, ""controlled_factor"": ""global_background_support_at_fixed_local_intensity"", ""declared_noise_fraction"": 0.25, ""dimension"": 2, ""family"": ""global_contamination_invariance"", ""n"": 400, ""n_targets"": 3, ""paired_background"": ""seeded_prefix"", ""realized_noise_fraction"": 0.25, ""signal_size"": 300}","{""eps"": 0.16634608805179596, ""eps_quantile"": 0.25, ""geometry_profile"": ""low_dim"", ""k"": 4, ""knn_backend"": ""kd_tree"", ""min_samples"": 5}"
ok,synthetic,global_contamination_noise50__quality__signal300__n600,AMD-DBSCAN,211,0.2.4,600,2,0.0015816999948583543,0.03913059999467805,4.785196600001655,184.9375,3.484375,184.87109375,,0.8090697641670626,0.7911020463916532,2,2,0.0,known_synthetic_noise,0.49166666666666664,0.329608938547486,3.0,7,3,0.1,0.9,full_partition,target-discovery-v1,4,0.05,0.85,0.9175620525180511,0.016666666666666666,1.0,3,pairwise_f1,hungarian,2.3333333333333335,0,9,0.0,0.0,0.0,0.008333333333333333,0.0,0.0,0.4555022731518964,0.3292518231745746,0.7387878787878788,0.008333333333333333,9,macro,3,2,0.9833333333333333,0.659217877094972,0.4957983193277311,0.9833333333333333,2,3,1.0,1.0,3,6,0.0,0.85,1.0,0.9175620525180511,1.0,"{""background_inner_edge"": 6.0, ""background_intensity"": 3.0, ""background_size"": 300, ""background_strip_height"": 10.0, ""background_support_area"": 100.0, ""controlled_factor"": ""global_background_support_at_fixed_local_intensity"", ""declared_noise_fraction"": 0.5, ""dimension"": 2, ""family"": ""global_contamination_invariance"", ""n"": 600, ""n_targets"": 3, ""paired_background"": ""seeded_prefix"", ""realized_noise_fraction"": 0.5, ""signal_size"": 300}","{""adaptive_rank"": 12, ""balance_rounds"": 3, ""eps_values"": [0.28364560393929944, 0.9826374768276833, 1.3768061043776099], ""geometry_profile"": ""low_dim"", ""knn_backend"": ""kd_tree"", ""n_density_levels"": 3}"
ok,synthetic,global_contamination_noise50__quality__signal300__n600,AMD-DBSCAN,223,0.2.4,600,2,0.0016300999996019527,0.040752500004600734,4.79043229999661,187.3359375,5.68359375,187.34375,,0.7958172583912683,0.7774800761733222,2,2,0.0033333333333333335,known_synthetic_noise,0.495,0.3340049455078304,3.3333333333333335,8,3,0.1,0.9,full_partition,target-discovery-v1,5,0.05,0.8433333333333333,0.9147909796671568,0.013333333333333334,1.0,3,pairwise_f1,hungarian,2.6666666666666665,0,10,0.013021414389331675,0.006557377049180329,0.006557377049180329,0.008333333333333333,0.2,0.0033333333333333335,0.4493921195254138,0.32599653905704484,0.7230976430976431,0.008333333333333333,10,macro,3,3,0.9866666666666667,0.6614525139664804,0.49747899159663866,0.9866666666666667,2,3,1.0,1.0,3,7,0.0,0.8433333333333334,1.0,0.914790979667157,1.0,"{""background_inner_edge"": 6.0, ""background_intensity"": 3.0, ""background_size"": 300, ""background_strip_height"": 10.0, ""background_support_area"": 100.0, ""controlled_factor"": ""global_background_support_at_fixed_local_intensity"", ""declared_noise_fraction"": 0.5, ""dimension"": 2, ""family"": ""global_contamination_invariance"", ""n"": 600, ""n_targets"": 3, ""paired_background"": ""seeded_prefix"", ""realized_noise_fraction"": 0.5, ""signal_size"": 300}","{""adaptive_rank"": 12, ""balance_rounds"": 3, ""eps_values"": [0.2881611132541795, 0.9914868919499725, 1.339938200235843], ""geometry_profile"": ""low_dim"", ""knn_backend"": ""kd_tree"", ""n_density_levels"": 3}"
ok,synthetic,global_contamination_noise50__quality__signal300__n600,AMD-DBSCAN,227,0.2.4,600,2,0.0017907000001287088,0.038737499999115244,4.750134000001708,187.25390625,5.67578125,182.91015625,,0.8003689344385213,0.7587255624532078,4,4,0.02,known_synthetic_noise,0.51,0.3551783129359126,4.0,8,3,0.1,0.9,full_partition,target-discovery-v1,5,0.05,0.8266666666666667,0.9050583092356246,0.0,1.0,3,pairwise_f1,hungarian,2.6666666666666665,0,12,0.07517411870682318,0.0392156862745098,0.0392156862745098,0.01,1.0,0.02,0.4606676984302454,0.34292297564186963,0.7015488215488216,0.01,12,macro,3,2,1.0,0.6711409395973155,0.5050505050505051,1.0,4,3,1.0,1.0,3,9,0.0,0.8266666666666667,1.0,0.9050583092356245,1.0,"{""background_inner_edge"": 6.0, ""background_intensity"": 3.0, ""background_size"": 300, ""background_strip_height"": 10.0, ""background_support_area"": 100.0, ""controlled_factor"": ""global_background_support_at_fixed_local_intensity"", ""declared_noise_fraction"": 0.5, ""dimension"": 2, ""family"": ""global_contamination_invariance"", ""n"": 600, ""n_targets"": 3, ""paired_background"": ""seeded_prefix"", ""realized_noise_fraction"": 0.5, ""signal_size"": 300}","{""adaptive_rank"": 12, ""balance_rounds"": 3, ""eps_values"": [0.2819048400435043, 0.9812464805087274, 1.3481107273601192], ""geometry_profile"": ""low_dim"", ""knn_backend"": ""kd_tree"", ""n_density_levels"": 3}"
ok,synthetic,global_contamination_noise50__quality__signal300__n600,AMD-DBSCAN,229,0.2.4,600,2,0.002239900000859052,0.01870059999055229,4.760023499999079,184.9296875,3.3984375,184.9296875,,0.6956136815244977,0.6182250032661568,3,3,0.01,known_synthetic_noise,0.49,0.3373180873180873,4.333333333333333,10,3,0.1,0.9,full_partition,target-discovery-v1,7,0.05,0.7133333333333334,0.8300544453023221,0.03,1.0,3,pairwise_f1,hungarian,3.3333333333333335,0,13,0.03759063554487715,0.019230769230769232,0.019230769230769232,0.02,0.25,0.01,0.3742071881606765,0.28402986115956186,0.5482828282828283,0.02,13,macro,1,1,0.97,0.6554054054054054,0.49489795918367346,0.97,3,3,1.0,0.3333333333333333,3,10,0.0,0.7133333333333334,1.0,0.830054445302322,1.0,"{""background_inner_edge"": 6.0, ""background_intensity"": 3.0, ""background_size"": 300, ""background_strip_height"": 10.0, ""background_support_area"": 100.0, ""controlled_factor"": ""global_background_support_at_fixed_local_intensity"", ""declared_noise_fraction"": 0.5, ""dimension"": 2, ""family"": ""global_contamination_invariance"", ""n"": 600, ""n_targets"": 3, ""paired_background"": ""seeded_prefix"", ""realized_noise_fraction"": 0.5, ""signal_size"": 300}","{""adaptive_rank"": 12, ""balance_rounds"": 3, ""eps_values"": [0.2628227020921273, 0.9713698203921958, 1.3385403405803313], ""geometry_profile"": ""low_dim"", ""knn_backend"": ""kd_tree"", ""n_density_levels"": 3}"
ok,synthetic,global_contamination_noise50__quality__signal300__n600,AMD-DBSCAN,233,0.2.4,600,2,0.0015899000136414543,0.019175299996277317,4.740901800003485,185.21875,3.3203125,183.08984375,,0.7516212002164488,0.723067635073201,3,3,0.016666666666666666,known_synthetic_noise,0.5,0.34758970641536785,4.333333333333333,10,3,0.1,0.9,full_partition,target-discovery-v1,7,0.05,0.8033333333333333,0.8899543578591541,0.016666666666666666,1.0,3,pairwise_f1,hungarian,3.3333333333333335,0,13,0.062259419621108335,0.03225806451612903,0.03225806451612903,0.016666666666666666,0.5,0.016666666666666666,0.430843479214654,0.3195054498129169,0.6612794612794612,0.016666666666666666,13,macro,3,1,0.9833333333333333,0.6629213483146067,0.5,0.9833333333333333,3,3,1.0,1.0,3,10,0.0,0.8033333333333333,1.0,0.8899543578591541,1.0,"{""background_inner_edge"": 6.0, ""background_intensity"": 3.0, ""background_size"": 300, ""background_strip_height"": 10.0, ""background_support_area"": 100.0, ""controlled_factor"": ""global_background_support_at_fixed_local_intensity"", ""declared_noise_fraction"": 0.5, ""dimension"": 2, ""family"": ""global_contamination_invariance"", ""n"": 600, ""n_targets"": 3, ""paired_background"": ""seeded_prefix"", ""realized_noise_fraction"": 0.5, ""signal_size"": 300}","{""adaptive_rank"": 12, ""balance_rounds"": 3, ""eps_values"": [0.2687915588397021, 0.967926996139867, 1.3181765964579497], ""geometry_profile"": ""low_dim"", ""knn_backend"": ""kd_tree"", ""n_density_levels"": 3}"
ok,synthetic,global_contamination_noise50__quality__signal300__n600,DBSCAN,211,0.2.4,600,2,0.002454699992085807,0.011384900004486553,5.002875400008634,182.3515625,0.65234375,182.87890625,,0.9740051210129412,0.9849751463816282,18,18,0.49666666666666665,known_synthetic_noise,0.7433333333333333,0.7267048412285267,7.0,3,3,0.1,0.9,full_partition,target-discovery-v1,0,0.05,0.9899999999999999,0.9949579547569497,0.01,1.0,3,pairwise_f1,hungarian,1.0,0,21,0.7930698008537818,0.65929203539823,0.65929203539823,0.25333333333333335,0.9802631578947368,0.49666666666666665,0.9592038489422,0.9392101187403201,0.9800673400673401,0.25333333333333335,21,macro,3,3,0.99,0.7941176470588235,0.6629464285714286,0.99,18,3,1.0,1.0,3,18,0.0,0.99,1.0,0.9949579547569497,1.0,"{""background_inner_edge"": 6.0, ""background_intensity"": 3.0, ""background_size"": 300, ""background_strip_height"": 10.0, ""background_support_area"": 100.0, ""controlled_factor"": ""global_background_support_at_fixed_local_intensity"", ""declared_noise_fraction"": 0.5, ""dimension"": 2, ""family"": ""global_contamination_invariance"", ""n"": 600, ""n_targets"": 3, ""paired_background"": ""seeded_prefix"", ""realized_noise_fraction"": 0.5, ""signal_size"": 300}","{""base_eps"": 0.8139848709106445, ""eps"": 0.5697894096374512, ""eps_multiplier"": 0.7, ""geometry_profile"": ""low_dim"", ""knn_backend"": ""kd_tree"", ""min_samples"": 5}"
ok,synthetic,global_contamination_noise50__quality__signal300__n600,DBSCAN,223,0.2.4,600,2,0.001676600004429929,0.013273200005642138,5.15560660000483,182.58203125,0.6796875,183.15625,,0.9681462648043433,0.9800866408299869,21,21,0.52,known_synthetic_noise,0.7533333333333334,0.7391304347826086,8.0,3,3,0.1,0.9,full_partition,target-discovery-v1,0,0.05,0.9866666666666667,0.9932488159919733,0.013333333333333334,1.0,3,pairwise_f1,hungarian,1.0,0,24,0.8060758623779909,0.6782608695652174,0.6782608695652174,0.26666666666666666,0.975,0.52,0.9698453694696945,0.9661832520216534,0.9735353535353536,0.26666666666666666,24,macro,3,3,0.9866666666666667,0.8,0.6727272727272727,0.9866666666666667,21,3,1.0,1.0,3,21,0.0,0.9866666666666667,1.0,0.9932488159919735,1.0,"{""background_inner_edge"": 6.0, ""background_intensity"": 3.0, ""background_size"": 300, ""background_strip_height"": 10.0, ""background_support_area"": 100.0, ""controlled_factor"": ""global_background_support_at_fixed_local_intensity"", ""declared_noise_fraction"": 0.5, ""dimension"": 2, ""family"": ""global_contamination_invariance"", ""n"": 600, ""n_targets"": 3, ""paired_background"": ""seeded_prefix"", ""realized_noise_fraction"": 0.5, ""signal_size"": 300}","{""base_eps"": 0.785525381565094, ""eps"": 0.5498677670955657, ""eps_multiplier"": 0.7, ""geometry_profile"": ""low_dim"", ""knn_backend"": ""kd_tree"", ""min_samples"": 5}"
ok,synthetic,global_contamination_noise50__quality__signal300__n600,DBSCAN,227,0.2.4,600,2,0.0019151000014971942,0.012713299991446547,5.087657700001728,182.83984375,0.671875,183.3828125,,0.9624120561330824,0.9797819279744424,19,19,0.48333333333333334,known_synthetic_noise,0.735,0.7170810115095241,7.333333333333333,3,3,0.1,0.9,full_partition,target-discovery-v1,0,0.05,0.9866666666666667,0.9932829128809028,0.013333333333333334,1.0,3,pairwise_f1,hungarian,1.0,0,22,0.7827671085847207,0.6458797327394209,0.6458797327394209,0.24833333333333332,0.9731543624161074,0.48333333333333334,0.9635381949073456,0.9538735647353834,0.9734006734006734,0.24833333333333332,22,macro,3,3,0.9866666666666667,0.7882822902796272,0.656319290465632,0.9866666666666667,19,3,1.0,1.0,3,19,0.0,0.9866666666666667,1.0,0.9932829128809029,1.0,"{""background_inner_edge"": 6.0, ""background_intensity"": 3.0, ""background_size"": 300, ""background_strip_height"": 10.0, ""background_support_area"": 100.0, ""controlled_factor"": ""global_background_support_at_fixed_local_intensity"", ""declared_noise_fraction"": 0.5, ""dimension"": 2, ""family"": ""global_contamination_invariance"", ""n"": 600, ""n_targets"": 3, ""paired_background"": ""seeded_prefix"", ""realized_noise_fraction"": 0.5, ""signal_size"": 300}","{""base_eps"": 0.7953967452049255, ""eps"": 0.5567777216434479, ""eps_multiplier"": 0.7, ""geometry_profile"": ""low_dim"", ""knn_backend"": ""kd_tree"", ""min_samples"": 5}"
ok,synthetic,global_contamination_noise50__quality__signal300__n600,DBSCAN,229,0.2.4,600,2,0.0016220000106841326,0.011218100000405684,4.888416900008451,182.5546875,0.65625,183.11328125,,0.9809982501286235,0.9899493302734766,14,14,0.5633333333333334,known_synthetic_noise,0.7783333333333333,0.7675901898595929,5.666666666666667,3,3,0.1,0.9,full_partition,target-discovery-v1,0,0.05,0.9933333333333333,0.9966499162479062,0.006666666666666667,1.0,3,pairwise_f1,hungarian,1.0,0,17,0.8344276612914937,0.7176220806794055,0.7176220806794055,0.285,0.9883040935672515,0.5633333333333334,0.9558353447713485,0.9268724696356275,0.9866666666666667,0.285,17,macro,3,3,0.9933333333333333,0.8175582990397805,0.6946386946386947,0.9933333333333333,14,3,1.0,1.0,3,14,0.0,0.9933333333333333,1.0,0.9966499162479061,1.0,"{""background_inner_edge"": 6.0, ""background_intensity"": 3.0, ""background_size"": 300, ""background_strip_height"": 10.0, ""background_support_area"": 100.0, ""controlled_factor"": ""global_background_support_at_fixed_local_intensity"", ""declared_noise_fraction"": 0.5, ""dimension"": 2, ""family"": ""global_contamination_invariance"", ""n"": 600, ""n_targets"": 3, ""paired_background"": ""seeded_prefix"", ""realized_noise_fraction"": 0.5, ""signal_size"": 300}","{""base_eps"": 0.7773639559745789, ""eps"": 0.5441547691822052, ""eps_multiplier"": 0.7, ""geometry_profile"": ""low_dim"", ""knn_backend"": ""kd_tree"", ""min_samples"": 5}"
ok,synthetic,global_contamination_noise50__quality__signal300__n600,DBSCAN,233,0.2.4,600,2,0.0017788999975891784,0.010030800011008978,4.778693200001726,182.39453125,0.84375,182.96484375,,0.9358774124161202,0.9595638964518409,19,19,0.5466666666666666,known_synthetic_noise,0.76,0.7485565282175451,7.333333333333333,3,3,0.1,0.9,full_partition,target-discovery-v1,0,0.05,0.9733333333333333,0.986446094903538,0.02666666666666667,1.0,3,pairwise_f1,hungarian,1.0,0,22,0.8154064433342186,0.6949152542372881,0.6949152542372881,0.2866666666666667,0.9534883720930233,0.5466666666666666,0.9544066761652759,0.9616488925348646,0.9472727272727273,0.2866666666666667,22,macro,3,3,0.9733333333333334,0.8021978021978022,0.6822429906542056,0.9733333333333334,19,3,1.0,1.0,3,19,0.0,0.9733333333333334,1.0,0.9864460949035379,1.0,"{""background_inner_edge"": 6.0, ""background_intensity"": 3.0, ""background_size"": 300, ""background_strip_height"": 10.0, ""background_support_area"": 100.0, ""controlled_factor"": ""global_background_support_at_fixed_local_intensity"", ""declared_noise_fraction"": 0.5, ""dimension"": 2, ""family"": ""global_contamination_invariance"", ""n"": 600, ""n_targets"": 3, ""paired_background"": ""seeded_prefix"", ""realized_noise_fraction"": 0.5, ""signal_size"": 300}","{""base_eps"": 0.7537509202957153, ""eps"": 0.5276256442070006, ""eps_multiplier"": 0.7, ""geometry_profile"": ""low_dim"", ""knn_backend"": ""kd_tree"", ""min_samples"": 5}"
ok,synthetic,global_contamination_noise50__quality__signal300__n600,HDBSCAN,211,0.2.4,600,2,0.001481300001614727,0.012829700004658662,4.741616800005431,182.63671875,0.81640625,183.0859375,,1.0,1.0,2,2,0.01,known_synthetic_noise,0.505,0.34434915063412697,1.6666666666666667,3,3,0.1,0.9,full_partition,target-discovery-v1,0,0.05,1.0,1.0,0.0,1.0,3,pairwise_f1,hungarian,1.0,0,5,0.038834951456310676,0.019801980198019802,0.019801980198019802,0.005,1.0,0.01,0.5755144750610394,0.4040156709108717,1.0,0.005,5,macro,3,3,1.0,0.6688963210702341,0.5025125628140703,1.0,2,3,1.0,1.0,3,2,0.0,1.0,1.0,1.0,1.0,"{""background_inner_edge"": 6.0, ""background_intensity"": 3.0, ""background_size"": 300, ""background_strip_height"": 10.0, ""background_support_area"": 100.0, ""controlled_factor"": ""global_background_support_at_fixed_local_intensity"", ""declared_noise_fraction"": 0.5, ""dimension"": 2, ""family"": ""global_contamination_invariance"", ""n"": 600, ""n_targets"": 3, ""paired_background"": ""seeded_prefix"", ""realized_noise_fraction"": 0.5, ""signal_size"": 300}","{""geometry_profile"": ""low_dim"", ""knn_backend"": ""kd_tree"", ""min_cluster_size"": 40, ""min_samples"": 5}"
ok,synthetic,global_contamination_noise50__quality__signal300__n600,HDBSCAN,223,0.2.4,600,2,0.0018029000057140365,0.01140529999975115,4.801607499990496,181.8515625,0.80078125,182.28125,,1.0,1.0,2,2,0.0,known_synthetic_noise,0.5,0.3333333333333333,1.6666666666666667,3,3,0.1,0.9,full_partition,target-discovery-v1,0,0.05,1.0,1.0,0.0,1.0,3,pairwise_f1,hungarian,1.0,0,5,0.0,0.0,0.0,0.0,0.0,0.0,0.5706051873198847,0.39919354838709675,1.0,0.0,5,macro,3,3,1.0,0.6666666666666666,0.5,1.0,2,3,1.0,1.0,3,2,0.0,1.0,1.0,1.0,1.0,"{""background_inner_edge"": 6.0, ""background_intensity"": 3.0, ""background_size"": 300, ""background_strip_height"": 10.0, ""background_support_area"": 100.0, ""controlled_factor"": ""global_background_support_at_fixed_local_intensity"", ""declared_noise_fraction"": 0.5, ""dimension"": 2, ""family"": ""global_contamination_invariance"", ""n"": 600, ""n_targets"": 3, ""paired_background"": ""seeded_prefix"", ""realized_noise_fraction"": 0.5, ""signal_size"": 300}","{""geometry_profile"": ""low_dim"", ""knn_backend"": ""kd_tree"", ""min_cluster_size"": 40, ""min_samples"": 5}"
ok,synthetic,global_contamination_noise50__quality__signal300__n600,HDBSCAN,227,0.2.4,600,2,0.001629299993510358,0.012190199995529838,4.8102198999986285,182.203125,0.83203125,182.6875,,1.0,1.0,2,2,0.0,known_synthetic_noise,0.5,0.3333333333333333,1.6666666666666667,3,3,0.1,0.9,full_partition,target-discovery-v1,0,0.05,1.0,1.0,0.0,1.0,3,pairwise_f1,hungarian,1.0,0,5,0.0,0.0,0.0,0.0,0.0,0.0,0.5706051873198847,0.39919354838709675,1.0,0.0,5,macro,3,3,1.0,0.6666666666666666,0.5,1.0,2,3,1.0,1.0,3,2,0.0,1.0,1.0,1.0,1.0,"{""background_inner_edge"": 6.0, ""background_intensity"": 3.0, ""background_size"": 300, ""background_strip_height"": 10.0, ""background_support_area"": 100.0, ""controlled_factor"": ""global_background_support_at_fixed_local_intensity"", ""declared_noise_fraction"": 0.5, ""dimension"": 2, ""family"": ""global_contamination_invariance"", ""n"": 600, ""n_targets"": 3, ""paired_background"": ""seeded_prefix"", ""realized_noise_fraction"": 0.5, ""signal_size"": 300}","{""geometry_profile"": ""low_dim"", ""knn_backend"": ""kd_tree"", ""min_cluster_size"": 40, ""min_samples"": 5}"
ok,synthetic,global_contamination_noise50__quality__signal300__n600,HDBSCAN,229,0.2.4,600,2,0.0017927000008057803,0.010954500001389533,4.781342500005849,182.5859375,0.7734375,183.046875,,1.0,1.0,2,2,0.0,known_synthetic_noise,0.5,0.3333333333333333,1.6666666666666667,3,3,0.1,0.9,full_partition,target-discovery-v1,0,0.05,1.0,1.0,0.0,1.0,3,pairwise_f1,hungarian,1.0,0,5,0.0,0.0,0.0,0.0,0.0,0.0,0.5706051873198847,0.39919354838709675,1.0,0.0,5,macro,3,3,1.0,0.6666666666666666,0.5,1.0,2,3,1.0,1.0,3,2,0.0,1.0,1.0,1.0,1.0,"{""background_inner_edge"": 6.0, ""background_intensity"": 3.0, ""background_size"": 300, ""background_strip_height"": 10.0, ""background_support_area"": 100.0, ""controlled_factor"": ""global_background_support_at_fixed_local_intensity"", ""declared_noise_fraction"": 0.5, ""dimension"": 2, ""family"": ""global_contamination_invariance"", ""n"": 600, ""n_targets"": 3, ""paired_background"": ""seeded_prefix"", ""realized_noise_fraction"": 0.5, ""signal_size"": 300}","{""geometry_profile"": ""low_dim"", ""knn_backend"": ""kd_tree"", ""min_cluster_size"": 40, ""min_samples"": 5}"
ok,synthetic,global_contamination_noise50__quality__signal300__n600,HDBSCAN,233,0.2.4,600,2,0.001698199994280003,0.012534200010122731,4.8612755999929504,182.671875,0.859375,183.12109375,,1.0,1.0,2,2,0.0033333333333333335,known_synthetic_noise,0.5016666666666667,0.33702637482030606,1.6666666666666667,3,3,0.1,0.9,full_partition,target-discovery-v1,0,0.05,1.0,1.0,0.0,1.0,3,pairwise_f1,hungarian,1.0,0,5,0.013201320132013201,0.006644518272425249,0.006644518272425249,0.0016666666666666668,1.0,0.0033333333333333335,0.5722433093774686,0.4007988988151467,1.0,0.0016666666666666668,5,macro,3,3,1.0,0.6674082313681868,0.5008347245409015,1.0,2,3,1.0,1.0,3,2,0.0,1.0,1.0,1.0,1.0,"{""background_inner_edge"": 6.0, ""background_intensity"": 3.0, ""background_size"": 300, ""background_strip_height"": 10.0, ""background_support_area"": 100.0, ""controlled_factor"": ""global_background_support_at_fixed_local_intensity"", ""declared_noise_fraction"": 0.5, ""dimension"": 2, ""family"": ""global_contamination_invariance"", ""n"": 600, ""n_targets"": 3, ""paired_background"": ""seeded_prefix"", ""realized_noise_fraction"": 0.5, ""signal_size"": 300}","{""geometry_profile"": ""low_dim"", ""knn_backend"": ""kd_tree"", ""min_cluster_size"": 40, ""min_samples"": 5}"
ok,synthetic,global_contamination_noise50__quality__signal300__n600,OPTICS,211,0.2.4,600,2,0.0015734000044176355,0.7991571000020485,5.58011580001039,182.4375,0.81640625,182.96875,,1.0,1.0,2,2,0.35333333333333333,known_synthetic_noise,0.6766666666666666,0.6389174969909792,1.6666666666666667,3,3,0.1,0.9,full_partition,target-discovery-v1,0,0.05,1.0,1.0,0.0,1.0,3,pairwise_f1,hungarian,1.0,0,5,0.6860841423948221,0.5221674876847291,0.5221674876847291,0.17666666666666667,1.0,0.35333333333333333,0.7101695320532747,0.5505913759222869,1.0,0.17666666666666667,5,macro,3,3,1.0,0.7556675062972292,0.6072874493927125,1.0,2,3,1.0,1.0,3,2,0.0,1.0,1.0,1.0,1.0,"{""background_inner_edge"": 6.0, ""background_intensity"": 3.0, ""background_size"": 300, ""background_strip_height"": 10.0, ""background_support_area"": 100.0, ""controlled_factor"": ""global_background_support_at_fixed_local_intensity"", ""declared_noise_fraction"": 0.5, ""dimension"": 2, ""family"": ""global_contamination_invariance"", ""n"": 600, ""n_targets"": 3, ""paired_background"": ""seeded_prefix"", ""realized_noise_fraction"": 0.5, ""signal_size"": 300}","{""geometry_profile"": ""low_dim"", ""knn_backend"": ""kd_tree"", ""max_eps"": 1.0535743236541748, ""max_eps_quantile"": 0.98, ""min_cluster_size"": 40, ""min_samples"": 5, ""xi"": 0.1}"
ok,synthetic,global_contamination_noise50__quality__signal300__n600,OPTICS,223,0.2.4,600,2,0.0016398000007029623,0.8654144000029191,5.575810399997863,182.375,0.87890625,182.84375,,0.8795826736176366,0.8864647303150186,2,2,0.0,known_synthetic_noise,0.46,0.31506849315068497,1.6666666666666667,3,3,0.1,0.9,full_partition,target-discovery-v1,0,0.05,0.9199999999999999,0.9569447983615995,0.08,1.0,3,pairwise_f1,hungarian,1.0,0,5,0.0,0.0,0.0,0.04,0.0,0.0,0.5069535028395977,0.3610817300820445,0.8505723905723905,0.04,5,macro,3,3,0.92,0.6301369863013699,0.4791666666666667,0.92,2,3,1.0,1.0,3,2,0.0,0.92,1.0,0.9569447983615995,1.0,"{""background_inner_edge"": 6.0, ""background_intensity"": 3.0, ""background_size"": 300, ""background_strip_height"": 10.0, ""background_support_area"": 100.0, ""controlled_factor"": ""global_background_support_at_fixed_local_intensity"", ""declared_noise_fraction"": 0.5, ""dimension"": 2, ""family"": ""global_contamination_invariance"", ""n"": 600, ""n_targets"": 3, ""paired_background"": ""seeded_prefix"", ""realized_noise_fraction"": 0.5, ""signal_size"": 300}","{""geometry_profile"": ""low_dim"", ""knn_backend"": ""kd_tree"", ""max_eps"": 1.0425723791122437, ""max_eps_quantile"": 0.98, ""min_cluster_size"": 40, ""min_samples"": 5, ""xi"": 0.1}"
ok,synthetic,global_contamination_noise50__quality__signal300__n600,OPTICS,227,0.2.4,600,2,0.0019494000007398427,0.7989677000005031,5.56416409999656,182.6796875,1.23828125,183.2109375,,0.7208731330970429,0.7009462056446524,2,2,0.01,known_synthetic_noise,0.4116666666666667,0.29848734263163296,1.6666666666666667,3,3,0.1,0.9,full_partition,target-discovery-v1,0,0.05,0.8133333333333334,0.896961430160441,0.18666666666666668,1.0,3,pairwise_f1,hungarian,1.0,0,5,0.03281474632475808,0.01671309192200557,0.01671309192200557,0.09833333333333333,0.05084745762711865,0.01,0.42116793024204807,0.30919870076629563,0.6602693602693602,0.09833333333333333,5,macro,3,2,0.8133333333333334,0.5802615933412604,0.4510166358595194,0.8133333333333334,2,3,1.0,1.0,3,2,0.0,0.8133333333333334,1.0,0.8969614301604409,1.0,"{""background_inner_edge"": 6.0, ""background_intensity"": 3.0, ""background_size"": 300, ""background_strip_height"": 10.0, ""background_support_area"": 100.0, ""controlled_factor"": ""global_background_support_at_fixed_local_intensity"", ""declared_noise_fraction"": 0.5, ""dimension"": 2, ""family"": ""global_contamination_invariance"", ""n"": 600, ""n_targets"": 3, ""paired_background"": ""seeded_prefix"", ""realized_noise_fraction"": 0.5, ""signal_size"": 300}","{""geometry_profile"": ""low_dim"", ""knn_backend"": ""kd_tree"", ""max_eps"": 1.0835500955581665, ""max_eps_quantile"": 0.98, ""min_cluster_size"": 40, ""min_samples"": 5, ""xi"": 0.1}"
ok,synthetic,global_contamination_noise50__quality__signal300__n600,OPTICS,229,0.2.4,600,2,0.0017014999903040007,0.7096695999935037,5.494291499999235,182.37890625,1.203125,182.8359375,,0.9625997282324074,0.9668640195538187,2,2,0.0033333333333333335,known_synthetic_noise,0.49,0.3317220895696232,1.6666666666666667,3,3,0.1,0.9,full_partition,target-discovery-v1,0,0.05,0.9766666666666667,0.9879101899827288,0.023333333333333334,1.0,3,pairwise_f1,hungarian,1.0,0,5,0.012902207134559647,0.006493506493506494,0.006493506493506494,0.013333333333333334,0.125,0.0033333333333333335,0.5535146108649398,0.3897303389318013,0.9547474747474748,0.013333333333333334,5,macro,3,3,0.9766666666666667,0.6569506726457399,0.49493243243243246,0.9766666666666667,2,3,1.0,1.0,3,2,0.0,0.9766666666666667,1.0,0.9879101899827287,1.0,"{""background_inner_edge"": 6.0, ""background_intensity"": 3.0, ""background_size"": 300, ""background_strip_height"": 10.0, ""background_support_area"": 100.0, ""controlled_factor"": ""global_background_support_at_fixed_local_intensity"", ""declared_noise_fraction"": 0.5, ""dimension"": 2, ""family"": ""global_contamination_invariance"", ""n"": 600, ""n_targets"": 3, ""paired_background"": ""seeded_prefix"", ""realized_noise_fraction"": 0.5, ""signal_size"": 300}","{""geometry_profile"": ""low_dim"", ""knn_backend"": ""kd_tree"", ""max_eps"": 1.0615628957748413, ""max_eps_quantile"": 0.98, ""min_cluster_size"": 40, ""min_samples"": 5, ""xi"": 0.1}"
ok,synthetic,global_contamination_noise50__quality__signal300__n600,OPTICS,233,0.2.4,600,2,0.0019813999970210716,0.8397545000043465,5.645232599999872,182.5625,0.91796875,183.078125,,0.9155811805781766,0.892596546326169,2,2,0.36666666666666664,known_synthetic_noise,0.635,0.6066798571595341,1.6666666666666667,3,3,0.1,0.9,full_partition,target-discovery-v1,0,0.05,0.9033333333333333,0.9434697855750488,0.09666666666666666,1.0,3,pairwise_f1,hungarian,1.0,0,5,0.6545847984852582,0.501138952164009,0.501138952164009,0.23166666666666666,0.7913669064748201,0.36666666666666664,0.6320489920898188,0.5088331963845522,0.834006734006734,0.23166666666666666,5,macro,3,2,0.9033333333333333,0.7122207621550591,0.5878524945770065,0.9033333333333333,2,3,1.0,1.0,3,2,0.0,0.9033333333333333,1.0,0.9434697855750487,1.0,"{""background_inner_edge"": 6.0, ""background_intensity"": 3.0, ""background_size"": 300, ""background_strip_height"": 10.0, ""background_support_area"": 100.0, ""controlled_factor"": ""global_background_support_at_fixed_local_intensity"", ""declared_noise_fraction"": 0.5, ""dimension"": 2, ""family"": ""global_contamination_invariance"", ""n"": 600, ""n_targets"": 3, ""paired_background"": ""seeded_prefix"", ""realized_noise_fraction"": 0.5, ""signal_size"": 300}","{""geometry_profile"": ""low_dim"", ""knn_backend"": ""kd_tree"", ""max_eps"": 1.0804656744003296, ""max_eps_quantile"": 0.98, ""min_cluster_size"": 40, ""min_samples"": 5, ""xi"": 0.1}"
ok,synthetic,global_contamination_noise50__quality__signal300__n600,SNN-DBSCAN,211,0.2.4,600,2,0.0016347000055247918,0.0127098999946611,5.918382000003476,224.00390625,0.859375,224.2578125,,0.9681462648043433,0.9800866408299869,4,4,0.013333333333333334,known_synthetic_noise,0.5,0.3448255780094345,2.3333333333333335,3,3,0.1,0.9,full_partition,target-discovery-v1,0,0.05,0.9866666666666667,0.9932488159919735,0.013333333333333334,1.0,3,pairwise_f1,hungarian,1.0,0,7,0.050624200092459645,0.025974025974025976,0.025974025974025976,0.013333333333333334,0.5,0.013333333333333334,0.7055981258236127,0.5533144519289651,0.9735353535353536,0.013333333333333334,7,macro,3,3,0.9866666666666667,0.663677130044843,0.5,0.9866666666666667,4,3,1.0,1.0,3,4,0.0,0.9866666666666667,1.0,0.9932488159919735,1.0,"{""background_inner_edge"": 6.0, ""background_intensity"": 3.0, ""background_size"": 300, ""background_strip_height"": 10.0, ""background_support_area"": 100.0, ""controlled_factor"": ""global_background_support_at_fixed_local_intensity"", ""declared_noise_fraction"": 0.5, ""dimension"": 2, ""family"": ""global_contamination_invariance"", ""n"": 600, ""n_targets"": 3, ""paired_background"": ""seeded_prefix"", ""realized_noise_fraction"": 0.5, ""signal_size"": 300}","{""eps"": 13, ""geometry_profile"": ""low_dim"", ""k"": 20, ""knn_backend"": ""kd_tree"", ""min_samples"": 5}"
ok,synthetic,global_contamination_noise50__quality__signal300__n600,SNN-DBSCAN,223,0.2.4,600,2,0.0016912999999476597,0.012156899989349768,6.009783600005903,224.1328125,1.08984375,224.38671875,,0.8736202923014496,0.8525372942325475,4,4,0.013333333333333334,known_synthetic_noise,0.5,0.3448255780094345,2.6666666666666665,4,3,0.1,0.9,full_partition,target-discovery-v1,1,0.05,0.8333333333333334,0.8913867583531694,0.013333333333333334,1.0,3,pairwise_f1,hungarian,1.3333333333333333,0,8,0.050477202012398394,0.025974025974025976,0.025974025974025976,0.013333333333333334,0.5,0.013333333333333334,0.5557833628970951,0.42238873910150915,0.8123232323232323,0.013333333333333334,8,macro,2,2,0.9866666666666667,0.663677130044843,0.5,0.9866666666666667,4,3,1.0,0.6666666666666666,3,5,0.0,0.8333333333333334,1.0,0.8913867583531694,1.0,"{""background_inner_edge"": 6.0, ""background_intensity"": 3.0, ""background_size"": 300, ""background_strip_height"": 10.0, ""background_support_area"": 100.0, ""controlled_factor"": ""global_background_support_at_fixed_local_intensity"", ""declared_noise_fraction"": 0.5, ""dimension"": 2, ""family"": ""global_contamination_invariance"", ""n"": 600, ""n_targets"": 3, ""paired_background"": ""seeded_prefix"", ""realized_noise_fraction"": 0.5, ""signal_size"": 300}","{""eps"": 13, ""geometry_profile"": ""low_dim"", ""k"": 20, ""knn_backend"": ""kd_tree"", ""min_samples"": 5}"
ok,synthetic,global_contamination_noise50__quality__signal300__n600,SNN-DBSCAN,227,0.2.4,600,2,0.0018748000002233312,0.012762300000758842,6.062573000002885,224.015625,1.0546875,224.2734375,,0.9106179149197398,0.8825635930965968,7,7,0.016666666666666666,known_synthetic_noise,0.5083333333333333,0.3515889733492078,3.6666666666666665,4,3,0.1,0.9,full_partition,target-discovery-v1,1,0.05,0.8866666666666667,0.9317269076305221,0.0,1.0,3,pairwise_f1,hungarian,1.3333333333333333,0,11,0.06334470989761093,0.03278688524590164,0.03278688524590164,0.008333333333333333,1.0,0.016666666666666666,0.7243162491381292,0.6316264154724922,0.8488888888888889,0.008333333333333333,11,macro,2,2,1.0,0.6703910614525139,0.5042016806722689,1.0,7,3,1.0,0.6666666666666666,3,8,0.0,0.8866666666666667,1.0,0.9317269076305221,1.0,"{""background_inner_edge"": 6.0, ""background_intensity"": 3.0, ""background_size"": 300, ""background_strip_height"": 10.0, ""background_support_area"": 100.0, ""controlled_factor"": ""global_background_support_at_fixed_local_intensity"", ""declared_noise_fraction"": 0.5, ""dimension"": 2, ""family"": ""global_contamination_invariance"", ""n"": 600, ""n_targets"": 3, ""paired_background"": ""seeded_prefix"", ""realized_noise_fraction"": 0.5, ""signal_size"": 300}","{""eps"": 13, ""geometry_profile"": ""low_dim"", ""k"": 20, ""knn_backend"": ""kd_tree"", ""min_samples"": 5}"
ok,synthetic,global_contamination_noise50__quality__signal300__n600,SNN-DBSCAN,229,0.2.4,600,2,0.0017549000040162355,0.013269200004287995,5.829243400003179,224.34375,1.0078125,224.6015625,,0.9851989977985108,0.9901010167892863,3,3,0.0033333333333333335,known_synthetic_noise,0.4983333333333333,0.3355188361645529,2.0,3,3,0.1,0.9,full_partition,target-discovery-v1,0,0.05,0.9933333333333333,0.9966329966329966,0.006666666666666667,1.0,3,pairwise_f1,hungarian,1.0,0,6,0.013114463569703819,0.006600660066006601,0.006600660066006601,0.005,0.3333333333333333,0.0033333333333333335,0.6146521529394492,0.4463431721953151,0.9867340067340067,0.005,6,macro,3,3,0.9933333333333333,0.6644370122630993,0.4991624790619765,0.9933333333333333,3,3,1.0,1.0,3,3,0.0,0.9933333333333333,1.0,0.9966329966329965,1.0,"{""background_inner_edge"": 6.0, ""background_intensity"": 3.0, ""background_size"": 300, ""background_strip_height"": 10.0, ""background_support_area"": 100.0, ""controlled_factor"": ""global_background_support_at_fixed_local_intensity"", ""declared_noise_fraction"": 0.5, ""dimension"": 2, ""family"": ""global_contamination_invariance"", ""n"": 600, ""n_targets"": 3, ""paired_background"": ""seeded_prefix"", ""realized_noise_fraction"": 0.5, ""signal_size"": 300}","{""eps"": 13, ""geometry_profile"": ""low_dim"", ""k"": 20, ""knn_backend"": ""kd_tree"", ""min_samples"": 5}"
ok,synthetic,global_contamination_noise50__quality__signal300__n600,SNN-DBSCAN,233,0.2.4,600,2,0.0017782000068109483,0.012605700001586229,5.989107200002763,223.8984375,0.52734375,224.15234375,,0.9546801493003191,0.9746739935059259,4,4,0.013333333333333334,known_synthetic_noise,0.4983333333333333,0.344033648240768,2.3333333333333335,3,3,0.1,0.9,full_partition,target-discovery-v1,0,0.05,0.9833333333333334,0.9915909513899464,0.016666666666666666,1.0,3,pairwise_f1,hungarian,1.0,0,7,0.05046238639187717,0.025889967637540454,0.025889967637540454,0.015,0.4444444444444444,0.013333333333333334,0.6670228582047947,0.5091495850769558,0.9668013468013468,0.015,7,macro,3,3,0.9833333333333333,0.6621773288439955,0.49915397631133673,0.9833333333333333,4,3,1.0,1.0,3,4,0.0,0.9833333333333333,1.0,0.9915909513899465,1.0,"{""background_inner_edge"": 6.0, ""background_intensity"": 3.0, ""background_size"": 300, ""background_strip_height"": 10.0, ""background_support_area"": 100.0, ""controlled_factor"": ""global_background_support_at_fixed_local_intensity"", ""declared_noise_fraction"": 0.5, ""dimension"": 2, ""family"": ""global_contamination_invariance"", ""n"": 600, ""n_targets"": 3, ""paired_background"": ""seeded_prefix"", ""realized_noise_fraction"": 0.5, ""signal_size"": 300}","{""eps"": 13, ""geometry_profile"": ""low_dim"", ""k"": 20, ""knn_backend"": ""kd_tree"", ""min_samples"": 5}"
ok,synthetic,global_contamination_noise50__quality__signal300__n600,StrataSCAN,211,0.2.4,600,2,0.0019613000040408224,0.46691780000401195,5.3579398000001675,215.37890625,33.16796875,215.8203125,,0.9603871516442142,0.9749793725416577,0,0,1.0,known_synthetic_noise,0.9916666666666667,0.9916660879227723,1.0,3,3,0.1,0.9,full_partition,target-discovery-v1,0,0.05,0.9833333333333334,0.991556854501017,0.016666666666666666,1.0,3,pairwise_f1,hungarian,1.0,0,3,0.9916461877964333,0.9917355371900827,0.9917355371900827,0.5083333333333333,0.9836065573770492,1.0,0.9831901126365161,1.0,0.966936026936027,0.5083333333333333,3,macro,3,3,0.9833333333333333,0.9915966386554621,1.0,0.9833333333333333,0,3,1.0,1.0,3,0,0.0,0.9833333333333333,1.0,0.9915568545010169,1.0,"{""background_inner_edge"": 6.0, ""background_intensity"": 3.0, ""background_size"": 300, ""background_strip_height"": 10.0, ""background_support_area"": 100.0, ""controlled_factor"": ""global_background_support_at_fixed_local_intensity"", ""declared_noise_fraction"": 0.5, ""dimension"": 2, ""family"": ""global_contamination_invariance"", ""n"": 600, ""n_targets"": 3, ""paired_background"": ""seeded_prefix"", ""realized_noise_fraction"": 0.5, ""signal_size"": 300}","{""ambiguous_model_confirmation_tolerance"": 1e-05, ""assignment"": ""maximum_posterior_basis_then_semantic_role"", ""background_model"": ""adaptive_gamma_basis_mixture_with_largest_rate_gap"", ""background_scan"": ""adaptive_dyadic_rank_windows_with_poisson_beta_boundary_code"", ""border_rule"": ""strict_local_core_radius"", ""component_initialization"": ""compiled_split_warm_single_start_with_guarded_confirmation"", ""component_selection"": ""semantic_icl_with_adaptive_bound"", ""connectivity"": ""density_ordered_non_merging_knn_watershed"", ""core_thresholds"": ""observed_d4_event_sweep"", ""duplicate_profile_confirmation_minimum"": 3, ""duplicate_profile_confirmation_tolerance"": 1e-08, ""extraction_objective"": ""gamma_topology_description_length"", ""fit_samples"": ""all_rows"", ""gamma_tolerance"": 0.0001, ""geometry_profile"": ""low_dim"", ""hard_component_bound"": 24, ""initial_component_bound"": 8, ""k"": 32, ""knn_backend"": ""kd_tree"", ""shell_ranks"": [4, 8, 16, 32], ""stratification_model"": ""adaptive_gamma_density_basis_with_semantic_background"", ""version"": ""0.2.3""}"
ok,synthetic,global_contamination_noise50__quality__signal300__n600,StrataSCAN,223,0.2.4,600,2,0.001962199996341951,0.46947689999069553,5.401321700002882,215.19921875,33.56640625,215.7109375,,0.6763745210532656,0.6162094708947784,0,0,1.0,known_synthetic_noise,0.9083333333333333,0.9075565515792422,1.3333333333333333,4,3,0.1,0.9,full_partition,target-discovery-v1,1,0.05,0.7000000000000001,0.8080913195931271,0.18333333333333335,1.0,3,pairwise_f1,hungarian,1.3333333333333333,0,4,0.8586821419819906,0.916030534351145,0.916030534351145,0.5916666666666667,0.8450704225352113,1.0,0.7205445224658596,1.0,0.5631649831649832,0.5916666666666667,4,macro,2,1,0.8166666666666667,0.8990825688073394,1.0,0.8166666666666667,0,3,1.0,0.6666666666666666,3,1,0.0,0.7,1.0,0.8080913195931271,1.0,"{""background_inner_edge"": 6.0, ""background_intensity"": 3.0, ""background_size"": 300, ""background_strip_height"": 10.0, ""background_support_area"": 100.0, ""controlled_factor"": ""global_background_support_at_fixed_local_intensity"", ""declared_noise_fraction"": 0.5, ""dimension"": 2, ""family"": ""global_contamination_invariance"", ""n"": 600, ""n_targets"": 3, ""paired_background"": ""seeded_prefix"", ""realized_noise_fraction"": 0.5, ""signal_size"": 300}","{""ambiguous_model_confirmation_tolerance"": 1e-05, ""assignment"": ""maximum_posterior_basis_then_semantic_role"", ""background_model"": ""adaptive_gamma_basis_mixture_with_largest_rate_gap"", ""background_scan"": ""adaptive_dyadic_rank_windows_with_poisson_beta_boundary_code"", ""border_rule"": ""strict_local_core_radius"", ""component_initialization"": ""compiled_split_warm_single_start_with_guarded_confirmation"", ""component_selection"": ""semantic_icl_with_adaptive_bound"", ""connectivity"": ""density_ordered_non_merging_knn_watershed"", ""core_thresholds"": ""observed_d4_event_sweep"", ""duplicate_profile_confirmation_minimum"": 3, ""duplicate_profile_confirmation_tolerance"": 1e-08, ""extraction_objective"": ""gamma_topology_description_length"", ""fit_samples"": ""all_rows"", ""gamma_tolerance"": 0.0001, ""geometry_profile"": ""low_dim"", ""hard_component_bound"": 24, ""initial_component_bound"": 8, ""k"": 32, ""knn_backend"": ""kd_tree"", ""shell_ranks"": [4, 8, 16, 32], ""stratification_model"": ""adaptive_gamma_density_basis_with_semantic_background"", ""version"": ""0.2.3""}"
ok,synthetic,global_contamination_noise50__quality__signal300__n600,StrataSCAN,227,0.2.4,600,2,0.001972899990505539,0.5406841000076383,5.425685199996224,215.2109375,33.86328125,215.6796875,,0.811430272528229,0.8327376125692421,1,1,0.98,known_synthetic_noise,0.9366666666666666,0.9365475170041522,1.3333333333333333,3,3,0.1,0.9,full_partition,target-discovery-v1,0,0.05,0.8933333333333334,0.9435378528515783,0.10666666666666667,1.0,3,pairwise_f1,hungarian,1.0,0,4,0.9414127130085567,0.939297124600639,0.939297124600639,0.5433333333333333,0.901840490797546,0.98,0.8868503819080424,0.9987350312025637,0.7975084175084175,0.5433333333333333,4,macro,3,3,0.8933333333333333,0.9337979094076654,0.9781021897810219,0.8933333333333333,1,3,1.0,1.0,3,1,0.0,0.8933333333333333,1.0,0.9435378528515783,1.0,"{""background_inner_edge"": 6.0, ""background_intensity"": 3.0, ""background_size"": 300, ""background_strip_height"": 10.0, ""background_support_area"": 100.0, ""controlled_factor"": ""global_background_support_at_fixed_local_intensity"", ""declared_noise_fraction"": 0.5, ""dimension"": 2, ""family"": ""global_contamination_invariance"", ""n"": 600, ""n_targets"": 3, ""paired_background"": ""seeded_prefix"", ""realized_noise_fraction"": 0.5, ""signal_size"": 300}","{""ambiguous_model_confirmation_tolerance"": 1e-05, ""assignment"": ""maximum_posterior_basis_then_semantic_role"", ""background_model"": ""adaptive_gamma_basis_mixture_with_largest_rate_gap"", ""background_scan"": ""adaptive_dyadic_rank_windows_with_poisson_beta_boundary_code"", ""border_rule"": ""strict_local_core_radius"", ""component_initialization"": ""compiled_split_warm_single_start_with_guarded_confirmation"", ""component_selection"": ""semantic_icl_with_adaptive_bound"", ""connectivity"": ""density_ordered_non_merging_knn_watershed"", ""core_thresholds"": ""observed_d4_event_sweep"", ""duplicate_profile_confirmation_minimum"": 3, ""duplicate_profile_confirmation_tolerance"": 1e-08, ""extraction_objective"": ""gamma_topology_description_length"", ""fit_samples"": ""all_rows"", ""gamma_tolerance"": 0.0001, ""geometry_profile"": ""low_dim"", ""hard_component_bound"": 24, ""initial_component_bound"": 8, ""k"": 32, ""knn_backend"": ""kd_tree"", ""shell_ranks"": [4, 8, 16, 32], ""stratification_model"": ""adaptive_gamma_density_basis_with_semantic_background"", ""version"": ""0.2.3""}"
ok,synthetic,global_contamination_noise50__quality__signal300__n600,StrataSCAN,229,0.2.4,600,2,0.0017438000068068504,0.57603100000415,5.744681199998013,214.71484375,33.1796875,215.1640625,,0.6024580722702707,0.4859951410898095,0,0,1.0,known_synthetic_noise,0.8300000000000001,0.8249407887962106,1.0,3,3,0.1,0.9,full_partition,target-discovery-v1,0,0.05,0.66,0.79024677247113,0.34,1.0,3,pairwise_f1,hungarian,1.0,0,3,0.8212110594874871,0.8547008547008548,0.8547008547008548,0.67,0.746268656716418,1.0,0.6160298229263746,1.0,0.44511784511784513,0.67,3,macro,1,0,0.66,0.7951807228915663,1.0,0.66,0,3,1.0,0.3333333333333333,3,0,0.0,0.66,1.0,0.7902467724711298,1.0,"{""background_inner_edge"": 6.0, ""background_intensity"": 3.0, ""background_size"": 300, ""background_strip_height"": 10.0, ""background_support_area"": 100.0, ""controlled_factor"": ""global_background_support_at_fixed_local_intensity"", ""declared_noise_fraction"": 0.5, ""dimension"": 2, ""family"": ""global_contamination_invariance"", ""n"": 600, ""n_targets"": 3, ""paired_background"": ""seeded_prefix"", ""realized_noise_fraction"": 0.5, ""signal_size"": 300}","{""ambiguous_model_confirmation_tolerance"": 1e-05, ""assignment"": ""maximum_posterior_basis_then_semantic_role"", ""background_model"": ""adaptive_gamma_basis_mixture_with_largest_rate_gap"", ""background_scan"": ""adaptive_dyadic_rank_windows_with_poisson_beta_boundary_code"", ""border_rule"": ""strict_local_core_radius"", ""component_initialization"": ""compiled_split_warm_single_start_with_guarded_confirmation"", ""component_selection"": ""semantic_icl_with_adaptive_bound"", ""connectivity"": ""density_ordered_non_merging_knn_watershed"", ""core_thresholds"": ""observed_d4_event_sweep"", ""duplicate_profile_confirmation_minimum"": 3, ""duplicate_profile_confirmation_tolerance"": 1e-08, ""extraction_objective"": ""gamma_topology_description_length"", ""fit_samples"": ""all_rows"", ""gamma_tolerance"": 0.0001, ""geometry_profile"": ""low_dim"", ""hard_component_bound"": 24, ""initial_component_bound"": 8, ""k"": 32, ""knn_backend"": ""kd_tree"", ""shell_ranks"": [4, 8, 16, 32], ""stratification_model"": ""adaptive_gamma_density_basis_with_semantic_background"", ""version"": ""0.2.3""}"
ok,synthetic,global_contamination_noise50__quality__signal300__n600,StrataSCAN,233,0.2.4,600,2,0.0020785000087926164,0.6102599000005284,5.808464699992328,215.078125,33.21484375,215.4921875,,0.7695638346144347,0.7743105328285613,0,0,1.0,known_synthetic_noise,0.9283333333333333,0.9279633450695377,1.0,3,3,0.1,0.9,full_partition,target-discovery-v1,0,0.05,0.8566666666666666,0.9224620803568172,0.14333333333333334,1.0,3,pairwise_f1,hungarian,1.0,0,3,0.9277633839856487,0.9331259720062208,0.9331259720062208,0.5716666666666667,0.8746355685131195,1.0,0.8464227452808203,1.0,0.7337373737373737,0.5716666666666667,3,macro,3,3,0.8566666666666667,0.9228007181328546,1.0,0.8566666666666667,0,3,1.0,1.0,3,0,0.0,0.8566666666666667,1.0,0.9224620803568172,1.0,"{""background_inner_edge"": 6.0, ""background_intensity"": 3.0, ""background_size"": 300, ""background_strip_height"": 10.0, ""background_support_area"": 100.0, ""controlled_factor"": ""global_background_support_at_fixed_local_intensity"", ""declared_noise_fraction"": 0.5, ""dimension"": 2, ""family"": ""global_contamination_invariance"", ""n"": 600, ""n_targets"": 3, ""paired_background"": ""seeded_prefix"", ""realized_noise_fraction"": 0.5, ""signal_size"": 300}","{""ambiguous_model_confirmation_tolerance"": 1e-05, ""assignment"": ""maximum_posterior_basis_then_semantic_role"", ""background_model"": ""adaptive_gamma_basis_mixture_with_largest_rate_gap"", ""background_scan"": ""adaptive_dyadic_rank_windows_with_poisson_beta_boundary_code"", ""border_rule"": ""strict_local_core_radius"", ""component_initialization"": ""compiled_split_warm_single_start_with_guarded_confirmation"", ""component_selection"": ""semantic_icl_with_adaptive_bound"", ""connectivity"": ""density_ordered_non_merging_knn_watershed"", ""core_thresholds"": ""observed_d4_event_sweep"", ""duplicate_profile_confirmation_minimum"": 3, ""duplicate_profile_confirmation_tolerance"": 1e-08, ""extraction_objective"": ""gamma_topology_description_length"", ""fit_samples"": ""all_rows"", ""gamma_tolerance"": 0.0001, ""geometry_profile"": ""low_dim"", ""hard_component_bound"": 24, ""initial_component_bound"": 8, ""k"": 32, ""knn_backend"": ""kd_tree"", ""shell_ranks"": [4, 8, 16, 32], ""stratification_model"": ""adaptive_gamma_density_basis_with_semantic_background"", ""version"": ""0.2.3""}"
ok,synthetic,global_contamination_noise50__quality__signal300__n600,VDBSCAN-2007,211,0.2.4,600,2,0.001793200004613027,0.019242700000177138,4.86113390000537,182.83984375,1.10546875,183.39453125,,0.8298869976535158,0.8577894494674283,23,23,0.17,known_synthetic_noise,0.565,0.4845818892739714,9.666666666666666,6,3,0.1,0.9,full_partition,target-discovery-v1,3,0.05,0.9033333333333333,0.9485785953177258,0.04,1.0,3,pairwise_f1,hungarian,2.0,0,29,0.4335542898248552,0.2809917355371901,0.2809917355371901,0.105,0.8095238095238095,0.17,0.8123811747440045,0.804837750313925,0.8200673400673401,0.105,29,macro,3,3,0.96,0.6881720430107526,0.5363128491620112,0.96,23,3,1.0,1.0,3,26,0.0,0.9033333333333333,1.0,0.9485785953177257,1.0,"{""background_inner_edge"": 6.0, ""background_intensity"": 3.0, ""background_size"": 300, ""background_strip_height"": 10.0, ""background_support_area"": 100.0, ""controlled_factor"": ""global_background_support_at_fixed_local_intensity"", ""declared_noise_fraction"": 0.5, ""dimension"": 2, ""family"": ""global_contamination_invariance"", ""n"": 600, ""n_targets"": 3, ""paired_background"": ""seeded_prefix"", ""realized_noise_fraction"": 0.5, ""signal_size"": 300}","{""eps_values"": [0.34057602286338806, 0.501737117767334, 0.8139848709106445], ""geometry_profile"": ""low_dim"", ""knee_prominence"": 0.03, ""knn_backend"": ""kd_tree"", ""max_eps_values"": 3, ""min_samples"": 5}"
ok,synthetic,global_contamination_noise50__quality__signal300__n600,VDBSCAN-2007,223,0.2.4,600,2,0.0018826000014087185,0.020025799996801652,4.816409599996405,182.671875,1.09765625,183.2109375,,0.8375793634674223,0.8677055523020857,12,12,0.06,known_synthetic_noise,0.495,0.3771391569794333,5.333333333333333,4,3,0.1,0.9,full_partition,target-discovery-v1,1,0.05,0.9133333333333334,0.954469589425588,0.07,1.0,3,pairwise_f1,hungarian,1.3333333333333333,0,16,0.19112475899800876,0.10619469026548674,0.10619469026548674,0.065,0.46153846153846156,0.06,0.6347532254761418,0.5120178409184769,0.8348821548821549,0.065,16,macro,3,3,0.93,0.6480836236933798,0.49732620320855614,0.93,12,3,1.0,1.0,3,13,0.0,0.9133333333333333,1.0,0.9544695894255881,1.0,"{""background_inner_edge"": 6.0, ""background_intensity"": 3.0, ""background_size"": 300, ""background_strip_height"": 10.0, ""background_support_area"": 100.0, ""controlled_factor"": ""global_background_support_at_fixed_local_intensity"", ""declared_noise_fraction"": 0.5, ""dimension"": 2, ""family"": ""global_contamination_invariance"", ""n"": 600, ""n_targets"": 3, ""paired_background"": ""seeded_prefix"", ""realized_noise_fraction"": 0.5, ""signal_size"": 300}","{""eps_values"": [0.36327964067459106, 0.4389570355415344, 0.785525381565094], ""geometry_profile"": ""low_dim"", ""knee_prominence"": 0.03, ""knn_backend"": ""kd_tree"", ""max_eps_values"": 3, ""min_samples"": 5}"
ok,synthetic,global_contamination_noise50__quality__signal300__n600,VDBSCAN-2007,227,0.2.4,600,2,0.0017182000010507181,0.019272200006525964,4.76130739999644,182.6015625,1.10546875,183.03515625,,0.8039863840054055,0.825435885760909,19,19,0.16,known_synthetic_noise,0.5333333333333333,0.4577566618467258,7.666666666666667,4,3,0.1,0.9,full_partition,target-discovery-v1,1,0.05,0.8866666666666667,0.9399226987879471,0.09333333333333332,1.0,3,pairwise_f1,hungarian,1.3333333333333333,0,23,0.4015593396052487,0.2553191489361702,0.2553191489361702,0.12666666666666668,0.631578947368421,0.16,0.7433464917865783,0.7049269411906774,0.7861952861952862,0.12666666666666668,23,macro,3,3,0.9066666666666666,0.6601941747572815,0.5190839694656488,0.9066666666666666,19,3,1.0,1.0,3,20,0.0,0.8866666666666667,1.0,0.9399226987879471,1.0,"{""background_inner_edge"": 6.0, ""background_intensity"": 3.0, ""background_size"": 300, ""background_strip_height"": 10.0, ""background_support_area"": 100.0, ""controlled_factor"": ""global_background_support_at_fixed_local_intensity"", ""declared_noise_fraction"": 0.5, ""dimension"": 2, ""family"": ""global_contamination_invariance"", ""n"": 600, ""n_targets"": 3, ""paired_background"": ""seeded_prefix"", ""realized_noise_fraction"": 0.5, ""signal_size"": 300}","{""eps_values"": [0.3238784968852997, 0.46629583835601807, 0.7953967452049255], ""geometry_profile"": ""low_dim"", ""knee_prominence"": 0.03, ""knn_backend"": ""kd_tree"", ""max_eps_values"": 3, ""min_samples"": 5}"
ok,synthetic,global_contamination_noise50__quality__signal300__n600,VDBSCAN-2007,229,0.2.4,600,2,0.0022041999909561127,0.018536600007792003,4.705524199991487,182.625,1.1171875,183.2109375,,0.8296877236834952,0.8591335868267789,11,11,0.09666666666666666,known_synthetic_noise,0.52,0.41519676192281135,5.333333333333333,5,3,0.1,0.9,full_partition,target-discovery-v1,2,0.05,0.9066666666666667,0.9509659775999199,0.05666666666666667,1.0,3,pairwise_f1,hungarian,1.6666666666666667,0,16,0.2850188571189055,0.1676300578034682,0.1676300578034682,0.07666666666666666,0.6304347826086957,0.09666666666666666,0.6816863707338835,0.5817074331398115,0.8231649831649832,0.07666666666666666,16,macro,3,3,0.9433333333333334,0.6627634660421545,0.5108303249097473,0.9433333333333334,11,3,1.0,1.0,3,13,0.0,0.9066666666666666,1.0,0.9509659775999201,1.0,"{""background_inner_edge"": 6.0, ""background_intensity"": 3.0, ""background_size"": 300, ""background_strip_height"": 10.0, ""background_support_area"": 100.0, ""controlled_factor"": ""global_background_support_at_fixed_local_intensity"", ""declared_noise_fraction"": 0.5, ""dimension"": 2, ""family"": ""global_contamination_invariance"", ""n"": 600, ""n_targets"": 3, ""paired_background"": ""seeded_prefix"", ""realized_noise_fraction"": 0.5, ""signal_size"": 300}","{""eps_values"": [0.3521869480609894, 0.40934550762176514, 0.7773639559745789], ""geometry_profile"": ""low_dim"", ""knee_prominence"": 0.03, ""knn_backend"": ""kd_tree"", ""max_eps_values"": 3, ""min_samples"": 5}"
ok,synthetic,global_contamination_noise50__quality__signal300__n600,VDBSCAN-2007,233,0.2.4,600,2,0.0015833000070415437,0.018881299998611212,4.753695400009747,182.72265625,1.08203125,183.2109375,,0.7935322107599431,0.8150777794459009,23,23,0.13666666666666666,known_synthetic_noise,0.5266666666666666,0.4417580689546724,9.333333333333334,5,3,0.1,0.9,full_partition,target-discovery-v1,2,0.05,0.8766666666666668,0.9335190453521736,0.08333333333333333,1.0,3,pairwise_f1,hungarian,1.6666666666666667,0,28,0.3613610989316443,0.22404371584699453,0.22404371584699453,0.11,0.6212121212121212,0.13666666666666666,0.789057123193393,0.8068261787473611,0.7720538720538721,0.11,28,macro,3,2,0.9166666666666666,0.6594724220623502,0.5149812734082397,0.9166666666666666,23,3,1.0,1.0,3,25,0.0,0.8766666666666667,1.0,0.9335190453521734,1.0,"{""background_inner_edge"": 6.0, ""background_intensity"": 3.0, ""background_size"": 300, ""background_strip_height"": 10.0, ""background_support_area"": 100.0, ""controlled_factor"": ""global_background_support_at_fixed_local_intensity"", ""declared_noise_fraction"": 0.5, ""dimension"": 2, ""family"": ""global_contamination_invariance"", ""n"": 600, ""n_targets"": 3, ""paired_background"": ""seeded_prefix"", ""realized_noise_fraction"": 0.5, ""signal_size"": 300}","{""eps_values"": [0.32363441586494446, 0.4121240973472595, 0.7537509202957153], ""geometry_profile"": ""low_dim"", ""knee_prominence"": 0.03, ""knn_backend"": ""kd_tree"", ""max_eps_values"": 3, ""min_samples"": 5}"
ok,synthetic,global_contamination_noise50__quality__signal300__n600,kNN+Leiden,211,0.2.4,600,2,0.0017727999947965145,0.026008599990746006,5.834960499996669,214.55859375,2.85546875,214.81640625,,1.0,1.0,3,3,0.0,known_synthetic_noise,0.5,0.3333333333333333,2.0,3,3,0.1,0.9,full_partition,target-discovery-v1,0,0.05,1.0,1.0,0.0,1.0,3,pairwise_f1,hungarian,1.0,0,6,0.0,0.0,0.0,0.0,0.0,0.0,0.638627273900142,0.46910538286580744,1.0,0.0,6,macro,3,3,1.0,0.6666666666666666,0.5,1.0,3,3,1.0,1.0,3,3,0.0,1.0,1.0,1.0,1.0,"{""background_inner_edge"": 6.0, ""background_intensity"": 3.0, ""background_size"": 300, ""background_strip_height"": 10.0, ""background_support_area"": 100.0, ""controlled_factor"": ""global_background_support_at_fixed_local_intensity"", ""declared_noise_fraction"": 0.5, ""dimension"": 2, ""family"": ""global_contamination_invariance"", ""n"": 600, ""n_targets"": 3, ""paired_background"": ""seeded_prefix"", ""realized_noise_fraction"": 0.5, ""signal_size"": 300}","{""edge_rank"": 15, ""geometry_profile"": ""low_dim"", ""k"": 20, ""knn_backend"": ""kd_tree"", ""resolution"": 0.5, ""symmetrization"": ""union"", ""weights"": ""1/(1+d)""}"
ok,synthetic,global_contamination_noise50__quality__signal300__n600,kNN+Leiden,223,0.2.4,600,2,0.0016433000128017738,0.020130100005189888,5.891844400000991,214.83984375,2.84765625,215.08984375,,1.0,1.0,2,2,0.0,known_synthetic_noise,0.5,0.3333333333333333,1.6666666666666667,3,3,0.1,0.9,full_partition,target-discovery-v1,0,0.05,1.0,1.0,0.0,1.0,3,pairwise_f1,hungarian,1.0,0,5,0.0,0.0,0.0,0.0,0.0,0.0,0.5706051873198847,0.39919354838709675,1.0,0.0,5,macro,3,3,1.0,0.6666666666666666,0.5,1.0,2,3,1.0,1.0,3,2,0.0,1.0,1.0,1.0,1.0,"{""background_inner_edge"": 6.0, ""background_intensity"": 3.0, ""background_size"": 300, ""background_strip_height"": 10.0, ""background_support_area"": 100.0, ""controlled_factor"": ""global_background_support_at_fixed_local_intensity"", ""declared_noise_fraction"": 0.5, ""dimension"": 2, ""family"": ""global_contamination_invariance"", ""n"": 600, ""n_targets"": 3, ""paired_background"": ""seeded_prefix"", ""realized_noise_fraction"": 0.5, ""signal_size"": 300}","{""edge_rank"": 15, ""geometry_profile"": ""low_dim"", ""k"": 20, ""knn_backend"": ""kd_tree"", ""resolution"": 0.5, ""symmetrization"": ""union"", ""weights"": ""1/(1+d)""}"
ok,synthetic,global_contamination_noise50__quality__signal300__n600,kNN+Leiden,227,0.2.4,600,2,0.0016023999924072996,0.021133000002009794,5.8162328999897,214.96875,2.859375,215.21875,,1.0,1.0,3,3,0.0,known_synthetic_noise,0.5,0.3333333333333333,2.0,3,3,0.1,0.9,full_partition,target-discovery-v1,0,0.05,1.0,1.0,0.0,1.0,3,pairwise_f1,hungarian,1.0,0,6,0.0,0.0,0.0,0.0,0.0,0.0,0.6374211271837577,0.46780493951612906,1.0,0.0,6,macro,3,3,1.0,0.6666666666666666,0.5,1.0,3,3,1.0,1.0,3,3,0.0,1.0,1.0,1.0,1.0,"{""background_inner_edge"": 6.0, ""background_intensity"": 3.0, ""background_size"": 300, ""background_strip_height"": 10.0, ""background_support_area"": 100.0, ""controlled_factor"": ""global_background_support_at_fixed_local_intensity"", ""declared_noise_fraction"": 0.5, ""dimension"": 2, ""family"": ""global_contamination_invariance"", ""n"": 600, ""n_targets"": 3, ""paired_background"": ""seeded_prefix"", ""realized_noise_fraction"": 0.5, ""signal_size"": 300}","{""edge_rank"": 15, ""geometry_profile"": ""low_dim"", ""k"": 20, ""knn_backend"": ""kd_tree"", ""resolution"": 0.5, ""symmetrization"": ""union"", ""weights"": ""1/(1+d)""}"
ok,synthetic,global_contamination_noise50__quality__signal300__n600,kNN+Leiden,229,0.2.4,600,2,0.0015927999920677394,0.025223200005711988,5.780833199998597,215.01953125,2.7578125,215.26953125,,1.0,1.0,3,3,0.0,known_synthetic_noise,0.5,0.3333333333333333,2.0,3,3,0.1,0.9,full_partition,target-discovery-v1,0,0.05,1.0,1.0,0.0,1.0,3,pairwise_f1,hungarian,1.0,0,6,0.0,0.0,0.0,0.0,0.0,0.0,0.6353077071167298,0.46553183485375715,1.0,0.0,6,macro,3,3,1.0,0.6666666666666666,0.5,1.0,3,3,1.0,1.0,3,3,0.0,1.0,1.0,1.0,1.0,"{""background_inner_edge"": 6.0, ""background_intensity"": 3.0, ""background_size"": 300, ""background_strip_height"": 10.0, ""background_support_area"": 100.0, ""controlled_factor"": ""global_background_support_at_fixed_local_intensity"", ""declared_noise_fraction"": 0.5, ""dimension"": 2, ""family"": ""global_contamination_invariance"", ""n"": 600, ""n_targets"": 3, ""paired_background"": ""seeded_prefix"", ""realized_noise_fraction"": 0.5, ""signal_size"": 300}","{""edge_rank"": 15, ""geometry_profile"": ""low_dim"", ""k"": 20, ""knn_backend"": ""kd_tree"", ""resolution"": 0.5, ""symmetrization"": ""union"", ""weights"": ""1/(1+d)""}"
ok,synthetic,global_contamination_noise50__quality__signal300__n600,kNN+Leiden,233,0.2.4,600,2,0.0021936999983154237,0.019106399995507672,5.904954199999338,215.0,2.8671875,215.25,,1.0,1.0,4,4,0.0,known_synthetic_noise,0.5,0.3333333333333333,2.3333333333333335,3,3,0.1,0.9,full_partition,target-discovery-v1,0,0.05,1.0,1.0,0.0,1.0,3,pairwise_f1,hungarian,1.0,0,7,0.0,0.0,0.0,0.0,0.0,0.0,0.7236136828769126,0.5669237229899977,1.0,0.0,7,macro,3,3,1.0,0.6666666666666666,0.5,1.0,4,3,1.0,1.0,3,4,0.0,1.0,1.0,1.0,1.0,"{""background_inner_edge"": 6.0, ""background_intensity"": 3.0, ""background_size"": 300, ""background_strip_height"": 10.0, ""background_support_area"": 100.0, ""controlled_factor"": ""global_background_support_at_fixed_local_intensity"", ""declared_noise_fraction"": 0.5, ""dimension"": 2, ""family"": ""global_contamination_invariance"", ""n"": 600, ""n_targets"": 3, ""paired_background"": ""seeded_prefix"", ""realized_noise_fraction"": 0.5, ""signal_size"": 300}","{""edge_rank"": 15, ""geometry_profile"": ""low_dim"", ""k"": 20, ""knn_backend"": ""kd_tree"", ""resolution"": 0.5, ""symmetrization"": ""union"", ""weights"": ""1/(1+d)""}"
ok,synthetic,global_contamination_noise50__quality__signal300__n600,kNN-DBSCAN,211,0.2.4,600,2,0.001845500009949319,0.006548500008648261,4.733544999995502,182.63671875,0.609375,183.15625,,0.4717527546782267,0.2786339086532817,0,0,1.0,known_synthetic_noise,0.8316666666666667,0.8267576522517217,3.6666666666666665,11,3,0.1,0.9,full_partition,target-discovery-v1,7,0.05,0.4666666666666666,0.6276521155598955,0.33666666666666667,1.0,3,pairwise_f1,hungarian,3.3333333333333335,0,11,0.7242250287932541,0.8559201141226819,0.8559201141226819,0.6683333333333333,0.7481296758104738,1.0,0.3909415971394517,1.0,0.24296296296296296,0.6683333333333333,11,macro,0,0,0.6633333333333333,0.7975951903807615,1.0,0.6633333333333333,0,3,1.0,0.0,3,8,0.0,0.4666666666666667,1.0,0.6276521155598955,1.0,"{""background_inner_edge"": 6.0, ""background_intensity"": 3.0, ""background_size"": 300, ""background_strip_height"": 10.0, ""background_support_area"": 100.0, ""controlled_factor"": ""global_background_support_at_fixed_local_intensity"", ""declared_noise_fraction"": 0.5, ""dimension"": 2, ""family"": ""global_contamination_invariance"", ""n"": 600, ""n_targets"": 3, ""paired_background"": ""seeded_prefix"", ""realized_noise_fraction"": 0.5, ""signal_size"": 300}","{""eps"": 0.21330991387367249, ""eps_quantile"": 0.25, ""geometry_profile"": ""low_dim"", ""k"": 4, ""knn_backend"": ""kd_tree"", ""min_samples"": 5}"
ok,synthetic,global_contamination_noise50__quality__signal300__n600,kNN-DBSCAN,223,0.2.4,600,2,0.0016230000037467107,0.006750100001227111,4.795365900004981,181.8671875,0.64453125,182.35546875,,0.48938658937772317,0.2764513565967202,0,0,1.0,known_synthetic_noise,0.835,0.8303821541466424,2.6666666666666665,8,3,0.1,0.9,full_partition,target-discovery-v1,5,0.05,0.4433333333333333,0.6066464166571922,0.33,1.0,3,pairwise_f1,hungarian,2.6666666666666665,0,8,0.7108819428056153,0.8583690987124464,0.8583690987124464,0.665,0.7518796992481203,1.0,0.39337877312560854,1.0,0.24484848484848484,0.665,8,macro,0,0,0.67,0.8023952095808384,1.0,0.67,0,3,1.0,0.0,3,5,0.0,0.44333333333333336,1.0,0.6066464166571923,1.0,"{""background_inner_edge"": 6.0, ""background_intensity"": 3.0, ""background_size"": 300, ""background_strip_height"": 10.0, ""background_support_area"": 100.0, ""controlled_factor"": ""global_background_support_at_fixed_local_intensity"", ""declared_noise_fraction"": 0.5, ""dimension"": 2, ""family"": ""global_contamination_invariance"", ""n"": 600, ""n_targets"": 3, ""paired_background"": ""seeded_prefix"", ""realized_noise_fraction"": 0.5, ""signal_size"": 300}","{""eps"": 0.2096993625164032, ""eps_quantile"": 0.25, ""geometry_profile"": ""low_dim"", ""k"": 4, ""knn_backend"": ""kd_tree"", ""min_samples"": 5}"
ok,synthetic,global_contamination_noise50__quality__signal300__n600,kNN-DBSCAN,227,0.2.4,600,2,0.0016094000020530075,0.0062806000059936196,4.79052270000102,182.32421875,0.63671875,182.8046875,,0.49440261921747636,0.30721355194632893,1,1,0.9833333333333333,known_synthetic_noise,0.8266666666666667,0.8223052476905377,3.0,8,3,0.1,0.9,full_partition,target-discovery-v1,5,0.05,0.47000000000000003,0.6193908193908194,0.33,1.0,3,pairwise_f1,hungarian,2.6666666666666665,0,9,0.7166504745408968,0.8501440922190201,0.8501440922190201,0.6566666666666666,0.748730964467005,0.9833333333333333,0.4354600968624973,0.9975880366618427,0.2785185185185185,0.6566666666666666,9,macro,1,0,0.67,0.7944664031620553,0.9757281553398058,0.67,1,3,1.0,0.3333333333333333,3,6,0.0,0.47,1.0,0.6193908193908193,1.0,"{""background_inner_edge"": 6.0, ""background_intensity"": 3.0, ""background_size"": 300, ""background_strip_height"": 10.0, ""background_support_area"": 100.0, ""controlled_factor"": ""global_background_support_at_fixed_local_intensity"", ""declared_noise_fraction"": 0.5, ""dimension"": 2, ""family"": ""global_contamination_invariance"", ""n"": 600, ""n_targets"": 3, ""paired_background"": ""seeded_prefix"", ""realized_noise_fraction"": 0.5, ""signal_size"": 300}","{""eps"": 0.20198307931423187, ""eps_quantile"": 0.25, ""geometry_profile"": ""low_dim"", ""k"": 4, ""knn_backend"": ""kd_tree"", ""min_samples"": 5}"
ok,synthetic,global_contamination_noise50__quality__signal300__n600,kNN-DBSCAN,229,0.2.4,600,2,0.0017266000068048015,0.00619390000065323,4.73960879999504,182.55859375,0.65625,183.046875,,0.44042556551320683,0.2062205393312603,0,0,1.0,known_synthetic_noise,0.8266666666666667,0.8212976539589443,4.0,12,3,0.1,0.9,full_partition,target-discovery-v1,9,0.05,0.36999999999999994,0.5292020102863567,0.3466666666666667,1.0,3,pairwise_f1,hungarian,4.0,0,12,0.6529608226957149,0.8522727272727273,0.8522727272727273,0.6733333333333333,0.7425742574257426,1.0,0.3052781740370899,1.0,0.18013468013468015,0.6733333333333333,12,macro,0,0,0.6533333333333333,0.7903225806451613,1.0,0.6533333333333333,0,3,1.0,0.0,3,9,0.0,0.37,1.0,0.5292020102863567,1.0,"{""background_inner_edge"": 6.0, ""background_intensity"": 3.0, ""background_size"": 300, ""background_strip_height"": 10.0, ""background_support_area"": 100.0, ""controlled_factor"": ""global_background_support_at_fixed_local_intensity"", ""declared_noise_fraction"": 0.5, ""dimension"": 2, ""family"": ""global_contamination_invariance"", ""n"": 600, ""n_targets"": 3, ""paired_background"": ""seeded_prefix"", ""realized_noise_fraction"": 0.5, ""signal_size"": 300}","{""eps"": 0.1937895119190216, ""eps_quantile"": 0.25, ""geometry_profile"": ""low_dim"", ""k"": 4, ""knn_backend"": ""kd_tree"", ""min_samples"": 5}"
ok,synthetic,global_contamination_noise50__quality__signal300__n600,kNN-DBSCAN,233,0.2.4,600,2,0.0015750000020489097,0.006590199991478585,4.671450599998934,182.26171875,0.65234375,182.89453125,,0.5098024735697259,0.34929424180582513,0,0,1.0,known_synthetic_noise,0.8183333333333334,0.8121332073227834,2.3333333333333335,7,3,0.1,0.9,full_partition,target-discovery-v1,4,0.05,0.5566666666666666,0.7083075037586485,0.3633333333333333,1.0,3,pairwise_f1,hungarian,2.3333333333333335,0,7,0.7711637639245067,0.846262341325811,0.846262341325811,0.6816666666666666,0.7334963325183375,1.0,0.4893184130213632,1.0,0.3239057239057239,0.6816666666666666,7,macro,0,0,0.6366666666666667,0.7780040733197556,1.0,0.6366666666666667,0,3,1.0,0.0,3,4,0.0,0.5566666666666666,1.0,0.7083075037586485,1.0,"{""background_inner_edge"": 6.0, ""background_intensity"": 3.0, ""background_size"": 300, ""background_strip_height"": 10.0, ""background_support_area"": 100.0, ""controlled_factor"": ""global_background_support_at_fixed_local_intensity"", ""declared_noise_fraction"": 0.5, ""dimension"": 2, ""family"": ""global_contamination_invariance"", ""n"": 600, ""n_targets"": 3, ""paired_background"": ""seeded_prefix"", ""realized_noise_fraction"": 0.5, ""signal_size"": 300}","{""eps"": 0.20613384246826172, ""eps_quantile"": 0.25, ""geometry_profile"": ""low_dim"", ""k"": 4, ""knn_backend"": ""kd_tree"", ""min_samples"": 5}"
ok,synthetic,global_contamination_noise75__quality__signal300__n1200,AMD-DBSCAN,211,0.2.4,1200,2,0.001618499998585321,0.06270349999249447,4.778991899991524,204.0859375,22.12109375,193.703125,,0.9024080500472252,0.9259254658685131,10,9,0.0,known_synthetic_noise,0.49166666666666664,0.19732441471571907,4.666666666666667,5,3,0.1,0.9,full_partition,target-discovery-v1,2,0.05,0.9499999999999998,0.9743053011669893,0.016666666666666666,1.0,3,pairwise_f1,hungarian,1.6666666666666667,0,14,0.0,0.0,0.0,0.004166666666666667,0.0,0.0,0.1272970485831112,0.06847176011920557,0.9035690235690236,0.004166666666666667,14,macro,3,3,0.9833333333333333,0.39464882943143814,0.24686192468619247,0.9833333333333333,10,3,1.0,1.0,3,11,0.0,0.95,1.0,0.9743053011669893,1.0,"{""background_inner_edge"": 6.0, ""background_intensity"": 3.0, ""background_size"": 900, ""background_strip_height"": 10.0, ""background_support_area"": 300.0, ""controlled_factor"": ""global_background_support_at_fixed_local_intensity"", ""declared_noise_fraction"": 0.75, ""dimension"": 2, ""family"": ""global_contamination_invariance"", ""n"": 1200, ""n_targets"": 3, ""paired_background"": ""seeded_prefix"", ""realized_noise_fraction"": 0.75, ""signal_size"": 300}","{""adaptive_rank"": 17, ""balance_rounds"": 3, ""eps_values"": [0.39455981136236684, 1.347167683605122, 1.5890597224075727], ""geometry_profile"": ""low_dim"", ""knn_backend"": ""kd_tree"", ""n_density_levels"": 3}"
ok,synthetic,global_contamination_noise75__quality__signal300__n1200,AMD-DBSCAN,223,0.2.4,1200,2,0.0023516999935964122,0.06797099999675993,4.804671599995345,196.71875,14.69921875,202.12890625,,0.8823106262293651,0.9065824485396348,16,16,0.0,known_synthetic_noise,0.48833333333333334,0.19624916275954454,7.0,5,3,0.1,0.9,full_partition,target-discovery-v1,2,0.05,0.9366666666666666,0.9671460800902425,0.023333333333333334,1.0,3,pairwise_f1,hungarian,1.6666666666666667,0,21,0.0,0.0,0.0,0.005833333333333334,0.0,0.0,0.13305145185939887,0.07197023973546432,0.8793939393939394,0.005833333333333334,21,macro,3,3,0.9766666666666667,0.3924983255190891,0.24559932942162616,0.9766666666666667,16,3,1.0,1.0,3,18,0.0,0.9366666666666666,1.0,0.9671460800902425,1.0,"{""background_inner_edge"": 6.0, ""background_intensity"": 3.0, ""background_size"": 900, ""background_strip_height"": 10.0, ""background_support_area"": 300.0, ""controlled_factor"": ""global_background_support_at_fixed_local_intensity"", ""declared_noise_fraction"": 0.75, ""dimension"": 2, ""family"": ""global_contamination_invariance"", ""n"": 1200, ""n_targets"": 3, ""paired_background"": ""seeded_prefix"", ""realized_noise_fraction"": 0.75, ""signal_size"": 300}","{""adaptive_rank"": 17, ""balance_rounds"": 3, ""eps_values"": [0.4048896305606881, 1.3388397454236343, 1.5764487873591144], ""geometry_profile"": ""low_dim"", ""knn_backend"": ""kd_tree"", ""n_density_levels"": 3}"
ok,synthetic,global_contamination_noise75__quality__signal300__n1200,AMD-DBSCAN,227,0.2.4,1200,2,0.0018860999989556149,0.0656540999916615,4.887906100004329,203.71484375,22.0859375,193.46875,,0.9068816578667558,0.9255890134637809,15,15,0.0,known_synthetic_noise,0.485,0.19517102615694162,6.333333333333333,4,3,0.1,0.9,full_partition,target-discovery-v1,1,0.05,0.9499999999999998,0.9743409920140406,0.03,1.0,3,pairwise_f1,hungarian,1.3333333333333333,0,19,0.0,0.0,0.0,0.0075,0.0,0.0,0.13615504883347884,0.07362774916824964,0.9030976430976431,0.0075,19,macro,3,3,0.97,0.39034205231388325,0.24433249370277077,0.97,15,3,1.0,1.0,3,16,0.0,0.95,1.0,0.9743409920140406,1.0,"{""background_inner_edge"": 6.0, ""background_intensity"": 3.0, ""background_size"": 900, ""background_strip_height"": 10.0, ""background_support_area"": 300.0, ""controlled_factor"": ""global_background_support_at_fixed_local_intensity"", ""declared_noise_fraction"": 0.75, ""dimension"": 2, ""family"": ""global_contamination_invariance"", ""n"": 1200, ""n_targets"": 3, ""paired_background"": ""seeded_prefix"", ""realized_noise_fraction"": 0.75, ""signal_size"": 300}","{""adaptive_rank"": 17, ""balance_rounds"": 3, ""eps_values"": [0.37734741901040764, 1.34386770294141, 1.6190289486294642], ""geometry_profile"": ""low_dim"", ""knn_backend"": ""kd_tree"", ""n_density_levels"": 3}"
ok,synthetic,global_contamination_noise75__quality__signal300__n1200,AMD-DBSCAN,229,0.2.4,1200,2,0.0018303999968338758,0.04628710000542924,4.903297500000917,204.1796875,22.1015625,184.28125,,0.8830292660049869,0.9143148977618483,17,17,0.0,known_synthetic_noise,0.48,0.1935483870967742,7.0,4,3,0.1,0.9,full_partition,target-discovery-v1,1,0.05,0.9433333333333334,0.9707613814756672,0.04,1.0,3,pairwise_f1,hungarian,1.3333333333333333,0,21,0.0,0.0,0.0,0.01,0.0,0.0,0.13483386705284842,0.07294022884507166,0.8903030303030303,0.01,21,macro,3,3,0.96,0.3870967741935484,0.24242424242424243,0.96,17,3,1.0,1.0,3,18,0.0,0.9433333333333334,1.0,0.9707613814756673,1.0,"{""background_inner_edge"": 6.0, ""background_intensity"": 3.0, ""background_size"": 900, ""background_strip_height"": 10.0, ""background_support_area"": 300.0, ""controlled_factor"": ""global_background_support_at_fixed_local_intensity"", ""declared_noise_fraction"": 0.75, ""dimension"": 2, ""family"": ""global_contamination_invariance"", ""n"": 1200, ""n_targets"": 3, ""paired_background"": ""seeded_prefix"", ""realized_noise_fraction"": 0.75, ""signal_size"": 300}","{""adaptive_rank"": 17, ""balance_rounds"": 3, ""eps_values"": [0.37771918094315543, 1.3403391897573358, 1.6095231781667954], ""geometry_profile"": ""low_dim"", ""knn_backend"": ""kd_tree"", ""n_density_levels"": 3}"
ok,synthetic,global_contamination_noise75__quality__signal300__n1200,AMD-DBSCAN,233,0.2.4,1200,2,0.0016781000012997538,0.09825840000121389,4.867825100009213,203.91796875,22.08984375,193.70703125,,0.8452369886076392,0.8707069039405926,16,15,0.0,known_synthetic_noise,0.49,0.19678714859437751,7.333333333333333,7,3,0.1,0.9,full_partition,target-discovery-v1,3,0.05,0.9099999999999998,0.9516475465504719,0.02,1.0,3,pairwise_f1,hungarian,2.0,0,22,0.0,0.0,0.0,0.005,0.0,0.0,0.12562775871767454,0.06792562431841472,0.8346801346801347,0.005,22,macro,3,3,0.98,0.39357429718875503,0.24623115577889448,0.98,16,3,1.0,1.0,3,19,0.0,0.91,1.0,0.9516475465504719,1.0,"{""background_inner_edge"": 6.0, ""background_intensity"": 3.0, ""background_size"": 900, ""background_strip_height"": 10.0, ""background_support_area"": 300.0, ""controlled_factor"": ""global_background_support_at_fixed_local_intensity"", ""declared_noise_fraction"": 0.75, ""dimension"": 2, ""family"": ""global_contamination_invariance"", ""n"": 1200, ""n_targets"": 3, ""paired_background"": ""seeded_prefix"", ""realized_noise_fraction"": 0.75, ""signal_size"": 300}","{""adaptive_rank"": 17, ""balance_rounds"": 3, ""eps_values"": [0.3666490933704885, 1.3343116016020922, 1.6004224524871777], ""geometry_profile"": ""low_dim"", ""knn_backend"": ""kd_tree"", ""n_density_levels"": 3}"
ok,synthetic,global_contamination_noise75__quality__signal300__n1200,DBSCAN,211,0.2.4,1200,2,0.0017822999943746254,0.018771100003505126,5.090162599997711,182.58203125,0.953125,183.046875,,0.9740051210129412,0.9849751463816282,58,58,0.3466666666666667,known_synthetic_noise,0.6683333333333333,0.5074230348491953,20.333333333333332,3,3,0.1,0.9,full_partition,target-discovery-v1,0,0.05,0.9899999999999999,0.9949579547569497,0.01,1.0,3,pairwise_f1,hungarian,1.0,0,61,0.6774647821405416,0.5135802469135803,0.5135802469135803,0.2625,0.9904761904761905,0.3466666666666667,0.8498438001810166,0.7501675171382919,0.9800673400673401,0.2625,61,macro,3,3,0.99,0.5012658227848101,0.33559322033898303,0.99,58,3,1.0,1.0,3,58,0.0,0.99,1.0,0.9949579547569497,1.0,"{""background_inner_edge"": 6.0, ""background_intensity"": 3.0, ""background_size"": 900, ""background_strip_height"": 10.0, ""background_support_area"": 300.0, ""controlled_factor"": ""global_background_support_at_fixed_local_intensity"", ""declared_noise_fraction"": 0.75, ""dimension"": 2, ""family"": ""global_contamination_invariance"", ""n"": 1200, ""n_targets"": 3, ""paired_background"": ""seeded_prefix"", ""realized_noise_fraction"": 0.75, ""signal_size"": 300}","{""base_eps"": 0.8450344204902649, ""eps"": 0.5915240943431854, ""eps_multiplier"": 0.7, ""geometry_profile"": ""low_dim"", ""knn_backend"": ""kd_tree"", ""min_samples"": 5}"
ok,synthetic,global_contamination_noise75__quality__signal300__n1200,DBSCAN,223,0.2.4,1200,2,0.0019100999925285578,0.02288839999528136,5.111701100002392,182.59765625,0.8984375,182.97265625,,0.9740051210129412,0.9849751463816282,63,63,0.35444444444444445,known_synthetic_noise,0.6722222222222223,0.5131697042617102,22.0,3,3,0.1,0.9,full_partition,target-discovery-v1,0,0.05,0.9899999999999999,0.9949579547569497,0.01,1.0,3,pairwise_f1,hungarian,1.0,0,66,0.6848311045443579,0.5220949263502455,0.5220949263502455,0.2683333333333333,0.9906832298136646,0.35444444444444445,0.8870333688861801,0.8101308099081548,0.9800673400673401,0.2683333333333333,66,macro,3,3,0.99,0.5042444821731749,0.33826879271070615,0.99,63,3,1.0,1.0,3,63,0.0,0.99,1.0,0.9949579547569497,1.0,"{""background_inner_edge"": 6.0, ""background_intensity"": 3.0, ""background_size"": 900, ""background_strip_height"": 10.0, ""background_support_area"": 300.0, ""controlled_factor"": ""global_background_support_at_fixed_local_intensity"", ""declared_noise_fraction"": 0.75, ""dimension"": 2, ""family"": ""global_contamination_invariance"", ""n"": 1200, ""n_targets"": 3, ""paired_background"": ""seeded_prefix"", ""realized_noise_fraction"": 0.75, ""signal_size"": 300}","{""base_eps"": 0.8352223038673401, ""eps"": 0.5846556127071381, ""eps_multiplier"": 0.7, ""geometry_profile"": ""low_dim"", ""knn_backend"": ""kd_tree"", ""min_samples"": 5}"
ok,synthetic,global_contamination_noise75__quality__signal300__n1200,DBSCAN,227,0.2.4,1200,2,0.0020615999965230003,0.017169400001876056,5.122185999993235,182.58203125,0.8984375,183.06640625,,0.9740051210129412,0.9849751463816282,55,55,0.3511111111111111,known_synthetic_noise,0.6705555555555556,0.5107106712168814,19.333333333333332,3,3,0.1,0.9,full_partition,target-discovery-v1,0,0.05,0.9899999999999999,0.9949579547569497,0.01,1.0,3,pairwise_f1,hungarian,1.0,0,58,0.6816946096464251,0.5184577522559475,0.5184577522559475,0.2658333333333333,0.9905956112852664,0.3511111111111111,0.8712622347271692,0.7842017350072741,0.9800673400673401,0.2658333333333333,58,macro,3,3,0.99,0.5029635901778154,0.337116912599319,0.99,55,3,1.0,1.0,3,55,0.0,0.99,1.0,0.9949579547569497,1.0,"{""background_inner_edge"": 6.0, ""background_intensity"": 3.0, ""background_size"": 900, ""background_strip_height"": 10.0, ""background_support_area"": 300.0, ""controlled_factor"": ""global_background_support_at_fixed_local_intensity"", ""declared_noise_fraction"": 0.75, ""dimension"": 2, ""family"": ""global_contamination_invariance"", ""n"": 1200, ""n_targets"": 3, ""paired_background"": ""seeded_prefix"", ""realized_noise_fraction"": 0.75, ""signal_size"": 300}","{""base_eps"": 0.8591227531433105, ""eps"": 0.6013859272003174, ""eps_multiplier"": 0.7, ""geometry_profile"": ""low_dim"", ""knn_backend"": ""kd_tree"", ""min_samples"": 5}"
ok,synthetic,global_contamination_noise75__quality__signal300__n1200,DBSCAN,229,0.2.4,1200,2,0.0020342000061646104,0.014783899998292327,5.138191699996241,182.80859375,0.89453125,183.296875,,0.9914959434433548,0.9950082639109167,52,52,0.39222222222222225,known_synthetic_noise,0.6944444444444444,0.542406706914836,18.333333333333332,3,3,0.1,0.9,full_partition,target-discovery-v1,0,0.05,0.9966666666666667,0.9983249581239532,0.0033333333333333335,1.0,3,pairwise_f1,hungarian,1.0,0,55,0.719973033692485,0.5629984051036684,0.5629984051036684,0.295,0.9971751412429378,0.39222222222222225,0.8553287718891337,0.7509927705936259,0.9933333333333333,0.295,55,macro,3,3,0.9966666666666667,0.5218150087260036,0.3534278959810875,0.9966666666666667,52,3,1.0,1.0,3,52,0.0,0.9966666666666667,1.0,0.9983249581239529,1.0,"{""background_inner_edge"": 6.0, ""background_intensity"": 3.0, ""background_size"": 900, ""background_strip_height"": 10.0, ""background_support_area"": 300.0, ""controlled_factor"": ""global_background_support_at_fixed_local_intensity"", ""declared_noise_fraction"": 0.75, ""dimension"": 2, ""family"": ""global_contamination_invariance"", ""n"": 1200, ""n_targets"": 3, ""paired_background"": ""seeded_prefix"", ""realized_noise_fraction"": 0.75, ""signal_size"": 300}","{""base_eps"": 0.8370675444602966, ""eps"": 0.5859472811222076, ""eps_multiplier"": 0.7, ""geometry_profile"": ""low_dim"", ""knn_backend"": ""kd_tree"", ""min_samples"": 5}"
ok,synthetic,global_contamination_noise75__quality__signal300__n1200,DBSCAN,233,0.2.4,1200,2,0.0016253999929176643,0.01679839999997057,5.067063900001813,182.87109375,0.8828125,183.265625,,0.9562505307324498,0.9748266856414812,56,56,0.3477777777777778,known_synthetic_noise,0.6655555555555556,0.506555641686046,19.666666666666668,3,3,0.1,0.9,full_partition,target-discovery-v1,0,0.05,0.9833333333333334,0.9915737741159264,0.016666666666666666,1.0,3,pairwise_f1,hungarian,1.0,0,59,0.6770057331508309,0.5139573070607554,0.5139573070607554,0.265,0.9842767295597484,0.3477777777777778,0.8512479990514021,0.7603262020758313,0.9668686868686869,0.265,59,macro,3,3,0.9833333333333333,0.49915397631133673,0.3344671201814059,0.9833333333333333,56,3,1.0,1.0,3,56,0.0,0.9833333333333333,1.0,0.9915737741159266,1.0,"{""background_inner_edge"": 6.0, ""background_intensity"": 3.0, ""background_size"": 900, ""background_strip_height"": 10.0, ""background_support_area"": 300.0, ""controlled_factor"": ""global_background_support_at_fixed_local_intensity"", ""declared_noise_fraction"": 0.75, ""dimension"": 2, ""family"": ""global_contamination_invariance"", ""n"": 1200, ""n_targets"": 3, ""paired_background"": ""seeded_prefix"", ""realized_noise_fraction"": 0.75, ""signal_size"": 300}","{""base_eps"": 0.8264700770378113, ""eps"": 0.5785290539264678, ""eps_multiplier"": 0.7, ""geometry_profile"": ""low_dim"", ""knn_backend"": ""kd_tree"", ""min_samples"": 5}"
ok,synthetic,global_contamination_noise75__quality__signal300__n1200,HDBSCAN,211,0.2.4,1200,2,0.001831699992180802,0.02510970000002999,4.921522599994205,182.703125,1.078125,183.0078125,,0.9914959434433548,0.9950082639109167,2,1,0.0044444444444444444,known_synthetic_noise,0.5022222222222222,0.20495953811935072,1.6666666666666667,4,3,0.1,0.9,full_partition,target-discovery-v1,0,0.05,0.9966666666666667,0.9983249581239532,0.0,1.0,3,pairwise_f1,hungarian,1.0,0,5,0.017543601442343074,0.008849557522123894,0.008849557522123894,0.0033333333333333335,1.0,0.0044444444444444444,0.12809858145866174,0.06846377699494563,0.9933333333333333,0.0033333333333333335,5,macro,3,3,1.0,0.40106951871657753,0.2508361204013378,1.0,2,3,1.0,1.0,3,2,0.0,0.9966666666666667,1.0,0.9983249581239529,1.0,"{""background_inner_edge"": 6.0, ""background_intensity"": 3.0, ""background_size"": 900, ""background_strip_height"": 10.0, ""background_support_area"": 300.0, ""controlled_factor"": ""global_background_support_at_fixed_local_intensity"", ""declared_noise_fraction"": 0.75, ""dimension"": 2, ""family"": ""global_contamination_invariance"", ""n"": 1200, ""n_targets"": 3, ""paired_background"": ""seeded_prefix"", ""realized_noise_fraction"": 0.75, ""signal_size"": 300}","{""geometry_profile"": ""low_dim"", ""knn_backend"": ""kd_tree"", ""min_cluster_size"": 40, ""min_samples"": 5}"
ok,synthetic,global_contamination_noise75__quality__signal300__n1200,HDBSCAN,223,0.2.4,1200,2,0.0029518999945139512,0.02547490000142716,5.266225500003202,182.7734375,1.1015625,183.03125,,1.0,1.0,2,2,0.0,known_synthetic_noise,0.5,0.2,1.6666666666666667,3,3,0.1,0.9,full_partition,target-discovery-v1,0,0.05,1.0,1.0,0.0,1.0,3,pairwise_f1,hungarian,1.0,0,5,0.0,0.0,0.0,0.0,0.0,0.0,0.12815533980582525,0.06846473029045644,1.0,0.0,5,macro,3,3,1.0,0.4,0.25,1.0,2,3,1.0,1.0,3,2,0.0,1.0,1.0,1.0,1.0,"{""background_inner_edge"": 6.0, ""background_intensity"": 3.0, ""background_size"": 900, ""background_strip_height"": 10.0, ""background_support_area"": 300.0, ""controlled_factor"": ""global_background_support_at_fixed_local_intensity"", ""declared_noise_fraction"": 0.75, ""dimension"": 2, ""family"": ""global_contamination_invariance"", ""n"": 1200, ""n_targets"": 3, ""paired_background"": ""seeded_prefix"", ""realized_noise_fraction"": 0.75, ""signal_size"": 300}","{""geometry_profile"": ""low_dim"", ""knn_backend"": ""kd_tree"", ""min_cluster_size"": 40, ""min_samples"": 5}"
ok,synthetic,global_contamination_noise75__quality__signal300__n1200,HDBSCAN,227,0.2.4,1200,2,0.0017368999979225919,0.023748899999191053,5.327401799993822,183.01953125,1.01953125,183.27734375,,1.0,1.0,2,2,0.0,known_synthetic_noise,0.5,0.2,1.6666666666666667,3,3,0.1,0.9,full_partition,target-discovery-v1,0,0.05,1.0,1.0,0.0,1.0,3,pairwise_f1,hungarian,1.0,0,5,0.0,0.0,0.0,0.0,0.0,0.0,0.12815533980582525,0.06846473029045644,1.0,0.0,5,macro,3,3,1.0,0.4,0.25,1.0,2,3,1.0,1.0,3,2,0.0,1.0,1.0,1.0,1.0,"{""background_inner_edge"": 6.0, ""background_intensity"": 3.0, ""background_size"": 900, ""background_strip_height"": 10.0, ""background_support_area"": 300.0, ""controlled_factor"": ""global_background_support_at_fixed_local_intensity"", ""declared_noise_fraction"": 0.75, ""dimension"": 2, ""family"": ""global_contamination_invariance"", ""n"": 1200, ""n_targets"": 3, ""paired_background"": ""seeded_prefix"", ""realized_noise_fraction"": 0.75, ""signal_size"": 300}","{""geometry_profile"": ""low_dim"", ""knn_backend"": ""kd_tree"", ""min_cluster_size"": 40, ""min_samples"": 5}"
ok,synthetic,global_contamination_noise75__quality__signal300__n1200,HDBSCAN,229,0.2.4,1200,2,0.0016527999978279695,0.025862900001811795,5.273375800010399,182.71484375,1.08984375,182.9765625,,1.0,1.0,2,2,0.0,known_synthetic_noise,0.5,0.2,1.6666666666666667,3,3,0.1,0.9,full_partition,target-discovery-v1,0,0.05,1.0,1.0,0.0,1.0,3,pairwise_f1,hungarian,1.0,0,5,0.0,0.0,0.0,0.0,0.0,0.0,0.12815533980582525,0.06846473029045644,1.0,0.0,5,macro,3,3,1.0,0.4,0.25,1.0,2,3,1.0,1.0,3,2,0.0,1.0,1.0,1.0,1.0,"{""background_inner_edge"": 6.0, ""background_intensity"": 3.0, ""background_size"": 900, ""background_strip_height"": 10.0, ""background_support_area"": 300.0, ""controlled_factor"": ""global_background_support_at_fixed_local_intensity"", ""declared_noise_fraction"": 0.75, ""dimension"": 2, ""family"": ""global_contamination_invariance"", ""n"": 1200, ""n_targets"": 3, ""paired_background"": ""seeded_prefix"", ""realized_noise_fraction"": 0.75, ""signal_size"": 300}","{""geometry_profile"": ""low_dim"", ""knn_backend"": ""kd_tree"", ""min_cluster_size"": 40, ""min_samples"": 5}"
ok,synthetic,global_contamination_noise75__quality__signal300__n1200,HDBSCAN,233,0.2.4,1200,2,0.002464200006215833,0.02963889999955427,5.338737900005071,182.77734375,1.140625,183.06640625,,0.9914959434433548,0.9950082639109167,2,1,0.0022222222222222222,known_synthetic_noise,0.5011111111111111,0.202484317597151,1.6666666666666667,4,3,0.1,0.9,full_partition,target-discovery-v1,0,0.05,0.9966666666666667,0.9983249581239532,0.0,1.0,3,pairwise_f1,hungarian,1.0,0,5,0.008829956665061667,0.004434589800443459,0.004434589800443459,0.0016666666666666668,1.0,0.0022222222222222222,0.12760270239876817,0.06818055760982103,0.9933333333333333,0.0016666666666666668,5,macro,3,3,1.0,0.4005340453938585,0.25041736227045075,1.0,2,3,1.0,1.0,3,2,0.0,0.9966666666666667,1.0,0.9983249581239529,1.0,"{""background_inner_edge"": 6.0, ""background_intensity"": 3.0, ""background_size"": 900, ""background_strip_height"": 10.0, ""background_support_area"": 300.0, ""controlled_factor"": ""global_background_support_at_fixed_local_intensity"", ""declared_noise_fraction"": 0.75, ""dimension"": 2, ""family"": ""global_contamination_invariance"", ""n"": 1200, ""n_targets"": 3, ""paired_background"": ""seeded_prefix"", ""realized_noise_fraction"": 0.75, ""signal_size"": 300}","{""geometry_profile"": ""low_dim"", ""knn_backend"": ""kd_tree"", ""min_cluster_size"": 40, ""min_samples"": 5}"
ok,synthetic,global_contamination_noise75__quality__signal300__n1200,OPTICS,211,0.2.4,1200,2,0.0020431999873835593,1.6513764999981504,6.5294251999876,182.890625,1.3515625,183.35546875,,1.0,1.0,2,2,0.0011111111111111111,known_synthetic_noise,0.5005555555555555,0.20124330019495054,1.6666666666666667,3,3,0.1,0.9,full_partition,target-discovery-v1,0,0.05,1.0,1.0,0.0,1.0,3,pairwise_f1,hungarian,1.0,0,5,0.004429678848283499,0.0022197558268590455,0.0022197558268590455,0.0008333333333333334,1.0,0.0011111111111111111,0.12840411411969682,0.06860675164355905,1.0,0.0008333333333333334,5,macro,3,3,1.0,0.400266844563042,0.25020850708924103,1.0,2,3,1.0,1.0,3,2,0.0,1.0,1.0,1.0,1.0,"{""background_inner_edge"": 6.0, ""background_intensity"": 3.0, ""background_size"": 900, ""background_strip_height"": 10.0, ""background_support_area"": 300.0, ""controlled_factor"": ""global_background_support_at_fixed_local_intensity"", ""declared_noise_fraction"": 0.75, ""dimension"": 2, ""family"": ""global_contamination_invariance"", ""n"": 1200, ""n_targets"": 3, ""paired_background"": ""seeded_prefix"", ""realized_noise_fraction"": 0.75, ""signal_size"": 300}","{""geometry_profile"": ""low_dim"", ""knn_backend"": ""kd_tree"", ""max_eps"": 1.0532039403915405, ""max_eps_quantile"": 0.98, ""min_cluster_size"": 40, ""min_samples"": 5, ""xi"": 0.1}"
ok,synthetic,global_contamination_noise75__quality__signal300__n1200,OPTICS,223,0.2.4,1200,2,0.0017669999942881986,1.5864489000086905,6.533981500004302,183.23046875,1.25390625,183.69140625,,0.8438211471034662,0.8409143121100847,2,2,0.44,known_synthetic_noise,0.665,0.5472681171791516,1.6666666666666667,3,3,0.1,0.9,full_partition,target-discovery-v1,0,0.05,0.89,0.940049101132494,0.11,1.0,3,pairwise_f1,hungarian,1.0,0,5,0.7294466044796878,0.5959367945823928,0.5959367945823928,0.3575,0.9230769230769231,0.44,0.18446987698372505,0.10430193732545129,0.7972390572390572,0.3575,5,macro,3,3,0.89,0.4985994397759103,0.3463035019455253,0.89,2,3,1.0,1.0,3,2,0.0,0.89,1.0,0.9400491011324938,1.0,"{""background_inner_edge"": 6.0, ""background_intensity"": 3.0, ""background_size"": 900, ""background_strip_height"": 10.0, ""background_support_area"": 300.0, ""controlled_factor"": ""global_background_support_at_fixed_local_intensity"", ""declared_noise_fraction"": 0.75, ""dimension"": 2, ""family"": ""global_contamination_invariance"", ""n"": 1200, ""n_targets"": 3, ""paired_background"": ""seeded_prefix"", ""realized_noise_fraction"": 0.75, ""signal_size"": 300}","{""geometry_profile"": ""low_dim"", ""knn_backend"": ""kd_tree"", ""max_eps"": 1.037756323814392, ""max_eps_quantile"": 0.98, ""min_cluster_size"": 40, ""min_samples"": 5, ""xi"": 0.1}"
ok,synthetic,global_contamination_noise75__quality__signal300__n1200,OPTICS,227,0.2.4,1200,2,0.0017651999951340258,1.5967053999920608,6.533860299998196,183.48828125,1.01953125,183.99609375,,0.7244002560990298,0.7066026902035921,2,2,0.0011111111111111111,known_synthetic_noise,0.40888888888888886,0.17071361513230335,1.6666666666666667,3,3,0.1,0.9,full_partition,target-discovery-v1,0,0.05,0.8166666666666668,0.8989630715063447,0.18333333333333335,1.0,3,pairwise_f1,hungarian,1.0,0,5,0.004174385864944097,0.002092050209205021,0.002092050209205021,0.04666666666666667,0.017857142857142856,0.0011111111111111111,0.0873649144200267,0.04674969738235739,0.6657912457912458,0.04666666666666667,5,macro,3,2,0.8166666666666667,0.3393351800554017,0.21416083916083917,0.8166666666666667,2,3,1.0,1.0,3,2,0.0,0.8166666666666667,1.0,0.8989630715063447,1.0,"{""background_inner_edge"": 6.0, ""background_intensity"": 3.0, ""background_size"": 900, ""background_strip_height"": 10.0, ""background_support_area"": 300.0, ""controlled_factor"": ""global_background_support_at_fixed_local_intensity"", ""declared_noise_fraction"": 0.75, ""dimension"": 2, ""family"": ""global_contamination_invariance"", ""n"": 1200, ""n_targets"": 3, ""paired_background"": ""seeded_prefix"", ""realized_noise_fraction"": 0.75, ""signal_size"": 300}","{""geometry_profile"": ""low_dim"", ""knn_backend"": ""kd_tree"", ""max_eps"": 1.0836857557296753, ""max_eps_quantile"": 0.98, ""min_cluster_size"": 40, ""min_samples"": 5, ""xi"": 0.1}"
ok,synthetic,global_contamination_noise75__quality__signal300__n1200,OPTICS,229,0.2.4,1200,2,0.0018561999895609915,1.5525602999987314,6.389887800003635,183.1796875,1.046875,183.703125,,0.9625997282324074,0.9668640195538187,2,2,0.0044444444444444444,known_synthetic_noise,0.4905555555555556,0.20116713933647332,1.6666666666666667,3,3,0.1,0.9,full_partition,target-discovery-v1,0,0.05,0.9766666666666667,0.9879101899827288,0.023333333333333334,1.0,3,pairwise_f1,hungarian,1.0,0,5,0.017408373975698277,0.008781558726673985,0.008781558726673985,0.009166666666666667,0.36363636363636365,0.0044444444444444444,0.12366979519207284,0.066117012842873,0.9547474747474748,0.009166666666666667,5,macro,3,3,0.9766666666666667,0.39355271994627267,0.2464255677039529,0.9766666666666667,2,3,1.0,1.0,3,2,0.0,0.9766666666666667,1.0,0.9879101899827287,1.0,"{""background_inner_edge"": 6.0, ""background_intensity"": 3.0, ""background_size"": 900, ""background_strip_height"": 10.0, ""background_support_area"": 300.0, ""controlled_factor"": ""global_background_support_at_fixed_local_intensity"", ""declared_noise_fraction"": 0.75, ""dimension"": 2, ""family"": ""global_contamination_invariance"", ""n"": 1200, ""n_targets"": 3, ""paired_background"": ""seeded_prefix"", ""realized_noise_fraction"": 0.75, ""signal_size"": 300}","{""geometry_profile"": ""low_dim"", ""knn_backend"": ""kd_tree"", ""max_eps"": 1.0700807571411133, ""max_eps_quantile"": 0.98, ""min_cluster_size"": 40, ""min_samples"": 5, ""xi"": 0.1}"
ok,synthetic,global_contamination_noise75__quality__signal300__n1200,OPTICS,233,0.2.4,1200,2,0.0017823999951360747,1.5449318000028143,6.47886920000019,182.94140625,0.9296875,183.46484375,,0.7464308678484358,0.6728373608059193,2,2,0.45555555555555555,known_synthetic_noise,0.5794444444444444,0.5038556868435353,1.6666666666666667,3,3,0.1,0.9,full_partition,target-discovery-v1,0,0.05,0.7033333333333333,0.800612642717906,0.29666666666666663,1.0,3,pairwise_f1,hungarian,1.0,0,5,0.6767866485711764,0.586132952108649,0.586132952108649,0.41583333333333333,0.8216432865731463,0.45555555555555555,0.13200922377290877,0.07494685752342374,0.5531986531986532,0.41583333333333333,5,macro,2,1,0.7033333333333334,0.42157842157842157,0.30099857346647646,0.7033333333333334,2,3,1.0,0.6666666666666666,3,2,0.0,0.7033333333333334,1.0,0.8006126427179059,1.0,"{""background_inner_edge"": 6.0, ""background_intensity"": 3.0, ""background_size"": 900, ""background_strip_height"": 10.0, ""background_support_area"": 300.0, ""controlled_factor"": ""global_background_support_at_fixed_local_intensity"", ""declared_noise_fraction"": 0.75, ""dimension"": 2, ""family"": ""global_contamination_invariance"", ""n"": 1200, ""n_targets"": 3, ""paired_background"": ""seeded_prefix"", ""realized_noise_fraction"": 0.75, ""signal_size"": 300}","{""geometry_profile"": ""low_dim"", ""knn_backend"": ""kd_tree"", ""max_eps"": 1.0457160472869873, ""max_eps_quantile"": 0.98, ""min_cluster_size"": 40, ""min_samples"": 5, ""xi"": 0.1}"
ok,synthetic,global_contamination_noise75__quality__signal300__n1200,SNN-DBSCAN,211,0.2.4,1200,2,0.0016899000038392842,0.01979360000404995,5.991678000005777,224.82421875,1.90234375,225.09375,,0.9681462648043433,0.9800866408299869,15,15,0.04888888888888889,known_synthetic_noise,0.5177777777777778,0.2502702514209994,6.0,3,3,0.1,0.9,full_partition,target-discovery-v1,0,0.05,0.9866666666666667,0.9932488159919735,0.013333333333333334,1.0,3,pairwise_f1,hungarian,1.0,0,18,0.1697861425826887,0.09282700421940929,0.09282700421940929,0.04,0.9166666666666666,0.04888888888888889,0.3545424447905044,0.21673687840127132,0.9735353535353536,0.04,18,macro,3,3,0.9866666666666667,0.4077134986225895,0.2569444444444444,0.9866666666666667,15,3,1.0,1.0,3,15,0.0,0.9866666666666667,1.0,0.9932488159919735,1.0,"{""background_inner_edge"": 6.0, ""background_intensity"": 3.0, ""background_size"": 900, ""background_strip_height"": 10.0, ""background_support_area"": 300.0, ""controlled_factor"": ""global_background_support_at_fixed_local_intensity"", ""declared_noise_fraction"": 0.75, ""dimension"": 2, ""family"": ""global_contamination_invariance"", ""n"": 1200, ""n_targets"": 3, ""paired_background"": ""seeded_prefix"", ""realized_noise_fraction"": 0.75, ""signal_size"": 300}","{""eps"": 13, ""geometry_profile"": ""low_dim"", ""k"": 20, ""knn_backend"": ""kd_tree"", ""min_samples"": 5}"
ok,synthetic,global_contamination_noise75__quality__signal300__n1200,SNN-DBSCAN,223,0.2.4,1200,2,0.0025568999990355223,0.020502399987890385,6.014349100005347,225.81640625,1.93359375,226.08203125,,0.8736202923014496,0.8525372942325475,13,13,0.043333333333333335,known_synthetic_noise,0.515,0.2445145423672314,5.666666666666667,4,3,0.1,0.9,full_partition,target-discovery-v1,1,0.05,0.8333333333333334,0.8913867583531694,0.013333333333333334,1.0,3,pairwise_f1,hungarian,1.3333333333333333,0,17,0.1513822209225133,0.08271474019088017,0.08271474019088017,0.035833333333333335,0.9069767441860465,0.043333333333333335,0.2931470230862697,0.17884358784284654,0.8123232323232323,0.035833333333333335,17,macro,2,2,0.9866666666666667,0.4063143445435827,0.25583405358686256,0.9866666666666667,13,3,1.0,0.6666666666666666,3,14,0.0,0.8333333333333334,1.0,0.8913867583531694,1.0,"{""background_inner_edge"": 6.0, ""background_intensity"": 3.0, ""background_size"": 900, ""background_strip_height"": 10.0, ""background_support_area"": 300.0, ""controlled_factor"": ""global_background_support_at_fixed_local_intensity"", ""declared_noise_fraction"": 0.75, ""dimension"": 2, ""family"": ""global_contamination_invariance"", ""n"": 1200, ""n_targets"": 3, ""paired_background"": ""seeded_prefix"", ""realized_noise_fraction"": 0.75, ""signal_size"": 300}","{""eps"": 13, ""geometry_profile"": ""low_dim"", ""k"": 20, ""knn_backend"": ""kd_tree"", ""min_samples"": 5}"
ok,synthetic,global_contamination_noise75__quality__signal300__n1200,SNN-DBSCAN,227,0.2.4,1200,2,0.0016410999960498884,0.020951300000888295,6.005901199998334,225.140625,1.921875,225.41796875,,0.9106179149197398,0.8825635930965968,18,18,0.05,known_synthetic_noise,0.525,0.2538046146293569,7.333333333333333,4,3,0.1,0.9,full_partition,target-discovery-v1,1,0.05,0.8866666666666667,0.9317269076305221,0.0,1.0,3,pairwise_f1,hungarian,1.3333333333333333,0,22,0.1728119180633147,0.09523809523809523,0.09523809523809523,0.0375,1.0,0.05,0.4272930648769575,0.28550074738415543,0.8488888888888889,0.0375,22,macro,2,2,1.0,0.4123711340206185,0.2597402597402597,1.0,18,3,1.0,0.6666666666666666,3,19,0.0,0.8866666666666667,1.0,0.9317269076305221,1.0,"{""background_inner_edge"": 6.0, ""background_intensity"": 3.0, ""background_size"": 900, ""background_strip_height"": 10.0, ""background_support_area"": 300.0, ""controlled_factor"": ""global_background_support_at_fixed_local_intensity"", ""declared_noise_fraction"": 0.75, ""dimension"": 2, ""family"": ""global_contamination_invariance"", ""n"": 1200, ""n_targets"": 3, ""paired_background"": ""seeded_prefix"", ""realized_noise_fraction"": 0.75, ""signal_size"": 300}","{""eps"": 13, ""geometry_profile"": ""low_dim"", ""k"": 20, ""knn_backend"": ""kd_tree"", ""min_samples"": 5}"
ok,synthetic,global_contamination_noise75__quality__signal300__n1200,SNN-DBSCAN,229,0.2.4,1200,2,0.0018760999955702573,0.019881200001691468,5.920868399989558,224.69140625,1.53515625,224.95703125,,0.9851989977985108,0.9901010167892863,16,16,0.03222222222222222,known_synthetic_noise,0.5127777777777778,0.2340083896408336,6.333333333333333,3,3,0.1,0.9,full_partition,target-discovery-v1,0,0.05,0.9933333333333333,0.9966329966329966,0.006666666666666667,1.0,3,pairwise_f1,hungarian,1.0,0,19,0.11726695855902623,0.062298603651987104,0.062298603651987104,0.025833333333333333,0.9354838709677419,0.03222222222222222,0.43662748253102696,0.28033825020566683,0.9867340067340067,0.025833333333333333,19,macro,3,3,0.9933333333333333,0.4057181756296801,0.2549187339606501,0.9933333333333333,16,3,1.0,1.0,3,16,0.0,0.9933333333333333,1.0,0.9966329966329965,1.0,"{""background_inner_edge"": 6.0, ""background_intensity"": 3.0, ""background_size"": 900, ""background_strip_height"": 10.0, ""background_support_area"": 300.0, ""controlled_factor"": ""global_background_support_at_fixed_local_intensity"", ""declared_noise_fraction"": 0.75, ""dimension"": 2, ""family"": ""global_contamination_invariance"", ""n"": 1200, ""n_targets"": 3, ""paired_background"": ""seeded_prefix"", ""realized_noise_fraction"": 0.75, ""signal_size"": 300}","{""eps"": 13, ""geometry_profile"": ""low_dim"", ""k"": 20, ""knn_backend"": ""kd_tree"", ""min_samples"": 5}"
ok,synthetic,global_contamination_noise75__quality__signal300__n1200,SNN-DBSCAN,233,0.2.4,1200,2,0.0016553000023122877,0.019359699988854118,5.885833399996045,225.02734375,1.7421875,225.3125,,0.9546801493003191,0.9746739935059259,17,17,0.04111111111111111,known_synthetic_noise,0.5122222222222222,0.24161009322604038,6.666666666666667,3,3,0.1,0.9,full_partition,target-discovery-v1,0,0.05,0.9833333333333334,0.9915909513899464,0.016666666666666666,1.0,3,pairwise_f1,hungarian,1.0,0,20,0.14557937219499126,0.07855626326963906,0.07855626326963906,0.035,0.8809523809523809,0.04111111111111111,0.4098487011133314,0.26004347038579967,0.9668013468013468,0.035,20,macro,3,3,0.9833333333333333,0.4046639231824417,0.2547495682210708,0.9833333333333333,17,3,1.0,1.0,3,17,0.0,0.9833333333333333,1.0,0.9915909513899465,1.0,"{""background_inner_edge"": 6.0, ""background_intensity"": 3.0, ""background_size"": 900, ""background_strip_height"": 10.0, ""background_support_area"": 300.0, ""controlled_factor"": ""global_background_support_at_fixed_local_intensity"", ""declared_noise_fraction"": 0.75, ""dimension"": 2, ""family"": ""global_contamination_invariance"", ""n"": 1200, ""n_targets"": 3, ""paired_background"": ""seeded_prefix"", ""realized_noise_fraction"": 0.75, ""signal_size"": 300}","{""eps"": 13, ""geometry_profile"": ""low_dim"", ""k"": 20, ""knn_backend"": ""kd_tree"", ""min_samples"": 5}"
ok,synthetic,global_contamination_noise75__quality__signal300__n1200,StrataSCAN,211,0.2.4,1200,2,0.0018015999958151951,0.4856066000065766,5.385762399993837,215.75,33.75,216.16015625,,0.9665682566589096,0.9799342870099912,0,0,1.0,known_synthetic_noise,0.9933333333333334,0.9955356478519026,1.0,3,3,0.1,0.9,full_partition,target-discovery-v1,0,0.05,0.9866666666666667,0.9932659932659934,0.013333333333333334,1.0,3,pairwise_f1,hungarian,1.0,0,3,0.9955192260822289,0.9977827050997783,0.9977827050997783,0.7533333333333333,0.995575221238938,1.0,0.9865556541322597,1.0,0.9734680134680135,0.7533333333333333,3,macro,3,3,0.9866666666666667,0.9932885906040269,1.0,0.9866666666666667,0,3,1.0,1.0,3,0,0.0,0.9866666666666667,1.0,0.9932659932659933,1.0,"{""background_inner_edge"": 6.0, ""background_intensity"": 3.0, ""background_size"": 900, ""background_strip_height"": 10.0, ""background_support_area"": 300.0, ""controlled_factor"": ""global_background_support_at_fixed_local_intensity"", ""declared_noise_fraction"": 0.75, ""dimension"": 2, ""family"": ""global_contamination_invariance"", ""n"": 1200, ""n_targets"": 3, ""paired_background"": ""seeded_prefix"", ""realized_noise_fraction"": 0.75, ""signal_size"": 300}","{""ambiguous_model_confirmation_tolerance"": 1e-05, ""assignment"": ""maximum_posterior_basis_then_semantic_role"", ""background_model"": ""adaptive_gamma_basis_mixture_with_largest_rate_gap"", ""background_scan"": ""adaptive_dyadic_rank_windows_with_poisson_beta_boundary_code"", ""border_rule"": ""strict_local_core_radius"", ""component_initialization"": ""compiled_split_warm_single_start_with_guarded_confirmation"", ""component_selection"": ""semantic_icl_with_adaptive_bound"", ""connectivity"": ""density_ordered_non_merging_knn_watershed"", ""core_thresholds"": ""observed_d4_event_sweep"", ""duplicate_profile_confirmation_minimum"": 3, ""duplicate_profile_confirmation_tolerance"": 1e-08, ""extraction_objective"": ""gamma_topology_description_length"", ""fit_samples"": ""all_rows"", ""gamma_tolerance"": 0.0001, ""geometry_profile"": ""low_dim"", ""hard_component_bound"": 24, ""initial_component_bound"": 8, ""k"": 32, ""knn_backend"": ""kd_tree"", ""shell_ranks"": [4, 8, 16, 32], ""stratification_model"": ""adaptive_gamma_density_basis_with_semantic_background"", ""version"": ""0.2.3""}"
ok,synthetic,global_contamination_noise75__quality__signal300__n1200,StrataSCAN,223,0.2.4,1200,2,0.0017980999982682988,0.4830408999987412,5.3986224999971455,216.31640625,34.3984375,216.734375,,0.6763745210532656,0.6162094708947784,0,0,1.0,known_synthetic_noise,0.9083333333333333,0.934716486560004,1.3333333333333333,4,3,0.1,0.9,full_partition,target-discovery-v1,1,0.05,0.7000000000000001,0.8080913195931271,0.18333333333333335,1.0,3,pairwise_f1,hungarian,1.3333333333333333,0,4,0.8818188733973767,0.9703504043126685,0.9703504043126685,0.7958333333333333,0.9424083769633508,1.0,0.7205445224658596,1.0,0.5631649831649832,0.7958333333333333,4,macro,2,1,0.8166666666666667,0.8990825688073394,1.0,0.8166666666666667,0,3,1.0,0.6666666666666666,3,1,0.0,0.7,1.0,0.8080913195931271,1.0,"{""background_inner_edge"": 6.0, ""background_intensity"": 3.0, ""background_size"": 900, ""background_strip_height"": 10.0, ""background_support_area"": 300.0, ""controlled_factor"": ""global_background_support_at_fixed_local_intensity"", ""declared_noise_fraction"": 0.75, ""dimension"": 2, ""family"": ""global_contamination_invariance"", ""n"": 1200, ""n_targets"": 3, ""paired_background"": ""seeded_prefix"", ""realized_noise_fraction"": 0.75, ""signal_size"": 300}","{""ambiguous_model_confirmation_tolerance"": 1e-05, ""assignment"": ""maximum_posterior_basis_then_semantic_role"", ""background_model"": ""adaptive_gamma_basis_mixture_with_largest_rate_gap"", ""background_scan"": ""adaptive_dyadic_rank_windows_with_poisson_beta_boundary_code"", ""border_rule"": ""strict_local_core_radius"", ""component_initialization"": ""compiled_split_warm_single_start_with_guarded_confirmation"", ""component_selection"": ""semantic_icl_with_adaptive_bound"", ""connectivity"": ""density_ordered_non_merging_knn_watershed"", ""core_thresholds"": ""observed_d4_event_sweep"", ""duplicate_profile_confirmation_minimum"": 3, ""duplicate_profile_confirmation_tolerance"": 1e-08, ""extraction_objective"": ""gamma_topology_description_length"", ""fit_samples"": ""all_rows"", ""gamma_tolerance"": 0.0001, ""geometry_profile"": ""low_dim"", ""hard_component_bound"": 24, ""initial_component_bound"": 8, ""k"": 32, ""knn_backend"": ""kd_tree"", ""shell_ranks"": [4, 8, 16, 32], ""stratification_model"": ""adaptive_gamma_density_basis_with_semantic_background"", ""version"": ""0.2.3""}"
ok,synthetic,global_contamination_noise75__quality__signal300__n1200,StrataSCAN,227,0.2.4,1200,2,0.0019287000031908974,0.47500610000861343,5.3570051999995485,216.171875,33.57421875,216.59765625,,0.811430272528229,0.8327376125692421,0,0,1.0,known_synthetic_noise,0.9466666666666667,0.9630973614613445,1.0,3,3,0.1,0.9,full_partition,target-discovery-v1,0,0.05,0.8933333333333334,0.9435378528515783,0.10666666666666667,1.0,3,pairwise_f1,hungarian,1.0,0,3,0.9626405599290477,0.982532751091703,0.982532751091703,0.7766666666666666,0.9656652360515021,1.0,0.8873487431161727,1.0,0.7975084175084175,0.7766666666666666,3,macro,3,3,0.8933333333333333,0.9436619718309859,1.0,0.8933333333333333,0,3,1.0,1.0,3,0,0.0,0.8933333333333333,1.0,0.9435378528515783,1.0,"{""background_inner_edge"": 6.0, ""background_intensity"": 3.0, ""background_size"": 900, ""background_strip_height"": 10.0, ""background_support_area"": 300.0, ""controlled_factor"": ""global_background_support_at_fixed_local_intensity"", ""declared_noise_fraction"": 0.75, ""dimension"": 2, ""family"": ""global_contamination_invariance"", ""n"": 1200, ""n_targets"": 3, ""paired_background"": ""seeded_prefix"", ""realized_noise_fraction"": 0.75, ""signal_size"": 300}","{""ambiguous_model_confirmation_tolerance"": 1e-05, ""assignment"": ""maximum_posterior_basis_then_semantic_role"", ""background_model"": ""adaptive_gamma_basis_mixture_with_largest_rate_gap"", ""background_scan"": ""adaptive_dyadic_rank_windows_with_poisson_beta_boundary_code"", ""border_rule"": ""strict_local_core_radius"", ""component_initialization"": ""compiled_split_warm_single_start_with_guarded_confirmation"", ""component_selection"": ""semantic_icl_with_adaptive_bound"", ""connectivity"": ""density_ordered_non_merging_knn_watershed"", ""core_thresholds"": ""observed_d4_event_sweep"", ""duplicate_profile_confirmation_minimum"": 3, ""duplicate_profile_confirmation_tolerance"": 1e-08, ""extraction_objective"": ""gamma_topology_description_length"", ""fit_samples"": ""all_rows"", ""gamma_tolerance"": 0.0001, ""geometry_profile"": ""low_dim"", ""hard_component_bound"": 24, ""initial_component_bound"": 8, ""k"": 32, ""knn_backend"": ""kd_tree"", ""shell_ranks"": [4, 8, 16, 32], ""stratification_model"": ""adaptive_gamma_density_basis_with_semantic_background"", ""version"": ""0.2.3""}"
ok,synthetic,global_contamination_noise75__quality__signal300__n1200,StrataSCAN,229,0.2.4,1200,2,0.0016592999891145155,0.5710228999960236,5.554786699998658,216.08984375,34.23828125,217.26171875,,0.6006785589242045,0.4827656363010802,0,0,1.0,known_synthetic_noise,0.8283333333333334,0.8693157367748265,1.0,3,3,0.1,0.9,full_partition,target-discovery-v1,0,0.05,0.6566666666666667,0.7874896729398367,0.3433333333333333,1.0,3,pairwise_f1,hungarian,1.0,0,3,0.8594461194694603,0.9458749343142406,0.9458749343142406,0.8358333333333333,0.8973080757726819,1.0,0.6124737210932025,1.0,0.4414141414141414,0.8358333333333333,3,macro,1,0,0.6566666666666666,0.7927565392354123,1.0,0.6566666666666666,0,3,1.0,0.3333333333333333,3,0,0.0,0.6566666666666666,1.0,0.7874896729398367,1.0,"{""background_inner_edge"": 6.0, ""background_intensity"": 3.0, ""background_size"": 900, ""background_strip_height"": 10.0, ""background_support_area"": 300.0, ""controlled_factor"": ""global_background_support_at_fixed_local_intensity"", ""declared_noise_fraction"": 0.75, ""dimension"": 2, ""family"": ""global_contamination_invariance"", ""n"": 1200, ""n_targets"": 3, ""paired_background"": ""seeded_prefix"", ""realized_noise_fraction"": 0.75, ""signal_size"": 300}","{""ambiguous_model_confirmation_tolerance"": 1e-05, ""assignment"": ""maximum_posterior_basis_then_semantic_role"", ""background_model"": ""adaptive_gamma_basis_mixture_with_largest_rate_gap"", ""background_scan"": ""adaptive_dyadic_rank_windows_with_poisson_beta_boundary_code"", ""border_rule"": ""strict_local_core_radius"", ""component_initialization"": ""compiled_split_warm_single_start_with_guarded_confirmation"", ""component_selection"": ""semantic_icl_with_adaptive_bound"", ""connectivity"": ""density_ordered_non_merging_knn_watershed"", ""core_thresholds"": ""observed_d4_event_sweep"", ""duplicate_profile_confirmation_minimum"": 3, ""duplicate_profile_confirmation_tolerance"": 1e-08, ""extraction_objective"": ""gamma_topology_description_length"", ""fit_samples"": ""all_rows"", ""gamma_tolerance"": 0.0001, ""geometry_profile"": ""low_dim"", ""hard_component_bound"": 24, ""initial_component_bound"": 8, ""k"": 32, ""knn_backend"": ""kd_tree"", ""shell_ranks"": [4, 8, 16, 32], ""stratification_model"": ""adaptive_gamma_density_basis_with_semantic_background"", ""version"": ""0.2.3""}"
ok,synthetic,global_contamination_noise75__quality__signal300__n1200,StrataSCAN,233,0.2.4,1200,2,0.002019000006839633,0.5936939999955939,5.613380499999039,216.4765625,34.52734375,216.90234375,,0.7796813263477352,0.7868959738889391,0,0,1.0,known_synthetic_noise,0.9316666666666666,0.9521921177239949,1.0,3,3,0.1,0.9,full_partition,target-discovery-v1,0,0.05,0.8633333333333333,0.9261170511170511,0.1366666666666667,1.0,3,pairwise_f1,hungarian,1.0,0,3,0.9512236776374142,0.977729494839761,0.977729494839761,0.7841666666666667,0.9564293304994687,1.0,0.8544760288502333,1.0,0.7459259259259259,0.7841666666666667,3,macro,3,3,0.8633333333333333,0.9266547406082289,1.0,0.8633333333333333,0,3,1.0,1.0,3,0,0.0,0.8633333333333333,1.0,0.9261170511170511,1.0,"{""background_inner_edge"": 6.0, ""background_intensity"": 3.0, ""background_size"": 900, ""background_strip_height"": 10.0, ""background_support_area"": 300.0, ""controlled_factor"": ""global_background_support_at_fixed_local_intensity"", ""declared_noise_fraction"": 0.75, ""dimension"": 2, ""family"": ""global_contamination_invariance"", ""n"": 1200, ""n_targets"": 3, ""paired_background"": ""seeded_prefix"", ""realized_noise_fraction"": 0.75, ""signal_size"": 300}","{""ambiguous_model_confirmation_tolerance"": 1e-05, ""assignment"": ""maximum_posterior_basis_then_semantic_role"", ""background_model"": ""adaptive_gamma_basis_mixture_with_largest_rate_gap"", ""background_scan"": ""adaptive_dyadic_rank_windows_with_poisson_beta_boundary_code"", ""border_rule"": ""strict_local_core_radius"", ""component_initialization"": ""compiled_split_warm_single_start_with_guarded_confirmation"", ""component_selection"": ""semantic_icl_with_adaptive_bound"", ""connectivity"": ""density_ordered_non_merging_knn_watershed"", ""core_thresholds"": ""observed_d4_event_sweep"", ""duplicate_profile_confirmation_minimum"": 3, ""duplicate_profile_confirmation_tolerance"": 1e-08, ""extraction_objective"": ""gamma_topology_description_length"", ""fit_samples"": ""all_rows"", ""gamma_tolerance"": 0.0001, ""geometry_profile"": ""low_dim"", ""hard_component_bound"": 24, ""initial_component_bound"": 8, ""k"": 32, ""knn_backend"": ""kd_tree"", ""shell_ranks"": [4, 8, 16, 32], ""stratification_model"": ""adaptive_gamma_density_basis_with_semantic_background"", ""version"": ""0.2.3""}"
ok,synthetic,global_contamination_noise75__quality__signal300__n1200,VDBSCAN-2007,211,0.2.4,1200,2,0.0018191999988630414,0.029093599994666874,4.745395500009181,183.375,1.38671875,183.78515625,,0.8403177665144367,0.8596556265066737,35,35,0.09333333333333334,known_synthetic_noise,0.5316666666666666,0.29141517273365586,13.666666666666666,6,3,0.1,0.9,full_partition,target-discovery-v1,3,0.05,0.9033333333333333,0.9485785953177258,0.03,1.0,3,pairwise_f1,hungarian,2.0,0,41,0.2871532026879369,0.1691842900302115,0.1691842900302115,0.0775,0.9032258064516129,0.09333333333333334,0.3936352193138172,0.2588504966465744,0.8212794612794613,0.0775,41,macro,3,3,0.97,0.4136460554371002,0.26287262872628725,0.97,35,3,1.0,1.0,3,38,0.0,0.9033333333333333,1.0,0.9485785953177257,1.0,"{""background_inner_edge"": 6.0, ""background_intensity"": 3.0, ""background_size"": 900, ""background_strip_height"": 10.0, ""background_support_area"": 300.0, ""controlled_factor"": ""global_background_support_at_fixed_local_intensity"", ""declared_noise_fraction"": 0.75, ""dimension"": 2, ""family"": ""global_contamination_invariance"", ""n"": 1200, ""n_targets"": 3, ""paired_background"": ""seeded_prefix"", ""realized_noise_fraction"": 0.75, ""signal_size"": 300}","{""eps_values"": [0.32511812448501587, 0.7332755923271179, 0.8450344204902649], ""geometry_profile"": ""low_dim"", ""knee_prominence"": 0.03, ""knn_backend"": ""kd_tree"", ""max_eps_values"": 3, ""min_samples"": 5}"
ok,synthetic,global_contamination_noise75__quality__signal300__n1200,VDBSCAN-2007,223,0.2.4,1200,2,0.0018998000014107674,0.0265567999886116,4.790196799993282,183.0,1.47265625,183.45703125,,0.7971447261740591,0.8058506887395505,7,7,0.03222222222222222,known_synthetic_noise,0.4911111111111111,0.2264620972248091,4.333333333333333,6,3,0.1,0.9,full_partition,target-discovery-v1,3,0.05,0.8666666666666667,0.9282806594438737,0.049999999999999996,1.0,3,pairwise_f1,hungarian,2.0,0,13,0.1152530331584154,0.06144067796610169,0.06144067796610169,0.03666666666666667,0.6590909090909091,0.03222222222222222,0.11080313316955252,0.05977149473885492,0.7577777777777778,0.03666666666666667,13,macro,3,3,0.95,0.3914835164835165,0.24653979238754326,0.95,7,3,1.0,1.0,3,10,0.0,0.8666666666666667,1.0,0.9282806594438737,1.0,"{""background_inner_edge"": 6.0, ""background_intensity"": 3.0, ""background_size"": 900, ""background_strip_height"": 10.0, ""background_support_area"": 300.0, ""controlled_factor"": ""global_background_support_at_fixed_local_intensity"", ""declared_noise_fraction"": 0.75, ""dimension"": 2, ""family"": ""global_contamination_invariance"", ""n"": 1200, ""n_targets"": 3, ""paired_background"": ""seeded_prefix"", ""realized_noise_fraction"": 0.75, ""signal_size"": 300}","{""eps_values"": [0.3195790946483612, 0.8352223038673401], ""geometry_profile"": ""low_dim"", ""knee_prominence"": 0.03, ""knn_backend"": ""kd_tree"", ""max_eps_values"": 3, ""min_samples"": 5}"
ok,synthetic,global_contamination_noise75__quality__signal300__n1200,VDBSCAN-2007,227,0.2.4,1200,2,0.0019595000048866495,0.0312701999937417,4.740032500005327,183.578125,1.32421875,184.0390625,,0.7801325750391911,0.7977178181238719,39,39,0.10777777777777778,known_synthetic_noise,0.5288888888888889,0.3011812144752879,15.666666666666666,8,3,0.1,0.9,full_partition,target-discovery-v1,5,0.05,0.8633333333333333,0.9266271619212795,0.05000000000000001,1.0,3,pairwise_f1,hungarian,2.6666666666666665,0,47,0.31767827790502384,0.19169960474308304,0.19169960474308304,0.09333333333333334,0.8660714285714286,0.10777777777777778,0.42992065028062704,0.3016567083107007,0.7479461279461279,0.09333333333333334,47,macro,3,3,0.95,0.4106628242074928,0.2619485294117647,0.95,39,3,1.0,1.0,3,44,0.0,0.8633333333333333,1.0,0.9266271619212796,1.0,"{""background_inner_edge"": 6.0, ""background_intensity"": 3.0, ""background_size"": 900, ""background_strip_height"": 10.0, ""background_support_area"": 300.0, ""controlled_factor"": ""global_background_support_at_fixed_local_intensity"", ""declared_noise_fraction"": 0.75, ""dimension"": 2, ""family"": ""global_contamination_invariance"", ""n"": 1200, ""n_targets"": 3, ""paired_background"": ""seeded_prefix"", ""realized_noise_fraction"": 0.75, ""signal_size"": 300}","{""eps_values"": [0.3181476294994354, 0.7280866503715515, 0.8591227531433105], ""geometry_profile"": ""low_dim"", ""knee_prominence"": 0.03, ""knn_backend"": ""kd_tree"", ""max_eps_values"": 3, ""min_samples"": 5}"
ok,synthetic,global_contamination_noise75__quality__signal300__n1200,VDBSCAN-2007,229,0.2.4,1200,2,0.0016145999979926273,0.030038100012461655,4.8093991999921855,183.4765625,1.32421875,183.875,,0.7179680621881869,0.7026684340321957,13,13,0.051111111111111114,known_synthetic_noise,0.4938888888888889,0.2434872091133939,7.333333333333333,9,3,0.1,0.9,full_partition,target-discovery-v1,6,0.05,0.7933333333333333,0.8837811276265531,0.06333333333333334,1.0,3,pairwise_f1,hungarian,3.0,0,22,0.17210767428725676,0.09533678756476685,0.09533678756476685,0.05416666666666667,0.7076923076923077,0.051111111111111114,0.10843126303671367,0.05922822134781093,0.6406060606060606,0.05416666666666667,22,macro,3,1,0.9366666666666666,0.3916376306620209,0.2475770925110132,0.9366666666666666,13,3,1.0,1.0,3,19,0.0,0.7933333333333333,1.0,0.8837811276265533,1.0,"{""background_inner_edge"": 6.0, ""background_intensity"": 3.0, ""background_size"": 900, ""background_strip_height"": 10.0, ""background_support_area"": 300.0, ""controlled_factor"": ""global_background_support_at_fixed_local_intensity"", ""declared_noise_fraction"": 0.75, ""dimension"": 2, ""family"": ""global_contamination_invariance"", ""n"": 1200, ""n_targets"": 3, ""paired_background"": ""seeded_prefix"", ""realized_noise_fraction"": 0.75, ""signal_size"": 300}","{""eps_values"": [0.3108285665512085, 0.8370675444602966], ""geometry_profile"": ""low_dim"", ""knee_prominence"": 0.03, ""knn_backend"": ""kd_tree"", ""max_eps_values"": 3, ""min_samples"": 5}"
ok,synthetic,global_contamination_noise75__quality__signal300__n1200,VDBSCAN-2007,233,0.2.4,1200,2,0.0016448999958811328,0.0315448000037577,4.8063650999974925,183.23828125,1.34375,183.65234375,,0.7889167282135627,0.8093768944622645,38,38,0.07777777777777778,known_synthetic_noise,0.4955555555555555,0.26543781965468716,14.333333333333334,5,3,0.1,0.9,full_partition,target-discovery-v1,2,0.05,0.8733333333333334,0.9317199664805558,0.08666666666666667,1.0,3,pairwise_f1,hungarian,1.6666666666666667,0,43,0.2442727334888546,0.1405622489959839,0.1405622489959839,0.08,0.7291666666666666,0.07777777777777778,0.4016386205922342,0.2721920398248091,0.7658585858585859,0.08,43,macro,3,2,0.9133333333333333,0.39031339031339035,0.24818840579710144,0.9133333333333333,38,3,1.0,1.0,3,40,0.0,0.8733333333333333,1.0,0.9317199664805558,1.0,"{""background_inner_edge"": 6.0, ""background_intensity"": 3.0, ""background_size"": 900, ""background_strip_height"": 10.0, ""background_support_area"": 300.0, ""controlled_factor"": ""global_background_support_at_fixed_local_intensity"", ""declared_noise_fraction"": 0.75, ""dimension"": 2, ""family"": ""global_contamination_invariance"", ""n"": 1200, ""n_targets"": 3, ""paired_background"": ""seeded_prefix"", ""realized_noise_fraction"": 0.75, ""signal_size"": 300}","{""eps_values"": [0.3130854666233063, 0.7195731997489929, 0.8264700770378113], ""geometry_profile"": ""low_dim"", ""knee_prominence"": 0.03, ""knn_backend"": ""kd_tree"", ""max_eps_values"": 3, ""min_samples"": 5}"
ok,synthetic,global_contamination_noise75__quality__signal300__n1200,kNN+Leiden,211,0.2.4,1200,2,0.002068000001600012,0.05749090001336299,6.2868732000060845,217.8203125,5.55859375,218.08203125,,1.0,1.0,8,8,0.0,known_synthetic_noise,0.5,0.2,3.6666666666666665,3,3,0.1,0.9,full_partition,target-discovery-v1,0,0.05,1.0,1.0,0.0,1.0,3,pairwise_f1,hungarian,1.0,0,11,0.0,0.0,0.0,0.0,0.0,0.0,0.3586350134035308,0.2184980283679595,1.0,0.0,11,macro,3,3,1.0,0.4,0.25,1.0,8,3,1.0,1.0,3,8,0.0,1.0,1.0,1.0,1.0,"{""background_inner_edge"": 6.0, ""background_intensity"": 3.0, ""background_size"": 900, ""background_strip_height"": 10.0, ""background_support_area"": 300.0, ""controlled_factor"": ""global_background_support_at_fixed_local_intensity"", ""declared_noise_fraction"": 0.75, ""dimension"": 2, ""family"": ""global_contamination_invariance"", ""n"": 1200, ""n_targets"": 3, ""paired_background"": ""seeded_prefix"", ""realized_noise_fraction"": 0.75, ""signal_size"": 300}","{""edge_rank"": 15, ""geometry_profile"": ""low_dim"", ""k"": 20, ""knn_backend"": ""kd_tree"", ""resolution"": 0.5, ""symmetrization"": ""union"", ""weights"": ""1/(1+d)""}"
ok,synthetic,global_contamination_noise75__quality__signal300__n1200,kNN+Leiden,223,0.2.4,1200,2,0.0020748999959323555,0.05044080001243856,6.18619619999663,217.859375,5.40625,218.109375,,1.0,1.0,6,6,0.0,known_synthetic_noise,0.5,0.2,3.0,3,3,0.1,0.9,full_partition,target-discovery-v1,0,0.05,1.0,1.0,0.0,1.0,3,pairwise_f1,hungarian,1.0,0,9,0.0,0.0,0.0,0.0,0.0,0.0,0.30445300967689026,0.17956034920558148,1.0,0.0,9,macro,3,3,1.0,0.4,0.25,1.0,6,3,1.0,1.0,3,6,0.0,1.0,1.0,1.0,1.0,"{""background_inner_edge"": 6.0, ""background_intensity"": 3.0, ""background_size"": 900, ""background_strip_height"": 10.0, ""background_support_area"": 300.0, ""controlled_factor"": ""global_background_support_at_fixed_local_intensity"", ""declared_noise_fraction"": 0.75, ""dimension"": 2, ""family"": ""global_contamination_invariance"", ""n"": 1200, ""n_targets"": 3, ""paired_background"": ""seeded_prefix"", ""realized_noise_fraction"": 0.75, ""signal_size"": 300}","{""edge_rank"": 15, ""geometry_profile"": ""low_dim"", ""k"": 20, ""knn_backend"": ""kd_tree"", ""resolution"": 0.5, ""symmetrization"": ""union"", ""weights"": ""1/(1+d)""}"
ok,synthetic,global_contamination_noise75__quality__signal300__n1200,kNN+Leiden,227,0.2.4,1200,2,0.0017511000041849911,0.04869389999657869,6.174082099998486,217.96484375,5.55078125,218.22265625,,1.0,1.0,6,6,0.0,known_synthetic_noise,0.5,0.2,3.0,3,3,0.1,0.9,full_partition,target-discovery-v1,0,0.05,1.0,1.0,0.0,1.0,3,pairwise_f1,hungarian,1.0,0,9,0.0,0.0,0.0,0.0,0.0,0.0,0.2592844795977162,0.14895281656234954,1.0,0.0,9,macro,3,3,1.0,0.4,0.25,1.0,6,3,1.0,1.0,3,6,0.0,1.0,1.0,1.0,1.0,"{""background_inner_edge"": 6.0, ""background_intensity"": 3.0, ""background_size"": 900, ""background_strip_height"": 10.0, ""background_support_area"": 300.0, ""controlled_factor"": ""global_background_support_at_fixed_local_intensity"", ""declared_noise_fraction"": 0.75, ""dimension"": 2, ""family"": ""global_contamination_invariance"", ""n"": 1200, ""n_targets"": 3, ""paired_background"": ""seeded_prefix"", ""realized_noise_fraction"": 0.75, ""signal_size"": 300}","{""edge_rank"": 15, ""geometry_profile"": ""low_dim"", ""k"": 20, ""knn_backend"": ""kd_tree"", ""resolution"": 0.5, ""symmetrization"": ""union"", ""weights"": ""1/(1+d)""}"
ok,synthetic,global_contamination_noise75__quality__signal300__n1200,kNN+Leiden,229,0.2.4,1200,2,0.0019343000021763146,0.04657239999505691,5.907755100008217,217.3984375,5.359375,217.64453125,,1.0,1.0,7,7,0.0,known_synthetic_noise,0.5,0.2,3.3333333333333335,3,3,0.1,0.9,full_partition,target-discovery-v1,0,0.05,1.0,1.0,0.0,1.0,3,pairwise_f1,hungarian,1.0,0,10,0.0,0.0,0.0,0.0,0.0,0.0,0.3330791315270052,0.19981700261040394,1.0,0.0,10,macro,3,3,1.0,0.4,0.25,1.0,7,3,1.0,1.0,3,7,0.0,1.0,1.0,1.0,1.0,"{""background_inner_edge"": 6.0, ""background_intensity"": 3.0, ""background_size"": 900, ""background_strip_height"": 10.0, ""background_support_area"": 300.0, ""controlled_factor"": ""global_background_support_at_fixed_local_intensity"", ""declared_noise_fraction"": 0.75, ""dimension"": 2, ""family"": ""global_contamination_invariance"", ""n"": 1200, ""n_targets"": 3, ""paired_background"": ""seeded_prefix"", ""realized_noise_fraction"": 0.75, ""signal_size"": 300}","{""edge_rank"": 15, ""geometry_profile"": ""low_dim"", ""k"": 20, ""knn_backend"": ""kd_tree"", ""resolution"": 0.5, ""symmetrization"": ""union"", ""weights"": ""1/(1+d)""}"
ok,synthetic,global_contamination_noise75__quality__signal300__n1200,kNN+Leiden,233,0.2.4,1200,2,0.0018363999988650903,0.057672199996886775,5.79170860000886,217.82421875,5.5078125,218.0703125,,1.0,1.0,6,6,0.0,known_synthetic_noise,0.5,0.2,3.0,3,3,0.1,0.9,full_partition,target-discovery-v1,0,0.05,1.0,1.0,0.0,1.0,3,pairwise_f1,hungarian,1.0,0,9,0.0,0.0,0.0,0.0,0.0,0.0,0.29112794926335805,0.1703626372365689,1.0,0.0,9,macro,3,3,1.0,0.4,0.25,1.0,6,3,1.0,1.0,3,6,0.0,1.0,1.0,1.0,1.0,"{""background_inner_edge"": 6.0, ""background_intensity"": 3.0, ""background_size"": 900, ""background_strip_height"": 10.0, ""background_support_area"": 300.0, ""controlled_factor"": ""global_background_support_at_fixed_local_intensity"", ""declared_noise_fraction"": 0.75, ""dimension"": 2, ""family"": ""global_contamination_invariance"", ""n"": 1200, ""n_targets"": 3, ""paired_background"": ""seeded_prefix"", ""realized_noise_fraction"": 0.75, ""signal_size"": 300}","{""edge_rank"": 15, ""geometry_profile"": ""low_dim"", ""k"": 20, ""knn_backend"": ""kd_tree"", ""resolution"": 0.5, ""symmetrization"": ""union"", ""weights"": ""1/(1+d)""}"
ok,synthetic,global_contamination_noise75__quality__signal300__n1200,kNN-DBSCAN,211,0.2.4,1200,2,0.00181940000038594,0.008100999999442138,4.907878600002732,182.7578125,0.796875,183.23828125,,0.8456322938109336,0.8582413738284372,11,11,0.9255555555555556,known_synthetic_noise,0.9394444444444445,0.9147959617493476,5.0,4,3,0.1,0.9,full_partition,target-discovery-v1,1,0.05,0.8966666666666666,0.9430092173408616,0.04666666666666666,1.0,3,pairwise_f1,hungarian,1.3333333333333333,0,15,0.9482922460259142,0.9536348025186034,0.9536348025186034,0.7058333333333333,0.9834710743801653,0.9255555555555556,0.8955684574116263,0.9856033646069233,0.8206060606060606,0.7058333333333333,15,macro,3,2,0.9533333333333334,0.8759571209800918,0.8101983002832861,0.9533333333333334,11,3,1.0,1.0,3,12,0.0,0.8966666666666666,1.0,0.9430092173408616,1.0,"{""background_inner_edge"": 6.0, ""background_intensity"": 3.0, ""background_size"": 900, ""background_strip_height"": 10.0, ""background_support_area"": 300.0, ""controlled_factor"": ""global_background_support_at_fixed_local_intensity"", ""declared_noise_fraction"": 0.75, ""dimension"": 2, ""family"": ""global_contamination_invariance"", ""n"": 1200, ""n_targets"": 3, ""paired_background"": ""seeded_prefix"", ""realized_noise_fraction"": 0.75, ""signal_size"": 300}","{""eps"": 0.40579578280448914, ""eps_quantile"": 0.25, ""geometry_profile"": ""low_dim"", ""k"": 4, ""knn_backend"": ""kd_tree"", ""min_samples"": 5}"
ok,synthetic,global_contamination_noise75__quality__signal300__n1200,kNN-DBSCAN,223,0.2.4,1200,2,0.0022293999936664477,0.010028000004240312,5.0627346000110265,182.51171875,0.78125,182.9921875,,0.8890719536972249,0.9196569961396869,21,21,0.87,known_synthetic_noise,0.9166666666666667,0.8715680405095805,8.333333333333334,4,3,0.1,0.9,full_partition,target-discovery-v1,1,0.05,0.9466666666666667,0.9724879604321228,0.03666666666666667,1.0,3,pairwise_f1,hungarian,1.3333333333333333,0,25,0.9478550462992185,0.9244391971664699,0.9244391971664699,0.6616666666666666,0.9861460957178841,0.87,0.9360700101922469,0.9789752260530765,0.8967676767676768,0.6616666666666666,25,macro,3,3,0.9633333333333334,0.8186968838526911,0.7118226600985221,0.9633333333333334,21,3,1.0,1.0,3,22,0.0,0.9466666666666667,1.0,0.9724879604321228,1.0,"{""background_inner_edge"": 6.0, ""background_intensity"": 3.0, ""background_size"": 900, ""background_strip_height"": 10.0, ""background_support_area"": 300.0, ""controlled_factor"": ""global_background_support_at_fixed_local_intensity"", ""declared_noise_fraction"": 0.75, ""dimension"": 2, ""family"": ""global_contamination_invariance"", ""n"": 1200, ""n_targets"": 3, ""paired_background"": ""seeded_prefix"", ""realized_noise_fraction"": 0.75, ""signal_size"": 300}","{""eps"": 0.4190291166305542, ""eps_quantile"": 0.25, ""geometry_profile"": ""low_dim"", ""k"": 4, ""knn_backend"": ""kd_tree"", ""min_samples"": 5}"
ok,synthetic,global_contamination_noise75__quality__signal300__n1200,kNN-DBSCAN,227,0.2.4,1200,2,0.0030027000029804185,0.015800199995283037,5.039305300000706,183.01171875,0.796875,183.49609375,,0.8500783077954975,0.8702382783095004,13,13,0.9133333333333333,known_synthetic_noise,0.9333333333333333,0.9042251957137304,5.666666666666667,4,3,0.1,0.9,full_partition,target-discovery-v1,1,0.05,0.91,0.9519226089399199,0.04666666666666667,1.0,3,pairwise_f1,hungarian,1.3333333333333333,0,17,0.949457240092575,0.9470046082949308,0.9470046082949308,0.6966666666666667,0.9832535885167464,0.9133333333333333,0.9031506948992214,0.9822728711617601,0.8358249158249158,0.6966666666666667,17,macro,3,3,0.9533333333333334,0.8614457831325301,0.7857142857142857,0.9533333333333334,13,3,1.0,1.0,3,14,0.0,0.91,1.0,0.9519226089399198,1.0,"{""background_inner_edge"": 6.0, ""background_intensity"": 3.0, ""background_size"": 900, ""background_strip_height"": 10.0, ""background_support_area"": 300.0, ""controlled_factor"": ""global_background_support_at_fixed_local_intensity"", ""declared_noise_fraction"": 0.75, ""dimension"": 2, ""family"": ""global_contamination_invariance"", ""n"": 1200, ""n_targets"": 3, ""paired_background"": ""seeded_prefix"", ""realized_noise_fraction"": 0.75, ""signal_size"": 300}","{""eps"": 0.38001978397369385, ""eps_quantile"": 0.25, ""geometry_profile"": ""low_dim"", ""k"": 4, ""knn_backend"": ""kd_tree"", ""min_samples"": 5}"
ok,synthetic,global_contamination_noise75__quality__signal300__n1200,kNN-DBSCAN,229,0.2.4,1200,2,0.0021209999977145344,0.010769200001959689,4.972260599999572,183.06640625,0.79296875,183.546875,,0.8609794399849586,0.8899002443812347,15,15,0.9077777777777778,known_synthetic_noise,0.9288888888888889,0.8983557135152328,6.333333333333333,4,3,0.1,0.9,full_partition,target-discovery-v1,1,0.05,0.9266666666666667,0.9617071161606074,0.05000000000000001,1.0,3,pairwise_f1,hungarian,1.3333333333333333,0,19,0.9524747777925824,0.9434180138568129,0.9434180138568129,0.6933333333333334,0.9819711538461539,0.9077777777777778,0.9185030736599922,0.9851931826945323,0.8602693602693603,0.6933333333333334,19,macro,3,3,0.95,0.8532934131736527,0.7744565217391305,0.95,15,3,1.0,1.0,3,16,0.0,0.9266666666666666,1.0,0.9617071161606073,1.0,"{""background_inner_edge"": 6.0, ""background_intensity"": 3.0, ""background_size"": 900, ""background_strip_height"": 10.0, ""background_support_area"": 300.0, ""controlled_factor"": ""global_background_support_at_fixed_local_intensity"", ""declared_noise_fraction"": 0.75, ""dimension"": 2, ""family"": ""global_contamination_invariance"", ""n"": 1200, ""n_targets"": 3, ""paired_background"": ""seeded_prefix"", ""realized_noise_fraction"": 0.75, ""signal_size"": 300}","{""eps"": 0.3850730061531067, ""eps_quantile"": 0.25, ""geometry_profile"": ""low_dim"", ""k"": 4, ""knn_backend"": ""kd_tree"", ""min_samples"": 5}"
ok,synthetic,global_contamination_noise75__quality__signal300__n1200,kNN-DBSCAN,233,0.2.4,1200,2,0.0020337000023573637,0.009827000001678243,5.258685900000273,182.73828125,0.79296875,183.234375,,0.8563770429095873,0.884203283457739,17,17,0.8855555555555555,known_synthetic_noise,0.9127777777777777,0.8764018641867592,7.0,4,3,0.1,0.9,full_partition,target-discovery-v1,1,0.05,0.9233333333333333,0.9600202429149798,0.060000000000000005,1.0,3,pairwise_f1,hungarian,1.3333333333333333,0,21,0.9444857872726939,0.9294460641399417,0.9294460641399417,0.6791666666666667,0.9779141104294479,0.8855555555555555,0.9114197308771678,0.978522867737948,0.852929292929293,0.6791666666666667,21,macro,3,3,0.94,0.8233576642335767,0.7324675324675325,0.94,17,3,1.0,1.0,3,18,0.0,0.9233333333333333,1.0,0.9600202429149799,1.0,"{""background_inner_edge"": 6.0, ""background_intensity"": 3.0, ""background_size"": 900, ""background_strip_height"": 10.0, ""background_support_area"": 300.0, ""controlled_factor"": ""global_background_support_at_fixed_local_intensity"", ""declared_noise_fraction"": 0.75, ""dimension"": 2, ""family"": ""global_contamination_invariance"", ""n"": 1200, ""n_targets"": 3, ""paired_background"": ""seeded_prefix"", ""realized_noise_fraction"": 0.75, ""signal_size"": 300}","{""eps"": 0.3904557526111603, ""eps_quantile"": 0.25, ""geometry_profile"": ""low_dim"", ""k"": 4, ""knn_backend"": ""kd_tree"", ""min_samples"": 5}"
ok,synthetic,global_contamination_noise90__quality__signal300__n3000,AMD-DBSCAN,211,0.2.4,3000,2,0.002070499991532415,0.18887919999542646,4.943542699998943,319.3125,137.44921875,319.3125,,1.0,1.0,15,15,0.017037037037037038,known_synthetic_noise,0.5085185185185185,0.10894586124265904,6.0,3,3,0.1,0.9,full_partition,target-discovery-v1,0,0.05,1.0,1.0,0.0,1.0,3,pairwise_f1,hungarian,1.0,0,18,0.06483439041578577,0.03350327749453751,0.03350327749453751,0.015333333333333332,1.0,0.017037037037037038,0.018015231058986236,0.009089490162233628,1.0,0.015333333333333332,18,macro,3,3,1.0,0.18438844499078055,0.1015572105619499,1.0,15,3,1.0,1.0,3,15,0.0,1.0,1.0,1.0,1.0,"{""background_inner_edge"": 6.0, ""background_intensity"": 3.0, ""background_size"": 2700, ""background_strip_height"": 10.0, ""background_support_area"": 900.0, ""controlled_factor"": ""global_background_support_at_fixed_local_intensity"", ""declared_noise_fraction"": 0.9, ""dimension"": 2, ""family"": ""global_contamination_invariance"", ""n"": 3000, ""n_targets"": 3, ""paired_background"": ""seeded_prefix"", ""realized_noise_fraction"": 0.9, ""signal_size"": 300}","{""adaptive_rank"": 27, ""balance_rounds"": 3, ""eps_values"": [0.8414952609678451, 1.7552435509981839, 2.014926381468206], ""geometry_profile"": ""low_dim"", ""knn_backend"": ""kd_tree"", ""n_density_levels"": 3}"
ok,synthetic,global_contamination_noise90__quality__signal300__n3000,AMD-DBSCAN,223,0.2.4,3000,2,0.0021081000013509765,0.19560759999149013,5.060049800013076,319.1796875,137.453125,319.1796875,,1.0,1.0,19,19,0.02185185185185185,known_synthetic_noise,0.5109259259259259,0.11394858307260444,7.333333333333333,3,3,0.1,0.9,full_partition,target-discovery-v1,0,0.05,1.0,1.0,0.0,1.0,3,pairwise_f1,hungarian,1.0,0,22,0.08202989224887035,0.04276911924610366,0.04276911924610366,0.019666666666666666,1.0,0.02185185185185185,0.025646317421966547,0.01298972805545083,1.0,0.019666666666666666,22,macro,3,3,1.0,0.18512804689910523,0.10200612036722204,1.0,19,3,1.0,1.0,3,19,0.0,1.0,1.0,1.0,1.0,"{""background_inner_edge"": 6.0, ""background_intensity"": 3.0, ""background_size"": 2700, ""background_strip_height"": 10.0, ""background_support_area"": 900.0, ""controlled_factor"": ""global_background_support_at_fixed_local_intensity"", ""declared_noise_fraction"": 0.9, ""dimension"": 2, ""family"": ""global_contamination_invariance"", ""n"": 3000, ""n_targets"": 3, ""paired_background"": ""seeded_prefix"", ""realized_noise_fraction"": 0.9, ""signal_size"": 300}","{""adaptive_rank"": 27, ""balance_rounds"": 3, ""eps_values"": [0.80462390126886, 1.7375851848768458, 2.0295970434011883], ""geometry_profile"": ""low_dim"", ""knn_backend"": ""kd_tree"", ""n_density_levels"": 3}"
ok,synthetic,global_contamination_noise90__quality__signal300__n3000,AMD-DBSCAN,227,0.2.4,3000,2,0.002075299998978153,0.1972826000128407,5.059467399987625,319.796875,137.44921875,319.796875,,0.9914959434433548,0.9950082639109167,51,51,0.03185185185185185,known_synthetic_noise,0.5142592592592593,0.12391699892491381,18.0,3,3,0.1,0.9,full_partition,target-discovery-v1,0,0.05,0.9966666666666667,0.9983249581239532,0.0033333333333333335,1.0,3,pairwise_f1,hungarian,1.0,0,54,0.11624415445395456,0.061715105848582696,0.061715105848582696,0.029,0.9885057471264368,0.03185185185185185,0.039945190789669655,0.020382417315175098,0.9933333333333333,0.029,54,macro,3,3,0.9966666666666667,0.18611889200124493,0.10264332303467216,0.9966666666666667,51,3,1.0,1.0,3,51,0.0,0.9966666666666667,1.0,0.9983249581239529,1.0,"{""background_inner_edge"": 6.0, ""background_intensity"": 3.0, ""background_size"": 2700, ""background_strip_height"": 10.0, ""background_support_area"": 900.0, ""controlled_factor"": ""global_background_support_at_fixed_local_intensity"", ""declared_noise_fraction"": 0.9, ""dimension"": 2, ""family"": ""global_contamination_invariance"", ""n"": 3000, ""n_targets"": 3, ""paired_background"": ""seeded_prefix"", ""realized_noise_fraction"": 0.9, ""signal_size"": 300}","{""adaptive_rank"": 27, ""balance_rounds"": 3, ""eps_values"": [0.7714339961851783, 1.7471825606545346, 2.029135334264001], ""geometry_profile"": ""low_dim"", ""knn_backend"": ""kd_tree"", ""n_density_levels"": 3}"
ok,synthetic,global_contamination_noise90__quality__signal300__n3000,AMD-DBSCAN,229,0.2.4,3000,2,0.0023348999966401607,0.19474919998901896,5.073071200007689,319.625,137.45703125,319.625,,0.9914959434433548,0.9950082639109167,18,18,0.024444444444444446,known_synthetic_noise,0.5105555555555555,0.11633630909829303,7.0,3,3,0.1,0.9,full_partition,target-discovery-v1,0,0.05,0.9966666666666667,0.9983249581239532,0.0033333333333333335,1.0,3,pairwise_f1,hungarian,1.0,0,21,0.09105892810844846,0.047705095771593785,0.047705095771593785,0.022333333333333334,0.9850746268656716,0.024444444444444446,0.021959323668908598,0.011102380339506591,0.9933333333333333,0.022333333333333334,21,macro,3,3,0.9966666666666667,0.18496752242499226,0.10194340265939311,0.9966666666666667,18,3,1.0,1.0,3,18,0.0,0.9966666666666667,1.0,0.9983249581239529,1.0,"{""background_inner_edge"": 6.0, ""background_intensity"": 3.0, ""background_size"": 2700, ""background_strip_height"": 10.0, ""background_support_area"": 900.0, ""controlled_factor"": ""global_background_support_at_fixed_local_intensity"", ""declared_noise_fraction"": 0.9, ""dimension"": 2, ""family"": ""global_contamination_invariance"", ""n"": 3000, ""n_targets"": 3, ""paired_background"": ""seeded_prefix"", ""realized_noise_fraction"": 0.9, ""signal_size"": 300}","{""adaptive_rank"": 27, ""balance_rounds"": 3, ""eps_values"": [0.8100073040925464, 1.75411663924678, 2.0289683342704987], ""geometry_profile"": ""low_dim"", ""knn_backend"": ""kd_tree"", ""n_density_levels"": 3}"
ok,synthetic,global_contamination_noise90__quality__signal300__n3000,AMD-DBSCAN,233,0.2.4,3000,2,0.0020173999946564436,0.19393040001159534,5.10680749999301,319.578125,137.44921875,319.578125,,0.9914959434433548,0.9950082639109167,35,35,0.027037037037037037,known_synthetic_noise,0.5118518518518519,0.11900022840734818,12.666666666666666,3,3,0.1,0.9,full_partition,target-discovery-v1,0,0.05,0.9966666666666667,0.9983249581239532,0.0033333333333333335,1.0,3,pairwise_f1,hungarian,1.0,0,38,0.09999161144199312,0.05263157894736842,0.05263157894736842,0.024666666666666667,0.9864864864864865,0.027037037037037037,0.05592287336886881,0.028771323469176786,0.9933333333333333,0.024666666666666667,38,macro,3,3,0.9966666666666667,0.18536887786732795,0.10218728639781272,0.9966666666666667,35,3,1.0,1.0,3,35,0.0,0.9966666666666667,1.0,0.9983249581239529,1.0,"{""background_inner_edge"": 6.0, ""background_intensity"": 3.0, ""background_size"": 2700, ""background_strip_height"": 10.0, ""background_support_area"": 900.0, ""controlled_factor"": ""global_background_support_at_fixed_local_intensity"", ""declared_noise_fraction"": 0.9, ""dimension"": 2, ""family"": ""global_contamination_invariance"", ""n"": 3000, ""n_targets"": 3, ""paired_background"": ""seeded_prefix"", ""realized_noise_fraction"": 0.9, ""signal_size"": 300}","{""adaptive_rank"": 27, ""balance_rounds"": 3, ""eps_values"": [0.7926248640042306, 1.7543411771253041, 2.04276216559913], ""geometry_profile"": ""low_dim"", ""knn_backend"": ""kd_tree"", ""n_density_levels"": 3}"
ok,synthetic,global_contamination_noise90__quality__signal300__n3000,DBSCAN,211,0.2.4,3000,2,0.002430699998512864,0.04745490000641439,4.902447400003439,183.75390625,1.65625,184.08203125,,0.9740051210129412,0.9849751463816282,174,174,0.34185185185185185,known_synthetic_noise,0.6659259259259259,0.379655776334077,59.0,3,3,0.1,0.9,full_partition,target-discovery-v1,0,0.05,0.9899999999999999,0.9949579547569497,0.01,1.0,3,pairwise_f1,hungarian,1.0,0,177,0.6735561090871949,0.5091009376723663,0.5091009376723663,0.30866666666666664,0.9967602591792657,0.34185185185185185,0.6979331511053566,0.5419273160560024,0.9800673400673401,0.30866666666666664,177,macro,3,3,0.99,0.25021061499578773,0.14320154291224688,0.99,174,3,1.0,1.0,3,174,0.0,0.99,1.0,0.9949579547569497,1.0,"{""background_inner_edge"": 6.0, ""background_intensity"": 3.0, ""background_size"": 2700, ""background_strip_height"": 10.0, ""background_support_area"": 900.0, ""controlled_factor"": ""global_background_support_at_fixed_local_intensity"", ""declared_noise_fraction"": 0.9, ""dimension"": 2, ""family"": ""global_contamination_invariance"", ""n"": 3000, ""n_targets"": 3, ""paired_background"": ""seeded_prefix"", ""realized_noise_fraction"": 0.9, ""signal_size"": 300}","{""base_eps"": 0.8434914946556091, ""eps"": 0.5904440462589263, ""eps_multiplier"": 0.7, ""geometry_profile"": ""low_dim"", ""knn_backend"": ""kd_tree"", ""min_samples"": 5}"
ok,synthetic,global_contamination_noise90__quality__signal300__n3000,DBSCAN,223,0.2.4,3000,2,0.0031464999919990078,0.04017029999522492,4.905517200008035,183.875,1.66015625,184.203125,,0.9851989977985108,0.9901010167892863,180,180,0.3277777777777778,known_synthetic_noise,0.6605555555555556,0.37022200280956546,61.0,3,3,0.1,0.9,full_partition,target-discovery-v1,0,0.05,0.9933333333333333,0.9966329966329966,0.006666666666666667,1.0,3,pairwise_f1,hungarian,1.0,0,183,0.6600808092516137,0.4934485642598272,0.4934485642598272,0.2956666666666667,0.9977452085682075,0.3277777777777778,0.6930262255539528,0.5340598461930969,0.9867340067340067,0.2956666666666667,183,macro,3,3,0.9933333333333333,0.24699544135930376,0.14103170847136773,0.9933333333333333,180,3,1.0,1.0,3,180,0.0,0.9933333333333333,1.0,0.9966329966329965,1.0,"{""background_inner_edge"": 6.0, ""background_intensity"": 3.0, ""background_size"": 2700, ""background_strip_height"": 10.0, ""background_support_area"": 900.0, ""controlled_factor"": ""global_background_support_at_fixed_local_intensity"", ""declared_noise_fraction"": 0.9, ""dimension"": 2, ""family"": ""global_contamination_invariance"", ""n"": 3000, ""n_targets"": 3, ""paired_background"": ""seeded_prefix"", ""realized_noise_fraction"": 0.9, ""signal_size"": 300}","{""base_eps"": 0.8497872352600098, ""eps"": 0.5948510646820068, ""eps_multiplier"": 0.7, ""geometry_profile"": ""low_dim"", ""knn_backend"": ""kd_tree"", ""min_samples"": 5}"
ok,synthetic,global_contamination_noise90__quality__signal300__n3000,DBSCAN,227,0.2.4,3000,2,0.0023514000058639795,0.03721120000409428,4.798441600010847,183.85546875,1.58984375,184.17578125,,0.9740051210129412,0.9849751463816282,165,165,0.34296296296296297,known_synthetic_noise,0.6664814814814815,0.38043031444875786,56.0,3,3,0.1,0.9,full_partition,target-discovery-v1,0,0.05,0.9899999999999999,0.9949579547569497,0.01,1.0,3,pairwise_f1,hungarian,1.0,0,168,0.6746339050801134,0.5103334251860017,0.5103334251860017,0.30966666666666665,0.9967707212055974,0.34296296296296297,0.6777182770663561,0.5179359430604982,0.9800673400673401,0.30966666666666665,168,macro,3,3,0.99,0.2505272037115141,0.14340898116851764,0.99,165,3,1.0,1.0,3,165,0.0,0.99,1.0,0.9949579547569497,1.0,"{""background_inner_edge"": 6.0, ""background_intensity"": 3.0, ""background_size"": 2700, ""background_strip_height"": 10.0, ""background_support_area"": 900.0, ""controlled_factor"": ""global_background_support_at_fixed_local_intensity"", ""declared_noise_fraction"": 0.9, ""dimension"": 2, ""family"": ""global_contamination_invariance"", ""n"": 3000, ""n_targets"": 3, ""paired_background"": ""seeded_prefix"", ""realized_noise_fraction"": 0.9, ""signal_size"": 300}","{""base_eps"": 0.8508814573287964, ""eps"": 0.5956170201301574, ""eps_multiplier"": 0.7, ""geometry_profile"": ""low_dim"", ""knn_backend"": ""kd_tree"", ""min_samples"": 5}"
ok,synthetic,global_contamination_noise90__quality__signal300__n3000,DBSCAN,229,0.2.4,3000,2,0.002004999987548217,0.03394520000438206,4.747208799992222,183.7265625,1.63671875,184.0390625,,0.9914959434433548,0.9950082639109167,187,187,0.3574074074074074,known_synthetic_noise,0.6770370370370371,0.3913359334789078,63.333333333333336,3,3,0.1,0.9,full_partition,target-discovery-v1,0,0.05,0.9966666666666667,0.9983249581239532,0.0033333333333333335,1.0,3,pairwise_f1,hungarian,1.0,0,190,0.6893794877419208,0.5264593562465902,0.5264593562465902,0.322,0.9989648033126294,0.3574074074074074,0.7213202933985331,0.566257197696737,0.9933333333333333,0.322,190,macro,3,3,0.9966666666666667,0.25621251071122536,0.14700098328416913,0.9966666666666667,187,3,1.0,1.0,3,187,0.0,0.9966666666666667,1.0,0.9983249581239529,1.0,"{""background_inner_edge"": 6.0, ""background_intensity"": 3.0, ""background_size"": 2700, ""background_strip_height"": 10.0, ""background_support_area"": 900.0, ""controlled_factor"": ""global_background_support_at_fixed_local_intensity"", ""declared_noise_fraction"": 0.9, ""dimension"": 2, ""family"": ""global_contamination_invariance"", ""n"": 3000, ""n_targets"": 3, ""paired_background"": ""seeded_prefix"", ""realized_noise_fraction"": 0.9, ""signal_size"": 300}","{""base_eps"": 0.8427326679229736, ""eps"": 0.5899128675460815, ""eps_multiplier"": 0.7, ""geometry_profile"": ""low_dim"", ""knn_backend"": ""kd_tree"", ""min_samples"": 5}"
ok,synthetic,global_contamination_noise90__quality__signal300__n3000,DBSCAN,233,0.2.4,3000,2,0.00195720000192523,0.03266070000245236,4.6903998000052525,183.76953125,1.63671875,184.109375,,0.9698276113084682,0.9848231208333376,172,172,0.3340740740740741,known_synthetic_noise,0.662037037037037,0.37421639511349064,58.333333333333336,3,3,0.1,0.9,full_partition,target-discovery-v1,0,0.05,0.9899999999999999,0.9949748743718593,0.01,1.0,3,pairwise_f1,hungarian,1.0,0,175,0.6659147304308596,0.5004160887656034,0.5004160887656034,0.3016666666666667,0.9966850828729282,0.3340740740740741,0.6765690376569038,0.5166134185303515,0.98,0.3016666666666667,175,macro,3,3,0.99,0.2480167014613779,0.14176610978520288,0.99,172,3,1.0,1.0,3,172,0.0,0.99,1.0,0.9949748743718594,1.0,"{""background_inner_edge"": 6.0, ""background_intensity"": 3.0, ""background_size"": 2700, ""background_strip_height"": 10.0, ""background_support_area"": 900.0, ""controlled_factor"": ""global_background_support_at_fixed_local_intensity"", ""declared_noise_fraction"": 0.9, ""dimension"": 2, ""family"": ""global_contamination_invariance"", ""n"": 3000, ""n_targets"": 3, ""paired_background"": ""seeded_prefix"", ""realized_noise_fraction"": 0.9, ""signal_size"": 300}","{""base_eps"": 0.8463069796562195, ""eps"": 0.5924148857593536, ""eps_multiplier"": 0.7, ""geometry_profile"": ""low_dim"", ""knn_backend"": ""kd_tree"", ""min_samples"": 5}"
ok,synthetic,global_contamination_noise90__quality__signal300__n3000,HDBSCAN,211,0.2.4,3000,2,0.0024211999989347532,0.1221466999995755,4.909859499995946,184.53125,1.890625,184.79296875,,0.9914959434433548,0.9950082639109167,2,1,0.0022222222222222222,known_synthetic_noise,0.5011111111111111,0.09329197613883738,1.6666666666666667,4,3,0.1,0.9,full_partition,target-discovery-v1,0,0.05,0.9966666666666667,0.9983249581239532,0.0,1.0,3,pairwise_f1,hungarian,1.0,0,5,0.008829956665061667,0.004434589800443459,0.004434589800443459,0.002,1.0,0.0022222222222222222,0.015998776583283438,0.008064330957387136,0.9933333333333333,0.002,5,macro,3,3,1.0,0.18214936247723132,0.10020040080160321,1.0,2,3,1.0,1.0,3,2,0.0,0.9966666666666667,1.0,0.9983249581239529,1.0,"{""background_inner_edge"": 6.0, ""background_intensity"": 3.0, ""background_size"": 2700, ""background_strip_height"": 10.0, ""background_support_area"": 900.0, ""controlled_factor"": ""global_background_support_at_fixed_local_intensity"", ""declared_noise_fraction"": 0.9, ""dimension"": 2, ""family"": ""global_contamination_invariance"", ""n"": 3000, ""n_targets"": 3, ""paired_background"": ""seeded_prefix"", ""realized_noise_fraction"": 0.9, ""signal_size"": 300}","{""geometry_profile"": ""low_dim"", ""knn_backend"": ""kd_tree"", ""min_cluster_size"": 40, ""min_samples"": 5}"
ok,synthetic,global_contamination_noise90__quality__signal300__n3000,HDBSCAN,223,0.2.4,3000,2,0.0028935000009369105,0.12144360000093002,4.933987500000512,184.25,1.828125,184.48828125,,1.0,1.0,2,2,0.00037037037037037035,known_synthetic_noise,0.5001851851851852,0.09130688071587556,1.6666666666666667,3,3,0.1,0.9,full_partition,target-discovery-v1,0,0.05,1.0,1.0,0.0,1.0,3,pairwise_f1,hungarian,1.0,0,5,0.0014798372179060301,0.0007404664938911515,0.0007404664938911515,0.0003333333333333333,1.0,0.00037037037037037035,0.016058385478028937,0.008094182490293794,1.0,0.0003333333333333333,5,macro,3,3,1.0,0.18187329493785998,0.10003334444814939,1.0,2,3,1.0,1.0,3,2,0.0,1.0,1.0,1.0,1.0,"{""background_inner_edge"": 6.0, ""background_intensity"": 3.0, ""background_size"": 2700, ""background_strip_height"": 10.0, ""background_support_area"": 900.0, ""controlled_factor"": ""global_background_support_at_fixed_local_intensity"", ""declared_noise_fraction"": 0.9, ""dimension"": 2, ""family"": ""global_contamination_invariance"", ""n"": 3000, ""n_targets"": 3, ""paired_background"": ""seeded_prefix"", ""realized_noise_fraction"": 0.9, ""signal_size"": 300}","{""geometry_profile"": ""low_dim"", ""knn_backend"": ""kd_tree"", ""min_cluster_size"": 40, ""min_samples"": 5}"
ok,synthetic,global_contamination_noise90__quality__signal300__n3000,HDBSCAN,227,0.2.4,3000,2,0.0026178999978583306,0.12584319998859428,4.896302800014382,184.19921875,1.8671875,184.42578125,,1.0,1.0,2,2,0.0,known_synthetic_noise,0.5,0.09090909090909091,1.6666666666666667,3,3,0.1,0.9,full_partition,target-discovery-v1,0,0.05,1.0,1.0,0.0,1.0,3,pairwise_f1,hungarian,1.0,0,5,0.0,0.0,0.0,0.0,0.0,0.0,0.016046681254558718,0.008088235294117648,1.0,0.0,5,macro,3,3,1.0,0.18181818181818182,0.1,1.0,2,3,1.0,1.0,3,2,0.0,1.0,1.0,1.0,1.0,"{""background_inner_edge"": 6.0, ""background_intensity"": 3.0, ""background_size"": 2700, ""background_strip_height"": 10.0, ""background_support_area"": 900.0, ""controlled_factor"": ""global_background_support_at_fixed_local_intensity"", ""declared_noise_fraction"": 0.9, ""dimension"": 2, ""family"": ""global_contamination_invariance"", ""n"": 3000, ""n_targets"": 3, ""paired_background"": ""seeded_prefix"", ""realized_noise_fraction"": 0.9, ""signal_size"": 300}","{""geometry_profile"": ""low_dim"", ""knn_backend"": ""kd_tree"", ""min_cluster_size"": 40, ""min_samples"": 5}"
ok,synthetic,global_contamination_noise90__quality__signal300__n3000,HDBSCAN,229,0.2.4,3000,2,0.002402099999017082,0.09612999999080785,4.931588000006741,183.8671875,1.875,184.109375,,1.0,1.0,2,2,0.0,known_synthetic_noise,0.5,0.09090909090909091,1.6666666666666667,3,3,0.1,0.9,full_partition,target-discovery-v1,0,0.05,1.0,1.0,0.0,1.0,3,pairwise_f1,hungarian,1.0,0,5,0.0,0.0,0.0,0.0,0.0,0.0,0.016046681254558718,0.008088235294117648,1.0,0.0,5,macro,3,3,1.0,0.18181818181818182,0.1,1.0,2,3,1.0,1.0,3,2,0.0,1.0,1.0,1.0,1.0,"{""background_inner_edge"": 6.0, ""background_intensity"": 3.0, ""background_size"": 2700, ""background_strip_height"": 10.0, ""background_support_area"": 900.0, ""controlled_factor"": ""global_background_support_at_fixed_local_intensity"", ""declared_noise_fraction"": 0.9, ""dimension"": 2, ""family"": ""global_contamination_invariance"", ""n"": 3000, ""n_targets"": 3, ""paired_background"": ""seeded_prefix"", ""realized_noise_fraction"": 0.9, ""signal_size"": 300}","{""geometry_profile"": ""low_dim"", ""knn_backend"": ""kd_tree"", ""min_cluster_size"": 40, ""min_samples"": 5}"
ok,synthetic,global_contamination_noise90__quality__signal300__n3000,HDBSCAN,233,0.2.4,3000,2,0.0018966999923577532,0.11214539999491535,4.863358500006143,183.88671875,1.81640625,184.1328125,,1.0,1.0,2,2,0.0011111111111111111,known_synthetic_noise,0.5005555555555555,0.0921016886504632,1.6666666666666667,3,3,0.1,0.9,full_partition,target-discovery-v1,0,0.05,1.0,1.0,0.0,1.0,3,pairwise_f1,hungarian,1.0,0,5,0.004429678848283499,0.0022197558268590455,0.0022197558268590455,0.001,1.0,0.0011111111111111111,0.016081836513241257,0.008106098733920175,1.0,0.001,5,macro,3,3,1.0,0.18198362147406735,0.1001001001001001,1.0,2,3,1.0,1.0,3,2,0.0,1.0,1.0,1.0,1.0,"{""background_inner_edge"": 6.0, ""background_intensity"": 3.0, ""background_size"": 2700, ""background_strip_height"": 10.0, ""background_support_area"": 900.0, ""controlled_factor"": ""global_background_support_at_fixed_local_intensity"", ""declared_noise_fraction"": 0.9, ""dimension"": 2, ""family"": ""global_contamination_invariance"", ""n"": 3000, ""n_targets"": 3, ""paired_background"": ""seeded_prefix"", ""realized_noise_fraction"": 0.9, ""signal_size"": 300}","{""geometry_profile"": ""low_dim"", ""knn_backend"": ""kd_tree"", ""min_cluster_size"": 40, ""min_samples"": 5}"
ok,synthetic,global_contamination_noise90__quality__signal300__n3000,OPTICS,211,0.2.4,3000,2,0.0020263000042177737,3.889050199999474,8.608264399998006,183.875,2.0625,184.28515625,,1.0,1.0,2,2,0.00037037037037037035,known_synthetic_noise,0.5001851851851852,0.09130688071587556,1.6666666666666667,3,3,0.1,0.9,full_partition,target-discovery-v1,0,0.05,1.0,1.0,0.0,1.0,3,pairwise_f1,hungarian,1.0,0,5,0.0014798372179060301,0.0007404664938911515,0.0007404664938911515,0.0003333333333333333,1.0,0.00037037037037037035,0.016058385478028937,0.008094182490293794,1.0,0.0003333333333333333,5,macro,3,3,1.0,0.18187329493785998,0.10003334444814939,1.0,2,3,1.0,1.0,3,2,0.0,1.0,1.0,1.0,1.0,"{""background_inner_edge"": 6.0, ""background_intensity"": 3.0, ""background_size"": 2700, ""background_strip_height"": 10.0, ""background_support_area"": 900.0, ""controlled_factor"": ""global_background_support_at_fixed_local_intensity"", ""declared_noise_fraction"": 0.9, ""dimension"": 2, ""family"": ""global_contamination_invariance"", ""n"": 3000, ""n_targets"": 3, ""paired_background"": ""seeded_prefix"", ""realized_noise_fraction"": 0.9, ""signal_size"": 300}","{""geometry_profile"": ""low_dim"", ""knn_backend"": ""kd_tree"", ""max_eps"": 1.0400810241699219, ""max_eps_quantile"": 0.98, ""min_cluster_size"": 40, ""min_samples"": 5, ""xi"": 0.1}"
ok,synthetic,global_contamination_noise90__quality__signal300__n3000,OPTICS,223,0.2.4,3000,2,0.0020007999992230907,3.925410499999998,8.652369599993108,184.32421875,2.0703125,184.71875,,0.8470029862609341,0.845576646391437,2,2,0.48074074074074075,known_synthetic_noise,0.687037037037037,0.45812497638271343,1.6666666666666667,3,3,0.1,0.9,full_partition,target-discovery-v1,0,0.05,0.8933333333333332,0.9420075813518437,0.10666666666666667,1.0,3,pairwise_f1,hungarian,1.0,0,5,0.765125321188623,0.6441687344913152,0.6441687344913152,0.44333333333333336,0.9759398496240601,0.48074074074074075,0.025439070939440585,0.01292428297491564,0.8028956228956229,0.44333333333333336,5,macro,3,3,0.8933333333333333,0.27208121827411164,0.16047904191616766,0.8933333333333333,2,3,1.0,1.0,3,2,0.0,0.8933333333333333,1.0,0.9420075813518436,1.0,"{""background_inner_edge"": 6.0, ""background_intensity"": 3.0, ""background_size"": 2700, ""background_strip_height"": 10.0, ""background_support_area"": 900.0, ""controlled_factor"": ""global_background_support_at_fixed_local_intensity"", ""declared_noise_fraction"": 0.9, ""dimension"": 2, ""family"": ""global_contamination_invariance"", ""n"": 3000, ""n_targets"": 3, ""paired_background"": ""seeded_prefix"", ""realized_noise_fraction"": 0.9, ""signal_size"": 300}","{""geometry_profile"": ""low_dim"", ""knn_backend"": ""kd_tree"", ""max_eps"": 1.0452935695648193, ""max_eps_quantile"": 0.98, ""min_cluster_size"": 40, ""min_samples"": 5, ""xi"": 0.1}"
ok,synthetic,global_contamination_noise90__quality__signal300__n3000,OPTICS,227,0.2.4,3000,2,0.001795399992261082,3.897673900006339,8.636272100004135,184.39453125,2.296875,184.8203125,,0.7244002560990298,0.7066026902035921,2,2,0.46814814814814815,known_synthetic_noise,0.6424074074074074,0.43818100770456947,1.6666666666666667,3,3,0.1,0.9,full_partition,target-discovery-v1,0,0.05,0.8166666666666668,0.8989630715063447,0.18333333333333335,1.0,3,pairwise_f1,hungarian,1.0,0,5,0.7401412126057408,0.6290121920875841,0.6290121920875841,0.43966666666666665,0.9583017437452616,0.46814814814814815,0.021287108994433313,0.010816470091426358,0.6657912457912458,0.43966666666666665,5,macro,3,2,0.8166666666666667,0.2473498233215548,0.1457465794170137,0.8166666666666667,2,3,1.0,1.0,3,2,0.0,0.8166666666666667,1.0,0.8989630715063447,1.0,"{""background_inner_edge"": 6.0, ""background_intensity"": 3.0, ""background_size"": 2700, ""background_strip_height"": 10.0, ""background_support_area"": 900.0, ""controlled_factor"": ""global_background_support_at_fixed_local_intensity"", ""declared_noise_fraction"": 0.9, ""dimension"": 2, ""family"": ""global_contamination_invariance"", ""n"": 3000, ""n_targets"": 3, ""paired_background"": ""seeded_prefix"", ""realized_noise_fraction"": 0.9, ""signal_size"": 300}","{""geometry_profile"": ""low_dim"", ""knn_backend"": ""kd_tree"", ""max_eps"": 1.0571558475494385, ""max_eps_quantile"": 0.98, ""min_cluster_size"": 40, ""min_samples"": 5, ""xi"": 0.1}"
ok,synthetic,global_contamination_noise90__quality__signal300__n3000,OPTICS,229,0.2.4,3000,2,0.0017980999982682988,4.0031355999963125,8.80520930000057,184.53515625,2.19921875,184.97265625,,0.9625997282324074,0.9668640195538187,2,2,0.0007407407407407407,known_synthetic_noise,0.4887037037037037,0.08976896956799864,1.6666666666666667,3,3,0.1,0.9,full_partition,target-discovery-v1,0,0.05,0.9766666666666667,0.9879101899827288,0.023333333333333334,1.0,3,pairwise_f1,hungarian,1.0,0,5,0.0029487120005361293,0.0014765596160944998,0.0014765596160944998,0.003,0.2222222222222222,0.0007407407407407407,0.015348474679022237,0.007736422518457081,0.9547474747474748,0.003,5,macro,3,3,0.9766666666666667,0.17806137951990278,0.09796054831160148,0.9766666666666667,2,3,1.0,1.0,3,2,0.0,0.9766666666666667,1.0,0.9879101899827287,1.0,"{""background_inner_edge"": 6.0, ""background_intensity"": 3.0, ""background_size"": 2700, ""background_strip_height"": 10.0, ""background_support_area"": 900.0, ""controlled_factor"": ""global_background_support_at_fixed_local_intensity"", ""declared_noise_fraction"": 0.9, ""dimension"": 2, ""family"": ""global_contamination_invariance"", ""n"": 3000, ""n_targets"": 3, ""paired_background"": ""seeded_prefix"", ""realized_noise_fraction"": 0.9, ""signal_size"": 300}","{""geometry_profile"": ""low_dim"", ""knn_backend"": ""kd_tree"", ""max_eps"": 1.0410902500152588, ""max_eps_quantile"": 0.98, ""min_cluster_size"": 40, ""min_samples"": 5, ""xi"": 0.1}"
ok,synthetic,global_contamination_noise90__quality__signal300__n3000,OPTICS,233,0.2.4,3000,2,0.0021250999998301268,3.997539999996661,8.806758800012176,184.1484375,1.96875,184.53515625,,0.9167632099682598,0.894919168591224,3,3,0.4674074074074074,known_synthetic_noise,0.687037037037037,0.45161410990161976,2.0,3,3,0.1,0.9,full_partition,target-discovery-v1,0,0.05,0.9066666666666666,0.945736434108527,0.09333333333333334,1.0,3,pairwise_f1,hungarian,1.0,0,6,0.7580923119343753,0.6325814536340852,0.6325814536340852,0.43,0.9782945736434109,0.4674074074074074,0.026508275323426072,0.013466935947723725,0.8387878787878787,0.43,6,macro,3,2,0.9066666666666666,0.27064676616915423,0.15906432748538013,0.9066666666666666,3,3,1.0,1.0,3,3,0.0,0.9066666666666666,1.0,0.9457364341085271,1.0,"{""background_inner_edge"": 6.0, ""background_intensity"": 3.0, ""background_size"": 2700, ""background_strip_height"": 10.0, ""background_support_area"": 900.0, ""controlled_factor"": ""global_background_support_at_fixed_local_intensity"", ""declared_noise_fraction"": 0.9, ""dimension"": 2, ""family"": ""global_contamination_invariance"", ""n"": 3000, ""n_targets"": 3, ""paired_background"": ""seeded_prefix"", ""realized_noise_fraction"": 0.9, ""signal_size"": 300}","{""geometry_profile"": ""low_dim"", ""knn_backend"": ""kd_tree"", ""max_eps"": 1.041580080986023, ""max_eps_quantile"": 0.98, ""min_cluster_size"": 40, ""min_samples"": 5, ""xi"": 0.1}"
ok,synthetic,global_contamination_noise90__quality__signal300__n3000,SNN-DBSCAN,211,0.2.4,3000,2,0.0020541999983834103,0.050769399997079745,6.126110199998948,225.34375,1.76171875,227.046875,,0.9681462648043433,0.9800866408299869,53,53,0.06222222222222222,known_synthetic_noise,0.5244444444444445,0.1531249777372497,18.666666666666668,3,3,0.1,0.9,full_partition,target-discovery-v1,0,0.05,0.9866666666666667,0.9932488159919735,0.013333333333333334,1.0,3,pairwise_f1,hungarian,1.0,0,56,0.20932728645047166,0.11699164345403901,0.11699164345403901,0.05733333333333333,0.9767441860465116,0.06222222222222222,0.18767525184338976,0.10384731420690448,0.9735353535353536,0.05733333333333333,56,macro,3,3,0.9866666666666667,0.1892583120204604,0.10466760961810467,0.9866666666666667,53,3,1.0,1.0,3,53,0.0,0.9866666666666667,1.0,0.9932488159919735,1.0,"{""background_inner_edge"": 6.0, ""background_intensity"": 3.0, ""background_size"": 2700, ""background_strip_height"": 10.0, ""background_support_area"": 900.0, ""controlled_factor"": ""global_background_support_at_fixed_local_intensity"", ""declared_noise_fraction"": 0.9, ""dimension"": 2, ""family"": ""global_contamination_invariance"", ""n"": 3000, ""n_targets"": 3, ""paired_background"": ""seeded_prefix"", ""realized_noise_fraction"": 0.9, ""signal_size"": 300}","{""eps"": 13, ""geometry_profile"": ""low_dim"", ""k"": 20, ""knn_backend"": ""kd_tree"", ""min_samples"": 5}"
ok,synthetic,global_contamination_noise90__quality__signal300__n3000,SNN-DBSCAN,223,0.2.4,3000,2,0.002067900000838563,0.05205119999300223,6.086041100003058,228.109375,4.48046875,225.78515625,,0.8736202923014496,0.8525372942325475,50,50,0.056296296296296296,known_synthetic_noise,0.5214814814814815,0.14736887121260717,18.0,4,3,0.1,0.9,full_partition,target-discovery-v1,1,0.05,0.8333333333333334,0.8913867583531694,0.013333333333333334,1.0,3,pairwise_f1,hungarian,1.3333333333333333,0,54,0.19017581529358685,0.10644257703081231,0.10644257703081231,0.052,0.9743589743589743,0.056296296296296296,0.14565850006641146,0.08000185696095076,0.8123232323232323,0.052,54,macro,2,2,0.9866666666666667,0.188295165394402,0.10407876230661041,0.9866666666666667,50,3,1.0,0.6666666666666666,3,51,0.0,0.8333333333333334,1.0,0.8913867583531694,1.0,"{""background_inner_edge"": 6.0, ""background_intensity"": 3.0, ""background_size"": 2700, ""background_strip_height"": 10.0, ""background_support_area"": 900.0, ""controlled_factor"": ""global_background_support_at_fixed_local_intensity"", ""declared_noise_fraction"": 0.9, ""dimension"": 2, ""family"": ""global_contamination_invariance"", ""n"": 3000, ""n_targets"": 3, ""paired_background"": ""seeded_prefix"", ""realized_noise_fraction"": 0.9, ""signal_size"": 300}","{""eps"": 13, ""geometry_profile"": ""low_dim"", ""k"": 20, ""knn_backend"": ""kd_tree"", ""min_samples"": 5}"
ok,synthetic,global_contamination_noise90__quality__signal300__n3000,SNN-DBSCAN,227,0.2.4,3000,2,0.002990299995872192,0.04933740000706166,5.994029900000896,225.109375,1.85546875,227.74609375,,0.9106179149197398,0.8825635930965968,50,50,0.05740740740740741,known_synthetic_noise,0.5287037037037037,0.14968022519274193,18.0,4,3,0.1,0.9,full_partition,target-discovery-v1,1,0.05,0.8866666666666667,0.9317269076305221,0.0,1.0,3,pairwise_f1,hungarian,1.3333333333333333,0,54,0.19449665337029276,0.1085814360770578,0.1085814360770578,0.051666666666666666,1.0,0.05740740740740741,0.17065460920419392,0.09486255239413938,0.8488888888888889,0.051666666666666666,54,macro,2,2,1.0,0.1907790143084261,0.1054481546572935,1.0,50,3,1.0,0.6666666666666666,3,51,0.0,0.8866666666666667,1.0,0.9317269076305221,1.0,"{""background_inner_edge"": 6.0, ""background_intensity"": 3.0, ""background_size"": 2700, ""background_strip_height"": 10.0, ""background_support_area"": 900.0, ""controlled_factor"": ""global_background_support_at_fixed_local_intensity"", ""declared_noise_fraction"": 0.9, ""dimension"": 2, ""family"": ""global_contamination_invariance"", ""n"": 3000, ""n_targets"": 3, ""paired_background"": ""seeded_prefix"", ""realized_noise_fraction"": 0.9, ""signal_size"": 300}","{""eps"": 13, ""geometry_profile"": ""low_dim"", ""k"": 20, ""knn_backend"": ""kd_tree"", ""min_samples"": 5}"
ok,synthetic,global_contamination_noise90__quality__signal300__n3000,SNN-DBSCAN,229,0.2.4,3000,2,0.0031721999985165894,0.05047729999932926,6.1165367999929,225.03515625,1.7421875,226.328125,,0.9851989977985108,0.9901010167892863,59,59,0.04814814814814815,known_synthetic_noise,0.5207407407407407,0.13996961136791644,20.666666666666668,3,3,0.1,0.9,full_partition,target-discovery-v1,0,0.05,0.9933333333333333,0.9966329966329966,0.006666666666666667,1.0,3,pairwise_f1,hungarian,1.0,0,62,0.16812817588793785,0.09180790960451977,0.09180790960451977,0.044,0.9848484848484849,0.04814814814814815,0.21621182945633485,0.12140720671455676,0.9867340067340067,0.044,62,macro,3,3,0.9933333333333333,0.18813131313131312,0.10390516039051603,0.9933333333333333,59,3,1.0,1.0,3,59,0.0,0.9933333333333333,1.0,0.9966329966329965,1.0,"{""background_inner_edge"": 6.0, ""background_intensity"": 3.0, ""background_size"": 2700, ""background_strip_height"": 10.0, ""background_support_area"": 900.0, ""controlled_factor"": ""global_background_support_at_fixed_local_intensity"", ""declared_noise_fraction"": 0.9, ""dimension"": 2, ""family"": ""global_contamination_invariance"", ""n"": 3000, ""n_targets"": 3, ""paired_background"": ""seeded_prefix"", ""realized_noise_fraction"": 0.9, ""signal_size"": 300}","{""eps"": 13, ""geometry_profile"": ""low_dim"", ""k"": 20, ""knn_backend"": ""kd_tree"", ""min_samples"": 5}"
ok,synthetic,global_contamination_noise90__quality__signal300__n3000,SNN-DBSCAN,233,0.2.4,3000,2,0.0020988000032957643,0.04920989999664016,6.035609500002465,225.22265625,1.765625,225.50390625,,0.9546801493003191,0.9746739935059259,46,46,0.07296296296296297,known_synthetic_noise,0.5281481481481481,0.16310694211912358,16.333333333333332,3,3,0.1,0.9,full_partition,target-discovery-v1,0,0.05,0.9833333333333334,0.9915909513899464,0.016666666666666666,1.0,3,pairwise_f1,hungarian,1.0,0,49,0.23883555456323885,0.1357684355616816,0.1357684355616816,0.06733333333333333,0.9752475247524752,0.07296296296296297,0.16773273983725587,0.09183249221243579,0.9668013468013468,0.06733333333333333,49,macro,3,3,0.9833333333333333,0.19044544867656552,0.10543245175125089,0.9833333333333333,46,3,1.0,1.0,3,46,0.0,0.9833333333333333,1.0,0.9915909513899465,1.0,"{""background_inner_edge"": 6.0, ""background_intensity"": 3.0, ""background_size"": 2700, ""background_strip_height"": 10.0, ""background_support_area"": 900.0, ""controlled_factor"": ""global_background_support_at_fixed_local_intensity"", ""declared_noise_fraction"": 0.9, ""dimension"": 2, ""family"": ""global_contamination_invariance"", ""n"": 3000, ""n_targets"": 3, ""paired_background"": ""seeded_prefix"", ""realized_noise_fraction"": 0.9, ""signal_size"": 300}","{""eps"": 13, ""geometry_profile"": ""low_dim"", ""k"": 20, ""knn_backend"": ""kd_tree"", ""min_samples"": 5}"
ok,synthetic,global_contamination_noise90__quality__signal300__n3000,StrataSCAN,211,0.2.4,3000,2,0.002398299999185838,0.6148882999987109,5.873546200004057,219.328125,37.875,219.09765625,,0.9665682566589096,0.9799342870099912,1,1,0.9981481481481481,known_synthetic_noise,0.9924074074074074,0.9916789915184269,1.3333333333333333,3,3,0.1,0.9,full_partition,target-discovery-v1,0,0.05,0.9866666666666667,0.9932659932659934,0.013333333333333334,1.0,3,pairwise_f1,hungarian,1.0,0,4,0.9957930631729417,0.9983330246341915,0.9983330246341915,0.8996666666666666,0.9985179696183771,0.9981481481481481,0.9862191294856052,0.9993087239043273,0.9734680134680135,0.8996666666666666,4,macro,3,3,0.9866666666666667,0.9850249584026622,0.9833887043189369,0.9866666666666667,1,3,1.0,1.0,3,1,0.0,0.9866666666666667,1.0,0.9932659932659933,1.0,"{""background_inner_edge"": 6.0, ""background_intensity"": 3.0, ""background_size"": 2700, ""background_strip_height"": 10.0, ""background_support_area"": 900.0, ""controlled_factor"": ""global_background_support_at_fixed_local_intensity"", ""declared_noise_fraction"": 0.9, ""dimension"": 2, ""family"": ""global_contamination_invariance"", ""n"": 3000, ""n_targets"": 3, ""paired_background"": ""seeded_prefix"", ""realized_noise_fraction"": 0.9, ""signal_size"": 300}","{""ambiguous_model_confirmation_tolerance"": 1e-05, ""assignment"": ""maximum_posterior_basis_then_semantic_role"", ""background_model"": ""adaptive_gamma_basis_mixture_with_largest_rate_gap"", ""background_scan"": ""adaptive_dyadic_rank_windows_with_poisson_beta_boundary_code"", ""border_rule"": ""strict_local_core_radius"", ""component_initialization"": ""compiled_split_warm_single_start_with_guarded_confirmation"", ""component_selection"": ""semantic_icl_with_adaptive_bound"", ""connectivity"": ""density_ordered_non_merging_knn_watershed"", ""core_thresholds"": ""observed_d4_event_sweep"", ""duplicate_profile_confirmation_minimum"": 3, ""duplicate_profile_confirmation_tolerance"": 1e-08, ""extraction_objective"": ""gamma_topology_description_length"", ""fit_samples"": ""all_rows"", ""gamma_tolerance"": 0.0001, ""geometry_profile"": ""low_dim"", ""hard_component_bound"": 24, ""initial_component_bound"": 8, ""k"": 32, ""knn_backend"": ""kd_tree"", ""shell_ranks"": [4, 8, 16, 32], ""stratification_model"": ""adaptive_gamma_density_basis_with_semantic_background"", ""version"": ""0.2.3""}"
ok,synthetic,global_contamination_noise90__quality__signal300__n3000,StrataSCAN,223,0.2.4,3000,2,0.00206389999948442,0.5984135999897262,5.818242499997723,220.4921875,38.27734375,220.4921875,,0.7255010391659674,0.7033712111587064,0,0,1.0,known_synthetic_noise,0.905,0.9422911623471095,1.0,3,3,0.1,0.9,full_partition,target-discovery-v1,0,0.05,0.81,0.8938744543958697,0.18999999999999997,1.0,3,pairwise_f1,hungarian,1.0,0,3,0.9392842471999957,0.9895547003848268,0.9895547003848268,0.919,0.9793253536452666,1.0,0.7937616765494273,1.0,0.658047138047138,0.919,3,macro,3,1,0.81,0.8950276243093923,1.0,0.81,0,3,1.0,1.0,3,0,0.0,0.81,1.0,0.8938744543958695,1.0,"{""background_inner_edge"": 6.0, ""background_intensity"": 3.0, ""background_size"": 2700, ""background_strip_height"": 10.0, ""background_support_area"": 900.0, ""controlled_factor"": ""global_background_support_at_fixed_local_intensity"", ""declared_noise_fraction"": 0.9, ""dimension"": 2, ""family"": ""global_contamination_invariance"", ""n"": 3000, ""n_targets"": 3, ""paired_background"": ""seeded_prefix"", ""realized_noise_fraction"": 0.9, ""signal_size"": 300}","{""ambiguous_model_confirmation_tolerance"": 1e-05, ""assignment"": ""maximum_posterior_basis_then_semantic_role"", ""background_model"": ""adaptive_gamma_basis_mixture_with_largest_rate_gap"", ""background_scan"": ""adaptive_dyadic_rank_windows_with_poisson_beta_boundary_code"", ""border_rule"": ""strict_local_core_radius"", ""component_initialization"": ""compiled_split_warm_single_start_with_guarded_confirmation"", ""component_selection"": ""semantic_icl_with_adaptive_bound"", ""connectivity"": ""density_ordered_non_merging_knn_watershed"", ""core_thresholds"": ""observed_d4_event_sweep"", ""duplicate_profile_confirmation_minimum"": 3, ""duplicate_profile_confirmation_tolerance"": 1e-08, ""extraction_objective"": ""gamma_topology_description_length"", ""fit_samples"": ""all_rows"", ""gamma_tolerance"": 0.0001, ""geometry_profile"": ""low_dim"", ""hard_component_bound"": 24, ""initial_component_bound"": 8, ""k"": 32, ""knn_backend"": ""kd_tree"", ""shell_ranks"": [4, 8, 16, 32], ""stratification_model"": ""adaptive_gamma_density_basis_with_semantic_background"", ""version"": ""0.2.3""}"
ok,synthetic,global_contamination_noise90__quality__signal300__n3000,StrataSCAN,227,0.2.4,3000,2,0.0019708000036189333,0.6164837000105763,5.551218900000094,219.4921875,37.88671875,219.2421875,,0.7932571787293038,0.8071335476629596,0,0,1.0,known_synthetic_noise,0.9383333333333334,0.9637377079813958,1.0,3,3,0.1,0.9,full_partition,target-discovery-v1,0,0.05,0.8766666666666666,0.9339526983388876,0.12333333333333335,1.0,3,pairwise_f1,hungarian,1.0,0,3,0.9626631626413774,0.9931947765311753,0.9931947765311753,0.9123333333333333,0.9864815491413957,1.0,0.8691314777443551,1.0,0.7685521885521885,0.9123333333333333,3,macro,3,3,0.8766666666666667,0.9342806394316163,1.0,0.8766666666666667,0,3,1.0,1.0,3,0,0.0,0.8766666666666667,1.0,0.9339526983388877,1.0,"{""background_inner_edge"": 6.0, ""background_intensity"": 3.0, ""background_size"": 2700, ""background_strip_height"": 10.0, ""background_support_area"": 900.0, ""controlled_factor"": ""global_background_support_at_fixed_local_intensity"", ""declared_noise_fraction"": 0.9, ""dimension"": 2, ""family"": ""global_contamination_invariance"", ""n"": 3000, ""n_targets"": 3, ""paired_background"": ""seeded_prefix"", ""realized_noise_fraction"": 0.9, ""signal_size"": 300}","{""ambiguous_model_confirmation_tolerance"": 1e-05, ""assignment"": ""maximum_posterior_basis_then_semantic_role"", ""background_model"": ""adaptive_gamma_basis_mixture_with_largest_rate_gap"", ""background_scan"": ""adaptive_dyadic_rank_windows_with_poisson_beta_boundary_code"", ""border_rule"": ""strict_local_core_radius"", ""component_initialization"": ""compiled_split_warm_single_start_with_guarded_confirmation"", ""component_selection"": ""semantic_icl_with_adaptive_bound"", ""connectivity"": ""density_ordered_non_merging_knn_watershed"", ""core_thresholds"": ""observed_d4_event_sweep"", ""duplicate_profile_confirmation_minimum"": 3, ""duplicate_profile_confirmation_tolerance"": 1e-08, ""extraction_objective"": ""gamma_topology_description_length"", ""fit_samples"": ""all_rows"", ""gamma_tolerance"": 0.0001, ""geometry_profile"": ""low_dim"", ""hard_component_bound"": 24, ""initial_component_bound"": 8, ""k"": 32, ""knn_backend"": ""kd_tree"", ""shell_ranks"": [4, 8, 16, 32], ""stratification_model"": ""adaptive_gamma_density_basis_with_semantic_background"", ""version"": ""0.2.3""}"
ok,synthetic,global_contamination_noise90__quality__signal300__n3000,StrataSCAN,229,0.2.4,3000,2,0.0018494999967515469,1.6663906000030693,6.815176900010556,221.01953125,38.8125,221.01953125,,0.6724894739430726,0.6106413846378838,0,0,1.0,known_synthetic_noise,0.8733333333333333,0.9205415442262977,1.0,3,3,0.1,0.9,full_partition,target-discovery-v1,0,0.05,0.7466666666666667,0.8521910467611825,0.25333333333333335,1.0,3,pairwise_f1,hungarian,1.0,0,3,0.9142774100750151,0.9861212563915267,0.9861212563915267,0.9253333333333333,0.9726224783861671,1.0,0.7206547490846436,1.0,0.5632996632996633,0.9253333333333333,3,macro,3,1,0.7466666666666667,0.8549618320610688,1.0,0.7466666666666667,0,3,1.0,1.0,3,0,0.0,0.7466666666666667,1.0,0.8521910467611824,1.0,"{""background_inner_edge"": 6.0, ""background_intensity"": 3.0, ""background_size"": 2700, ""background_strip_height"": 10.0, ""background_support_area"": 900.0, ""controlled_factor"": ""global_background_support_at_fixed_local_intensity"", ""declared_noise_fraction"": 0.9, ""dimension"": 2, ""family"": ""global_contamination_invariance"", ""n"": 3000, ""n_targets"": 3, ""paired_background"": ""seeded_prefix"", ""realized_noise_fraction"": 0.9, ""signal_size"": 300}","{""ambiguous_model_confirmation_tolerance"": 1e-05, ""assignment"": ""maximum_posterior_basis_then_semantic_role"", ""background_model"": ""adaptive_gamma_basis_mixture_with_largest_rate_gap"", ""background_scan"": ""adaptive_dyadic_rank_windows_with_poisson_beta_boundary_code"", ""border_rule"": ""strict_local_core_radius"", ""component_initialization"": ""compiled_split_warm_single_start_with_guarded_confirmation"", ""component_selection"": ""semantic_icl_with_adaptive_bound"", ""connectivity"": ""density_ordered_non_merging_knn_watershed"", ""core_thresholds"": ""observed_d4_event_sweep"", ""duplicate_profile_confirmation_minimum"": 3, ""duplicate_profile_confirmation_tolerance"": 1e-08, ""extraction_objective"": ""gamma_topology_description_length"", ""fit_samples"": ""all_rows"", ""gamma_tolerance"": 0.0001, ""geometry_profile"": ""low_dim"", ""hard_component_bound"": 24, ""initial_component_bound"": 8, ""k"": 32, ""knn_backend"": ""kd_tree"", ""shell_ranks"": [4, 8, 16, 32], ""stratification_model"": ""adaptive_gamma_density_basis_with_semantic_background"", ""version"": ""0.2.3""}"
ok,synthetic,global_contamination_noise90__quality__signal300__n3000,StrataSCAN,233,0.2.4,3000,2,0.004145600003539585,0.6530290000082459,6.045729399993434,218.1484375,35.71484375,218.61328125,,0.6669682094595624,0.6072535291886015,0,0,1.0,known_synthetic_noise,0.8766666666666667,0.9228985692475038,1.0,3,3,0.1,0.9,full_partition,target-discovery-v1,0,0.05,0.7533333333333333,0.8585513686550369,0.24666666666666667,1.0,3,pairwise_f1,hungarian,1.0,0,3,0.9180812721540095,0.9864815491413956,0.9864815491413956,0.9246666666666666,0.9733237202595529,1.0,0.7242268041237114,1.0,0.5676767676767677,0.9246666666666666,3,macro,3,0,0.7533333333333333,0.8593155893536121,1.0,0.7533333333333333,0,3,1.0,1.0,3,0,0.0,0.7533333333333333,1.0,0.8585513686550369,1.0,"{""background_inner_edge"": 6.0, ""background_intensity"": 3.0, ""background_size"": 2700, ""background_strip_height"": 10.0, ""background_support_area"": 900.0, ""controlled_factor"": ""global_background_support_at_fixed_local_intensity"", ""declared_noise_fraction"": 0.9, ""dimension"": 2, ""family"": ""global_contamination_invariance"", ""n"": 3000, ""n_targets"": 3, ""paired_background"": ""seeded_prefix"", ""realized_noise_fraction"": 0.9, ""signal_size"": 300}","{""ambiguous_model_confirmation_tolerance"": 1e-05, ""assignment"": ""maximum_posterior_basis_then_semantic_role"", ""background_model"": ""adaptive_gamma_basis_mixture_with_largest_rate_gap"", ""background_scan"": ""adaptive_dyadic_rank_windows_with_poisson_beta_boundary_code"", ""border_rule"": ""strict_local_core_radius"", ""component_initialization"": ""compiled_split_warm_single_start_with_guarded_confirmation"", ""component_selection"": ""semantic_icl_with_adaptive_bound"", ""connectivity"": ""density_ordered_non_merging_knn_watershed"", ""core_thresholds"": ""observed_d4_event_sweep"", ""duplicate_profile_confirmation_minimum"": 3, ""duplicate_profile_confirmation_tolerance"": 1e-08, ""extraction_objective"": ""gamma_topology_description_length"", ""fit_samples"": ""all_rows"", ""gamma_tolerance"": 0.0001, ""geometry_profile"": ""low_dim"", ""hard_component_bound"": 24, ""initial_component_bound"": 8, ""k"": 32, ""knn_backend"": ""kd_tree"", ""shell_ranks"": [4, 8, 16, 32], ""stratification_model"": ""adaptive_gamma_density_basis_with_semantic_background"", ""version"": ""0.2.3""}"
ok,synthetic,global_contamination_noise90__quality__signal300__n3000,VDBSCAN-2007,211,0.2.4,3000,2,0.0025978000048780814,0.06871160000446253,5.037346199998865,184.28515625,2.1640625,184.609375,,0.6823950858891461,0.6004735765383595,17,17,0.023333333333333334,known_synthetic_noise,0.505,0.1143241716617047,10.0,13,3,0.1,0.9,full_partition,target-discovery-v1,10,0.05,0.7066666666666667,0.8253660637381568,0.013333333333333334,1.0,3,pairwise_f1,hungarian,4.333333333333333,0,30,0.08631143355117102,0.04553668232743044,0.04553668232743044,0.022333333333333334,0.9402985074626866,0.023333333333333334,0.009729732407588598,0.004910018412569047,0.5290235690235691,0.022333333333333334,30,macro,2,0,0.9866666666666667,0.18311166099597895,0.10092055915444936,0.9866666666666667,17,3,1.0,0.6666666666666666,3,27,0.0,0.7066666666666667,1.0,0.8253660637381567,1.0,"{""background_inner_edge"": 6.0, ""background_intensity"": 3.0, ""background_size"": 2700, ""background_strip_height"": 10.0, ""background_support_area"": 900.0, ""controlled_factor"": ""global_background_support_at_fixed_local_intensity"", ""declared_noise_fraction"": 0.9, ""dimension"": 2, ""family"": ""global_contamination_invariance"", ""n"": 3000, ""n_targets"": 3, ""paired_background"": ""seeded_prefix"", ""realized_noise_fraction"": 0.9, ""signal_size"": 300}","{""eps_values"": [0.268222838640213, 0.8434914946556091, 0.8720260858535767], ""geometry_profile"": ""low_dim"", ""knee_prominence"": 0.03, ""knn_backend"": ""kd_tree"", ""max_eps_values"": 3, ""min_samples"": 5}"
ok,synthetic,global_contamination_noise90__quality__signal300__n3000,VDBSCAN-2007,223,0.2.4,3000,2,0.0018816000083461404,0.05612910000490956,4.921549199993024,184.78515625,2.2265625,185.07421875,,0.6845727509207757,0.6111005105456391,12,12,0.02259259259259259,known_synthetic_noise,0.4912962962962963,0.1112448148963102,7.666666666666667,11,3,0.1,0.9,full_partition,target-discovery-v1,6,0.05,0.7033333333333333,0.8191423075144005,0.04,1.0,3,pairwise_f1,hungarian,3.0,0,23,0.08350627030883404,0.043995672556797684,0.043995672556797684,0.024333333333333332,0.8356164383561644,0.02259259259259259,0.013292181786378372,0.006728928348705707,0.5398653198653198,0.024333333333333332,23,macro,2,1,0.96,0.17849395723582273,0.0983942603348138,0.96,12,3,1.0,0.6666666666666666,3,20,0.0,0.7033333333333334,1.0,0.8191423075144005,1.0,"{""background_inner_edge"": 6.0, ""background_intensity"": 3.0, ""background_size"": 2700, ""background_strip_height"": 10.0, ""background_support_area"": 900.0, ""controlled_factor"": ""global_background_support_at_fixed_local_intensity"", ""declared_noise_fraction"": 0.9, ""dimension"": 2, ""family"": ""global_contamination_invariance"", ""n"": 3000, ""n_targets"": 3, ""paired_background"": ""seeded_prefix"", ""realized_noise_fraction"": 0.9, ""signal_size"": 300}","{""eps_values"": [0.25909051299095154, 0.8227465152740479, 0.8497872352600098], ""geometry_profile"": ""low_dim"", ""knee_prominence"": 0.03, ""knn_backend"": ""kd_tree"", ""max_eps_values"": 3, ""min_samples"": 5}"
ok,synthetic,global_contamination_noise90__quality__signal300__n3000,VDBSCAN-2007,227,0.2.4,3000,2,0.0025008999946294352,0.06262519999290816,4.952655100001721,184.609375,2.140625,185.1328125,,0.7388858258882559,0.6575381162870283,13,13,0.01814814814814815,known_synthetic_noise,0.5074074074074074,0.10981818181818181,7.666666666666667,10,3,0.1,0.9,full_partition,target-discovery-v1,6,0.05,0.7466666666666667,0.8549285963079066,0.0033333333333333335,1.0,3,pairwise_f1,hungarian,3.0,0,23,0.0684207165371991,0.03563636363636364,0.03563636363636364,0.016666666666666666,0.98,0.01814814814814815,0.010464981412461603,0.005279362229879067,0.5893602693602693,0.016666666666666666,23,macro,3,0,0.9966666666666667,0.184,0.10135593220338983,0.9966666666666667,13,3,1.0,1.0,3,20,0.0,0.7466666666666667,1.0,0.8549285963079065,1.0,"{""background_inner_edge"": 6.0, ""background_intensity"": 3.0, ""background_size"": 2700, ""background_strip_height"": 10.0, ""background_support_area"": 900.0, ""controlled_factor"": ""global_background_support_at_fixed_local_intensity"", ""declared_noise_fraction"": 0.9, ""dimension"": 2, ""family"": ""global_contamination_invariance"", ""n"": 3000, ""n_targets"": 3, ""paired_background"": ""seeded_prefix"", ""realized_noise_fraction"": 0.9, ""signal_size"": 300}","{""eps_values"": [0.2325778305530548, 0.8508814573287964, 0.8718734979629517], ""geometry_profile"": ""low_dim"", ""knee_prominence"": 0.03, ""knn_backend"": ""kd_tree"", ""max_eps_values"": 3, ""min_samples"": 5}"
ok,synthetic,global_contamination_noise90__quality__signal300__n3000,VDBSCAN-2007,229,0.2.4,3000,2,0.0019614000048022717,0.06726299998990726,4.846105200005695,184.23828125,2.3046875,184.53125,,0.6953491243809388,0.5891496426640893,10,10,0.022962962962962963,known_synthetic_noise,0.4998148148148148,0.11307475354711416,6.666666666666667,10,3,0.1,0.9,full_partition,target-discovery-v1,7,0.05,0.6766666666666667,0.8045152539255581,0.023333333333333334,1.0,3,pairwise_f1,hungarian,3.3333333333333335,0,20,0.08484056243139372,0.04478150957024197,0.04478150957024197,0.023,0.8985507246376812,0.022962962962962963,0.009703817722720477,0.004897810446836013,0.5177104377104377,0.023,20,macro,1,0,0.9766666666666667,0.18136799752398636,0.09996588195155237,0.9766666666666667,10,3,1.0,0.3333333333333333,3,17,0.0,0.6766666666666666,1.0,0.804515253925558,1.0,"{""background_inner_edge"": 6.0, ""background_intensity"": 3.0, ""background_size"": 2700, ""background_strip_height"": 10.0, ""background_support_area"": 900.0, ""controlled_factor"": ""global_background_support_at_fixed_local_intensity"", ""declared_noise_fraction"": 0.9, ""dimension"": 2, ""family"": ""global_contamination_invariance"", ""n"": 3000, ""n_targets"": 3, ""paired_background"": ""seeded_prefix"", ""realized_noise_fraction"": 0.9, ""signal_size"": 300}","{""eps_values"": [0.2347949892282486, 0.8427326679229736, 0.8568350672721863], ""geometry_profile"": ""low_dim"", ""knee_prominence"": 0.03, ""knn_backend"": ""kd_tree"", ""max_eps_values"": 3, ""min_samples"": 5}"
ok,synthetic,global_contamination_noise90__quality__signal300__n3000,VDBSCAN-2007,233,0.2.4,3000,2,0.002155099995434284,0.06472939999366645,4.757629100000486,184.078125,2.16015625,184.3671875,,0.703075239763246,0.6350881739860833,15,15,0.01814814814814815,known_synthetic_noise,0.47074074074074074,0.10348841575607375,7.333333333333333,7,3,0.1,0.9,full_partition,target-discovery-v1,4,0.05,0.7333333333333334,0.84599211873322,0.07666666666666667,1.0,3,pairwise_f1,hungarian,2.3333333333333335,0,22,0.06787078858280295,0.03535353535353536,0.03535353535353536,0.024,0.6805555555555556,0.01814814814814815,0.012798610193634407,0.006472283146260698,0.5675420875420876,0.024,22,macro,3,0,0.9233333333333333,0.17162329615861213,0.09460382513661202,0.9233333333333333,15,3,1.0,1.0,3,19,0.0,0.7333333333333333,1.0,0.84599211873322,1.0,"{""background_inner_edge"": 6.0, ""background_intensity"": 3.0, ""background_size"": 2700, ""background_strip_height"": 10.0, ""background_support_area"": 900.0, ""controlled_factor"": ""global_background_support_at_fixed_local_intensity"", ""declared_noise_fraction"": 0.9, ""dimension"": 2, ""family"": ""global_contamination_invariance"", ""n"": 3000, ""n_targets"": 3, ""paired_background"": ""seeded_prefix"", ""realized_noise_fraction"": 0.9, ""signal_size"": 300}","{""eps_values"": [0.2512096166610718, 0.8463069796562195, 0.8635460138320923], ""geometry_profile"": ""low_dim"", ""knee_prominence"": 0.03, ""knn_backend"": ""kd_tree"", ""max_eps_values"": 3, ""min_samples"": 5}"
ok,synthetic,global_contamination_noise90__quality__signal300__n3000,kNN+Leiden,211,0.2.4,3000,2,0.003481899999314919,0.1683877999894321,5.982189900008962,224.87109375,12.15234375,224.7578125,,1.0,1.0,11,11,0.0,known_synthetic_noise,0.5,0.09090909090909091,4.666666666666667,3,3,0.1,0.9,full_partition,target-discovery-v1,0,0.05,1.0,1.0,0.0,1.0,3,pairwise_f1,hungarian,1.0,0,14,0.0,0.0,0.0,0.0,0.0,0.0,0.07131845491088797,0.03697782824359051,1.0,0.0,14,macro,3,3,1.0,0.18181818181818182,0.1,1.0,11,3,1.0,1.0,3,11,0.0,1.0,1.0,1.0,1.0,"{""background_inner_edge"": 6.0, ""background_intensity"": 3.0, ""background_size"": 2700, ""background_strip_height"": 10.0, ""background_support_area"": 900.0, ""controlled_factor"": ""global_background_support_at_fixed_local_intensity"", ""declared_noise_fraction"": 0.9, ""dimension"": 2, ""family"": ""global_contamination_invariance"", ""n"": 3000, ""n_targets"": 3, ""paired_background"": ""seeded_prefix"", ""realized_noise_fraction"": 0.9, ""signal_size"": 300}","{""edge_rank"": 15, ""geometry_profile"": ""low_dim"", ""k"": 20, ""knn_backend"": ""kd_tree"", ""resolution"": 0.5, ""symmetrization"": ""union"", ""weights"": ""1/(1+d)""}"
ok,synthetic,global_contamination_noise90__quality__signal300__n3000,kNN+Leiden,223,0.2.4,3000,2,0.0021416999952634797,0.16543069999897853,6.010283099996741,224.3515625,12.0390625,224.23828125,,1.0,1.0,11,11,0.0,known_synthetic_noise,0.5,0.09090909090909091,4.666666666666667,3,3,0.1,0.9,full_partition,target-discovery-v1,0,0.05,1.0,1.0,0.0,1.0,3,pairwise_f1,hungarian,1.0,0,14,0.0,0.0,0.0,0.0,0.0,0.0,0.07706299186038364,0.040075671503633795,1.0,0.0,14,macro,3,3,1.0,0.18181818181818182,0.1,1.0,11,3,1.0,1.0,3,11,0.0,1.0,1.0,1.0,1.0,"{""background_inner_edge"": 6.0, ""background_intensity"": 3.0, ""background_size"": 2700, ""background_strip_height"": 10.0, ""background_support_area"": 900.0, ""controlled_factor"": ""global_background_support_at_fixed_local_intensity"", ""declared_noise_fraction"": 0.9, ""dimension"": 2, ""family"": ""global_contamination_invariance"", ""n"": 3000, ""n_targets"": 3, ""paired_background"": ""seeded_prefix"", ""realized_noise_fraction"": 0.9, ""signal_size"": 300}","{""edge_rank"": 15, ""geometry_profile"": ""low_dim"", ""k"": 20, ""knn_backend"": ""kd_tree"", ""resolution"": 0.5, ""symmetrization"": ""union"", ""weights"": ""1/(1+d)""}"
ok,synthetic,global_contamination_noise90__quality__signal300__n3000,kNN+Leiden,227,0.2.4,3000,2,0.002693999995244667,0.13292380000348203,5.982345199998235,224.34765625,12.2578125,224.4140625,,1.0,1.0,10,10,0.0,known_synthetic_noise,0.5,0.09090909090909091,4.333333333333333,3,3,0.1,0.9,full_partition,target-discovery-v1,0,0.05,1.0,1.0,0.0,1.0,3,pairwise_f1,hungarian,1.0,0,13,0.0,0.0,0.0,0.0,0.0,0.0,0.06951352236954512,0.036008292818952244,1.0,0.0,13,macro,3,3,1.0,0.18181818181818182,0.1,1.0,10,3,1.0,1.0,3,10,0.0,1.0,1.0,1.0,1.0,"{""background_inner_edge"": 6.0, ""background_intensity"": 3.0, ""background_size"": 2700, ""background_strip_height"": 10.0, ""background_support_area"": 900.0, ""controlled_factor"": ""global_background_support_at_fixed_local_intensity"", ""declared_noise_fraction"": 0.9, ""dimension"": 2, ""family"": ""global_contamination_invariance"", ""n"": 3000, ""n_targets"": 3, ""paired_background"": ""seeded_prefix"", ""realized_noise_fraction"": 0.9, ""signal_size"": 300}","{""edge_rank"": 15, ""geometry_profile"": ""low_dim"", ""k"": 20, ""knn_backend"": ""kd_tree"", ""resolution"": 0.5, ""symmetrization"": ""union"", ""weights"": ""1/(1+d)""}"
ok,synthetic,global_contamination_noise90__quality__signal300__n3000,kNN+Leiden,229,0.2.4,3000,2,0.0027975999983027577,0.15551579999737442,6.36661450000247,224.3359375,12.1796875,224.3359375,,1.0,1.0,10,10,0.0,known_synthetic_noise,0.5,0.09090909090909091,4.333333333333333,3,3,0.1,0.9,full_partition,target-discovery-v1,0,0.05,1.0,1.0,0.0,1.0,3,pairwise_f1,hungarian,1.0,0,13,0.0,0.0,0.0,0.0,0.0,0.0,0.07255280842882864,0.03764191763390764,1.0,0.0,13,macro,3,3,1.0,0.18181818181818182,0.1,1.0,10,3,1.0,1.0,3,10,0.0,1.0,1.0,1.0,1.0,"{""background_inner_edge"": 6.0, ""background_intensity"": 3.0, ""background_size"": 2700, ""background_strip_height"": 10.0, ""background_support_area"": 900.0, ""controlled_factor"": ""global_background_support_at_fixed_local_intensity"", ""declared_noise_fraction"": 0.9, ""dimension"": 2, ""family"": ""global_contamination_invariance"", ""n"": 3000, ""n_targets"": 3, ""paired_background"": ""seeded_prefix"", ""realized_noise_fraction"": 0.9, ""signal_size"": 300}","{""edge_rank"": 15, ""geometry_profile"": ""low_dim"", ""k"": 20, ""knn_backend"": ""kd_tree"", ""resolution"": 0.5, ""symmetrization"": ""union"", ""weights"": ""1/(1+d)""}"
ok,synthetic,global_contamination_noise90__quality__signal300__n3000,kNN+Leiden,233,0.2.4,3000,2,0.0022853000118630007,0.1662512000038987,6.271042699998361,224.03125,12.27734375,223.93359375,,1.0,1.0,12,12,0.0,known_synthetic_noise,0.5,0.09090909090909091,5.0,3,3,0.1,0.9,full_partition,target-discovery-v1,0,0.05,1.0,1.0,0.0,1.0,3,pairwise_f1,hungarian,1.0,0,15,0.0,0.0,0.0,0.0,0.0,0.0,0.0803421439179374,0.0418523247063996,1.0,0.0,15,macro,3,3,1.0,0.18181818181818182,0.1,1.0,12,3,1.0,1.0,3,12,0.0,1.0,1.0,1.0,1.0,"{""background_inner_edge"": 6.0, ""background_intensity"": 3.0, ""background_size"": 2700, ""background_strip_height"": 10.0, ""background_support_area"": 900.0, ""controlled_factor"": ""global_background_support_at_fixed_local_intensity"", ""declared_noise_fraction"": 0.9, ""dimension"": 2, ""family"": ""global_contamination_invariance"", ""n"": 3000, ""n_targets"": 3, ""paired_background"": ""seeded_prefix"", ""realized_noise_fraction"": 0.9, ""signal_size"": 300}","{""edge_rank"": 15, ""geometry_profile"": ""low_dim"", ""k"": 20, ""knn_backend"": ""kd_tree"", ""resolution"": 0.5, ""symmetrization"": ""union"", ""weights"": ""1/(1+d)""}"
ok,synthetic,global_contamination_noise90__quality__signal300__n3000,kNN-DBSCAN,211,0.2.4,3000,2,0.0020674000115832314,0.01687770000717137,4.833900900004664,183.96484375,1.25,184.4453125,,0.8808585673160304,0.889462450725348,153,153,0.5996296296296296,known_synthetic_noise,0.7881481481481482,0.5492785971959163,52.333333333333336,4,3,0.1,0.9,full_partition,target-discovery-v1,1,0.05,0.9166666666666666,0.9541426707405768,0.02333333333333333,1.0,3,pairwise_f1,hungarian,1.3333333333333333,0,157,0.8389011290812824,0.7484974572353212,0.7484974572353212,0.542,0.9956949569495694,0.5996296296296296,0.8093377798951882,0.7659152389540126,0.857979797979798,0.542,157,macro,3,2,0.9766666666666667,0.3500597371565114,0.21324599708879186,0.9766666666666667,153,3,1.0,1.0,3,154,0.0,0.9166666666666666,1.0,0.9541426707405769,1.0,"{""background_inner_edge"": 6.0, ""background_intensity"": 3.0, ""background_size"": 2700, ""background_strip_height"": 10.0, ""background_support_area"": 900.0, ""controlled_factor"": ""global_background_support_at_fixed_local_intensity"", ""declared_noise_fraction"": 0.9, ""dimension"": 2, ""family"": ""global_contamination_invariance"", ""n"": 3000, ""n_targets"": 3, ""paired_background"": ""seeded_prefix"", ""realized_noise_fraction"": 0.9, ""signal_size"": 300}","{""eps"": 0.5120788216590881, ""eps_quantile"": 0.25, ""geometry_profile"": ""low_dim"", ""k"": 4, ""knn_backend"": ""kd_tree"", ""min_samples"": 5}"
ok,synthetic,global_contamination_noise90__quality__signal300__n3000,kNN-DBSCAN,223,0.2.4,3000,2,0.0021378999954322353,0.016158400001586415,4.800726000001305,183.14453125,1.28125,183.63671875,,0.933314409750503,0.959256545061578,146,146,0.6077777777777778,known_synthetic_noise,0.7905555555555556,0.554190628978389,49.666666666666664,3,3,0.1,0.9,full_partition,target-discovery-v1,0,0.05,0.9733333333333333,0.9864807123690372,0.02666666666666667,1.0,3,pairwise_f1,hungarian,1.0,0,149,0.8551352905227159,0.75465624281444,0.75465624281444,0.5496666666666666,0.9951485748938751,0.6077777777777778,0.8523467563554828,0.7748030628546245,0.9471380471380472,0.5496666666666666,149,macro,3,3,0.9733333333333334,0.353725015142338,0.2161361954108068,0.9733333333333334,146,3,1.0,1.0,3,146,0.0,0.9733333333333334,1.0,0.9864807123690372,1.0,"{""background_inner_edge"": 6.0, ""background_intensity"": 3.0, ""background_size"": 2700, ""background_strip_height"": 10.0, ""background_support_area"": 900.0, ""controlled_factor"": ""global_background_support_at_fixed_local_intensity"", ""declared_noise_fraction"": 0.9, ""dimension"": 2, ""family"": ""global_contamination_invariance"", ""n"": 3000, ""n_targets"": 3, ""paired_background"": ""seeded_prefix"", ""realized_noise_fraction"": 0.9, ""signal_size"": 300}","{""eps"": 0.5096486806869507, ""eps_quantile"": 0.25, ""geometry_profile"": ""low_dim"", ""k"": 4, ""knn_backend"": ""kd_tree"", ""min_samples"": 5}"
ok,synthetic,global_contamination_noise90__quality__signal300__n3000,kNN-DBSCAN,227,0.2.4,3000,2,0.0022884000063640997,0.016837600007420406,4.715022599993972,183.69140625,1.41015625,184.16015625,,0.9099854727774624,0.9223203029966975,147,147,0.6192592592592593,known_synthetic_noise,0.802962962962963,0.5643501049162021,50.333333333333336,4,3,0.1,0.9,full_partition,target-discovery-v1,1,0.05,0.9433333333333334,0.9696228892208792,0.013333333333333334,1.0,3,pairwise_f1,hungarian,1.3333333333333333,0,151,0.8547223217238485,0.7641681901279708,0.7641681901279708,0.5586666666666666,0.9976133651551312,0.6192592592592593,0.8389894419306183,0.7864969954047366,0.898989898989899,0.5586666666666666,151,macro,3,3,0.9866666666666667,0.3645320197044335,0.22356495468277945,0.9866666666666667,147,3,1.0,1.0,3,148,0.0,0.9433333333333334,1.0,0.9696228892208792,1.0,"{""background_inner_edge"": 6.0, ""background_intensity"": 3.0, ""background_size"": 2700, ""background_strip_height"": 10.0, ""background_support_area"": 900.0, ""controlled_factor"": ""global_background_support_at_fixed_local_intensity"", ""declared_noise_fraction"": 0.9, ""dimension"": 2, ""family"": ""global_contamination_invariance"", ""n"": 3000, ""n_targets"": 3, ""paired_background"": ""seeded_prefix"", ""realized_noise_fraction"": 0.9, ""signal_size"": 300}","{""eps"": 0.49929410219192505, ""eps_quantile"": 0.25, ""geometry_profile"": ""low_dim"", ""k"": 4, ""knn_backend"": ""kd_tree"", ""min_samples"": 5}"
ok,synthetic,global_contamination_noise90__quality__signal300__n3000,kNN-DBSCAN,229,0.2.4,3000,2,0.0021447000035550445,0.016555800000787713,4.781567599988193,183.45703125,1.27734375,183.93359375,,0.9740051210129412,0.9849751463816282,147,147,0.6114814814814815,known_synthetic_noise,0.8007407407407408,0.5596289720601606,50.0,3,3,0.1,0.9,full_partition,target-discovery-v1,0,0.05,0.9899999999999999,0.9949579547569498,0.01,1.0,3,pairwise_f1,hungarian,1.0,0,150,0.8607102352331523,0.7583830960036748,0.7583830960036748,0.5513333333333333,0.998186215235792,0.6114814814814815,0.874902314397355,0.7901194353963084,0.9800673400673401,0.5513333333333333,150,macro,3,3,0.99,0.36087484811664644,0.22065378900445765,0.99,147,3,1.0,1.0,3,147,0.0,0.99,1.0,0.9949579547569497,1.0,"{""background_inner_edge"": 6.0, ""background_intensity"": 3.0, ""background_size"": 2700, ""background_strip_height"": 10.0, ""background_support_area"": 900.0, ""controlled_factor"": ""global_background_support_at_fixed_local_intensity"", ""declared_noise_fraction"": 0.9, ""dimension"": 2, ""family"": ""global_contamination_invariance"", ""n"": 3000, ""n_targets"": 3, ""paired_background"": ""seeded_prefix"", ""realized_noise_fraction"": 0.9, ""signal_size"": 300}","{""eps"": 0.5049988031387329, ""eps_quantile"": 0.25, ""geometry_profile"": ""low_dim"", ""k"": 4, ""knn_backend"": ""kd_tree"", ""min_samples"": 5}"
ok,synthetic,global_contamination_noise90__quality__signal300__n3000,kNN-DBSCAN,233,0.2.4,3000,2,0.002664200001163408,0.023489899991545826,4.895546899992041,183.55078125,1.26953125,184.03125,,0.9307019958943067,0.9546517669298397,151,151,0.6085185185185186,known_synthetic_noise,0.7892592592592593,0.5541052434323244,51.333333333333336,3,3,0.1,0.9,full_partition,target-discovery-v1,0,0.05,0.9700000000000001,0.9847018074449648,0.03,1.0,3,pairwise_f1,hungarian,1.0,0,154,0.8547218806681061,0.7550551470588236,0.7550551470588236,0.5506666666666666,0.9945520581113801,0.6085185185185186,0.8554198426546669,0.7841948700679127,0.9408754208754209,0.5506666666666666,154,macro,3,3,0.97,0.3531553398058252,0.2158753709198813,0.97,151,3,1.0,1.0,3,151,0.0,0.97,1.0,0.9847018074449647,1.0,"{""background_inner_edge"": 6.0, ""background_intensity"": 3.0, ""background_size"": 2700, ""background_strip_height"": 10.0, ""background_support_area"": 900.0, ""controlled_factor"": ""global_background_support_at_fixed_local_intensity"", ""declared_noise_fraction"": 0.9, ""dimension"": 2, ""family"": ""global_contamination_invariance"", ""n"": 3000, ""n_targets"": 3, ""paired_background"": ""seeded_prefix"", ""realized_noise_fraction"": 0.9, ""signal_size"": 300}","{""eps"": 0.4989423155784607, ""eps_quantile"": 0.25, ""geometry_profile"": ""low_dim"", ""k"": 4, ""knn_backend"": ""kd_tree"", ""min_samples"": 5}"
ok,synthetic,global_contamination_noise95__quality__signal300__n6000,AMD-DBSCAN,211,0.2.4,6000,2,0.0023098000092431903,0.73650670000643,5.601544499993906,731.73046875,549.4375,731.73046875,,1.0,1.0,2,0,0.0,known_synthetic_noise,0.5,0.047619047619047616,1.0,3,1,0.1,0.9,full_partition,target-discovery-v1,0,0.05,1.0,0.3770491803278688,0.0,0.3559322033898305,3,pairwise_f1,hungarian,1.0,0,3,0.0,0.0,0.0,0.0,0.0,0.0,0.0034062172065578286,0.001706014130622092,1.0,0.0,3,macro,1,1,1.0,0.09523809523809523,0.05,1.0,2,3,0.3333333333333333,0.3333333333333333,3,0,0.0,1.0,0.3333333333333333,0.3770491803278689,0.3559322033898305,"{""background_inner_edge"": 6.0, ""background_intensity"": 3.0, ""background_size"": 5700, ""background_strip_height"": 10.0, ""background_support_area"": 1900.0, ""controlled_factor"": ""global_background_support_at_fixed_local_intensity"", ""declared_noise_fraction"": 0.95, ""dimension"": 2, ""family"": ""global_contamination_invariance"", ""n"": 6000, ""n_targets"": 3, ""paired_background"": ""seeded_prefix"", ""realized_noise_fraction"": 0.95, ""signal_size"": 300}","{""adaptive_rank"": 39, ""balance_rounds"": 3, ""eps_values"": [1.828988742890655, 2.128734224236901, 2.4606936092485188], ""geometry_profile"": ""low_dim"", ""knn_backend"": ""kd_tree"", ""n_density_levels"": 3}"
ok,synthetic,global_contamination_noise95__quality__signal300__n6000,AMD-DBSCAN,223,0.2.4,6000,2,0.0025234000058844686,0.7709047999960603,5.717758400001912,732.22265625,549.44140625,732.22265625,,1.0,1.0,2,1,0.0,known_synthetic_noise,0.5,0.047619047619047616,1.3333333333333333,3,2,0.1,0.9,full_partition,target-discovery-v1,0,0.05,1.0,0.6885245901639344,0.0,0.6779661016949152,3,pairwise_f1,hungarian,1.0,0,4,0.0,0.0,0.0,0.0,0.0,0.0,0.003521314624126341,0.0017637626937466596,1.0,0.0,4,macro,2,2,1.0,0.09523809523809523,0.05,1.0,2,3,0.6666666666666666,0.6666666666666666,3,1,0.0,1.0,0.6666666666666666,0.6885245901639344,0.6779661016949152,"{""background_inner_edge"": 6.0, ""background_intensity"": 3.0, ""background_size"": 5700, ""background_strip_height"": 10.0, ""background_support_area"": 1900.0, ""controlled_factor"": ""global_background_support_at_fixed_local_intensity"", ""declared_noise_fraction"": 0.95, ""dimension"": 2, ""family"": ""global_contamination_invariance"", ""n"": 6000, ""n_targets"": 3, ""paired_background"": ""seeded_prefix"", ""realized_noise_fraction"": 0.95, ""signal_size"": 300}","{""adaptive_rank"": 39, ""balance_rounds"": 3, ""eps_values"": [1.79977646297479, 2.112002510576004, 2.4832076822395144], ""geometry_profile"": ""low_dim"", ""knn_backend"": ""kd_tree"", ""n_density_levels"": 3}"
ok,synthetic,global_contamination_noise95__quality__signal300__n6000,AMD-DBSCAN,227,0.2.4,6000,2,0.0024167000083252788,0.7906404999957886,5.76400919999287,731.65625,549.44140625,731.65625,,1.0,1.0,2,2,0.0,known_synthetic_noise,0.5,0.047619047619047616,1.6666666666666667,3,3,0.1,0.9,full_partition,target-discovery-v1,0,0.05,1.0,1.0,0.0,1.0,3,pairwise_f1,hungarian,1.0,0,5,0.0,0.0,0.0,0.0,0.0,0.0,0.003644462441789836,0.0018255578093306288,1.0,0.0,5,macro,3,3,1.0,0.09523809523809523,0.05,1.0,2,3,1.0,1.0,3,2,0.0,1.0,1.0,1.0,1.0,"{""background_inner_edge"": 6.0, ""background_intensity"": 3.0, ""background_size"": 5700, ""background_strip_height"": 10.0, ""background_support_area"": 1900.0, ""controlled_factor"": ""global_background_support_at_fixed_local_intensity"", ""declared_noise_fraction"": 0.95, ""dimension"": 2, ""family"": ""global_contamination_invariance"", ""n"": 6000, ""n_targets"": 3, ""paired_background"": ""seeded_prefix"", ""realized_noise_fraction"": 0.95, ""signal_size"": 300}","{""adaptive_rank"": 39, ""balance_rounds"": 3, ""eps_values"": [1.8027417950824118, 2.1183571325352735, 2.490050090974479], ""geometry_profile"": ""low_dim"", ""knn_backend"": ""kd_tree"", ""n_density_levels"": 3}"
ok,synthetic,global_contamination_noise95__quality__signal300__n6000,AMD-DBSCAN,229,0.2.4,6000,2,0.0024539999867556617,0.7675191000016639,5.734388299999409,731.6796875,549.4453125,731.66796875,,1.0,1.0,2,0,0.0,known_synthetic_noise,0.5,0.047619047619047616,1.0,3,1,0.1,0.9,full_partition,target-discovery-v1,0,0.05,1.0,0.3770491803278688,0.0,0.3559322033898305,3,pairwise_f1,hungarian,1.0,0,3,0.0,0.0,0.0,0.0,0.0,0.0,0.0034062172065578286,0.001706014130622092,1.0,0.0,3,macro,1,1,1.0,0.09523809523809523,0.05,1.0,2,3,0.3333333333333333,0.3333333333333333,3,0,0.0,1.0,0.3333333333333333,0.3770491803278689,0.3559322033898305,"{""background_inner_edge"": 6.0, ""background_intensity"": 3.0, ""background_size"": 5700, ""background_strip_height"": 10.0, ""background_support_area"": 1900.0, ""controlled_factor"": ""global_background_support_at_fixed_local_intensity"", ""declared_noise_fraction"": 0.95, ""dimension"": 2, ""family"": ""global_contamination_invariance"", ""n"": 6000, ""n_targets"": 3, ""paired_background"": ""seeded_prefix"", ""realized_noise_fraction"": 0.95, ""signal_size"": 300}","{""adaptive_rank"": 39, ""balance_rounds"": 3, ""eps_values"": [1.805800906572272, 2.120874265913284, 2.478198589006043], ""geometry_profile"": ""low_dim"", ""knn_backend"": ""kd_tree"", ""n_density_levels"": 3}"
ok,synthetic,global_contamination_noise95__quality__signal300__n6000,AMD-DBSCAN,233,0.2.4,6000,2,0.00226170000678394,0.7535472999879858,5.5379117999982554,731.47265625,549.43359375,731.47265625,,1.0,1.0,2,0,0.0,known_synthetic_noise,0.5,0.047619047619047616,1.0,3,1,0.1,0.9,full_partition,target-discovery-v1,0,0.05,1.0,0.3770491803278688,0.0,0.3559322033898305,3,pairwise_f1,hungarian,1.0,0,3,0.0,0.0,0.0,0.0,0.0,0.0,0.0034062172065578286,0.001706014130622092,1.0,0.0,3,macro,1,1,1.0,0.09523809523809523,0.05,1.0,2,3,0.3333333333333333,0.3333333333333333,3,0,0.0,1.0,0.3333333333333333,0.3770491803278689,0.3559322033898305,"{""background_inner_edge"": 6.0, ""background_intensity"": 3.0, ""background_size"": 5700, ""background_strip_height"": 10.0, ""background_support_area"": 1900.0, ""controlled_factor"": ""global_background_support_at_fixed_local_intensity"", ""declared_noise_fraction"": 0.95, ""dimension"": 2, ""family"": ""global_contamination_invariance"", ""n"": 6000, ""n_targets"": 3, ""paired_background"": ""seeded_prefix"", ""realized_noise_fraction"": 0.95, ""signal_size"": 300}","{""adaptive_rank"": 39, ""balance_rounds"": 3, ""eps_values"": [1.7970747724502307, 2.1248960826518766, 2.488430697880145], ""geometry_profile"": ""low_dim"", ""knn_backend"": ""kd_tree"", ""n_density_levels"": 3}"
ok,synthetic,global_contamination_noise95__quality__signal300__n6000,DBSCAN,211,0.2.4,6000,2,0.0029575000080512837,0.08317349999560975,5.367876799995429,185.2578125,2.7890625,185.59765625,,0.9740051210129412,0.9849751463816282,360,360,0.3068421052631579,known_synthetic_noise,0.648421052631579,0.30000552347690124,121.0,3,3,0.1,0.9,full_partition,target-discovery-v1,0,0.05,0.9899999999999999,0.9949579547569497,0.01,1.0,3,pairwise_f1,hungarian,1.0,0,363,0.6378714887469874,0.4694041867954912,0.4694041867954912,0.292,0.9982876712328768,0.3068421052631579,0.4904960905904557,0.32710028318424955,0.9800673400673401,0.292,363,macro,3,3,0.99,0.13060686015831136,0.06991525423728813,0.99,360,3,1.0,1.0,3,360,0.0,0.99,1.0,0.9949579547569497,1.0,"{""background_inner_edge"": 6.0, ""background_intensity"": 3.0, ""background_size"": 5700, ""background_strip_height"": 10.0, ""background_support_area"": 1900.0, ""controlled_factor"": ""global_background_support_at_fixed_local_intensity"", ""declared_noise_fraction"": 0.95, ""dimension"": 2, ""family"": ""global_contamination_invariance"", ""n"": 6000, ""n_targets"": 3, ""paired_background"": ""seeded_prefix"", ""realized_noise_fraction"": 0.95, ""signal_size"": 300}","{""base_eps"": 0.8600139021873474, ""eps"": 0.6020097315311431, ""eps_multiplier"": 0.7, ""geometry_profile"": ""low_dim"", ""knn_backend"": ""kd_tree"", ""min_samples"": 5}"
ok,synthetic,global_contamination_noise95__quality__signal300__n6000,DBSCAN,223,0.2.4,6000,2,0.0028088999970350415,0.08456450000812765,5.367076299997279,185.22265625,2.78515625,185.546875,,0.9851989977985108,0.9901010167892863,386,386,0.3310526315789474,known_synthetic_noise,0.6621929824561403,0.3162077377024263,129.66666666666666,3,3,0.1,0.9,full_partition,target-discovery-v1,0,0.05,0.9933333333333333,0.9966329966329966,0.006666666666666667,1.0,3,pairwise_f1,hungarian,1.0,0,389,0.663516691207173,0.4972987218342337,0.4972987218342337,0.31483333333333335,0.9989412387506618,0.3310526315789474,0.5278173009383499,0.3602635655102894,0.9867340067340067,0.31483333333333335,389,macro,3,3,0.9933333333333333,0.13511675357061892,0.07248844563366577,0.9933333333333333,386,3,1.0,1.0,3,386,0.0,0.9933333333333333,1.0,0.9966329966329965,1.0,"{""background_inner_edge"": 6.0, ""background_intensity"": 3.0, ""background_size"": 5700, ""background_strip_height"": 10.0, ""background_support_area"": 1900.0, ""controlled_factor"": ""global_background_support_at_fixed_local_intensity"", ""declared_noise_fraction"": 0.95, ""dimension"": 2, ""family"": ""global_contamination_invariance"", ""n"": 6000, ""n_targets"": 3, ""paired_background"": ""seeded_prefix"", ""realized_noise_fraction"": 0.95, ""signal_size"": 300}","{""base_eps"": 0.8502297401428223, ""eps"": 0.5951608180999756, ""eps_multiplier"": 0.7, ""geometry_profile"": ""low_dim"", ""knn_backend"": ""kd_tree"", ""min_samples"": 5}"
ok,synthetic,global_contamination_noise95__quality__signal300__n6000,DBSCAN,227,0.2.4,6000,2,0.0024704999959794804,0.07624049999867566,5.20994120000978,185.296875,2.7890625,185.6171875,,0.9740051210129412,0.9849751463816282,363,363,0.33210526315789474,known_synthetic_noise,0.6610526315789473,0.31664880268261086,122.0,3,3,0.1,0.9,full_partition,target-discovery-v1,0,0.05,0.9899999999999999,0.9949579547569497,0.01,1.0,3,pairwise_f1,hungarian,1.0,0,366,0.6641414369891379,0.4984202211690364,0.4984202211690364,0.316,0.9984177215189873,0.33210526315789474,0.5006363730177841,0.3361822045643537,0.9800673400673401,0.316,366,macro,3,3,0.99,0.13487738419618528,0.07236842105263158,0.99,363,3,1.0,1.0,3,363,0.0,0.99,1.0,0.9949579547569497,1.0,"{""background_inner_edge"": 6.0, ""background_intensity"": 3.0, ""background_size"": 5700, ""background_strip_height"": 10.0, ""background_support_area"": 1900.0, ""controlled_factor"": ""global_background_support_at_fixed_local_intensity"", ""declared_noise_fraction"": 0.95, ""dimension"": 2, ""family"": ""global_contamination_invariance"", ""n"": 6000, ""n_targets"": 3, ""paired_background"": ""seeded_prefix"", ""realized_noise_fraction"": 0.95, ""signal_size"": 300}","{""base_eps"": 0.8616440296173096, ""eps"": 0.6031508207321167, ""eps_multiplier"": 0.7, ""geometry_profile"": ""low_dim"", ""knn_backend"": ""kd_tree"", ""min_samples"": 5}"
ok,synthetic,global_contamination_noise95__quality__signal300__n6000,DBSCAN,229,0.2.4,6000,2,0.0024298999924212694,0.0742381000018213,5.135268099998939,185.75390625,2.8125,186.08984375,,0.9914959434433548,0.9950082639109167,402,402,0.3217543859649123,known_synthetic_noise,0.6592105263157895,0.3103627639882861,135.0,3,3,0.1,0.9,full_partition,target-discovery-v1,0,0.05,0.9966666666666667,0.9983249581239532,0.0033333333333333335,1.0,3,pairwise_f1,hungarian,1.0,0,405,0.654465070496071,0.48679495686794955,0.48679495686794955,0.30583333333333335,0.9994550408719346,0.3217543859649123,0.5239955951831196,0.35585737720737237,0.9933333333333333,0.30583333333333335,405,macro,3,3,0.9966666666666667,0.1339305711086226,0.07178871548619448,0.9966666666666667,402,3,1.0,1.0,3,402,0.0,0.9966666666666667,1.0,0.9983249581239529,1.0,"{""background_inner_edge"": 6.0, ""background_intensity"": 3.0, ""background_size"": 5700, ""background_strip_height"": 10.0, ""background_support_area"": 1900.0, ""controlled_factor"": ""global_background_support_at_fixed_local_intensity"", ""declared_noise_fraction"": 0.95, ""dimension"": 2, ""family"": ""global_contamination_invariance"", ""n"": 6000, ""n_targets"": 3, ""paired_background"": ""seeded_prefix"", ""realized_noise_fraction"": 0.95, ""signal_size"": 300}","{""base_eps"": 0.8531666398048401, ""eps"": 0.597216647863388, ""eps_multiplier"": 0.7, ""geometry_profile"": ""low_dim"", ""knn_backend"": ""kd_tree"", ""min_samples"": 5}"
ok,synthetic,global_contamination_noise95__quality__signal300__n6000,DBSCAN,233,0.2.4,6000,2,0.0022438000014517456,0.07414919999428093,5.286665199993877,185.4296875,2.77734375,185.734375,,0.9698276113084682,0.9848231208333376,368,368,0.3075438596491228,known_synthetic_noise,0.6487719298245613,0.30047357643716377,123.66666666666667,3,3,0.1,0.9,full_partition,target-discovery-v1,0,0.05,0.9899999999999999,0.9949748743718593,0.01,1.0,3,pairwise_f1,hungarian,1.0,0,371,0.6386327025706745,0.470225321888412,0.470225321888412,0.2926666666666667,0.9982915717539863,0.3075438596491228,0.4827025771999071,0.32021211054391835,0.98,0.2926666666666667,371,macro,3,3,0.99,0.1307218309859155,0.06998114985862394,0.99,368,3,1.0,1.0,3,368,0.0,0.99,1.0,0.9949748743718594,1.0,"{""background_inner_edge"": 6.0, ""background_intensity"": 3.0, ""background_size"": 5700, ""background_strip_height"": 10.0, ""background_support_area"": 1900.0, ""controlled_factor"": ""global_background_support_at_fixed_local_intensity"", ""declared_noise_fraction"": 0.95, ""dimension"": 2, ""family"": ""global_contamination_invariance"", ""n"": 6000, ""n_targets"": 3, ""paired_background"": ""seeded_prefix"", ""realized_noise_fraction"": 0.95, ""signal_size"": 300}","{""base_eps"": 0.8544924855232239, ""eps"": 0.5981447398662567, ""eps_multiplier"": 0.7, ""geometry_profile"": ""low_dim"", ""knn_backend"": ""kd_tree"", ""min_samples"": 5}"
ok,synthetic,global_contamination_noise95__quality__signal300__n6000,HDBSCAN,211,0.2.4,6000,2,0.0022806000051787123,0.436582800000906,5.417674600001192,185.33203125,2.91796875,185.5625,,1.0,1.0,2,1,0.0,known_synthetic_noise,0.5,0.047619047619047616,1.3333333333333333,3,2,0.1,0.9,full_partition,target-discovery-v1,0,0.05,1.0,0.6885245901639344,0.0,0.6779661016949152,3,pairwise_f1,hungarian,1.0,0,4,0.0,0.0,0.0,0.0,0.0,0.0,0.003521314624126341,0.0017637626937466596,1.0,0.0,4,macro,2,2,1.0,0.09523809523809523,0.05,1.0,2,3,0.6666666666666666,0.6666666666666666,3,1,0.0,1.0,0.6666666666666666,0.6885245901639344,0.6779661016949152,"{""background_inner_edge"": 6.0, ""background_intensity"": 3.0, ""background_size"": 5700, ""background_strip_height"": 10.0, ""background_support_area"": 1900.0, ""controlled_factor"": ""global_background_support_at_fixed_local_intensity"", ""declared_noise_fraction"": 0.95, ""dimension"": 2, ""family"": ""global_contamination_invariance"", ""n"": 6000, ""n_targets"": 3, ""paired_background"": ""seeded_prefix"", ""realized_noise_fraction"": 0.95, ""signal_size"": 300}","{""geometry_profile"": ""low_dim"", ""knn_backend"": ""kd_tree"", ""min_cluster_size"": 40, ""min_samples"": 5}"
ok,synthetic,global_contamination_noise95__quality__signal300__n6000,HDBSCAN,223,0.2.4,6000,2,0.002288899995619431,0.4507772000069963,5.242806299997028,185.6796875,3.05859375,185.90234375,,1.0,1.0,2,2,0.0,known_synthetic_noise,0.5,0.047619047619047616,1.6666666666666667,3,3,0.1,0.9,full_partition,target-discovery-v1,0,0.05,1.0,1.0,0.0,1.0,3,pairwise_f1,hungarian,1.0,0,5,0.0,0.0,0.0,0.0,0.0,0.0,0.003644462441789836,0.0018255578093306288,1.0,0.0,5,macro,3,3,1.0,0.09523809523809523,0.05,1.0,2,3,1.0,1.0,3,2,0.0,1.0,1.0,1.0,1.0,"{""background_inner_edge"": 6.0, ""background_intensity"": 3.0, ""background_size"": 5700, ""background_strip_height"": 10.0, ""background_support_area"": 1900.0, ""controlled_factor"": ""global_background_support_at_fixed_local_intensity"", ""declared_noise_fraction"": 0.95, ""dimension"": 2, ""family"": ""global_contamination_invariance"", ""n"": 6000, ""n_targets"": 3, ""paired_background"": ""seeded_prefix"", ""realized_noise_fraction"": 0.95, ""signal_size"": 300}","{""geometry_profile"": ""low_dim"", ""knn_backend"": ""kd_tree"", ""min_cluster_size"": 40, ""min_samples"": 5}"
ok,synthetic,global_contamination_noise95__quality__signal300__n6000,HDBSCAN,227,0.2.4,6000,2,0.0026214999961666763,0.44801940000616014,5.210296000004746,185.0234375,2.8828125,185.25,,1.0,1.0,2,2,0.0,known_synthetic_noise,0.5,0.047619047619047616,1.6666666666666667,3,3,0.1,0.9,full_partition,target-discovery-v1,0,0.05,1.0,1.0,0.0,1.0,3,pairwise_f1,hungarian,1.0,0,5,0.0,0.0,0.0,0.0,0.0,0.0,0.003644462441789836,0.0018255578093306288,1.0,0.0,5,macro,3,3,1.0,0.09523809523809523,0.05,1.0,2,3,1.0,1.0,3,2,0.0,1.0,1.0,1.0,1.0,"{""background_inner_edge"": 6.0, ""background_intensity"": 3.0, ""background_size"": 5700, ""background_strip_height"": 10.0, ""background_support_area"": 1900.0, ""controlled_factor"": ""global_background_support_at_fixed_local_intensity"", ""declared_noise_fraction"": 0.95, ""dimension"": 2, ""family"": ""global_contamination_invariance"", ""n"": 6000, ""n_targets"": 3, ""paired_background"": ""seeded_prefix"", ""realized_noise_fraction"": 0.95, ""signal_size"": 300}","{""geometry_profile"": ""low_dim"", ""knn_backend"": ""kd_tree"", ""min_cluster_size"": 40, ""min_samples"": 5}"
ok,synthetic,global_contamination_noise95__quality__signal300__n6000,HDBSCAN,229,0.2.4,6000,2,0.0025006999931065366,0.42422200000146404,5.185829500012915,185.5390625,2.8984375,185.76171875,,1.0,1.0,2,2,0.0,known_synthetic_noise,0.5,0.047619047619047616,1.6666666666666667,3,3,0.1,0.9,full_partition,target-discovery-v1,0,0.05,1.0,1.0,0.0,1.0,3,pairwise_f1,hungarian,1.0,0,5,0.0,0.0,0.0,0.0,0.0,0.0,0.003644462441789836,0.0018255578093306288,1.0,0.0,5,macro,3,3,1.0,0.09523809523809523,0.05,1.0,2,3,1.0,1.0,3,2,0.0,1.0,1.0,1.0,1.0,"{""background_inner_edge"": 6.0, ""background_intensity"": 3.0, ""background_size"": 5700, ""background_strip_height"": 10.0, ""background_support_area"": 1900.0, ""controlled_factor"": ""global_background_support_at_fixed_local_intensity"", ""declared_noise_fraction"": 0.95, ""dimension"": 2, ""family"": ""global_contamination_invariance"", ""n"": 6000, ""n_targets"": 3, ""paired_background"": ""seeded_prefix"", ""realized_noise_fraction"": 0.95, ""signal_size"": 300}","{""geometry_profile"": ""low_dim"", ""knn_backend"": ""kd_tree"", ""min_cluster_size"": 40, ""min_samples"": 5}"
ok,synthetic,global_contamination_noise95__quality__signal300__n6000,HDBSCAN,233,0.2.4,6000,2,0.002282400004332885,0.4112364000029629,5.104162999996333,185.546875,2.8359375,185.79296875,,0.9914959434433546,0.9950082639109167,2,1,0.00017543859649122806,known_synthetic_noise,0.5000877192982456,0.0478020152211886,1.6666666666666667,4,3,0.1,0.9,full_partition,target-discovery-v1,0,0.05,0.9966666666666667,0.9983249581239532,0.0,1.0,3,pairwise_f1,hungarian,1.0,0,5,0.0007013848231386383,0.00035081564637782847,0.00035081564637782847,0.00016666666666666666,1.0,0.00017543859649122806,0.0036202100045758805,0.001813409493827511,0.9933333333333333,0.00016666666666666666,5,macro,3,3,1.0,0.09525321479599937,0.050008334722453744,1.0,2,3,1.0,1.0,3,2,0.0,0.9966666666666667,1.0,0.9983249581239529,1.0,"{""background_inner_edge"": 6.0, ""background_intensity"": 3.0, ""background_size"": 5700, ""background_strip_height"": 10.0, ""background_support_area"": 1900.0, ""controlled_factor"": ""global_background_support_at_fixed_local_intensity"", ""declared_noise_fraction"": 0.95, ""dimension"": 2, ""family"": ""global_contamination_invariance"", ""n"": 6000, ""n_targets"": 3, ""paired_background"": ""seeded_prefix"", ""realized_noise_fraction"": 0.95, ""signal_size"": 300}","{""geometry_profile"": ""low_dim"", ""knn_backend"": ""kd_tree"", ""min_cluster_size"": 40, ""min_samples"": 5}"
ok,synthetic,global_contamination_noise95__quality__signal300__n6000,OPTICS,211,0.2.4,6000,2,0.0027851999911945313,8.139757299999474,12.919945200002985,185.11328125,2.4296875,185.44140625,,0.9347450678461756,0.927229012422447,3,3,0.48473684210526313,known_synthetic_noise,0.7140350877192982,0.4062231989708404,2.0,3,3,0.1,0.9,full_partition,target-discovery-v1,0,0.05,0.9433333333333334,0.9690346083788706,0.05666666666666667,1.0,3,pairwise_f1,hungarian,1.0,0,6,0.7792656830216667,0.6516509433962263,0.6516509433962263,0.4633333333333333,0.9938848920863309,0.48473684210526313,0.006518817615949371,0.003271311290978996,0.8958249158249159,0.4633333333333333,6,macro,3,3,0.9433333333333334,0.16079545454545455,0.08788819875776398,0.9433333333333334,3,3,1.0,1.0,3,3,0.0,0.9433333333333334,1.0,0.9690346083788707,1.0,"{""background_inner_edge"": 6.0, ""background_intensity"": 3.0, ""background_size"": 5700, ""background_strip_height"": 10.0, ""background_support_area"": 1900.0, ""controlled_factor"": ""global_background_support_at_fixed_local_intensity"", ""declared_noise_fraction"": 0.95, ""dimension"": 2, ""family"": ""global_contamination_invariance"", ""n"": 6000, ""n_targets"": 3, ""paired_background"": ""seeded_prefix"", ""realized_noise_fraction"": 0.95, ""signal_size"": 300}","{""geometry_profile"": ""low_dim"", ""knn_backend"": ""kd_tree"", ""max_eps"": 1.027344822883606, ""max_eps_quantile"": 0.98, ""min_cluster_size"": 40, ""min_samples"": 5, ""xi"": 0.1}"
ok,synthetic,global_contamination_noise95__quality__signal300__n6000,OPTICS,223,0.2.4,6000,2,0.0022693000064464286,8.125765100005083,12.879121699996176,184.953125,2.35546875,185.27734375,,0.8795826736176364,0.8864647303150186,2,2,0.49122807017543857,known_synthetic_noise,0.7056140350877194,0.4078858907280816,1.6666666666666667,3,3,0.1,0.9,full_partition,target-discovery-v1,0,0.05,0.9199999999999999,0.9569447983615995,0.08,1.0,3,pairwise_f1,hungarian,1.0,0,5,0.7790785577922407,0.6569685593618019,0.6569685593618019,0.4706666666666667,0.9915014164305949,0.49122807017543857,0.006195695387221151,0.00310917152677282,0.8505723905723905,0.4706666666666667,5,macro,3,3,0.92,0.15880322209436135,0.08690176322418136,0.92,2,3,1.0,1.0,3,2,0.0,0.92,1.0,0.9569447983615995,1.0,"{""background_inner_edge"": 6.0, ""background_intensity"": 3.0, ""background_size"": 5700, ""background_strip_height"": 10.0, ""background_support_area"": 1900.0, ""controlled_factor"": ""global_background_support_at_fixed_local_intensity"", ""declared_noise_fraction"": 0.95, ""dimension"": 2, ""family"": ""global_contamination_invariance"", ""n"": 6000, ""n_targets"": 3, ""paired_background"": ""seeded_prefix"", ""realized_noise_fraction"": 0.95, ""signal_size"": 300}","{""geometry_profile"": ""low_dim"", ""knn_backend"": ""kd_tree"", ""max_eps"": 1.0293833017349243, ""max_eps_quantile"": 0.98, ""min_cluster_size"": 40, ""min_samples"": 5, ""xi"": 0.1}"
ok,synthetic,global_contamination_noise95__quality__signal300__n6000,OPTICS,227,0.2.4,6000,2,0.0026202999870292842,8.00871979999647,12.780577900004573,185.30859375,2.33984375,185.6328125,,0.7244002560990298,0.7066026902035921,2,2,0.002456140350877193,known_synthetic_noise,0.4095614035087719,0.041746295112597316,1.6666666666666667,3,3,0.1,0.9,full_partition,target-discovery-v1,0,0.05,0.8166666666666668,0.8989630715063447,0.18333333333333335,1.0,3,pairwise_f1,hungarian,1.0,0,5,0.0096549277164778,0.004853527474432311,0.004853527474432311,0.0115,0.2028985507246377,0.002456140350877193,0.0024398552966168876,0.0012221670219113643,0.6657912457912458,0.0115,5,macro,3,2,0.8166666666666667,0.07863906275076232,0.04130837969988198,0.8166666666666667,2,3,1.0,1.0,3,2,0.0,0.8166666666666667,1.0,0.8989630715063447,1.0,"{""background_inner_edge"": 6.0, ""background_intensity"": 3.0, ""background_size"": 5700, ""background_strip_height"": 10.0, ""background_support_area"": 1900.0, ""controlled_factor"": ""global_background_support_at_fixed_local_intensity"", ""declared_noise_fraction"": 0.95, ""dimension"": 2, ""family"": ""global_contamination_invariance"", ""n"": 6000, ""n_targets"": 3, ""paired_background"": ""seeded_prefix"", ""realized_noise_fraction"": 0.95, ""signal_size"": 300}","{""geometry_profile"": ""low_dim"", ""knn_backend"": ""kd_tree"", ""max_eps"": 1.039868950843811, ""max_eps_quantile"": 0.98, ""min_cluster_size"": 40, ""min_samples"": 5, ""xi"": 0.1}"
ok,synthetic,global_contamination_noise95__quality__signal300__n6000,OPTICS,229,0.2.4,6000,2,0.002496199987945147,8.118089700001292,13.190007299999706,184.73828125,2.3359375,185.06640625,,0.9590489141572794,0.9624826788578411,2,2,0.0008771929824561404,known_synthetic_noise,0.48710526315789476,0.04732024225094354,1.6666666666666667,3,3,0.1,0.9,full_partition,target-discovery-v1,0,0.05,0.9733333333333333,0.9861111111111112,0.02666666666666667,1.0,3,pairwise_f1,hungarian,1.0,0,5,0.0034945846243198482,0.001750393838613688,0.001750393838613688,0.0021666666666666666,0.38461538461538464,0.0008771929824561404,0.003463338851907842,0.0017348365298983422,0.9485521885521886,0.0021666666666666666,5,macro,3,3,0.9733333333333334,0.0928900906632734,0.04877234007015199,0.9733333333333334,2,3,1.0,1.0,3,2,0.0,0.9733333333333334,1.0,0.9861111111111113,1.0,"{""background_inner_edge"": 6.0, ""background_intensity"": 3.0, ""background_size"": 5700, ""background_strip_height"": 10.0, ""background_support_area"": 1900.0, ""controlled_factor"": ""global_background_support_at_fixed_local_intensity"", ""declared_noise_fraction"": 0.95, ""dimension"": 2, ""family"": ""global_contamination_invariance"", ""n"": 6000, ""n_targets"": 3, ""paired_background"": ""seeded_prefix"", ""realized_noise_fraction"": 0.95, ""signal_size"": 300}","{""geometry_profile"": ""low_dim"", ""knn_backend"": ""kd_tree"", ""max_eps"": 1.044228196144104, ""max_eps_quantile"": 0.98, ""min_cluster_size"": 40, ""min_samples"": 5, ""xi"": 0.1}"
ok,synthetic,global_contamination_noise95__quality__signal300__n6000,OPTICS,233,0.2.4,6000,2,0.0026745000068331137,7.9846150999946985,13.03501320000214,184.64453125,2.48046875,185.015625,,0.7464308678484358,0.6728373608059193,4,4,0.4766666666666667,known_synthetic_noise,0.5900000000000001,0.37981082345860173,2.3333333333333335,3,3,0.1,0.9,full_partition,target-discovery-v1,0,0.05,0.7033333333333333,0.800612642717906,0.29666666666666663,1.0,3,pairwise_f1,hungarian,1.0,0,7,0.7106378867438965,0.6388431695273924,0.6388431695273924,0.4676666666666667,0.9682822523164647,0.4766666666666667,0.004021263009446664,0.002017965914922164,0.5531986531986532,0.4676666666666667,7,macro,2,1,0.7033333333333334,0.1207784773898111,0.06606136505948654,0.7033333333333334,4,3,1.0,0.6666666666666666,3,4,0.0,0.7033333333333334,1.0,0.8006126427179059,1.0,"{""background_inner_edge"": 6.0, ""background_intensity"": 3.0, ""background_size"": 5700, ""background_strip_height"": 10.0, ""background_support_area"": 1900.0, ""controlled_factor"": ""global_background_support_at_fixed_local_intensity"", ""declared_noise_fraction"": 0.95, ""dimension"": 2, ""family"": ""global_contamination_invariance"", ""n"": 6000, ""n_targets"": 3, ""paired_background"": ""seeded_prefix"", ""realized_noise_fraction"": 0.95, ""signal_size"": 300}","{""geometry_profile"": ""low_dim"", ""knn_backend"": ""kd_tree"", ""max_eps"": 1.0338069200515747, ""max_eps_quantile"": 0.98, ""min_cluster_size"": 40, ""min_samples"": 5, ""xi"": 0.1}"
ok,synthetic,global_contamination_noise95__quality__signal300__n6000,SNN-DBSCAN,211,0.2.4,6000,2,0.002345400003832765,0.09622269999817945,6.316982399992412,227.41796875,4.0859375,227.41796875,,0.9681462648043433,0.9800866408299869,109,109,0.0612280701754386,known_synthetic_noise,0.5239473684210526,0.10743035477407112,37.333333333333336,3,3,0.1,0.9,full_partition,target-discovery-v1,0,0.05,0.9866666666666667,0.9932488159919735,0.013333333333333334,1.0,3,pairwise_f1,hungarian,1.0,0,112,0.2066389617992118,0.11531471997356682,0.11531471997356682,0.058833333333333335,0.9886685552407932,0.0612280701754386,0.09771808632879564,0.05144070992947673,0.9735353535353536,0.058833333333333335,112,macro,3,3,0.9866666666666667,0.09954598957457542,0.05241721267929874,0.9866666666666667,109,3,1.0,1.0,3,109,0.0,0.9866666666666667,1.0,0.9932488159919735,1.0,"{""background_inner_edge"": 6.0, ""background_intensity"": 3.0, ""background_size"": 5700, ""background_strip_height"": 10.0, ""background_support_area"": 1900.0, ""controlled_factor"": ""global_background_support_at_fixed_local_intensity"", ""declared_noise_fraction"": 0.95, ""dimension"": 2, ""family"": ""global_contamination_invariance"", ""n"": 6000, ""n_targets"": 3, ""paired_background"": ""seeded_prefix"", ""realized_noise_fraction"": 0.95, ""signal_size"": 300}","{""eps"": 13, ""geometry_profile"": ""low_dim"", ""k"": 20, ""knn_backend"": ""kd_tree"", ""min_samples"": 5}"
ok,synthetic,global_contamination_noise95__quality__signal300__n6000,SNN-DBSCAN,223,0.2.4,6000,2,0.002230400001280941,0.09551760001340881,6.268207299988717,231.5,8.328125,228.90625,,0.8736202923014496,0.8525372942325475,110,110,0.05912280701754386,known_synthetic_noise,0.5228947368421053,0.10545822986901139,38.0,4,3,0.1,0.9,full_partition,target-discovery-v1,1,0.05,0.8333333333333334,0.8913867583531694,0.013333333333333334,1.0,3,pairwise_f1,hungarian,1.3333333333333333,0,114,0.19831913615239288,0.11157093196490649,0.11157093196490649,0.05683333333333333,0.9882697947214076,0.05912280701754386,0.07728134689798324,0.04057053683736135,0.8123232323232323,0.05683333333333333,114,macro,2,2,0.9866666666666667,0.0993455277731163,0.052306061141544444,0.9866666666666667,110,3,1.0,0.6666666666666666,3,111,0.0,0.8333333333333334,1.0,0.8913867583531694,1.0,"{""background_inner_edge"": 6.0, ""background_intensity"": 3.0, ""background_size"": 5700, ""background_strip_height"": 10.0, ""background_support_area"": 1900.0, ""controlled_factor"": ""global_background_support_at_fixed_local_intensity"", ""declared_noise_fraction"": 0.95, ""dimension"": 2, ""family"": ""global_contamination_invariance"", ""n"": 6000, ""n_targets"": 3, ""paired_background"": ""seeded_prefix"", ""realized_noise_fraction"": 0.95, ""signal_size"": 300}","{""eps"": 13, ""geometry_profile"": ""low_dim"", ""k"": 20, ""knn_backend"": ""kd_tree"", ""min_samples"": 5}"
ok,synthetic,global_contamination_noise95__quality__signal300__n6000,SNN-DBSCAN,227,0.2.4,6000,2,0.0034374999959254637,0.09529889999248553,6.0297346000006655,228.7265625,5.57421875,225.81640625,,0.9106179149197398,0.8825635930965968,101,101,0.06771929824561404,known_synthetic_noise,0.533859649122807,0.11415134064765084,35.0,4,3,0.1,0.9,full_partition,target-discovery-v1,1,0.05,0.8866666666666667,0.9317269076305221,0.0,1.0,3,pairwise_f1,hungarian,1.3333333333333333,0,105,0.22329663753444126,0.1268485047650345,0.1268485047650345,0.06433333333333334,1.0,0.06771929824561404,0.0868190787094908,0.045749001077856045,0.8488888888888889,0.06433333333333334,105,macro,2,2,1.0,0.10145417653026716,0.053437833986462416,1.0,101,3,1.0,0.6666666666666666,3,102,0.0,0.8866666666666667,1.0,0.9317269076305221,1.0,"{""background_inner_edge"": 6.0, ""background_intensity"": 3.0, ""background_size"": 5700, ""background_strip_height"": 10.0, ""background_support_area"": 1900.0, ""controlled_factor"": ""global_background_support_at_fixed_local_intensity"", ""declared_noise_fraction"": 0.95, ""dimension"": 2, ""family"": ""global_contamination_invariance"", ""n"": 6000, ""n_targets"": 3, ""paired_background"": ""seeded_prefix"", ""realized_noise_fraction"": 0.95, ""signal_size"": 300}","{""eps"": 13, ""geometry_profile"": ""low_dim"", ""k"": 20, ""knn_backend"": ""kd_tree"", ""min_samples"": 5}"
ok,synthetic,global_contamination_noise95__quality__signal300__n6000,SNN-DBSCAN,229,0.2.4,6000,2,0.0025197000068146735,0.09487889999581967,6.067514100010158,230.8046875,7.53515625,227.35546875,,0.9851989977985108,0.9901010167892863,109,109,0.05789473684210526,known_synthetic_noise,0.5256140350877193,0.10464119868298477,37.333333333333336,3,3,0.1,0.9,full_partition,target-discovery-v1,0,0.05,0.9933333333333333,0.9966329966329966,0.006666666666666667,1.0,3,pairwise_f1,hungarian,1.0,0,112,0.1971847476547975,0.10941644562334217,0.10941644562334217,0.05533333333333333,0.9939759036144579,0.05789473684210526,0.080960721369807,0.04221209467401074,0.9867340067340067,0.05533333333333333,112,macro,3,3,0.9933333333333333,0.09986595174262736,0.05257586450247001,0.9933333333333333,109,3,1.0,1.0,3,109,0.0,0.9933333333333333,1.0,0.9966329966329965,1.0,"{""background_inner_edge"": 6.0, ""background_intensity"": 3.0, ""background_size"": 5700, ""background_strip_height"": 10.0, ""background_support_area"": 1900.0, ""controlled_factor"": ""global_background_support_at_fixed_local_intensity"", ""declared_noise_fraction"": 0.95, ""dimension"": 2, ""family"": ""global_contamination_invariance"", ""n"": 6000, ""n_targets"": 3, ""paired_background"": ""seeded_prefix"", ""realized_noise_fraction"": 0.95, ""signal_size"": 300}","{""eps"": 13, ""geometry_profile"": ""low_dim"", ""k"": 20, ""knn_backend"": ""kd_tree"", ""min_samples"": 5}"
ok,synthetic,global_contamination_noise95__quality__signal300__n6000,SNN-DBSCAN,233,0.2.4,6000,2,0.0024282999947899953,0.10174329999426845,5.991220500000054,233.00390625,9.6953125,227.44140625,,0.9546801493003191,0.9746739935059259,108,108,0.06982456140350878,known_synthetic_noise,0.526578947368421,0.1152392659270061,37.0,3,3,0.1,0.9,full_partition,target-discovery-v1,0,0.05,0.9833333333333334,0.9915909513899464,0.016666666666666666,1.0,3,pairwise_f1,hungarian,1.0,0,111,0.2305325149951297,0.1304276585285925,0.1304276585285925,0.06716666666666667,0.9875930521091811,0.06982456140350878,0.09724461182080493,0.051197107258242815,0.9668013468013468,0.06716666666666667,111,macro,3,3,0.9833333333333333,0.1000508733254197,0.05270680721815258,0.9833333333333333,108,3,1.0,1.0,3,108,0.0,0.9833333333333333,1.0,0.9915909513899465,1.0,"{""background_inner_edge"": 6.0, ""background_intensity"": 3.0, ""background_size"": 5700, ""background_strip_height"": 10.0, ""background_support_area"": 1900.0, ""controlled_factor"": ""global_background_support_at_fixed_local_intensity"", ""declared_noise_fraction"": 0.95, ""dimension"": 2, ""family"": ""global_contamination_invariance"", ""n"": 6000, ""n_targets"": 3, ""paired_background"": ""seeded_prefix"", ""realized_noise_fraction"": 0.95, ""signal_size"": 300}","{""eps"": 13, ""geometry_profile"": ""low_dim"", ""k"": 20, ""knn_backend"": ""kd_tree"", ""min_samples"": 5}"
ok,synthetic,global_contamination_noise95__quality__signal300__n6000,StrataSCAN,211,0.2.4,6000,2,0.0027196000010007992,0.7700774999975692,6.005718000000343,222.7734375,40.0078125,222.7734375,,0.6678889211357533,0.6032637986340309,0,0,1.0,known_synthetic_noise,0.865,0.9184377506339955,1.0,3,3,0.1,0.9,full_partition,target-discovery-v1,0,0.05,0.73,0.8377573770832197,0.27,1.0,3,pairwise_f1,hungarian,1.0,0,3,0.9087735479133433,0.9929448654298406,0.9929448654298406,0.9635,0.9859885832900882,1.0,0.7066149893306624,1.0,0.5463299663299663,0.9635,3,macro,2,1,0.73,0.8439306358381503,1.0,0.73,0,3,1.0,0.6666666666666666,3,0,0.0,0.73,1.0,0.8377573770832197,1.0,"{""background_inner_edge"": 6.0, ""background_intensity"": 3.0, ""background_size"": 5700, ""background_strip_height"": 10.0, ""background_support_area"": 1900.0, ""controlled_factor"": ""global_background_support_at_fixed_local_intensity"", ""declared_noise_fraction"": 0.95, ""dimension"": 2, ""family"": ""global_contamination_invariance"", ""n"": 6000, ""n_targets"": 3, ""paired_background"": ""seeded_prefix"", ""realized_noise_fraction"": 0.95, ""signal_size"": 300}","{""ambiguous_model_confirmation_tolerance"": 1e-05, ""assignment"": ""maximum_posterior_basis_then_semantic_role"", ""background_model"": ""adaptive_gamma_basis_mixture_with_largest_rate_gap"", ""background_scan"": ""adaptive_dyadic_rank_windows_with_poisson_beta_boundary_code"", ""border_rule"": ""strict_local_core_radius"", ""component_initialization"": ""compiled_split_warm_single_start_with_guarded_confirmation"", ""component_selection"": ""semantic_icl_with_adaptive_bound"", ""connectivity"": ""density_ordered_non_merging_knn_watershed"", ""core_thresholds"": ""observed_d4_event_sweep"", ""duplicate_profile_confirmation_minimum"": 3, ""duplicate_profile_confirmation_tolerance"": 1e-08, ""extraction_objective"": ""gamma_topology_description_length"", ""fit_samples"": ""all_rows"", ""gamma_tolerance"": 0.0001, ""geometry_profile"": ""low_dim"", ""hard_component_bound"": 24, ""initial_component_bound"": 8, ""k"": 32, ""knn_backend"": ""kd_tree"", ""shell_ranks"": [4, 8, 16, 32], ""stratification_model"": ""adaptive_gamma_density_basis_with_semantic_background"", ""version"": ""0.2.3""}"
ok,synthetic,global_contamination_noise95__quality__signal300__n6000,StrataSCAN,223,0.2.4,6000,2,0.0029384000081336126,0.6981767999968724,6.223050600005081,222.22265625,39.25390625,220.7890625,,0.9704822315723524,0.9758953840148336,0,0,1.0,known_synthetic_noise,0.9916666666666667,0.9955791172233908,1.0,3,3,0.1,0.9,full_partition,target-discovery-v1,0,0.05,0.9833333333333334,0.9914529914529915,0.016666666666666666,1.0,3,pairwise_f1,hungarian,1.0,0,3,0.9954907820745413,0.9995615957913195,0.9995615957913195,0.9508333333333333,0.9991235758106923,1.0,0.9833989389012494,1.0,0.9673400673400674,0.9508333333333333,3,macro,3,3,0.9833333333333333,0.9915966386554621,1.0,0.9833333333333333,0,3,1.0,1.0,3,0,0.0,0.9833333333333333,1.0,0.9914529914529915,1.0,"{""background_inner_edge"": 6.0, ""background_intensity"": 3.0, ""background_size"": 5700, ""background_strip_height"": 10.0, ""background_support_area"": 1900.0, ""controlled_factor"": ""global_background_support_at_fixed_local_intensity"", ""declared_noise_fraction"": 0.95, ""dimension"": 2, ""family"": ""global_contamination_invariance"", ""n"": 6000, ""n_targets"": 3, ""paired_background"": ""seeded_prefix"", ""realized_noise_fraction"": 0.95, ""signal_size"": 300}","{""ambiguous_model_confirmation_tolerance"": 1e-05, ""assignment"": ""maximum_posterior_basis_then_semantic_role"", ""background_model"": ""adaptive_gamma_basis_mixture_with_largest_rate_gap"", ""background_scan"": ""adaptive_dyadic_rank_windows_with_poisson_beta_boundary_code"", ""border_rule"": ""strict_local_core_radius"", ""component_initialization"": ""compiled_split_warm_single_start_with_guarded_confirmation"", ""component_selection"": ""semantic_icl_with_adaptive_bound"", ""connectivity"": ""density_ordered_non_merging_knn_watershed"", ""core_thresholds"": ""observed_d4_event_sweep"", ""duplicate_profile_confirmation_minimum"": 3, ""duplicate_profile_confirmation_tolerance"": 1e-08, ""extraction_objective"": ""gamma_topology_description_length"", ""fit_samples"": ""all_rows"", ""gamma_tolerance"": 0.0001, ""geometry_profile"": ""low_dim"", ""hard_component_bound"": 24, ""initial_component_bound"": 8, ""k"": 32, ""knn_backend"": ""kd_tree"", ""shell_ranks"": [4, 8, 16, 32], ""stratification_model"": ""adaptive_gamma_density_basis_with_semantic_background"", ""version"": ""0.2.3""}"
ok,synthetic,global_contamination_noise95__quality__signal300__n6000,StrataSCAN,227,0.2.4,6000,2,0.002395600007730536,0.6871547999908216,6.0129404999897815,223.08984375,40.34765625,222.65625,,0.7093663405685221,0.680953227814334,0,0,1.0,known_synthetic_noise,0.9,0.941826643397324,1.0,3,3,0.1,0.9,full_partition,target-discovery-v1,0,0.05,0.7999999999999999,0.8885229102620408,0.19999999999999998,1.0,3,pairwise_f1,hungarian,1.0,0,3,0.9386469648246994,0.9947643979057591,0.9947643979057591,0.96,0.9895833333333334,1.0,0.7800870779594185,1.0,0.6394612794612795,0.96,3,macro,3,1,0.8,0.888888888888889,1.0,0.8,0,3,1.0,1.0,3,0,0.0,0.8,1.0,0.8885229102620408,1.0,"{""background_inner_edge"": 6.0, ""background_intensity"": 3.0, ""background_size"": 5700, ""background_strip_height"": 10.0, ""background_support_area"": 1900.0, ""controlled_factor"": ""global_background_support_at_fixed_local_intensity"", ""declared_noise_fraction"": 0.95, ""dimension"": 2, ""family"": ""global_contamination_invariance"", ""n"": 6000, ""n_targets"": 3, ""paired_background"": ""seeded_prefix"", ""realized_noise_fraction"": 0.95, ""signal_size"": 300}","{""ambiguous_model_confirmation_tolerance"": 1e-05, ""assignment"": ""maximum_posterior_basis_then_semantic_role"", ""background_model"": ""adaptive_gamma_basis_mixture_with_largest_rate_gap"", ""background_scan"": ""adaptive_dyadic_rank_windows_with_poisson_beta_boundary_code"", ""border_rule"": ""strict_local_core_radius"", ""component_initialization"": ""compiled_split_warm_single_start_with_guarded_confirmation"", ""component_selection"": ""semantic_icl_with_adaptive_bound"", ""connectivity"": ""density_ordered_non_merging_knn_watershed"", ""core_thresholds"": ""observed_d4_event_sweep"", ""duplicate_profile_confirmation_minimum"": 3, ""duplicate_profile_confirmation_tolerance"": 1e-08, ""extraction_objective"": ""gamma_topology_description_length"", ""fit_samples"": ""all_rows"", ""gamma_tolerance"": 0.0001, ""geometry_profile"": ""low_dim"", ""hard_component_bound"": 24, ""initial_component_bound"": 8, ""k"": 32, ""knn_backend"": ""kd_tree"", ""shell_ranks"": [4, 8, 16, 32], ""stratification_model"": ""adaptive_gamma_density_basis_with_semantic_background"", ""version"": ""0.2.3""}"
ok,synthetic,global_contamination_noise95__quality__signal300__n6000,StrataSCAN,229,0.2.4,6000,2,0.0026904999976977706,0.6428555000020424,5.884540500002913,223.28515625,40.80859375,223.21875,,0.6724894739430726,0.6106413846378838,0,0,1.0,known_synthetic_noise,0.8733333333333333,0.9241696577523887,1.0,3,3,0.1,0.9,full_partition,target-discovery-v1,0,0.05,0.7466666666666667,0.8521910467611825,0.25333333333333335,1.0,3,pairwise_f1,hungarian,1.0,0,3,0.9173838669116247,0.9933774834437086,0.9933774834437086,0.9626666666666667,0.9868421052631579,1.0,0.7206547490846436,1.0,0.5632996632996633,0.9626666666666667,3,macro,3,1,0.7466666666666667,0.8549618320610688,1.0,0.7466666666666667,0,3,1.0,1.0,3,0,0.0,0.7466666666666667,1.0,0.8521910467611824,1.0,"{""background_inner_edge"": 6.0, ""background_intensity"": 3.0, ""background_size"": 5700, ""background_strip_height"": 10.0, ""background_support_area"": 1900.0, ""controlled_factor"": ""global_background_support_at_fixed_local_intensity"", ""declared_noise_fraction"": 0.95, ""dimension"": 2, ""family"": ""global_contamination_invariance"", ""n"": 6000, ""n_targets"": 3, ""paired_background"": ""seeded_prefix"", ""realized_noise_fraction"": 0.95, ""signal_size"": 300}","{""ambiguous_model_confirmation_tolerance"": 1e-05, ""assignment"": ""maximum_posterior_basis_then_semantic_role"", ""background_model"": ""adaptive_gamma_basis_mixture_with_largest_rate_gap"", ""background_scan"": ""adaptive_dyadic_rank_windows_with_poisson_beta_boundary_code"", ""border_rule"": ""strict_local_core_radius"", ""component_initialization"": ""compiled_split_warm_single_start_with_guarded_confirmation"", ""component_selection"": ""semantic_icl_with_adaptive_bound"", ""connectivity"": ""density_ordered_non_merging_knn_watershed"", ""core_thresholds"": ""observed_d4_event_sweep"", ""duplicate_profile_confirmation_minimum"": 3, ""duplicate_profile_confirmation_tolerance"": 1e-08, ""extraction_objective"": ""gamma_topology_description_length"", ""fit_samples"": ""all_rows"", ""gamma_tolerance"": 0.0001, ""geometry_profile"": ""low_dim"", ""hard_component_bound"": 24, ""initial_component_bound"": 8, ""k"": 32, ""knn_backend"": ""kd_tree"", ""shell_ranks"": [4, 8, 16, 32], ""stratification_model"": ""adaptive_gamma_density_basis_with_semantic_background"", ""version"": ""0.2.3""}"
ok,synthetic,global_contamination_noise95__quality__signal300__n6000,StrataSCAN,233,0.2.4,6000,2,0.004175399997620843,0.6387708999973256,5.935870100001921,223.2734375,40.76953125,223.18359375,,0.6436935627002163,0.5651947542545218,0,0,1.0,known_synthetic_noise,0.8633333333333333,0.9172786143697136,1.0,3,3,0.1,0.9,full_partition,target-discovery-v1,0,0.05,0.7266666666666667,0.8407933590698549,0.2733333333333334,1.0,3,pairwise_f1,hungarian,1.0,0,3,0.9105204847008639,0.9928583870405853,0.9928583870405853,0.9636666666666667,0.9858180560359737,1.0,0.6913993655269651,1.0,0.5283501683501683,0.9636666666666667,3,macro,2,0,0.7266666666666667,0.8416988416988418,1.0,0.7266666666666667,0,3,1.0,0.6666666666666666,3,0,0.0,0.7266666666666667,1.0,0.8407933590698548,1.0,"{""background_inner_edge"": 6.0, ""background_intensity"": 3.0, ""background_size"": 5700, ""background_strip_height"": 10.0, ""background_support_area"": 1900.0, ""controlled_factor"": ""global_background_support_at_fixed_local_intensity"", ""declared_noise_fraction"": 0.95, ""dimension"": 2, ""family"": ""global_contamination_invariance"", ""n"": 6000, ""n_targets"": 3, ""paired_background"": ""seeded_prefix"", ""realized_noise_fraction"": 0.95, ""signal_size"": 300}","{""ambiguous_model_confirmation_tolerance"": 1e-05, ""assignment"": ""maximum_posterior_basis_then_semantic_role"", ""background_model"": ""adaptive_gamma_basis_mixture_with_largest_rate_gap"", ""background_scan"": ""adaptive_dyadic_rank_windows_with_poisson_beta_boundary_code"", ""border_rule"": ""strict_local_core_radius"", ""component_initialization"": ""compiled_split_warm_single_start_with_guarded_confirmation"", ""component_selection"": ""semantic_icl_with_adaptive_bound"", ""connectivity"": ""density_ordered_non_merging_knn_watershed"", ""core_thresholds"": ""observed_d4_event_sweep"", ""duplicate_profile_confirmation_minimum"": 3, ""duplicate_profile_confirmation_tolerance"": 1e-08, ""extraction_objective"": ""gamma_topology_description_length"", ""fit_samples"": ""all_rows"", ""gamma_tolerance"": 0.0001, ""geometry_profile"": ""low_dim"", ""hard_component_bound"": 24, ""initial_component_bound"": 8, ""k"": 32, ""knn_backend"": ""kd_tree"", ""shell_ranks"": [4, 8, 16, 32], ""stratification_model"": ""adaptive_gamma_density_basis_with_semantic_background"", ""version"": ""0.2.3""}"
ok,synthetic,global_contamination_noise95__quality__signal300__n6000,VDBSCAN-2007,211,0.2.4,6000,2,0.0024988000077428296,0.08898730001237709,4.916012100002263,185.71875,3.46484375,186.05859375,,1.0,1.0,18,18,0.01368421052631579,known_synthetic_noise,0.5068421052631579,0.06171548850376165,7.0,3,3,0.1,0.9,full_partition,target-discovery-v1,0,0.05,1.0,1.0,0.0,1.0,3,pairwise_f1,hungarian,1.0,0,21,0.052578361981799805,0.026998961578400833,0.026998961578400833,0.013,1.0,0.01368421052631579,0.004032058257132636,0.002020101712461307,1.0,0.013,21,macro,3,3,1.0,0.09643201542912247,0.05065856129685917,1.0,18,3,1.0,1.0,3,18,0.0,1.0,1.0,1.0,1.0,"{""background_inner_edge"": 6.0, ""background_intensity"": 3.0, ""background_size"": 5700, ""background_strip_height"": 10.0, ""background_support_area"": 1900.0, ""controlled_factor"": ""global_background_support_at_fixed_local_intensity"", ""declared_noise_fraction"": 0.95, ""dimension"": 2, ""family"": ""global_contamination_invariance"", ""n"": 6000, ""n_targets"": 3, ""paired_background"": ""seeded_prefix"", ""realized_noise_fraction"": 0.95, ""signal_size"": 300}","{""eps_values"": [0.8600139021873474, 0.9334849119186401], ""geometry_profile"": ""low_dim"", ""knee_prominence"": 0.03, ""knn_backend"": ""kd_tree"", ""max_eps_values"": 3, ""min_samples"": 5}"
ok,synthetic,global_contamination_noise95__quality__signal300__n6000,VDBSCAN-2007,223,0.2.4,6000,2,0.0024810000031720847,0.12762849999126047,4.844058600006974,185.734375,3.47265625,186.02734375,,0.6466019175116349,0.4229325009867218,10,10,0.01456140350877193,known_synthetic_noise,0.507280701754386,0.06260719750898613,7.333333333333333,12,3,0.1,0.9,full_partition,target-discovery-v1,9,0.05,0.4666666666666666,0.6307465948860568,0.0,1.0,3,pairwise_f1,hungarian,4.0,0,22,0.05491070234808817,0.028704824485561126,0.028704824485561126,0.013833333333333333,1.0,0.01456140350877193,0.0013670065326839011,0.0006848257544516606,0.35393939393939394,0.013833333333333333,22,macro,0,0,1.0,0.09650957053241113,0.0507013689369613,1.0,10,3,1.0,0.0,3,19,0.0,0.4666666666666667,1.0,0.6307465948860568,1.0,"{""background_inner_edge"": 6.0, ""background_intensity"": 3.0, ""background_size"": 5700, ""background_strip_height"": 10.0, ""background_support_area"": 1900.0, ""controlled_factor"": ""global_background_support_at_fixed_local_intensity"", ""declared_noise_fraction"": 0.95, ""dimension"": 2, ""family"": ""global_contamination_invariance"", ""n"": 6000, ""n_targets"": 3, ""paired_background"": ""seeded_prefix"", ""realized_noise_fraction"": 0.95, ""signal_size"": 300}","{""eps_values"": [0.22043843567371368, 0.8502297401428223, 0.9277471899986267], ""geometry_profile"": ""low_dim"", ""knee_prominence"": 0.03, ""knn_backend"": ""kd_tree"", ""max_eps_values"": 3, ""min_samples"": 5}"
ok,synthetic,global_contamination_noise95__quality__signal300__n6000,VDBSCAN-2007,227,0.2.4,6000,2,0.0023902999964775518,0.0821525999926962,4.879180999996606,186.23828125,3.5,186.51953125,,1.0,1.0,19,19,0.01263157894736842,known_synthetic_noise,0.5063157894736842,0.06064356931408954,7.333333333333333,3,3,0.1,0.9,full_partition,target-discovery-v1,0,0.05,1.0,1.0,0.0,1.0,3,pairwise_f1,hungarian,1.0,0,22,0.0486815415821501,0.02494802494802495,0.02494802494802495,0.012,1.0,0.01263157894736842,0.003917281264355945,0.0019624844339302854,1.0,0.012,22,macro,3,3,1.0,0.09633911368015413,0.05060728744939271,1.0,19,3,1.0,1.0,3,19,0.0,1.0,1.0,1.0,1.0,"{""background_inner_edge"": 6.0, ""background_intensity"": 3.0, ""background_size"": 5700, ""background_strip_height"": 10.0, ""background_support_area"": 1900.0, ""controlled_factor"": ""global_background_support_at_fixed_local_intensity"", ""declared_noise_fraction"": 0.95, ""dimension"": 2, ""family"": ""global_contamination_invariance"", ""n"": 6000, ""n_targets"": 3, ""paired_background"": ""seeded_prefix"", ""realized_noise_fraction"": 0.95, ""signal_size"": 300}","{""eps_values"": [0.8616440296173096, 0.9315162301063538], ""geometry_profile"": ""low_dim"", ""knee_prominence"": 0.03, ""knn_backend"": ""kd_tree"", ""max_eps_values"": 3, ""min_samples"": 5}"
ok,synthetic,global_contamination_noise95__quality__signal300__n6000,VDBSCAN-2007,229,0.2.4,6000,2,0.002240500005427748,0.09695020000799559,4.81836089999706,186.03515625,3.40625,186.3125,,0.584698578052199,0.33150589607504777,11,11,0.017894736842105262,known_synthetic_noise,0.507280701754386,0.06582626810107596,9.333333333333334,17,3,0.1,0.9,full_partition,target-discovery-v1,13,0.05,0.4066666666666667,0.5761595841893441,0.0033333333333333335,1.0,3,pairwise_f1,hungarian,5.333333333333333,0,28,0.06626530066524143,0.03515423057039462,0.03515423057039462,0.017166666666666667,0.9902912621359223,0.017894736842105262,0.0011171672244389232,0.0005597397433197445,0.2704377104377104,0.017166666666666667,28,macro,0,0,0.9966666666666667,0.09649830563175729,0.05070374766830592,0.9966666666666667,11,3,1.0,0.0,3,25,0.0,0.4066666666666667,1.0,0.5761595841893441,1.0,"{""background_inner_edge"": 6.0, ""background_intensity"": 3.0, ""background_size"": 5700, ""background_strip_height"": 10.0, ""background_support_area"": 1900.0, ""controlled_factor"": ""global_background_support_at_fixed_local_intensity"", ""declared_noise_fraction"": 0.95, ""dimension"": 2, ""family"": ""global_contamination_invariance"", ""n"": 6000, ""n_targets"": 3, ""paired_background"": ""seeded_prefix"", ""realized_noise_fraction"": 0.95, ""signal_size"": 300}","{""eps_values"": [0.18274085223674774, 0.8531666398048401, 0.9389607310295105], ""geometry_profile"": ""low_dim"", ""knee_prominence"": 0.03, ""knn_backend"": ""kd_tree"", ""max_eps_values"": 3, ""min_samples"": 5}"
ok,synthetic,global_contamination_noise95__quality__signal300__n6000,VDBSCAN-2007,233,0.2.4,6000,2,0.002494699991075322,0.08506760001182556,4.800023000003421,185.7265625,3.4453125,186.0,,1.0,1.0,18,18,0.014385964912280702,known_synthetic_noise,0.5071929824561403,0.062428968730832334,7.0,3,3,0.1,0.9,full_partition,target-discovery-v1,0,0.05,1.0,1.0,0.0,1.0,3,pairwise_f1,hungarian,1.0,0,21,0.055163134880592005,0.02836388792805258,0.02836388792805258,0.013666666666666667,1.0,0.014385964912280702,0.005091641838483862,0.0025523186654931155,1.0,0.013666666666666667,21,macro,3,3,1.0,0.09649404953361208,0.05069280162216965,1.0,18,3,1.0,1.0,3,18,0.0,1.0,1.0,1.0,1.0,"{""background_inner_edge"": 6.0, ""background_intensity"": 3.0, ""background_size"": 5700, ""background_strip_height"": 10.0, ""background_support_area"": 1900.0, ""controlled_factor"": ""global_background_support_at_fixed_local_intensity"", ""declared_noise_fraction"": 0.95, ""dimension"": 2, ""family"": ""global_contamination_invariance"", ""n"": 6000, ""n_targets"": 3, ""paired_background"": ""seeded_prefix"", ""realized_noise_fraction"": 0.95, ""signal_size"": 300}","{""eps_values"": [0.8544924855232239, 0.9419203996658325], ""geometry_profile"": ""low_dim"", ""knee_prominence"": 0.03, ""knn_backend"": ""kd_tree"", ""max_eps_values"": 3, ""min_samples"": 5}"
ok,synthetic,global_contamination_noise95__quality__signal300__n6000,kNN+Leiden,211,0.2.4,6000,2,0.0022843000042485073,0.3025043999950867,6.133834499996738,235.45703125,23.37109375,235.453125,,1.0,1.0,16,16,0.0,known_synthetic_noise,0.5,0.047619047619047616,6.333333333333333,3,3,0.1,0.9,full_partition,target-discovery-v1,0,0.05,1.0,1.0,0.0,1.0,3,pairwise_f1,hungarian,1.0,0,19,0.0,0.0,0.0,0.0,0.0,0.0,0.026851802461144,0.013608609071856206,1.0,0.0,19,macro,3,3,1.0,0.09523809523809523,0.05,1.0,16,3,1.0,1.0,3,16,0.0,1.0,1.0,1.0,1.0,"{""background_inner_edge"": 6.0, ""background_intensity"": 3.0, ""background_size"": 5700, ""background_strip_height"": 10.0, ""background_support_area"": 1900.0, ""controlled_factor"": ""global_background_support_at_fixed_local_intensity"", ""declared_noise_fraction"": 0.95, ""dimension"": 2, ""family"": ""global_contamination_invariance"", ""n"": 6000, ""n_targets"": 3, ""paired_background"": ""seeded_prefix"", ""realized_noise_fraction"": 0.95, ""signal_size"": 300}","{""edge_rank"": 15, ""geometry_profile"": ""low_dim"", ""k"": 20, ""knn_backend"": ""kd_tree"", ""resolution"": 0.5, ""symmetrization"": ""union"", ""weights"": ""1/(1+d)""}"
ok,synthetic,global_contamination_noise95__quality__signal300__n6000,kNN+Leiden,223,0.2.4,6000,2,0.002415599999949336,0.27421839999442454,6.04122830000415,235.66015625,23.375,235.66015625,,1.0,1.0,15,15,0.0,known_synthetic_noise,0.5,0.047619047619047616,6.0,3,3,0.1,0.9,full_partition,target-discovery-v1,0,0.05,1.0,1.0,0.0,1.0,3,pairwise_f1,hungarian,1.0,0,18,0.0,0.0,0.0,0.0,0.0,0.0,0.025446404474454638,0.012887168285590063,1.0,0.0,18,macro,3,3,1.0,0.09523809523809523,0.05,1.0,15,3,1.0,1.0,3,15,0.0,1.0,1.0,1.0,1.0,"{""background_inner_edge"": 6.0, ""background_intensity"": 3.0, ""background_size"": 5700, ""background_strip_height"": 10.0, ""background_support_area"": 1900.0, ""controlled_factor"": ""global_background_support_at_fixed_local_intensity"", ""declared_noise_fraction"": 0.95, ""dimension"": 2, ""family"": ""global_contamination_invariance"", ""n"": 6000, ""n_targets"": 3, ""paired_background"": ""seeded_prefix"", ""realized_noise_fraction"": 0.95, ""signal_size"": 300}","{""edge_rank"": 15, ""geometry_profile"": ""low_dim"", ""k"": 20, ""knn_backend"": ""kd_tree"", ""resolution"": 0.5, ""symmetrization"": ""union"", ""weights"": ""1/(1+d)""}"
ok,synthetic,global_contamination_noise95__quality__signal300__n6000,kNN+Leiden,227,0.2.4,6000,2,0.002206399993156083,0.2891906000004383,6.096827299988945,235.96484375,23.39453125,235.953125,,1.0,1.0,15,15,0.0,known_synthetic_noise,0.5,0.047619047619047616,6.0,3,3,0.1,0.9,full_partition,target-discovery-v1,0,0.05,1.0,1.0,0.0,1.0,3,pairwise_f1,hungarian,1.0,0,18,0.0,0.0,0.0,0.0,0.0,0.0,0.025920324239692306,0.013130333368995967,1.0,0.0,18,macro,3,3,1.0,0.09523809523809523,0.05,1.0,15,3,1.0,1.0,3,15,0.0,1.0,1.0,1.0,1.0,"{""background_inner_edge"": 6.0, ""background_intensity"": 3.0, ""background_size"": 5700, ""background_strip_height"": 10.0, ""background_support_area"": 1900.0, ""controlled_factor"": ""global_background_support_at_fixed_local_intensity"", ""declared_noise_fraction"": 0.95, ""dimension"": 2, ""family"": ""global_contamination_invariance"", ""n"": 6000, ""n_targets"": 3, ""paired_background"": ""seeded_prefix"", ""realized_noise_fraction"": 0.95, ""signal_size"": 300}","{""edge_rank"": 15, ""geometry_profile"": ""low_dim"", ""k"": 20, ""knn_backend"": ""kd_tree"", ""resolution"": 0.5, ""symmetrization"": ""union"", ""weights"": ""1/(1+d)""}"
ok,synthetic,global_contamination_noise95__quality__signal300__n6000,kNN+Leiden,229,0.2.4,6000,2,0.0023875000042608008,0.4884489999967627,6.336615200008964,235.94921875,23.59765625,235.94921875,,1.0,1.0,15,15,0.0,known_synthetic_noise,0.5,0.047619047619047616,6.0,3,3,0.1,0.9,full_partition,target-discovery-v1,0,0.05,1.0,1.0,0.0,1.0,3,pairwise_f1,hungarian,1.0,0,18,0.0,0.0,0.0,0.0,0.0,0.0,0.02550050099469126,0.012914918949099565,1.0,0.0,18,macro,3,3,1.0,0.09523809523809523,0.05,1.0,15,3,1.0,1.0,3,15,0.0,1.0,1.0,1.0,1.0,"{""background_inner_edge"": 6.0, ""background_intensity"": 3.0, ""background_size"": 5700, ""background_strip_height"": 10.0, ""background_support_area"": 1900.0, ""controlled_factor"": ""global_background_support_at_fixed_local_intensity"", ""declared_noise_fraction"": 0.95, ""dimension"": 2, ""family"": ""global_contamination_invariance"", ""n"": 6000, ""n_targets"": 3, ""paired_background"": ""seeded_prefix"", ""realized_noise_fraction"": 0.95, ""signal_size"": 300}","{""edge_rank"": 15, ""geometry_profile"": ""low_dim"", ""k"": 20, ""knn_backend"": ""kd_tree"", ""resolution"": 0.5, ""symmetrization"": ""union"", ""weights"": ""1/(1+d)""}"
ok,synthetic,global_contamination_noise95__quality__signal300__n6000,kNN+Leiden,233,0.2.4,6000,2,0.0028525000088848174,0.40834779999568127,6.451023300003726,235.53125,23.34765625,235.53125,,1.0,1.0,17,17,0.0,known_synthetic_noise,0.5,0.047619047619047616,6.666666666666667,3,3,0.1,0.9,full_partition,target-discovery-v1,0,0.05,1.0,1.0,0.0,1.0,3,pairwise_f1,hungarian,1.0,0,20,0.0,0.0,0.0,0.0,0.0,0.0,0.028390271600264975,0.014399539214745127,1.0,0.0,20,macro,3,3,1.0,0.09523809523809523,0.05,1.0,17,3,1.0,1.0,3,17,0.0,1.0,1.0,1.0,1.0,"{""background_inner_edge"": 6.0, ""background_intensity"": 3.0, ""background_size"": 5700, ""background_strip_height"": 10.0, ""background_support_area"": 1900.0, ""controlled_factor"": ""global_background_support_at_fixed_local_intensity"", ""declared_noise_fraction"": 0.95, ""dimension"": 2, ""family"": ""global_contamination_invariance"", ""n"": 6000, ""n_targets"": 3, ""paired_background"": ""seeded_prefix"", ""realized_noise_fraction"": 0.95, ""signal_size"": 300}","{""edge_rank"": 15, ""geometry_profile"": ""low_dim"", ""k"": 20, ""knn_backend"": ""kd_tree"", ""resolution"": 0.5, ""symmetrization"": ""union"", ""weights"": ""1/(1+d)""}"
ok,synthetic,global_contamination_noise95__quality__signal300__n6000,kNN-DBSCAN,211,0.2.4,6000,2,0.003133399994112551,0.036065799999050796,4.8387539999966975,184.859375,2.08203125,185.3515625,,0.8808585673160304,0.889462450725348,343,343,0.5489473684210526,known_synthetic_noise,0.7628070175438597,0.4467238094475021,115.66666666666667,4,3,0.1,0.9,full_partition,target-discovery-v1,1,0.05,0.9166666666666666,0.9541426707405768,0.02333333333333333,1.0,3,pairwise_f1,hungarian,1.3333333333333333,0,347,0.8130035057825812,0.7082390221819828,0.7082390221819828,0.5226666666666666,0.9977678571428571,0.5489473684210526,0.6730586370839937,0.553715775749674,0.857979797979798,0.5226666666666666,347,macro,3,2,0.9766666666666667,0.1852085967130215,0.10230446927374302,0.9766666666666667,343,3,1.0,1.0,3,344,0.0,0.9166666666666666,1.0,0.9541426707405769,1.0,"{""background_inner_edge"": 6.0, ""background_intensity"": 3.0, ""background_size"": 5700, ""background_strip_height"": 10.0, ""background_support_area"": 1900.0, ""controlled_factor"": ""global_background_support_at_fixed_local_intensity"", ""declared_noise_fraction"": 0.95, ""dimension"": 2, ""family"": ""global_contamination_invariance"", ""n"": 6000, ""n_targets"": 3, ""paired_background"": ""seeded_prefix"", ""realized_noise_fraction"": 0.95, ""signal_size"": 300}","{""eps"": 0.5221023559570312, ""eps_quantile"": 0.25, ""geometry_profile"": ""low_dim"", ""k"": 4, ""knn_backend"": ""kd_tree"", ""min_samples"": 5}"
ok,synthetic,global_contamination_noise95__quality__signal300__n6000,kNN-DBSCAN,223,0.2.4,6000,2,0.0024258999910671264,0.034193999992567115,4.925753200004692,184.51171875,2.0390625,184.98828125,,0.9603871516442142,0.9749793725416577,336,336,0.5452631578947369,known_synthetic_noise,0.764298245614035,0.4452243813167722,113.0,3,3,0.1,0.9,full_partition,target-discovery-v1,0,0.05,0.9833333333333334,0.991556854501017,0.016666666666666666,1.0,3,pairwise_f1,hungarian,1.0,0,339,0.8242977142540929,0.7053216838760923,0.7053216838760923,0.5188333333333334,0.9983938323160938,0.5452631578947369,0.6995688290175635,0.5480325178428305,0.966936026936027,0.5188333333333334,339,macro,3,3,0.9833333333333333,0.18512707875745216,0.10218219605126429,0.9833333333333333,336,3,1.0,1.0,3,336,0.0,0.9833333333333333,1.0,0.9915568545010169,1.0,"{""background_inner_edge"": 6.0, ""background_intensity"": 3.0, ""background_size"": 5700, ""background_strip_height"": 10.0, ""background_support_area"": 1900.0, ""controlled_factor"": ""global_background_support_at_fixed_local_intensity"", ""declared_noise_fraction"": 0.95, ""dimension"": 2, ""family"": ""global_contamination_invariance"", ""n"": 6000, ""n_targets"": 3, ""paired_background"": ""seeded_prefix"", ""realized_noise_fraction"": 0.95, ""signal_size"": 300}","{""eps"": 0.5297350287437439, ""eps_quantile"": 0.25, ""geometry_profile"": ""low_dim"", ""k"": 4, ""knn_backend"": ""kd_tree"", ""min_samples"": 5}"
ok,synthetic,global_contamination_noise95__quality__signal300__n6000,kNN-DBSCAN,227,0.2.4,6000,2,0.00300319999223575,0.02885000000242144,4.761043600010453,184.65234375,2.07421875,185.13671875,,0.9099854727774624,0.9223203029966975,350,350,0.5542105263157895,known_synthetic_noise,0.7704385964912281,0.45078325608991276,118.0,4,3,0.1,0.9,full_partition,target-discovery-v1,1,0.05,0.9433333333333334,0.9696228892208792,0.013333333333333334,1.0,3,pairwise_f1,hungarian,1.3333333333333333,0,354,0.8216433558828827,0.7128511790590094,0.7128511790590094,0.5271666666666667,0.9987353778058805,0.5542105263157895,0.7106166662230857,0.5875104519649694,0.898989898989899,0.5271666666666667,354,macro,3,3,0.9866666666666667,0.1887153331208161,0.10433556573845612,0.9866666666666667,350,3,1.0,1.0,3,351,0.0,0.9433333333333334,1.0,0.9696228892208792,1.0,"{""background_inner_edge"": 6.0, ""background_intensity"": 3.0, ""background_size"": 5700, ""background_strip_height"": 10.0, ""background_support_area"": 1900.0, ""controlled_factor"": ""global_background_support_at_fixed_local_intensity"", ""declared_noise_fraction"": 0.95, ""dimension"": 2, ""family"": ""global_contamination_invariance"", ""n"": 6000, ""n_targets"": 3, ""paired_background"": ""seeded_prefix"", ""realized_noise_fraction"": 0.95, ""signal_size"": 300}","{""eps"": 0.5233848094940186, ""eps_quantile"": 0.25, ""geometry_profile"": ""low_dim"", ""k"": 4, ""knn_backend"": ""kd_tree"", ""min_samples"": 5}"
ok,synthetic,global_contamination_noise95__quality__signal300__n6000,kNN-DBSCAN,229,0.2.4,6000,2,0.002338000005693175,0.04055579999112524,4.859822600003099,184.54296875,2.08203125,185.0546875,,0.9809982501286233,0.9899493302734766,338,338,0.5471929824561403,known_synthetic_noise,0.7702631578947368,0.4473281984329268,113.66666666666667,3,3,0.1,0.9,full_partition,target-discovery-v1,0,0.05,0.9933333333333333,0.9966499162479062,0.006666666666666667,1.0,3,pairwise_f1,hungarian,1.0,0,341,0.8273227068108941,0.707176057136379,0.707176057136379,0.5201666666666667,0.9993591797500802,0.5471929824561403,0.7260834014717907,0.574385510996119,0.9866666666666667,0.5201666666666667,341,macro,3,3,0.9933333333333333,0.18748033972947467,0.10350816255644321,0.9933333333333333,338,3,1.0,1.0,3,338,0.0,0.9933333333333333,1.0,0.9966499162479061,1.0,"{""background_inner_edge"": 6.0, ""background_intensity"": 3.0, ""background_size"": 5700, ""background_strip_height"": 10.0, ""background_support_area"": 1900.0, ""controlled_factor"": ""global_background_support_at_fixed_local_intensity"", ""declared_noise_fraction"": 0.95, ""dimension"": 2, ""family"": ""global_contamination_invariance"", ""n"": 6000, ""n_targets"": 3, ""paired_background"": ""seeded_prefix"", ""realized_noise_fraction"": 0.95, ""signal_size"": 300}","{""eps"": 0.5285791754722595, ""eps_quantile"": 0.25, ""geometry_profile"": ""low_dim"", ""k"": 4, ""knn_backend"": ""kd_tree"", ""min_samples"": 5}"
ok,synthetic,global_contamination_noise95__quality__signal300__n6000,kNN-DBSCAN,233,0.2.4,6000,2,0.002949000001535751,0.030679199990117922,4.974723900013487,184.59375,2.0546875,185.078125,,0.9358774124161202,0.9595638964518409,335,335,0.5505263157894736,known_synthetic_noise,0.7619298245614035,0.4473174538295023,112.66666666666667,3,3,0.1,0.9,full_partition,target-discovery-v1,0,0.05,0.9733333333333333,0.986446094903538,0.02666666666666667,1.0,3,pairwise_f1,hungarian,1.0,0,338,0.825342425673061,0.7094732082297084,0.7094732082297084,0.5243333333333333,0.9974570883661793,0.5505263157894736,0.7073109412711183,0.5643504774131429,0.9472727272727273,0.5243333333333333,338,macro,3,3,0.9733333333333334,0.18516169942929617,0.102312543798178,0.9733333333333334,335,3,1.0,1.0,3,335,0.0,0.9733333333333334,1.0,0.9864460949035379,1.0,"{""background_inner_edge"": 6.0, ""background_intensity"": 3.0, ""background_size"": 5700, ""background_strip_height"": 10.0, ""background_support_area"": 1900.0, ""controlled_factor"": ""global_background_support_at_fixed_local_intensity"", ""declared_noise_fraction"": 0.95, ""dimension"": 2, ""family"": ""global_contamination_invariance"", ""n"": 6000, ""n_targets"": 3, ""paired_background"": ""seeded_prefix"", ""realized_noise_fraction"": 0.95, ""signal_size"": 300}","{""eps"": 0.5171321630477905, ""eps_quantile"": 0.25, ""geometry_profile"": ""low_dim"", ""k"": 4, ""knn_backend"": ""kd_tree"", ""min_samples"": 5}"
ok,synthetic,global_contamination_noise99__quality__signal300__n30000,AMD-DBSCAN,211,0.2.4,30000,2,0.007722700000158511,299.7343421999976,304.94866679998813,3969.46875,3784.06640625,3969.46875,,0.7326451023952698,0.5697841726618705,2,0,0.0,known_synthetic_noise,0.5,0.009900990099009901,0.6666666666666666,2,0,0.1,0.9,full_partition,target-discovery-v1,0,0.05,0.6666666666666666,0.0088301188922879,0.0,0.004444493827709197,2,pairwise_f1,hungarian,1.0,1,2,0.0,0.0,0.0,0.0,0.0,0.0,0.00013199862134773258,6.600366687038168e-05,1.0,0.0,2,macro,0,0,1.0,0.019801980198019802,0.01,1.0,2,3,0.0,0.0,3,0,0.0,0.6666666666666666,0.0,0.0088301188922879,0.004444493827709196,"{""background_inner_edge"": 6.0, ""background_intensity"": 3.0, ""background_size"": 29700, ""background_strip_height"": 10.0, ""background_support_area"": 9900.0, ""controlled_factor"": ""global_background_support_at_fixed_local_intensity"", ""declared_noise_fraction"": 0.99, ""dimension"": 2, ""family"": ""global_contamination_invariance"", ""n"": 30000, ""n_targets"": 3, ""paired_background"": ""seeded_prefix"", ""realized_noise_fraction"": 0.99, ""signal_size"": 300}","{""adaptive_rank"": 87, ""balance_rounds"": 3, ""eps_values"": [2.917576680585659, 3.231766315406753, 3.857410869843986], ""geometry_profile"": ""low_dim"", ""knn_backend"": ""kd_tree"", ""n_density_levels"": 3}"
ok,synthetic,global_contamination_noise99__quality__signal300__n30000,AMD-DBSCAN,223,0.2.4,30000,2,0.005243799998424947,299.7975589999987,304.8160313999979,3502.6640625,3317.296875,3505.8515625,,1.0,1.0,2,0,0.0,known_synthetic_noise,0.5,0.009900990099009901,1.0,3,1,0.1,0.9,full_partition,target-discovery-v1,0,0.05,1.0,0.3421926910299003,0.0,0.3377926421404682,3,pairwise_f1,hungarian,1.0,0,3,0.0,0.0,0.0,0.0,0.0,0.0,0.00013288153611055743,6.64451827242525e-05,1.0,0.0,3,macro,1,1,1.0,0.019801980198019802,0.01,1.0,2,3,0.3333333333333333,0.3333333333333333,3,0,0.0,1.0,0.3333333333333333,0.34219269102990035,0.3377926421404682,"{""background_inner_edge"": 6.0, ""background_intensity"": 3.0, ""background_size"": 29700, ""background_strip_height"": 10.0, ""background_support_area"": 9900.0, ""controlled_factor"": ""global_background_support_at_fixed_local_intensity"", ""declared_noise_fraction"": 0.99, ""dimension"": 2, ""family"": ""global_contamination_invariance"", ""n"": 30000, ""n_targets"": 3, ""paired_background"": ""seeded_prefix"", ""realized_noise_fraction"": 0.99, ""signal_size"": 300}","{""adaptive_rank"": 87, ""balance_rounds"": 3, ""eps_values"": [2.9168281573542476, 3.2212731225107967, 3.8665750819775595], ""geometry_profile"": ""low_dim"", ""knn_backend"": ""kd_tree"", ""n_density_levels"": 3}"
ok,synthetic,global_contamination_noise99__quality__signal300__n30000,AMD-DBSCAN,227,0.2.4,30000,2,0.006780900002922863,275.7038579999935,282.70643830001063,1986.8046875,1801.06640625,1987.05078125,,1.0,1.0,2,0,0.0,known_synthetic_noise,0.5,0.009900990099009901,1.0,3,1,0.1,0.9,full_partition,target-discovery-v1,0,0.05,1.0,0.3421926910299003,0.0,0.3377926421404682,3,pairwise_f1,hungarian,1.0,0,3,0.0,0.0,0.0,0.0,0.0,0.0,0.00013288153611055743,6.64451827242525e-05,1.0,0.0,3,macro,1,1,1.0,0.019801980198019802,0.01,1.0,2,3,0.3333333333333333,0.3333333333333333,3,0,0.0,1.0,0.3333333333333333,0.34219269102990035,0.3377926421404682,"{""background_inner_edge"": 6.0, ""background_intensity"": 3.0, ""background_size"": 29700, ""background_strip_height"": 10.0, ""background_support_area"": 9900.0, ""controlled_factor"": ""global_background_support_at_fixed_local_intensity"", ""declared_noise_fraction"": 0.99, ""dimension"": 2, ""family"": ""global_contamination_invariance"", ""n"": 30000, ""n_targets"": 3, ""paired_background"": ""seeded_prefix"", ""realized_noise_fraction"": 0.99, ""signal_size"": 300}","{""adaptive_rank"": 87, ""balance_rounds"": 3, ""eps_values"": [2.904186549656439, 3.215053736088485, 3.8690295132030283], ""geometry_profile"": ""low_dim"", ""knn_backend"": ""kd_tree"", ""n_density_levels"": 3}"
error,synthetic,global_contamination_noise99__quality__signal300__n30000,AMD-DBSCAN,229,,,,,,42.4399870000052,,,111.359375,MemoryError,,,,,,,,,,,,,,,,,,,,,,,,,,,,,,,,,,,,,,,,,,,,,,,,,,,,,,,,,{},{}
error,synthetic,global_contamination_noise99__quality__signal300__n30000,AMD-DBSCAN,233,,,,,,40.900772000008146,,,118.71875,MemoryError,,,,,,,,,,,,,,,,,,,,,,,,,,,,,,,,,,,,,,,,,,,,,,,,,,,,,,,,,{},{}
ok,synthetic,global_contamination_noise99__quality__signal300__n30000,DBSCAN,211,0.2.4,30000,2,0.0072324000066146255,0.4748817999934545,5.46130519999133,191.3359375,6.22265625,193.41015625,,0.9740051210129412,0.9849751463816282,1933,1933,0.3214814814814815,known_synthetic_noise,0.6557407407407407,0.25756889175911774,645.3333333333334,3,3,0.1,0.9,full_partition,target-discovery-v1,0,0.05,0.9899999999999999,0.9949579547569497,0.01,1.0,3,pairwise_f1,hungarian,1.0,0,1936,0.6534828171578098,0.4865098978369978,0.4865098978369978,0.3183666666666667,0.9996858967647366,0.3214814814814815,0.16871170977969174,0.09230027714182432,0.9800673400673401,0.3183666666666667,1936,macro,3,3,0.99,0.028627885681237655,0.014523937600860678,0.99,1933,3,1.0,1.0,3,1933,0.0,0.99,1.0,0.9949579547569497,1.0,"{""background_inner_edge"": 6.0, ""background_intensity"": 3.0, ""background_size"": 29700, ""background_strip_height"": 10.0, ""background_support_area"": 9900.0, ""controlled_factor"": ""global_background_support_at_fixed_local_intensity"", ""declared_noise_fraction"": 0.99, ""dimension"": 2, ""family"": ""global_contamination_invariance"", ""n"": 30000, ""n_targets"": 3, ""paired_background"": ""seeded_prefix"", ""realized_noise_fraction"": 0.99, ""signal_size"": 300}","{""base_eps"": 0.8481558561325073, ""eps"": 0.5937090992927551, ""eps_multiplier"": 0.7, ""geometry_profile"": ""low_dim"", ""knn_backend"": ""kd_tree"", ""min_samples"": 5}"
ok,synthetic,global_contamination_noise99__quality__signal300__n30000,DBSCAN,223,0.2.4,30000,2,0.005510899994987994,0.463132000004407,5.494696000008844,190.8125,6.1171875,192.0625,,0.9851989977985108,0.9901010167892863,1934,1934,0.3235353535353535,known_synthetic_noise,0.6584343434343434,0.25883918921421384,645.6666666666666,3,3,0.1,0.9,full_partition,target-discovery-v1,0,0.05,0.9933333333333333,0.9966329966329966,0.006666666666666667,1.0,3,pairwise_f1,hungarian,1.0,0,1937,0.6559724332646325,0.4888707995217623,0.4888707995217623,0.3203666666666667,0.9997919051087296,0.3235353535353535,0.16593154601817514,0.09058201712360522,0.9867340067340067,0.3203666666666667,1937,macro,3,3,0.9933333333333333,0.028807578906665375,0.014615724164990927,0.9933333333333333,1934,3,1.0,1.0,3,1934,0.0,0.9933333333333333,1.0,0.9966329966329965,1.0,"{""background_inner_edge"": 6.0, ""background_intensity"": 3.0, ""background_size"": 29700, ""background_strip_height"": 10.0, ""background_support_area"": 9900.0, ""controlled_factor"": ""global_background_support_at_fixed_local_intensity"", ""declared_noise_fraction"": 0.99, ""dimension"": 2, ""family"": ""global_contamination_invariance"", ""n"": 30000, ""n_targets"": 3, ""paired_background"": ""seeded_prefix"", ""realized_noise_fraction"": 0.99, ""signal_size"": 300}","{""base_eps"": 0.8516365885734558, ""eps"": 0.596145612001419, ""eps_multiplier"": 0.7, ""geometry_profile"": ""low_dim"", ""knn_backend"": ""kd_tree"", ""min_samples"": 5}"
ok,synthetic,global_contamination_noise99__quality__signal300__n30000,DBSCAN,227,0.2.4,30000,2,0.005945700002484955,0.4579950000043027,5.527155100004165,190.91796875,6.32421875,191.8046875,,0.9740051210129412,0.9849751463816282,1979,1979,0.32831649831649834,known_synthetic_noise,0.6591582491582492,0.2616039465324872,660.6666666666666,3,3,0.1,0.9,full_partition,target-discovery-v1,0,0.05,0.9899999999999999,0.9949579547569497,0.01,1.0,3,pairwise_f1,hungarian,1.0,0,1982,0.6604709749787152,0.49429715618188275,0.49429715618188275,0.32513333333333333,0.9996924338732828,0.32831649831649834,0.1723825485469954,0.09450219795204114,0.9800673400673401,0.32513333333333333,1982,macro,3,3,0.99,0.0289107368830916,0.014669564358391781,0.99,1979,3,1.0,1.0,3,1979,0.0,0.99,1.0,0.9949579547569497,1.0,"{""background_inner_edge"": 6.0, ""background_intensity"": 3.0, ""background_size"": 29700, ""background_strip_height"": 10.0, ""background_support_area"": 9900.0, ""controlled_factor"": ""global_background_support_at_fixed_local_intensity"", ""declared_noise_fraction"": 0.99, ""dimension"": 2, ""family"": ""global_contamination_invariance"", ""n"": 30000, ""n_targets"": 3, ""paired_background"": ""seeded_prefix"", ""realized_noise_fraction"": 0.99, ""signal_size"": 300}","{""base_eps"": 0.8496280908584595, ""eps"": 0.5947396636009216, ""eps_multiplier"": 0.7, ""geometry_profile"": ""low_dim"", ""knn_backend"": ""kd_tree"", ""min_samples"": 5}"
ok,synthetic,global_contamination_noise99__quality__signal300__n30000,DBSCAN,229,0.2.4,30000,2,0.004685899999458343,0.4468693999951938,5.422438199995668,192.203125,7.125,191.578125,,0.9914959434433548,0.9950082639109167,1984,1984,0.32195286195286194,known_synthetic_noise,0.6593097643097643,0.25795584434054375,662.3333333333334,3,3,0.1,0.9,full_partition,target-discovery-v1,0,0.05,0.9966666666666667,0.9983249581239532,0.0033333333333333335,1.0,3,pairwise_f1,hungarian,1.0,0,1987,0.6547175213029115,0.4870743448029952,0.4870743448029952,0.31876666666666664,0.9998954303042978,0.32195286195286194,0.16509048583675617,0.09002636525645094,0.9933333333333333,0.31876666666666664,1987,macro,3,3,0.9966666666666667,0.028837343878092298,0.014630327347458042,0.9966666666666667,1984,3,1.0,1.0,3,1984,0.0,0.9966666666666667,1.0,0.9983249581239529,1.0,"{""background_inner_edge"": 6.0, ""background_intensity"": 3.0, ""background_size"": 29700, ""background_strip_height"": 10.0, ""background_support_area"": 9900.0, ""controlled_factor"": ""global_background_support_at_fixed_local_intensity"", ""declared_noise_fraction"": 0.99, ""dimension"": 2, ""family"": ""global_contamination_invariance"", ""n"": 30000, ""n_targets"": 3, ""paired_background"": ""seeded_prefix"", ""realized_noise_fraction"": 0.99, ""signal_size"": 300}","{""base_eps"": 0.8501947522163391, ""eps"": 0.5951363265514373, ""eps_multiplier"": 0.7, ""geometry_profile"": ""low_dim"", ""knn_backend"": ""kd_tree"", ""min_samples"": 5}"
ok,synthetic,global_contamination_noise99__quality__signal300__n30000,DBSCAN,233,0.2.4,30000,2,0.005324199999449775,0.48001520000980236,5.260122299994691,193.75,8.296875,191.99609375,,0.9698276113084682,0.9848231208333376,1901,1901,0.3215824915824916,known_synthetic_noise,0.6557912457912458,0.25762879613595246,634.6666666666666,3,3,0.1,0.9,full_partition,target-discovery-v1,0,0.05,0.9899999999999999,0.9949748743718593,0.01,1.0,3,pairwise_f1,hungarian,1.0,0,1904,0.6535908045818108,0.48662556682121566,0.48662556682121566,0.3184666666666667,0.9996859953945991,0.3215824915824916,0.15768857779053957,0.0857425660906504,0.98,0.3184666666666667,1904,macro,3,3,0.99,0.028632025450689286,0.014526068668688252,0.99,1901,3,1.0,1.0,3,1901,0.0,0.99,1.0,0.9949748743718594,1.0,"{""background_inner_edge"": 6.0, ""background_intensity"": 3.0, ""background_size"": 29700, ""background_strip_height"": 10.0, ""background_support_area"": 9900.0, ""controlled_factor"": ""global_background_support_at_fixed_local_intensity"", ""declared_noise_fraction"": 0.99, ""dimension"": 2, ""family"": ""global_contamination_invariance"", ""n"": 30000, ""n_targets"": 3, ""paired_background"": ""seeded_prefix"", ""realized_noise_fraction"": 0.99, ""signal_size"": 300}","{""base_eps"": 0.8531430959701538, ""eps"": 0.5972001671791076, ""eps_multiplier"": 0.7, ""geometry_profile"": ""low_dim"", ""knn_backend"": ""kd_tree"", ""min_samples"": 5}"
ok,synthetic,global_contamination_noise99__quality__signal300__n30000,HDBSCAN,211,0.2.4,30000,2,0.005678000001353212,11.311451899993699,16.138464600007865,189.86328125,4.0859375,189.8359375,,1.0,1.0,2,1,0.0,known_synthetic_noise,0.5,0.009900990099009901,1.3333333333333333,3,2,0.1,0.9,full_partition,target-discovery-v1,0,0.05,1.0,0.6710963455149502,0.0,0.6688963210702341,3,pairwise_f1,hungarian,1.0,0,4,0.0,0.0,0.0,0.0,0.0,0.0,0.0001337703163667982,6.688963210702341e-05,1.0,0.0,4,macro,2,2,1.0,0.019801980198019802,0.01,1.0,2,3,0.6666666666666666,0.6666666666666666,3,1,0.0,1.0,0.6666666666666666,0.6710963455149501,0.6688963210702341,"{""background_inner_edge"": 6.0, ""background_intensity"": 3.0, ""background_size"": 29700, ""background_strip_height"": 10.0, ""background_support_area"": 9900.0, ""controlled_factor"": ""global_background_support_at_fixed_local_intensity"", ""declared_noise_fraction"": 0.99, ""dimension"": 2, ""family"": ""global_contamination_invariance"", ""n"": 30000, ""n_targets"": 3, ""paired_background"": ""seeded_prefix"", ""realized_noise_fraction"": 0.99, ""signal_size"": 300}","{""geometry_profile"": ""low_dim"", ""knn_backend"": ""kd_tree"", ""min_cluster_size"": 40, ""min_samples"": 5}"
ok,synthetic,global_contamination_noise99__quality__signal300__n30000,HDBSCAN,223,0.2.4,30000,2,0.006052900003851391,11.13857409999764,15.968416900010197,189.80859375,5.00390625,189.796875,,1.0,1.0,2,2,0.00010101010101010101,known_synthetic_noise,0.5000505050505051,0.010002970391128036,1.6666666666666667,3,3,0.1,0.9,full_partition,target-discovery-v1,0,0.05,1.0,1.0,0.0,1.0,3,pairwise_f1,hungarian,1.0,0,5,0.000403918004645057,0.00020199979800020198,0.00020199979800020198,0.0001,1.0,0.00010101010101010101,0.00013469827219669017,6.735367230998822e-05,1.0,0.0001,5,macro,3,3,1.0,0.01980394098425587,0.010001000100010001,1.0,2,3,1.0,1.0,3,2,0.0,1.0,1.0,1.0,1.0,"{""background_inner_edge"": 6.0, ""background_intensity"": 3.0, ""background_size"": 29700, ""background_strip_height"": 10.0, ""background_support_area"": 9900.0, ""controlled_factor"": ""global_background_support_at_fixed_local_intensity"", ""declared_noise_fraction"": 0.99, ""dimension"": 2, ""family"": ""global_contamination_invariance"", ""n"": 30000, ""n_targets"": 3, ""paired_background"": ""seeded_prefix"", ""realized_noise_fraction"": 0.99, ""signal_size"": 300}","{""geometry_profile"": ""low_dim"", ""knn_backend"": ""kd_tree"", ""min_cluster_size"": 40, ""min_samples"": 5}"
ok,synthetic,global_contamination_noise99__quality__signal300__n30000,HDBSCAN,227,0.2.4,30000,2,0.005638900009216741,11.246656800009077,16.065492800000357,188.76953125,3.8203125,191.36328125,,1.0,1.0,2,2,0.0,known_synthetic_noise,0.5,0.009900990099009901,1.6666666666666667,3,3,0.1,0.9,full_partition,target-discovery-v1,0,0.05,1.0,1.0,0.0,1.0,3,pairwise_f1,hungarian,1.0,0,5,0.0,0.0,0.0,0.0,0.0,0.0,0.00013467106592148675,6.734006734006734e-05,1.0,0.0,5,macro,3,3,1.0,0.019801980198019802,0.01,1.0,2,3,1.0,1.0,3,2,0.0,1.0,1.0,1.0,1.0,"{""background_inner_edge"": 6.0, ""background_intensity"": 3.0, ""background_size"": 29700, ""background_strip_height"": 10.0, ""background_support_area"": 9900.0, ""controlled_factor"": ""global_background_support_at_fixed_local_intensity"", ""declared_noise_fraction"": 0.99, ""dimension"": 2, ""family"": ""global_contamination_invariance"", ""n"": 30000, ""n_targets"": 3, ""paired_background"": ""seeded_prefix"", ""realized_noise_fraction"": 0.99, ""signal_size"": 300}","{""geometry_profile"": ""low_dim"", ""knn_backend"": ""kd_tree"", ""min_cluster_size"": 40, ""min_samples"": 5}"
ok,synthetic,global_contamination_noise99__quality__signal300__n30000,HDBSCAN,229,0.2.4,30000,2,0.0049992999993264675,11.210256699996535,16.092019099989557,189.75390625,5.19140625,189.7578125,,1.0,1.0,2,2,0.0,known_synthetic_noise,0.5,0.009900990099009901,1.6666666666666667,3,3,0.1,0.9,full_partition,target-discovery-v1,0,0.05,1.0,1.0,0.0,1.0,3,pairwise_f1,hungarian,1.0,0,5,0.0,0.0,0.0,0.0,0.0,0.0,0.00013467106592148675,6.734006734006734e-05,1.0,0.0,5,macro,3,3,1.0,0.019801980198019802,0.01,1.0,2,3,1.0,1.0,3,2,0.0,1.0,1.0,1.0,1.0,"{""background_inner_edge"": 6.0, ""background_intensity"": 3.0, ""background_size"": 29700, ""background_strip_height"": 10.0, ""background_support_area"": 9900.0, ""controlled_factor"": ""global_background_support_at_fixed_local_intensity"", ""declared_noise_fraction"": 0.99, ""dimension"": 2, ""family"": ""global_contamination_invariance"", ""n"": 30000, ""n_targets"": 3, ""paired_background"": ""seeded_prefix"", ""realized_noise_fraction"": 0.99, ""signal_size"": 300}","{""geometry_profile"": ""low_dim"", ""knn_backend"": ""kd_tree"", ""min_cluster_size"": 40, ""min_samples"": 5}"
ok,synthetic,global_contamination_noise99__quality__signal300__n30000,HDBSCAN,233,0.2.4,30000,2,0.0064494999969610944,10.978520600008778,15.958030099995085,189.1953125,3.87109375,193.1640625,,1.0,1.0,2,1,6.734006734006734e-05,known_synthetic_noise,0.50003367003367,0.009968979205810436,1.3333333333333333,3,2,0.1,0.9,full_partition,target-discovery-v1,0,0.05,1.0,0.6710963455149502,0.0,0.6688963210702341,3,pairwise_f1,hungarian,1.0,0,4,0.0002692880929337204,0.00013467106592148675,0.00013467106592148675,6.666666666666667e-05,1.0,6.734006734006734e-05,0.00013378821145040328,6.689858084594161e-05,1.0,6.666666666666667e-05,4,macro,2,2,1.0,0.019803287345699385,0.010000666711114074,1.0,2,3,0.6666666666666666,0.6666666666666666,3,1,0.0,1.0,0.6666666666666666,0.6710963455149501,0.6688963210702341,"{""background_inner_edge"": 6.0, ""background_intensity"": 3.0, ""background_size"": 29700, ""background_strip_height"": 10.0, ""background_support_area"": 9900.0, ""controlled_factor"": ""global_background_support_at_fixed_local_intensity"", ""declared_noise_fraction"": 0.99, ""dimension"": 2, ""family"": ""global_contamination_invariance"", ""n"": 30000, ""n_targets"": 3, ""paired_background"": ""seeded_prefix"", ""realized_noise_fraction"": 0.99, ""signal_size"": 300}","{""geometry_profile"": ""low_dim"", ""knn_backend"": ""kd_tree"", ""min_cluster_size"": 40, ""min_samples"": 5}"
ok,synthetic,global_contamination_noise99__quality__signal300__n30000,OPTICS,211,0.2.4,30000,2,0.005940799994277768,47.35057520000555,52.0897616000002,193.02734375,8.25,188.51171875,,1.0,1.0,6,6,0.9872727272727273,known_synthetic_noise,0.9936363636363637,0.8035462704662689,3.0,3,3,0.1,0.9,full_partition,target-discovery-v1,0,0.05,1.0,1.0,0.0,1.0,3,pairwise_f1,hungarian,1.0,0,9,0.9967875172097292,0.9935956084172004,0.9935956084172004,0.9774,1.0,0.9872727272727273,0.7038415053202833,0.5430211723406589,1.0,0.9774,9,macro,3,3,1.0,0.6134969325153374,0.4424778761061947,1.0,6,3,1.0,1.0,3,6,0.0,1.0,1.0,1.0,1.0,"{""background_inner_edge"": 6.0, ""background_intensity"": 3.0, ""background_size"": 29700, ""background_strip_height"": 10.0, ""background_support_area"": 9900.0, ""controlled_factor"": ""global_background_support_at_fixed_local_intensity"", ""declared_noise_fraction"": 0.99, ""dimension"": 2, ""family"": ""global_contamination_invariance"", ""n"": 30000, ""n_targets"": 3, ""paired_background"": ""seeded_prefix"", ""realized_noise_fraction"": 0.99, ""signal_size"": 300}","{""geometry_profile"": ""low_dim"", ""knn_backend"": ""kd_tree"", ""max_eps"": 1.025037407875061, ""max_eps_quantile"": 0.98, ""min_cluster_size"": 40, ""min_samples"": 5, ""xi"": 0.1}"
ok,synthetic,global_contamination_noise99__quality__signal300__n30000,OPTICS,223,0.2.4,30000,2,0.006461899989517406,46.55916659999639,51.51876859999902,193.13671875,8.2734375,188.5859375,,0.8470029862609341,0.845576646391437,8,8,0.9854208754208754,known_synthetic_noise,0.9393771043771044,0.7637915229738821,3.6666666666666665,3,3,0.1,0.9,full_partition,target-discovery-v1,0,0.05,0.8933333333333332,0.9420075813518437,0.10666666666666667,1.0,3,pairwise_f1,hungarian,1.0,0,11,0.9664138883395965,0.9921185104832285,0.9921185104832285,0.9766333333333334,0.9989078125533295,0.9854208754208754,0.6091087894965389,0.49067862875015433,0.8028956228956229,0.9766333333333334,11,macro,3,3,0.8933333333333333,0.5354645354645355,0.38231098430813126,0.8933333333333333,8,3,1.0,1.0,3,8,0.0,0.8933333333333333,1.0,0.9420075813518436,1.0,"{""background_inner_edge"": 6.0, ""background_intensity"": 3.0, ""background_size"": 29700, ""background_strip_height"": 10.0, ""background_support_area"": 9900.0, ""controlled_factor"": ""global_background_support_at_fixed_local_intensity"", ""declared_noise_fraction"": 0.99, ""dimension"": 2, ""family"": ""global_contamination_invariance"", ""n"": 30000, ""n_targets"": 3, ""paired_background"": ""seeded_prefix"", ""realized_noise_fraction"": 0.99, ""signal_size"": 300}","{""geometry_profile"": ""low_dim"", ""knn_backend"": ""kd_tree"", ""max_eps"": 1.0251482725143433, ""max_eps_quantile"": 0.98, ""min_cluster_size"": 40, ""min_samples"": 5, ""xi"": 0.1}"
ok,synthetic,global_contamination_noise99__quality__signal300__n30000,OPTICS,227,0.2.4,30000,2,0.005273799994029105,46.92013360001147,51.89969950000523,193.34375,8.32421875,190.23828125,,0.7244002560990298,0.7066026902035921,5,5,0.9929292929292929,known_synthetic_noise,0.9047979797979797,0.8222668356063243,2.6666666666666665,3,3,0.1,0.9,full_partition,target-discovery-v1,0,0.05,0.8166666666666668,0.8989630715063447,0.18333333333333335,1.0,3,pairwise_f1,hungarian,1.0,0,8,0.9447840808669469,0.9955270486960924,0.9955270486960924,0.9848333333333333,0.9981384328989676,0.9929292929292929,0.6807587702688745,0.6964147355075015,0.6657912457912458,0.9848333333333333,8,macro,3,2,0.8166666666666667,0.6490066225165563,0.5384615384615384,0.8166666666666667,5,3,1.0,1.0,3,5,0.0,0.8166666666666667,1.0,0.8989630715063447,1.0,"{""background_inner_edge"": 6.0, ""background_intensity"": 3.0, ""background_size"": 29700, ""background_strip_height"": 10.0, ""background_support_area"": 9900.0, ""controlled_factor"": ""global_background_support_at_fixed_local_intensity"", ""declared_noise_fraction"": 0.99, ""dimension"": 2, ""family"": ""global_contamination_invariance"", ""n"": 30000, ""n_targets"": 3, ""paired_background"": ""seeded_prefix"", ""realized_noise_fraction"": 0.99, ""signal_size"": 300}","{""geometry_profile"": ""low_dim"", ""knn_backend"": ""kd_tree"", ""max_eps"": 1.030839204788208, ""max_eps_quantile"": 0.98, ""min_cluster_size"": 40, ""min_samples"": 5, ""xi"": 0.1}"
ok,synthetic,global_contamination_noise99__quality__signal300__n30000,OPTICS,229,0.2.4,30000,2,0.008139700003084727,46.021833100006916,51.508689800000866,188.9609375,3.8984375,189.234375,,0.9625997282324074,0.9668640195538187,5,5,0.9921548821548821,known_synthetic_noise,0.9844107744107744,0.8526936319702612,2.6666666666666665,3,3,0.1,0.9,full_partition,target-discovery-v1,0,0.05,0.9766666666666667,0.9879101899827288,0.023333333333333334,1.0,3,pairwise_f1,hungarian,1.0,0,8,0.991910909812775,0.9959441646669145,0.9959441646669145,0.9824666666666667,0.9997625025446156,0.9921548821548821,0.8238233585124927,0.7244762391415431,0.9547474747474748,0.9824666666666667,8,macro,3,3,0.9766666666666667,0.7094430992736078,0.5570342205323194,0.9766666666666667,5,3,1.0,1.0,3,5,0.0,0.9766666666666667,1.0,0.9879101899827287,1.0,"{""background_inner_edge"": 6.0, ""background_intensity"": 3.0, ""background_size"": 29700, ""background_strip_height"": 10.0, ""background_support_area"": 9900.0, ""controlled_factor"": ""global_background_support_at_fixed_local_intensity"", ""declared_noise_fraction"": 0.99, ""dimension"": 2, ""family"": ""global_contamination_invariance"", ""n"": 30000, ""n_targets"": 3, ""paired_background"": ""seeded_prefix"", ""realized_noise_fraction"": 0.99, ""signal_size"": 300}","{""geometry_profile"": ""low_dim"", ""knn_backend"": ""kd_tree"", ""max_eps"": 1.0295276641845703, ""max_eps_quantile"": 0.98, ""min_cluster_size"": 40, ""min_samples"": 5, ""xi"": 0.1}"
ok,synthetic,global_contamination_noise99__quality__signal300__n30000,OPTICS,233,0.2.4,30000,2,0.005322500001057051,55.03889250000066,79.30229690000124,189.48046875,4.375,187.57421875,,0.9155811805781766,0.892596546326169,8,8,0.9867676767676767,known_synthetic_noise,0.945050505050505,0.7775462415646801,3.6666666666666665,3,3,0.1,0.9,full_partition,target-discovery-v1,0,0.05,0.9033333333333333,0.9434697855750488,0.09666666666666666,1.0,3,pairwise_f1,hungarian,1.0,0,11,0.9675311070967996,0.992851819228945,0.992851819228945,0.9778666666666667,0.9990114535042269,0.9867676767676767,0.6696585471356348,0.5594200280048782,0.834006734006734,0.9778666666666667,11,macro,3,2,0.9033333333333333,0.562240663900415,0.40813253012048195,0.9033333333333333,8,3,1.0,1.0,3,8,0.0,0.9033333333333333,1.0,0.9434697855750487,1.0,"{""background_inner_edge"": 6.0, ""background_intensity"": 3.0, ""background_size"": 29700, ""background_strip_height"": 10.0, ""background_support_area"": 9900.0, ""controlled_factor"": ""global_background_support_at_fixed_local_intensity"", ""declared_noise_fraction"": 0.99, ""dimension"": 2, ""family"": ""global_contamination_invariance"", ""n"": 30000, ""n_targets"": 3, ""paired_background"": ""seeded_prefix"", ""realized_noise_fraction"": 0.99, ""signal_size"": 300}","{""geometry_profile"": ""low_dim"", ""knn_backend"": ""kd_tree"", ""max_eps"": 1.0253396034240723, ""max_eps_quantile"": 0.98, ""min_cluster_size"": 40, ""min_samples"": 5, ""xi"": 0.1}"
ok,synthetic,global_contamination_noise99__quality__signal300__n30000,SNN-DBSCAN,211,0.2.4,30000,2,0.007366100006038323,0.5915281000052346,6.697720800002571,264.68359375,40.66796875,255.8046875,,0.9681462648043433,0.9800866408299869,563,563,0.0603030303030303,known_synthetic_noise,0.5234848484848484,0.06725031236599534,188.66666666666666,3,3,0.1,0.9,full_partition,target-discovery-v1,0,0.05,0.9866666666666667,0.9932488159919735,0.013333333333333334,1.0,3,pairwise_f1,hungarian,1.0,0,566,0.20409473109240497,0.11373233846642324,0.11373233846642324,0.059833333333333336,0.9977715877437325,0.0603030303030303,0.019837929182009606,0.010021065239858844,0.9735353535353536,0.059833333333333336,566,macro,3,3,0.9866666666666667,0.020768286265567447,0.010494593157241624,0.9866666666666667,563,3,1.0,1.0,3,563,0.0,0.9866666666666667,1.0,0.9932488159919735,1.0,"{""background_inner_edge"": 6.0, ""background_intensity"": 3.0, ""background_size"": 29700, ""background_strip_height"": 10.0, ""background_support_area"": 9900.0, ""controlled_factor"": ""global_background_support_at_fixed_local_intensity"", ""declared_noise_fraction"": 0.99, ""dimension"": 2, ""family"": ""global_contamination_invariance"", ""n"": 30000, ""n_targets"": 3, ""paired_background"": ""seeded_prefix"", ""realized_noise_fraction"": 0.99, ""signal_size"": 300}","{""eps"": 13, ""geometry_profile"": ""low_dim"", ""k"": 20, ""knn_backend"": ""kd_tree"", ""min_samples"": 5}"
ok,synthetic,global_contamination_noise99__quality__signal300__n30000,SNN-DBSCAN,223,0.2.4,30000,2,0.00513900000078138,0.6192730000038864,6.637779899989255,266.921875,43.19140625,252.7734375,,0.8736202923014496,0.8525372942325475,541,541,0.06333333333333334,known_synthetic_noise,0.525,0.06997061881984967,181.66666666666666,4,3,0.1,0.9,full_partition,target-discovery-v1,1,0.05,0.8333333333333334,0.8913867583531694,0.013333333333333334,1.0,3,pairwise_f1,hungarian,1.3333333333333333,0,545,0.21013595840398128,0.11910717112553429,0.11910717112553429,0.06283333333333334,0.9978779840848806,0.06333333333333334,0.014540821400308946,0.007336069586539532,0.8123232323232323,0.06283333333333334,545,macro,2,2,0.9866666666666667,0.020834066514165056,0.010528187800106704,0.9866666666666667,541,3,1.0,0.6666666666666666,3,542,0.0,0.8333333333333334,1.0,0.8913867583531694,1.0,"{""background_inner_edge"": 6.0, ""background_intensity"": 3.0, ""background_size"": 29700, ""background_strip_height"": 10.0, ""background_support_area"": 9900.0, ""controlled_factor"": ""global_background_support_at_fixed_local_intensity"", ""declared_noise_fraction"": 0.99, ""dimension"": 2, ""family"": ""global_contamination_invariance"", ""n"": 30000, ""n_targets"": 3, ""paired_background"": ""seeded_prefix"", ""realized_noise_fraction"": 0.99, ""signal_size"": 300}","{""eps"": 13, ""geometry_profile"": ""low_dim"", ""k"": 20, ""knn_backend"": ""kd_tree"", ""min_samples"": 5}"
ok,synthetic,global_contamination_noise99__quality__signal300__n30000,SNN-DBSCAN,227,0.2.4,30000,2,0.005456600003526546,0.6260898000036832,6.744871499991859,265.64453125,42.25,250.8359375,,0.9106179149197398,0.8825635930965968,590,590,0.06070707070707071,known_synthetic_noise,0.5303535353535354,0.0677600684494087,198.0,4,3,0.1,0.9,full_partition,target-discovery-v1,1,0.05,0.8866666666666667,0.9317269076305221,0.0,1.0,3,pairwise_f1,hungarian,1.3333333333333333,0,594,0.20388297697338362,0.11446528902009333,0.11446528902009333,0.0601,1.0,0.06070707070707071,0.01865990887640882,0.009433637510645208,0.8488888888888889,0.0601,594,macro,2,2,1.0,0.021054847878724078,0.010639429726566656,1.0,590,3,1.0,0.6666666666666666,3,591,0.0,0.8866666666666667,1.0,0.9317269076305221,1.0,"{""background_inner_edge"": 6.0, ""background_intensity"": 3.0, ""background_size"": 29700, ""background_strip_height"": 10.0, ""background_support_area"": 9900.0, ""controlled_factor"": ""global_background_support_at_fixed_local_intensity"", ""declared_noise_fraction"": 0.99, ""dimension"": 2, ""family"": ""global_contamination_invariance"", ""n"": 30000, ""n_targets"": 3, ""paired_background"": ""seeded_prefix"", ""realized_noise_fraction"": 0.99, ""signal_size"": 300}","{""eps"": 13, ""geometry_profile"": ""low_dim"", ""k"": 20, ""knn_backend"": ""kd_tree"", ""min_samples"": 5}"
ok,synthetic,global_contamination_noise99__quality__signal300__n30000,SNN-DBSCAN,229,0.2.4,30000,2,0.004774600005475804,0.5865855000010924,6.624273399997037,265.8359375,41.73046875,264.390625,,0.9851989977985108,0.9901010167892863,567,567,0.06080808080808081,known_synthetic_noise,0.527070707070707,0.06777785241575107,190.0,3,3,0.1,0.9,full_partition,target-discovery-v1,0,0.05,0.9933333333333333,0.9966329966329966,0.006666666666666667,1.0,3,pairwise_f1,hungarian,1.0,0,570,0.2056233154844077,0.11463755236765265,0.11463755236765265,0.06026666666666667,0.9988938053097345,0.06080808080808081,0.018141636746316706,0.00915497797632064,0.9867340067340067,0.06026666666666667,570,macro,3,3,0.9933333333333333,0.0209181524638495,0.010570374574347332,0.9933333333333333,567,3,1.0,1.0,3,567,0.0,0.9933333333333333,1.0,0.9966329966329965,1.0,"{""background_inner_edge"": 6.0, ""background_intensity"": 3.0, ""background_size"": 29700, ""background_strip_height"": 10.0, ""background_support_area"": 9900.0, ""controlled_factor"": ""global_background_support_at_fixed_local_intensity"", ""declared_noise_fraction"": 0.99, ""dimension"": 2, ""family"": ""global_contamination_invariance"", ""n"": 30000, ""n_targets"": 3, ""paired_background"": ""seeded_prefix"", ""realized_noise_fraction"": 0.99, ""signal_size"": 300}","{""eps"": 13, ""geometry_profile"": ""low_dim"", ""k"": 20, ""knn_backend"": ""kd_tree"", ""min_samples"": 5}"
ok,synthetic,global_contamination_noise99__quality__signal300__n30000,SNN-DBSCAN,233,0.2.4,30000,2,0.005440199995064177,0.5885990000097081,6.4907067000021925,266.84375,42.546875,255.40234375,,0.9546801493003191,0.9746739935059259,580,580,0.06824915824915825,known_synthetic_noise,0.5257912457912458,0.07431456289926079,194.33333333333334,3,3,0.1,0.9,full_partition,target-discovery-v1,0,0.05,0.9833333333333334,0.9915909513899464,0.016666666666666666,1.0,3,pairwise_f1,hungarian,1.0,0,583,0.22635159482179654,0.12775746880121014,0.12775746880121014,0.06773333333333334,0.9975393700787402,0.06824915824915825,0.019630202372797466,0.009915767430809947,0.9668013468013468,0.06773333333333334,583,macro,3,3,0.9833333333333333,0.02087165699731145,0.010547768878718536,0.9833333333333333,580,3,1.0,1.0,3,580,0.0,0.9833333333333333,1.0,0.9915909513899465,1.0,"{""background_inner_edge"": 6.0, ""background_intensity"": 3.0, ""background_size"": 29700, ""background_strip_height"": 10.0, ""background_support_area"": 9900.0, ""controlled_factor"": ""global_background_support_at_fixed_local_intensity"", ""declared_noise_fraction"": 0.99, ""dimension"": 2, ""family"": ""global_contamination_invariance"", ""n"": 30000, ""n_targets"": 3, ""paired_background"": ""seeded_prefix"", ""realized_noise_fraction"": 0.99, ""signal_size"": 300}","{""eps"": 13, ""geometry_profile"": ""low_dim"", ""k"": 20, ""knn_backend"": ""kd_tree"", ""min_samples"": 5}"
ok,synthetic,global_contamination_noise99__quality__signal300__n30000,StrataSCAN,211,0.2.4,30000,2,0.007585699990158901,1.7624491000024136,7.7641798999975435,249.99609375,65.1640625,237.48046875,,0.8289915899205627,0.8515475773411874,1,1,0.9998316498316498,known_synthetic_noise,0.9515824915824915,0.9702000314126729,1.3333333333333333,3,3,0.1,0.9,full_partition,target-discovery-v1,0,0.05,0.9033333333333333,0.9487748057335686,0.09666666666666668,1.0,3,pairwise_f1,hungarian,1.0,0,4,0.9734428367561855,0.9994278406031235,0.9994278406031235,0.9908,0.9990243574216122,0.9998316498316498,0.898729017675177,0.999176073164703,0.8166329966329966,0.9908,4,macro,3,3,0.9033333333333333,0.9409722222222221,0.9818840579710145,0.9033333333333333,1,3,1.0,1.0,3,1,0.0,0.9033333333333333,1.0,0.9487748057335685,1.0,"{""background_inner_edge"": 6.0, ""background_intensity"": 3.0, ""background_size"": 29700, ""background_strip_height"": 10.0, ""background_support_area"": 9900.0, ""controlled_factor"": ""global_background_support_at_fixed_local_intensity"", ""declared_noise_fraction"": 0.99, ""dimension"": 2, ""family"": ""global_contamination_invariance"", ""n"": 30000, ""n_targets"": 3, ""paired_background"": ""seeded_prefix"", ""realized_noise_fraction"": 0.99, ""signal_size"": 300}","{""ambiguous_model_confirmation_tolerance"": 1e-05, ""assignment"": ""maximum_posterior_basis_then_semantic_role"", ""background_model"": ""adaptive_gamma_basis_mixture_with_largest_rate_gap"", ""background_scan"": ""adaptive_dyadic_rank_windows_with_poisson_beta_boundary_code"", ""border_rule"": ""strict_local_core_radius"", ""component_initialization"": ""compiled_split_warm_single_start_with_guarded_confirmation"", ""component_selection"": ""semantic_icl_with_adaptive_bound"", ""connectivity"": ""density_ordered_non_merging_knn_watershed"", ""core_thresholds"": ""observed_d4_event_sweep"", ""duplicate_profile_confirmation_minimum"": 3, ""duplicate_profile_confirmation_tolerance"": 1e-08, ""extraction_objective"": ""gamma_topology_description_length"", ""fit_samples"": ""all_rows"", ""gamma_tolerance"": 0.0001, ""geometry_profile"": ""low_dim"", ""hard_component_bound"": 24, ""initial_component_bound"": 8, ""k"": 32, ""knn_backend"": ""kd_tree"", ""shell_ranks"": [4, 8, 16, 32], ""stratification_model"": ""adaptive_gamma_density_basis_with_semantic_background"", ""version"": ""0.2.3""}"
ok,synthetic,global_contamination_noise99__quality__signal300__n30000,StrataSCAN,223,0.2.4,30000,2,0.00737989999470301,1.4713312000094447,6.751648100005696,251.94921875,67.296875,252.32421875,,0.9128286209110943,0.9395250088219608,0,0,1.0,known_synthetic_noise,0.98,0.9896949286682963,1.0,3,3,0.1,0.9,full_partition,target-discovery-v1,0,0.05,0.96,0.9794670444837458,0.04,1.0,3,pairwise_f1,hungarian,1.0,0,3,0.9895281128273409,0.9997980206018987,0.9997980206018987,0.9904,0.9995961227786753,1.0,0.9592458912990153,1.0,0.9216835016835017,0.9904,3,macro,3,3,0.96,0.9795918367346939,1.0,0.96,0,3,1.0,1.0,3,0,0.0,0.96,1.0,0.9794670444837459,1.0,"{""background_inner_edge"": 6.0, ""background_intensity"": 3.0, ""background_size"": 29700, ""background_strip_height"": 10.0, ""background_support_area"": 9900.0, ""controlled_factor"": ""global_background_support_at_fixed_local_intensity"", ""declared_noise_fraction"": 0.99, ""dimension"": 2, ""family"": ""global_contamination_invariance"", ""n"": 30000, ""n_targets"": 3, ""paired_background"": ""seeded_prefix"", ""realized_noise_fraction"": 0.99, ""signal_size"": 300}","{""ambiguous_model_confirmation_tolerance"": 1e-05, ""assignment"": ""maximum_posterior_basis_then_semantic_role"", ""background_model"": ""adaptive_gamma_basis_mixture_with_largest_rate_gap"", ""background_scan"": ""adaptive_dyadic_rank_windows_with_poisson_beta_boundary_code"", ""border_rule"": ""strict_local_core_radius"", ""component_initialization"": ""compiled_split_warm_single_start_with_guarded_confirmation"", ""component_selection"": ""semantic_icl_with_adaptive_bound"", ""connectivity"": ""density_ordered_non_merging_knn_watershed"", ""core_thresholds"": ""observed_d4_event_sweep"", ""duplicate_profile_confirmation_minimum"": 3, ""duplicate_profile_confirmation_tolerance"": 1e-08, ""extraction_objective"": ""gamma_topology_description_length"", ""fit_samples"": ""all_rows"", ""gamma_tolerance"": 0.0001, ""geometry_profile"": ""low_dim"", ""hard_component_bound"": 24, ""initial_component_bound"": 8, ""k"": 32, ""knn_backend"": ""kd_tree"", ""shell_ranks"": [4, 8, 16, 32], ""stratification_model"": ""adaptive_gamma_density_basis_with_semantic_background"", ""version"": ""0.2.3""}"
ok,synthetic,global_contamination_noise99__quality__signal300__n30000,StrataSCAN,227,0.2.4,30000,2,0.010191500012297183,1.436843499992392,7.0002736000024015,252.1484375,67.484375,245.125,,0.9333144097505031,0.959256545061578,0,0,1.0,known_synthetic_noise,0.9866666666666667,0.9931759122440512,1.0,3,3,0.1,0.9,full_partition,target-discovery-v1,0,0.05,0.9733333333333333,0.9864807123690372,0.02666666666666667,1.0,3,pairwise_f1,hungarian,1.0,0,3,0.9931279302726624,0.9998653380016159,0.9998653380016159,0.9902666666666666,0.9997307122660563,1.0,0.9728514611793188,1.0,0.9471380471380472,0.9902666666666666,3,macro,3,3,0.9733333333333334,0.9864864864864865,1.0,0.9733333333333334,0,3,1.0,1.0,3,0,0.0,0.9733333333333334,1.0,0.9864807123690372,1.0,"{""background_inner_edge"": 6.0, ""background_intensity"": 3.0, ""background_size"": 29700, ""background_strip_height"": 10.0, ""background_support_area"": 9900.0, ""controlled_factor"": ""global_background_support_at_fixed_local_intensity"", ""declared_noise_fraction"": 0.99, ""dimension"": 2, ""family"": ""global_contamination_invariance"", ""n"": 30000, ""n_targets"": 3, ""paired_background"": ""seeded_prefix"", ""realized_noise_fraction"": 0.99, ""signal_size"": 300}","{""ambiguous_model_confirmation_tolerance"": 1e-05, ""assignment"": ""maximum_posterior_basis_then_semantic_role"", ""background_model"": ""adaptive_gamma_basis_mixture_with_largest_rate_gap"", ""background_scan"": ""adaptive_dyadic_rank_windows_with_poisson_beta_boundary_code"", ""border_rule"": ""strict_local_core_radius"", ""component_initialization"": ""compiled_split_warm_single_start_with_guarded_confirmation"", ""component_selection"": ""semantic_icl_with_adaptive_bound"", ""connectivity"": ""density_ordered_non_merging_knn_watershed"", ""core_thresholds"": ""observed_d4_event_sweep"", ""duplicate_profile_confirmation_minimum"": 3, ""duplicate_profile_confirmation_tolerance"": 1e-08, ""extraction_objective"": ""gamma_topology_description_length"", ""fit_samples"": ""all_rows"", ""gamma_tolerance"": 0.0001, ""geometry_profile"": ""low_dim"", ""hard_component_bound"": 24, ""initial_component_bound"": 8, ""k"": 32, ""knn_backend"": ""kd_tree"", ""shell_ranks"": [4, 8, 16, 32], ""stratification_model"": ""adaptive_gamma_density_basis_with_semantic_background"", ""version"": ""0.2.3""}"
ok,synthetic,global_contamination_noise99__quality__signal300__n30000,StrataSCAN,229,0.2.4,30000,2,0.005235600008745678,2.170774700003676,7.923845400000573,251.4609375,66.68359375,238.93359375,,0.9603871516442144,0.9749793725416577,5,5,0.9989562289562289,known_synthetic_noise,0.9911447811447811,0.9709428433891364,2.6666666666666665,3,3,0.1,0.9,full_partition,target-discovery-v1,0,0.05,0.9833333333333334,0.991556854501017,0.016666666666666666,1.0,3,pairwise_f1,hungarian,1.0,0,8,0.9954598405266368,0.99939367399872,0.99939367399872,0.9891333333333333,0.999831502325268,0.9989562289562289,0.9804042059265328,0.9942528735632183,0.966936026936027,0.9891333333333333,8,macro,3,3,0.9833333333333333,0.9424920127795527,0.9049079754601227,0.9833333333333333,5,3,1.0,1.0,3,5,0.0,0.9833333333333333,1.0,0.9915568545010169,1.0,"{""background_inner_edge"": 6.0, ""background_intensity"": 3.0, ""background_size"": 29700, ""background_strip_height"": 10.0, ""background_support_area"": 9900.0, ""controlled_factor"": ""global_background_support_at_fixed_local_intensity"", ""declared_noise_fraction"": 0.99, ""dimension"": 2, ""family"": ""global_contamination_invariance"", ""n"": 30000, ""n_targets"": 3, ""paired_background"": ""seeded_prefix"", ""realized_noise_fraction"": 0.99, ""signal_size"": 300}","{""ambiguous_model_confirmation_tolerance"": 1e-05, ""assignment"": ""maximum_posterior_basis_then_semantic_role"", ""background_model"": ""adaptive_gamma_basis_mixture_with_largest_rate_gap"", ""background_scan"": ""adaptive_dyadic_rank_windows_with_poisson_beta_boundary_code"", ""border_rule"": ""strict_local_core_radius"", ""component_initialization"": ""compiled_split_warm_single_start_with_guarded_confirmation"", ""component_selection"": ""semantic_icl_with_adaptive_bound"", ""connectivity"": ""density_ordered_non_merging_knn_watershed"", ""core_thresholds"": ""observed_d4_event_sweep"", ""duplicate_profile_confirmation_minimum"": 3, ""duplicate_profile_confirmation_tolerance"": 1e-08, ""extraction_objective"": ""gamma_topology_description_length"", ""fit_samples"": ""all_rows"", ""gamma_tolerance"": 0.0001, ""geometry_profile"": ""low_dim"", ""hard_component_bound"": 24, ""initial_component_bound"": 8, ""k"": 32, ""knn_backend"": ""kd_tree"", ""shell_ranks"": [4, 8, 16, 32], ""stratification_model"": ""adaptive_gamma_density_basis_with_semantic_background"", ""version"": ""0.2.3""}"
ok,synthetic,global_contamination_noise99__quality__signal300__n30000,StrataSCAN,233,0.2.4,30000,2,0.005242100000032224,1.2830732000002172,7.5172246000001905,251.28125,66.4375,252.34375,,0.8648531128790719,0.892993757322353,1,1,0.9998316498316498,known_synthetic_noise,0.964915824915825,0.977520929743568,1.3333333333333333,3,3,0.1,0.9,full_partition,target-discovery-v1,0,0.05,0.93,0.9634876478273631,0.06999999999999999,1.0,3,pairwise_f1,hungarian,1.0,0,4,0.981193556642378,0.9995624074323414,0.9995624074323414,0.9905333333333334,0.999293310001346,0.9998316498316498,0.9273468798498573,0.9992222135801508,0.8651178451178451,0.9905333333333334,4,macro,3,3,0.93,0.9554794520547946,0.9823943661971831,0.93,1,3,1.0,1.0,3,1,0.0,0.93,1.0,0.963487647827363,1.0,"{""background_inner_edge"": 6.0, ""background_intensity"": 3.0, ""background_size"": 29700, ""background_strip_height"": 10.0, ""background_support_area"": 9900.0, ""controlled_factor"": ""global_background_support_at_fixed_local_intensity"", ""declared_noise_fraction"": 0.99, ""dimension"": 2, ""family"": ""global_contamination_invariance"", ""n"": 30000, ""n_targets"": 3, ""paired_background"": ""seeded_prefix"", ""realized_noise_fraction"": 0.99, ""signal_size"": 300}","{""ambiguous_model_confirmation_tolerance"": 1e-05, ""assignment"": ""maximum_posterior_basis_then_semantic_role"", ""background_model"": ""adaptive_gamma_basis_mixture_with_largest_rate_gap"", ""background_scan"": ""adaptive_dyadic_rank_windows_with_poisson_beta_boundary_code"", ""border_rule"": ""strict_local_core_radius"", ""component_initialization"": ""compiled_split_warm_single_start_with_guarded_confirmation"", ""component_selection"": ""semantic_icl_with_adaptive_bound"", ""connectivity"": ""density_ordered_non_merging_knn_watershed"", ""core_thresholds"": ""observed_d4_event_sweep"", ""duplicate_profile_confirmation_minimum"": 3, ""duplicate_profile_confirmation_tolerance"": 1e-08, ""extraction_objective"": ""gamma_topology_description_length"", ""fit_samples"": ""all_rows"", ""gamma_tolerance"": 0.0001, ""geometry_profile"": ""low_dim"", ""hard_component_bound"": 24, ""initial_component_bound"": 8, ""k"": 32, ""knn_backend"": ""kd_tree"", ""shell_ranks"": [4, 8, 16, 32], ""stratification_model"": ""adaptive_gamma_density_basis_with_semantic_background"", ""version"": ""0.2.3""}"
ok,synthetic,global_contamination_noise99__quality__signal300__n30000,VDBSCAN-2007,211,0.2.4,30000,2,0.005679799985955469,0.48457450000569224,5.302326899996842,195.55078125,10.65234375,194.05078125,,1.0,1.0,82,82,0.014208754208754209,known_synthetic_noise,0.5071043771043771,0.024050526631153753,28.333333333333332,3,3,0.1,0.9,full_partition,target-discovery-v1,0,0.05,1.0,1.0,0.0,1.0,3,pairwise_f1,hungarian,1.0,0,85,0.05451139959956082,0.02801938782285373,0.02801938782285373,0.014066666666666667,1.0,0.014208754208754209,0.0002521696909454117,0.00012610074486563621,1.0,0.014066666666666667,85,macro,3,3,1.0,0.020081665439453777,0.01014267360876327,1.0,82,3,1.0,1.0,3,82,0.0,1.0,1.0,1.0,1.0,"{""background_inner_edge"": 6.0, ""background_intensity"": 3.0, ""background_size"": 29700, ""background_strip_height"": 10.0, ""background_support_area"": 9900.0, ""controlled_factor"": ""global_background_support_at_fixed_local_intensity"", ""declared_noise_fraction"": 0.99, ""dimension"": 2, ""family"": ""global_contamination_invariance"", ""n"": 30000, ""n_targets"": 3, ""paired_background"": ""seeded_prefix"", ""realized_noise_fraction"": 0.99, ""signal_size"": 300}","{""eps_values"": [0.8481558561325073, 1.0944194793701172], ""geometry_profile"": ""low_dim"", ""knee_prominence"": 0.03, ""knn_backend"": ""kd_tree"", ""max_eps_values"": 3, ""min_samples"": 5}"
ok,synthetic,global_contamination_noise99__quality__signal300__n30000,VDBSCAN-2007,223,0.2.4,30000,2,0.005787300004158169,0.5313086000096519,5.344335699992371,195.33984375,10.41796875,190.77734375,,1.0,1.0,74,74,0.01478114478114478,known_synthetic_noise,0.5073905723905724,0.024612393928959003,25.666666666666668,3,3,0.1,0.9,full_partition,target-discovery-v1,0,0.05,1.0,1.0,0.0,1.0,3,pairwise_f1,hungarian,1.0,0,77,0.0566141148402489,0.029131689837088158,0.029131689837088158,0.014633333333333333,1.0,0.01478114478114478,0.00024271900398842894,0.00012137423191055407,1.0,0.014633333333333333,77,macro,3,3,1.0,0.020093098020829845,0.010148506478129968,1.0,74,3,1.0,1.0,3,74,0.0,1.0,1.0,1.0,1.0,"{""background_inner_edge"": 6.0, ""background_intensity"": 3.0, ""background_size"": 29700, ""background_strip_height"": 10.0, ""background_support_area"": 9900.0, ""controlled_factor"": ""global_background_support_at_fixed_local_intensity"", ""declared_noise_fraction"": 0.99, ""dimension"": 2, ""family"": ""global_contamination_invariance"", ""n"": 30000, ""n_targets"": 3, ""paired_background"": ""seeded_prefix"", ""realized_noise_fraction"": 0.99, ""signal_size"": 300}","{""eps_values"": [0.8516365885734558, 1.094210147857666], ""geometry_profile"": ""low_dim"", ""knee_prominence"": 0.03, ""knn_backend"": ""kd_tree"", ""max_eps_values"": 3, ""min_samples"": 5}"
ok,synthetic,global_contamination_noise99__quality__signal300__n30000,VDBSCAN-2007,227,0.2.4,30000,2,0.005299399999785237,0.5241572000086308,5.335491100006038,195.21875,10.5390625,193.71875,,1.0,1.0,74,74,0.014882154882154882,known_synthetic_noise,0.5074410774410775,0.024711482535926504,25.666666666666668,3,3,0.1,0.9,full_partition,target-discovery-v1,0,0.05,1.0,1.0,0.0,1.0,3,pairwise_f1,hungarian,1.0,0,77,0.05698446464255785,0.02932784818525645,0.02932784818525645,0.014733333333333333,1.0,0.014882154882154882,0.00023316907317954833,0.00011659813012874247,1.0,0.014733333333333333,77,macro,3,3,1.0,0.020095116886596556,0.010149536504499629,1.0,74,3,1.0,1.0,3,74,0.0,1.0,1.0,1.0,1.0,"{""background_inner_edge"": 6.0, ""background_intensity"": 3.0, ""background_size"": 29700, ""background_strip_height"": 10.0, ""background_support_area"": 9900.0, ""controlled_factor"": ""global_background_support_at_fixed_local_intensity"", ""declared_noise_fraction"": 0.99, ""dimension"": 2, ""family"": ""global_contamination_invariance"", ""n"": 30000, ""n_targets"": 3, ""paired_background"": ""seeded_prefix"", ""realized_noise_fraction"": 0.99, ""signal_size"": 300}","{""eps_values"": [0.8496280908584595, 1.1094943284988403], ""geometry_profile"": ""low_dim"", ""knee_prominence"": 0.03, ""knn_backend"": ""kd_tree"", ""max_eps_values"": 3, ""min_samples"": 5}"
ok,synthetic,global_contamination_noise99__quality__signal300__n30000,VDBSCAN-2007,229,0.2.4,30000,2,0.005400900001404807,0.4827087999874493,5.47029840000323,195.203125,10.32421875,193.12890625,,0.9914959434433548,0.9950082639109167,53,53,0.014713804713804714,known_synthetic_noise,0.5056902356902357,0.024512692021896515,18.666666666666668,3,3,0.1,0.9,full_partition,target-discovery-v1,0,0.05,0.9966666666666667,0.9983249581239532,0.0033333333333333335,1.0,3,pairwise_f1,hungarian,1.0,0,56,0.05636261277710818,0.028999933638595793,0.028999933638595793,0.0146,0.997716894977169,0.014713804713804714,0.00028276059759921665,0.00014140042420318977,0.9933333333333333,0.0146,56,macro,3,3,0.9966666666666667,0.02002545040519724,0.010114335971855761,0.9966666666666667,53,3,1.0,1.0,3,53,0.0,0.9966666666666667,1.0,0.9983249581239529,1.0,"{""background_inner_edge"": 6.0, ""background_intensity"": 3.0, ""background_size"": 29700, ""background_strip_height"": 10.0, ""background_support_area"": 9900.0, ""controlled_factor"": ""global_background_support_at_fixed_local_intensity"", ""declared_noise_fraction"": 0.99, ""dimension"": 2, ""family"": ""global_contamination_invariance"", ""n"": 30000, ""n_targets"": 3, ""paired_background"": ""seeded_prefix"", ""realized_noise_fraction"": 0.99, ""signal_size"": 300}","{""eps_values"": [0.8501947522163391, 1.0938702821731567], ""geometry_profile"": ""low_dim"", ""knee_prominence"": 0.03, ""knn_backend"": ""kd_tree"", ""max_eps_values"": 3, ""min_samples"": 5}"
ok,synthetic,global_contamination_noise99__quality__signal300__n30000,VDBSCAN-2007,233,0.2.4,30000,2,0.005432999998447485,0.4716230999911204,5.310380299997632,195.05859375,10.64453125,194.2109375,,1.0,1.0,56,56,0.013905723905723906,known_synthetic_noise,0.5069528619528619,0.02375281588856231,19.666666666666668,3,3,0.1,0.9,full_partition,target-discovery-v1,0,0.05,1.0,1.0,0.0,1.0,3,pairwise_f1,hungarian,1.0,0,59,0.05339539093054074,0.02743001361538206,0.02743001361538206,0.013766666666666667,1.0,0.013905723905723906,0.00015421315399260843,7.711252287898695e-05,1.0,0.013766666666666667,59,macro,3,3,1.0,0.02007561816174256,0.010139588332713691,1.0,56,3,1.0,1.0,3,56,0.0,1.0,1.0,1.0,1.0,"{""background_inner_edge"": 6.0, ""background_intensity"": 3.0, ""background_size"": 29700, ""background_strip_height"": 10.0, ""background_support_area"": 9900.0, ""controlled_factor"": ""global_background_support_at_fixed_local_intensity"", ""declared_noise_fraction"": 0.99, ""dimension"": 2, ""family"": ""global_contamination_invariance"", ""n"": 30000, ""n_targets"": 3, ""paired_background"": ""seeded_prefix"", ""realized_noise_fraction"": 0.99, ""signal_size"": 300}","{""eps_values"": [0.8531430959701538, 1.088602900505066], ""geometry_profile"": ""low_dim"", ""knee_prominence"": 0.03, ""knn_backend"": ""kd_tree"", ""max_eps_values"": 3, ""min_samples"": 5}"
ok,synthetic,global_contamination_noise99__quality__signal300__n30000,kNN+Leiden,211,0.2.4,30000,2,0.017126599996117875,2.482957299987902,15.577093700005207,313.15625,100.8203125,324.08203125,,1.0,1.0,34,34,0.0,known_synthetic_noise,0.5,0.009900990099009901,12.333333333333334,3,3,0.1,0.9,full_partition,target-discovery-v1,0,0.05,1.0,1.0,0.0,1.0,3,pairwise_f1,hungarian,1.0,0,37,0.0,0.0,0.0,0.0,0.0,0.0,0.0021461249510076525,0.0010742151754992713,1.0,0.0,37,macro,3,3,1.0,0.019801980198019802,0.01,1.0,34,3,1.0,1.0,3,34,0.0,1.0,1.0,1.0,1.0,"{""background_inner_edge"": 6.0, ""background_intensity"": 3.0, ""background_size"": 29700, ""background_strip_height"": 10.0, ""background_support_area"": 9900.0, ""controlled_factor"": ""global_background_support_at_fixed_local_intensity"", ""declared_noise_fraction"": 0.99, ""dimension"": 2, ""family"": ""global_contamination_invariance"", ""n"": 30000, ""n_targets"": 3, ""paired_background"": ""seeded_prefix"", ""realized_noise_fraction"": 0.99, ""signal_size"": 300}","{""edge_rank"": 15, ""geometry_profile"": ""low_dim"", ""k"": 20, ""knn_backend"": ""kd_tree"", ""resolution"": 0.5, ""symmetrization"": ""union"", ""weights"": ""1/(1+d)""}"
ok,synthetic,global_contamination_noise99__quality__signal300__n30000,kNN+Leiden,223,0.2.4,30000,2,0.04058950000035111,2.2036031000025105,11.038958700009971,314.2890625,101.65234375,324.90234375,,1.0,1.0,35,35,0.0,known_synthetic_noise,0.5,0.009900990099009901,12.666666666666666,3,3,0.1,0.9,full_partition,target-discovery-v1,0,0.05,1.0,1.0,0.0,1.0,3,pairwise_f1,hungarian,1.0,0,38,0.0,0.0,0.0,0.0,0.0,0.0,0.00227516592049651,0.0011388785290567026,1.0,0.0,38,macro,3,3,1.0,0.019801980198019802,0.01,1.0,35,3,1.0,1.0,3,35,0.0,1.0,1.0,1.0,1.0,"{""background_inner_edge"": 6.0, ""background_intensity"": 3.0, ""background_size"": 29700, ""background_strip_height"": 10.0, ""background_support_area"": 9900.0, ""controlled_factor"": ""global_background_support_at_fixed_local_intensity"", ""declared_noise_fraction"": 0.99, ""dimension"": 2, ""family"": ""global_contamination_invariance"", ""n"": 30000, ""n_targets"": 3, ""paired_background"": ""seeded_prefix"", ""realized_noise_fraction"": 0.99, ""signal_size"": 300}","{""edge_rank"": 15, ""geometry_profile"": ""low_dim"", ""k"": 20, ""knn_backend"": ""kd_tree"", ""resolution"": 0.5, ""symmetrization"": ""union"", ""weights"": ""1/(1+d)""}"
ok,synthetic,global_contamination_noise99__quality__signal300__n30000,kNN+Leiden,227,0.2.4,30000,2,0.04654840000148397,2.356566799993743,13.130391099999542,312.91796875,100.421875,324.4140625,,1.0,1.0,38,38,0.0,known_synthetic_noise,0.5,0.009900990099009901,13.666666666666666,3,3,0.1,0.9,full_partition,target-discovery-v1,0,0.05,1.0,1.0,0.0,1.0,3,pairwise_f1,hungarian,1.0,0,41,0.0,0.0,0.0,0.0,0.0,0.0,0.0023855647788469,0.0011942068182856304,1.0,0.0,41,macro,3,3,1.0,0.019801980198019802,0.01,1.0,38,3,1.0,1.0,3,38,0.0,1.0,1.0,1.0,1.0,"{""background_inner_edge"": 6.0, ""background_intensity"": 3.0, ""background_size"": 29700, ""background_strip_height"": 10.0, ""background_support_area"": 9900.0, ""controlled_factor"": ""global_background_support_at_fixed_local_intensity"", ""declared_noise_fraction"": 0.99, ""dimension"": 2, ""family"": ""global_contamination_invariance"", ""n"": 30000, ""n_targets"": 3, ""paired_background"": ""seeded_prefix"", ""realized_noise_fraction"": 0.99, ""signal_size"": 300}","{""edge_rank"": 15, ""geometry_profile"": ""low_dim"", ""k"": 20, ""knn_backend"": ""kd_tree"", ""resolution"": 0.5, ""symmetrization"": ""union"", ""weights"": ""1/(1+d)""}"
ok,synthetic,global_contamination_noise99__quality__signal300__n30000,kNN+Leiden,229,0.2.4,30000,2,0.022311699998681433,3.624896400011494,15.135901000001468,290.53515625,90.30078125,313.73046875,,1.0,1.0,36,36,0.0,known_synthetic_noise,0.5,0.009900990099009901,13.0,3,3,0.1,0.9,full_partition,target-discovery-v1,0,0.05,1.0,1.0,0.0,1.0,3,pairwise_f1,hungarian,1.0,0,39,0.0,0.0,0.0,0.0,0.0,0.0,0.002260499506457608,0.001131528663221181,1.0,0.0,39,macro,3,3,1.0,0.019801980198019802,0.01,1.0,36,3,1.0,1.0,3,36,0.0,1.0,1.0,1.0,1.0,"{""background_inner_edge"": 6.0, ""background_intensity"": 3.0, ""background_size"": 29700, ""background_strip_height"": 10.0, ""background_support_area"": 9900.0, ""controlled_factor"": ""global_background_support_at_fixed_local_intensity"", ""declared_noise_fraction"": 0.99, ""dimension"": 2, ""family"": ""global_contamination_invariance"", ""n"": 30000, ""n_targets"": 3, ""paired_background"": ""seeded_prefix"", ""realized_noise_fraction"": 0.99, ""signal_size"": 300}","{""edge_rank"": 15, ""geometry_profile"": ""low_dim"", ""k"": 20, ""knn_backend"": ""kd_tree"", ""resolution"": 0.5, ""symmetrization"": ""union"", ""weights"": ""1/(1+d)""}"
ok,synthetic,global_contamination_noise99__quality__signal300__n30000,kNN+Leiden,233,0.2.4,30000,2,0.022744899993995205,1.965428299998166,15.00421520000964,312.5234375,100.0078125,323.98046875,,1.0,1.0,33,33,0.0,known_synthetic_noise,0.5,0.009900990099009901,12.0,3,3,0.1,0.9,full_partition,target-discovery-v1,0,0.05,1.0,1.0,0.0,1.0,3,pairwise_f1,hungarian,1.0,0,36,0.0,0.0,0.0,0.0,0.0,0.0,0.0021200009022495424,0.0010611252443624953,1.0,0.0,36,macro,3,3,1.0,0.019801980198019802,0.01,1.0,33,3,1.0,1.0,3,33,0.0,1.0,1.0,1.0,1.0,"{""background_inner_edge"": 6.0, ""background_intensity"": 3.0, ""background_size"": 29700, ""background_strip_height"": 10.0, ""background_support_area"": 9900.0, ""controlled_factor"": ""global_background_support_at_fixed_local_intensity"", ""declared_noise_fraction"": 0.99, ""dimension"": 2, ""family"": ""global_contamination_invariance"", ""n"": 30000, ""n_targets"": 3, ""paired_background"": ""seeded_prefix"", ""realized_noise_fraction"": 0.99, ""signal_size"": 300}","{""edge_rank"": 15, ""geometry_profile"": ""low_dim"", ""k"": 20, ""knn_backend"": ""kd_tree"", ""resolution"": 0.5, ""symmetrization"": ""union"", ""weights"": ""1/(1+d)""}"
ok,synthetic,global_contamination_noise99__quality__signal300__n30000,kNN-DBSCAN,211,0.2.4,30000,2,0.17008710000663996,0.29181210001115687,24.94294660000014,115.36328125,4.1953125,145.796875,,0.886832819291723,0.8947979916710568,1848,1848,0.5069360269360269,known_synthetic_noise,0.7434680134680134,0.35565060174258234,617.3333333333334,4,3,0.1,0.9,full_partition,target-discovery-v1,1,0.05,0.9199999999999999,0.9558518095055532,0.02,1.0,3,pairwise_f1,hungarian,1.3333333333333333,0,1852,0.7896697680553085,0.6727134623117823,0.6727134623117823,0.5020666666666667,0.9996016465276856,0.5069360269360269,0.27833364047306747,0.16586777606945827,0.8645117845117846,0.5020666666666667,1852,macro,3,2,0.98,0.03858774117338233,0.019681349578256794,0.98,1848,3,1.0,1.0,3,1849,0.0,0.92,1.0,0.9558518095055532,1.0,"{""background_inner_edge"": 6.0, ""background_intensity"": 3.0, ""background_size"": 29700, ""background_strip_height"": 10.0, ""background_support_area"": 9900.0, ""controlled_factor"": ""global_background_support_at_fixed_local_intensity"", ""declared_noise_fraction"": 0.99, ""dimension"": 2, ""family"": ""global_contamination_invariance"", ""n"": 30000, ""n_targets"": 3, ""paired_background"": ""seeded_prefix"", ""realized_noise_fraction"": 0.99, ""signal_size"": 300}","{""eps"": 0.5323411226272583, ""eps_quantile"": 0.25, ""geometry_profile"": ""low_dim"", ""k"": 4, ""knn_backend"": ""kd_tree"", ""min_samples"": 5}"
ok,synthetic,global_contamination_noise99__quality__signal300__n30000,kNN-DBSCAN,223,0.2.4,30000,2,0.02276779999374412,0.18784689999301918,14.804481700004544,187.6328125,8.6875,181.8203125,,0.9603871516442142,0.9749793725416577,1851,1851,0.5047138047138047,known_synthetic_noise,0.744023569023569,0.3546590179860383,618.0,3,3,0.1,0.9,full_partition,target-discovery-v1,0,0.05,0.9833333333333334,0.991556854501017,0.016666666666666666,1.0,3,pairwise_f1,hungarian,1.0,0,1854,0.8002105330356054,0.6707685423425438,0.6707685423425438,0.49983333333333335,0.9996665555185061,0.5047138047138047,0.30044148724708636,0.17785126833135156,0.966936026936027,0.49983333333333335,1854,macro,3,3,0.9833333333333333,0.03854949362953283,0.019660113295568143,0.9833333333333333,1851,3,1.0,1.0,3,1851,0.0,0.9833333333333333,1.0,0.9915568545010169,1.0,"{""background_inner_edge"": 6.0, ""background_intensity"": 3.0, ""background_size"": 29700, ""background_strip_height"": 10.0, ""background_support_area"": 9900.0, ""controlled_factor"": ""global_background_support_at_fixed_local_intensity"", ""declared_noise_fraction"": 0.99, ""dimension"": 2, ""family"": ""global_contamination_invariance"", ""n"": 30000, ""n_targets"": 3, ""paired_background"": ""seeded_prefix"", ""realized_noise_fraction"": 0.99, ""signal_size"": 300}","{""eps"": 0.535135805606842, ""eps_quantile"": 0.25, ""geometry_profile"": ""low_dim"", ""k"": 4, ""knn_backend"": ""kd_tree"", ""min_samples"": 5}"
ok,synthetic,global_contamination_noise99__quality__signal300__n30000,kNN-DBSCAN,227,0.2.4,30000,2,0.019451600004686043,0.24628890000167303,9.683858899996267,192.90625,8.26171875,192.90625,,0.9099854727774624,0.9223203029966975,1849,1849,0.5121885521885522,known_synthetic_noise,0.7494276094276094,0.35830008289848997,617.6666666666666,4,3,0.1,0.9,full_partition,target-discovery-v1,1,0.05,0.9433333333333334,0.9696228892208792,0.013333333333333334,1.0,3,pairwise_f1,hungarian,1.3333333333333333,0,1853,0.7975552501738163,0.6773532816813608,0.6773532816813608,0.5072,0.9997371188222923,0.5121885521885522,0.2939169106800819,0.175676386988104,0.898989898989899,0.5072,1853,macro,3,3,0.9866666666666667,0.0392468841156192,0.02002164502164502,0.9866666666666667,1849,3,1.0,1.0,3,1850,0.0,0.9433333333333334,1.0,0.9696228892208792,1.0,"{""background_inner_edge"": 6.0, ""background_intensity"": 3.0, ""background_size"": 29700, ""background_strip_height"": 10.0, ""background_support_area"": 9900.0, ""controlled_factor"": ""global_background_support_at_fixed_local_intensity"", ""declared_noise_fraction"": 0.99, ""dimension"": 2, ""family"": ""global_contamination_invariance"", ""n"": 30000, ""n_targets"": 3, ""paired_background"": ""seeded_prefix"", ""realized_noise_fraction"": 0.99, ""signal_size"": 300}","{""eps"": 0.5333554744720459, ""eps_quantile"": 0.25, ""geometry_profile"": ""low_dim"", ""k"": 4, ""knn_backend"": ""kd_tree"", ""min_samples"": 5}"
ok,synthetic,global_contamination_noise99__quality__signal300__n30000,kNN-DBSCAN,229,0.2.4,30000,2,0.01919120000093244,0.17688759999873582,8.768264900005306,187.03125,2.55859375,192.80078125,,0.9809982501286233,0.9899493302734766,1842,1842,0.5037373737373737,known_synthetic_noise,0.7485353535353535,0.3544053954348267,615.0,3,3,0.1,0.9,full_partition,target-discovery-v1,0,0.05,0.9933333333333333,0.9966499162479062,0.006666666666666667,1.0,3,pairwise_f1,hungarian,1.0,0,1845,0.8012791958147274,0.6699505183261312,0.6699505183261312,0.4987666666666667,0.9998663369645124,0.5037373737373737,0.3013078884593238,0.17780258719025313,0.9866666666666667,0.4987666666666667,1845,macro,3,3,0.9933333333333333,0.0388602725435222,0.019817782802420695,0.9933333333333333,1842,3,1.0,1.0,3,1842,0.0,0.9933333333333333,1.0,0.9966499162479061,1.0,"{""background_inner_edge"": 6.0, ""background_intensity"": 3.0, ""background_size"": 29700, ""background_strip_height"": 10.0, ""background_support_area"": 9900.0, ""controlled_factor"": ""global_background_support_at_fixed_local_intensity"", ""declared_noise_fraction"": 0.99, ""dimension"": 2, ""family"": ""global_contamination_invariance"", ""n"": 30000, ""n_targets"": 3, ""paired_background"": ""seeded_prefix"", ""realized_noise_fraction"": 0.99, ""signal_size"": 300}","{""eps"": 0.5363190174102783, ""eps_quantile"": 0.25, ""geometry_profile"": ""low_dim"", ""k"": 4, ""knn_backend"": ""kd_tree"", ""min_samples"": 5}"
ok,synthetic,global_contamination_noise99__quality__signal300__n30000,kNN-DBSCAN,233,0.2.4,30000,2,0.025390800001332536,0.3368467999971472,10.486854700007825,192.9140625,8.29296875,186.93359375,,0.9358774124161202,0.9595638964518409,1825,1825,0.5103030303030303,known_synthetic_noise,0.7418181818181818,0.35711272479966705,609.3333333333334,3,3,0.1,0.9,full_partition,target-discovery-v1,0,0.05,0.9733333333333333,0.986446094903538,0.02666666666666667,1.0,3,pairwise_f1,hungarian,1.0,0,1828,0.8019844187794074,0.675641940085592,0.675641940085592,0.5054666666666666,0.9994724347137959,0.5103030303030303,0.3002176882362984,0.17837488270649995,0.9472727272727273,0.5054666666666666,1828,macro,3,3,0.9733333333333334,0.03858350951374207,0.019681854947425182,0.9733333333333334,1825,3,1.0,1.0,3,1825,0.0,0.9733333333333334,1.0,0.9864460949035379,1.0,"{""background_inner_edge"": 6.0, ""background_intensity"": 3.0, ""background_size"": 29700, ""background_strip_height"": 10.0, ""background_support_area"": 9900.0, ""controlled_factor"": ""global_background_support_at_fixed_local_intensity"", ""declared_noise_fraction"": 0.99, ""dimension"": 2, ""family"": ""global_contamination_invariance"", ""n"": 30000, ""n_targets"": 3, ""paired_background"": ""seeded_prefix"", ""realized_noise_fraction"": 0.99, ""signal_size"": 300}","{""eps"": 0.5344053506851196, ""eps_quantile"": 0.25, ""geometry_profile"": ""low_dim"", ""k"": 4, ""knn_backend"": ""kd_tree"", ""min_samples"": 5}"
ok,synthetic,global_contamination_noise25__quality__signal300__n400,DPC-kNN-2016+GB-auto-p2pct,211,0.2.4,400,2,0.154771089553833,0.0050055161118507385,2.0873508602380753,161.4375,1.1328125,162.19921875,,1.0,1.0,0,0,0.0,known_synthetic_noise,0.5,0.42857142857142855,1.0,3,1,0.1,0.9,full_partition,target-discovery-v1,0,0.05,1.0,0.8666666666666667,0.0,0.7777777777777777,3,pairwise_f1,hungarian,1.0,0,3,0.0,0.0,0.0,0.0,0.0,0.0,0.704626334519573,0.5439560439560439,1.0,0.0,3,macro,3,1,1.0,0.8571428571428571,0.75,1.0,0,3,0.3333333333333333,1.0,3,0,0.0,1.0,0.3333333333333333,0.8666666666666667,0.7777777777777777,"{""background_inner_edge"": 6.0, ""background_intensity"": 3.0, ""background_size"": 100, ""background_strip_height"": 10.0, ""background_support_area"": 33.333333333333336, ""controlled_factor"": ""global_background_support_at_fixed_local_intensity"", ""declared_noise_fraction"": 0.25, ""dimension"": 2, ""family"": ""global_contamination_invariance"", ""n"": 400, ""n_targets"": 3, ""paired_background"": ""seeded_prefix"", ""realized_noise_fraction"": 0.25, ""signal_size"": 300}","{""all_points_assigned"": true, ""block_size"": 256, ""canonical_core"": ""Du-Ding-Jia DPC-KNN (2016)"", ""canonical_core_doi"": ""10.1016/j.knosys.2016.02.001"", ""center_fallback_used"": false, ""center_selector"": ""Flores-Garza GB-DPC P1 last-gap rule"", ""center_selector_doi"": ""10.1016/j.knosys.2020.106350"", ""delta_search"": ""exact_global_blockwise_all_pairs"", ""density_tie_convention"": ""rho_descending_then_original_row_index_ascending"", ""distance"": ""euclidean"", ""geometry_profile"": ""low_dim"", ""implementation"": ""controlled_exact_python_reimplementation"", ""k"": 8, ""k_rounding"": ""ceil(p*n)_clipped_to_[1,n-1]"", ""knn_backend"": ""not_used_exact_blockwise_all_pairs"", ""knn_search"": ""exact_blockwise_all_pairs"", ""method_id"": ""DPC-kNN-2016+GB-auto-p2pct"", ""n_centers"": 3, ""neighbour_fraction"": 0.02, ""noise_model"": ""none""}"
ok,synthetic,global_contamination_noise25__quality__signal300__n400,DPC-kNN-2016+GB-auto-p2pct,223,0.2.4,400,2,0.01161424070596695,0.006170220673084259,2.1588591411709785,161.36328125,1.12890625,162.1171875,,0.905661329473191,0.8720813830224428,0,0,0.0,known_synthetic_noise,0.5,0.42857142857142855,1.3333333333333333,4,2,0.1,0.9,full_partition,target-discovery-v1,1,0.05,0.8066666666666666,0.7971830985915492,0.0,0.8888888888888888,3,pairwise_f1,hungarian,1.3333333333333333,0,4,0.0,0.0,0.0,0.0,0.0,0.0,0.6600733769341203,0.5453347390616763,0.835959595959596,0.0,4,macro,2,1,1.0,0.8571428571428571,0.75,1.0,0,3,0.6666666666666666,0.6666666666666666,3,1,0.0,0.8066666666666666,0.6666666666666666,0.7971830985915492,0.8888888888888887,"{""background_inner_edge"": 6.0, ""background_intensity"": 3.0, ""background_size"": 100, ""background_strip_height"": 10.0, ""background_support_area"": 33.333333333333336, ""controlled_factor"": ""global_background_support_at_fixed_local_intensity"", ""declared_noise_fraction"": 0.25, ""dimension"": 2, ""family"": ""global_contamination_invariance"", ""n"": 400, ""n_targets"": 3, ""paired_background"": ""seeded_prefix"", ""realized_noise_fraction"": 0.25, ""signal_size"": 300}","{""all_points_assigned"": true, ""block_size"": 256, ""canonical_core"": ""Du-Ding-Jia DPC-KNN (2016)"", ""canonical_core_doi"": ""10.1016/j.knosys.2016.02.001"", ""center_fallback_used"": false, ""center_selector"": ""Flores-Garza GB-DPC P1 last-gap rule"", ""center_selector_doi"": ""10.1016/j.knosys.2020.106350"", ""delta_search"": ""exact_global_blockwise_all_pairs"", ""density_tie_convention"": ""rho_descending_then_original_row_index_ascending"", ""distance"": ""euclidean"", ""geometry_profile"": ""low_dim"", ""implementation"": ""controlled_exact_python_reimplementation"", ""k"": 8, ""k_rounding"": ""ceil(p*n)_clipped_to_[1,n-1]"", ""knn_backend"": ""not_used_exact_blockwise_all_pairs"", ""knn_search"": ""exact_blockwise_all_pairs"", ""method_id"": ""DPC-kNN-2016+GB-auto-p2pct"", ""n_centers"": 4, ""neighbour_fraction"": 0.02, ""noise_model"": ""none""}"
ok,synthetic,global_contamination_noise25__quality__signal300__n400,DPC-kNN-2016+GB-auto-p2pct,227,0.2.4,400,2,0.011568441987037659,0.006279170513153076,2.158952936530113,161.3671875,1.40625,162.10546875,,1.0,1.0,1,1,0.0,known_synthetic_noise,0.5,0.42857142857142855,1.3333333333333333,3,1,0.1,0.9,full_partition,target-discovery-v1,0,0.05,1.0,0.8936857562408224,0.0,0.8180227471566054,3,pairwise_f1,hungarian,1.0,0,4,0.0,0.0,0.0,0.0,0.0,0.0,0.7570929669377247,0.6091308093030887,1.0,0.0,4,macro,3,1,1.0,0.8571428571428571,0.75,1.0,1,3,0.3333333333333333,1.0,3,1,0.0,1.0,0.3333333333333333,0.8936857562408224,0.8180227471566054,"{""background_inner_edge"": 6.0, ""background_intensity"": 3.0, ""background_size"": 100, ""background_strip_height"": 10.0, ""background_support_area"": 33.333333333333336, ""controlled_factor"": ""global_background_support_at_fixed_local_intensity"", ""declared_noise_fraction"": 0.25, ""dimension"": 2, ""family"": ""global_contamination_invariance"", ""n"": 400, ""n_targets"": 3, ""paired_background"": ""seeded_prefix"", ""realized_noise_fraction"": 0.25, ""signal_size"": 300}","{""all_points_assigned"": true, ""block_size"": 256, ""canonical_core"": ""Du-Ding-Jia DPC-KNN (2016)"", ""canonical_core_doi"": ""10.1016/j.knosys.2016.02.001"", ""center_fallback_used"": false, ""center_selector"": ""Flores-Garza GB-DPC P1 last-gap rule"", ""center_selector_doi"": ""10.1016/j.knosys.2020.106350"", ""delta_search"": ""exact_global_blockwise_all_pairs"", ""density_tie_convention"": ""rho_descending_then_original_row_index_ascending"", ""distance"": ""euclidean"", ""geometry_profile"": ""low_dim"", ""implementation"": ""controlled_exact_python_reimplementation"", ""k"": 8, ""k_rounding"": ""ceil(p*n)_clipped_to_[1,n-1]"", ""knn_backend"": ""not_used_exact_blockwise_all_pairs"", ""knn_search"": ""exact_blockwise_all_pairs"", ""method_id"": ""DPC-kNN-2016+GB-auto-p2pct"", ""n_centers"": 4, ""neighbour_fraction"": 0.02, ""noise_model"": ""none""}"
ok,synthetic,global_contamination_noise25__quality__signal300__n400,DPC-kNN-2016+GB-auto-p2pct,229,0.2.4,400,2,0.011565864086151123,0.006234817206859589,2.1574543565511703,161.39453125,1.12890625,162.14453125,,1.0,1.0,0,0,0.0,known_synthetic_noise,0.5,0.42857142857142855,1.0,3,1,0.1,0.9,full_partition,target-discovery-v1,0,0.05,1.0,0.8666666666666667,0.0,0.7777777777777777,3,pairwise_f1,hungarian,1.0,0,3,0.0,0.0,0.0,0.0,0.0,0.0,0.704626334519573,0.5439560439560439,1.0,0.0,3,macro,3,1,1.0,0.8571428571428571,0.75,1.0,0,3,0.3333333333333333,1.0,3,0,0.0,1.0,0.3333333333333333,0.8666666666666667,0.7777777777777777,"{""background_inner_edge"": 6.0, ""background_intensity"": 3.0, ""background_size"": 100, ""background_strip_height"": 10.0, ""background_support_area"": 33.333333333333336, ""controlled_factor"": ""global_background_support_at_fixed_local_intensity"", ""declared_noise_fraction"": 0.25, ""dimension"": 2, ""family"": ""global_contamination_invariance"", ""n"": 400, ""n_targets"": 3, ""paired_background"": ""seeded_prefix"", ""realized_noise_fraction"": 0.25, ""signal_size"": 300}","{""all_points_assigned"": true, ""block_size"": 256, ""canonical_core"": ""Du-Ding-Jia DPC-KNN (2016)"", ""canonical_core_doi"": ""10.1016/j.knosys.2016.02.001"", ""center_fallback_used"": false, ""center_selector"": ""Flores-Garza GB-DPC P1 last-gap rule"", ""center_selector_doi"": ""10.1016/j.knosys.2020.106350"", ""delta_search"": ""exact_global_blockwise_all_pairs"", ""density_tie_convention"": ""rho_descending_then_original_row_index_ascending"", ""distance"": ""euclidean"", ""geometry_profile"": ""low_dim"", ""implementation"": ""controlled_exact_python_reimplementation"", ""k"": 8, ""k_rounding"": ""ceil(p*n)_clipped_to_[1,n-1]"", ""knn_backend"": ""not_used_exact_blockwise_all_pairs"", ""knn_search"": ""exact_blockwise_all_pairs"", ""method_id"": ""DPC-kNN-2016+GB-auto-p2pct"", ""n_centers"": 3, ""neighbour_fraction"": 0.02, ""noise_model"": ""none""}"
ok,synthetic,global_contamination_noise25__quality__signal300__n400,DPC-kNN-2016+GB-auto-p2pct,233,0.2.4,400,2,0.001154489815235138,0.006001286208629608,1.7923108413815498,161.42578125,1.39453125,162.1953125,,1.0,1.0,2,2,0.0,known_synthetic_noise,0.5,0.42857142857142855,1.6666666666666667,3,2,0.1,0.9,full_partition,target-discovery-v1,0,0.05,1.0,0.9590643274853802,0.0,0.9270833333333334,3,pairwise_f1,hungarian,1.0,0,5,0.0,0.0,0.0,0.0,0.0,0.0,0.8650317469563698,0.7621638267296243,1.0,0.0,5,macro,3,2,1.0,0.8571428571428571,0.75,1.0,2,3,0.6666666666666666,1.0,3,2,0.0,1.0,0.6666666666666666,0.9590643274853801,0.9270833333333334,"{""background_inner_edge"": 6.0, ""background_intensity"": 3.0, ""background_size"": 100, ""background_strip_height"": 10.0, ""background_support_area"": 33.333333333333336, ""controlled_factor"": ""global_background_support_at_fixed_local_intensity"", ""declared_noise_fraction"": 0.25, ""dimension"": 2, ""family"": ""global_contamination_invariance"", ""n"": 400, ""n_targets"": 3, ""paired_background"": ""seeded_prefix"", ""realized_noise_fraction"": 0.25, ""signal_size"": 300}","{""all_points_assigned"": true, ""block_size"": 256, ""canonical_core"": ""Du-Ding-Jia DPC-KNN (2016)"", ""canonical_core_doi"": ""10.1016/j.knosys.2016.02.001"", ""center_fallback_used"": false, ""center_selector"": ""Flores-Garza GB-DPC P1 last-gap rule"", ""center_selector_doi"": ""10.1016/j.knosys.2020.106350"", ""delta_search"": ""exact_global_blockwise_all_pairs"", ""density_tie_convention"": ""rho_descending_then_original_row_index_ascending"", ""distance"": ""euclidean"", ""geometry_profile"": ""low_dim"", ""implementation"": ""controlled_exact_python_reimplementation"", ""k"": 8, ""k_rounding"": ""ceil(p*n)_clipped_to_[1,n-1]"", ""knn_backend"": ""not_used_exact_blockwise_all_pairs"", ""knn_search"": ""exact_blockwise_all_pairs"", ""method_id"": ""DPC-kNN-2016+GB-auto-p2pct"", ""n_centers"": 5, ""neighbour_fraction"": 0.02, ""noise_model"": ""none""}"
ok,synthetic,global_contamination_noise50__quality__signal300__n600,DPC-kNN-2016+GB-auto-p2pct,211,0.2.4,600,2,0.017855428159236908,0.011876069009304047,2.216553032398224,162.4296875,2.10546875,162.9453125,,1.0,1.0,3,3,0.0,known_synthetic_noise,0.5,0.3333333333333333,2.0,3,3,0.1,0.9,full_partition,target-discovery-v1,0,0.05,1.0,1.0,0.0,1.0,3,pairwise_f1,hungarian,1.0,0,6,0.0,0.0,0.0,0.0,0.0,0.0,0.6393972012917115,0.4699367088607595,1.0,0.0,6,macro,3,3,1.0,0.6666666666666666,0.5,1.0,3,3,1.0,1.0,3,3,0.0,1.0,1.0,1.0,1.0,"{""background_inner_edge"": 6.0, ""background_intensity"": 3.0, ""background_size"": 300, ""background_strip_height"": 10.0, ""background_support_area"": 100.0, ""controlled_factor"": ""global_background_support_at_fixed_local_intensity"", ""declared_noise_fraction"": 0.5, ""dimension"": 2, ""family"": ""global_contamination_invariance"", ""n"": 600, ""n_targets"": 3, ""paired_background"": ""seeded_prefix"", ""realized_noise_fraction"": 0.5, ""signal_size"": 300}","{""all_points_assigned"": true, ""block_size"": 256, ""canonical_core"": ""Du-Ding-Jia DPC-KNN (2016)"", ""canonical_core_doi"": ""10.1016/j.knosys.2016.02.001"", ""center_fallback_used"": false, ""center_selector"": ""Flores-Garza GB-DPC P1 last-gap rule"", ""center_selector_doi"": ""10.1016/j.knosys.2020.106350"", ""delta_search"": ""exact_global_blockwise_all_pairs"", ""density_tie_convention"": ""rho_descending_then_original_row_index_ascending"", ""distance"": ""euclidean"", ""geometry_profile"": ""low_dim"", ""implementation"": ""controlled_exact_python_reimplementation"", ""k"": 12, ""k_rounding"": ""ceil(p*n)_clipped_to_[1,n-1]"", ""knn_backend"": ""not_used_exact_blockwise_all_pairs"", ""knn_search"": ""exact_blockwise_all_pairs"", ""method_id"": ""DPC-kNN-2016+GB-auto-p2pct"", ""n_centers"": 6, ""neighbour_fraction"": 0.02, ""noise_model"": ""none""}"
ok,synthetic,global_contamination_noise50__quality__signal300__n600,DPC-kNN-2016+GB-auto-p2pct,223,0.2.4,600,2,0.01384495198726654,0.011653207242488861,2.2166408747434616,162.52734375,2.43359375,163.03515625,,1.0,1.0,2,1,0.0,known_synthetic_noise,0.5,0.3333333333333333,1.3333333333333333,3,1,0.1,0.9,full_partition,target-discovery-v1,0,0.05,1.0,0.8214285714285715,0.0,0.7354838709677419,3,pairwise_f1,hungarian,1.0,0,4,0.0,0.0,0.0,0.0,0.0,0.0,0.4471140818354259,0.28792461610051184,1.0,0.0,4,macro,2,1,1.0,0.6666666666666666,0.5,1.0,2,3,0.3333333333333333,0.6666666666666666,3,1,0.0,1.0,0.3333333333333333,0.8214285714285715,0.7354838709677419,"{""background_inner_edge"": 6.0, ""background_intensity"": 3.0, ""background_size"": 300, ""background_strip_height"": 10.0, ""background_support_area"": 100.0, ""controlled_factor"": ""global_background_support_at_fixed_local_intensity"", ""declared_noise_fraction"": 0.5, ""dimension"": 2, ""family"": ""global_contamination_invariance"", ""n"": 600, ""n_targets"": 3, ""paired_background"": ""seeded_prefix"", ""realized_noise_fraction"": 0.5, ""signal_size"": 300}","{""all_points_assigned"": true, ""block_size"": 256, ""canonical_core"": ""Du-Ding-Jia DPC-KNN (2016)"", ""canonical_core_doi"": ""10.1016/j.knosys.2016.02.001"", ""center_fallback_used"": false, ""center_selector"": ""Flores-Garza GB-DPC P1 last-gap rule"", ""center_selector_doi"": ""10.1016/j.knosys.2020.106350"", ""delta_search"": ""exact_global_blockwise_all_pairs"", ""density_tie_convention"": ""rho_descending_then_original_row_index_ascending"", ""distance"": ""euclidean"", ""geometry_profile"": ""low_dim"", ""implementation"": ""controlled_exact_python_reimplementation"", ""k"": 12, ""k_rounding"": ""ceil(p*n)_clipped_to_[1,n-1]"", ""knn_backend"": ""not_used_exact_blockwise_all_pairs"", ""knn_search"": ""exact_blockwise_all_pairs"", ""method_id"": ""DPC-kNN-2016+GB-auto-p2pct"", ""n_centers"": 4, ""neighbour_fraction"": 0.02, ""noise_model"": ""none""}"
ok,synthetic,global_contamination_noise50__quality__signal300__n600,DPC-kNN-2016+GB-auto-p2pct,227,0.2.4,600,2,0.017902299761772156,0.011483803391456604,2.216618947684765,162.2578125,1.87890625,163.00390625,,1.0,1.0,2,1,0.0,known_synthetic_noise,0.5,0.3333333333333333,1.3333333333333333,3,1,0.1,0.9,full_partition,target-discovery-v1,0,0.05,1.0,0.8286614882359563,0.0,0.7352856732701692,3,pairwise_f1,hungarian,1.0,0,4,0.0,0.0,0.0,0.0,0.0,0.0,0.471241570805236,0.30825116761805915,1.0,0.0,4,macro,2,1,1.0,0.6666666666666666,0.5,1.0,2,3,0.3333333333333333,0.6666666666666666,3,1,0.0,1.0,0.3333333333333333,0.8286614882359563,0.7352856732701694,"{""background_inner_edge"": 6.0, ""background_intensity"": 3.0, ""background_size"": 300, ""background_strip_height"": 10.0, ""background_support_area"": 100.0, ""controlled_factor"": ""global_background_support_at_fixed_local_intensity"", ""declared_noise_fraction"": 0.5, ""dimension"": 2, ""family"": ""global_contamination_invariance"", ""n"": 600, ""n_targets"": 3, ""paired_background"": ""seeded_prefix"", ""realized_noise_fraction"": 0.5, ""signal_size"": 300}","{""all_points_assigned"": true, ""block_size"": 256, ""canonical_core"": ""Du-Ding-Jia DPC-KNN (2016)"", ""canonical_core_doi"": ""10.1016/j.knosys.2016.02.001"", ""center_fallback_used"": false, ""center_selector"": ""Flores-Garza GB-DPC P1 last-gap rule"", ""center_selector_doi"": ""10.1016/j.knosys.2020.106350"", ""delta_search"": ""exact_global_blockwise_all_pairs"", ""density_tie_convention"": ""rho_descending_then_original_row_index_ascending"", ""distance"": ""euclidean"", ""geometry_profile"": ""low_dim"", ""implementation"": ""controlled_exact_python_reimplementation"", ""k"": 12, ""k_rounding"": ""ceil(p*n)_clipped_to_[1,n-1]"", ""knn_backend"": ""not_used_exact_blockwise_all_pairs"", ""knn_search"": ""exact_blockwise_all_pairs"", ""method_id"": ""DPC-kNN-2016+GB-auto-p2pct"", ""n_centers"": 4, ""neighbour_fraction"": 0.02, ""noise_model"": ""none""}"
ok,synthetic,global_contamination_noise50__quality__signal300__n600,DPC-kNN-2016+GB-auto-p2pct,229,0.2.4,600,2,0.0014726147055625916,0.010614514350891113,1.9462101757526398,162.52734375,2.421875,163.30078125,,1.0,1.0,2,2,0.0,known_synthetic_noise,0.5,0.3333333333333333,1.6666666666666667,3,3,0.1,0.9,full_partition,target-discovery-v1,0,0.05,1.0,1.0,0.0,1.0,3,pairwise_f1,hungarian,1.0,0,5,0.0,0.0,0.0,0.0,0.0,0.0,0.5706051873198847,0.39919354838709675,1.0,0.0,5,macro,3,3,1.0,0.6666666666666666,0.5,1.0,2,3,1.0,1.0,3,2,0.0,1.0,1.0,1.0,1.0,"{""background_inner_edge"": 6.0, ""background_intensity"": 3.0, ""background_size"": 300, ""background_strip_height"": 10.0, ""background_support_area"": 100.0, ""controlled_factor"": ""global_background_support_at_fixed_local_intensity"", ""declared_noise_fraction"": 0.5, ""dimension"": 2, ""family"": ""global_contamination_invariance"", ""n"": 600, ""n_targets"": 3, ""paired_background"": ""seeded_prefix"", ""realized_noise_fraction"": 0.5, ""signal_size"": 300}","{""all_points_assigned"": true, ""block_size"": 256, ""canonical_core"": ""Du-Ding-Jia DPC-KNN (2016)"", ""canonical_core_doi"": ""10.1016/j.knosys.2016.02.001"", ""center_fallback_used"": false, ""center_selector"": ""Flores-Garza GB-DPC P1 last-gap rule"", ""center_selector_doi"": ""10.1016/j.knosys.2020.106350"", ""delta_search"": ""exact_global_blockwise_all_pairs"", ""density_tie_convention"": ""rho_descending_then_original_row_index_ascending"", ""distance"": ""euclidean"", ""geometry_profile"": ""low_dim"", ""implementation"": ""controlled_exact_python_reimplementation"", ""k"": 12, ""k_rounding"": ""ceil(p*n)_clipped_to_[1,n-1]"", ""knn_backend"": ""not_used_exact_blockwise_all_pairs"", ""knn_search"": ""exact_blockwise_all_pairs"", ""method_id"": ""DPC-kNN-2016+GB-auto-p2pct"", ""n_centers"": 5, ""neighbour_fraction"": 0.02, ""noise_model"": ""none""}"
ok,synthetic,global_contamination_noise50__quality__signal300__n600,DPC-kNN-2016+GB-auto-p2pct,233,0.2.4,600,2,0.0015271157026290894,0.011367522180080414,2.1733150631189346,162.265625,1.9375,164.484375,,1.0,1.0,3,3,0.0,known_synthetic_noise,0.5,0.3333333333333333,2.0,3,3,0.1,0.9,full_partition,target-discovery-v1,0,0.05,1.0,1.0,0.0,1.0,3,pairwise_f1,hungarian,1.0,0,6,0.0,0.0,0.0,0.0,0.0,0.0,0.638627273900142,0.46910538286580744,1.0,0.0,6,macro,3,3,1.0,0.6666666666666666,0.5,1.0,3,3,1.0,1.0,3,3,0.0,1.0,1.0,1.0,1.0,"{""background_inner_edge"": 6.0, ""background_intensity"": 3.0, ""background_size"": 300, ""background_strip_height"": 10.0, ""background_support_area"": 100.0, ""controlled_factor"": ""global_background_support_at_fixed_local_intensity"", ""declared_noise_fraction"": 0.5, ""dimension"": 2, ""family"": ""global_contamination_invariance"", ""n"": 600, ""n_targets"": 3, ""paired_background"": ""seeded_prefix"", ""realized_noise_fraction"": 0.5, ""signal_size"": 300}","{""all_points_assigned"": true, ""block_size"": 256, ""canonical_core"": ""Du-Ding-Jia DPC-KNN (2016)"", ""canonical_core_doi"": ""10.1016/j.knosys.2016.02.001"", ""center_fallback_used"": false, ""center_selector"": ""Flores-Garza GB-DPC P1 last-gap rule"", ""center_selector_doi"": ""10.1016/j.knosys.2020.106350"", ""delta_search"": ""exact_global_blockwise_all_pairs"", ""density_tie_convention"": ""rho_descending_then_original_row_index_ascending"", ""distance"": ""euclidean"", ""geometry_profile"": ""low_dim"", ""implementation"": ""controlled_exact_python_reimplementation"", ""k"": 12, ""k_rounding"": ""ceil(p*n)_clipped_to_[1,n-1]"", ""knn_backend"": ""not_used_exact_blockwise_all_pairs"", ""knn_search"": ""exact_blockwise_all_pairs"", ""method_id"": ""DPC-kNN-2016+GB-auto-p2pct"", ""n_centers"": 6, ""neighbour_fraction"": 0.02, ""noise_model"": ""none""}"
ok,synthetic,global_contamination_noise75__quality__signal300__n1200,DPC-kNN-2016+GB-auto-p2pct,211,0.2.4,1200,2,0.01809382438659668,0.030931636691093445,3.6807672679424286,165.609375,5.23046875,166.70703125,,1.0,1.0,2,1,0.0,known_synthetic_noise,0.5,0.2,1.3333333333333333,3,2,0.1,0.9,full_partition,target-discovery-v1,0,0.05,1.0,0.7692307692307692,0.0,0.7272727272727272,3,pairwise_f1,hungarian,1.0,0,4,0.0,0.0,0.0,0.0,0.0,0.0,0.1073170731707317,0.05670103092783505,1.0,0.0,4,macro,2,2,1.0,0.4,0.25,1.0,2,3,0.6666666666666666,0.6666666666666666,3,1,0.0,1.0,0.6666666666666666,0.7692307692307693,0.7272727272727273,"{""background_inner_edge"": 6.0, ""background_intensity"": 3.0, ""background_size"": 900, ""background_strip_height"": 10.0, ""background_support_area"": 300.0, ""controlled_factor"": ""global_background_support_at_fixed_local_intensity"", ""declared_noise_fraction"": 0.75, ""dimension"": 2, ""family"": ""global_contamination_invariance"", ""n"": 1200, ""n_targets"": 3, ""paired_background"": ""seeded_prefix"", ""realized_noise_fraction"": 0.75, ""signal_size"": 300}","{""all_points_assigned"": true, ""block_size"": 256, ""canonical_core"": ""Du-Ding-Jia DPC-KNN (2016)"", ""canonical_core_doi"": ""10.1016/j.knosys.2016.02.001"", ""center_fallback_used"": false, ""center_selector"": ""Flores-Garza GB-DPC P1 last-gap rule"", ""center_selector_doi"": ""10.1016/j.knosys.2020.106350"", ""delta_search"": ""exact_global_blockwise_all_pairs"", ""density_tie_convention"": ""rho_descending_then_original_row_index_ascending"", ""distance"": ""euclidean"", ""geometry_profile"": ""low_dim"", ""implementation"": ""controlled_exact_python_reimplementation"", ""k"": 24, ""k_rounding"": ""ceil(p*n)_clipped_to_[1,n-1]"", ""knn_backend"": ""not_used_exact_blockwise_all_pairs"", ""knn_search"": ""exact_blockwise_all_pairs"", ""method_id"": ""DPC-kNN-2016+GB-auto-p2pct"", ""n_centers"": 4, ""neighbour_fraction"": 0.02, ""noise_model"": ""none""}"
ok,synthetic,global_contamination_noise75__quality__signal300__n1200,DPC-kNN-2016+GB-auto-p2pct,223,0.2.4,1200,2,0.018118254840373993,0.03177747130393982,3.681115038692951,165.59765625,5.2265625,166.70703125,,1.0,1.0,3,3,0.0,known_synthetic_noise,0.5,0.2,2.0,3,2,0.1,0.9,full_partition,target-discovery-v1,0,0.05,1.0,0.8989547038327527,0.0,0.8449197860962566,3,pairwise_f1,hungarian,1.0,0,6,0.0,0.0,0.0,0.0,0.0,0.0,0.18428890543559198,0.10149682181669059,1.0,0.0,6,macro,2,2,1.0,0.4,0.25,1.0,3,3,0.6666666666666666,0.6666666666666666,3,3,0.0,1.0,0.6666666666666666,0.8989547038327527,0.8449197860962566,"{""background_inner_edge"": 6.0, ""background_intensity"": 3.0, ""background_size"": 900, ""background_strip_height"": 10.0, ""background_support_area"": 300.0, ""controlled_factor"": ""global_background_support_at_fixed_local_intensity"", ""declared_noise_fraction"": 0.75, ""dimension"": 2, ""family"": ""global_contamination_invariance"", ""n"": 1200, ""n_targets"": 3, ""paired_background"": ""seeded_prefix"", ""realized_noise_fraction"": 0.75, ""signal_size"": 300}","{""all_points_assigned"": true, ""block_size"": 256, ""canonical_core"": ""Du-Ding-Jia DPC-KNN (2016)"", ""canonical_core_doi"": ""10.1016/j.knosys.2016.02.001"", ""center_fallback_used"": false, ""center_selector"": ""Flores-Garza GB-DPC P1 last-gap rule"", ""center_selector_doi"": ""10.1016/j.knosys.2020.106350"", ""delta_search"": ""exact_global_blockwise_all_pairs"", ""density_tie_convention"": ""rho_descending_then_original_row_index_ascending"", ""distance"": ""euclidean"", ""geometry_profile"": ""low_dim"", ""implementation"": ""controlled_exact_python_reimplementation"", ""k"": 24, ""k_rounding"": ""ceil(p*n)_clipped_to_[1,n-1]"", ""knn_backend"": ""not_used_exact_blockwise_all_pairs"", ""knn_search"": ""exact_blockwise_all_pairs"", ""method_id"": ""DPC-kNN-2016+GB-auto-p2pct"", ""n_centers"": 6, ""neighbour_fraction"": 0.02, ""noise_model"": ""none""}"
ok,synthetic,global_contamination_noise75__quality__signal300__n1200,DPC-kNN-2016+GB-auto-p2pct,227,0.2.4,1200,2,0.0012994557619094849,0.026450932025909424,1.868613749742508,165.52734375,5.54296875,166.26953125,,1.0,1.0,2,1,0.0,known_synthetic_noise,0.5,0.2,1.3333333333333333,3,1,0.1,0.9,full_partition,target-discovery-v1,0,0.05,1.0,0.6893828604855221,0.0,0.5984383714445064,3,pairwise_f1,hungarian,1.0,0,4,0.0,0.0,0.0,0.0,0.0,0.0,0.1148185518945061,0.060905835886456754,1.0,0.0,4,macro,1,1,1.0,0.4,0.25,1.0,2,3,0.3333333333333333,0.3333333333333333,3,1,0.0,1.0,0.3333333333333333,0.689382860485522,0.5984383714445064,"{""background_inner_edge"": 6.0, ""background_intensity"": 3.0, ""background_size"": 900, ""background_strip_height"": 10.0, ""background_support_area"": 300.0, ""controlled_factor"": ""global_background_support_at_fixed_local_intensity"", ""declared_noise_fraction"": 0.75, ""dimension"": 2, ""family"": ""global_contamination_invariance"", ""n"": 1200, ""n_targets"": 3, ""paired_background"": ""seeded_prefix"", ""realized_noise_fraction"": 0.75, ""signal_size"": 300}","{""all_points_assigned"": true, ""block_size"": 256, ""canonical_core"": ""Du-Ding-Jia DPC-KNN (2016)"", ""canonical_core_doi"": ""10.1016/j.knosys.2016.02.001"", ""center_fallback_used"": false, ""center_selector"": ""Flores-Garza GB-DPC P1 last-gap rule"", ""center_selector_doi"": ""10.1016/j.knosys.2020.106350"", ""delta_search"": ""exact_global_blockwise_all_pairs"", ""density_tie_convention"": ""rho_descending_then_original_row_index_ascending"", ""distance"": ""euclidean"", ""geometry_profile"": ""low_dim"", ""implementation"": ""controlled_exact_python_reimplementation"", ""k"": 24, ""k_rounding"": ""ceil(p*n)_clipped_to_[1,n-1]"", ""knn_backend"": ""not_used_exact_blockwise_all_pairs"", ""knn_search"": ""exact_blockwise_all_pairs"", ""method_id"": ""DPC-kNN-2016+GB-auto-p2pct"", ""n_centers"": 4, ""neighbour_fraction"": 0.02, ""noise_model"": ""none""}"
ok,synthetic,global_contamination_noise75__quality__signal300__n1200,DPC-kNN-2016+GB-auto-p2pct,229,0.2.4,1200,2,0.001397743821144104,0.030508197844028473,2.055720694363117,165.6171875,5.484375,166.359375,,1.0,1.0,4,3,0.0,known_synthetic_noise,0.5,0.2,2.0,3,2,0.1,0.9,full_partition,target-discovery-v1,0,0.05,1.0,0.7692307692307692,0.0,0.7272727272727272,3,pairwise_f1,hungarian,1.0,0,6,0.0,0.0,0.0,0.0,0.0,0.0,0.13851126045247011,0.0744088629223392,1.0,0.0,6,macro,2,2,1.0,0.4,0.25,1.0,4,3,0.6666666666666666,0.6666666666666666,3,3,0.0,1.0,0.6666666666666666,0.7692307692307693,0.7272727272727273,"{""background_inner_edge"": 6.0, ""background_intensity"": 3.0, ""background_size"": 900, ""background_strip_height"": 10.0, ""background_support_area"": 300.0, ""controlled_factor"": ""global_background_support_at_fixed_local_intensity"", ""declared_noise_fraction"": 0.75, ""dimension"": 2, ""family"": ""global_contamination_invariance"", ""n"": 1200, ""n_targets"": 3, ""paired_background"": ""seeded_prefix"", ""realized_noise_fraction"": 0.75, ""signal_size"": 300}","{""all_points_assigned"": true, ""block_size"": 256, ""canonical_core"": ""Du-Ding-Jia DPC-KNN (2016)"", ""canonical_core_doi"": ""10.1016/j.knosys.2016.02.001"", ""center_fallback_used"": false, ""center_selector"": ""Flores-Garza GB-DPC P1 last-gap rule"", ""center_selector_doi"": ""10.1016/j.knosys.2020.106350"", ""delta_search"": ""exact_global_blockwise_all_pairs"", ""density_tie_convention"": ""rho_descending_then_original_row_index_ascending"", ""distance"": ""euclidean"", ""geometry_profile"": ""low_dim"", ""implementation"": ""controlled_exact_python_reimplementation"", ""k"": 24, ""k_rounding"": ""ceil(p*n)_clipped_to_[1,n-1]"", ""knn_backend"": ""not_used_exact_blockwise_all_pairs"", ""knn_search"": ""exact_blockwise_all_pairs"", ""method_id"": ""DPC-kNN-2016+GB-auto-p2pct"", ""n_centers"": 6, ""neighbour_fraction"": 0.02, ""noise_model"": ""none""}"
ok,synthetic,global_contamination_noise75__quality__signal300__n1200,DPC-kNN-2016+GB-auto-p2pct,233,0.2.4,1200,2,0.001759365200996399,0.033226512372493744,2.298626497387886,165.53515625,5.48828125,319.5859375,,1.0,1.0,5,5,0.0,known_synthetic_noise,0.5,0.2,2.6666666666666665,3,3,0.1,0.9,full_partition,target-discovery-v1,0,0.05,1.0,1.0,0.0,1.0,3,pairwise_f1,hungarian,1.0,0,8,0.0,0.0,0.0,0.0,0.0,0.0,0.21331762779306035,0.11939314514508076,1.0,0.0,8,macro,3,3,1.0,0.4,0.25,1.0,5,3,1.0,1.0,3,5,0.0,1.0,1.0,1.0,1.0,"{""background_inner_edge"": 6.0, ""background_intensity"": 3.0, ""background_size"": 900, ""background_strip_height"": 10.0, ""background_support_area"": 300.0, ""controlled_factor"": ""global_background_support_at_fixed_local_intensity"", ""declared_noise_fraction"": 0.75, ""dimension"": 2, ""family"": ""global_contamination_invariance"", ""n"": 1200, ""n_targets"": 3, ""paired_background"": ""seeded_prefix"", ""realized_noise_fraction"": 0.75, ""signal_size"": 300}","{""all_points_assigned"": true, ""block_size"": 256, ""canonical_core"": ""Du-Ding-Jia DPC-KNN (2016)"", ""canonical_core_doi"": ""10.1016/j.knosys.2016.02.001"", ""center_fallback_used"": false, ""center_selector"": ""Flores-Garza GB-DPC P1 last-gap rule"", ""center_selector_doi"": ""10.1016/j.knosys.2020.106350"", ""delta_search"": ""exact_global_blockwise_all_pairs"", ""density_tie_convention"": ""rho_descending_then_original_row_index_ascending"", ""distance"": ""euclidean"", ""geometry_profile"": ""low_dim"", ""implementation"": ""controlled_exact_python_reimplementation"", ""k"": 24, ""k_rounding"": ""ceil(p*n)_clipped_to_[1,n-1]"", ""knn_backend"": ""not_used_exact_blockwise_all_pairs"", ""knn_search"": ""exact_blockwise_all_pairs"", ""method_id"": ""DPC-kNN-2016+GB-auto-p2pct"", ""n_centers"": 8, ""neighbour_fraction"": 0.02, ""noise_model"": ""none""}"
ok,synthetic,global_contamination_noise90__quality__signal300__n3000,DPC-kNN-2016+GB-auto-p2pct,211,0.2.4,3000,2,0.0016704723238945007,0.1570194661617279,2.229667067527771,176.140625,15.83203125,320.6171875,,0.0,0.0,1,0,0.0,known_synthetic_noise,0.5,0.09090909090909091,0.3333333333333333,1,0,0.1,0.9,full_partition,target-discovery-v1,0,0.05,0.3333333333333333,0.02150537634408602,0.0,0.011111111111111112,1,pairwise_f1,hungarian,1.0,1,1,0.0,0.0,0.0,0.0,0.0,0.0,0.006580477915517299,0.0033011003667889295,1.0,0.0,1,macro,0,0,1.0,0.18181818181818182,0.1,1.0,1,3,0.0,0.0,3,0,0.0,0.3333333333333333,0.0,0.02150537634408602,0.011111111111111112,"{""background_inner_edge"": 6.0, ""background_intensity"": 3.0, ""background_size"": 2700, ""background_strip_height"": 10.0, ""background_support_area"": 900.0, ""controlled_factor"": ""global_background_support_at_fixed_local_intensity"", ""declared_noise_fraction"": 0.9, ""dimension"": 2, ""family"": ""global_contamination_invariance"", ""n"": 3000, ""n_targets"": 3, ""paired_background"": ""seeded_prefix"", ""realized_noise_fraction"": 0.9, ""signal_size"": 300}","{""all_points_assigned"": true, ""block_size"": 256, ""canonical_core"": ""Du-Ding-Jia DPC-KNN (2016)"", ""canonical_core_doi"": ""10.1016/j.knosys.2016.02.001"", ""center_fallback_used"": false, ""center_selector"": ""Flores-Garza GB-DPC P1 last-gap rule"", ""center_selector_doi"": ""10.1016/j.knosys.2020.106350"", ""delta_search"": ""exact_global_blockwise_all_pairs"", ""density_tie_convention"": ""rho_descending_then_original_row_index_ascending"", ""distance"": ""euclidean"", ""geometry_profile"": ""low_dim"", ""implementation"": ""controlled_exact_python_reimplementation"", ""k"": 60, ""k_rounding"": ""ceil(p*n)_clipped_to_[1,n-1]"", ""knn_backend"": ""not_used_exact_blockwise_all_pairs"", ""knn_search"": ""exact_blockwise_all_pairs"", ""method_id"": ""DPC-kNN-2016+GB-auto-p2pct"", ""n_centers"": 1, ""neighbour_fraction"": 0.02, ""noise_model"": ""none""}"
ok,synthetic,global_contamination_noise90__quality__signal300__n3000,DPC-kNN-2016+GB-auto-p2pct,223,0.2.4,3000,2,0.0013787448406219482,0.13882698863744736,2.0469199270009995,178.01171875,17.65625,176.1640625,,0.0,0.0,1,0,0.0,known_synthetic_noise,0.5,0.09090909090909091,0.3333333333333333,1,0,0.1,0.9,full_partition,target-discovery-v1,0,0.05,0.3333333333333333,0.02150537634408602,0.0,0.011111111111111112,1,pairwise_f1,hungarian,1.0,1,1,0.0,0.0,0.0,0.0,0.0,0.0,0.006580477915517299,0.0033011003667889295,1.0,0.0,1,macro,0,0,1.0,0.18181818181818182,0.1,1.0,1,3,0.0,0.0,3,0,0.0,0.3333333333333333,0.0,0.02150537634408602,0.011111111111111112,"{""background_inner_edge"": 6.0, ""background_intensity"": 3.0, ""background_size"": 2700, ""background_strip_height"": 10.0, ""background_support_area"": 900.0, ""controlled_factor"": ""global_background_support_at_fixed_local_intensity"", ""declared_noise_fraction"": 0.9, ""dimension"": 2, ""family"": ""global_contamination_invariance"", ""n"": 3000, ""n_targets"": 3, ""paired_background"": ""seeded_prefix"", ""realized_noise_fraction"": 0.9, ""signal_size"": 300}","{""all_points_assigned"": true, ""block_size"": 256, ""canonical_core"": ""Du-Ding-Jia DPC-KNN (2016)"", ""canonical_core_doi"": ""10.1016/j.knosys.2016.02.001"", ""center_fallback_used"": false, ""center_selector"": ""Flores-Garza GB-DPC P1 last-gap rule"", ""center_selector_doi"": ""10.1016/j.knosys.2020.106350"", ""delta_search"": ""exact_global_blockwise_all_pairs"", ""density_tie_convention"": ""rho_descending_then_original_row_index_ascending"", ""distance"": ""euclidean"", ""geometry_profile"": ""low_dim"", ""implementation"": ""controlled_exact_python_reimplementation"", ""k"": 60, ""k_rounding"": ""ceil(p*n)_clipped_to_[1,n-1]"", ""knn_backend"": ""not_used_exact_blockwise_all_pairs"", ""knn_search"": ""exact_blockwise_all_pairs"", ""method_id"": ""DPC-kNN-2016+GB-auto-p2pct"", ""n_centers"": 1, ""neighbour_fraction"": 0.02, ""noise_model"": ""none""}"
ok,synthetic,global_contamination_noise90__quality__signal300__n3000,DPC-kNN-2016+GB-auto-p2pct,227,0.2.4,3000,2,0.012585930526256561,0.1768457368016243,3.870477207005024,176.09375,15.86328125,176.09375,,0.0,0.0,1,0,0.0,known_synthetic_noise,0.5,0.09090909090909091,0.3333333333333333,1,0,0.1,0.9,full_partition,target-discovery-v1,0,0.05,0.3333333333333333,0.02150537634408602,0.0,0.011111111111111112,1,pairwise_f1,hungarian,1.0,1,1,0.0,0.0,0.0,0.0,0.0,0.0,0.006580477915517299,0.0033011003667889295,1.0,0.0,1,macro,0,0,1.0,0.18181818181818182,0.1,1.0,1,3,0.0,0.0,3,0,0.0,0.3333333333333333,0.0,0.02150537634408602,0.011111111111111112,"{""background_inner_edge"": 6.0, ""background_intensity"": 3.0, ""background_size"": 2700, ""background_strip_height"": 10.0, ""background_support_area"": 900.0, ""controlled_factor"": ""global_background_support_at_fixed_local_intensity"", ""declared_noise_fraction"": 0.9, ""dimension"": 2, ""family"": ""global_contamination_invariance"", ""n"": 3000, ""n_targets"": 3, ""paired_background"": ""seeded_prefix"", ""realized_noise_fraction"": 0.9, ""signal_size"": 300}","{""all_points_assigned"": true, ""block_size"": 256, ""canonical_core"": ""Du-Ding-Jia DPC-KNN (2016)"", ""canonical_core_doi"": ""10.1016/j.knosys.2016.02.001"", ""center_fallback_used"": false, ""center_selector"": ""Flores-Garza GB-DPC P1 last-gap rule"", ""center_selector_doi"": ""10.1016/j.knosys.2020.106350"", ""delta_search"": ""exact_global_blockwise_all_pairs"", ""density_tie_convention"": ""rho_descending_then_original_row_index_ascending"", ""distance"": ""euclidean"", ""geometry_profile"": ""low_dim"", ""implementation"": ""controlled_exact_python_reimplementation"", ""k"": 60, ""k_rounding"": ""ceil(p*n)_clipped_to_[1,n-1]"", ""knn_backend"": ""not_used_exact_blockwise_all_pairs"", ""knn_search"": ""exact_blockwise_all_pairs"", ""method_id"": ""DPC-kNN-2016+GB-auto-p2pct"", ""n_centers"": 1, ""neighbour_fraction"": 0.02, ""noise_model"": ""none""}"
ok,synthetic,global_contamination_noise90__quality__signal300__n3000,DPC-kNN-2016+GB-auto-p2pct,229,0.2.4,3000,2,0.016440890729427338,0.15327883511781693,2.5949957817792892,176.1328125,15.8671875,176.1328125,,0.0,0.0,1,0,0.0,known_synthetic_noise,0.5,0.09090909090909091,0.3333333333333333,1,0,0.1,0.9,full_partition,target-discovery-v1,0,0.05,0.3333333333333333,0.02150537634408602,0.0,0.011111111111111112,1,pairwise_f1,hungarian,1.0,1,1,0.0,0.0,0.0,0.0,0.0,0.0,0.006580477915517299,0.0033011003667889295,1.0,0.0,1,macro,0,0,1.0,0.18181818181818182,0.1,1.0,1,3,0.0,0.0,3,0,0.0,0.3333333333333333,0.0,0.02150537634408602,0.011111111111111112,"{""background_inner_edge"": 6.0, ""background_intensity"": 3.0, ""background_size"": 2700, ""background_strip_height"": 10.0, ""background_support_area"": 900.0, ""controlled_factor"": ""global_background_support_at_fixed_local_intensity"", ""declared_noise_fraction"": 0.9, ""dimension"": 2, ""family"": ""global_contamination_invariance"", ""n"": 3000, ""n_targets"": 3, ""paired_background"": ""seeded_prefix"", ""realized_noise_fraction"": 0.9, ""signal_size"": 300}","{""all_points_assigned"": true, ""block_size"": 256, ""canonical_core"": ""Du-Ding-Jia DPC-KNN (2016)"", ""canonical_core_doi"": ""10.1016/j.knosys.2016.02.001"", ""center_fallback_used"": false, ""center_selector"": ""Flores-Garza GB-DPC P1 last-gap rule"", ""center_selector_doi"": ""10.1016/j.knosys.2020.106350"", ""delta_search"": ""exact_global_blockwise_all_pairs"", ""density_tie_convention"": ""rho_descending_then_original_row_index_ascending"", ""distance"": ""euclidean"", ""geometry_profile"": ""low_dim"", ""implementation"": ""controlled_exact_python_reimplementation"", ""k"": 60, ""k_rounding"": ""ceil(p*n)_clipped_to_[1,n-1]"", ""knn_backend"": ""not_used_exact_blockwise_all_pairs"", ""knn_search"": ""exact_blockwise_all_pairs"", ""method_id"": ""DPC-kNN-2016+GB-auto-p2pct"", ""n_centers"": 1, ""neighbour_fraction"": 0.02, ""noise_model"": ""none""}"
ok,synthetic,global_contamination_noise90__quality__signal300__n3000,DPC-kNN-2016+GB-auto-p2pct,233,0.2.4,3000,2,0.0016419142484664917,0.16405188292264938,2.350673645734787,176.15625,15.828125,176.15625,,1.0,1.0,3,1,0.0,known_synthetic_noise,0.5,0.09090909090909091,1.3333333333333333,3,1,0.1,0.9,full_partition,target-discovery-v1,0,0.05,1.0,0.54054769850098,0.0,0.4652543009540981,3,pairwise_f1,hungarian,1.0,0,4,0.0,0.0,0.0,0.0,0.0,0.0,0.016772213017270294,0.008457028046580285,1.0,0.0,4,macro,1,1,1.0,0.18181818181818182,0.1,1.0,3,3,0.3333333333333333,0.3333333333333333,3,1,0.0,1.0,0.3333333333333333,0.54054769850098,0.46525430095409814,"{""background_inner_edge"": 6.0, ""background_intensity"": 3.0, ""background_size"": 2700, ""background_strip_height"": 10.0, ""background_support_area"": 900.0, ""controlled_factor"": ""global_background_support_at_fixed_local_intensity"", ""declared_noise_fraction"": 0.9, ""dimension"": 2, ""family"": ""global_contamination_invariance"", ""n"": 3000, ""n_targets"": 3, ""paired_background"": ""seeded_prefix"", ""realized_noise_fraction"": 0.9, ""signal_size"": 300}","{""all_points_assigned"": true, ""block_size"": 256, ""canonical_core"": ""Du-Ding-Jia DPC-KNN (2016)"", ""canonical_core_doi"": ""10.1016/j.knosys.2016.02.001"", ""center_fallback_used"": false, ""center_selector"": ""Flores-Garza GB-DPC P1 last-gap rule"", ""center_selector_doi"": ""10.1016/j.knosys.2020.106350"", ""delta_search"": ""exact_global_blockwise_all_pairs"", ""density_tie_convention"": ""rho_descending_then_original_row_index_ascending"", ""distance"": ""euclidean"", ""geometry_profile"": ""low_dim"", ""implementation"": ""controlled_exact_python_reimplementation"", ""k"": 60, ""k_rounding"": ""ceil(p*n)_clipped_to_[1,n-1]"", ""knn_backend"": ""not_used_exact_blockwise_all_pairs"", ""knn_search"": ""exact_blockwise_all_pairs"", ""method_id"": ""DPC-kNN-2016+GB-auto-p2pct"", ""n_centers"": 4, ""neighbour_fraction"": 0.02, ""noise_model"": ""none""}"
ok,synthetic,global_contamination_noise95__quality__signal300__n6000,DPC-kNN-2016+GB-auto-p2pct,211,0.2.4,6000,2,0.0018184632062911987,0.553321585059166,2.7503135800361633,193.9609375,33.328125,193.9609375,,0.7326451023952699,0.5697841726618705,5,3,0.0,known_synthetic_noise,0.5,0.047619047619047616,1.6666666666666667,2,0,0.1,0.9,full_partition,target-discovery-v1,0,0.05,0.6666666666666666,0.1327396390399902,0.0,0.07402547546224622,2,pairwise_f1,hungarian,1.0,1,5,0.0,0.0,0.0,0.0,0.0,0.0,0.0063615152743837205,0.0031909071394452203,1.0,0.0,5,macro,0,0,1.0,0.09523809523809523,0.05,1.0,5,3,0.0,0.0,3,3,0.0,0.6666666666666666,0.0,0.13273963903999017,0.07402547546224622,"{""background_inner_edge"": 6.0, ""background_intensity"": 3.0, ""background_size"": 5700, ""background_strip_height"": 10.0, ""background_support_area"": 1900.0, ""controlled_factor"": ""global_background_support_at_fixed_local_intensity"", ""declared_noise_fraction"": 0.95, ""dimension"": 2, ""family"": ""global_contamination_invariance"", ""n"": 6000, ""n_targets"": 3, ""paired_background"": ""seeded_prefix"", ""realized_noise_fraction"": 0.95, ""signal_size"": 300}","{""all_points_assigned"": true, ""block_size"": 256, ""canonical_core"": ""Du-Ding-Jia DPC-KNN (2016)"", ""canonical_core_doi"": ""10.1016/j.knosys.2016.02.001"", ""center_fallback_used"": false, ""center_selector"": ""Flores-Garza GB-DPC P1 last-gap rule"", ""center_selector_doi"": ""10.1016/j.knosys.2020.106350"", ""delta_search"": ""exact_global_blockwise_all_pairs"", ""density_tie_convention"": ""rho_descending_then_original_row_index_ascending"", ""distance"": ""euclidean"", ""geometry_profile"": ""low_dim"", ""implementation"": ""controlled_exact_python_reimplementation"", ""k"": 120, ""k_rounding"": ""ceil(p*n)_clipped_to_[1,n-1]"", ""knn_backend"": ""not_used_exact_blockwise_all_pairs"", ""knn_search"": ""exact_blockwise_all_pairs"", ""method_id"": ""DPC-kNN-2016+GB-auto-p2pct"", ""n_centers"": 5, ""neighbour_fraction"": 0.02, ""noise_model"": ""none""}"
ok,synthetic,global_contamination_noise95__quality__signal300__n6000,DPC-kNN-2016+GB-auto-p2pct,223,0.2.4,6000,2,0.0022508054971694946,0.5484029874205589,2.83304276317358,194.6015625,34.06640625,193.94921875,,0.7326451023952699,0.5697841726618705,4,2,0.0,known_synthetic_noise,0.5,0.047619047619047616,1.3333333333333333,2,0,0.1,0.9,full_partition,target-discovery-v1,0,0.05,0.6666666666666666,0.13276490480137895,0.0,0.07376570260005842,2,pairwise_f1,hungarian,1.0,1,4,0.0,0.0,0.0,0.0,0.0,0.0,0.005694527156759021,0.002855393636683175,1.0,0.0,4,macro,0,0,1.0,0.09523809523809523,0.05,1.0,4,3,0.0,0.0,3,2,0.0,0.6666666666666666,0.0,0.13276490480137895,0.07376570260005842,"{""background_inner_edge"": 6.0, ""background_intensity"": 3.0, ""background_size"": 5700, ""background_strip_height"": 10.0, ""background_support_area"": 1900.0, ""controlled_factor"": ""global_background_support_at_fixed_local_intensity"", ""declared_noise_fraction"": 0.95, ""dimension"": 2, ""family"": ""global_contamination_invariance"", ""n"": 6000, ""n_targets"": 3, ""paired_background"": ""seeded_prefix"", ""realized_noise_fraction"": 0.95, ""signal_size"": 300}","{""all_points_assigned"": true, ""block_size"": 256, ""canonical_core"": ""Du-Ding-Jia DPC-KNN (2016)"", ""canonical_core_doi"": ""10.1016/j.knosys.2016.02.001"", ""center_fallback_used"": false, ""center_selector"": ""Flores-Garza GB-DPC P1 last-gap rule"", ""center_selector_doi"": ""10.1016/j.knosys.2020.106350"", ""delta_search"": ""exact_global_blockwise_all_pairs"", ""density_tie_convention"": ""rho_descending_then_original_row_index_ascending"", ""distance"": ""euclidean"", ""geometry_profile"": ""low_dim"", ""implementation"": ""controlled_exact_python_reimplementation"", ""k"": 120, ""k_rounding"": ""ceil(p*n)_clipped_to_[1,n-1]"", ""knn_backend"": ""not_used_exact_blockwise_all_pairs"", ""knn_search"": ""exact_blockwise_all_pairs"", ""method_id"": ""DPC-kNN-2016+GB-auto-p2pct"", ""n_centers"": 4, ""neighbour_fraction"": 0.02, ""noise_model"": ""none""}"
ok,synthetic,global_contamination_noise95__quality__signal300__n6000,DPC-kNN-2016+GB-auto-p2pct,227,0.2.4,6000,2,0.0017682984471321106,0.5110684409737587,2.498549982905388,193.90234375,33.32421875,193.90234375,,0.7326451023952699,0.5697841726618705,4,2,0.0,known_synthetic_noise,0.5,0.047619047619047616,1.3333333333333333,2,0,0.1,0.9,full_partition,target-discovery-v1,0,0.05,0.6666666666666666,0.19544841450527928,0.0,0.11452017521095303,2,pairwise_f1,hungarian,1.0,1,4,0.0,0.0,0.0,0.0,0.0,0.0,0.004790451613777339,0.002400976688214018,1.0,0.0,4,macro,0,0,1.0,0.09523809523809523,0.05,1.0,4,3,0.0,0.0,3,2,0.0,0.6666666666666666,0.0,0.19544841450527925,0.11452017521095305,"{""background_inner_edge"": 6.0, ""background_intensity"": 3.0, ""background_size"": 5700, ""background_strip_height"": 10.0, ""background_support_area"": 1900.0, ""controlled_factor"": ""global_background_support_at_fixed_local_intensity"", ""declared_noise_fraction"": 0.95, ""dimension"": 2, ""family"": ""global_contamination_invariance"", ""n"": 6000, ""n_targets"": 3, ""paired_background"": ""seeded_prefix"", ""realized_noise_fraction"": 0.95, ""signal_size"": 300}","{""all_points_assigned"": true, ""block_size"": 256, ""canonical_core"": ""Du-Ding-Jia DPC-KNN (2016)"", ""canonical_core_doi"": ""10.1016/j.knosys.2016.02.001"", ""center_fallback_used"": false, ""center_selector"": ""Flores-Garza GB-DPC P1 last-gap rule"", ""center_selector_doi"": ""10.1016/j.knosys.2020.106350"", ""delta_search"": ""exact_global_blockwise_all_pairs"", ""density_tie_convention"": ""rho_descending_then_original_row_index_ascending"", ""distance"": ""euclidean"", ""geometry_profile"": ""low_dim"", ""implementation"": ""controlled_exact_python_reimplementation"", ""k"": 120, ""k_rounding"": ""ceil(p*n)_clipped_to_[1,n-1]"", ""knn_backend"": ""not_used_exact_blockwise_all_pairs"", ""knn_search"": ""exact_blockwise_all_pairs"", ""method_id"": ""DPC-kNN-2016+GB-auto-p2pct"", ""n_centers"": 4, ""neighbour_fraction"": 0.02, ""noise_model"": ""none""}"
ok,synthetic,global_contamination_noise95__quality__signal300__n6000,DPC-kNN-2016+GB-auto-p2pct,229,0.2.4,6000,2,0.002261146903038025,0.5830731615424156,2.898674212396145,193.92578125,33.375,193.8984375,,0.7326451023952699,0.5697841726618705,6,4,0.0,known_synthetic_noise,0.5,0.047619047619047616,2.0,2,0,0.1,0.9,full_partition,target-discovery-v1,0,0.05,0.6666666666666666,0.14851953887825575,0.0,0.08357171694322307,2,pairwise_f1,hungarian,1.0,1,6,0.0,0.0,0.0,0.0,0.0,0.0,0.009128754161728328,0.004585306147150966,1.0,0.0,6,macro,0,0,1.0,0.09523809523809523,0.05,1.0,6,3,0.0,0.0,3,4,0.0,0.6666666666666666,0.0,0.14851953887825572,0.08357171694322307,"{""background_inner_edge"": 6.0, ""background_intensity"": 3.0, ""background_size"": 5700, ""background_strip_height"": 10.0, ""background_support_area"": 1900.0, ""controlled_factor"": ""global_background_support_at_fixed_local_intensity"", ""declared_noise_fraction"": 0.95, ""dimension"": 2, ""family"": ""global_contamination_invariance"", ""n"": 6000, ""n_targets"": 3, ""paired_background"": ""seeded_prefix"", ""realized_noise_fraction"": 0.95, ""signal_size"": 300}","{""all_points_assigned"": true, ""block_size"": 256, ""canonical_core"": ""Du-Ding-Jia DPC-KNN (2016)"", ""canonical_core_doi"": ""10.1016/j.knosys.2016.02.001"", ""center_fallback_used"": false, ""center_selector"": ""Flores-Garza GB-DPC P1 last-gap rule"", ""center_selector_doi"": ""10.1016/j.knosys.2020.106350"", ""delta_search"": ""exact_global_blockwise_all_pairs"", ""density_tie_convention"": ""rho_descending_then_original_row_index_ascending"", ""distance"": ""euclidean"", ""geometry_profile"": ""low_dim"", ""implementation"": ""controlled_exact_python_reimplementation"", ""k"": 120, ""k_rounding"": ""ceil(p*n)_clipped_to_[1,n-1]"", ""knn_backend"": ""not_used_exact_blockwise_all_pairs"", ""knn_search"": ""exact_blockwise_all_pairs"", ""method_id"": ""DPC-kNN-2016+GB-auto-p2pct"", ""n_centers"": 6, ""neighbour_fraction"": 0.02, ""noise_model"": ""none""}"
ok,synthetic,global_contamination_noise95__quality__signal300__n6000,DPC-kNN-2016+GB-auto-p2pct,233,0.2.4,6000,2,0.0021061450242996216,0.5762733221054077,2.855836771428585,193.8984375,33.3515625,193.9140625,,0.7326451023952699,0.5697841726618705,5,3,0.0,known_synthetic_noise,0.5,0.047619047619047616,1.6666666666666667,2,0,0.1,0.9,full_partition,target-discovery-v1,0,0.05,0.6666666666666666,0.20093593845014937,0.0,0.1250862663906142,2,pairwise_f1,hungarian,1.0,1,5,0.0,0.0,0.0,0.0,0.0,0.0,0.0071261472017275515,0.0035758144910785234,1.0,0.0,5,macro,0,0,1.0,0.09523809523809523,0.05,1.0,5,3,0.0,0.0,3,3,0.0,0.6666666666666666,0.0,0.20093593845014937,0.1250862663906142,"{""background_inner_edge"": 6.0, ""background_intensity"": 3.0, ""background_size"": 5700, ""background_strip_height"": 10.0, ""background_support_area"": 1900.0, ""controlled_factor"": ""global_background_support_at_fixed_local_intensity"", ""declared_noise_fraction"": 0.95, ""dimension"": 2, ""family"": ""global_contamination_invariance"", ""n"": 6000, ""n_targets"": 3, ""paired_background"": ""seeded_prefix"", ""realized_noise_fraction"": 0.95, ""signal_size"": 300}","{""all_points_assigned"": true, ""block_size"": 256, ""canonical_core"": ""Du-Ding-Jia DPC-KNN (2016)"", ""canonical_core_doi"": ""10.1016/j.knosys.2016.02.001"", ""center_fallback_used"": false, ""center_selector"": ""Flores-Garza GB-DPC P1 last-gap rule"", ""center_selector_doi"": ""10.1016/j.knosys.2020.106350"", ""delta_search"": ""exact_global_blockwise_all_pairs"", ""density_tie_convention"": ""rho_descending_then_original_row_index_ascending"", ""distance"": ""euclidean"", ""geometry_profile"": ""low_dim"", ""implementation"": ""controlled_exact_python_reimplementation"", ""k"": 120, ""k_rounding"": ""ceil(p*n)_clipped_to_[1,n-1]"", ""knn_backend"": ""not_used_exact_blockwise_all_pairs"", ""knn_search"": ""exact_blockwise_all_pairs"", ""method_id"": ""DPC-kNN-2016+GB-auto-p2pct"", ""n_centers"": 5, ""neighbour_fraction"": 0.02, ""noise_model"": ""none""}"
ok,synthetic,global_contamination_noise99__quality__signal300__n30000,DPC-kNN-2016+GB-auto-p2pct,211,0.2.4,30000,2,0.005005553364753723,19.554534040391445,21.891716800630093,338.046875,176.15625,338.046875,,0.7326451023952699,0.5697841726618705,36,34,0.0,known_synthetic_noise,0.5,0.009900990099009901,12.0,2,0,0.1,0.9,full_partition,target-discovery-v1,0,0.05,0.6666666666666666,0.0990475415711559,0.0,0.05363773581291257,2,pairwise_f1,hungarian,1.0,1,36,0.0,0.0,0.0,0.0,0.0,0.0,0.0021304048802195993,0.001066338306275627,1.0,0.0,36,macro,0,0,1.0,0.019801980198019802,0.01,1.0,36,3,0.0,0.0,3,34,0.0,0.6666666666666666,0.0,0.0990475415711559,0.053637735812912576,"{""background_inner_edge"": 6.0, ""background_intensity"": 3.0, ""background_size"": 29700, ""background_strip_height"": 10.0, ""background_support_area"": 9900.0, ""controlled_factor"": ""global_background_support_at_fixed_local_intensity"", ""declared_noise_fraction"": 0.99, ""dimension"": 2, ""family"": ""global_contamination_invariance"", ""n"": 30000, ""n_targets"": 3, ""paired_background"": ""seeded_prefix"", ""realized_noise_fraction"": 0.99, ""signal_size"": 300}","{""all_points_assigned"": true, ""block_size"": 256, ""canonical_core"": ""Du-Ding-Jia DPC-KNN (2016)"", ""canonical_core_doi"": ""10.1016/j.knosys.2016.02.001"", ""center_fallback_used"": false, ""center_selector"": ""Flores-Garza GB-DPC P1 last-gap rule"", ""center_selector_doi"": ""10.1016/j.knosys.2020.106350"", ""delta_search"": ""exact_global_blockwise_all_pairs"", ""density_tie_convention"": ""rho_descending_then_original_row_index_ascending"", ""distance"": ""euclidean"", ""geometry_profile"": ""low_dim"", ""implementation"": ""controlled_exact_python_reimplementation"", ""k"": 600, ""k_rounding"": ""ceil(p*n)_clipped_to_[1,n-1]"", ""knn_backend"": ""not_used_exact_blockwise_all_pairs"", ""knn_search"": ""exact_blockwise_all_pairs"", ""method_id"": ""DPC-kNN-2016+GB-auto-p2pct"", ""n_centers"": 36, ""neighbour_fraction"": 0.02, ""noise_model"": ""none""}"
ok,synthetic,global_contamination_noise99__quality__signal300__n30000,DPC-kNN-2016+GB-auto-p2pct,223,0.2.4,30000,2,0.004211641848087311,18.0409023091197,20.05673361569643,338.12109375,176.15625,338.12109375,,0.7326451023952699,0.5697841726618705,45,43,0.0,known_synthetic_noise,0.5,0.009900990099009901,15.0,2,0,0.1,0.9,full_partition,target-discovery-v1,0,0.05,0.6666666666666666,0.19321668463388342,0.0,0.11326677255880796,2,pairwise_f1,hungarian,1.0,1,45,0.0,0.0,0.0,0.0,0.0,0.0,0.0024875069777920904,0.0012453023380236926,1.0,0.0,45,macro,0,0,1.0,0.019801980198019802,0.01,1.0,45,3,0.0,0.0,3,43,0.0,0.6666666666666666,0.0,0.19321668463388345,0.11326677255880796,"{""background_inner_edge"": 6.0, ""background_intensity"": 3.0, ""background_size"": 29700, ""background_strip_height"": 10.0, ""background_support_area"": 9900.0, ""controlled_factor"": ""global_background_support_at_fixed_local_intensity"", ""declared_noise_fraction"": 0.99, ""dimension"": 2, ""family"": ""global_contamination_invariance"", ""n"": 30000, ""n_targets"": 3, ""paired_background"": ""seeded_prefix"", ""realized_noise_fraction"": 0.99, ""signal_size"": 300}","{""all_points_assigned"": true, ""block_size"": 256, ""canonical_core"": ""Du-Ding-Jia DPC-KNN (2016)"", ""canonical_core_doi"": ""10.1016/j.knosys.2016.02.001"", ""center_fallback_used"": false, ""center_selector"": ""Flores-Garza GB-DPC P1 last-gap rule"", ""center_selector_doi"": ""10.1016/j.knosys.2020.106350"", ""delta_search"": ""exact_global_blockwise_all_pairs"", ""density_tie_convention"": ""rho_descending_then_original_row_index_ascending"", ""distance"": ""euclidean"", ""geometry_profile"": ""low_dim"", ""implementation"": ""controlled_exact_python_reimplementation"", ""k"": 600, ""k_rounding"": ""ceil(p*n)_clipped_to_[1,n-1]"", ""knn_backend"": ""not_used_exact_blockwise_all_pairs"", ""knn_search"": ""exact_blockwise_all_pairs"", ""method_id"": ""DPC-kNN-2016+GB-auto-p2pct"", ""n_centers"": 45, ""neighbour_fraction"": 0.02, ""noise_model"": ""none""}"
ok,synthetic,global_contamination_noise99__quality__signal300__n30000,DPC-kNN-2016+GB-auto-p2pct,227,0.2.4,30000,2,0.004979804158210754,18.519639797508717,21.301785483956337,338.08984375,175.97265625,338.08984375,,0.7326451023952699,0.5697841726618705,37,35,0.0,known_synthetic_noise,0.5,0.009900990099009901,12.333333333333334,2,0,0.1,0.9,full_partition,target-discovery-v1,0,0.05,0.6666666666666666,0.16423512092782513,0.0,0.09406102889575298,2,pairwise_f1,hungarian,1.0,1,37,0.0,0.0,0.0,0.0,0.0,0.0,0.0019226561397466754,0.0009622531107990718,1.0,0.0,37,macro,0,0,1.0,0.019801980198019802,0.01,1.0,37,3,0.0,0.0,3,35,0.0,0.6666666666666666,0.0,0.1642351209278251,0.09406102889575299,"{""background_inner_edge"": 6.0, ""background_intensity"": 3.0, ""background_size"": 29700, ""background_strip_height"": 10.0, ""background_support_area"": 9900.0, ""controlled_factor"": ""global_background_support_at_fixed_local_intensity"", ""declared_noise_fraction"": 0.99, ""dimension"": 2, ""family"": ""global_contamination_invariance"", ""n"": 30000, ""n_targets"": 3, ""paired_background"": ""seeded_prefix"", ""realized_noise_fraction"": 0.99, ""signal_size"": 300}","{""all_points_assigned"": true, ""block_size"": 256, ""canonical_core"": ""Du-Ding-Jia DPC-KNN (2016)"", ""canonical_core_doi"": ""10.1016/j.knosys.2016.02.001"", ""center_fallback_used"": false, ""center_selector"": ""Flores-Garza GB-DPC P1 last-gap rule"", ""center_selector_doi"": ""10.1016/j.knosys.2020.106350"", ""delta_search"": ""exact_global_blockwise_all_pairs"", ""density_tie_convention"": ""rho_descending_then_original_row_index_ascending"", ""distance"": ""euclidean"", ""geometry_profile"": ""low_dim"", ""implementation"": ""controlled_exact_python_reimplementation"", ""k"": 600, ""k_rounding"": ""ceil(p*n)_clipped_to_[1,n-1]"", ""knn_backend"": ""not_used_exact_blockwise_all_pairs"", ""knn_search"": ""exact_blockwise_all_pairs"", ""method_id"": ""DPC-kNN-2016+GB-auto-p2pct"", ""n_centers"": 37, ""neighbour_fraction"": 0.02, ""noise_model"": ""none""}"
ok,synthetic,global_contamination_noise99__quality__signal300__n30000,DPC-kNN-2016+GB-auto-p2pct,229,0.2.4,30000,2,0.0057790204882621765,19.168970718979836,21.49134986847639,338.06640625,175.9375,338.09765625,,0.7326451023952699,0.5697841726618705,31,29,0.0,known_synthetic_noise,0.5,0.009900990099009901,10.333333333333334,2,0,0.1,0.9,full_partition,target-discovery-v1,0,0.05,0.6666666666666666,0.10657204372446753,0.0,0.05851976570593919,2,pairwise_f1,hungarian,1.0,1,31,0.0,0.0,0.0,0.0,0.0,0.0,0.001697387668941509,0.0008494147275129034,1.0,0.0,31,macro,0,0,1.0,0.019801980198019802,0.01,1.0,31,3,0.0,0.0,3,29,0.0,0.6666666666666666,0.0,0.10657204372446752,0.058519765705939183,"{""background_inner_edge"": 6.0, ""background_intensity"": 3.0, ""background_size"": 29700, ""background_strip_height"": 10.0, ""background_support_area"": 9900.0, ""controlled_factor"": ""global_background_support_at_fixed_local_intensity"", ""declared_noise_fraction"": 0.99, ""dimension"": 2, ""family"": ""global_contamination_invariance"", ""n"": 30000, ""n_targets"": 3, ""paired_background"": ""seeded_prefix"", ""realized_noise_fraction"": 0.99, ""signal_size"": 300}","{""all_points_assigned"": true, ""block_size"": 256, ""canonical_core"": ""Du-Ding-Jia DPC-KNN (2016)"", ""canonical_core_doi"": ""10.1016/j.knosys.2016.02.001"", ""center_fallback_used"": false, ""center_selector"": ""Flores-Garza GB-DPC P1 last-gap rule"", ""center_selector_doi"": ""10.1016/j.knosys.2020.106350"", ""delta_search"": ""exact_global_blockwise_all_pairs"", ""density_tie_convention"": ""rho_descending_then_original_row_index_ascending"", ""distance"": ""euclidean"", ""geometry_profile"": ""low_dim"", ""implementation"": ""controlled_exact_python_reimplementation"", ""k"": 600, ""k_rounding"": ""ceil(p*n)_clipped_to_[1,n-1]"", ""knn_backend"": ""not_used_exact_blockwise_all_pairs"", ""knn_search"": ""exact_blockwise_all_pairs"", ""method_id"": ""DPC-kNN-2016+GB-auto-p2pct"", ""n_centers"": 31, ""neighbour_fraction"": 0.02, ""noise_model"": ""none""}"
ok,synthetic,global_contamination_noise99__quality__signal300__n30000,DPC-kNN-2016+GB-auto-p2pct,233,0.2.4,30000,2,0.0044785961508750916,17.248995758593082,19.25626277178526,338.0703125,176.16796875,338.0703125,,0.7326451023952699,0.5697841726618705,27,25,0.0,known_synthetic_noise,0.5,0.009900990099009901,9.0,2,0,0.1,0.9,full_partition,target-discovery-v1,0,0.05,0.6666666666666666,0.0882694073015849,0.0,0.04741384985368019,2,pairwise_f1,hungarian,1.0,1,27,0.0,0.0,0.0,0.0,0.0,0.0,0.0014647786573957192,0.0007329261159639155,1.0,0.0,27,macro,0,0,1.0,0.019801980198019802,0.01,1.0,27,3,0.0,0.0,3,25,0.0,0.6666666666666666,0.0,0.0882694073015849,0.04741384985368018,"{""background_inner_edge"": 6.0, ""background_intensity"": 3.0, ""background_size"": 29700, ""background_strip_height"": 10.0, ""background_support_area"": 9900.0, ""controlled_factor"": ""global_background_support_at_fixed_local_intensity"", ""declared_noise_fraction"": 0.99, ""dimension"": 2, ""family"": ""global_contamination_invariance"", ""n"": 30000, ""n_targets"": 3, ""paired_background"": ""seeded_prefix"", ""realized_noise_fraction"": 0.99, ""signal_size"": 300}","{""all_points_assigned"": true, ""block_size"": 256, ""canonical_core"": ""Du-Ding-Jia DPC-KNN (2016)"", ""canonical_core_doi"": ""10.1016/j.knosys.2016.02.001"", ""center_fallback_used"": false, ""center_selector"": ""Flores-Garza GB-DPC P1 last-gap rule"", ""center_selector_doi"": ""10.1016/j.knosys.2020.106350"", ""delta_search"": ""exact_global_blockwise_all_pairs"", ""density_tie_convention"": ""rho_descending_then_original_row_index_ascending"", ""distance"": ""euclidean"", ""geometry_profile"": ""low_dim"", ""implementation"": ""controlled_exact_python_reimplementation"", ""k"": 600, ""k_rounding"": ""ceil(p*n)_clipped_to_[1,n-1]"", ""knn_backend"": ""not_used_exact_blockwise_all_pairs"", ""knn_search"": ""exact_blockwise_all_pairs"", ""method_id"": ""DPC-kNN-2016+GB-auto-p2pct"", ""n_centers"": 27, ""neighbour_fraction"": 0.02, ""noise_model"": ""none""}"
