status,suite,dataset_id,method,seed,package_version,n,dimension,load_seconds,runtime_seconds,process_runtime_seconds,peak_rss_mb,incremental_rss_mb,process_peak_rss_mb,error_type,ami_signal,ari_signal,background_majority_predicted_clusters,background_only_predicted_clusters,background_rejection,background_semantics,binary_balanced_accuracy,binary_macro_f1,candidate_clusters_per_target,candidate_clusters_with_target_overlap,discovered_target_count,discovery_coverage_threshold,discovery_purity_threshold,evaluation_mode,evaluation_protocol_version,extra_signal_fragments,fragment_min_target_fraction,macro_target_coverage,macro_target_f1,macro_target_noise_loss,macro_target_purity,matched_predicted_cluster_count,matching_objective,matching_strategy,mean_target_fragments,merged_predicted_clusters,n_clusters,noise_aware_macro_f1,noise_evidence_f1,noise_f1,noise_fraction,noise_precision,noise_recall,pairwise_f1,pairwise_precision,pairwise_recall,predicted_abstention_fraction,predicted_cluster_count,primary_target_aggregation,recovered_truth_clusters_f1_080,recovered_truth_clusters_f1_090,signal_coverage,signal_f1,signal_precision,signal_recall,spurious_background_majority_clusters,target_count,target_discovery_rate,target_success_rate_f1_080,truth_clusters,unmatched_predicted_cluster_count,unmatched_target_score,weighted_target_coverage,weighted_target_discovery_rate,weighted_target_f1,weighted_target_purity,dataset_metadata_json,parameters_json,evidence_stage,evaluation_generation
memory_limit,synthetic,imbalanced_16d__quality__n20000,AMD-DBSCAN,23,,,,,,16.08395859999837,,,8216.72265625,,,,,,,,,,,,,,,,,,,,,,,,,,,,,,,,,,,,,,,,,,,,,,,,,,,,,,,,,,{},{},development,native_target_discovery_v1
memory_limit,synthetic,imbalanced_16d__quality__n20000,AMD-DBSCAN,42,,,,,,16.052636799999163,,,8199.2109375,,,,,,,,,,,,,,,,,,,,,,,,,,,,,,,,,,,,,,,,,,,,,,,,,,,,,,,,,,{},{},development,native_target_discovery_v1
memory_limit,synthetic,imbalanced_16d__quality__n20000,AMD-DBSCAN,73,,,,,,16.389917100001185,,,8203.76953125,,,,,,,,,,,,,,,,,,,,,,,,,,,,,,,,,,,,,,,,,,,,,,,,,,,,,,,,,,{},{},development,native_target_discovery_v1
memory_limit,synthetic,imbalanced_16d__quality__n20000,AMD-DBSCAN,101,,,,,,16.38780460000089,,,8199.81640625,,,,,,,,,,,,,,,,,,,,,,,,,,,,,,,,,,,,,,,,,,,,,,,,,,,,,,,,,,{},{},development,native_target_discovery_v1
memory_limit,synthetic,imbalanced_16d__quality__n20000,AMD-DBSCAN,151,,,,,,16.20555720000084,,,8201.57421875,,,,,,,,,,,,,,,,,,,,,,,,,,,,,,,,,,,,,,,,,,,,,,,,,,,,,,,,,,{},{},development,native_target_discovery_v1
memory_limit,synthetic,imbalanced_16d__quality__n20000,AMD-DBSCAN,211,,,,,,16.245935999999347,,,8196.109375,,,,,,,,,,,,,,,,,,,,,,,,,,,,,,,,,,,,,,,,,,,,,,,,,,,,,,,,,,{},{},fresh,native_target_discovery_v1
memory_limit,synthetic,imbalanced_16d__quality__n20000,AMD-DBSCAN,223,,,,,,16.19750810000005,,,8193.8046875,,,,,,,,,,,,,,,,,,,,,,,,,,,,,,,,,,,,,,,,,,,,,,,,,,,,,,,,,,{},{},fresh,native_target_discovery_v1
memory_limit,synthetic,imbalanced_16d__quality__n20000,AMD-DBSCAN,227,,,,,,16.30784279999898,,,8206.08203125,,,,,,,,,,,,,,,,,,,,,,,,,,,,,,,,,,,,,,,,,,,,,,,,,,,,,,,,,,{},{},fresh,native_target_discovery_v1
ok,synthetic,imbalanced_16d__quality__n20000,DBSCAN,23,0.2.4,20000.0,16.0,0.0074160000003757,1.9402650000010908,4.661705500000608,198.06640625,12.4609375,198.265625,,0.4642684416394738,0.2045610862543628,0.0,0.0,1.0,known_synthetic_noise,0.6818,0.7186994281111636,1.75,14.0,4.0,0.1,0.9,full_partition,target-discovery-v1,0.0,0.05,0.2702095908377863,0.3397835480236684,0.7223584086540128,0.75,6.0,pairwise_f1,hungarian,0.5,0.0,14.0,0.4939348807417658,0.9041046350430956,0.9041046350430956,0.9091,0.8249917500824991,1.0,0.3464383625860958,1.0,0.2095104015160328,0.9091,14.0,macro,2.0,0.0,0.3636,0.5332942211792314,1.0,0.3636,0.0,8.0,0.5,0.25,8.0,8.0,0.0,0.3538,0.7654,0.4452431746667582,0.8984,"{""dimension"": 16, ""family"": ""gaussian_imbalanced"", ""n"": 20000}","{""eps"": 2.156334400177002, ""eps_quantile"": 0.05, ""geometry_profile"": ""high_dim"", ""knn_backend"": ""faiss_hnsw"", ""min_samples"": 5}",development,native_target_discovery_v1
ok,synthetic,imbalanced_16d__quality__n20000,DBSCAN,42,0.2.4,20000.0,16.0,0.0080040000011649,2.008676400000695,4.75840160000007,198.8671875,13.59765625,198.08203125,,0.4335747122612379,0.1379441803458142,0.0,0.0,1.0,known_synthetic_noise,0.704,0.7448698146513681,2.375,19.0,7.0,0.1,0.9,full_partition,target-discovery-v1,0.0,0.05,0.2806185643203809,0.3989223553659332,0.7043308211041261,0.875,7.0,pairwise_f1,hungarian,0.875,0.0,19.0,0.5547203716087088,0.9101941747572816,0.9101941747572816,0.898,0.8351893095768375,1.0,0.405257389511017,1.0,0.2541208762125922,0.898,19.0,macro,1.0,0.0,0.408,0.5795454545454546,1.0,0.408,0.0,8.0,0.875,0.125,8.0,12.0,0.0,0.396,0.9734,0.5323446864486447,0.9734,"{""dimension"": 16, ""family"": ""gaussian_imbalanced"", ""n"": 20000}","{""eps"": 2.250605344772339, ""eps_quantile"": 0.05, ""geometry_profile"": ""high_dim"", ""knn_backend"": ""faiss_hnsw"", ""min_samples"": 5}",development,native_target_discovery_v1
ok,synthetic,imbalanced_16d__quality__n20000,DBSCAN,73,0.2.4,20000.0,16.0,0.0070863000000827,1.9276697999994208,4.668072999998913,200.03515625,14.45703125,198.05078125,,0.4147309603727637,0.1570649972417843,0.0,0.0,1.0,known_synthetic_noise,0.6859999999999999,0.7237622525516803,2.875,23.0,5.0,0.1,0.9,full_partition,target-discovery-v1,0.0,0.05,0.2529926670381933,0.3568235745165961,0.7194973041045694,0.875,7.0,pairwise_f1,hungarian,0.75,0.0,23.0,0.5118791693543058,0.9052504526252264,0.9052504526252264,0.907,0.8269018743109151,1.0,0.4400456112797334,1.0,0.2820887677624548,0.907,23.0,macro,1.0,0.0,0.372,0.5422740524781342,1.0,0.372,0.0,8.0,0.625,0.125,8.0,16.0,0.0,0.3488,0.7292,0.4583726869613984,0.9674,"{""dimension"": 16, ""family"": ""gaussian_imbalanced"", ""n"": 20000}","{""eps"": 2.0611050128936768, ""eps_quantile"": 0.05, ""geometry_profile"": ""high_dim"", ""knn_backend"": ""faiss_hnsw"", ""min_samples"": 5}",development,native_target_discovery_v1
ok,synthetic,imbalanced_16d__quality__n20000,DBSCAN,101,0.2.4,20000.0,16.0,0.0068503999991662,1.9796349999996887,4.699718800000483,199.609375,14.12890625,198.93359375,,0.4408833419835049,0.1755875473918253,0.0,0.0,1.0,known_synthetic_noise,0.6865,0.7243614070361037,2.0,16.0,4.0,0.1,0.9,full_partition,target-discovery-v1,0.0,0.05,0.2636267027418537,0.3513726730831017,0.7250937639874584,0.75,6.0,pairwise_f1,hungarian,0.625,0.0,16.0,0.5062674469614277,0.9053870529651428,0.9053870529651428,0.90675,0.8271298593879239,1.0,0.4276385455274939,1.0,0.271972162832596,0.90675,16.0,macro,1.0,0.0,0.373,0.5433357611070648,1.0,0.373,0.0,8.0,0.5,0.125,8.0,10.0,0.0,0.3616,0.594,0.461131867798693,0.9264,"{""dimension"": 16, ""family"": ""gaussian_imbalanced"", ""n"": 20000}","{""eps"": 2.1352217197418213, ""eps_quantile"": 0.05, ""geometry_profile"": ""high_dim"", ""knn_backend"": ""faiss_hnsw"", ""min_samples"": 5}",development,native_target_discovery_v1
ok,synthetic,imbalanced_16d__quality__n20000,DBSCAN,151,0.2.4,20000.0,16.0,0.0069581000007019,1.9326387000000975,4.644184300001143,198.28125,12.83984375,199.25,,0.4606819884937723,0.1490632443202546,0.0,0.0,1.0,known_synthetic_noise,0.707,0.7482981129660404,2.25,18.0,8.0,0.1,0.9,full_partition,target-discovery-v1,0.0,0.05,0.3813524709773202,0.5194278734473394,0.6061139585888552,1.0,8.0,pairwise_f1,hungarian,1.0,0.0,18.0,0.6616246954897452,0.9110233829334952,0.9110233829334952,0.8965,0.8365867261572784,1.0,0.3620089773673246,1.0,0.2210079129649212,0.8965,18.0,macro,1.0,0.0,0.414,0.5855728429985856,1.0,0.414,0.0,8.0,1.0,0.125,8.0,10.0,0.0,0.4038,1.0,0.5499145036699086,1.0,"{""dimension"": 16, ""family"": ""gaussian_imbalanced"", ""n"": 20000}","{""eps"": 2.19539213180542, ""eps_quantile"": 0.05, ""geometry_profile"": ""high_dim"", ""knn_backend"": ""faiss_hnsw"", ""min_samples"": 5}",development,native_target_discovery_v1
ok,synthetic,imbalanced_16d__quality__n20000,DBSCAN,211,0.2.4,20000.0,16.0,0.0068619000012404,1.9203906000002464,4.681742500000837,203.42578125,18.03515625,198.14453125,,0.4587340146551197,0.159438943843953,0.0,0.0,1.0,known_synthetic_noise,0.6777,0.7137048642072102,1.125,9.0,4.0,0.1,0.9,full_partition,target-discovery-v1,1.0,0.05,0.2599418295929093,0.336050705704774,0.7288975980168563,0.625,5.0,pairwise_f1,hungarian,0.75,0.0,9.0,0.4898149422746438,0.9029888932366132,0.9029888932366132,0.91115,0.8231355978708226,1.0,0.3258525066971454,1.0,0.1946378727087449,0.91115,9.0,macro,1.0,1.0,0.3554,0.5244208351778074,1.0,0.3554,0.0,8.0,0.5,0.125,8.0,4.0,0.0,0.3506,0.7654,0.4574587661667509,0.8056,"{""dimension"": 16, ""family"": ""gaussian_imbalanced"", ""n"": 20000}","{""eps"": 2.0629422664642334, ""eps_quantile"": 0.05, ""geometry_profile"": ""high_dim"", ""knn_backend"": ""faiss_hnsw"", ""min_samples"": 5}",fresh,native_target_discovery_v1
ok,synthetic,imbalanced_16d__quality__n20000,DBSCAN,223,0.2.4,20000.0,16.0,0.0090603999997256,1.9311655000001335,4.647294499998679,198.2265625,12.90625,198.28515625,,0.389500997959289,0.1265709369000296,0.0,0.0,1.0,known_synthetic_noise,0.6797,0.7161477513609034,1.875,15.0,4.0,0.1,0.9,full_partition,target-discovery-v1,0.0,0.05,0.1983900623022212,0.2775642668701673,0.7931300782216456,0.875,7.0,pairwise_f1,hungarian,0.5,0.0,15.0,0.4246702953166593,0.903532813300003,0.903532813300003,0.91015,0.8240399934076801,1.0,0.4531326686126107,1.0,0.2929357026411534,0.91015,15.0,macro,1.0,0.0,0.3594,0.5287626894218037,1.0,0.3594,0.0,8.0,0.5,0.125,8.0,8.0,0.0,0.3524,0.764,0.4615311433826526,0.966,"{""dimension"": 16, ""family"": ""gaussian_imbalanced"", ""n"": 20000}","{""eps"": 2.021411180496216, ""eps_quantile"": 0.05, ""geometry_profile"": ""high_dim"", ""knn_backend"": ""faiss_hnsw"", ""min_samples"": 5}",fresh,native_target_discovery_v1
ok,synthetic,imbalanced_16d__quality__n20000,DBSCAN,227,0.2.4,20000.0,16.0,0.0088498000004619,1.9281823000001168,4.69484089999969,199.51171875,13.55859375,198.73046875,,0.4284571112512164,0.1334785422324083,0.0,0.0,1.0,known_synthetic_noise,0.6906,0.7292462574595764,1.625,13.0,4.0,0.1,0.9,full_partition,target-discovery-v1,0.0,0.05,0.2343036325047342,0.3089121741206529,0.7534973704178427,0.625,5.0,pairwise_f1,hungarian,0.625,0.0,13.0,0.4607977070433895,0.9065087327007918,0.9065087327007918,0.9047,0.8290040897535095,1.0,0.3837511476915005,1.0,0.2374332066150494,0.9047,13.0,macro,1.0,0.0,0.3812,0.5519837822183609,1.0,0.3812,0.0,8.0,0.5,0.125,8.0,8.0,0.0,0.3732,0.7202,0.4859525673891731,0.8332,"{""dimension"": 16, ""family"": ""gaussian_imbalanced"", ""n"": 20000}","{""eps"": 2.086596965789795, ""eps_quantile"": 0.05, ""geometry_profile"": ""high_dim"", ""knn_backend"": ""faiss_hnsw"", ""min_samples"": 5}",fresh,native_target_discovery_v1
ok,synthetic,imbalanced_16d__quality__n20000,HDBSCAN,23,0.2.4,20000.0,16.0,0.0085839000003034,9.04912189999959,11.796219400001064,190.55859375,5.390625,193.296875,,1.0,1.0,13.0,13.0,0.9869333333333332,known_synthetic_noise,0.9934666666666668,0.987100238361269,2.625,8.0,7.0,0.1,0.9,full_partition,target-discovery-v1,0.0,0.05,1.0,0.9859268318066428,0.0,0.9731870738552828,8.0,pairwise_f1,hungarian,1.0,0.0,21.0,0.9896610693139178,0.9934237015165748,0.9934237015165748,0.7402,1.0,0.9869333333333332,0.9952123490796918,0.9904703229265944,1.0,0.7402,21.0,macro,8.0,8.0,1.0,0.9807767752059632,0.962278675904542,1.0,13.0,8.0,0.875,1.0,8.0,13.0,0.0,1.0,0.9576,0.9941661328392252,0.988798897577968,"{""dimension"": 16, ""family"": ""gaussian_imbalanced"", ""n"": 20000}","{""geometry_profile"": ""high_dim"", ""knn_backend"": ""faiss_hnsw"", ""min_cluster_size"": 8, ""min_samples"": 5}",development,native_target_discovery_v1
ok,synthetic,imbalanced_16d__quality__n20000,HDBSCAN,42,0.2.4,20000.0,16.0,0.0079788000002736,9.553805400000783,12.283261200000196,191.58984375,5.671875,191.62890625,,1.0,1.0,9.0,9.0,0.9902,known_synthetic_noise,0.9951,0.9902944156335494,2.125,8.0,8.0,0.1,0.9,full_partition,target-discovery-v1,0.0,0.05,1.0,0.9950983554774726,0.0,0.9903113727307248,8.0,pairwise_f1,hungarian,1.0,0.0,17.0,0.9950871134975736,0.9950758717716812,0.9950758717716812,0.74265,1.0,0.9902,0.9875112850463676,0.9753306584672315,1.0,0.74265,17.0,macro,8.0,8.0,1.0,0.9855129594954174,0.9714396735962696,1.0,9.0,8.0,1.0,1.0,8.0,9.0,0.0,1.0,1.0,0.9939720855498012,0.988084299851172,"{""dimension"": 16, ""family"": ""gaussian_imbalanced"", ""n"": 20000}","{""geometry_profile"": ""high_dim"", ""knn_backend"": ""faiss_hnsw"", ""min_cluster_size"": 8, ""min_samples"": 5}",development,native_target_discovery_v1
ok,synthetic,imbalanced_16d__quality__n20000,HDBSCAN,73,0.2.4,20000.0,16.0,0.0073593000015534,9.326109499999802,12.02144589999989,191.32421875,5.56640625,193.89453125,,1.0000000000000002,1.0,11.0,11.0,0.9882666666666666,known_synthetic_noise,0.9941333333333332,0.9884015574810376,2.375,8.0,8.0,0.1,0.9,full_partition,target-discovery-v1,0.0,0.05,1.0,0.9925739500796622,0.0,0.9852979048312728,8.0,pairwise_f1,hungarian,1.0,0.0,19.0,0.9933357461388648,0.994098712446352,0.994098712446352,0.7412,1.0,0.9882666666666666,0.985877898905473,0.972149110882634,1.0,0.7412,19.0,macro,8.0,8.0,1.0,0.9827044025157232,0.965996908809892,1.0,11.0,8.0,1.0,1.0,8.0,11.0,0.0,1.0,1.0,0.9930625036785746,0.9862473356010744,"{""dimension"": 16, ""family"": ""gaussian_imbalanced"", ""n"": 20000}","{""geometry_profile"": ""high_dim"", ""knn_backend"": ""faiss_hnsw"", ""min_cluster_size"": 8, ""min_samples"": 5}",development,native_target_discovery_v1
ok,synthetic,imbalanced_16d__quality__n20000,HDBSCAN,101,0.2.4,20000.0,16.0,0.007759399999486,9.613317199999074,12.319411899999976,191.5546875,5.42578125,191.578125,,1.0,1.0,18.0,18.0,0.9811333333333332,known_synthetic_noise,0.9905666666666666,0.9814778400141624,3.25,8.0,8.0,0.1,0.9,full_partition,target-discovery-v1,0.0,0.05,1.0,0.9897919709308666,0.0,0.9802998851988988,8.0,pairwise_f1,hungarian,1.0,0.0,26.0,0.9901342827602422,0.9904768314432816,0.9904768314432816,0.73585,1.0,0.9811333333333332,0.9921323127487808,0.984387460078858,1.0,0.73585,26.0,macro,8.0,8.0,1.0,0.9724788485850432,0.946431951542684,1.0,18.0,8.0,1.0,1.0,8.0,18.0,0.0,1.0,1.0,0.994440747130053,0.9891436268699764,"{""dimension"": 16, ""family"": ""gaussian_imbalanced"", ""n"": 20000}","{""geometry_profile"": ""high_dim"", ""knn_backend"": ""faiss_hnsw"", ""min_cluster_size"": 8, ""min_samples"": 5}",development,native_target_discovery_v1
ok,synthetic,imbalanced_16d__quality__n20000,HDBSCAN,151,0.2.4,20000.0,16.0,0.0072189000002254,9.055768299998816,11.789902000000438,190.3046875,5.140625,190.90234375,,1.0,1.0,10.0,10.0,0.9886,known_synthetic_noise,0.9943,0.9887274088002134,2.25,8.0,8.0,0.1,0.9,full_partition,target-discovery-v1,0.0,0.05,1.0,0.9919922424888364,0.0,0.9841865937495312,8.0,pairwise_f1,hungarian,1.0,0.0,18.0,0.993128480166861,0.9942673237453484,0.9942673237453484,0.74145,1.0,0.9886,0.9912604726079794,0.9826723804219002,1.0,0.74145,18.0,macro,8.0,8.0,1.0,0.9831874938550782,0.9669309611293754,1.0,10.0,8.0,1.0,1.0,8.0,10.0,0.0,1.0,1.0,0.9943661821388,0.988860679363524,"{""dimension"": 16, ""family"": ""gaussian_imbalanced"", ""n"": 20000}","{""geometry_profile"": ""high_dim"", ""knn_backend"": ""faiss_hnsw"", ""min_cluster_size"": 8, ""min_samples"": 5}",development,native_target_discovery_v1
ok,synthetic,imbalanced_16d__quality__n20000,HDBSCAN,211,0.2.4,20000.0,16.0,0.0076969000001554,9.378066400000534,12.117993599998954,190.515625,5.1328125,191.0859375,,1.0,1.0,10.0,10.0,0.9876666666666668,known_synthetic_noise,0.9938333333333332,0.9878155514891332,2.25,8.0,8.0,0.1,0.9,full_partition,target-discovery-v1,0.0,0.05,1.0,0.9885949277773785,0.0,0.9776550584937648,8.0,pairwise_f1,hungarian,1.0,0.0,18.0,0.991188178264047,0.9937950695958412,0.9937950695958412,0.74075,1.0,0.9876666666666668,0.9912658318218984,0.9826829139854026,1.0,0.74075,18.0,macro,8.0,8.0,1.0,0.9818360333824252,0.9643201542912246,1.0,10.0,8.0,1.0,1.0,8.0,10.0,0.0,1.0,1.0,0.99291733807645,0.9860588900454704,"{""dimension"": 16, ""family"": ""gaussian_imbalanced"", ""n"": 20000}","{""geometry_profile"": ""high_dim"", ""knn_backend"": ""faiss_hnsw"", ""min_cluster_size"": 8, ""min_samples"": 5}",fresh,native_target_discovery_v1
ok,synthetic,imbalanced_16d__quality__n20000,HDBSCAN,223,0.2.4,20000.0,16.0,0.0072715999995125,8.976235600001019,11.686324199999945,191.23828125,5.8515625,190.8046875,,1.0,1.0,10.0,10.0,0.9868,known_synthetic_noise,0.9934,0.986970289456599,2.25,8.0,7.0,0.1,0.9,full_partition,target-discovery-v1,0.0,0.05,1.0,0.9760828306871994,0.0,0.95532447961044,8.0,pairwise_f1,hungarian,1.0,0.0,18.0,0.9846437412562334,0.9933561505939198,0.9933561505939198,0.7401,1.0,0.9868,0.9946905102317516,0.9894371040514646,1.0,0.7401,18.0,macro,8.0,7.0,1.0,0.9805844283192784,0.9619084263178146,1.0,10.0,8.0,0.875,1.0,8.0,10.0,0.0,1.0,0.966,0.991371606846771,0.9837005368272908,"{""dimension"": 16, ""family"": ""gaussian_imbalanced"", ""n"": 20000}","{""geometry_profile"": ""high_dim"", ""knn_backend"": ""faiss_hnsw"", ""min_cluster_size"": 8, ""min_samples"": 5}",fresh,native_target_discovery_v1
ok,synthetic,imbalanced_16d__quality__n20000,HDBSCAN,227,0.2.4,20000.0,16.0,0.0074614000004658,9.013888499999666,11.793623300000036,190.9921875,5.5,192.79296875,,1.0,1.0,15.0,15.0,0.9865333333333334,known_synthetic_noise,0.9932666666666669,0.9867104911685358,2.875,8.0,8.0,0.1,0.9,full_partition,target-discovery-v1,0.0,0.05,1.0,0.9914968261462888,0.0,0.9831995137493084,8.0,pairwise_f1,hungarian,1.0,0.0,23.0,0.992358174910566,0.99322102154507,0.99322102154507,0.7399,1.0,0.9865333333333334,0.993494083870174,0.9870722744385998,1.0,0.7399,23.0,macro,8.0,8.0,1.0,0.9801999607920016,0.9611687812379854,1.0,15.0,8.0,1.0,1.0,8.0,15.0,0.0,1.0,1.0,0.9947547259732008,0.9896160837090534,"{""dimension"": 16, ""family"": ""gaussian_imbalanced"", ""n"": 20000}","{""geometry_profile"": ""high_dim"", ""knn_backend"": ""faiss_hnsw"", ""min_cluster_size"": 8, ""min_samples"": 5}",fresh,native_target_discovery_v1
ok,synthetic,imbalanced_16d__quality__n20000,OPTICS,23,0.2.4,20000.0,16.0,0.0089545999999245,5.113987800001269,7.916329599998789,202.09765625,16.63671875,199.04296875,,0.6561117222085385,0.4814872432470835,0.0,0.0,1.0,known_synthetic_noise,0.729,0.7727043029759382,0.875,7.0,5.0,0.1,0.9,full_partition,target-discovery-v1,0.0,0.05,0.4378563563207965,0.5135922235906243,0.5621436436792034,0.875,7.0,pairwise_f1,hungarian,0.75,0.0,7.0,0.65845717356023,0.9171507184347294,0.9171507184347294,0.8855,0.846979107848673,1.0,0.4954838310155345,1.0,0.3293310110119863,0.8855,7.0,macro,3.0,2.0,0.458,0.6282578875171468,1.0,0.458,0.0,8.0,0.625,0.375,8.0,0.0,0.0,0.458,0.5904,0.5124444482910014,0.9408,"{""dimension"": 16, ""family"": ""gaussian_imbalanced"", ""n"": 20000}","{""geometry_profile"": ""high_dim"", ""knn_backend"": ""faiss_hnsw"", ""max_eps"": 2.366445302963257, ""max_eps_quantile"": 0.1, ""min_cluster_size"": 8, ""min_samples"": 5, ""xi"": 0.03}",development,native_target_discovery_v1
ok,synthetic,imbalanced_16d__quality__n20000,OPTICS,42,0.2.4,20000.0,16.0,0.0069161999999778,5.165352699999858,7.897705100000167,199.0,13.74609375,198.9921875,,0.511799976851314,0.2648165602683779,0.0,0.0,1.0,known_synthetic_noise,0.7197,0.7625413323051873,1.125,9.0,6.0,0.1,0.9,full_partition,target-discovery-v1,0.0,0.05,0.3528662236631522,0.4685016295937045,0.6422076679624635,1.0,8.0,pairwise_f1,hungarian,0.875,0.0,9.0,0.6195983364306707,0.9145504984300216,0.9145504984300216,0.89015,0.8425546256248947,1.0,0.5052176513685397,1.0,0.3379874346463141,0.89015,9.0,macro,1.0,0.0,0.4394,0.6105321661803529,1.0,0.4394,0.0,8.0,0.75,0.125,8.0,1.0,0.0,0.4378,0.7502,0.5468908578486568,1.0,"{""dimension"": 16, ""family"": ""gaussian_imbalanced"", ""n"": 20000}","{""geometry_profile"": ""high_dim"", ""knn_backend"": ""faiss_hnsw"", ""max_eps"": 2.4471938610076904, ""max_eps_quantile"": 0.1, ""min_cluster_size"": 8, ""min_samples"": 5, ""xi"": 0.03}",development,native_target_discovery_v1
ok,synthetic,imbalanced_16d__quality__n20000,OPTICS,73,0.2.4,20000.0,16.0,0.0074394999992364,5.150175099999615,7.860809100000551,200.3046875,14.93359375,199.4609375,,0.4686102176717007,0.2026298383109086,0.0,0.0,1.0,known_synthetic_noise,0.6484,0.676418507271086,1.25,10.0,5.0,0.1,0.9,full_partition,target-discovery-v1,0.0,0.05,0.3663968122990321,0.4616265523764545,0.6308174841998476,0.875,7.0,pairwise_f1,hungarian,0.625,0.0,10.0,0.6091148170180334,0.8950948800572861,0.8950948800572861,0.9258,0.8101101749837978,1.0,0.2083731276891071,1.0,0.1163038637728967,0.9258,10.0,macro,1.0,0.0,0.2968,0.4577421344848859,1.0,0.2968,0.0,8.0,0.625,0.125,8.0,3.0,0.0,0.2916,0.5112,0.3735790558132794,0.9674,"{""dimension"": 16, ""family"": ""gaussian_imbalanced"", ""n"": 20000}","{""geometry_profile"": ""high_dim"", ""knn_backend"": ""faiss_hnsw"", ""max_eps"": 2.260881185531616, ""max_eps_quantile"": 0.1, ""min_cluster_size"": 8, ""min_samples"": 5, ""xi"": 0.03}",development,native_target_discovery_v1
ok,synthetic,imbalanced_16d__quality__n20000,OPTICS,101,0.2.4,20000.0,16.0,0.0066791000008379,5.10150749999957,7.852571199999147,203.45703125,17.7734375,199.5546875,,0.5320054738401591,0.2652925914185281,0.0,0.0,1.0,known_synthetic_noise,0.6769000000000001,0.7127242089856427,0.875,7.0,6.0,0.1,0.9,full_partition,target-discovery-v1,0.0,0.05,0.3829675879645174,0.478848805950306,0.6170324120354826,0.875,7.0,pairwise_f1,hungarian,0.75,0.0,7.0,0.6257740341178324,0.9027715085311908,0.9027715085311908,0.91155,0.8227743952608195,1.0,0.2799914499703673,1.0,0.1627849175316852,0.91155,7.0,macro,2.0,1.0,0.3538,0.5226769094400945,1.0,0.3538,0.0,8.0,0.75,0.25,8.0,0.0,0.0,0.3538,0.667,0.4433692139813924,0.9546,"{""dimension"": 16, ""family"": ""gaussian_imbalanced"", ""n"": 20000}","{""geometry_profile"": ""high_dim"", ""knn_backend"": ""faiss_hnsw"", ""max_eps"": 2.3396658897399902, ""max_eps_quantile"": 0.1, ""min_cluster_size"": 8, ""min_samples"": 5, ""xi"": 0.03}",development,native_target_discovery_v1
ok,synthetic,imbalanced_16d__quality__n20000,OPTICS,151,0.2.4,20000.0,16.0,0.0084638000007544,5.092717499999708,7.798355099999753,199.2734375,13.96484375,199.79296875,,0.6124513641074406,0.394315872667635,0.0,0.0,1.0,known_synthetic_noise,0.7397,0.7841306513613777,1.25,10.0,6.0,0.1,0.9,full_partition,target-discovery-v1,0.0,0.05,0.4895896567096088,0.5808873255243212,0.5067017918069706,1.0,8.0,pairwise_f1,hungarian,0.75,0.0,10.0,0.7121820005737294,0.9201607214060056,0.9201607214060056,0.88015,0.8521274782707493,1.0,0.5664491299180193,1.0,0.3951370974966698,0.88015,10.0,macro,3.0,2.0,0.4794,0.64810058131675,1.0,0.4794,0.0,8.0,0.75,0.375,8.0,2.0,0.0,0.476,0.6586,0.5492419458400734,1.0,"{""dimension"": 16, ""family"": ""gaussian_imbalanced"", ""n"": 20000}","{""geometry_profile"": ""high_dim"", ""knn_backend"": ""faiss_hnsw"", ""max_eps"": 2.3787405490875244, ""max_eps_quantile"": 0.1, ""min_cluster_size"": 8, ""min_samples"": 5, ""xi"": 0.03}",development,native_target_discovery_v1
ok,synthetic,imbalanced_16d__quality__n20000,OPTICS,211,0.2.4,20000.0,16.0,0.0069368999993457,5.146891799999139,7.855956699999297,199.8359375,14.4765625,199.8359375,,0.6587750324032333,0.4269197360991213,0.0,0.0,1.0,known_synthetic_noise,0.7983,0.8421701555102465,0.875,7.0,5.0,0.1,0.9,full_partition,target-discovery-v1,0.0,0.05,0.4685091437692243,0.5439414061379733,0.5314908562307756,0.875,7.0,pairwise_f1,hungarian,0.75,0.0,7.0,0.6883102038735136,0.9370022175719148,0.9370022175719148,0.85085,0.8814714697067638,1.0,0.6388806305235213,1.0,0.4693788398362527,0.85085,7.0,macro,3.0,1.0,0.5966,0.7473380934485783,1.0,0.5966,0.0,8.0,0.625,0.375,8.0,0.0,0.0,0.5966,0.8056,0.6888753170198536,0.9682,"{""dimension"": 16, ""family"": ""gaussian_imbalanced"", ""n"": 20000}","{""geometry_profile"": ""high_dim"", ""knn_backend"": ""faiss_hnsw"", ""max_eps"": 2.2888615131378174, ""max_eps_quantile"": 0.1, ""min_cluster_size"": 8, ""min_samples"": 5, ""xi"": 0.03}",fresh,native_target_discovery_v1
ok,synthetic,imbalanced_16d__quality__n20000,OPTICS,223,0.2.4,20000.0,16.0,0.0073424999991402,5.0989449999997305,7.798145599999771,199.10546875,13.2578125,199.10546875,,0.6097764642664775,0.4525995938528198,0.0,0.0,1.0,known_synthetic_noise,0.7988,0.842635376280715,0.875,7.0,6.0,0.1,0.9,full_partition,target-discovery-v1,0.0,0.05,0.4065295838198086,0.5164001737821131,0.5934704161801914,0.875,7.0,pairwise_f1,hungarian,0.875,0.0,7.0,0.6658788518058889,0.9371485692865176,0.9371485692865176,0.8506,0.8817305431460146,1.0,0.7271086213255026,1.0,0.5712259769428748,0.8506,7.0,macro,2.0,1.0,0.5976,0.7481221832749124,1.0,0.5976,0.0,8.0,0.75,0.25,8.0,0.0,0.0,0.5976,0.928,0.7064901173553221,0.966,"{""dimension"": 16, ""family"": ""gaussian_imbalanced"", ""n"": 20000}","{""geometry_profile"": ""high_dim"", ""knn_backend"": ""faiss_hnsw"", ""max_eps"": 2.2323923110961914, ""max_eps_quantile"": 0.1, ""min_cluster_size"": 8, ""min_samples"": 5, ""xi"": 0.03}",fresh,native_target_discovery_v1
ok,synthetic,imbalanced_16d__quality__n20000,OPTICS,227,0.2.4,20000.0,16.0,0.0081306000010954,5.08106829999997,7.861150099999577,199.0703125,13.46484375,199.05859375,,0.5405147248558319,0.2960839983252404,0.0,0.0,1.0,known_synthetic_noise,0.7354,0.7795722672321879,0.75,6.0,4.0,0.1,0.9,full_partition,target-discovery-v1,0.0,0.05,0.3172461592460753,0.3929863329644288,0.6827538407539246,0.75,6.0,pairwise_f1,hungarian,0.625,0.0,6.0,0.550536838165002,0.9189487226612756,0.9189487226612756,0.8823,0.8500510030601837,1.0,0.598445888987162,1.0,0.4269873594496419,0.8823,6.0,macro,1.0,1.0,0.4708,0.6401958118031003,1.0,0.4708,0.0,8.0,0.5,0.125,8.0,0.0,0.0,0.4708,0.6798,0.556925375513813,0.9072,"{""dimension"": 16, ""family"": ""gaussian_imbalanced"", ""n"": 20000}","{""geometry_profile"": ""high_dim"", ""knn_backend"": ""faiss_hnsw"", ""max_eps"": 2.2863612174987793, ""max_eps_quantile"": 0.1, ""min_cluster_size"": 8, ""min_samples"": 5, ""xi"": 0.03}",fresh,native_target_discovery_v1
ok,synthetic,imbalanced_16d__quality__n20000,SNN-DBSCAN,23,0.2.4,20000.0,16.0,0.0077747000013914,1.0106940000005125,4.450982700000168,267.1875,42.64453125,254.17578125,,0.004671107665295,0.0011319879408275,0.0,0.0,0.9999333333333332,known_synthetic_noise,0.5006666666666667,0.4300385957684896,0.125,1.0,0.0,0.1,0.9,full_partition,target-discovery-v1,0.0,0.05,0.0061619718309859,0.0116666666666666,0.993838028169014,0.109375,1.0,pairwise_f1,hungarian,0.0,0.0,1.0,0.0230200555324608,0.8572816643804297,0.8572816643804297,0.9996,0.750250100040016,0.9999333333333332,1.7639802787004843e-05,0.75,8.820005115602967e-06,0.9996,1.0,macro,0.0,0.0,0.0014,0.0027955271565495,0.875,0.0014,0.0,8.0,0.0,0.0,8.0,0.0,0.0,0.0013999999999999,0.0,0.0026506666666666,0.02485,"{""dimension"": 16, ""family"": ""gaussian_imbalanced"", ""n"": 20000}","{""eps"": 13, ""geometry_profile"": ""high_dim"", ""k"": 20, ""knn_backend"": ""faiss_hnsw"", ""min_samples"": 5}",development,native_target_discovery_v1
ok,synthetic,imbalanced_16d__quality__n20000,SNN-DBSCAN,42,0.2.4,20000.0,16.0,0.0071612000010645,0.9793107000004966,4.339876400001231,262.16015625,37.171875,262.53515625,,0.0,0.0,0.0,0.0,1.0,known_synthetic_noise,0.5,0.4285714285714285,0.0,0.0,0.0,0.1,0.9,full_partition,target-discovery-v1,0.0,0.05,0.0,0.0,1.0,0.0,0.0,pairwise_f1,hungarian,0.0,0.0,0.0,0.0,0.8571428571428571,0.8571428571428571,1.0,0.75,1.0,0.0,0.0,0.0,1.0,0.0,macro,0.0,0.0,0.0,0.0,0.0,0.0,0.0,8.0,0.0,0.0,8.0,0.0,0.0,0.0,0.0,0.0,0.0,"{""dimension"": 16, ""family"": ""gaussian_imbalanced"", ""n"": 20000}","{""eps"": 13, ""geometry_profile"": ""high_dim"", ""k"": 20, ""knn_backend"": ""faiss_hnsw"", ""min_samples"": 5}",development,native_target_discovery_v1
ok,synthetic,imbalanced_16d__quality__n20000,SNN-DBSCAN,73,0.2.4,20000.0,16.0,0.007031499999357,0.9784280000003492,4.366743000000497,263.7890625,38.92578125,247.703125,,0.0,0.0,0.0,0.0,1.0,known_synthetic_noise,0.5,0.4285714285714285,0.0,0.0,0.0,0.1,0.9,full_partition,target-discovery-v1,0.0,0.05,0.0,0.0,1.0,0.0,0.0,pairwise_f1,hungarian,0.0,0.0,0.0,0.0,0.8571428571428571,0.8571428571428571,1.0,0.75,1.0,0.0,0.0,0.0,1.0,0.0,macro,0.0,0.0,0.0,0.0,0.0,0.0,0.0,8.0,0.0,0.0,8.0,0.0,0.0,0.0,0.0,0.0,0.0,"{""dimension"": 16, ""family"": ""gaussian_imbalanced"", ""n"": 20000}","{""eps"": 13, ""geometry_profile"": ""high_dim"", ""k"": 20, ""knn_backend"": ""faiss_hnsw"", ""min_samples"": 5}",development,native_target_discovery_v1
ok,synthetic,imbalanced_16d__quality__n20000,SNN-DBSCAN,101,0.2.4,20000.0,16.0,0.0074991000001318,0.9747121000000334,4.363383300000351,265.83203125,41.10546875,263.95703125,,0.0113127432673525,0.0022642938896707,0.0,0.0,1.0,known_synthetic_noise,0.5023,0.43343218330938,0.125,1.0,0.0,0.1,0.9,full_partition,target-discovery-v1,0.0,0.05,0.0067647058823529,0.0128348214285714,0.993235294117647,0.125,1.0,pairwise_f1,hungarian,0.125,0.0,1.0,0.0252911826085512,0.8577064928381508,0.8577064928381508,0.99885,0.7508634930169695,1.0,0.0002233575495293,1.0,0.0001116912483064,0.99885,1.0,macro,0.0,0.0,0.0046,0.0091578737806091,1.0,0.0046,0.0,8.0,0.0,0.0,8.0,0.0,0.0,0.0046,0.0,0.0087276785714285,0.085,"{""dimension"": 16, ""family"": ""gaussian_imbalanced"", ""n"": 20000}","{""eps"": 13, ""geometry_profile"": ""high_dim"", ""k"": 20, ""knn_backend"": ""faiss_hnsw"", ""min_samples"": 5}",development,native_target_discovery_v1
ok,synthetic,imbalanced_16d__quality__n20000,SNN-DBSCAN,151,0.2.4,20000.0,16.0,0.0081308000007993,0.9437617999992652,4.295131700000638,267.37109375,42.84375,251.22265625,,0.0048577002449239,0.0012140423946757,0.0,0.0,1.0,known_synthetic_noise,0.5008,0.4302668542403485,0.125,1.0,0.0,0.1,0.9,full_partition,target-discovery-v1,0.0,0.05,0.0050761421319796,0.0097560975609756,0.9949238578680204,0.125,1.0,pairwise_f1,hungarian,0.0,0.0,1.0,0.0192926541290138,0.8573388203017832,0.8573388203017832,0.9996,0.7503001200480192,1.0,2.3443066420067934e-05,1.0,1.1721670605985253e-05,0.9996,1.0,macro,0.0,0.0,0.0016,0.0031948881789137,1.0,0.0016,0.0,8.0,0.0,0.0,8.0,0.0,0.0,0.0015999999999999,0.0,0.0030751219512195,0.0394,"{""dimension"": 16, ""family"": ""gaussian_imbalanced"", ""n"": 20000}","{""eps"": 13, ""geometry_profile"": ""high_dim"", ""k"": 20, ""knn_backend"": ""faiss_hnsw"", ""min_samples"": 5}",development,native_target_discovery_v1
ok,synthetic,imbalanced_16d__quality__n20000,SNN-DBSCAN,211,0.2.4,20000.0,16.0,0.0082394000000931,0.9644891000007192,4.356267900000603,263.26171875,38.5078125,259.33984375,,0.0,0.0,0.0,0.0,1.0,known_synthetic_noise,0.5,0.4285714285714285,0.0,0.0,0.0,0.1,0.9,full_partition,target-discovery-v1,0.0,0.05,0.0,0.0,1.0,0.0,0.0,pairwise_f1,hungarian,0.0,0.0,0.0,0.0,0.8571428571428571,0.8571428571428571,1.0,0.75,1.0,0.0,0.0,0.0,1.0,0.0,macro,0.0,0.0,0.0,0.0,0.0,0.0,0.0,8.0,0.0,0.0,8.0,0.0,0.0,0.0,0.0,0.0,0.0,"{""dimension"": 16, ""family"": ""gaussian_imbalanced"", ""n"": 20000}","{""eps"": 13, ""geometry_profile"": ""high_dim"", ""k"": 20, ""knn_backend"": ""faiss_hnsw"", ""min_samples"": 5}",fresh,native_target_discovery_v1
ok,synthetic,imbalanced_16d__quality__n20000,SNN-DBSCAN,223,0.2.4,20000.0,16.0,0.0080131999984587,0.9811757999996188,4.362690899999507,265.015625,40.50390625,266.421875,,0.0,0.0,0.0,0.0,1.0,known_synthetic_noise,0.5,0.4285714285714285,0.0,0.0,0.0,0.1,0.9,full_partition,target-discovery-v1,0.0,0.05,0.0,0.0,1.0,0.0,0.0,pairwise_f1,hungarian,0.0,0.0,0.0,0.0,0.8571428571428571,0.8571428571428571,1.0,0.75,1.0,0.0,0.0,0.0,1.0,0.0,macro,0.0,0.0,0.0,0.0,0.0,0.0,0.0,8.0,0.0,0.0,8.0,0.0,0.0,0.0,0.0,0.0,0.0,"{""dimension"": 16, ""family"": ""gaussian_imbalanced"", ""n"": 20000}","{""eps"": 13, ""geometry_profile"": ""high_dim"", ""k"": 20, ""knn_backend"": ""faiss_hnsw"", ""min_samples"": 5}",fresh,native_target_discovery_v1
ok,synthetic,imbalanced_16d__quality__n20000,SNN-DBSCAN,227,0.2.4,20000.0,16.0,0.0100017000004299,0.9941749999998136,4.359244600000238,265.4296875,40.7734375,251.9453125,,0.0,0.0,0.0,0.0,1.0,known_synthetic_noise,0.5,0.4285714285714285,0.0,0.0,0.0,0.1,0.9,full_partition,target-discovery-v1,0.0,0.05,0.0,0.0,1.0,0.0,0.0,pairwise_f1,hungarian,0.0,0.0,0.0,0.0,0.8571428571428571,0.8571428571428571,1.0,0.75,1.0,0.0,0.0,0.0,1.0,0.0,macro,0.0,0.0,0.0,0.0,0.0,0.0,0.0,8.0,0.0,0.0,8.0,0.0,0.0,0.0,0.0,0.0,0.0,"{""dimension"": 16, ""family"": ""gaussian_imbalanced"", ""n"": 20000}","{""eps"": 13, ""geometry_profile"": ""high_dim"", ""k"": 20, ""knn_backend"": ""faiss_hnsw"", ""min_samples"": 5}",fresh,native_target_discovery_v1
ok,synthetic,imbalanced_16d__quality__n20000,StrataSCAN,23,0.2.4,20000.0,16.0,0.0077990000008867,10.352136400000743,13.24382499999956,295.21875,109.46875,294.14453125,,0.8644194503704307,0.8388846187171908,0.0,0.0,1.0,known_synthetic_noise,0.9492,0.9649149386168894,1.75,14.0,8.0,0.1,0.9,full_partition,target-discovery-v1,0.0,0.05,0.9061632273045208,0.9503542289699058,0.0892558392315883,1.0,8.0,pairwise_f1,hungarian,1.0,0.0,14.0,0.9665699408524854,0.9833486298675757,0.9833486298675757,0.7754,0.9672427134382254,1.0,0.8777470957396639,1.0,0.7821294936351063,0.7754,14.0,macro,8.0,8.0,0.8984,0.9464812473662032,1.0,0.8984,0.0,8.0,1.0,1.0,8.0,6.0,0.0,0.8936,1.0,0.9433472287431262,1.0,"{""dimension"": 16, ""family"": ""gaussian_imbalanced"", ""n"": 20000}","{""ambiguous_model_confirmation_tolerance"": 1e-05, ""assignment"": ""maximum_posterior_basis_then_semantic_role"", ""background_model"": ""adaptive_gamma_basis_mixture_with_largest_rate_gap"", ""background_scan"": ""adaptive_dyadic_rank_windows_with_poisson_beta_boundary_code"", ""border_rule"": ""strict_local_core_radius"", ""component_initialization"": ""compiled_split_warm_single_start_with_guarded_confirmation"", ""component_selection"": ""semantic_icl_with_adaptive_bound"", ""connectivity"": ""density_ordered_non_merging_knn_watershed"", ""core_thresholds"": ""observed_d4_event_sweep"", ""duplicate_profile_confirmation_minimum"": 3, ""duplicate_profile_confirmation_tolerance"": 1e-08, ""extraction_objective"": ""gamma_topology_description_length"", ""fit_samples"": ""all_rows"", ""gamma_tolerance"": 0.0001, ""geometry_profile"": ""high_dim"", ""hard_component_bound"": 24, ""initial_component_bound"": 8, ""k"": 32, ""knn_backend"": ""faiss_hnsw"", ""shell_ranks"": [4, 8, 16, 32], ""stratification_model"": ""adaptive_gamma_density_basis_with_semantic_background"", ""version"": ""0.2.3""}",development,native_target_discovery_v1
ok,synthetic,imbalanced_16d__quality__n20000,StrataSCAN,42,0.2.4,20000.0,16.0,0.0078855000010662,5.885620600000038,8.849924300000566,287.03125,101.7109375,287.03125,,0.7569363275804203,0.6507562854751989,0.0,0.0,1.0,known_synthetic_noise,0.9003,0.9285473664184324,3.125,25.0,8.0,0.1,0.9,full_partition,target-discovery-v1,1.0,0.05,0.8015845624713348,0.887500572202658,0.1730598709848247,1.0,8.0,pairwise_f1,hungarian,1.125,0.0,25.0,0.92592885363937,0.9678355969932574,0.9678355969932574,0.79985,0.9376758142151652,1.0,0.7459899735399586,1.0,0.5948835797157234,0.79985,25.0,macro,7.0,3.0,0.8006,0.8892591358436077,1.0,0.8006,0.0,8.0,1.0,0.875,8.0,17.0,0.0,0.778,1.0,0.873791216311035,1.0,"{""dimension"": 16, ""family"": ""gaussian_imbalanced"", ""n"": 20000}","{""ambiguous_model_confirmation_tolerance"": 1e-05, ""assignment"": ""maximum_posterior_basis_then_semantic_role"", ""background_model"": ""adaptive_gamma_basis_mixture_with_largest_rate_gap"", ""background_scan"": ""adaptive_dyadic_rank_windows_with_poisson_beta_boundary_code"", ""border_rule"": ""strict_local_core_radius"", ""component_initialization"": ""compiled_split_warm_single_start_with_guarded_confirmation"", ""component_selection"": ""semantic_icl_with_adaptive_bound"", ""connectivity"": ""density_ordered_non_merging_knn_watershed"", ""core_thresholds"": ""observed_d4_event_sweep"", ""duplicate_profile_confirmation_minimum"": 3, ""duplicate_profile_confirmation_tolerance"": 1e-08, ""extraction_objective"": ""gamma_topology_description_length"", ""fit_samples"": ""all_rows"", ""gamma_tolerance"": 0.0001, ""geometry_profile"": ""high_dim"", ""hard_component_bound"": 24, ""initial_component_bound"": 8, ""k"": 32, ""knn_backend"": ""faiss_hnsw"", ""shell_ranks"": [4, 8, 16, 32], ""stratification_model"": ""adaptive_gamma_density_basis_with_semantic_background"", ""version"": ""0.2.3""}",development,native_target_discovery_v1
ok,synthetic,imbalanced_16d__quality__n20000,StrataSCAN,73,0.2.4,20000.0,16.0,0.0077562000005855,5.017179599999508,7.875335000000632,276.921875,91.77734375,276.921875,,0.9576892974386648,0.9709011259191932,0.0,0.0,1.0,known_synthetic_noise,0.9871,0.9913249130451144,1.0,8.0,8.0,0.1,0.9,full_partition,target-discovery-v1,0.0,0.05,0.9730268157803912,0.9862840345989916,0.0269731842196088,1.0,8.0,pairwise_f1,hungarian,1.0,0.0,8.0,0.9909787687946312,0.9957184108334164,0.9957184108334164,0.75645,0.99147332936744,1.0,0.9771407059382544,1.0,0.9553031503072684,0.75645,8.0,macro,8.0,8.0,0.9742,0.9869314152568128,1.0,0.9742,0.0,8.0,1.0,1.0,8.0,0.0,0.0,0.9742,1.0,0.9868583723568836,1.0,"{""dimension"": 16, ""family"": ""gaussian_imbalanced"", ""n"": 20000}","{""ambiguous_model_confirmation_tolerance"": 1e-05, ""assignment"": ""maximum_posterior_basis_then_semantic_role"", ""background_model"": ""adaptive_gamma_basis_mixture_with_largest_rate_gap"", ""background_scan"": ""adaptive_dyadic_rank_windows_with_poisson_beta_boundary_code"", ""border_rule"": ""strict_local_core_radius"", ""component_initialization"": ""compiled_split_warm_single_start_with_guarded_confirmation"", ""component_selection"": ""semantic_icl_with_adaptive_bound"", ""connectivity"": ""density_ordered_non_merging_knn_watershed"", ""core_thresholds"": ""observed_d4_event_sweep"", ""duplicate_profile_confirmation_minimum"": 3, ""duplicate_profile_confirmation_tolerance"": 1e-08, ""extraction_objective"": ""gamma_topology_description_length"", ""fit_samples"": ""all_rows"", ""gamma_tolerance"": 0.0001, ""geometry_profile"": ""high_dim"", ""hard_component_bound"": 24, ""initial_component_bound"": 8, ""k"": 32, ""knn_backend"": ""faiss_hnsw"", ""shell_ranks"": [4, 8, 16, 32], ""stratification_model"": ""adaptive_gamma_density_basis_with_semantic_background"", ""version"": ""0.2.3""}",development,native_target_discovery_v1
ok,synthetic,imbalanced_16d__quality__n20000,StrataSCAN,101,0.2.4,20000.0,16.0,0.0070924999999988,9.108357200000682,11.964504699999452,294.05859375,108.73046875,296.87890625,,0.8687888251188112,0.8642916123880909,0.0,0.0,1.0,known_synthetic_noise,0.9546,0.968766541607624,2.125,17.0,8.0,0.1,0.9,full_partition,target-discovery-v1,1.0,0.05,0.8996899584128136,0.9465117901502416,0.0857818013421818,1.0,8.0,pairwise_f1,hungarian,1.125,0.0,17.0,0.965416740749453,0.985092270309319,0.985092270309319,0.7727,0.9706224925585608,1.0,0.8987115666320991,1.0,0.816054667789171,0.7727,17.0,macro,8.0,7.0,0.9092,0.9524408129059292,1.0,0.9092,0.0,8.0,1.0,1.0,8.0,9.0,0.0,0.8974,1.0,0.9452793173225288,1.0,"{""dimension"": 16, ""family"": ""gaussian_imbalanced"", ""n"": 20000}","{""ambiguous_model_confirmation_tolerance"": 1e-05, ""assignment"": ""maximum_posterior_basis_then_semantic_role"", ""background_model"": ""adaptive_gamma_basis_mixture_with_largest_rate_gap"", ""background_scan"": ""adaptive_dyadic_rank_windows_with_poisson_beta_boundary_code"", ""border_rule"": ""strict_local_core_radius"", ""component_initialization"": ""compiled_split_warm_single_start_with_guarded_confirmation"", ""component_selection"": ""semantic_icl_with_adaptive_bound"", ""connectivity"": ""density_ordered_non_merging_knn_watershed"", ""core_thresholds"": ""observed_d4_event_sweep"", ""duplicate_profile_confirmation_minimum"": 3, ""duplicate_profile_confirmation_tolerance"": 1e-08, ""extraction_objective"": ""gamma_topology_description_length"", ""fit_samples"": ""all_rows"", ""gamma_tolerance"": 0.0001, ""geometry_profile"": ""high_dim"", ""hard_component_bound"": 24, ""initial_component_bound"": 8, ""k"": 32, ""knn_backend"": ""faiss_hnsw"", ""shell_ranks"": [4, 8, 16, 32], ""stratification_model"": ""adaptive_gamma_density_basis_with_semantic_background"", ""version"": ""0.2.3""}",development,native_target_discovery_v1
ok,synthetic,imbalanced_16d__quality__n20000,StrataSCAN,151,0.2.4,20000.0,16.0,0.0068515000002662,3.8803716999991593,6.733943100000033,273.12109375,87.54296875,273.12109375,,0.7697767643981084,0.7097128308072291,0.0,0.0,1.0,known_synthetic_noise,0.9102,0.9361384974788004,3.75,30.0,8.0,0.1,0.9,full_partition,target-discovery-v1,1.0,0.05,0.7981363185090993,0.8858587877495661,0.1812652751399222,1.0,8.0,pairwise_f1,hungarian,1.125,0.0,30.0,0.9264485876010308,0.970936630202602,0.970936630202602,0.7949,0.943514907535539,1.0,0.7983405320076906,1.0,0.6643650329169628,0.7949,30.0,macro,8.0,3.0,0.8204,0.9013403647549988,1.0,0.8204,0.0,8.0,1.0,1.0,8.0,22.0,0.0,0.8024,1.0,0.8887384453959217,1.0,"{""dimension"": 16, ""family"": ""gaussian_imbalanced"", ""n"": 20000}","{""ambiguous_model_confirmation_tolerance"": 1e-05, ""assignment"": ""maximum_posterior_basis_then_semantic_role"", ""background_model"": ""adaptive_gamma_basis_mixture_with_largest_rate_gap"", ""background_scan"": ""adaptive_dyadic_rank_windows_with_poisson_beta_boundary_code"", ""border_rule"": ""strict_local_core_radius"", ""component_initialization"": ""compiled_split_warm_single_start_with_guarded_confirmation"", ""component_selection"": ""semantic_icl_with_adaptive_bound"", ""connectivity"": ""density_ordered_non_merging_knn_watershed"", ""core_thresholds"": ""observed_d4_event_sweep"", ""duplicate_profile_confirmation_minimum"": 3, ""duplicate_profile_confirmation_tolerance"": 1e-08, ""extraction_objective"": ""gamma_topology_description_length"", ""fit_samples"": ""all_rows"", ""gamma_tolerance"": 0.0001, ""geometry_profile"": ""high_dim"", ""hard_component_bound"": 24, ""initial_component_bound"": 8, ""k"": 32, ""knn_backend"": ""faiss_hnsw"", ""shell_ranks"": [4, 8, 16, 32], ""stratification_model"": ""adaptive_gamma_density_basis_with_semantic_background"", ""version"": ""0.2.3""}",development,native_target_discovery_v1
ok,synthetic,imbalanced_16d__quality__n20000,StrataSCAN,211,0.2.4,20000.0,16.0,0.0080594000010023,3.07039690000056,5.907915600000706,260.84765625,75.72265625,259.50390625,,0.8341393405499491,0.776069280663935,0.0,0.0,1.0,known_synthetic_noise,0.9312,0.9518488259176046,2.125,17.0,8.0,0.1,0.9,full_partition,target-discovery-v1,0.0,0.05,0.8664439320434381,0.9273912969360196,0.1291164937612965,1.0,8.0,pairwise_f1,hungarian,1.0,0.0,17.0,0.9518248938721288,0.9775808133472368,0.9775808133472368,0.7844,0.9561448240693524,1.0,0.8301220798741361,1.0,0.7095800900189873,0.7844,17.0,macro,8.0,6.0,0.8624,0.9261168384879724,1.0,0.8624,0.0,8.0,1.0,1.0,8.0,9.0,0.0,0.856,1.0,0.9210050347209549,1.0,"{""dimension"": 16, ""family"": ""gaussian_imbalanced"", ""n"": 20000}","{""ambiguous_model_confirmation_tolerance"": 1e-05, ""assignment"": ""maximum_posterior_basis_then_semantic_role"", ""background_model"": ""adaptive_gamma_basis_mixture_with_largest_rate_gap"", ""background_scan"": ""adaptive_dyadic_rank_windows_with_poisson_beta_boundary_code"", ""border_rule"": ""strict_local_core_radius"", ""component_initialization"": ""compiled_split_warm_single_start_with_guarded_confirmation"", ""component_selection"": ""semantic_icl_with_adaptive_bound"", ""connectivity"": ""density_ordered_non_merging_knn_watershed"", ""core_thresholds"": ""observed_d4_event_sweep"", ""duplicate_profile_confirmation_minimum"": 3, ""duplicate_profile_confirmation_tolerance"": 1e-08, ""extraction_objective"": ""gamma_topology_description_length"", ""fit_samples"": ""all_rows"", ""gamma_tolerance"": 0.0001, ""geometry_profile"": ""high_dim"", ""hard_component_bound"": 24, ""initial_component_bound"": 8, ""k"": 32, ""knn_backend"": ""faiss_hnsw"", ""shell_ranks"": [4, 8, 16, 32], ""stratification_model"": ""adaptive_gamma_density_basis_with_semantic_background"", ""version"": ""0.2.3""}",fresh,native_target_discovery_v1
ok,synthetic,imbalanced_16d__quality__n20000,StrataSCAN,223,0.2.4,20000.0,16.0,0.0071616999994148,8.606293799999548,11.46959649999917,294.8671875,109.62890625,294.8671875,,0.9022156981535212,0.9152670651549424,0.0,0.0,1.0,known_synthetic_noise,0.9678,0.9780546553307105,1.5,12.0,8.0,0.1,0.9,full_partition,target-discovery-v1,0.0,0.05,0.9320839011888378,0.9646548476006688,0.0664935718196244,1.0,8.0,pairwise_f1,hungarian,1.0,0.0,12.0,0.97686131109523,0.9893806477145308,0.9893806477145308,0.7661,0.9789844667797938,1.0,0.9372927029669762,1.0,0.8819857599395496,0.7661,12.0,macro,8.0,8.0,0.9356,0.96672866294689,1.0,0.9356,0.0,8.0,1.0,1.0,8.0,4.0,0.0,0.9332,1.0,0.96527609306482,1.0,"{""dimension"": 16, ""family"": ""gaussian_imbalanced"", ""n"": 20000}","{""ambiguous_model_confirmation_tolerance"": 1e-05, ""assignment"": ""maximum_posterior_basis_then_semantic_role"", ""background_model"": ""adaptive_gamma_basis_mixture_with_largest_rate_gap"", ""background_scan"": ""adaptive_dyadic_rank_windows_with_poisson_beta_boundary_code"", ""border_rule"": ""strict_local_core_radius"", ""component_initialization"": ""compiled_split_warm_single_start_with_guarded_confirmation"", ""component_selection"": ""semantic_icl_with_adaptive_bound"", ""connectivity"": ""density_ordered_non_merging_knn_watershed"", ""core_thresholds"": ""observed_d4_event_sweep"", ""duplicate_profile_confirmation_minimum"": 3, ""duplicate_profile_confirmation_tolerance"": 1e-08, ""extraction_objective"": ""gamma_topology_description_length"", ""fit_samples"": ""all_rows"", ""gamma_tolerance"": 0.0001, ""geometry_profile"": ""high_dim"", ""hard_component_bound"": 24, ""initial_component_bound"": 8, ""k"": 32, ""knn_backend"": ""faiss_hnsw"", ""shell_ranks"": [4, 8, 16, 32], ""stratification_model"": ""adaptive_gamma_density_basis_with_semantic_background"", ""version"": ""0.2.3""}",fresh,native_target_discovery_v1
ok,synthetic,imbalanced_16d__quality__n20000,StrataSCAN,227,0.2.4,20000.0,16.0,0.0070902000006753,8.492915000000721,11.31735369999842,293.484375,108.03515625,291.1640625,,0.892563755010089,0.892724984696104,0.0,0.0,1.0,known_synthetic_noise,0.9637,0.9751886678813216,2.0,16.0,8.0,0.1,0.9,full_partition,target-discovery-v1,0.0,0.05,0.9217248742417508,0.9590954911642204,0.0734508892862944,1.0,8.0,pairwise_f1,hungarian,1.0,0.0,16.0,0.973354874047574,0.9880446596186148,0.9880446596186148,0.76815,0.9763718023823472,1.0,0.9184881549832452,1.0,0.8492631488183245,0.76815,16.0,macro,8.0,8.0,0.9274,0.9623326761440282,1.0,0.9274,0.0,8.0,1.0,1.0,8.0,8.0,0.0,0.9232,1.0,0.9598482954187012,1.0,"{""dimension"": 16, ""family"": ""gaussian_imbalanced"", ""n"": 20000}","{""ambiguous_model_confirmation_tolerance"": 1e-05, ""assignment"": ""maximum_posterior_basis_then_semantic_role"", ""background_model"": ""adaptive_gamma_basis_mixture_with_largest_rate_gap"", ""background_scan"": ""adaptive_dyadic_rank_windows_with_poisson_beta_boundary_code"", ""border_rule"": ""strict_local_core_radius"", ""component_initialization"": ""compiled_split_warm_single_start_with_guarded_confirmation"", ""component_selection"": ""semantic_icl_with_adaptive_bound"", ""connectivity"": ""density_ordered_non_merging_knn_watershed"", ""core_thresholds"": ""observed_d4_event_sweep"", ""duplicate_profile_confirmation_minimum"": 3, ""duplicate_profile_confirmation_tolerance"": 1e-08, ""extraction_objective"": ""gamma_topology_description_length"", ""fit_samples"": ""all_rows"", ""gamma_tolerance"": 0.0001, ""geometry_profile"": ""high_dim"", ""hard_component_bound"": 24, ""initial_component_bound"": 8, ""k"": 32, ""knn_backend"": ""faiss_hnsw"", ""shell_ranks"": [4, 8, 16, 32], ""stratification_model"": ""adaptive_gamma_density_basis_with_semantic_background"", ""version"": ""0.2.3""}",fresh,native_target_discovery_v1
ok,synthetic,imbalanced_16d__quality__n20000,VDBSCAN-2007,23,0.2.4,20000.0,16.0,0.0069840999985899,2.746827900000426,5.49752879999869,293.46484375,108.53515625,306.60546875,,0.8925280192994189,0.6604671756733275,1.0,1.0,0.0043333333333333,known_synthetic_noise,0.5021666666666667,0.2048359920992057,1.0,7.0,6.0,0.1,0.9,full_partition,target-discovery-v1,0.0,0.05,0.875,0.8396585874558129,0.0,0.8178036810553433,7.0,pairwise_f1,hungarian,1.0,1.0,8.0,0.0170829824169893,0.0086292731496847,0.0086292731496847,0.00325,1.0,0.0043333333333333,0.0404698969583943,0.0206528579967087,1.0,0.00325,8.0,macro,6.0,6.0,1.0,0.4010427110487267,0.2508151492350138,1.0,1.0,8.0,0.75,0.75,8.0,1.0,0.0,0.7848,0.4768,0.7034274396740933,0.655194030733103,"{""dimension"": 16, ""family"": ""gaussian_imbalanced"", ""n"": 20000}","{""eps_values"": [11.109432220458984, 18.16250228881836, 19.24187469482422], ""geometry_profile"": ""high_dim"", ""knee_prominence"": 0.08, ""knn_backend"": ""faiss_hnsw"", ""max_eps_values"": 7, ""min_samples"": 5}",development,native_target_discovery_v1
ok,synthetic,imbalanced_16d__quality__n20000,VDBSCAN-2007,42,0.2.4,20000.0,16.0,0.0072971999998117,2.797969999999623,5.539652799998294,286.21484375,101.0546875,289.18359375,,0.8799760052272787,0.785569787651072,1.0,1.0,0.0051333333333333,known_synthetic_noise,0.5025666666666667,0.2057250199421008,0.75,5.0,4.0,0.1,0.9,full_partition,target-discovery-v1,0.0,0.05,0.625,0.5902386109673703,0.0,0.5693620528458224,5.0,pairwise_f1,hungarian,1.0,1.0,6.0,0.0200809609187433,0.0102142336008489,0.0102142336008489,0.00385,1.0,0.0051333333333333,0.0404744657034367,0.0206552377067984,1.0,0.00385,6.0,macro,4.0,4.0,1.0,0.4012358062833527,0.2509662199467952,1.0,1.0,8.0,0.5,0.5,8.0,1.0,0.0,0.8504,0.6412,0.7932813367124096,0.7593898475098043,"{""dimension"": 16, ""family"": ""gaussian_imbalanced"", ""n"": 20000}","{""eps_values"": [10.471100807189941, 16.88239097595215, 17.90204429626465], ""geometry_profile"": ""high_dim"", ""knee_prominence"": 0.08, ""knn_backend"": ""faiss_hnsw"", ""max_eps_values"": 7, ""min_samples"": 5}",development,native_target_discovery_v1
ok,synthetic,imbalanced_16d__quality__n20000,VDBSCAN-2007,73,0.2.4,20000.0,16.0,0.0080581000001984,2.791219300001103,5.532488500000909,293.0390625,107.9453125,293.70703125,,1.0000000000000002,1.0,1.0,1.0,0.0047333333333333,known_synthetic_noise,0.5023666666666666,0.2052806521513068,1.125,8.0,8.0,0.1,0.9,full_partition,target-discovery-v1,0.0,0.05,1.0,0.996757982460374,0.0,0.9935521323972036,8.0,pairwise_f1,hungarian,1.0,0.0,9.0,0.0186676775175428,0.0094220688739964,0.0094220688739964,0.00355,1.0,0.0047333333333333,0.0404263035088767,0.020630152150575,1.0,0.00355,9.0,macro,8.0,8.0,1.0,0.4011392354286172,0.2508906618495659,1.0,1.0,8.0,1.0,1.0,8.0,1.0,0.0,1.0,1.0,0.998306563449096,0.9966260952940754,"{""dimension"": 16, ""family"": ""gaussian_imbalanced"", ""n"": 20000}","{""eps_values"": [12.12484359741211, 19.414426803588867, 20.46917724609375], ""geometry_profile"": ""high_dim"", ""knee_prominence"": 0.08, ""knn_backend"": ""faiss_hnsw"", ""max_eps_values"": 7, ""min_samples"": 5}",development,native_target_discovery_v1
ok,synthetic,imbalanced_16d__quality__n20000,VDBSCAN-2007,101,0.2.4,20000.0,16.0,0.0085235000005923,2.77667079999992,5.514621899999838,292.23828125,107.28125,294.26953125,,0.8832437748216893,0.7249554885118537,1.0,1.0,0.0049333333333333,known_synthetic_noise,0.5024666666666666,0.2055028725547721,0.875,6.0,5.0,0.1,0.9,full_partition,target-discovery-v1,0.0,0.05,0.75,0.7207856790816942,0.0,0.7007811355489282,6.0,pairwise_f1,hungarian,1.0,1.0,7.0,0.0193725753070652,0.0098182300650126,0.0098182300650126,0.0037,1.0,0.0049333333333333,0.0387576697859017,0.0197617954644446,1.0,0.0037,7.0,macro,5.0,5.0,1.0,0.4011875150445317,0.250928435210278,1.0,1.0,8.0,0.625,0.625,8.0,1.0,0.0,0.8478,0.5602,0.78595616689191,0.7451899739401024,"{""dimension"": 16, ""family"": ""gaussian_imbalanced"", ""n"": 20000}","{""eps_values"": [12.162901878356934, 18.391799926757812, 19.25629997253418], ""geometry_profile"": ""high_dim"", ""knee_prominence"": 0.08, ""knn_backend"": ""faiss_hnsw"", ""max_eps_values"": 7, ""min_samples"": 5}",development,native_target_discovery_v1
ok,synthetic,imbalanced_16d__quality__n20000,VDBSCAN-2007,151,0.2.4,20000.0,16.0,0.0068298000005597,3.3719946999990498,6.091238899998643,212.28125,26.921875,210.4453125,,0.8583691380635379,0.7492598071358609,1.0,1.0,0.0006,known_synthetic_noise,0.5003,0.200671666145205,2.0,15.0,8.0,0.1,0.9,full_partition,target-discovery-v1,8.0,0.05,0.7132826458582583,0.8245908584113602,0.0,1.0,8.0,pairwise_f1,hungarian,2.0,1.0,16.0,0.0023950774759084,0.0011992804317409,0.0011992804317409,0.00045,1.0,0.0006,0.0271919138847676,0.0138815672418461,0.6608066686258601,0.00045,16.0,macro,4.0,3.0,1.0,0.4001440518586692,0.2501125506477915,1.0,1.0,8.0,1.0,0.5,8.0,8.0,0.0,0.7348,1.0,0.840937612851385,1.0,"{""dimension"": 16, ""family"": ""gaussian_imbalanced"", ""n"": 20000}","{""eps_values"": [2.455263614654541, 11.961824417114258, 19.541614532470703], ""geometry_profile"": ""high_dim"", ""knee_prominence"": 0.08, ""knn_backend"": ""faiss_hnsw"", ""max_eps_values"": 7, ""min_samples"": 5}",development,native_target_discovery_v1
ok,synthetic,imbalanced_16d__quality__n20000,VDBSCAN-2007,211,0.2.4,20000.0,16.0,0.0075028999999631,2.739288299999316,5.585930900000676,293.40625,108.078125,299.26953125,,0.9566472503521996,0.8990498552872749,1.0,1.0,0.0056666666666666,known_synthetic_noise,0.5028333333333334,0.206317056380823,1.0,7.0,6.0,0.1,0.9,full_partition,target-discovery-v1,0.0,0.05,0.875,0.8628423110930932,0.0,0.8523909349768068,7.0,pairwise_f1,hungarian,1.0,1.0,8.0,0.0222483629519655,0.0112694729864103,0.0112694729864103,0.00425,1.0,0.0056666666666666,0.0401826751617724,0.0205032758168363,1.0,0.00425,8.0,macro,7.0,7.0,1.0,0.4013646397752357,0.2510670348983178,1.0,1.0,8.0,0.75,0.875,8.0,1.0,0.0,0.945,0.6476,0.9184957864887812,0.8960270198322278,"{""dimension"": 16, ""family"": ""gaussian_imbalanced"", ""n"": 20000}","{""eps_values"": [11.157535552978516, 17.857450485229492, 18.824275970458984], ""geometry_profile"": ""high_dim"", ""knee_prominence"": 0.08, ""knn_backend"": ""faiss_hnsw"", ""max_eps_values"": 7, ""min_samples"": 5}",fresh,native_target_discovery_v1
ok,synthetic,imbalanced_16d__quality__n20000,VDBSCAN-2007,223,0.2.4,20000.0,16.0,0.0072698000003583,2.773394499999995,5.468813699999373,296.546875,111.26171875,310.47265625,,0.8253542863221753,0.584917987578101,1.0,1.0,0.0052666666666666,known_synthetic_noise,0.5026333333333334,0.2058730776600699,0.875,6.0,4.0,0.1,0.9,full_partition,target-discovery-v1,0.0,0.05,0.75,0.6804950777599963,0.0,0.6404498852852326,6.0,pairwise_f1,hungarian,1.0,2.0,7.0,0.0206385085632019,0.0104781484183301,0.0104781484183301,0.00395,1.0,0.0052666666666666,0.0405752652151315,0.0207077437039634,1.0,0.00395,7.0,macro,4.0,4.0,1.0,0.4012680069018097,0.2509914160935696,1.0,1.0,8.0,0.5,0.5,8.0,1.0,0.0,0.6596,0.2064,0.5349424116565495,0.4637659615658015,"{""dimension"": 16, ""family"": ""gaussian_imbalanced"", ""n"": 20000}","{""eps_values"": [11.00999641418457, 17.986419677734375, 19.153003692626953], ""geometry_profile"": ""high_dim"", ""knee_prominence"": 0.08, ""knn_backend"": ""faiss_hnsw"", ""max_eps_values"": 7, ""min_samples"": 5}",fresh,native_target_discovery_v1
ok,synthetic,imbalanced_16d__quality__n20000,VDBSCAN-2007,227,0.2.4,20000.0,16.0,0.0071876999991218,2.740723900000376,5.469340600000578,294.8046875,109.21875,303.4765625,,1.0,1.0,1.0,1.0,0.0048,known_synthetic_noise,0.5024,0.2053547337350678,1.125,8.0,8.0,0.1,0.9,full_partition,target-discovery-v1,0.0,0.05,1.0,0.9978258774409668,0.0,0.9956649259946552,8.0,pairwise_f1,hungarian,1.0,0.0,9.0,0.0189270545167599,0.0095541401273885,0.0095541401273885,0.0036,1.0,0.0048,0.040828383312486,0.0208396155623758,1.0,0.0036,9.0,macro,8.0,8.0,1.0,0.4011553273427471,0.2509032517061421,1.0,1.0,8.0,1.0,1.0,8.0,1.0,0.0,1.0,1.0,0.9982043066070204,0.9964171742235914,"{""dimension"": 16, ""family"": ""gaussian_imbalanced"", ""n"": 20000}","{""eps_values"": [11.270214080810547, 18.351680755615234, 19.387310028076172], ""geometry_profile"": ""high_dim"", ""knee_prominence"": 0.08, ""knn_backend"": ""faiss_hnsw"", ""max_eps_values"": 7, ""min_samples"": 5}",fresh,native_target_discovery_v1
ok,synthetic,imbalanced_16d__quality__n20000,kNN+Leiden,23,0.2.4,20000.0,16.0,0.007835000000341,2.08883699999933,5.473773799998526,303.28125,89.40625,322.6796875,,1.0,1.0,1.0,1.0,0.0,known_synthetic_noise,0.5,0.2,1.125,8.0,0.0,0.1,0.9,full_partition,target-discovery-v1,0.0,0.05,1.0,0.8777370863290502,0.0,0.7840548957689017,8.0,pairwise_f1,hungarian,1.0,0.0,9.0,0.0,0.0,0.0,0.0,0.0,0.0,0.0468397756924653,0.023981532651307,1.0,0.0,9.0,macro,8.0,2.0,1.0,0.4,0.25,1.0,1.0,8.0,0.0,1.0,8.0,1.0,0.0,1.0,0.0,0.8970837769098751,0.8145758947217607,"{""dimension"": 16, ""family"": ""gaussian_imbalanced"", ""n"": 20000}","{""edge_rank"": 15, ""geometry_profile"": ""high_dim"", ""k"": 20, ""knn_backend"": ""faiss_hnsw"", ""resolution"": 0.5, ""symmetrization"": ""union"", ""weights"": ""1/(1+d)""}",development,native_target_discovery_v1
ok,synthetic,imbalanced_16d__quality__n20000,kNN+Leiden,42,0.2.4,20000.0,16.0,0.008157400001437,1.8604897000004712,5.279803400000674,303.89453125,90.0703125,319.12109375,,0.9993316430912697,0.9999125483313648,1.0,1.0,0.0,known_synthetic_noise,0.5,0.2,1.125,8.0,0.0,0.1,0.9,full_partition,target-discovery-v1,0.0,0.05,0.99906015037594,0.8429641899243885,0.0,0.7331098746962019,8.0,pairwise_f1,hungarian,1.0,0.0,9.0,0.0,0.0,0.0,0.0,0.0,0.0,0.0478547942065779,0.0245139857625566,0.999944105052014,0.0,9.0,macro,5.0,2.0,1.0,0.4,0.25,1.0,1.0,8.0,0.0,0.625,8.0,1.0,0.0,0.9998,0.0,0.8821366222391264,0.7928111402335171,"{""dimension"": 16, ""family"": ""gaussian_imbalanced"", ""n"": 20000}","{""edge_rank"": 15, ""geometry_profile"": ""high_dim"", ""k"": 20, ""knn_backend"": ""faiss_hnsw"", ""resolution"": 0.5, ""symmetrization"": ""union"", ""weights"": ""1/(1+d)""}",development,native_target_discovery_v1
ok,synthetic,imbalanced_16d__quality__n20000,kNN+Leiden,73,0.2.4,20000.0,16.0,0.0078794000000925,1.8722364000004743,5.287413600000946,307.5234375,93.3046875,324.58984375,,1.0000000000000002,1.0,1.0,0.0,0.0,known_synthetic_noise,0.5,0.2,1.0,8.0,0.0,0.1,0.9,full_partition,target-discovery-v1,0.0,0.05,1.0,0.7816293646908087,0.0,0.7052207999440436,8.0,pairwise_f1,hungarian,1.0,0.0,8.0,0.0,0.0,0.0,0.0,0.0,0.0,0.0440145051788229,0.0225024701335256,1.0,0.0,8.0,macro,7.0,3.0,1.0,0.4,0.25,1.0,1.0,8.0,0.0,0.875,8.0,0.0,0.0,1.0,0.0,0.8824579461232607,0.8120968193194883,"{""dimension"": 16, ""family"": ""gaussian_imbalanced"", ""n"": 20000}","{""edge_rank"": 15, ""geometry_profile"": ""high_dim"", ""k"": 20, ""knn_backend"": ""faiss_hnsw"", ""resolution"": 0.5, ""symmetrization"": ""union"", ""weights"": ""1/(1+d)""}",development,native_target_discovery_v1
ok,synthetic,imbalanced_16d__quality__n20000,kNN+Leiden,101,0.2.4,20000.0,16.0,0.0081829000009747,2.050360799999908,5.519646700000521,302.7421875,89.4296875,320.36328125,,0.9983800644168934,0.9991036944314748,1.0,1.0,0.0,known_synthetic_noise,0.5,0.2,1.125,8.0,0.0,0.1,0.9,full_partition,target-discovery-v1,0.0,0.05,0.999333919077778,0.883899875904397,0.0,0.7956725471683972,8.0,pairwise_f1,hungarian,1.0,0.0,9.0,0.0,0.0,0.0,0.0,0.0,0.0,0.0437828795502642,0.0223816902901172,0.9994225606609296,0.0,9.0,macro,7.0,4.0,1.0,0.4,0.25,1.0,1.0,8.0,0.0,0.875,8.0,1.0,0.0,0.9996,0.0,0.910971587308116,0.8388791526340905,"{""dimension"": 16, ""family"": ""gaussian_imbalanced"", ""n"": 20000}","{""edge_rank"": 15, ""geometry_profile"": ""high_dim"", ""k"": 20, ""knn_backend"": ""faiss_hnsw"", ""resolution"": 0.5, ""symmetrization"": ""union"", ""weights"": ""1/(1+d)""}",development,native_target_discovery_v1
ok,synthetic,imbalanced_16d__quality__n20000,kNN+Leiden,151,0.2.4,20000.0,16.0,0.0074879999992845,2.287406600000395,5.754014300000563,304.56640625,91.28515625,322.19140625,,0.9940310343238946,0.9974028406673692,1.0,0.0,0.0,known_synthetic_noise,0.5,0.2,1.0,8.0,1.0,0.1,0.9,full_partition,target-discovery-v1,0.0,0.05,0.994841542049664,0.770613989746255,0.0,0.690466780181413,8.0,pairwise_f1,hungarian,1.0,0.0,8.0,0.0,0.0,0.0,0.0,0.0,0.0,0.0454595620878674,0.0232590320231032,0.998907372847085,0.0,8.0,macro,7.0,2.0,1.0,0.4,0.25,1.0,1.0,8.0,0.125,0.875,8.0,0.0,0.0,0.998,0.3052,0.8718451242215047,0.7959149049150922,"{""dimension"": 16, ""family"": ""gaussian_imbalanced"", ""n"": 20000}","{""edge_rank"": 15, ""geometry_profile"": ""high_dim"", ""k"": 20, ""knn_backend"": ""faiss_hnsw"", ""resolution"": 0.5, ""symmetrization"": ""union"", ""weights"": ""1/(1+d)""}",development,native_target_discovery_v1
ok,synthetic,imbalanced_16d__quality__n20000,kNN+Leiden,211,0.2.4,20000.0,16.0,0.0073781999999482,2.0343417000003683,5.442276899999342,303.28515625,90.34765625,323.73828125,,0.998376943837714,0.998650858145669,1.0,0.0,0.0,known_synthetic_noise,0.5,0.2,1.0,8.0,0.0,0.1,0.9,full_partition,target-discovery-v1,0.0,0.05,0.9997674418604652,0.7809207835224221,0.0,0.7022243402048723,8.0,pairwise_f1,hungarian,1.0,0.0,8.0,0.0,0.0,0.0,0.0,0.0,0.0,0.0430672879700823,0.0220079926627212,0.9990800040641014,0.0,8.0,macro,7.0,4.0,1.0,0.4,0.25,1.0,1.0,8.0,0.0,0.875,8.0,0.0,0.0,0.9996,0.0,0.8620036397108859,0.791476344584895,"{""dimension"": 16, ""family"": ""gaussian_imbalanced"", ""n"": 20000}","{""edge_rank"": 15, ""geometry_profile"": ""high_dim"", ""k"": 20, ""knn_backend"": ""faiss_hnsw"", ""resolution"": 0.5, ""symmetrization"": ""union"", ""weights"": ""1/(1+d)""}",fresh,native_target_discovery_v1
ok,synthetic,imbalanced_16d__quality__n20000,kNN+Leiden,223,0.2.4,20000.0,16.0,0.0072333999996772,1.8196345000014844,5.220311799999763,302.6328125,88.953125,323.94140625,,1.0,1.0,1.0,0.0,0.0,known_synthetic_noise,0.5,0.2,1.0,8.0,0.0,0.1,0.9,full_partition,target-discovery-v1,0.0,0.05,1.0,0.7790694746302113,0.0,0.7002138779378273,8.0,pairwise_f1,hungarian,1.0,0.0,8.0,0.0,0.0,0.0,0.0,0.0,0.0,0.0449499835248478,0.0229917307209818,1.0,0.0,8.0,macro,7.0,3.0,1.0,0.4,0.25,1.0,1.0,8.0,0.0,0.875,8.0,0.0,0.0,1.0,0.0,0.8751974446576026,0.8032945019958974,"{""dimension"": 16, ""family"": ""gaussian_imbalanced"", ""n"": 20000}","{""edge_rank"": 15, ""geometry_profile"": ""high_dim"", ""k"": 20, ""knn_backend"": ""faiss_hnsw"", ""resolution"": 0.5, ""symmetrization"": ""union"", ""weights"": ""1/(1+d)""}",fresh,native_target_discovery_v1
ok,synthetic,imbalanced_16d__quality__n20000,kNN+Leiden,227,0.2.4,20000.0,16.0,0.0088899000002129,2.0671473999991576,5.479375799999616,304.75390625,91.24609375,322.8671875,,1.0,1.0,1.0,1.0,0.0,known_synthetic_noise,0.5,0.2,1.125,8.0,0.0,0.1,0.9,full_partition,target-discovery-v1,0.0,0.05,1.0,0.8776142871045588,0.0,0.7845183746324461,8.0,pairwise_f1,hungarian,1.0,0.0,9.0,0.0,0.0,0.0,0.0,0.0,0.0,0.046134005918366,0.0236116530294853,1.0,0.0,9.0,macro,8.0,3.0,1.0,0.4,0.25,1.0,1.0,8.0,0.0,1.0,8.0,1.0,0.0,1.0,0.0,0.9038178252071992,0.8261268953890684,"{""dimension"": 16, ""family"": ""gaussian_imbalanced"", ""n"": 20000}","{""edge_rank"": 15, ""geometry_profile"": ""high_dim"", ""k"": 20, ""knn_backend"": ""faiss_hnsw"", ""resolution"": 0.5, ""symmetrization"": ""union"", ""weights"": ""1/(1+d)""}",fresh,native_target_discovery_v1
ok,synthetic,imbalanced_16d__quality__n20000,kNN-DBSCAN,23,0.2.4,20000.0,16.0,0.0080211000004055,0.8251118999996834,3.597041200000604,199.23046875,13.76171875,202.16015625,,0.4608972007616613,0.203733988114916,0.0,0.0,1.0,known_synthetic_noise,0.6821,0.7190628440201516,2.0,16.0,4.0,0.1,0.9,full_partition,target-discovery-v1,0.0,0.05,0.2701785358904184,0.3403536307705076,0.7197175635835903,0.75,6.0,pairwise_f1,hungarian,0.625,0.0,16.0,0.4945491746956117,0.9041863829530729,0.9041863829530729,0.90895,0.8251278948236976,1.0,0.3430251999667346,1.0,0.2070189600709968,0.90895,16.0,macro,2.0,0.0,0.3642,0.5339393050872306,1.0,0.3642,0.0,8.0,0.5,0.25,8.0,10.0,0.0,0.348,0.7654,0.4362585541369769,0.8984,"{""dimension"": 16, ""family"": ""gaussian_imbalanced"", ""n"": 20000}","{""eps"": 2.156334400177002, ""eps_quantile"": 0.05, ""geometry_profile"": ""high_dim"", ""k"": 4, ""knn_backend"": ""faiss_hnsw"", ""min_samples"": 5}",development,native_target_discovery_v1
ok,synthetic,imbalanced_16d__quality__n20000,kNN-DBSCAN,42,0.2.4,20000.0,16.0,0.0088556999999127,0.8457589999998163,3.6491618000000017,198.16796875,12.578125,198.1328125,,0.432869649512166,0.1372291910595738,0.0,0.0,1.0,known_synthetic_noise,0.704,0.7448698146513681,2.375,19.0,7.0,0.1,0.9,full_partition,target-discovery-v1,0.0,0.05,0.2797745509866331,0.3978115885690632,0.7043308211041261,0.875,7.0,pairwise_f1,hungarian,0.875,0.0,19.0,0.5536455583279597,0.9101941747572816,0.9101941747572816,0.898,0.8351893095768375,1.0,0.4038885385640104,1.0,0.2530453219104385,0.898,19.0,macro,1.0,0.0,0.408,0.5795454545454546,1.0,0.408,0.0,8.0,0.875,0.125,8.0,12.0,0.0,0.395,0.9734,0.5312429382936074,0.9734,"{""dimension"": 16, ""family"": ""gaussian_imbalanced"", ""n"": 20000}","{""eps"": 2.250605344772339, ""eps_quantile"": 0.05, ""geometry_profile"": ""high_dim"", ""k"": 4, ""knn_backend"": ""faiss_hnsw"", ""min_samples"": 5}",development,native_target_discovery_v1
ok,synthetic,imbalanced_16d__quality__n20000,kNN-DBSCAN,73,0.2.4,20000.0,16.0,0.0081734999985201,0.8424367999996321,3.6125090000005,197.55859375,12.8046875,197.52734375,,0.4130189600458437,0.1564455358488677,0.0,0.0,1.0,known_synthetic_noise,0.6859999999999999,0.7237622525516803,3.0,24.0,5.0,0.1,0.9,full_partition,target-discovery-v1,0.0,0.05,0.2505914035278914,0.354124817635392,0.7194973041045694,0.875,7.0,pairwise_f1,hungarian,0.75,0.0,24.0,0.5090963099250385,0.9052504526252264,0.9052504526252264,0.907,0.8269018743109151,1.0,0.438814970942198,1.0,0.2810781315312953,0.907,24.0,macro,1.0,0.0,0.372,0.5422740524781342,1.0,0.372,0.0,8.0,0.625,0.125,8.0,17.0,0.0,0.3464,0.7292,0.4555854963384712,0.9674,"{""dimension"": 16, ""family"": ""gaussian_imbalanced"", ""n"": 20000}","{""eps"": 2.0611050128936768, ""eps_quantile"": 0.05, ""geometry_profile"": ""high_dim"", ""k"": 4, ""knn_backend"": ""faiss_hnsw"", ""min_samples"": 5}",development,native_target_discovery_v1
ok,synthetic,imbalanced_16d__quality__n20000,kNN-DBSCAN,101,0.2.4,20000.0,16.0,0.0074514999996608,0.8243142999999691,3.57088610000028,197.6015625,12.51953125,197.5859375,,0.437243087182404,0.1737147242518511,0.0,0.0,1.0,known_synthetic_noise,0.6858,0.7235223797898274,2.25,18.0,4.0,0.1,0.9,full_partition,target-discovery-v1,0.0,0.05,0.2582203324559922,0.3439012366537012,0.726973889999082,0.75,6.0,pairwise_f1,hungarian,0.625,0.0,18.0,0.4984367878142083,0.9051958240299318,0.9051958240299318,0.9071,0.8268107154668725,1.0,0.4254071905779113,1.0,0.2701696515012319,0.9071,18.0,macro,1.0,0.0,0.3716,0.5418489355497229,1.0,0.3716,0.0,8.0,0.5,0.125,8.0,12.0,0.0,0.3568,0.594,0.4546451760634342,0.9264,"{""dimension"": 16, ""family"": ""gaussian_imbalanced"", ""n"": 20000}","{""eps"": 2.1352217197418213, ""eps_quantile"": 0.05, ""geometry_profile"": ""high_dim"", ""k"": 4, ""knn_backend"": ""faiss_hnsw"", ""min_samples"": 5}",development,native_target_discovery_v1
ok,synthetic,imbalanced_16d__quality__n20000,kNN-DBSCAN,151,0.2.4,20000.0,16.0,0.0077068000009603,0.8673220999990008,3.6692817999992258,198.484375,12.7109375,198.45703125,,0.4589388728313421,0.1485467688905408,0.0,0.0,1.0,known_synthetic_noise,0.707,0.7482981129660404,2.5,20.0,8.0,0.1,0.9,full_partition,target-discovery-v1,0.0,0.05,0.3787950928796912,0.515531117015483,0.6061139585888552,1.0,8.0,pairwise_f1,hungarian,1.0,0.0,20.0,0.6584549027011961,0.9110233829334952,0.9110233829334952,0.8965,0.8365867261572784,1.0,0.3609884824340996,1.0,0.2202476788999044,0.8965,20.0,macro,1.0,0.0,0.414,0.5855728429985856,1.0,0.414,0.0,8.0,1.0,0.125,8.0,12.0,0.0,0.4016,1.0,0.5467659358114364,1.0,"{""dimension"": 16, ""family"": ""gaussian_imbalanced"", ""n"": 20000}","{""eps"": 2.19539213180542, ""eps_quantile"": 0.05, ""geometry_profile"": ""high_dim"", ""k"": 4, ""knn_backend"": ""faiss_hnsw"", ""min_samples"": 5}",development,native_target_discovery_v1
ok,synthetic,imbalanced_16d__quality__n20000,kNN-DBSCAN,211,0.2.4,20000.0,16.0,0.0074451000000408,0.8457186999985424,3.610805799999071,197.87890625,12.67578125,197.87890625,,0.4553630350962694,0.1572850357807148,0.0,0.0,1.0,known_synthetic_noise,0.6762,0.7118644861126247,1.25,10.0,4.0,0.1,0.9,full_partition,target-discovery-v1,1.0,0.05,0.2583599698078354,0.3345844915192493,0.730512915262442,0.625,5.0,pairwise_f1,hungarian,0.75,0.0,10.0,0.4881960281695416,0.9025813827546784,0.9025813827546784,0.9119,0.8224586029169865,1.0,0.3206776844748543,1.0,0.1909566028571318,0.9119,10.0,macro,1.0,1.0,0.3524,0.5211475894705708,1.0,0.3524,0.0,8.0,0.5,0.125,8.0,5.0,0.0,0.3464,0.7654,0.4526795127756377,0.8056,"{""dimension"": 16, ""family"": ""gaussian_imbalanced"", ""n"": 20000}","{""eps"": 2.0629422664642334, ""eps_quantile"": 0.05, ""geometry_profile"": ""high_dim"", ""k"": 4, ""knn_backend"": ""faiss_hnsw"", ""min_samples"": 5}",fresh,native_target_discovery_v1
ok,synthetic,imbalanced_16d__quality__n20000,kNN-DBSCAN,223,0.2.4,20000.0,16.0,0.0074940999984391,0.8471315999995568,3.5985936999986734,198.13671875,12.58203125,198.14453125,,0.3848134257771138,0.124824421046104,0.0,0.0,1.0,known_synthetic_noise,0.6797,0.7161477513609034,2.375,19.0,4.0,0.1,0.9,full_partition,target-discovery-v1,0.0,0.05,0.1928319940209257,0.2695238605386534,0.7931300782216456,0.875,7.0,pairwise_f1,hungarian,0.5,0.0,19.0,0.4151950325930488,0.903532813300003,0.903532813300003,0.91015,0.8240399934076801,1.0,0.4497313319817684,1.0,0.2900989623667473,0.91015,19.0,macro,1.0,0.0,0.3594,0.5287626894218037,1.0,0.3594,0.0,8.0,0.5,0.125,8.0,12.0,0.0,0.345,0.764,0.4510912235127267,0.966,"{""dimension"": 16, ""family"": ""gaussian_imbalanced"", ""n"": 20000}","{""eps"": 2.021411180496216, ""eps_quantile"": 0.05, ""geometry_profile"": ""high_dim"", ""k"": 4, ""knn_backend"": ""faiss_hnsw"", ""min_samples"": 5}",fresh,native_target_discovery_v1
ok,synthetic,imbalanced_16d__quality__n20000,kNN-DBSCAN,227,0.2.4,20000.0,16.0,0.0072123999998439,0.8265019999998913,3.629169499999989,203.31640625,18.1875,197.9609375,,0.4248892656810313,0.1313489772605897,0.0,0.0,1.0,known_synthetic_noise,0.6906,0.7292462574595764,2.0,16.0,4.0,0.1,0.9,full_partition,target-discovery-v1,0.0,0.05,0.2315558551347504,0.3055061094585917,0.7534973704178427,0.625,5.0,pairwise_f1,hungarian,0.625,0.0,16.0,0.4569976315211466,0.9065087327007918,0.9065087327007918,0.9047,0.8290040897535095,1.0,0.3793963111212641,1.0,0.2341080140227011,0.9047,16.0,macro,1.0,0.0,0.3812,0.5519837822183609,1.0,0.3812,0.0,8.0,0.5,0.125,8.0,11.0,0.0,0.3692,0.7202,0.4812994500254896,0.8332,"{""dimension"": 16, ""family"": ""gaussian_imbalanced"", ""n"": 20000}","{""eps"": 2.086596965789795, ""eps_quantile"": 0.05, ""geometry_profile"": ""high_dim"", ""k"": 4, ""knn_backend"": ""faiss_hnsw"", ""min_samples"": 5}",fresh,native_target_discovery_v1
ok,synthetic,moons_2d__quality__n20000,AMD-DBSCAN,23,0.2.4,20000.0,2.0,0.0582051999990653,4.707474900000307,7.628384299998288,6290.01171875,6103.64453125,6290.01171875,,0.9660652115486263,0.9867124357174464,42.0,35.0,0.0,known_synthetic_noise,0.5,0.4285714285714285,23.0,11.0,2.0,0.1,0.9,full_partition,target-discovery-v1,0.0,0.05,0.9933333333333334,0.987998125560791,0.0,0.982719956586525,2.0,pairwise_f1,hungarian,1.0,0.0,46.0,0.0,0.0,0.0,0.0,0.0,0.0,0.8928270690869657,0.8152365389861622,0.9867405787438324,0.0,46.0,macro,2.0,2.0,1.0,0.8571428571428571,0.75,1.0,42.0,2.0,1.0,1.0,2.0,44.0,0.0,0.9933333333333332,1.0,0.987998125560791,0.982719956586525,"{""dimension"": 2, ""family"": ""moons"", ""n"": 20000}","{""adaptive_rank"": 71, ""balance_rounds"": 3, ""eps_values"": [0.04328800482699427, 0.0599919590314541, 0.5043683477966621], ""geometry_profile"": ""low_dim"", ""knn_backend"": ""kd_tree"", ""n_density_levels"": 3}",development,native_target_discovery_v1
ok,synthetic,moons_2d__quality__n20000,AMD-DBSCAN,42,0.2.4,20000.0,2.0,0.0586230999997496,4.80186010000034,7.776711099999375,6289.7265625,6103.64453125,6289.7265625,,0.9641961830365816,0.986314008672084,41.0,38.0,0.0,known_synthetic_noise,0.5,0.4285714285714285,24.0,10.0,2.0,0.1,0.9,full_partition,target-discovery-v1,0.0,0.05,0.9932,0.987669484024916,0.0,0.9822009067757824,2.0,pairwise_f1,hungarian,1.0,0.0,48.0,0.0,0.0,0.0,0.0,0.0,0.0,0.8933421314689556,0.8162810585772291,0.9864698937636128,0.0,48.0,macro,2.0,2.0,1.0,0.8571428571428571,0.75,1.0,41.0,2.0,1.0,1.0,2.0,46.0,0.0,0.9932,1.0,0.9876694840249162,0.9822009067757824,"{""dimension"": 2, ""family"": ""moons"", ""n"": 20000}","{""adaptive_rank"": 71, ""balance_rounds"": 3, ""eps_values"": [0.04319528049048024, 0.060315422690976825, 0.5071857359573625], ""geometry_profile"": ""low_dim"", ""knn_backend"": ""kd_tree"", ""n_density_levels"": 3}",development,native_target_discovery_v1
ok,synthetic,moons_2d__quality__n20000,AMD-DBSCAN,73,0.2.4,20000.0,2.0,0.0567319000001589,4.910178000000087,7.894064100000833,6289.58203125,6103.64453125,6289.58203125,,0.9650781417460136,0.9860487991683304,48.0,46.0,0.0,known_synthetic_noise,0.5,0.4285714285714285,27.0,8.0,2.0,0.1,0.9,full_partition,target-discovery-v1,0.0,0.05,0.993,0.9886828122522516,0.0,0.9844030545112388,2.0,pairwise_f1,hungarian,1.0,0.0,54.0,0.0,0.0,0.0,0.0,0.0,0.0,0.8943165102806505,0.8181762711970426,0.9860822331866472,0.0,54.0,macro,2.0,2.0,1.0,0.8571428571428571,0.75,1.0,48.0,2.0,1.0,1.0,2.0,52.0,0.0,0.993,1.0,0.9886828122522516,0.9844030545112388,"{""dimension"": 2, ""family"": ""moons"", ""n"": 20000}","{""adaptive_rank"": 71, ""balance_rounds"": 3, ""eps_values"": [0.04303736783974994, 0.05982738533864743, 0.513243198726431], ""geometry_profile"": ""low_dim"", ""knn_backend"": ""kd_tree"", ""n_density_levels"": 3}",development,native_target_discovery_v1
ok,synthetic,moons_2d__quality__n20000,AMD-DBSCAN,101,0.2.4,20000.0,2.0,0.0559974000007059,4.77463699999862,7.732755000000907,6289.9296875,6103.6484375,6289.9296875,,0.9629911326106724,0.984724886131953,35.0,31.0,0.0,known_synthetic_noise,0.5,0.4285714285714285,19.5,8.0,2.0,0.1,0.9,full_partition,target-discovery-v1,0.0,0.05,0.9923333333333332,0.9876256232079416,0.0,0.9829624230253048,2.0,pairwise_f1,hungarian,1.0,0.0,39.0,0.0,0.0,0.0,0.0,0.0,0.0,0.8904508501496023,0.8126191635622091,0.9847710361381518,0.0,39.0,macro,2.0,2.0,1.0,0.8571428571428571,0.75,1.0,35.0,2.0,1.0,1.0,2.0,37.0,0.0,0.9923333333333332,1.0,0.9876256232079416,0.9829624230253048,"{""dimension"": 2, ""family"": ""moons"", ""n"": 20000}","{""adaptive_rank"": 71, ""balance_rounds"": 3, ""eps_values"": [0.04321618157745227, 0.05979878230070778, 0.509532995570748], ""geometry_profile"": ""low_dim"", ""knn_backend"": ""kd_tree"", ""n_density_levels"": 3}",development,native_target_discovery_v1
ok,synthetic,moons_2d__quality__n20000,AMD-DBSCAN,151,0.2.4,20000.0,2.0,0.0582581999988178,4.778271199998926,7.729503599999589,6289.7890625,6103.6484375,6289.7890625,,0.9739356180026604,0.9893615409949,44.0,43.0,0.0,known_synthetic_noise,0.5,0.4285714285714285,23.0,3.0,2.0,0.1,0.9,full_partition,target-discovery-v1,0.0,0.05,0.9946666666666666,0.9888653541361928,0.0,0.9831313290623428,2.0,pairwise_f1,hungarian,1.0,0.0,46.0,0.0,0.0,0.0,0.0,0.0,0.0,0.8952196522865014,0.8174182628641311,0.989389127439214,0.0,46.0,macro,2.0,2.0,1.0,0.8571428571428571,0.75,1.0,44.0,2.0,1.0,1.0,2.0,44.0,0.0,0.9946666666666668,1.0,0.9888653541361928,0.9831313290623428,"{""dimension"": 2, ""family"": ""moons"", ""n"": 20000}","{""adaptive_rank"": 71, ""balance_rounds"": 3, ""eps_values"": [0.04317452105084304, 0.06017499731833988, 0.5047401848218327], ""geometry_profile"": ""low_dim"", ""knn_backend"": ""kd_tree"", ""n_density_levels"": 3}",development,native_target_discovery_v1
ok,synthetic,moons_2d__quality__n20000,AMD-DBSCAN,211,0.2.4,20000.0,2.0,0.0590885000001435,4.775426599999264,7.708058899999742,6290.51953125,6103.66015625,6290.50390625,,0.968324254809653,0.987771210315363,37.0,35.0,0.0,known_synthetic_noise,0.5,0.4285714285714285,21.5,8.0,2.0,0.1,0.9,full_partition,target-discovery-v1,0.0,0.05,0.9938666666666668,0.988956512398314,0.0,0.9840978814477346,2.0,pairwise_f1,hungarian,1.0,0.0,43.0,0.0,0.0,0.0,0.0,0.0,0.0,0.8934881470140751,0.8156208379608696,0.9877927012490554,0.0,43.0,macro,2.0,2.0,1.0,0.8571428571428571,0.75,1.0,37.0,2.0,1.0,1.0,2.0,41.0,0.0,0.9938666666666668,1.0,0.988956512398314,0.9840978814477346,"{""dimension"": 2, ""family"": ""moons"", ""n"": 20000}","{""adaptive_rank"": 71, ""balance_rounds"": 3, ""eps_values"": [0.0431739172091941, 0.06089766599029826, 0.507618437579872], ""geometry_profile"": ""low_dim"", ""knn_backend"": ""kd_tree"", ""n_density_levels"": 3}",fresh,native_target_discovery_v1
ok,synthetic,moons_2d__quality__n20000,AMD-DBSCAN,223,0.2.4,20000.0,2.0,0.0600919000007706,4.763289700000314,7.775215100000423,6290.0390625,6103.64453125,6290.0390625,,0.9659846191489788,0.986183368394864,46.0,41.0,0.0,known_synthetic_noise,0.5,0.4285714285714285,24.5,8.0,2.0,0.1,0.9,full_partition,target-discovery-v1,0.0,0.05,0.9930666666666668,0.9880602085537168,0.0,0.9831045218151488,2.0,pairwise_f1,hungarian,1.0,0.0,49.0,0.0,0.0,0.0,0.0,0.0,0.0,0.8932964093864503,0.816375762040425,0.9862201537982842,0.0,49.0,macro,2.0,2.0,1.0,0.8571428571428571,0.75,1.0,46.0,2.0,1.0,1.0,2.0,47.0,0.0,0.9930666666666668,1.0,0.9880602085537168,0.9831045218151488,"{""dimension"": 2, ""family"": ""moons"", ""n"": 20000}","{""adaptive_rank"": 71, ""balance_rounds"": 3, ""eps_values"": [0.043211152009652525, 0.06054259321091457, 0.5067259729571153], ""geometry_profile"": ""low_dim"", ""knn_backend"": ""kd_tree"", ""n_density_levels"": 3}",fresh,native_target_discovery_v1
ok,synthetic,moons_2d__quality__n20000,AMD-DBSCAN,227,0.2.4,20000.0,2.0,0.0621339000008447,4.786433899998883,7.773030899999867,6289.5625,6103.64453125,6289.5625,,0.9670208233434328,0.9867129335383658,32.0,30.0,0.0,known_synthetic_noise,0.5,0.4285714285714285,18.5,7.0,2.0,0.1,0.9,full_partition,target-discovery-v1,0.0,0.05,0.9933333333333334,0.9884237394870914,0.0,0.9835637714213964,2.0,pairwise_f1,hungarian,1.0,0.0,37.0,0.0,0.0,0.0,0.0,0.0,0.0,0.8918433673642018,0.8135939007908154,0.9867461972707472,0.0,37.0,macro,2.0,2.0,1.0,0.8571428571428571,0.75,1.0,32.0,2.0,1.0,1.0,2.0,35.0,0.0,0.9933333333333332,1.0,0.9884237394870914,0.9835637714213964,"{""dimension"": 2, ""family"": ""moons"", ""n"": 20000}","{""adaptive_rank"": 71, ""balance_rounds"": 3, ""eps_values"": [0.0434800638312856, 0.06057861056644127, 0.5108625375006173], ""geometry_profile"": ""low_dim"", ""knn_backend"": ""kd_tree"", ""n_density_levels"": 3}",fresh,native_target_discovery_v1
ok,synthetic,moons_2d__quality__n20000,DBSCAN,23,0.2.4,20000.0,2.0,0.0873704999994515,0.1781183000002784,3.0427366999992955,191.703125,5.046875,191.59765625,,0.2067650077350213,0.0201076769120743,0.0,0.0,0.98,known_synthetic_noise,0.858,0.775876593015078,201.0,402.0,0.0,0.1,0.9,full_partition,target-discovery-v1,3.0,0.05,0.079,0.1463137997948433,0.264,0.9891893021894556,2.0,pairwise_f1,hungarian,2.5,0.0,402.0,0.2424562457903652,0.7070707070707071,0.7070707070707071,0.443,0.5530474040632054,0.98,0.0394199193702316,0.9820363128127888,0.0201136507089834,0.443,402.0,macro,0.0,0.0,0.736,0.844682478959449,0.9910233393177738,0.736,0.0,2.0,0.0,0.0,2.0,400.0,0.0,0.079,0.0,0.1463137997948433,0.9891893021894556,"{""dimension"": 2, ""family"": ""moons"", ""n"": 20000}","{""base_eps"": 0.01783924363553524, ""eps"": 0.012487470544874667, ""eps_multiplier"": 0.7, ""geometry_profile"": ""low_dim"", ""knn_backend"": ""kd_tree"", ""min_samples"": 5}",development,native_target_discovery_v1
ok,synthetic,moons_2d__quality__n20000,DBSCAN,42,0.2.4,20000.0,2.0,0.055909700000484,0.1652709999998478,3.000489399999424,191.56640625,5.46875,191.39453125,,0.2192907449583205,0.0342396769771219,0.0,0.0,0.9774,known_synthetic_noise,0.8610333333333333,0.78126277455145,197.0,394.0,1.0,0.1,0.9,full_partition,target-discovery-v1,4.0,0.05,0.1172666666666666,0.2056698926256442,0.2553333333333333,0.992895475594443,2.0,pairwise_f1,hungarian,3.0,0.0,394.0,0.3192044101568957,0.7125464751767879,0.7125464751767879,0.43585,0.5606286566479294,0.9774,0.0661264949891716,0.9826631451659028,0.0342144463706272,0.43585,394.0,macro,0.0,0.0,0.7446666666666667,0.8499790739261119,0.9899849330851724,0.7446666666666667,0.0,2.0,0.5,0.0,2.0,392.0,0.0,0.1172666666666666,0.5,0.2056698926256442,0.992895475594443,"{""dimension"": 2, ""family"": ""moons"", ""n"": 20000}","{""base_eps"": 0.017985405400395393, ""eps"": 0.012589783780276774, ""eps_multiplier"": 0.7, ""geometry_profile"": ""low_dim"", ""knn_backend"": ""kd_tree"", ""min_samples"": 5}",development,native_target_discovery_v1
ok,synthetic,moons_2d__quality__n20000,DBSCAN,73,0.2.4,20000.0,2.0,0.0573587999988376,0.1678910999999061,2.990636599999561,191.6015625,5.09375,191.484375,,0.2135807093402826,0.0228742591671102,0.0,0.0,0.9788,known_synthetic_noise,0.86,0.7792182990251415,195.0,390.0,0.0,0.1,0.9,full_partition,target-discovery-v1,5.0,0.05,0.0686,0.1283272132299992,0.2588,0.9923084077380953,2.0,pairwise_f1,hungarian,3.5,0.0,390.0,0.2173909004679369,0.7105110336817655,0.7105110336817655,0.4388,0.5576572470373746,0.9788,0.04469236581095,0.9859757514140408,0.022864381917589,0.4388,390.0,macro,0.0,0.0,0.7412,0.8479255643685174,0.9905559515324304,0.7412,0.0,2.0,0.0,0.0,2.0,388.0,0.0,0.0686,0.0,0.1283272132299992,0.9923084077380953,"{""dimension"": 2, ""family"": ""moons"", ""n"": 20000}","{""base_eps"": 0.01796862669289112, ""eps"": 0.012578038685023784, ""eps_multiplier"": 0.7, ""geometry_profile"": ""low_dim"", ""knn_backend"": ""kd_tree"", ""min_samples"": 5}",development,native_target_discovery_v1
ok,synthetic,moons_2d__quality__n20000,DBSCAN,101,0.2.4,20000.0,2.0,0.0572476999986975,0.1731257999999798,3.000637799999822,191.28515625,5.1328125,191.14453125,,0.2161770504396297,0.0322256630512499,1.0,1.0,0.9766,known_synthetic_noise,0.8559,0.7742374353836441,200.0,399.0,2.0,0.1,0.9,full_partition,target-discovery-v1,4.0,0.05,0.1244666666666666,0.2210415976352703,0.2648,0.9914536315257968,2.0,pairwise_f1,hungarian,3.0,0.0,400.0,0.3365454994176423,0.7048718874052687,0.7048718874052687,0.44275,0.5514398644833427,0.9766,0.0624338795212962,0.982033405215598,0.0322418455794105,0.44275,400.0,macro,0.0,0.0,0.7352,0.8436029833620194,0.9895020188425304,0.7352,1.0,2.0,1.0,0.0,2.0,398.0,0.0,0.1244666666666666,1.0,0.2210415976352703,0.9914536315257968,"{""dimension"": 2, ""family"": ""moons"", ""n"": 20000}","{""base_eps"": 0.017818933352828026, ""eps"": 0.012473253346979617, ""eps_multiplier"": 0.7, ""geometry_profile"": ""low_dim"", ""knn_backend"": ""kd_tree"", ""min_samples"": 5}",development,native_target_discovery_v1
ok,synthetic,moons_2d__quality__n20000,DBSCAN,151,0.2.4,20000.0,2.0,0.0561656000008952,0.1685231999999814,3.050884000000224,191.7265625,5.046875,191.66015625,,0.2113906822505803,0.0217741308822482,0.0,0.0,0.9796,known_synthetic_noise,0.8620666666666668,0.7818607873694401,197.0,394.0,0.0,0.1,0.9,full_partition,target-discovery-v1,3.0,0.05,0.0792,0.1461159370813256,0.2554666666666667,0.988227219934537,2.0,pairwise_f1,hungarian,2.5,0.0,394.0,0.2425573431650696,0.7134741442097596,0.7134741442097596,0.4365,0.5610538373424971,0.9796,0.0425869020540427,0.9846819546797586,0.0217640929901764,0.4365,394.0,macro,0.0,0.0,0.7445333333333334,0.8502474305291207,0.99094942324756,0.7445333333333334,0.0,2.0,0.0,0.0,2.0,392.0,0.0,0.0792,0.0,0.1461159370813256,0.9882272199345372,"{""dimension"": 2, ""family"": ""moons"", ""n"": 20000}","{""base_eps"": 0.018080761656165123, ""eps"": 0.012656533159315586, ""eps_multiplier"": 0.7, ""geometry_profile"": ""low_dim"", ""knn_backend"": ""kd_tree"", ""min_samples"": 5}",development,native_target_discovery_v1
ok,synthetic,moons_2d__quality__n20000,DBSCAN,211,0.2.4,20000.0,2.0,0.0576192000007722,0.169092999998611,3.074490400000286,192.9375,6.44921875,192.234375,,0.2198955911558601,0.0341541166918763,0.0,0.0,0.982,known_synthetic_noise,0.8595999999999999,0.777361862643666,192.5,385.0,2.0,0.1,0.9,full_partition,target-discovery-v1,4.0,0.05,0.1196666666666666,0.2135044970359305,0.2628,0.992815647070966,2.0,pairwise_f1,hungarian,3.0,0.0,385.0,0.3281737460305032,0.708922899220329,0.708922899220329,0.4426,0.5546769091730682,0.982,0.0660370172637879,0.9887263085736872,0.0341592567897941,0.4426,385.0,macro,0.0,0.0,0.7372,0.8458008260670031,0.9919268030139936,0.7372,0.0,2.0,1.0,0.0,2.0,383.0,0.0,0.1196666666666666,1.0,0.2135044970359305,0.9928156470709664,"{""dimension"": 2, ""family"": ""moons"", ""n"": 20000}","{""base_eps"": 0.018178705126047134, ""eps"": 0.012725093588232993, ""eps_multiplier"": 0.7, ""geometry_profile"": ""low_dim"", ""knn_backend"": ""kd_tree"", ""min_samples"": 5}",fresh,native_target_discovery_v1
ok,synthetic,moons_2d__quality__n20000,DBSCAN,223,0.2.4,20000.0,2.0,0.0575575000002572,0.1702023000016197,3.1565334999995684,193.28515625,6.47265625,192.58203125,,0.2158315309795072,0.0243232584365013,0.0,0.0,0.9798,known_synthetic_noise,0.8666,0.7883093245096501,198.0,396.0,0.0,0.1,0.9,full_partition,target-discovery-v1,5.0,0.05,0.0745333333333333,0.1383277170526398,0.2465999999999999,0.9907600571911356,2.0,pairwise_f1,hungarian,3.5,0.0,396.0,0.2320981690653334,0.720547139285189,0.720547139285189,0.4299,0.5697836706210747,0.9798,0.0474597483881239,0.9849418502481844,0.024315704316131,0.4299,396.0,macro,0.0,0.0,0.7534,0.8560715097341112,0.9911419049289598,0.7534,0.0,2.0,0.0,0.0,2.0,394.0,0.0,0.0745333333333333,0.0,0.1383277170526398,0.9907600571911354,"{""dimension"": 2, ""family"": ""moons"", ""n"": 20000}","{""base_eps"": 0.018215211108326912, ""eps"": 0.012750647775828837, ""eps_multiplier"": 0.7, ""geometry_profile"": ""low_dim"", ""knn_backend"": ""kd_tree"", ""min_samples"": 5}",fresh,native_target_discovery_v1
ok,synthetic,moons_2d__quality__n20000,DBSCAN,227,0.2.4,20000.0,2.0,0.0558363999989524,0.1692462999999406,3.0068973999987065,191.99609375,6.07421875,191.2109375,,0.2179040780247682,0.0307227607535312,0.0,0.0,0.9776,known_synthetic_noise,0.8562000000000001,0.7742663930974041,192.0,384.0,2.0,0.1,0.9,full_partition,target-discovery-v1,5.0,0.05,0.1158,0.2073189677567414,0.2652,0.9915075656067192,2.0,pairwise_f1,hungarian,3.5,0.0,384.0,0.3204174730022622,0.7050338958603779,0.7050338958603779,0.4433,0.5513196480938416,0.9776,0.0595957922544466,0.9825538328071854,0.0307298395341601,0.4433,384.0,macro,0.0,0.0,0.7348,0.8434988903344303,0.9899407221124484,0.7348,0.0,2.0,1.0,0.0,2.0,382.0,0.0,0.1158,1.0,0.2073189677567414,0.9915075656067192,"{""dimension"": 2, ""family"": ""moons"", ""n"": 20000}","{""base_eps"": 0.018054800108075142, ""eps"": 0.012638360075652598, ""eps_multiplier"": 0.7, ""geometry_profile"": ""low_dim"", ""knn_backend"": ""kd_tree"", ""min_samples"": 5}",fresh,native_target_discovery_v1
ok,synthetic,moons_2d__quality__n20000,HDBSCAN,23,0.2.4,20000.0,2.0,0.0574013999994349,2.7068172999988747,5.540319300000192,191.08203125,4.92578125,193.1484375,,0.9864569560922208,0.9950724343034314,26.0,26.0,0.4586,known_synthetic_noise,0.7280666666666666,0.7708282961910644,14.0,2.0,2.0,0.1,0.9,full_partition,target-discovery-v1,0.0,0.05,0.9975333333333334,0.9886683123637836,0.0024666666666666,0.9799595213801068,2.0,pairwise_f1,hungarian,1.0,0.0,28.0,0.7663409714356584,0.6256480218281038,0.6256480218281038,0.1165,0.9841201716738196,0.4586,0.9761243171632358,0.9578843402470176,0.9950724274347692,0.1165,28.0,macro,2.0,2.0,0.9975333333333334,0.9160085705540252,0.8468024900962082,0.9975333333333334,26.0,2.0,1.0,1.0,2.0,26.0,0.0,0.9975333333333334,1.0,0.9886683123637836,0.9799595213801068,"{""dimension"": 2, ""family"": ""moons"", ""n"": 20000}","{""geometry_profile"": ""low_dim"", ""knn_backend"": ""kd_tree"", ""min_cluster_size"": 40, ""min_samples"": 5}",development,native_target_discovery_v1
ok,synthetic,moons_2d__quality__n20000,HDBSCAN,42,0.2.4,20000.0,2.0,0.0569001999992906,2.732808400000067,5.571243899999899,191.6015625,5.20703125,191.828125,,0.9905115077944668,0.9969354929470752,25.0,25.0,0.4054,known_synthetic_noise,0.7020666666666666,0.7422843402714259,13.5,2.0,2.0,0.1,0.9,full_partition,target-discovery-v1,0.0,0.05,0.9986,0.9876378446134356,0.0012666666666666,0.9769148375612866,2.0,pairwise_f1,hungarian,1.0,0.0,27.0,0.7271264034506819,0.5753619074652285,0.5753619074652285,0.1023,0.990713587487781,0.4054,0.9731602006671612,0.9502505718179992,0.9972017780148464,0.1023,27.0,macro,2.0,2.0,0.9987333333333334,0.9092067730776232,0.8344101592959786,0.9987333333333334,25.0,2.0,1.0,1.0,2.0,25.0,0.0,0.9986,1.0,0.9876378446134356,0.9769148375612864,"{""dimension"": 2, ""family"": ""moons"", ""n"": 20000}","{""geometry_profile"": ""low_dim"", ""knn_backend"": ""kd_tree"", ""min_cluster_size"": 40, ""min_samples"": 5}",development,native_target_discovery_v1
ok,synthetic,moons_2d__quality__n20000,HDBSCAN,73,0.2.4,20000.0,2.0,0.0662406000010378,2.7574356000004627,5.570641600001181,191.41015625,5.10546875,192.64453125,,0.9910456897547152,0.996935599512366,26.0,26.0,0.4172,known_synthetic_noise,0.7078333333333333,0.7487833903344276,14.0,2.0,2.0,0.1,0.9,full_partition,target-discovery-v1,0.0,0.05,0.9984666666666666,0.990018551330706,0.0015333333333333,0.9817124061672255,2.0,pairwise_f1,hungarian,1.0,0.0,28.0,0.736903115946645,0.5868617245744832,0.5868617245744832,0.10545,0.9890943575154102,0.4172,0.9784666694145796,0.9606696660544805,0.9969355202915944,0.10545,28.0,macro,2.0,2.0,0.9984666666666666,0.910705056094372,0.8371248113576658,0.9984666666666666,26.0,2.0,1.0,1.0,2.0,26.0,0.0,0.9984666666666666,1.0,0.9900185513307062,0.9817124061672255,"{""dimension"": 2, ""family"": ""moons"", ""n"": 20000}","{""geometry_profile"": ""low_dim"", ""knn_backend"": ""kd_tree"", ""min_cluster_size"": 40, ""min_samples"": 5}",development,native_target_discovery_v1
ok,synthetic,moons_2d__quality__n20000,HDBSCAN,101,0.2.4,20000.0,2.0,0.0564087000002473,2.6940343999995093,5.504912000000331,191.29296875,5.421875,191.5859375,,0.9887558039004196,0.9960042125340338,28.0,28.0,0.4102,known_synthetic_noise,0.7041,0.7444009292532017,15.0,2.0,2.0,0.1,0.9,full_partition,target-discovery-v1,0.0,0.05,0.998,0.9895557675983128,0.002,0.9812534412060394,2.0,pairwise_f1,hungarian,1.0,0.0,30.0,0.7307843260054527,0.5792967095043073,0.5792967095043073,0.10405,0.9855838539163864,0.4102,0.9777846926368188,0.9602200600156512,0.9960038938525136,0.10405,30.0,macro,2.0,2.0,0.998,0.909505149002096,0.8354260840448686,0.998,28.0,2.0,1.0,1.0,2.0,28.0,0.0,0.998,1.0,0.9895557675983128,0.9812534412060394,"{""dimension"": 2, ""family"": ""moons"", ""n"": 20000}","{""geometry_profile"": ""low_dim"", ""knn_backend"": ""kd_tree"", ""min_cluster_size"": 40, ""min_samples"": 5}",development,native_target_discovery_v1
ok,synthetic,moons_2d__quality__n20000,HDBSCAN,151,0.2.4,20000.0,2.0,0.0565399999995861,2.673754999999801,5.514667499999632,190.25,4.8359375,191.65234375,,0.9931133854287976,0.997734479724571,22.0,22.0,0.427,known_synthetic_noise,0.7129333333333333,0.7546491684020002,12.0,2.0,2.0,0.1,0.9,full_partition,target-discovery-v1,0.0,0.05,0.9988666666666668,0.988522144686437,0.0011333333333333,0.9783933291406564,2.0,pairwise_f1,hungarian,1.0,0.0,24.0,0.7444484862425736,0.5970357941834452,0.5970357941834452,0.1076,0.992100371747212,0.427,0.9749109297277694,0.9531082298139942,0.9977344712628352,0.1076,24.0,macro,2.0,2.0,0.9988666666666668,0.9122625426205552,0.8394778126400717,0.9988666666666668,22.0,2.0,1.0,1.0,2.0,22.0,0.0,0.9988666666666668,1.0,0.988522144686437,0.9783933291406564,"{""dimension"": 2, ""family"": ""moons"", ""n"": 20000}","{""geometry_profile"": ""low_dim"", ""knn_backend"": ""kd_tree"", ""min_cluster_size"": 40, ""min_samples"": 5}",development,native_target_discovery_v1
ok,synthetic,moons_2d__quality__n20000,HDBSCAN,211,0.2.4,20000.0,2.0,0.0561085999997885,2.6892581000010978,5.498380299999553,192.26171875,5.9296875,192.21875,,0.984030394742932,0.9940092515378872,29.0,29.0,0.455,known_synthetic_noise,0.726,0.7684116887720636,15.5,2.0,2.0,0.1,0.9,full_partition,target-discovery-v1,0.0,0.05,0.997,0.9901693603667532,0.003,0.983433709306624,2.0,pairwise_f1,hungarian,1.0,0.0,31.0,0.7637320601386336,0.6215846994535519,0.6215846994535519,0.116,0.980603448275862,0.455,0.9792660184509764,0.9649541469549584,0.9940088189536382,0.116,31.0,macro,2.0,2.0,0.997,0.9152386780905752,0.8458710407239819,0.997,29.0,2.0,1.0,1.0,2.0,29.0,0.0,0.997,1.0,0.9901693603667532,0.983433709306624,"{""dimension"": 2, ""family"": ""moons"", ""n"": 20000}","{""geometry_profile"": ""low_dim"", ""knn_backend"": ""kd_tree"", ""min_cluster_size"": 40, ""min_samples"": 5}",fresh,native_target_discovery_v1
ok,synthetic,moons_2d__quality__n20000,HDBSCAN,223,0.2.4,20000.0,2.0,0.0573010999996768,2.658714700000928,5.507686599999943,190.16015625,4.09765625,190.44921875,,0.9852787652746358,0.9946742742470184,24.0,24.0,0.3984,known_synthetic_noise,0.6979333333333333,0.737163532000944,13.0,2.0,2.0,0.1,0.9,full_partition,target-discovery-v1,0.0,0.05,0.9974,0.989222348811498,0.0025333333333333,0.981177779058152,2.0,pairwise_f1,hungarian,1.0,0.0,26.0,0.7206030073155429,0.5667140825035561,0.5667140825035561,0.1015,0.98128078817734,0.3984,0.9766404713701086,0.9591257446754092,0.9948067742365648,0.1015,26.0,macro,2.0,2.0,0.9974666666666666,0.9076129814983318,0.8326099053978854,0.9974666666666666,24.0,2.0,1.0,1.0,2.0,24.0,0.0,0.9974,1.0,0.989222348811498,0.981177779058152,"{""dimension"": 2, ""family"": ""moons"", ""n"": 20000}","{""geometry_profile"": ""low_dim"", ""knn_backend"": ""kd_tree"", ""min_cluster_size"": 40, ""min_samples"": 5}",fresh,native_target_discovery_v1
ok,synthetic,moons_2d__quality__n20000,HDBSCAN,227,0.2.4,20000.0,2.0,0.0574070000002393,2.62337849999858,5.450940499998978,191.77734375,5.1171875,192.57421875,,0.9769814712032096,0.9908208757595968,28.0,28.0,0.4458,known_synthetic_noise,0.7205999999999999,0.7620037235020267,15.0,2.0,2.0,0.1,0.9,full_partition,target-discovery-v1,0.0,0.05,0.9954,0.988840679229288,0.0046,0.9823674106590932,2.0,pairwise_f1,hungarian,1.0,0.0,30.0,0.7551894068811745,0.610852288298164,0.610852288298164,0.1149,0.9699738903394256,0.4458,0.976435603067694,0.9624622620795328,0.9908206605325156,0.1149,30.0,macro,2.0,2.0,0.9954,0.9131551587058896,0.8434640153654954,0.9954,28.0,2.0,1.0,1.0,2.0,28.0,0.0,0.9954,1.0,0.988840679229288,0.9823674106590932,"{""dimension"": 2, ""family"": ""moons"", ""n"": 20000}","{""geometry_profile"": ""low_dim"", ""knn_backend"": ""kd_tree"", ""min_cluster_size"": 40, ""min_samples"": 5}",fresh,native_target_discovery_v1
ok,synthetic,moons_2d__quality__n20000,OPTICS,23,0.2.4,20000.0,2.0,0.0570164000000659,16.0699697,18.844119800000044,191.015625,4.484375,191.015625,,0.0105929183791064,9.483313156976926e-05,0.0,0.0,1.0,known_synthetic_noise,0.5028333333333334,0.206317056380823,1.0,2.0,0.0,0.1,0.9,full_partition,target-discovery-v1,0.0,0.05,0.0028666666666666,0.0057006496089089,0.9943333333333332,0.5,1.0,pairwise_f1,hungarian,0.0,0.0,2.0,0.0112416324183581,0.4013646397752357,0.4013646397752357,0.99575,0.2510670348983178,1.0,6.27263964197309e-05,1.0,3.136418189091879e-05,0.99575,2.0,macro,0.0,0.0,0.0056666666666666,0.0112694729864103,1.0,0.0056666666666666,0.0,2.0,0.0,0.0,2.0,1.0,0.0,0.0028666666666666,0.0,0.0057006496089089,0.5,"{""dimension"": 2, ""family"": ""moons"", ""n"": 20000}","{""geometry_profile"": ""low_dim"", ""knn_backend"": ""kd_tree"", ""max_eps"": 0.16398638486862183, ""max_eps_quantile"": 0.98, ""min_cluster_size"": 40, ""min_samples"": 5, ""xi"": 0.1}",development,native_target_discovery_v1
ok,synthetic,moons_2d__quality__n20000,OPTICS,42,0.2.4,20000.0,2.0,0.0595234000011259,15.913172099999429,18.76416129999961,191.31640625,5.21484375,191.0390625,,0.0128262280659815,5.26852874698793e-05,3.0,3.0,0.9654,known_synthetic_noise,0.4861666666666667,0.2020509150135216,2.5,2.0,0.0,0.1,0.9,full_partition,target-discovery-v1,0.0,0.05,0.0069333333333333,0.0137662515800713,0.9930666666666668,0.988095238095238,2.0,pairwise_f1,hungarian,0.0,0.0,5.0,0.0265949231982887,0.3904865914330785,0.3904865914330785,0.98615,0.2447396440703746,0.9654,9.859470019175656e-05,0.3471457185778668,4.9304351691336624e-05,0.98615,5.0,macro,0.0,0.0,0.0069333333333333,0.0136152385939647,0.3754512635379061,0.0069333333333333,3.0,2.0,0.0,0.0,2.0,3.0,0.0,0.0069333333333333,0.0,0.0137662515800713,0.988095238095238,"{""dimension"": 2, ""family"": ""moons"", ""n"": 20000}","{""geometry_profile"": ""low_dim"", ""knn_backend"": ""kd_tree"", ""max_eps"": 0.16332150995731354, ""max_eps_quantile"": 0.98, ""min_cluster_size"": 40, ""min_samples"": 5, ""xi"": 0.1}",development,native_target_discovery_v1
ok,synthetic,moons_2d__quality__n20000,OPTICS,73,0.2.4,20000.0,2.0,0.0569336999997176,16.046684599999935,18.851109400000496,190.3359375,4.05078125,190.625,,0.016746052129908,7.66019882527797e-05,1.0,1.0,0.9756,known_synthetic_noise,0.4924333333333333,0.2062867282598866,2.0,3.0,0.0,0.1,0.9,full_partition,target-discovery-v1,0.0,0.05,0.0064666666666666,0.0128490175511102,0.9907333333333334,0.9891304347826086,2.0,pairwise_f1,hungarian,0.0,0.0,4.0,0.0248871570246149,0.3943570879987065,0.3943570879987065,0.98695,0.2471249810020771,0.9756,0.0001129540119313,0.3030910131654264,5.648753167088945e-05,0.98695,4.0,macro,0.0,0.0,0.0092666666666666,0.0182163685210667,0.5325670498084292,0.0092666666666666,1.0,2.0,0.0,0.0,2.0,2.0,0.0,0.0064666666666666,0.0,0.0128490175511102,0.9891304347826088,"{""dimension"": 2, ""family"": ""moons"", ""n"": 20000}","{""geometry_profile"": ""low_dim"", ""knn_backend"": ""kd_tree"", ""max_eps"": 0.1645096391439438, ""max_eps_quantile"": 0.98, ""min_cluster_size"": 40, ""min_samples"": 5, ""xi"": 0.1}",development,native_target_discovery_v1
ok,synthetic,moons_2d__quality__n20000,OPTICS,101,0.2.4,20000.0,2.0,0.0642546999988553,16.26930800000082,19.156800500000827,191.0234375,4.7421875,191.2578125,,0.0067593700815337,4.8998868151461785e-05,1.0,1.0,0.9918,known_synthetic_noise,0.4976666666666667,0.2026199775233318,1.0,1.0,0.0,0.1,0.9,full_partition,target-discovery-v1,0.0,0.05,0.0035333333333333,0.0070170793062359,0.9964666666666666,0.5,1.0,pairwise_f1,hungarian,0.0,0.0,2.0,0.0137911417073694,0.3982172970368585,0.3982172970368585,0.9953,0.2491208680799758,0.9918,4.900017420308666e-05,0.626933575978162,2.4501044583722274e-05,0.9953,2.0,macro,0.0,0.0,0.0035333333333333,0.0070226580098052,0.5638297872340425,0.0035333333333333,1.0,2.0,0.0,0.0,2.0,1.0,0.0,0.0035333333333333,0.0,0.0070170793062359,0.5,"{""dimension"": 2, ""family"": ""moons"", ""n"": 20000}","{""geometry_profile"": ""low_dim"", ""knn_backend"": ""kd_tree"", ""max_eps"": 0.16472844779491425, ""max_eps_quantile"": 0.98, ""min_cluster_size"": 40, ""min_samples"": 5, ""xi"": 0.1}",development,native_target_discovery_v1
ok,synthetic,moons_2d__quality__n20000,OPTICS,151,0.2.4,20000.0,2.0,0.0582906999989063,16.131688100000247,18.99471559999984,191.37890625,4.73828125,191.5546875,,0.0,0.0,0.0,0.0,0.0138,known_synthetic_noise,0.5069,0.4430301477750807,0.5,1.0,0.0,0.1,0.9,full_partition,target-discovery-v1,0.0,0.05,0.5,0.273413291531479,0.0,0.1881491144448346,1.0,pairwise_f1,hungarian,1.0,1.0,1.0,0.0495180032389079,0.0272243045965673,0.0272243045965673,0.00345,1.0,0.0138,0.4413687685795662,0.2831771619110517,1.0,0.00345,1.0,macro,0.0,0.0,1.0,0.8588359909535942,0.7525964577793387,1.0,0.0,2.0,0.0,0.0,2.0,0.0,0.0,0.5,0.0,0.273413291531479,0.1881491144448346,"{""dimension"": 2, ""family"": ""moons"", ""n"": 20000}","{""geometry_profile"": ""low_dim"", ""knn_backend"": ""kd_tree"", ""max_eps"": 0.1644056737422943, ""max_eps_quantile"": 0.98, ""min_cluster_size"": 40, ""min_samples"": 5, ""xi"": 0.1}",development,native_target_discovery_v1
ok,synthetic,moons_2d__quality__n20000,OPTICS,211,0.2.4,20000.0,2.0,0.0577549999998154,16.244778199999928,19.125707299999704,190.3671875,4.6171875,190.6328125,,0.0054927429538757,3.21088317305032e-05,2.0,2.0,0.9818,known_synthetic_noise,0.4923333333333333,0.200259445869719,1.5,1.0,0.0,0.1,0.9,full_partition,target-discovery-v1,0.0,0.05,0.0028666666666666,0.0057006496089089,0.9971333333333332,0.5,1.0,pairwise_f1,hungarian,0.0,0.0,3.0,0.0112390300231561,0.3948363226896164,0.3948363226896164,0.9933,0.2471056075707238,0.9818,3.210925938233093e-05,0.3052738336713996,1.605547406320843e-05,0.9933,3.0,macro,0.0,0.0,0.0028666666666666,0.0056825690498215,0.3208955223880597,0.0028666666666666,2.0,2.0,0.0,0.0,2.0,2.0,0.0,0.0028666666666666,0.0,0.0057006496089089,0.5,"{""dimension"": 2, ""family"": ""moons"", ""n"": 20000}","{""geometry_profile"": ""low_dim"", ""knn_backend"": ""kd_tree"", ""max_eps"": 0.1654241383075714, ""max_eps_quantile"": 0.98, ""min_cluster_size"": 40, ""min_samples"": 5, ""xi"": 0.1}",fresh,native_target_discovery_v1
ok,synthetic,moons_2d__quality__n20000,OPTICS,223,0.2.4,20000.0,2.0,0.0568695000001753,16.015633400000297,18.803461400000742,191.24609375,4.71875,191.515625,,0.0165118259937372,6.565040228049906e-05,0.0,0.0,0.9998,known_synthetic_noise,0.5044666666666667,0.2101199785452771,1.5,3.0,0.0,0.1,0.9,full_partition,target-discovery-v1,0.0,0.05,0.0063333333333333,0.0125859408870626,0.9908666666666666,0.9891304347826086,2.0,pairwise_f1,hungarian,0.0,0.0,3.0,0.0244079749899373,0.4021398117609202,0.4021398117609202,0.9931,0.2516866378008257,0.9998,0.0001093774037982,0.9855815443768025,5.469173667600124e-05,0.9931,3.0,macro,0.0,0.0,0.0091333333333333,0.018100145329634,0.9927536231884058,0.0091333333333333,0.0,2.0,0.0,0.0,2.0,1.0,0.0,0.0063333333333333,0.0,0.0125859408870626,0.9891304347826088,"{""dimension"": 2, ""family"": ""moons"", ""n"": 20000}","{""geometry_profile"": ""low_dim"", ""knn_backend"": ""kd_tree"", ""max_eps"": 0.1655745655298233, ""max_eps_quantile"": 0.98, ""min_cluster_size"": 40, ""min_samples"": 5, ""xi"": 0.1}",fresh,native_target_discovery_v1
ok,synthetic,moons_2d__quality__n20000,OPTICS,227,0.2.4,20000.0,2.0,0.06135870000071,15.999474700000064,18.834037399999943,191.1171875,4.8515625,191.34375,,0.0058739136746873,3.680248350285819e-05,1.0,1.0,0.9918,known_synthetic_noise,0.4974333333333333,0.2021016859756329,1.0,1.0,0.0,0.1,0.9,full_partition,target-discovery-v1,0.0,0.05,0.0030666666666666,0.006095944871455,0.9969333333333332,0.5,1.0,pairwise_f1,hungarian,0.0,0.0,2.0,0.012008018295075,0.3981054068157187,0.3981054068157187,0.99565,0.2490332948325214,0.9918,3.680369345510319e-05,0.5579514824797843,1.8402453660488063e-05,0.99565,2.0,macro,0.0,0.0,0.0030666666666666,0.0060979651355471,0.5287356321839081,0.0030666666666666,1.0,2.0,0.0,0.0,2.0,1.0,0.0,0.0030666666666666,0.0,0.006095944871455,0.5,"{""dimension"": 2, ""family"": ""moons"", ""n"": 20000}","{""geometry_profile"": ""low_dim"", ""knn_backend"": ""kd_tree"", ""max_eps"": 0.1656598299741745, ""max_eps_quantile"": 0.98, ""min_cluster_size"": 40, ""min_samples"": 5, ""xi"": 0.1}",fresh,native_target_discovery_v1
ok,synthetic,moons_2d__quality__n20000,SNN-DBSCAN,23,0.2.4,20000.0,2.0,0.0557752999993681,0.2151063000001158,3.830424499999936,254.44140625,28.29296875,254.61328125,,0.2092134279261472,0.0094501040664348,108.0,105.0,0.1078,known_synthetic_noise,0.5139666666666667,0.4949414512952447,222.5,340.0,0.0,0.1,0.9,full_partition,target-discovery-v1,0.0,0.05,0.0314,0.0607641231456257,0.0798666666666666,0.9843905129619416,2.0,pairwise_f1,hungarian,0.0,0.0,445.0,0.0880800572007339,0.1600118747216862,0.1600118747216862,0.08685,0.3103051237766264,0.1078,0.0186724487366969,0.7309751126588871,0.0094570120460505,0.08685,445.0,macro,0.0,0.0,0.9201333333333334,0.8298710278688032,0.7557356403657669,0.9201333333333334,108.0,2.0,0.0,0.0,2.0,443.0,0.0,0.0314,0.0,0.0607641231456257,0.9843905129619416,"{""dimension"": 2, ""family"": ""moons"", ""n"": 20000}","{""eps"": 13, ""geometry_profile"": ""low_dim"", ""k"": 20, ""knn_backend"": ""kd_tree"", ""min_samples"": 5}",development,native_target_discovery_v1
ok,synthetic,moons_2d__quality__n20000,SNN-DBSCAN,42,0.2.4,20000.0,2.0,0.0664718999996694,0.2134790000000066,3.845430999999735,256.08203125,29.38671875,254.390625,,0.2032221487545233,0.0074382084885281,108.0,105.0,0.1172,known_synthetic_noise,0.5165,0.4999365759790593,241.5,378.0,0.0,0.1,0.9,full_partition,target-discovery-v1,0.0,0.05,0.0209999999999999,0.041115233659302,0.0842,0.9887640449438202,2.0,pairwise_f1,hungarian,0.0,0.0,483.0,0.0663003747217367,0.1711198715140896,0.1711198715140896,0.09245,0.316928069226609,0.1172,0.0147234056502575,0.6755829416929194,0.0074428057074276,0.09245,483.0,macro,0.0,0.0,0.9158,0.8287532804440289,0.7568178061814776,0.9158,108.0,2.0,0.0,0.0,2.0,481.0,0.0,0.021,0.0,0.041115233659302,0.9887640449438204,"{""dimension"": 2, ""family"": ""moons"", ""n"": 20000}","{""eps"": 13, ""geometry_profile"": ""low_dim"", ""k"": 20, ""knn_backend"": ""kd_tree"", ""min_samples"": 5}",development,native_target_discovery_v1
ok,synthetic,moons_2d__quality__n20000,SNN-DBSCAN,73,0.2.4,20000.0,2.0,0.0616406999997707,0.2192589000005682,3.797309399998994,252.359375,25.4140625,248.28515625,,0.2036447513563243,0.0092003596326228,127.0,127.0,0.1156,known_synthetic_noise,0.5128,0.4961654102575276,256.5,386.0,0.0,0.1,0.9,full_partition,target-discovery-v1,0.0,0.05,0.0471333333333333,0.0892737042764516,0.09,0.9854113894361572,2.0,pairwise_f1,hungarian,0.5,0.0,513.0,0.1163156799720967,0.1668591224018475,0.1668591224018475,0.0964,0.2997925311203319,0.1156,0.0181349703112254,0.7960390478159827,0.0091719607058718,0.0964,513.0,macro,0.0,0.0,0.91,0.8254716981132075,0.7553120849933599,0.91,127.0,2.0,0.0,0.0,2.0,511.0,0.0,0.0471333333333333,0.0,0.0892737042764516,0.9854113894361572,"{""dimension"": 2, ""family"": ""moons"", ""n"": 20000}","{""eps"": 13, ""geometry_profile"": ""low_dim"", ""k"": 20, ""knn_backend"": ""kd_tree"", ""min_samples"": 5}",development,native_target_discovery_v1
ok,synthetic,moons_2d__quality__n20000,SNN-DBSCAN,101,0.2.4,20000.0,2.0,0.0606958999997004,0.2188944999998057,3.851871799999572,255.54296875,29.234375,254.6484375,,0.2080566461702996,0.0104747309734862,110.0,107.0,0.108,known_synthetic_noise,0.5120666666666667,0.4933258574529454,233.0,359.0,0.0,0.1,0.9,full_partition,target-discovery-v1,0.0,0.05,0.0491333333333333,0.0933305871050947,0.0838666666666666,0.9797842258018788,2.0,pairwise_f1,hungarian,0.5,0.0,466.0,0.1175844940246668,0.1588702559576346,0.1588702559576346,0.0899,0.3003337041156841,0.108,0.0206851383474428,0.774492005023462,0.0104825532293194,0.0899,466.0,macro,0.0,0.0,0.9161333333333334,0.8277814589482562,0.754971981100978,0.9161333333333334,110.0,2.0,0.0,0.0,2.0,464.0,0.0,0.0491333333333333,0.0,0.0933305871050947,0.9797842258018788,"{""dimension"": 2, ""family"": ""moons"", ""n"": 20000}","{""eps"": 13, ""geometry_profile"": ""low_dim"", ""k"": 20, ""knn_backend"": ""kd_tree"", ""min_samples"": 5}",development,native_target_discovery_v1
ok,synthetic,moons_2d__quality__n20000,SNN-DBSCAN,151,0.2.4,20000.0,2.0,0.0577398000004905,0.2130687000008038,3.750531900001079,252.92578125,26.046875,247.51953125,,0.2061157845548455,0.0090146329424576,118.0,116.0,0.1108,known_synthetic_noise,0.5119666666666667,0.4940631202503762,237.0,358.0,0.0,0.1,0.9,full_partition,target-discovery-v1,0.0,0.05,0.0397333333333333,0.0762596160100284,0.0868666666666666,0.9841871584699452,2.0,pairwise_f1,hungarian,0.0,0.0,474.0,0.1036176628191546,0.1615866997229109,0.1615866997229109,0.09285,0.2983306408185245,0.1108,0.017797380194081,0.7791048405216326,0.0090015024225452,0.09285,474.0,macro,0.0,0.0,0.9131333333333334,0.8265395407778415,0.7549468114424296,0.9131333333333334,118.0,2.0,0.0,0.0,2.0,472.0,0.0,0.0397333333333333,0.0,0.0762596160100284,0.9841871584699452,"{""dimension"": 2, ""family"": ""moons"", ""n"": 20000}","{""eps"": 13, ""geometry_profile"": ""low_dim"", ""k"": 20, ""knn_backend"": ""kd_tree"", ""min_samples"": 5}",development,native_target_discovery_v1
ok,synthetic,moons_2d__quality__n20000,SNN-DBSCAN,211,0.2.4,20000.0,2.0,0.0667870000015682,0.2144098999997368,3.781443800000488,254.1015625,27.88671875,254.5390625,,0.2071482134695965,0.0092501301903124,109.0,107.0,0.1022,known_synthetic_noise,0.5080333333333333,0.4880427994448492,232.0,357.0,0.0,0.1,0.9,full_partition,target-discovery-v1,0.0,0.05,0.0394,0.0757700421725823,0.0861333333333333,0.9914199573831436,2.0,pairwise_f1,hungarian,0.0,0.0,464.0,0.1007334199736657,0.1502278406585329,0.1502278406585329,0.09015,0.2834165280088741,0.1022,0.0182727320454983,0.7535139958656316,0.0092485042450104,0.09015,464.0,macro,0.0,0.0,0.9138666666666668,0.8258577582311655,0.7533109853272517,0.9138666666666668,109.0,2.0,0.0,0.0,2.0,462.0,0.0,0.0394,0.0,0.0757700421725823,0.9914199573831436,"{""dimension"": 2, ""family"": ""moons"", ""n"": 20000}","{""eps"": 13, ""geometry_profile"": ""low_dim"", ""k"": 20, ""knn_backend"": ""kd_tree"", ""min_samples"": 5}",fresh,native_target_discovery_v1
ok,synthetic,moons_2d__quality__n20000,SNN-DBSCAN,223,0.2.4,20000.0,2.0,0.0573339000002306,0.2161439999999856,3.739165900000444,251.91796875,25.26171875,245.80859375,,0.2043839094660224,0.0089146669382319,113.0,110.0,0.1168,known_synthetic_noise,0.5186,0.5017291065821692,256.5,403.0,0.0,0.1,0.9,full_partition,target-discovery-v1,0.0,0.05,0.0352666666666666,0.0680371829659345,0.0796,0.9862637362637364,2.0,pairwise_f1,hungarian,0.0,0.0,513.0,0.0975565611015714,0.1723222189436412,0.1723222189436412,0.0889,0.3284589426321709,0.1168,0.0175999392768676,0.7457889094049676,0.0089050451171267,0.0889,513.0,macro,0.0,0.0,0.9204,0.8311359942206971,0.7576555811656239,0.9204,113.0,2.0,0.0,0.0,2.0,511.0,0.0,0.0352666666666666,0.0,0.0680371829659345,0.9862637362637364,"{""dimension"": 2, ""family"": ""moons"", ""n"": 20000}","{""eps"": 13, ""geometry_profile"": ""low_dim"", ""k"": 20, ""knn_backend"": ""kd_tree"", ""min_samples"": 5}",fresh,native_target_discovery_v1
ok,synthetic,moons_2d__quality__n20000,SNN-DBSCAN,227,0.2.4,20000.0,2.0,0.0574061999996047,0.2139504999995551,3.7512812000004487,252.328125,25.5546875,246.60546875,,0.2054932110484565,0.0082677075936329,125.0,119.0,0.1184,known_synthetic_noise,0.5166333333333334,0.5003885259167344,241.5,364.0,0.0,0.1,0.9,full_partition,target-discovery-v1,0.0,0.05,0.0270666666666666,0.0526858285667711,0.0851333333333333,0.9855256954266856,2.0,pairwise_f1,hungarian,0.0,0.0,483.0,0.0807038788192329,0.1723686126073664,0.1723686126073664,0.09345,0.3167469234884965,0.1184,0.0163110733763617,0.7222987711177644,0.0082486731564208,0.09345,483.0,macro,0.0,0.0,0.9148666666666668,0.8284084392261024,0.7568804809442391,0.9148666666666668,125.0,2.0,0.0,0.0,2.0,481.0,0.0,0.0270666666666666,0.0,0.0526858285667711,0.9855256954266854,"{""dimension"": 2, ""family"": ""moons"", ""n"": 20000}","{""eps"": 13, ""geometry_profile"": ""low_dim"", ""k"": 20, ""knn_backend"": ""kd_tree"", ""min_samples"": 5}",fresh,native_target_discovery_v1
ok,synthetic,moons_2d__quality__n20000,StrataSCAN,23,0.2.4,20000.0,2.0,0.063217099999747,1.0433533000013997,4.127903999999035,241.8984375,55.5234375,243.109375,,0.9699646555216788,0.9871513634855712,0.0,0.0,0.9402,known_synthetic_noise,0.9687,0.9768651969388612,1.5,3.0,2.0,0.1,0.9,full_partition,target-discovery-v1,0.0,0.05,0.9935333333333334,0.98698221931302,0.0028,0.9805263963162858,2.0,pairwise_f1,hungarian,1.0,0.0,3.0,0.9758675958415272,0.9650005131889562,0.9650005131889562,0.23715,0.991144845034788,0.9402,0.9741166590677596,0.961422450008984,0.9871505711872696,0.23715,3.0,macro,2.0,2.0,0.9972,0.9887298806887662,0.980402438225077,0.9972,0.0,2.0,1.0,1.0,2.0,1.0,0.0,0.9935333333333334,1.0,0.98698221931302,0.9805263963162858,"{""dimension"": 2, ""family"": ""moons"", ""n"": 20000}","{""ambiguous_model_confirmation_tolerance"": 1e-05, ""assignment"": ""maximum_posterior_basis_then_semantic_role"", ""background_model"": ""adaptive_gamma_basis_mixture_with_largest_rate_gap"", ""background_scan"": ""adaptive_dyadic_rank_windows_with_poisson_beta_boundary_code"", ""border_rule"": ""strict_local_core_radius"", ""component_initialization"": ""compiled_split_warm_single_start_with_guarded_confirmation"", ""component_selection"": ""semantic_icl_with_adaptive_bound"", ""connectivity"": ""density_ordered_non_merging_knn_watershed"", ""core_thresholds"": ""observed_d4_event_sweep"", ""duplicate_profile_confirmation_minimum"": 3, ""duplicate_profile_confirmation_tolerance"": 1e-08, ""extraction_objective"": ""gamma_topology_description_length"", ""fit_samples"": ""all_rows"", ""gamma_tolerance"": 0.0001, ""geometry_profile"": ""low_dim"", ""hard_component_bound"": 24, ""initial_component_bound"": 8, ""k"": 32, ""knn_backend"": ""kd_tree"", ""shell_ranks"": [4, 8, 16, 32], ""stratification_model"": ""adaptive_gamma_density_basis_with_semantic_background"", ""version"": ""0.2.3""}",development,native_target_discovery_v1
ok,synthetic,moons_2d__quality__n20000,StrataSCAN,42,0.2.4,20000.0,2.0,0.05876729999909,1.0428076999996847,4.059423499998957,242.2578125,55.890625,242.2578125,,0.7960681647635027,0.7903081794388523,0.0,0.0,0.9372,known_synthetic_noise,0.9669333333333334,0.9752927456677596,2.5,5.0,2.0,0.1,0.9,full_partition,target-discovery-v1,1.0,0.05,0.8598666666666667,0.9101845203833794,0.0033333333333333,0.9788062980237192,2.0,pairwise_f1,hungarian,1.5,0.0,5.0,0.935664891213036,0.9626129827444536,0.9626129827444536,0.2368,0.9894425675675677,0.9372,0.866827984115286,0.9594321065030016,0.790526576876917,0.2368,5.0,macro,2.0,1.0,0.9966666666666668,0.9879725085910652,0.979428721174004,0.9966666666666668,0.0,2.0,1.0,1.0,2.0,3.0,0.0,0.8598666666666667,1.0,0.9101845203833794,0.9788062980237194,"{""dimension"": 2, ""family"": ""moons"", ""n"": 20000}","{""ambiguous_model_confirmation_tolerance"": 1e-05, ""assignment"": ""maximum_posterior_basis_then_semantic_role"", ""background_model"": ""adaptive_gamma_basis_mixture_with_largest_rate_gap"", ""background_scan"": ""adaptive_dyadic_rank_windows_with_poisson_beta_boundary_code"", ""border_rule"": ""strict_local_core_radius"", ""component_initialization"": ""compiled_split_warm_single_start_with_guarded_confirmation"", ""component_selection"": ""semantic_icl_with_adaptive_bound"", ""connectivity"": ""density_ordered_non_merging_knn_watershed"", ""core_thresholds"": ""observed_d4_event_sweep"", ""duplicate_profile_confirmation_minimum"": 3, ""duplicate_profile_confirmation_tolerance"": 1e-08, ""extraction_objective"": ""gamma_topology_description_length"", ""fit_samples"": ""all_rows"", ""gamma_tolerance"": 0.0001, ""geometry_profile"": ""low_dim"", ""hard_component_bound"": 24, ""initial_component_bound"": 8, ""k"": 32, ""knn_backend"": ""kd_tree"", ""shell_ranks"": [4, 8, 16, 32], ""stratification_model"": ""adaptive_gamma_density_basis_with_semantic_background"", ""version"": ""0.2.3""}",development,native_target_discovery_v1
ok,synthetic,moons_2d__quality__n20000,StrataSCAN,73,0.2.4,20000.0,2.0,0.0570563000001129,0.9681711999983236,3.97521560000132,239.640625,52.9609375,236.8828125,,0.9690749235551464,0.9864988210547784,1.0,1.0,0.9436,known_synthetic_noise,0.9705,0.9782432584067412,2.0,3.0,2.0,0.1,0.9,full_partition,target-discovery-v1,0.0,0.05,0.9932,0.987468153043655,0.0026,0.981809215317511,2.0,pairwise_f1,hungarian,1.0,0.0,4.0,0.9771782276431684,0.967100543199754,0.967100543199754,0.23785,0.9918015556022703,0.9436,0.9750959375353058,0.9639541776482996,0.986498270880562,0.23785,4.0,macro,2.0,2.0,0.9974,0.9893859736137288,0.9814997047825232,0.9974,1.0,2.0,1.0,1.0,2.0,2.0,0.0,0.9932,1.0,0.987468153043655,0.981809215317511,"{""dimension"": 2, ""family"": ""moons"", ""n"": 20000}","{""ambiguous_model_confirmation_tolerance"": 1e-05, ""assignment"": ""maximum_posterior_basis_then_semantic_role"", ""background_model"": ""adaptive_gamma_basis_mixture_with_largest_rate_gap"", ""background_scan"": ""adaptive_dyadic_rank_windows_with_poisson_beta_boundary_code"", ""border_rule"": ""strict_local_core_radius"", ""component_initialization"": ""compiled_split_warm_single_start_with_guarded_confirmation"", ""component_selection"": ""semantic_icl_with_adaptive_bound"", ""connectivity"": ""density_ordered_non_merging_knn_watershed"", ""core_thresholds"": ""observed_d4_event_sweep"", ""duplicate_profile_confirmation_minimum"": 3, ""duplicate_profile_confirmation_tolerance"": 1e-08, ""extraction_objective"": ""gamma_topology_description_length"", ""fit_samples"": ""all_rows"", ""gamma_tolerance"": 0.0001, ""geometry_profile"": ""low_dim"", ""hard_component_bound"": 24, ""initial_component_bound"": 8, ""k"": 32, ""knn_backend"": ""kd_tree"", ""shell_ranks"": [4, 8, 16, 32], ""stratification_model"": ""adaptive_gamma_density_basis_with_semantic_background"", ""version"": ""0.2.3""}",development,native_target_discovery_v1
ok,synthetic,moons_2d__quality__n20000,StrataSCAN,101,0.2.4,20000.0,2.0,0.0621864000004279,1.066502900001069,4.224666699999943,242.3984375,55.91015625,241.98046875,,0.9758338772618128,0.9901783431994065,0.0,0.0,0.9412,known_synthetic_noise,0.9694666666666668,0.9777425216908628,1.5,3.0,2.0,0.1,0.9,full_partition,target-discovery-v1,0.0,0.05,0.9950666666666668,0.9878208822658364,0.0022666666666666,0.9806825817256926,2.0,pairwise_f1,hungarian,1.0,0.0,3.0,0.9769544236671625,0.9663244353182752,0.9663244353182752,0.237,0.9928270042194092,0.9412,0.9757514829813976,0.961739309677058,0.9901779970662756,0.237,3.0,macro,2.0,2.0,0.9977333333333334,0.9891606080634502,0.9807339449541284,0.9977333333333334,0.0,2.0,1.0,1.0,2.0,1.0,0.0,0.9950666666666668,1.0,0.9878208822658364,0.9806825817256926,"{""dimension"": 2, ""family"": ""moons"", ""n"": 20000}","{""ambiguous_model_confirmation_tolerance"": 1e-05, ""assignment"": ""maximum_posterior_basis_then_semantic_role"", ""background_model"": ""adaptive_gamma_basis_mixture_with_largest_rate_gap"", ""background_scan"": ""adaptive_dyadic_rank_windows_with_poisson_beta_boundary_code"", ""border_rule"": ""strict_local_core_radius"", ""component_initialization"": ""compiled_split_warm_single_start_with_guarded_confirmation"", ""component_selection"": ""semantic_icl_with_adaptive_bound"", ""connectivity"": ""density_ordered_non_merging_knn_watershed"", ""core_thresholds"": ""observed_d4_event_sweep"", ""duplicate_profile_confirmation_minimum"": 3, ""duplicate_profile_confirmation_tolerance"": 1e-08, ""extraction_objective"": ""gamma_topology_description_length"", ""fit_samples"": ""all_rows"", ""gamma_tolerance"": 0.0001, ""geometry_profile"": ""low_dim"", ""hard_component_bound"": 24, ""initial_component_bound"": 8, ""k"": 32, ""knn_backend"": ""kd_tree"", ""shell_ranks"": [4, 8, 16, 32], ""stratification_model"": ""adaptive_gamma_density_basis_with_semantic_background"", ""version"": ""0.2.3""}",development,native_target_discovery_v1
ok,synthetic,moons_2d__quality__n20000,StrataSCAN,151,0.2.4,20000.0,2.0,0.0585334000006696,1.053887300000497,4.069480500000282,242.1796875,55.84375,242.1796875,,0.9811147298558158,0.9929466375467624,0.0,0.0,0.9378,known_synthetic_noise,0.9674333333333334,0.9758986012196508,1.5,3.0,2.0,0.1,0.9,full_partition,target-discovery-v1,0.0,0.05,0.9964666666666666,0.9880031252479556,0.0029333333333333,0.9796827470351724,2.0,pairwise_f1,hungarian,1.0,0.0,3.0,0.9756111359535627,0.9635261481557588,0.9635261481557588,0.23665,0.9907035706739912,0.9378,0.9760771222672824,0.9597718378013484,0.9929459927990398,0.23665,3.0,macro,2.0,2.0,0.9970666666666668,0.9882710542835432,0.979629265736556,0.9970666666666668,0.0,2.0,1.0,1.0,2.0,1.0,0.0,0.9964666666666666,1.0,0.9880031252479556,0.9796827470351724,"{""dimension"": 2, ""family"": ""moons"", ""n"": 20000}","{""ambiguous_model_confirmation_tolerance"": 1e-05, ""assignment"": ""maximum_posterior_basis_then_semantic_role"", ""background_model"": ""adaptive_gamma_basis_mixture_with_largest_rate_gap"", ""background_scan"": ""adaptive_dyadic_rank_windows_with_poisson_beta_boundary_code"", ""border_rule"": ""strict_local_core_radius"", ""component_initialization"": ""compiled_split_warm_single_start_with_guarded_confirmation"", ""component_selection"": ""semantic_icl_with_adaptive_bound"", ""connectivity"": ""density_ordered_non_merging_knn_watershed"", ""core_thresholds"": ""observed_d4_event_sweep"", ""duplicate_profile_confirmation_minimum"": 3, ""duplicate_profile_confirmation_tolerance"": 1e-08, ""extraction_objective"": ""gamma_topology_description_length"", ""fit_samples"": ""all_rows"", ""gamma_tolerance"": 0.0001, ""geometry_profile"": ""low_dim"", ""hard_component_bound"": 24, ""initial_component_bound"": 8, ""k"": 32, ""knn_backend"": ""kd_tree"", ""shell_ranks"": [4, 8, 16, 32], ""stratification_model"": ""adaptive_gamma_density_basis_with_semantic_background"", ""version"": ""0.2.3""}",development,native_target_discovery_v1
ok,synthetic,moons_2d__quality__n20000,StrataSCAN,211,0.2.4,20000.0,2.0,0.0617861999999149,1.0806271000001288,4.139517999999953,242.37109375,55.93359375,242.27734375,,0.9397895123344472,0.971894162413997,0.0,0.0,0.9442,known_synthetic_noise,0.9705666666666668,0.9779874211387088,2.5,5.0,2.0,0.1,0.9,full_partition,target-discovery-v1,0.0,0.05,0.9858,0.9836669886060028,0.0030666666666666,0.981558778040688,2.0,pairwise_f1,hungarian,1.0,0.0,5.0,0.975122251243428,0.966724685164329,0.966724685164329,0.23835,0.9903503251520872,0.9442,0.9676348168551702,0.963414169232153,0.971892607903276,0.23835,5.0,macro,2.0,2.0,0.9969333333333332,0.9892501571130884,0.98168450075494,0.9969333333333332,0.0,2.0,1.0,1.0,2.0,3.0,0.0,0.9858,1.0,0.9836669886060028,0.9815587780406878,"{""dimension"": 2, ""family"": ""moons"", ""n"": 20000}","{""ambiguous_model_confirmation_tolerance"": 1e-05, ""assignment"": ""maximum_posterior_basis_then_semantic_role"", ""background_model"": ""adaptive_gamma_basis_mixture_with_largest_rate_gap"", ""background_scan"": ""adaptive_dyadic_rank_windows_with_poisson_beta_boundary_code"", ""border_rule"": ""strict_local_core_radius"", ""component_initialization"": ""compiled_split_warm_single_start_with_guarded_confirmation"", ""component_selection"": ""semantic_icl_with_adaptive_bound"", ""connectivity"": ""density_ordered_non_merging_knn_watershed"", ""core_thresholds"": ""observed_d4_event_sweep"", ""duplicate_profile_confirmation_minimum"": 3, ""duplicate_profile_confirmation_tolerance"": 1e-08, ""extraction_objective"": ""gamma_topology_description_length"", ""fit_samples"": ""all_rows"", ""gamma_tolerance"": 0.0001, ""geometry_profile"": ""low_dim"", ""hard_component_bound"": 24, ""initial_component_bound"": 8, ""k"": 32, ""knn_backend"": ""kd_tree"", ""shell_ranks"": [4, 8, 16, 32], ""stratification_model"": ""adaptive_gamma_density_basis_with_semantic_background"", ""version"": ""0.2.3""}",fresh,native_target_discovery_v1
ok,synthetic,moons_2d__quality__n20000,StrataSCAN,223,0.2.4,20000.0,2.0,0.0583936000002722,1.0004679000012402,4.070417799999632,242.109375,55.9453125,240.28125,,0.9838249153411354,0.9938775804308152,0.0,0.0,0.9428,known_synthetic_noise,0.9698666666666668,0.9775023852892706,1.0,2.0,2.0,0.1,0.9,full_partition,target-discovery-v1,0.0,0.05,0.9969333333333332,0.9890210420284304,0.0030666666666666,0.981234034622881,2.0,pairwise_f1,hungarian,1.0,0.0,2.0,0.9773665897222809,0.965983606557377,0.965983606557377,0.238,0.9903361344537815,0.9428,0.9780997463319152,0.9628162294203264,0.9938763035071344,0.238,2.0,macro,2.0,2.0,0.9969333333333332,0.989021164021164,0.9812335958005248,0.9969333333333332,0.0,2.0,1.0,1.0,2.0,0.0,0.0,0.9969333333333332,1.0,0.9890210420284304,0.981234034622881,"{""dimension"": 2, ""family"": ""moons"", ""n"": 20000}","{""ambiguous_model_confirmation_tolerance"": 1e-05, ""assignment"": ""maximum_posterior_basis_then_semantic_role"", ""background_model"": ""adaptive_gamma_basis_mixture_with_largest_rate_gap"", ""background_scan"": ""adaptive_dyadic_rank_windows_with_poisson_beta_boundary_code"", ""border_rule"": ""strict_local_core_radius"", ""component_initialization"": ""compiled_split_warm_single_start_with_guarded_confirmation"", ""component_selection"": ""semantic_icl_with_adaptive_bound"", ""connectivity"": ""density_ordered_non_merging_knn_watershed"", ""core_thresholds"": ""observed_d4_event_sweep"", ""duplicate_profile_confirmation_minimum"": 3, ""duplicate_profile_confirmation_tolerance"": 1e-08, ""extraction_objective"": ""gamma_topology_description_length"", ""fit_samples"": ""all_rows"", ""gamma_tolerance"": 0.0001, ""geometry_profile"": ""low_dim"", ""hard_component_bound"": 24, ""initial_component_bound"": 8, ""k"": 32, ""knn_backend"": ""kd_tree"", ""shell_ranks"": [4, 8, 16, 32], ""stratification_model"": ""adaptive_gamma_density_basis_with_semantic_background"", ""version"": ""0.2.3""}",fresh,native_target_discovery_v1
ok,synthetic,moons_2d__quality__n20000,StrataSCAN,227,0.2.4,20000.0,2.0,0.0684289000000717,1.1934421000005386,4.332155899999634,242.2890625,55.921875,242.1796875,,0.9804432245688436,0.9924145837836882,0.0,0.0,0.947,known_synthetic_noise,0.9716,0.9782282925528968,1.0,2.0,2.0,0.1,0.9,full_partition,target-discovery-v1,0.0,0.05,0.9962,0.9893406988649438,0.0038,0.9825760545753186,2.0,pairwise_f1,hungarian,1.0,0.0,2.0,0.9781021235157448,0.9671160130718954,0.9671160130718954,0.2396,0.9881051752921536,0.947,0.9787463176361412,0.9654498431087982,0.9924141529981776,0.2396,2.0,macro,2.0,2.0,0.9962,0.9893405720338982,0.9825749605470804,0.9962,0.0,2.0,1.0,1.0,2.0,0.0,0.0,0.9962,1.0,0.9893406988649436,0.9825760545753186,"{""dimension"": 2, ""family"": ""moons"", ""n"": 20000}","{""ambiguous_model_confirmation_tolerance"": 1e-05, ""assignment"": ""maximum_posterior_basis_then_semantic_role"", ""background_model"": ""adaptive_gamma_basis_mixture_with_largest_rate_gap"", ""background_scan"": ""adaptive_dyadic_rank_windows_with_poisson_beta_boundary_code"", ""border_rule"": ""strict_local_core_radius"", ""component_initialization"": ""compiled_split_warm_single_start_with_guarded_confirmation"", ""component_selection"": ""semantic_icl_with_adaptive_bound"", ""connectivity"": ""density_ordered_non_merging_knn_watershed"", ""core_thresholds"": ""observed_d4_event_sweep"", ""duplicate_profile_confirmation_minimum"": 3, ""duplicate_profile_confirmation_tolerance"": 1e-08, ""extraction_objective"": ""gamma_topology_description_length"", ""fit_samples"": ""all_rows"", ""gamma_tolerance"": 0.0001, ""geometry_profile"": ""low_dim"", ""hard_component_bound"": 24, ""initial_component_bound"": 8, ""k"": 32, ""knn_backend"": ""kd_tree"", ""shell_ranks"": [4, 8, 16, 32], ""stratification_model"": ""adaptive_gamma_density_basis_with_semantic_background"", ""version"": ""0.2.3""}",fresh,native_target_discovery_v1
ok,synthetic,moons_2d__quality__n20000,VDBSCAN-2007,23,0.2.4,20000.0,2.0,0.0575499000005947,0.2428379000011773,3.0808670000005804,193.85546875,7.5390625,192.44140625,,0.6061888380998262,0.7539293355399492,30.0,23.0,0.007,known_synthetic_noise,0.5032666666666666,0.4358277816873193,80.0,137.0,2.0,0.1,0.9,full_partition,target-discovery-v1,0.0,0.05,0.8679333333333333,0.9248398862084096,0.0004666666666666,0.9897366568702352,2.0,pairwise_f1,hungarian,1.0,0.0,160.0,0.0273560988363471,0.0138833796112653,0.0138833796112653,0.0021,0.8333333333333334,0.007,0.7729984382174361,0.7930636858934806,0.7539234742410099,0.0021,160.0,macro,2.0,2.0,0.9995333333333334,0.8577721837633733,0.7512275779136186,0.9995333333333334,30.0,2.0,1.0,1.0,2.0,158.0,0.0,0.8679333333333333,1.0,0.9248398862084096,0.9897366568702352,"{""dimension"": 2, ""family"": ""moons"", ""n"": 20000}","{""eps_values"": [0.01783924363553524, 0.05249417573213577, 0.1698308289051056], ""geometry_profile"": ""low_dim"", ""knee_prominence"": 0.03, ""knn_backend"": ""kd_tree"", ""max_eps_values"": 3, ""min_samples"": 5}",development,native_target_discovery_v1
ok,synthetic,moons_2d__quality__n20000,VDBSCAN-2007,42,0.2.4,20000.0,2.0,0.0597892999994655,0.2364866000007168,3.1249007000005804,193.77734375,7.51953125,192.3828125,,0.6248722684535373,0.7576998608706278,28.0,26.0,0.0076,known_synthetic_noise,0.5033333333333333,0.4363302890637835,68.5,111.0,2.0,0.1,0.9,full_partition,target-discovery-v1,0.0,0.05,0.8698666666666667,0.9257496081590624,0.0009333333333333,0.9893098268617112,2.0,pairwise_f1,hungarian,1.0,0.0,137.0,0.0296059931228399,0.0150435471100554,0.0150435471100554,0.0026,0.7307692307692307,0.0076,0.7748426935134659,0.7927834806440284,0.757695941681113,0.0026,137.0,macro,2.0,2.0,0.9990666666666668,0.8576170310175117,0.7512532584720273,0.9990666666666668,28.0,2.0,1.0,1.0,2.0,135.0,0.0,0.8698666666666667,1.0,0.9257496081590624,0.9893098268617112,"{""dimension"": 2, ""family"": ""moons"", ""n"": 20000}","{""eps_values"": [0.017985405400395393, 0.05523913353681564, 0.16974130272865295], ""geometry_profile"": ""low_dim"", ""knee_prominence"": 0.03, ""knn_backend"": ""kd_tree"", ""max_eps_values"": 3, ""min_samples"": 5}",development,native_target_discovery_v1
ok,synthetic,moons_2d__quality__n20000,VDBSCAN-2007,73,0.2.4,20000.0,2.0,0.0567934999999124,0.2367262999996455,3.067054200000712,193.77734375,7.5625,192.38671875,,0.6247275106188998,0.7469888550512364,58.0,55.0,0.0074,known_synthetic_noise,0.5034666666666667,0.4362460785640205,82.0,109.0,2.0,0.1,0.9,full_partition,target-discovery-v1,0.0,0.05,0.8632666666666666,0.9221504083532012,0.0004666666666666,0.989673941705584,2.0,pairwise_f1,hungarian,1.0,0.0,164.0,0.0288822911650238,0.014670896114195,0.014670896114195,0.0022,0.8409090909090909,0.0074,0.7744732528426451,0.8040707709221385,0.7469773214206339,0.0022,164.0,macro,2.0,2.0,0.9995333333333334,0.857821261013846,0.751302866305873,0.9995333333333334,58.0,2.0,1.0,1.0,2.0,162.0,0.0,0.8632666666666666,1.0,0.9221504083532012,0.989673941705584,"{""dimension"": 2, ""family"": ""moons"", ""n"": 20000}","{""eps_values"": [0.01796862669289112, 0.0602073036134243, 0.1705569177865982], ""geometry_profile"": ""low_dim"", ""knee_prominence"": 0.03, ""knn_backend"": ""kd_tree"", ""max_eps_values"": 3, ""min_samples"": 5}",development,native_target_discovery_v1
ok,synthetic,moons_2d__quality__n20000,VDBSCAN-2007,101,0.2.4,20000.0,2.0,0.0564775000002555,0.2362063000000489,3.087995000001684,192.78125,6.55859375,192.54296875,,0.6239724575454688,0.7555154309752581,24.0,21.0,0.0084,known_synthetic_noise,0.5038666666666667,0.4372365104640026,64.5,108.0,2.0,0.1,0.9,full_partition,target-discovery-v1,0.0,0.05,0.8686,0.9246907087970624,0.0006666666666666,0.988545127974854,2.0,pairwise_f1,hungarian,1.0,0.0,129.0,0.0326667680271782,0.0166270783847981,0.0166270783847981,0.0026,0.8076923076923077,0.0084,0.7717737725796415,0.7887523950209552,0.7555107080944126,0.0026,129.0,macro,2.0,2.0,0.9993333333333332,0.857845942543207,0.7514537798275517,0.9993333333333332,24.0,2.0,1.0,1.0,2.0,127.0,0.0,0.8686,1.0,0.9246907087970624,0.9885451279748542,"{""dimension"": 2, ""family"": ""moons"", ""n"": 20000}","{""eps_values"": [0.017818933352828026, 0.05437368154525757, 0.16929729282855988], ""geometry_profile"": ""low_dim"", ""knee_prominence"": 0.03, ""knn_backend"": ""kd_tree"", ""max_eps_values"": 3, ""min_samples"": 5}",development,native_target_discovery_v1
ok,synthetic,moons_2d__quality__n20000,VDBSCAN-2007,151,0.2.4,20000.0,2.0,0.0576663000010739,0.2374330000002373,3.149683100000402,192.59765625,6.390625,192.59765625,,0.6266596744482689,0.7570940406946114,42.0,38.0,0.0118,known_synthetic_noise,0.5055999999999999,0.4407897323301078,74.5,111.0,2.0,0.1,0.9,full_partition,target-discovery-v1,0.0,0.05,0.8694,0.9256330503738908,0.0006,0.9896795354454134,2.0,pairwise_f1,hungarian,1.0,0.0,149.0,0.0454240965877744,0.0232833464877663,0.0232833464877663,0.0034,0.8676470588235294,0.0118,0.7773402915504852,0.7987094698744218,0.7570847668578032,0.0034,149.0,macro,2.0,2.0,0.9994,0.8582961181724492,0.75210716435882,0.9994,42.0,2.0,1.0,1.0,2.0,147.0,0.0,0.8694,1.0,0.9256330503738908,0.9896795354454134,"{""dimension"": 2, ""family"": ""moons"", ""n"": 20000}","{""eps_values"": [0.018080761656165123, 0.056885480880737305, 0.1688539832830429], ""geometry_profile"": ""low_dim"", ""knee_prominence"": 0.03, ""knn_backend"": ""kd_tree"", ""max_eps_values"": 3, ""min_samples"": 5}",development,native_target_discovery_v1
ok,synthetic,moons_2d__quality__n20000,VDBSCAN-2007,211,0.2.4,20000.0,2.0,0.0712196999993466,0.2454928000006475,3.289950299998964,193.91796875,7.6328125,193.23046875,,0.6098033792073795,0.7506616674640799,25.0,22.0,0.0058,known_synthetic_noise,0.5025999999999999,0.4345360705693533,75.5,129.0,2.0,0.1,0.9,full_partition,target-discovery-v1,0.0,0.05,0.8659333333333333,0.924544356523908,0.0006,0.9916807373668676,2.0,pairwise_f1,hungarian,1.0,0.0,151.0,0.0227418267634643,0.0115125049622866,0.0115125049622866,0.0019,0.7631578947368421,0.0058,0.7710870686100197,0.7926645589207106,0.7506531893141307,0.0019,151.0,macro,2.0,2.0,0.9994,0.8575596361764201,0.7509768560264503,0.9994,25.0,2.0,1.0,1.0,2.0,149.0,0.0,0.8659333333333333,1.0,0.924544356523908,0.9916807373668678,"{""dimension"": 2, ""family"": ""moons"", ""n"": 20000}","{""eps_values"": [0.018178705126047134, 0.055762823671102524, 0.17132899165153503], ""geometry_profile"": ""low_dim"", ""knee_prominence"": 0.03, ""knn_backend"": ""kd_tree"", ""max_eps_values"": 3, ""min_samples"": 5}",fresh,native_target_discovery_v1
ok,synthetic,moons_2d__quality__n20000,VDBSCAN-2007,223,0.2.4,20000.0,2.0,0.0571583999990252,0.2372701999993296,3.17684090000148,193.13671875,6.47265625,192.83984375,,0.6176619225565562,0.7516086064937836,31.0,27.0,0.0082,known_synthetic_noise,0.5035333333333334,0.4369022617359312,74.0,121.0,2.0,0.1,0.9,full_partition,target-discovery-v1,0.0,0.05,0.8663333333333334,0.923989836477782,0.0011333333333333,0.989869074861354,2.0,pairwise_f1,hungarian,1.0,0.0,148.0,0.0318647964877955,0.0162119414788453,0.0162119414788453,0.0029,0.7068965517241379,0.0082,0.7716737457195632,0.7928490761906484,0.7516000889007424,0.0029,148.0,macro,2.0,2.0,0.9988666666666668,0.857592581993017,0.7513288536756594,0.9988666666666668,31.0,2.0,1.0,1.0,2.0,146.0,0.0,0.8663333333333333,1.0,0.923989836477782,0.989869074861354,"{""dimension"": 2, ""family"": ""moons"", ""n"": 20000}","{""eps_values"": [0.018215211108326912, 0.05539616569876671, 0.17123199999332428], ""geometry_profile"": ""low_dim"", ""knee_prominence"": 0.03, ""knn_backend"": ""kd_tree"", ""max_eps_values"": 3, ""min_samples"": 5}",fresh,native_target_discovery_v1
ok,synthetic,moons_2d__quality__n20000,VDBSCAN-2007,227,0.2.4,20000.0,2.0,0.0607145000012678,0.2385680999996111,3.086737499999799,192.328125,5.97265625,193.15234375,,0.6158459153321402,0.7517149994020715,28.0,26.0,0.0102,known_synthetic_noise,0.5045666666666667,0.4390005178991291,73.5,121.0,2.0,0.1,0.9,full_partition,target-discovery-v1,0.0,0.05,0.8664666666666667,0.9240010247641636,0.0010666666666666,0.9897195587937304,2.0,pairwise_f1,hungarian,1.0,0.0,147.0,0.0394020964569742,0.0201302545885139,0.0201302545885139,0.00335,0.7611940298507462,0.0102,0.7721080862896706,0.7936453202516035,0.751708885629195,0.00335,147.0,macro,2.0,2.0,0.9989333333333332,0.8578707812097444,0.7517182561581297,0.9989333333333332,28.0,2.0,1.0,1.0,2.0,145.0,0.0,0.8664666666666667,1.0,0.9240010247641632,0.9897195587937304,"{""dimension"": 2, ""family"": ""moons"", ""n"": 20000}","{""eps_values"": [0.018054800108075142, 0.055250320583581924, 0.16965562105178833], ""geometry_profile"": ""low_dim"", ""knee_prominence"": 0.03, ""knn_backend"": ""kd_tree"", ""max_eps_values"": 3, ""min_samples"": 5}",fresh,native_target_discovery_v1
ok,synthetic,moons_2d__quality__n20000,kNN+Leiden,23,0.2.4,20000.0,2.0,0.0575434000002132,0.7058611000011297,4.232962399999451,287.4296875,71.40625,292.67578125,,0.4095780561109808,0.1381020101615806,5.0,5.0,0.0,known_synthetic_noise,0.5,0.4285714285714285,10.0,15.0,2.0,0.1,0.9,full_partition,target-discovery-v1,13.0,0.05,0.1787333333333333,0.3012388943292805,0.0,0.95756598013045,2.0,pairwise_f1,hungarian,7.5,0.0,20.0,0.0,0.0,0.0,0.0,0.0,0.0,0.233210567397937,0.7493440982932614,0.1380940747655243,0.0,20.0,macro,0.0,0.0,1.0,0.8571428571428571,0.75,1.0,5.0,2.0,1.0,0.0,2.0,18.0,0.0,0.1787333333333333,1.0,0.3012388943292805,0.95756598013045,"{""dimension"": 2, ""family"": ""moons"", ""n"": 20000}","{""edge_rank"": 15, ""geometry_profile"": ""low_dim"", ""k"": 20, ""knn_backend"": ""kd_tree"", ""resolution"": 0.5, ""symmetrization"": ""union"", ""weights"": ""1/(1+d)""}",development,native_target_discovery_v1
ok,synthetic,moons_2d__quality__n20000,kNN+Leiden,42,0.2.4,20000.0,2.0,0.0565015000011044,1.3545647999999346,4.915409699999145,288.3984375,72.30859375,293.52734375,,0.3943776671010725,0.1223014592017993,4.0,4.0,0.0,known_synthetic_noise,0.5,0.4285714285714285,10.5,17.0,2.0,0.1,0.9,full_partition,target-discovery-v1,15.0,0.05,0.1556666666666666,0.2681922809732108,0.0,0.9693689319717838,2.0,pairwise_f1,hungarian,8.5,0.0,21.0,0.0,0.0,0.0,0.0,0.0,0.0,0.2082026209359285,0.6981366407952454,0.1223444725963461,0.0,21.0,macro,0.0,0.0,1.0,0.8571428571428571,0.75,1.0,4.0,2.0,1.0,0.0,2.0,19.0,0.0,0.1556666666666666,1.0,0.2681922809732108,0.9693689319717838,"{""dimension"": 2, ""family"": ""moons"", ""n"": 20000}","{""edge_rank"": 15, ""geometry_profile"": ""low_dim"", ""k"": 20, ""knn_backend"": ""kd_tree"", ""resolution"": 0.5, ""symmetrization"": ""union"", ""weights"": ""1/(1+d)""}",development,native_target_discovery_v1
ok,synthetic,moons_2d__quality__n20000,kNN+Leiden,73,0.2.4,20000.0,2.0,0.0573408000000199,0.6965050999988307,4.335627299999032,288.01171875,72.2734375,292.70703125,,0.3963866734900171,0.1248421151422253,5.0,5.0,0.0,known_synthetic_noise,0.5,0.4285714285714285,11.0,17.0,2.0,0.1,0.9,full_partition,target-discovery-v1,15.0,0.05,0.1711333333333333,0.290707743111714,0.0,0.967640017863078,2.0,pairwise_f1,hungarian,8.5,0.0,22.0,0.0,0.0,0.0,0.0,0.0,0.0,0.2134300924500986,0.7352049006518495,0.1248348313108414,0.0,22.0,macro,0.0,0.0,1.0,0.8571428571428571,0.75,1.0,5.0,2.0,1.0,0.0,2.0,20.0,0.0,0.1711333333333333,1.0,0.2907077431117139,0.967640017863078,"{""dimension"": 2, ""family"": ""moons"", ""n"": 20000}","{""edge_rank"": 15, ""geometry_profile"": ""low_dim"", ""k"": 20, ""knn_backend"": ""kd_tree"", ""resolution"": 0.5, ""symmetrization"": ""union"", ""weights"": ""1/(1+d)""}",development,native_target_discovery_v1
ok,synthetic,moons_2d__quality__n20000,kNN+Leiden,101,0.2.4,20000.0,2.0,0.0643467999998392,0.9614067999991676,4.943728700000065,286.95703125,71.828125,292.44140625,,0.4013160805222777,0.1294585369590238,5.0,5.0,0.0,known_synthetic_noise,0.5,0.4285714285714285,10.5,16.0,2.0,0.1,0.9,full_partition,target-discovery-v1,14.0,0.05,0.1708666666666666,0.2895372219189747,0.0,0.950504681821916,2.0,pairwise_f1,hungarian,8.0,0.0,21.0,0.0,0.0,0.0,0.0,0.0,0.0,0.2201310280707611,0.7340191721049452,0.1294810863670711,0.0,21.0,macro,0.0,0.0,1.0,0.8571428571428571,0.75,1.0,5.0,2.0,1.0,0.0,2.0,19.0,0.0,0.1708666666666666,1.0,0.2895372219189747,0.950504681821916,"{""dimension"": 2, ""family"": ""moons"", ""n"": 20000}","{""edge_rank"": 15, ""geometry_profile"": ""low_dim"", ""k"": 20, ""knn_backend"": ""kd_tree"", ""resolution"": 0.5, ""symmetrization"": ""union"", ""weights"": ""1/(1+d)""}",development,native_target_discovery_v1
ok,synthetic,moons_2d__quality__n20000,kNN+Leiden,151,0.2.4,20000.0,2.0,0.0702555000007123,1.4435324000005494,5.8874548000003415,287.9453125,72.328125,293.13671875,,0.4119360020819134,0.1429151848203948,5.0,5.0,0.0,known_synthetic_noise,0.5,0.4285714285714285,10.0,15.0,2.0,0.1,0.9,full_partition,target-discovery-v1,13.0,0.05,0.1816666666666666,0.3060911725325621,0.0,0.971472563877297,2.0,pairwise_f1,hungarian,7.5,0.0,20.0,0.0,0.0,0.0,0.0,0.0,0.0,0.2396915204598576,0.7426654669365506,0.1429070187136062,0.0,20.0,macro,0.0,0.0,1.0,0.8571428571428571,0.75,1.0,5.0,2.0,1.0,0.0,2.0,18.0,0.0,0.1816666666666666,1.0,0.306091172532562,0.971472563877297,"{""dimension"": 2, ""family"": ""moons"", ""n"": 20000}","{""edge_rank"": 15, ""geometry_profile"": ""low_dim"", ""k"": 20, ""knn_backend"": ""kd_tree"", ""resolution"": 0.5, ""symmetrization"": ""union"", ""weights"": ""1/(1+d)""}",development,native_target_discovery_v1
ok,synthetic,moons_2d__quality__n20000,kNN+Leiden,211,0.2.4,20000.0,2.0,0.061903899999379,1.0708159999994675,5.020701400000689,288.0,72.17578125,292.9921875,,0.3965461423799511,0.1250662806837623,5.0,5.0,0.0,known_synthetic_noise,0.5,0.4285714285714285,11.0,17.0,2.0,0.1,0.9,full_partition,target-discovery-v1,15.0,0.05,0.1513333333333333,0.2610538928164312,0.0,0.9668251617889104,2.0,pairwise_f1,hungarian,8.5,0.0,22.0,0.0,0.0,0.0,0.0,0.0,0.0,0.2135203660467091,0.7296280786110321,0.1250589856425301,0.0,22.0,macro,0.0,0.0,1.0,0.8571428571428571,0.75,1.0,5.0,2.0,1.0,0.0,2.0,20.0,0.0,0.1513333333333333,1.0,0.2610538928164312,0.9668251617889104,"{""dimension"": 2, ""family"": ""moons"", ""n"": 20000}","{""edge_rank"": 15, ""geometry_profile"": ""low_dim"", ""k"": 20, ""knn_backend"": ""kd_tree"", ""resolution"": 0.5, ""symmetrization"": ""union"", ""weights"": ""1/(1+d)""}",fresh,native_target_discovery_v1
ok,synthetic,moons_2d__quality__n20000,kNN+Leiden,223,0.2.4,20000.0,2.0,0.0594851999994716,1.2286277000002883,4.98695939999925,288.078125,72.26171875,293.12109375,,0.4048668593356568,0.1356577081469113,4.0,4.0,0.0,known_synthetic_noise,0.5,0.4285714285714285,10.0,16.0,2.0,0.1,0.9,full_partition,target-discovery-v1,14.0,0.05,0.1858666666666666,0.3119841211193621,0.0,0.971012188015927,2.0,pairwise_f1,hungarian,8.0,0.0,20.0,0.0,0.0,0.0,0.0,0.0,0.0,0.2281311810753679,0.71686292970565,0.1356498910965906,0.0,20.0,macro,0.0,0.0,1.0,0.8571428571428571,0.75,1.0,4.0,2.0,1.0,0.0,2.0,18.0,0.0,0.1858666666666666,1.0,0.3119841211193621,0.9710121880159268,"{""dimension"": 2, ""family"": ""moons"", ""n"": 20000}","{""edge_rank"": 15, ""geometry_profile"": ""low_dim"", ""k"": 20, ""knn_backend"": ""kd_tree"", ""resolution"": 0.5, ""symmetrization"": ""union"", ""weights"": ""1/(1+d)""}",fresh,native_target_discovery_v1
ok,synthetic,moons_2d__quality__n20000,kNN+Leiden,227,0.2.4,20000.0,2.0,0.0584646999996039,0.8296879999998055,4.403089999999793,286.9453125,71.30078125,291.83203125,,0.4019318681614425,0.1298423395564303,4.0,4.0,0.0,known_synthetic_noise,0.5,0.4285714285714285,10.0,16.0,2.0,0.1,0.9,full_partition,target-discovery-v1,14.0,0.05,0.1584,0.2714465085333946,0.0,0.9542231142873818,2.0,pairwise_f1,hungarian,8.0,0.0,20.0,0.0,0.0,0.0,0.0,0.0,0.0,0.2191875102497832,0.7023176791417531,0.1298574743299106,0.0,20.0,macro,0.0,0.0,1.0,0.8571428571428571,0.75,1.0,4.0,2.0,1.0,0.0,2.0,18.0,0.0,0.1584,1.0,0.2714465085333946,0.954223114287382,"{""dimension"": 2, ""family"": ""moons"", ""n"": 20000}","{""edge_rank"": 15, ""geometry_profile"": ""low_dim"", ""k"": 20, ""knn_backend"": ""kd_tree"", ""resolution"": 0.5, ""symmetrization"": ""union"", ""weights"": ""1/(1+d)""}",fresh,native_target_discovery_v1
ok,synthetic,moons_2d__quality__n20000,kNN-DBSCAN,23,0.2.4,20000.0,2.0,0.0572687000003497,0.0670566000007966,2.945831299999554,190.453125,4.00390625,188.68359375,,0.1479133293886029,0.0014769410230726,0.0,0.0,0.9874,known_synthetic_noise,0.7673000000000001,0.6478299431365574,362.0,724.0,0.0,0.1,0.9,full_partition,target-discovery-v1,0.0,0.05,0.0108666666666666,0.0214979234767545,0.4528,0.9936708860759492,2.0,pairwise_f1,hungarian,0.0,0.0,724.0,0.0414848523285678,0.5902325303365413,0.5902325303365413,0.58645,0.4209224997868531,0.9874,0.002955605852064,0.986711869228672,0.0014800195581633,0.58645,724.0,macro,0.0,0.0,0.5472,0.7054273559365735,0.9923830250272034,0.5472,0.0,2.0,0.0,0.0,2.0,722.0,0.0,0.0108666666666666,0.0,0.0214979234767545,0.9936708860759492,"{""dimension"": 2, ""family"": ""moons"", ""n"": 20000}","{""eps"": 0.01033109426498413, ""eps_quantile"": 0.25, ""geometry_profile"": ""low_dim"", ""k"": 4, ""knn_backend"": ""kd_tree"", ""min_samples"": 5}",development,native_target_discovery_v1
ok,synthetic,moons_2d__quality__n20000,kNN-DBSCAN,42,0.2.4,20000.0,2.0,0.0582878999994136,0.0677553999994415,2.918417100001534,188.890625,2.67578125,189.1640625,,0.1469088972248198,0.0013573229766247,0.0,0.0,0.984,known_synthetic_noise,0.7646666666666666,0.6455835082301673,367.0,734.0,0.0,0.1,0.9,full_partition,target-discovery-v1,0.0,0.05,0.0087999999999999,0.0174406565112122,0.4546666666666666,0.9636460554371002,2.0,pairwise_f1,hungarian,0.0,0.0,734.0,0.0338761933188203,0.5878136200716845,0.5878136200716845,0.587,0.4190800681431005,0.984,0.002694744748805,0.9792621078576867,0.0013492287860603,0.587,734.0,macro,0.0,0.0,0.5453333333333333,0.70335339638865,0.9903147699757868,0.5453333333333333,0.0,2.0,0.0,0.0,2.0,732.0,0.0,0.0088,0.0,0.0174406565112122,0.9636460554371002,"{""dimension"": 2, ""family"": ""moons"", ""n"": 20000}","{""eps"": 0.010251116938889027, ""eps_quantile"": 0.25, ""geometry_profile"": ""low_dim"", ""k"": 4, ""knn_backend"": ""kd_tree"", ""min_samples"": 5}",development,native_target_discovery_v1
ok,synthetic,moons_2d__quality__n20000,kNN-DBSCAN,73,0.2.4,20000.0,2.0,0.0579143999984808,0.0671204999998735,2.92699999999968,191.03515625,4.62109375,191.16015625,,0.1484070931789009,0.001718893107411,0.0,0.0,0.9862,known_synthetic_noise,0.7646,0.6446225588241281,355.5,711.0,0.0,0.1,0.9,full_partition,target-discovery-v1,0.0,0.05,0.0168,0.0330164017612576,0.4569999999999999,1.0,2.0,pairwise_f1,hungarian,0.0,0.0,711.0,0.0625194097254977,0.5875134040271655,0.5875134040271655,0.5893,0.4183777362973019,0.9862,0.0033572843186578,0.9862345138280566,0.00168150420056,0.5893,711.0,macro,0.0,0.0,0.543,0.7017317136210907,0.991599707815924,0.543,0.0,2.0,0.0,0.0,2.0,709.0,0.0,0.0168,0.0,0.0330164017612576,1.0,"{""dimension"": 2, ""family"": ""moons"", ""n"": 20000}","{""eps"": 0.01032788772135973, ""eps_quantile"": 0.25, ""geometry_profile"": ""low_dim"", ""k"": 4, ""knn_backend"": ""kd_tree"", ""min_samples"": 5}",development,native_target_discovery_v1
ok,synthetic,moons_2d__quality__n20000,kNN-DBSCAN,101,0.2.4,20000.0,2.0,0.0603680000003805,0.0680700000011711,2.9515929000008327,187.96484375,1.97265625,188.5234375,,0.145797501698383,0.0015326157468897,0.0,0.0,0.983,known_synthetic_noise,0.7640666666666667,0.6451607034196964,380.5,761.0,0.0,0.1,0.9,full_partition,target-discovery-v1,0.0,0.05,0.0106666666666666,0.0211064262043303,0.4548666666666666,0.9940476190476192,2.0,pairwise_f1,hungarian,0.0,0.0,761.0,0.0407483998458683,0.587286414147449,0.587286414147449,0.5869,0.4187255069006645,0.983,0.0025957048756962,0.9826700726001614,0.0012995688313997,0.5869,761.0,macro,0.0,0.0,0.5451333333333334,0.703034992691944,0.9897119341563786,0.5451333333333334,0.0,2.0,0.0,0.0,2.0,759.0,0.0,0.0106666666666666,0.0,0.0211064262043303,0.9940476190476192,"{""dimension"": 2, ""family"": ""moons"", ""n"": 20000}","{""eps"": 0.010371357202529907, ""eps_quantile"": 0.25, ""geometry_profile"": ""low_dim"", ""k"": 4, ""knn_backend"": ""kd_tree"", ""min_samples"": 5}",development,native_target_discovery_v1
ok,synthetic,moons_2d__quality__n20000,kNN-DBSCAN,151,0.2.4,20000.0,2.0,0.0578688999994483,0.0715866999998979,3.050533100000393,188.609375,2.46875,188.88671875,,0.1494099443124158,0.0018939312153511,0.0,0.0,0.9856,known_synthetic_noise,0.7668333333333334,0.6479048329368434,354.0,708.0,0.0,0.1,0.9,full_partition,target-discovery-v1,0.0,0.05,0.0158,0.0310897522595669,0.4519333333333333,1.0,2.0,pairwise_f1,hungarian,0.0,0.0,708.0,0.059066659836947,0.5899323636798947,0.5899323636798947,0.58535,0.420944733919877,0.9856,0.0035329372414053,0.9855722575406493,0.0017696403964973,0.58535,708.0,macro,0.0,0.0,0.5480666666666667,0.7058773021937922,0.9913179790184492,0.5480666666666667,0.0,2.0,0.0,0.0,2.0,706.0,0.0,0.0158,0.0,0.0310897522595669,1.0,"{""dimension"": 2, ""family"": ""moons"", ""n"": 20000}","{""eps"": 0.010396523401141167, ""eps_quantile"": 0.25, ""geometry_profile"": ""low_dim"", ""k"": 4, ""knn_backend"": ""kd_tree"", ""min_samples"": 5}",development,native_target_discovery_v1
ok,synthetic,moons_2d__quality__n20000,kNN-DBSCAN,211,0.2.4,20000.0,2.0,0.0592699999997421,0.0664606999998795,3.057487800000672,188.85546875,2.65625,189.12109375,,0.1493981356318461,0.001629219680487,1.0,0.0,0.9892,known_synthetic_noise,0.7661333333333333,0.6455254515599343,343.5,687.0,0.0,0.1,0.9,full_partition,target-discovery-v1,0.0,0.05,0.0111333333333333,0.0220194224181216,0.4569333333333333,0.99375,2.0,pairwise_f1,hungarian,0.0,0.0,687.0,0.0424513137717053,0.5888095238095238,0.5888095238095238,0.59,0.4191525423728813,0.9892,0.0032814164176756,0.9881652376574228,0.0016434369026981,0.59,687.0,macro,0.0,0.0,0.5430666666666667,0.7022413793103449,0.9934146341463416,0.5430666666666667,1.0,2.0,0.0,0.0,2.0,685.0,0.0,0.0111333333333333,0.0,0.0220194224181216,0.99375,"{""dimension"": 2, ""family"": ""moons"", ""n"": 20000}","{""eps"": 0.010451171547174454, ""eps_quantile"": 0.25, ""geometry_profile"": ""low_dim"", ""k"": 4, ""knn_backend"": ""kd_tree"", ""min_samples"": 5}",fresh,native_target_discovery_v1
ok,synthetic,moons_2d__quality__n20000,kNN-DBSCAN,223,0.2.4,20000.0,2.0,0.0577812999999878,0.0676576000005297,2.9767553999990923,188.42578125,2.66015625,187.45703125,,0.1474577982961135,0.0014513455185937,0.0,0.0,0.987,known_synthetic_noise,0.7596,0.6374802021805981,345.5,691.0,0.0,0.1,0.9,full_partition,target-discovery-v1,0.0,0.05,0.0125333333333333,0.02475607835755,0.4678,1.0,2.0,pairwise_f1,hungarian,0.0,0.0,691.0,0.0474927983431202,0.5822321849929212,0.5822321849929212,0.5976,0.4129016064257028,0.987,0.0029496224958292,0.988587409258598,0.0014770147130728,0.5976,691.0,macro,0.0,0.0,0.5322,0.6927282193682749,0.9919234592445328,0.5322,0.0,2.0,0.0,0.0,2.0,689.0,0.0,0.0125333333333333,0.0,0.02475607835755,1.0,"{""dimension"": 2, ""family"": ""moons"", ""n"": 20000}","{""eps"": 0.010262791067361832, ""eps_quantile"": 0.25, ""geometry_profile"": ""low_dim"", ""k"": 4, ""knn_backend"": ""kd_tree"", ""min_samples"": 5}",fresh,native_target_discovery_v1
ok,synthetic,moons_2d__quality__n20000,kNN-DBSCAN,227,0.2.4,20000.0,2.0,0.0585061999991012,0.0682292000001325,2.965378299999429,188.234375,1.71484375,189.74609375,,0.148120855255148,0.0016941120635131,0.0,0.0,0.9828,known_synthetic_noise,0.7617,0.6420141794863785,357.5,715.0,0.0,0.1,0.9,full_partition,target-discovery-v1,0.0,0.05,0.0135333333333333,0.0266711716797389,0.4594,0.9782695374800638,2.0,pairwise_f1,hungarian,0.0,0.0,715.0,0.0510157538146936,0.5848259446593275,0.5848259446593275,0.59025,0.416264294790343,0.9828,0.0032219964843685,0.978427504123678,0.0016136551540205,0.59025,715.0,macro,0.0,0.0,0.5406,0.6992024143134297,0.9895057962172056,0.5406,0.0,2.0,0.0,0.0,2.0,713.0,0.0,0.0135333333333333,0.0,0.0266711716797389,0.9782695374800638,"{""dimension"": 2, ""family"": ""moons"", ""n"": 20000}","{""eps"": 0.010448898188769817, ""eps_quantile"": 0.25, ""geometry_profile"": ""low_dim"", ""k"": 4, ""knn_backend"": ""kd_tree"", ""min_samples"": 5}",fresh,native_target_discovery_v1
ok,synthetic,multidensity_2d__quality__n20000,AMD-DBSCAN,23,0.2.4,20000.0,2.0,0.0051506999998309,13.041126000000077,19.224276500000087,6277.84375,6094.828125,6277.84375,,0.9683831124344788,0.977361926388044,2.0,1.0,0.0,known_synthetic_noise,0.5,0.2,1.5,8.0,6.0,0.1,0.9,full_partition,target-discovery-v1,0.0,0.05,0.9839759229745804,0.9881143965100572,0.0,0.9923257185077534,6.0,pairwise_f1,hungarian,1.0,0.0,9.0,0.0,0.0,0.0,0.0,0.0,0.0,0.0352355854830106,0.0179457124455251,0.9641501824628422,0.0,9.0,macro,6.0,6.0,1.0,0.4,0.25,1.0,2.0,6.0,1.0,1.0,6.0,3.0,0.0,0.9828,1.0,0.9875253102363092,0.9923345513752848,"{""dimension"": 2, ""family"": ""multidensity"", ""n"": 20000}","{""adaptive_rank"": 71, ""balance_rounds"": 3, ""eps_values"": [0.24227975936323579, 3.911654586871383, 4.249234407000724], ""geometry_profile"": ""low_dim"", ""knn_backend"": ""kd_tree"", ""n_density_levels"": 3}",development,native_target_discovery_v1
ok,synthetic,multidensity_2d__quality__n20000,AMD-DBSCAN,42,0.2.4,20000.0,2.0,0.0054699000002074,10.255423700000392,16.979501099999652,6286.5234375,6103.9453125,6286.53515625,,0.9710932061758905,0.9803223492349572,2.0,1.0,0.0,known_synthetic_noise,0.5,0.2,1.5,8.0,6.0,0.1,0.9,full_partition,target-discovery-v1,0.0,0.05,0.9850474342163468,0.9863737404506234,0.0,0.9877500708145458,6.0,pairwise_f1,hungarian,1.0,0.0,9.0,0.0,0.0,0.0,0.0,0.0,0.0,0.0358784464491707,0.018277666332562,0.968810203654421,0.0,9.0,macro,6.0,6.0,1.0,0.4,0.25,1.0,2.0,6.0,1.0,1.0,6.0,3.0,0.0,0.9846,1.0,0.985969618777655,0.987390850452496,"{""dimension"": 2, ""family"": ""multidensity"", ""n"": 20000}","{""adaptive_rank"": 71, ""balance_rounds"": 3, ""eps_values"": [0.24355713268986148, 3.9370451724781583, 4.257264140679692], ""geometry_profile"": ""low_dim"", ""knn_backend"": ""kd_tree"", ""n_density_levels"": 3}",development,native_target_discovery_v1
ok,synthetic,multidensity_2d__quality__n20000,AMD-DBSCAN,73,0.2.4,20000.0,2.0,0.0021593999999822,4.886506999999256,8.009769999999662,6286.6640625,6103.65625,6286.6640625,,0.9737038836634808,0.9812679594834364,1.0,0.0,0.0,known_synthetic_noise,0.5,0.2,1.3333333333333333,8.0,6.0,0.1,0.9,full_partition,target-discovery-v1,0.0,0.05,0.9868241078081518,0.9887511833618196,0.0,0.9907072681983308,6.0,pairwise_f1,hungarian,1.0,0.0,8.0,0.0,0.0,0.0,0.0,0.0,0.0,0.0355825411878519,0.0181236621430208,0.9700697211387428,0.0,8.0,macro,6.0,6.0,1.0,0.4,0.25,1.0,1.0,6.0,1.0,1.0,6.0,2.0,0.0,0.9858,1.0,0.9880566945142024,0.9903454914469938,"{""dimension"": 2, ""family"": ""multidensity"", ""n"": 20000}","{""adaptive_rank"": 71, ""balance_rounds"": 3, ""eps_values"": [0.23943075752388934, 3.927180210259612, 4.255163425552679], ""geometry_profile"": ""low_dim"", ""knn_backend"": ""kd_tree"", ""n_density_levels"": 3}",development,native_target_discovery_v1
ok,synthetic,multidensity_2d__quality__n20000,AMD-DBSCAN,101,0.2.4,20000.0,2.0,0.0022910999996383,4.419283900000664,7.897229799999877,6286.359375,6103.64453125,6286.359375,,0.9694975567957144,0.979078129382372,2.0,1.0,0.0,known_synthetic_noise,0.5,0.2,1.5,8.0,6.0,0.1,0.9,full_partition,target-discovery-v1,0.0,0.05,0.9844919729542267,0.9869634495415816,0.0,0.9894543469927624,6.0,pairwise_f1,hungarian,1.0,0.0,9.0,0.0,0.0,0.0,0.0,0.0,0.0,0.0358473250285209,0.018262186754565,0.9669182681474922,0.0,9.0,macro,6.0,6.0,1.0,0.4,0.25,1.0,2.0,6.0,1.0,1.0,6.0,3.0,0.0,0.9838,1.0,0.9865598402614244,0.9893429502089288,"{""dimension"": 2, ""family"": ""multidensity"", ""n"": 20000}","{""adaptive_rank"": 71, ""balance_rounds"": 3, ""eps_values"": [0.2432489871228662, 3.9343537639802797, 4.251362072284003], ""geometry_profile"": ""low_dim"", ""knn_backend"": ""kd_tree"", ""n_density_levels"": 3}",development,native_target_discovery_v1
ok,synthetic,multidensity_2d__quality__n20000,AMD-DBSCAN,151,0.2.4,20000.0,2.0,0.0021053000000392,4.329237499999181,6.97871749999922,6286.65234375,6103.64453125,6286.65234375,,0.9720980362225244,0.9801521880105464,1.0,0.0,0.0,known_synthetic_noise,0.5,0.2,1.5,9.0,6.0,0.1,0.9,full_partition,target-discovery-v1,0.0,0.05,0.985782251881881,0.9871112291483172,0.0,0.98846850300948,6.0,pairwise_f1,hungarian,1.0,0.0,9.0,0.0,0.0,0.0,0.0,0.0,0.0,0.0357138408417947,0.0181923802162634,0.9684018480783184,0.0,9.0,macro,6.0,6.0,1.0,0.4,0.25,1.0,1.0,6.0,1.0,1.0,6.0,3.0,0.0,0.9848,1.0,0.9865620297039304,0.9883539250940772,"{""dimension"": 2, ""family"": ""multidensity"", ""n"": 20000}","{""adaptive_rank"": 71, ""balance_rounds"": 3, ""eps_values"": [0.2361379303996546, 3.9363479863569024, 4.262271044778352], ""geometry_profile"": ""low_dim"", ""knn_backend"": ""kd_tree"", ""n_density_levels"": 3}",development,native_target_discovery_v1
ok,synthetic,multidensity_2d__quality__n20000,AMD-DBSCAN,211,0.2.4,20000.0,2.0,0.0023022000004857,4.508971199999905,7.206368099999963,6286.265625,6103.64453125,6286.265625,,0.9728928870093008,0.9809084079257848,3.0,2.0,0.0,known_synthetic_noise,0.5,0.2,1.5,7.0,6.0,0.1,0.9,full_partition,target-discovery-v1,0.0,0.05,0.9863469715868955,0.9887557281582522,0.0,0.9911904100221112,6.0,pairwise_f1,hungarian,1.0,0.0,9.0,0.0,0.0,0.0,0.0,0.0,0.0,0.0357185023469919,0.0181943355467455,0.9697175828076532,0.0,9.0,macro,6.0,6.0,1.0,0.4,0.25,1.0,3.0,6.0,1.0,1.0,6.0,3.0,0.0,0.9854,1.0,0.9879609565329794,0.9905494446993934,"{""dimension"": 2, ""family"": ""multidensity"", ""n"": 20000}","{""adaptive_rank"": 71, ""balance_rounds"": 3, ""eps_values"": [0.23938913589630062, 3.935515013915333, 4.276483424856541], ""geometry_profile"": ""low_dim"", ""knn_backend"": ""kd_tree"", ""n_density_levels"": 3}",fresh,native_target_discovery_v1
ok,synthetic,multidensity_2d__quality__n20000,AMD-DBSCAN,223,0.2.4,20000.0,2.0,0.0024333999999726,4.556650599999557,7.247128199999679,6286.8203125,6103.64453125,6286.8203125,,0.9676401481797916,0.9778271575556264,2.0,1.0,0.0,known_synthetic_noise,0.5,0.2,1.6666666666666667,9.0,6.0,0.1,0.9,full_partition,target-discovery-v1,0.0,0.05,0.983155939792879,0.986725930088174,0.0,0.9903396533015772,6.0,pairwise_f1,hungarian,1.0,0.0,10.0,0.0,0.0,0.0,0.0,0.0,0.0,0.0353183948567641,0.017988396783383,0.9649491877554088,0.0,10.0,macro,6.0,6.0,1.0,0.4,0.25,1.0,2.0,6.0,1.0,1.0,6.0,4.0,0.0,0.9826,1.0,0.9861489311255746,0.9897425149164072,"{""dimension"": 2, ""family"": ""multidensity"", ""n"": 20000}","{""adaptive_rank"": 71, ""balance_rounds"": 3, ""eps_values"": [0.24061706804271224, 3.9343170038136965, 4.2542558402654524], ""geometry_profile"": ""low_dim"", ""knn_backend"": ""kd_tree"", ""n_density_levels"": 3}",fresh,native_target_discovery_v1
ok,synthetic,multidensity_2d__quality__n20000,AMD-DBSCAN,227,0.2.4,20000.0,2.0,0.0021065000000817,4.956419999999525,7.7123350000001665,6286.30859375,6103.9453125,6286.30859375,,0.9730637337627716,0.9802052977104104,3.0,2.0,0.0,known_synthetic_noise,0.5,0.2,1.5,7.0,6.0,0.1,0.9,full_partition,target-discovery-v1,0.0,0.05,0.9861541872170267,0.98720181494691,0.0,0.9882872890320412,6.0,pairwise_f1,hungarian,1.0,0.0,9.0,0.0,0.0,0.0,0.0,0.0,0.0,0.0358389011461255,0.0182572053736931,0.9686289837642814,0.0,9.0,macro,6.0,6.0,1.0,0.4,0.25,1.0,3.0,6.0,1.0,1.0,6.0,3.0,0.0,0.985,1.0,0.9864667837414064,0.987968722939296,"{""dimension"": 2, ""family"": ""multidensity"", ""n"": 20000}","{""adaptive_rank"": 71, ""balance_rounds"": 3, ""eps_values"": [0.24167910176069538, 3.9296688144836427, 4.251289720869684], ""geometry_profile"": ""low_dim"", ""knn_backend"": ""kd_tree"", ""n_density_levels"": 3}",fresh,native_target_discovery_v1
ok,synthetic,multidensity_2d__quality__n20000,DBSCAN,23,0.2.4,20000.0,2.0,0.0027149000006829,0.2536767000001418,3.024522800000341,208.390625,25.43359375,208.390625,,1.0,1.0,936.0,936.0,0.3143333333333333,known_synthetic_noise,0.6571666666666667,0.4856455539002889,157.0,6.0,6.0,0.1,0.9,full_partition,target-discovery-v1,0.0,0.05,1.0,0.9791727360776536,0.0,0.9593539748314368,6.0,pairwise_f1,hungarian,1.0,0.0,942.0,0.6426862545670927,0.478316003043368,0.478316003043368,0.23575,1.0,0.3143333333333333,0.9386470731274524,0.8843873224087028,1.0,0.23575,942.0,macro,6.0,6.0,1.0,0.4929751047572098,0.3271180896303565,1.0,936.0,6.0,1.0,1.0,6.0,936.0,0.0,1.0,1.0,0.9783652521142236,0.957798925194926,"{""dimension"": 2, ""family"": ""multidensity"", ""n"": 20000}","{""base_eps"": 1.207103967666626, ""eps"": 0.8449727773666381, ""eps_multiplier"": 0.7, ""geometry_profile"": ""low_dim"", ""knn_backend"": ""kd_tree"", ""min_samples"": 5}",development,native_target_discovery_v1
ok,synthetic,multidensity_2d__quality__n20000,DBSCAN,42,0.2.4,20000.0,2.0,0.0027008000006389,0.241783899999973,3.083784700000251,208.05078125,25.21484375,208.3984375,,1.0,1.0,923.0,923.0,0.3243333333333333,known_synthetic_noise,0.6621666666666667,0.4932269101510937,154.83333333333334,6.0,6.0,0.1,0.9,full_partition,target-discovery-v1,0.0,0.05,1.0,0.9797790270446116,0.0,0.9604436842444452,6.0,pairwise_f1,hungarian,1.0,0.0,929.0,0.6531119500725666,0.4898061917946136,0.4898061917946136,0.24325,1.0,0.3243333333333333,0.9419954767863724,0.8903510865200419,1.0,0.24325,929.0,macro,6.0,6.0,1.0,0.4966476285075738,0.3303600925008259,1.0,923.0,6.0,1.0,1.0,6.0,923.0,0.0,1.0,1.0,0.9796682606149212,0.9602272858562164,"{""dimension"": 2, ""family"": ""multidensity"", ""n"": 20000}","{""base_eps"": 1.2085827589035034, ""eps"": 0.8460079312324523, ""eps_multiplier"": 0.7, ""geometry_profile"": ""low_dim"", ""knn_backend"": ""kd_tree"", ""min_samples"": 5}",development,native_target_discovery_v1
ok,synthetic,multidensity_2d__quality__n20000,DBSCAN,73,0.2.4,20000.0,2.0,0.0023983000000953,0.2410207000002628,3.126480900000388,208.1953125,25.515625,206.375,,1.0,1.0,960.0,960.0,0.329,known_synthetic_noise,0.6645,0.4967446843657286,161.0,6.0,6.0,0.1,0.9,full_partition,target-discovery-v1,0.0,0.05,1.0,0.9737588203441068,0.0,0.9491065563029828,6.0,pairwise_f1,hungarian,1.0,0.0,966.0,0.6564468451426764,0.4951091045899172,0.4951091045899172,0.24675,1.0,0.329,0.9317968380610168,0.8723030143157746,1.0,0.24675,966.0,macro,6.0,6.0,1.0,0.49838026414154,0.3318951211417192,1.0,960.0,6.0,1.0,1.0,6.0,960.0,0.0,1.0,1.0,0.973557830253588,0.9487170946060982,"{""dimension"": 2, ""family"": ""multidensity"", ""n"": 20000}","{""base_eps"": 1.2127764225006104, ""eps"": 0.8489434957504272, ""eps_multiplier"": 0.7, ""geometry_profile"": ""low_dim"", ""knn_backend"": ""kd_tree"", ""min_samples"": 5}",development,native_target_discovery_v1
ok,synthetic,multidensity_2d__quality__n20000,DBSCAN,101,0.2.4,20000.0,2.0,0.0023802999994586,0.235631800000192,3.207418699999834,208.6484375,25.81640625,211.72265625,,0.929789417961442,0.8257722683372375,929.0,929.0,0.3250666666666666,known_synthetic_noise,0.6625333333333333,0.4937805409239931,155.66666666666666,5.0,4.0,0.1,0.9,full_partition,target-discovery-v1,0.0,0.05,0.8333333333333334,0.764236525229868,0.0,0.71987874731507,5.0,pairwise_f1,hungarian,1.0,1.0,934.0,0.5976140646184328,0.4906419802777219,0.4906419802777219,0.2438,1.0,0.3250666666666666,0.7938188939512317,0.6581257905387353,1.0,0.2438,934.0,macro,4.0,4.0,1.0,0.4969191015702643,0.3306003702724147,1.0,929.0,6.0,0.6666666666666666,0.6666666666666666,6.0,929.0,0.0,0.8528,0.6612,0.7759572258080002,0.7274143179865683,"{""dimension"": 2, ""family"": ""multidensity"", ""n"": 20000}","{""base_eps"": 1.2079554796218872, ""eps"": 0.845568835735321, ""eps_multiplier"": 0.7, ""geometry_profile"": ""low_dim"", ""knn_backend"": ""kd_tree"", ""min_samples"": 5}",development,native_target_discovery_v1
ok,synthetic,multidensity_2d__quality__n20000,DBSCAN,151,0.2.4,20000.0,2.0,0.0022498999996969,0.2381830999993326,3.00330380000014,208.3671875,25.546875,203.67578125,,1.0,1.0,912.0,912.0,0.3242666666666666,known_synthetic_noise,0.6621333333333334,0.4931765644843418,153.0,6.0,6.0,0.1,0.9,full_partition,target-discovery-v1,0.0,0.05,1.0,0.96856275639005,0.0,0.9391459810178868,6.0,pairwise_f1,hungarian,1.0,0.0,918.0,0.6505337735941776,0.4897301651228352,0.4897301651228352,0.2432,1.0,0.3242666666666666,0.926158640310564,0.8624724983385038,1.0,0.2432,918.0,macro,6.0,6.0,1.0,0.4966229638458482,0.330338266384778,1.0,912.0,6.0,1.0,1.0,6.0,912.0,0.0,1.0,1.0,0.9697083850010498,0.9413012600469716,"{""dimension"": 2, ""family"": ""multidensity"", ""n"": 20000}","{""base_eps"": 1.2099932432174683, ""eps"": 0.8469952702522278, ""eps_multiplier"": 0.7, ""geometry_profile"": ""low_dim"", ""knn_backend"": ""kd_tree"", ""min_samples"": 5}",development,native_target_discovery_v1
ok,synthetic,multidensity_2d__quality__n20000,DBSCAN,211,0.2.4,20000.0,2.0,0.0025589999995645,0.2725737999999182,3.80943550000029,207.8203125,24.7265625,208.796875,,1.0,1.0,942.0,942.0,0.3300666666666667,known_synthetic_noise,0.6650333333333334,0.4975469840257716,158.0,6.0,6.0,0.1,0.9,full_partition,target-discovery-v1,0.0,0.05,1.0,0.9721610268791192,0.0,0.945907310939706,6.0,pairwise_f1,hungarian,1.0,0.0,948.0,0.6571421230832132,0.4963159741366347,0.4963159741366347,0.24755,1.0,0.3300666666666667,0.9285841853579236,0.8666888920882057,1.0,0.24755,948.0,macro,6.0,6.0,1.0,0.4987779939149084,0.3322479898996611,1.0,942.0,6.0,1.0,1.0,6.0,942.0,0.0,1.0,1.0,0.9724277916479874,0.9464128821433998,"{""dimension"": 2, ""family"": ""multidensity"", ""n"": 20000}","{""base_eps"": 1.209120750427246, ""eps"": 0.8463845252990723, ""eps_multiplier"": 0.7, ""geometry_profile"": ""low_dim"", ""knn_backend"": ""kd_tree"", ""min_samples"": 5}",fresh,native_target_discovery_v1
ok,synthetic,multidensity_2d__quality__n20000,DBSCAN,223,0.2.4,20000.0,2.0,0.0022830000007161,0.2411804999992455,3.2247478000008414,209.01171875,26.29296875,203.71484375,,1.0000000000000002,1.0,927.0,927.0,0.323,known_synthetic_noise,0.6615,0.4922195014338049,155.5,6.0,6.0,0.1,0.9,full_partition,target-discovery-v1,0.0,0.05,1.0,0.9816402376729304,0.0,0.9639957004837392,6.0,pairwise_f1,hungarian,1.0,0.0,933.0,0.6521687884630067,0.4882842025699169,0.4882842025699169,0.24225,1.0,0.323,0.9469143707333068,0.8991807925369584,1.0,0.24225,933.0,macro,6.0,6.0,1.0,0.4961548002976929,0.3299241174529858,1.0,927.0,6.0,1.0,1.0,6.0,927.0,0.0,1.0,1.0,0.981576771837864,0.9638754916203672,"{""dimension"": 2, ""family"": ""multidensity"", ""n"": 20000}","{""base_eps"": 1.2110717296600342, ""eps"": 0.8477502107620238, ""eps_multiplier"": 0.7, ""geometry_profile"": ""low_dim"", ""knn_backend"": ""kd_tree"", ""min_samples"": 5}",fresh,native_target_discovery_v1
ok,synthetic,multidensity_2d__quality__n20000,DBSCAN,227,0.2.4,20000.0,2.0,0.0022655000002487,0.2470174000000042,3.1515996999996787,208.09765625,25.27734375,208.09765625,,1.0,1.0,920.0,920.0,0.3269333333333333,known_synthetic_noise,0.6634666666666666,0.4951883691400249,154.33333333333334,6.0,6.0,0.1,0.9,full_partition,target-discovery-v1,0.0,0.05,1.0,0.9743203386088398,0.0,0.9503621701139386,6.0,pairwise_f1,hungarian,1.0,0.0,926.0,0.6545101717947519,0.4927652733118971,0.4927652733118971,0.2452,1.0,0.3269333333333333,0.934902156147558,0.8777617582681715,1.0,0.2452,926.0,macro,6.0,6.0,1.0,0.4976114649681528,0.3312135665076841,1.0,920.0,6.0,1.0,1.0,6.0,920.0,0.0,1.0,1.0,0.9750775904682176,0.9517731257299386,"{""dimension"": 2, ""family"": ""multidensity"", ""n"": 20000}","{""base_eps"": 1.2067087888717651, ""eps"": 0.8446961522102355, ""eps_multiplier"": 0.7, ""geometry_profile"": ""low_dim"", ""knn_backend"": ""kd_tree"", ""min_samples"": 5}",fresh,native_target_discovery_v1
ok,synthetic,multidensity_2d__quality__n20000,HDBSCAN,23,0.2.4,20000.0,2.0,0.0025370000003022,2.722251099999994,5.638560700000198,187.6484375,4.9609375,190.56640625,,1.0,1.0,87.0,87.0,0.3953333333333333,known_synthetic_noise,0.6976666666666667,0.5455172947706177,15.5,6.0,4.0,0.1,0.9,full_partition,target-discovery-v1,0.0,0.05,1.0,0.9624901852997768,0.0,0.9280661834478884,6.0,pairwise_f1,hungarian,1.0,0.0,93.0,0.7133361838150889,0.5666507405637841,0.5666507405637841,0.2965,1.0,0.3953333333333333,0.8156873943436743,0.6887433186541441,1.0,0.2965,93.0,macro,6.0,6.0,1.0,0.5243838489774515,0.355366027007818,1.0,87.0,6.0,0.6666666666666666,1.0,6.0,87.0,0.0,1.0,0.6362,0.962044731922142,0.9272536476594196,"{""dimension"": 2, ""family"": ""multidensity"", ""n"": 20000}","{""geometry_profile"": ""low_dim"", ""knn_backend"": ""kd_tree"", ""min_cluster_size"": 40, ""min_samples"": 5}",development,native_target_discovery_v1
ok,synthetic,multidensity_2d__quality__n20000,HDBSCAN,42,0.2.4,20000.0,2.0,0.0023091999992175,2.8059521999994104,5.704330999999911,188.0234375,4.8984375,188.05078125,,1.0,1.0,97.0,97.0,0.3878,known_synthetic_noise,0.6939,0.5400825253619282,17.166666666666668,6.0,4.0,0.1,0.9,full_partition,target-discovery-v1,0.0,0.05,1.0,0.9515913003039508,0.0,0.9089376761446496,6.0,pairwise_f1,hungarian,1.0,0.0,103.0,0.7041768264274394,0.5588701542008935,0.5588701542008935,0.29085,1.0,0.3878,0.8127718070013014,0.6845961136994262,1.0,0.29085,103.0,macro,6.0,5.0,1.0,0.521294896522963,0.35253472467038,1.0,97.0,6.0,0.6666666666666666,1.0,6.0,97.0,0.0,1.0,0.6656,0.9511034594490382,0.9080393777469712,"{""dimension"": 2, ""family"": ""multidensity"", ""n"": 20000}","{""geometry_profile"": ""low_dim"", ""knn_backend"": ""kd_tree"", ""min_cluster_size"": 40, ""min_samples"": 5}",development,native_target_discovery_v1
ok,synthetic,multidensity_2d__quality__n20000,HDBSCAN,73,0.2.4,20000.0,2.0,0.0022290999995675,3.008858799999871,5.98866629999975,187.8671875,4.94921875,187.25,,1.0,1.0,95.0,95.0,0.3649333333333333,known_synthetic_noise,0.6824666666666667,0.5234323166979661,16.833333333333332,6.0,5.0,0.1,0.9,full_partition,target-discovery-v1,0.0,0.05,1.0,0.9574169051920136,0.0,0.9185160000671472,6.0,pairwise_f1,hungarian,1.0,0.0,101.0,0.6862027847829328,0.5347269707922243,0.5347269707922243,0.2737,1.0,0.3649333333333333,0.8105191599929754,0.6814058139752708,1.0,0.2737,101.0,macro,6.0,6.0,1.0,0.5121376626037079,0.3442103813851025,1.0,95.0,6.0,0.8333333333333334,1.0,6.0,95.0,0.0,1.0,0.8162,0.956975107824264,0.9177189448917812,"{""dimension"": 2, ""family"": ""multidensity"", ""n"": 20000}","{""geometry_profile"": ""low_dim"", ""knn_backend"": ""kd_tree"", ""min_cluster_size"": 40, ""min_samples"": 5}",development,native_target_discovery_v1
ok,synthetic,multidensity_2d__quality__n20000,HDBSCAN,101,0.2.4,20000.0,2.0,0.0026078999999299,2.862264299999879,5.903394699999808,187.8125,4.98046875,187.8046875,,1.0,1.0,82.0,82.0,0.3600666666666666,known_synthetic_noise,0.6800333333333333,0.5198569813061276,14.666666666666666,6.0,4.0,0.1,0.9,full_partition,target-discovery-v1,0.0,0.05,1.0,0.9589761544638788,0.0,0.9221900905967833,6.0,pairwise_f1,hungarian,1.0,0.0,88.0,0.6822654073050777,0.5294838488309397,0.5294838488309397,0.27005,1.0,0.3600666666666666,0.8016515218676122,0.6689636082460563,1.0,0.27005,88.0,macro,6.0,6.0,1.0,0.5102301137813153,0.3424892115898349,1.0,82.0,6.0,0.6666666666666666,1.0,6.0,82.0,0.0,1.0,0.7338,0.9628094564467335,0.929182019110578,"{""dimension"": 2, ""family"": ""multidensity"", ""n"": 20000}","{""geometry_profile"": ""low_dim"", ""knn_backend"": ""kd_tree"", ""min_cluster_size"": 40, ""min_samples"": 5}",development,native_target_discovery_v1
ok,synthetic,multidensity_2d__quality__n20000,HDBSCAN,151,0.2.4,20000.0,2.0,0.0023108000004867,2.885041300000012,5.871468500000447,187.15234375,4.0078125,187.42578125,,1.0,1.0,79.0,79.0,0.3660666666666666,known_synthetic_noise,0.6830333333333334,0.5242632722848642,14.166666666666666,6.0,5.0,0.1,0.9,full_partition,target-discovery-v1,0.0,0.05,1.0,0.9507023081352736,0.0,0.9063088298906922,6.0,pairwise_f1,hungarian,1.0,0.0,85.0,0.6854654658974547,0.5359426089502708,0.5359426089502708,0.27455,1.0,0.3660666666666666,0.7613973433778163,0.6147228405388998,1.0,0.27455,85.0,macro,6.0,6.0,1.0,0.5125839356194577,0.3446136880556896,1.0,79.0,6.0,0.8333333333333334,1.0,6.0,79.0,0.0,1.0,0.8768,0.9523380065564953,0.9092333096394444,"{""dimension"": 2, ""family"": ""multidensity"", ""n"": 20000}","{""geometry_profile"": ""low_dim"", ""knn_backend"": ""kd_tree"", ""min_cluster_size"": 40, ""min_samples"": 5}",development,native_target_discovery_v1
ok,synthetic,multidensity_2d__quality__n20000,HDBSCAN,211,0.2.4,20000.0,2.0,0.0022710000002916,2.813706099999763,5.600699100000384,188.7421875,5.9375,190.73046875,,1.0,1.0,81.0,81.0,0.3941333333333333,known_synthetic_noise,0.6970666666666667,0.5446531700156036,14.5,6.0,6.0,0.1,0.9,full_partition,target-discovery-v1,0.0,0.05,1.0,0.9639969760275592,0.0,0.9305048149397191,6.0,pairwise_f1,hungarian,1.0,0.0,87.0,0.7127700909041943,0.5654169854628921,0.5654169854628921,0.2956,1.0,0.3941333333333333,0.801456358338081,0.6686918444010678,1.0,0.2956,87.0,macro,6.0,6.0,1.0,0.5238893545683152,0.3549119818285065,1.0,81.0,6.0,1.0,1.0,6.0,81.0,0.0,1.0,1.0,0.963767783448541,0.9300783989628324,"{""dimension"": 2, ""family"": ""multidensity"", ""n"": 20000}","{""geometry_profile"": ""low_dim"", ""knn_backend"": ""kd_tree"", ""min_cluster_size"": 40, ""min_samples"": 5}",fresh,native_target_discovery_v1
ok,synthetic,multidensity_2d__quality__n20000,HDBSCAN,223,0.2.4,20000.0,2.0,0.0023475999996662,2.786459800000557,5.74481569999989,187.09765625,4.40234375,187.36328125,,1.0000000000000002,1.0,88.0,88.0,0.4438,known_synthetic_noise,0.7219,0.579966840942165,15.666666666666666,6.0,6.0,0.1,0.9,full_partition,target-discovery-v1,0.0,0.05,1.0,0.9694031421969626,0.0,0.9408198262836752,6.0,pairwise_f1,hungarian,1.0,0.0,94.0,0.7523899123507654,0.6147665881701067,0.6147665881701067,0.33285,1.0,0.4438,0.8508597483778529,0.7404315941215739,1.0,0.33285,94.0,macro,6.0,6.0,1.0,0.5451670937142234,0.3747283219665742,1.0,88.0,6.0,1.0,1.0,6.0,88.0,0.0,1.0,1.0,0.9689189417374752,0.9399175413681732,"{""dimension"": 2, ""family"": ""multidensity"", ""n"": 20000}","{""geometry_profile"": ""low_dim"", ""knn_backend"": ""kd_tree"", ""min_cluster_size"": 40, ""min_samples"": 5}",fresh,native_target_discovery_v1
ok,synthetic,multidensity_2d__quality__n20000,HDBSCAN,227,0.2.4,20000.0,2.0,0.0023630999994566,2.820593499999632,5.886718100000508,187.9296875,4.90625,189.73046875,,1.0,1.0,80.0,80.0,0.3774,known_synthetic_noise,0.6887,0.5325393916088028,14.333333333333334,6.0,4.0,0.1,0.9,full_partition,target-discovery-v1,0.0,0.05,1.0,0.945802984308358,0.0,0.9002100415525381,6.0,pairwise_f1,hungarian,1.0,0.0,86.0,0.6939247443862987,0.5479889647161319,0.5479889647161319,0.28305,1.0,0.3774,0.7460873466429694,0.5950074310563109,1.0,0.28305,86.0,macro,6.0,5.0,1.0,0.5170898185014737,0.3486993514192064,1.0,80.0,6.0,0.6666666666666666,1.0,6.0,80.0,0.0,1.0,0.7108,0.9492471544938506,0.9060111194955696,"{""dimension"": 2, ""family"": ""multidensity"", ""n"": 20000}","{""geometry_profile"": ""low_dim"", ""knn_backend"": ""kd_tree"", ""min_cluster_size"": 40, ""min_samples"": 5}",fresh,native_target_discovery_v1
ok,synthetic,multidensity_2d__quality__n20000,OPTICS,23,0.2.4,20000.0,2.0,0.0023277000000234,17.13910560000022,20.16065980000076,188.703125,5.99609375,187.91796875,,0.98852280904055,0.993251068736127,3.0,3.0,0.9862,known_synthetic_noise,0.99,0.9843157425027668,1.5,6.0,6.0,0.1,0.9,full_partition,target-discovery-v1,0.0,0.05,0.9929606005131216,0.990347857450756,0.0070393994868785,0.9878644037820122,6.0,pairwise_f1,hungarian,1.0,0.0,9.0,0.9911831485121732,0.9920198497854076,0.9920198497854076,0.7412,0.9979087965461414,0.9862,0.981653257147464,0.9744846964753804,0.9889280669767928,0.7412,9.0,macro,6.0,6.0,0.9938,0.9766116352201256,0.9600077279752705,0.9938,3.0,6.0,1.0,1.0,6.0,3.0,0.0,0.9938,1.0,0.99082047144832,0.98795039513808,"{""dimension"": 2, ""family"": ""multidensity"", ""n"": 20000}","{""geometry_profile"": ""low_dim"", ""knn_backend"": ""kd_tree"", ""max_eps"": 1.4065219163894653, ""max_eps_quantile"": 0.98, ""min_cluster_size"": 40, ""min_samples"": 5, ""xi"": 0.1}",development,native_target_discovery_v1
ok,synthetic,multidensity_2d__quality__n20000,OPTICS,42,0.2.4,20000.0,2.0,0.0027272999996057,16.257495400000153,19.24054789999991,188.09375,4.984375,188.3984375,,0.9973818953746868,0.9985626136625484,0.0,0.0,0.9921333333333332,known_synthetic_noise,0.9951666666666666,0.991594083424797,1.0,6.0,6.0,0.1,0.9,full_partition,target-discovery-v1,0.0,0.05,0.9974137931034482,0.9875557983609594,0.0025862068965517,0.977977434376732,6.0,pairwise_f1,hungarian,1.0,0.0,6.0,0.9916365813135436,0.9957512294670636,0.9957512294670636,0.74455,0.9993956080854208,0.9921333333333332,0.9745971295252956,0.9526233133100844,0.9976086051398124,0.74455,6.0,macro,6.0,6.0,0.9982,0.9874369373825304,0.9769035036210608,0.9982,0.0,6.0,1.0,1.0,6.0,0.0,0.0,0.9982,1.0,0.9874449424239842,0.9769872373720856,"{""dimension"": 2, ""family"": ""multidensity"", ""n"": 20000}","{""geometry_profile"": ""low_dim"", ""knn_backend"": ""kd_tree"", ""max_eps"": 1.413774847984314, ""max_eps_quantile"": 0.98, ""min_cluster_size"": 40, ""min_samples"": 5, ""xi"": 0.1}",development,native_target_discovery_v1
ok,synthetic,multidensity_2d__quality__n20000,OPTICS,73,0.2.4,20000.0,2.0,0.0028351000000839,20.94522150000012,24.325779499999957,187.578125,4.86328125,187.87109375,,0.9902927070366904,0.9944043983281264,0.0,0.0,0.9946666666666668,known_synthetic_noise,0.9947333333333334,0.9929586138810884,1.0,6.0,6.0,0.1,0.9,full_partition,target-discovery-v1,0.0,0.05,0.994041191278288,0.9894845859423108,0.005958808721712,0.9850743248179809,6.0,pairwise_f1,hungarian,1.0,0.0,6.0,0.9929601893440422,0.9964602951980231,0.9964602951980231,0.7473,0.998260404121504,0.9946666666666668,0.978845519121432,0.9671666094328852,0.9908099310337116,0.7473,6.0,macro,6.0,6.0,0.9948,0.9894569325641536,0.9841709537000396,0.9948,0.0,6.0,1.0,1.0,6.0,0.0,0.0,0.9948,1.0,0.9894619887366986,0.984273311847553,"{""dimension"": 2, ""family"": ""multidensity"", ""n"": 20000}","{""geometry_profile"": ""low_dim"", ""knn_backend"": ""kd_tree"", ""max_eps"": 1.4154046773910522, ""max_eps_quantile"": 0.98, ""min_cluster_size"": 40, ""min_samples"": 5, ""xi"": 0.1}",development,native_target_discovery_v1
ok,synthetic,multidensity_2d__quality__n20000,OPTICS,101,0.2.4,20000.0,2.0,0.0032687000002624,19.180165800000395,23.318112500000097,189.015625,6.59765625,187.54296875,,0.9884253846025955,0.991534941628492,1.0,1.0,0.9917333333333334,known_synthetic_noise,0.9924666666666666,0.9895292087030833,1.1666666666666667,6.0,6.0,0.1,0.9,full_partition,target-discovery-v1,0.0,0.05,0.9934177528130655,0.9884988584414574,0.0065822471869345,0.9837113518159136,6.0,pairwise_f1,hungarian,1.0,0.0,7.0,0.9915984224671788,0.9947174857907054,0.9947174857907054,0.7455,0.997719651240778,0.9917333333333334,0.9760782572464785,0.9662806385718646,0.9860765973760396,0.7455,7.0,macro,6.0,6.0,0.9932,0.9843409316154608,0.975638506876228,0.9932,1.0,6.0,1.0,1.0,6.0,1.0,0.0,0.9932,1.0,0.9882421714267406,0.983420833617086,"{""dimension"": 2, ""family"": ""multidensity"", ""n"": 20000}","{""geometry_profile"": ""low_dim"", ""knn_backend"": ""kd_tree"", ""max_eps"": 1.4195280075073242, ""max_eps_quantile"": 0.98, ""min_cluster_size"": 40, ""min_samples"": 5, ""xi"": 0.1}",development,native_target_discovery_v1
ok,synthetic,multidensity_2d__quality__n20000,OPTICS,151,0.2.4,20000.0,2.0,0.002628299999742,17.665648500000316,21.4690614000001,189.44140625,6.60546875,188.83203125,,0.9681336639523406,0.9696267564440282,2.0,2.0,0.9906,known_synthetic_noise,0.8921,0.916627017411616,1.3333333333333333,6.0,5.0,0.1,0.9,full_partition,target-discovery-v1,0.0,0.05,0.8346627335546472,0.8400470524930572,0.1653372664453526,0.988595041614571,6.0,pairwise_f1,hungarian,1.0,0.0,8.0,0.8969090345275268,0.9620277750801204,0.9620277750801204,0.79455,0.9350575797621296,0.9906,0.8348089788209189,0.9701462480199418,0.7326086603750402,0.79455,8.0,macro,5.0,5.0,0.7936,0.8712262597431113,0.9656850815283524,0.7936,2.0,6.0,0.8333333333333334,0.8333333333333334,6.0,2.0,0.0,0.7936,0.7892,0.8007121542830581,0.9888914747135302,"{""dimension"": 2, ""family"": ""multidensity"", ""n"": 20000}","{""geometry_profile"": ""low_dim"", ""knn_backend"": ""kd_tree"", ""max_eps"": 1.405848503112793, ""max_eps_quantile"": 0.98, ""min_cluster_size"": 40, ""min_samples"": 5, ""xi"": 0.1}",development,native_target_discovery_v1
ok,synthetic,multidensity_2d__quality__n20000,OPTICS,211,0.2.4,20000.0,2.0,0.006035200000042,46.41261660000055,52.99767040000006,189.49609375,6.59765625,188.23046875,,0.9730516714954148,0.9807832736179464,5.0,5.0,0.98,known_synthetic_noise,0.9317,0.9399850290853924,1.8333333333333333,6.0,5.0,0.1,0.9,full_partition,target-discovery-v1,0.0,0.05,0.8432364271604692,0.8527772256016074,0.1567635728395307,0.9890566937084164,6.0,pairwise_f1,hungarian,1.0,0.0,11.0,0.9079876177218136,0.970841726381138,0.970841726381138,0.76415,0.96185303932474,0.98,0.9349173915862112,0.9687518193149672,0.903366594823086,0.76415,11.0,macro,5.0,5.0,0.8834,0.909128331789647,0.9364002543989824,0.8834,5.0,6.0,0.8333333333333334,0.8333333333333334,6.0,5.0,0.0,0.8834,0.8776,0.889127200945014,0.9879553828205616,"{""dimension"": 2, ""family"": ""multidensity"", ""n"": 20000}","{""geometry_profile"": ""low_dim"", ""knn_backend"": ""kd_tree"", ""max_eps"": 1.4111223220825195, ""max_eps_quantile"": 0.98, ""min_cluster_size"": 40, ""min_samples"": 5, ""xi"": 0.1}",fresh,native_target_discovery_v1
ok,synthetic,multidensity_2d__quality__n20000,OPTICS,223,0.2.4,20000.0,2.0,0.0063436000000365,39.8501383999992,45.93960770000013,188.94921875,6.76171875,187.9453125,,0.8919397500786751,0.7898908544829807,3.0,3.0,0.9855333333333334,known_synthetic_noise,0.8240666666666667,0.858142871139115,1.5,6.0,4.0,0.1,0.9,full_partition,target-discovery-v1,0.0,0.05,0.6794379045906623,0.6946798447327392,0.3205620954093376,0.9920753271156056,6.0,pairwise_f1,hungarian,0.8333333333333334,0.0,9.0,0.7987506470485387,0.9394979345408326,0.9394979345408326,0.8235,0.897571341833637,0.9855333333333334,0.7633271375359576,0.9684005575654792,0.6299299683744701,0.8235,9.0,macro,4.0,4.0,0.6626,0.7767878077373973,0.9385269121813032,0.6626,3.0,6.0,0.6666666666666666,0.6666666666666666,6.0,3.0,0.0,0.6626,0.6488,0.678288360969949,0.9916506627377614,"{""dimension"": 2, ""family"": ""multidensity"", ""n"": 20000}","{""geometry_profile"": ""low_dim"", ""knn_backend"": ""kd_tree"", ""max_eps"": 1.4163634777069092, ""max_eps_quantile"": 0.98, ""min_cluster_size"": 40, ""min_samples"": 5, ""xi"": 0.1}",fresh,native_target_discovery_v1
ok,synthetic,multidensity_2d__quality__n20000,OPTICS,227,0.2.4,20000.0,2.0,0.0045439999994414,40.57937729999958,46.74812859999929,188.8515625,5.9921875,189.30859375,,0.98816945549994,0.9915233472355544,3.0,3.0,0.9853333333333332,known_synthetic_noise,0.9888666666666666,0.9830043374906964,1.5,6.0,6.0,0.1,0.9,full_partition,target-discovery-v1,0.0,0.05,0.991801720081138,0.9872797397347158,0.0081982799188619,0.9829122775808824,6.0,pairwise_f1,hungarian,1.0,0.0,9.0,0.9893094426068302,0.9913475082165136,0.9913475082165136,0.7409,0.9974355513564584,0.9853333333333332,0.9735714063890072,0.9613934874256552,0.986061797492946,0.7409,9.0,macro,6.0,6.0,0.9924,0.9746611667648792,0.95754534928599,0.9924,3.0,6.0,1.0,1.0,6.0,3.0,0.0,0.9924,1.0,0.9871453474882744,0.982054786043949,"{""dimension"": 2, ""family"": ""multidensity"", ""n"": 20000}","{""geometry_profile"": ""low_dim"", ""knn_backend"": ""kd_tree"", ""max_eps"": 1.418696403503418, ""max_eps_quantile"": 0.98, ""min_cluster_size"": 40, ""min_samples"": 5, ""xi"": 0.1}",fresh,native_target_discovery_v1
ok,synthetic,multidensity_2d__quality__n20000,SNN-DBSCAN,23,0.2.4,20000.0,2.0,0.0053336000000854,0.5013102999992043,8.005262499999844,250.69140625,27.51171875,244.95703125,,0.5524675490931781,0.178619479653375,390.0,389.0,0.1006,known_synthetic_noise,0.5129,0.2894923208942416,81.16666666666667,98.0,6.0,0.1,0.9,full_partition,target-discovery-v1,26.0,0.05,0.2369427194467569,0.3731879806936424,0.074326387945834,0.988199642770442,6.0,pairwise_f1,hungarian,5.333333333333333,0.0,487.0,0.2417293289932436,0.1787596991056091,0.1787596991056091,0.09415,0.8013807753584705,0.1006,0.178767016254401,0.3659013817870959,0.118276437974303,0.09415,487.0,macro,0.0,0.0,0.9252,0.400224942682874,0.2553402881271733,0.9252,390.0,6.0,1.0,0.0,6.0,481.0,0.0,0.2402,1.0,0.3769196698347831,0.9886768423975826,"{""dimension"": 2, ""family"": ""multidensity"", ""n"": 20000}","{""eps"": 13, ""geometry_profile"": ""low_dim"", ""k"": 20, ""knn_backend"": ""kd_tree"", ""min_samples"": 5}",development,native_target_discovery_v1
ok,synthetic,multidensity_2d__quality__n20000,SNN-DBSCAN,42,0.2.4,20000.0,2.0,0.0048330999998142,0.4444043000003148,7.683815999999751,251.95703125,28.7578125,249.1171875,,0.5464570523729024,0.1415553156242014,385.0,385.0,0.0982,known_synthetic_noise,0.5185,0.2899329172939779,81.0,101.0,5.0,0.1,0.9,full_partition,target-discovery-v1,37.0,0.05,0.1977471343322068,0.3249345960775238,0.0590690230842437,0.9567199140890138,6.0,pairwise_f1,hungarian,7.166666666666667,0.0,486.0,0.2279705825675005,0.175576613624173,0.175576613624173,0.08895,0.8279932546374368,0.0982,0.1427871153258627,0.325344773739665,0.0914644994544847,0.08895,486.0,macro,0.0,0.0,0.9388,0.4042892209637828,0.2576148400197574,0.9388,385.0,6.0,0.8333333333333334,0.0,6.0,480.0,0.0,0.1942,0.8368,0.3205871894421815,0.956948371917292,"{""dimension"": 2, ""family"": ""multidensity"", ""n"": 20000}","{""eps"": 13, ""geometry_profile"": ""low_dim"", ""k"": 20, ""knn_backend"": ""kd_tree"", ""min_samples"": 5}",development,native_target_discovery_v1
ok,synthetic,multidensity_2d__quality__n20000,SNN-DBSCAN,73,0.2.4,20000.0,2.0,0.0045921999999336,0.5651852999999392,8.658803899999839,253.078125,29.484375,252.02734375,,0.5363264322820142,0.1384247638811721,389.0,388.0,0.1012666666666666,known_synthetic_noise,0.5211333333333333,0.2932655605650227,84.0,116.0,6.0,0.1,0.9,full_partition,target-discovery-v1,31.0,0.05,0.2199188700206303,0.3498358533864087,0.0595531923236065,0.9772647162272436,6.0,pairwise_f1,hungarian,6.166666666666667,0.0,504.0,0.238292519615248,0.1806827643630308,0.1806827643630308,0.0907,0.8373759647188533,0.1012666666666666,0.1389677437059172,0.3086952685739952,0.0896668920345125,0.0907,504.0,macro,0.0,0.0,0.941,0.4058483567670146,0.2587154954360497,0.941,389.0,6.0,1.0,0.0,6.0,498.0,0.0,0.2096,1.0,0.3360961331096236,0.9773338990536818,"{""dimension"": 2, ""family"": ""multidensity"", ""n"": 20000}","{""eps"": 13, ""geometry_profile"": ""low_dim"", ""k"": 20, ""knn_backend"": ""kd_tree"", ""min_samples"": 5}",development,native_target_discovery_v1
ok,synthetic,multidensity_2d__quality__n20000,SNN-DBSCAN,101,0.2.4,20000.0,2.0,0.0043535999993764,0.4291247999999541,8.001513399999567,244.48828125,21.11328125,243.5390625,,0.5587099063528039,0.1703177080026683,380.0,378.0,0.0968666666666666,known_synthetic_noise,0.5175333333333334,0.2885517971722788,79.5,99.0,6.0,0.1,0.9,full_partition,target-discovery-v1,27.0,0.05,0.2379675046333516,0.3795782981839806,0.0612535087138943,0.971323864286836,6.0,pairwise_f1,hungarian,5.5,0.0,477.0,0.2380224532456788,0.1733683331344708,0.1733683331344708,0.0881,0.8246311010215664,0.0968666666666666,0.1687264840411046,0.34271905625366,0.1119111283545392,0.0881,477.0,macro,0.0,0.0,0.9382,0.4037352612100869,0.2572102204189055,0.9382,380.0,6.0,1.0,0.0,6.0,471.0,0.0,0.2312,1.0,0.3704219853530679,0.9712741251197152,"{""dimension"": 2, ""family"": ""multidensity"", ""n"": 20000}","{""eps"": 13, ""geometry_profile"": ""low_dim"", ""k"": 20, ""knn_backend"": ""kd_tree"", ""min_samples"": 5}",development,native_target_discovery_v1
ok,synthetic,multidensity_2d__quality__n20000,SNN-DBSCAN,151,0.2.4,20000.0,2.0,0.0039089000001695,0.462716800000635,7.915550199999416,249.26953125,25.87109375,247.109375,,0.5378213004382835,0.1342424149231571,366.0,366.0,0.0991333333333333,known_synthetic_noise,0.5175666666666667,0.2902600615044838,79.5,111.0,5.0,0.1,0.9,full_partition,target-discovery-v1,31.0,0.05,0.1775525083524094,0.2980834993324723,0.0632624186810331,0.9615808075606908,6.0,pairwise_f1,hungarian,6.166666666666667,0.0,477.0,0.2220722972393787,0.1769500803236746,0.1769500803236746,0.09035,0.8229109020475927,0.0991333333333333,0.1323999403103719,0.2789501837953174,0.0867989438227773,0.09035,477.0,macro,0.0,0.0,0.936,0.403570042685293,0.2572417962952784,0.936,366.0,6.0,0.8333333333333334,0.0,6.0,471.0,0.0,0.181,0.8196,0.3027627955345174,0.9602119857690014,"{""dimension"": 2, ""family"": ""multidensity"", ""n"": 20000}","{""eps"": 13, ""geometry_profile"": ""low_dim"", ""k"": 20, ""knn_backend"": ""kd_tree"", ""min_samples"": 5}",development,native_target_discovery_v1
ok,synthetic,multidensity_2d__quality__n20000,SNN-DBSCAN,211,0.2.4,20000.0,2.0,0.005175500000405,0.4355537999999797,7.6764610000000175,251.625,28.421875,246.23828125,,0.5402809159943758,0.1344764218599442,385.0,385.0,0.0978,known_synthetic_noise,0.5165,0.2888417992708942,81.33333333333333,103.0,6.0,0.1,0.9,full_partition,target-discovery-v1,28.0,0.05,0.1844553249647482,0.307253969790464,0.0649002039605804,0.9832982990904908,6.0,pairwise_f1,hungarian,5.666666666666667,0.0,488.0,0.2227781667515392,0.1747364659639092,0.1747364659639092,0.08955,0.8190954773869347,0.0978,0.1350906772002606,0.301866261456888,0.0870159548429456,0.08955,488.0,macro,0.0,0.0,0.9352,0.4029471325778793,0.2567960898456807,0.9352,385.0,6.0,1.0,0.0,6.0,482.0,0.0,0.1838,1.0,0.3063307744425129,0.9823938023371198,"{""dimension"": 2, ""family"": ""multidensity"", ""n"": 20000}","{""eps"": 13, ""geometry_profile"": ""low_dim"", ""k"": 20, ""knn_backend"": ""kd_tree"", ""min_samples"": 5}",fresh,native_target_discovery_v1
ok,synthetic,multidensity_2d__quality__n20000,SNN-DBSCAN,223,0.2.4,20000.0,2.0,0.0049756999997043,0.444974000000002,7.845346799999788,246.43359375,23.3046875,242.92578125,,0.536298117204903,0.1376240879407925,378.0,377.0,0.0964666666666666,known_synthetic_noise,0.5160333333333333,0.2876590388794387,82.0,115.0,6.0,0.1,0.9,full_partition,target-discovery-v1,31.0,0.05,0.2010116343419702,0.3243422825932121,0.0643665572579113,0.9789771748410284,6.0,pairwise_f1,hungarian,6.166666666666667,0.0,492.0,0.2252870059753291,0.172580356610412,0.172580356610412,0.08845,0.817976257772753,0.0964666666666666,0.1387949598950529,0.312683637077512,0.0891931406619754,0.08845,492.0,macro,0.0,0.0,0.9356,0.4027377211484654,0.2565959080686742,0.9356,378.0,6.0,1.0,0.0,6.0,486.0,0.0,0.1936,1.0,0.3146236531349389,0.97770048375831,"{""dimension"": 2, ""family"": ""multidensity"", ""n"": 20000}","{""eps"": 13, ""geometry_profile"": ""low_dim"", ""k"": 20, ""knn_backend"": ""kd_tree"", ""min_samples"": 5}",fresh,native_target_discovery_v1
ok,synthetic,multidensity_2d__quality__n20000,SNN-DBSCAN,227,0.2.4,20000.0,2.0,0.0043402000001151,0.4274756000004345,7.860912999999527,252.078125,28.8671875,248.609375,,0.5262936130740724,0.109758373855201,371.0,371.0,0.0926666666666666,known_synthetic_noise,0.5144333333333333,0.2841676195959322,81.5,118.0,5.0,0.1,0.9,full_partition,target-discovery-v1,39.0,0.05,0.1500029696810929,0.2565888005161151,0.0635536383963333,0.9738430863430864,6.0,pairwise_f1,hungarian,7.5,0.0,489.0,0.2018628328452105,0.1663774014004428,0.1663774014004428,0.08545,0.8133411351667642,0.0926666666666666,0.1095632969474149,0.2474700308477267,0.0703561681853924,0.08545,489.0,macro,0.0,0.0,0.9362,0.4019578377914216,0.2559182111420917,0.9362,371.0,6.0,0.8333333333333334,0.0,6.0,483.0,0.0,0.1426,0.7864,0.2455761493785581,0.973556150981151,"{""dimension"": 2, ""family"": ""multidensity"", ""n"": 20000}","{""eps"": 13, ""geometry_profile"": ""low_dim"", ""k"": 20, ""knn_backend"": ""kd_tree"", ""min_samples"": 5}",fresh,native_target_discovery_v1
ok,synthetic,multidensity_2d__quality__n20000,StrataSCAN,23,0.2.4,20000.0,2.0,0.0021641000003,1.6912004000005254,4.492317500000354,238.33203125,55.18359375,238.33203125,,0.9194411837967658,0.8699838550716449,0.0,0.0,0.9959333333333332,known_synthetic_noise,0.9957666666666668,0.9944809881161744,1.6666666666666667,10.0,6.0,0.1,0.9,full_partition,target-discovery-v1,3.0,0.05,0.8964628983050927,0.9339412104847616,0.0043675965142069,0.988395323256419,6.0,pairwise_f1,hungarian,1.5,0.0,10.0,0.9645484224512244,0.9972297319849136,0.9972297319849136,0.74805,0.998529510059488,0.9959333333333332,0.8804263089447818,0.976524598815226,0.8015472699656546,0.74805,10.0,macro,5.0,4.0,0.9956,0.991732244247435,0.9878944234967256,0.9956,0.0,6.0,1.0,0.8333333333333334,6.0,4.0,0.0,0.8808,1.0,0.9245939957784144,0.9883489900074296,"{""dimension"": 2, ""family"": ""multidensity"", ""n"": 20000}","{""ambiguous_model_confirmation_tolerance"": 1e-05, ""assignment"": ""maximum_posterior_basis_then_semantic_role"", ""background_model"": ""adaptive_gamma_basis_mixture_with_largest_rate_gap"", ""background_scan"": ""adaptive_dyadic_rank_windows_with_poisson_beta_boundary_code"", ""border_rule"": ""strict_local_core_radius"", ""component_initialization"": ""compiled_split_warm_single_start_with_guarded_confirmation"", ""component_selection"": ""semantic_icl_with_adaptive_bound"", ""connectivity"": ""density_ordered_non_merging_knn_watershed"", ""core_thresholds"": ""observed_d4_event_sweep"", ""duplicate_profile_confirmation_minimum"": 3, ""duplicate_profile_confirmation_tolerance"": 1e-08, ""extraction_objective"": ""gamma_topology_description_length"", ""fit_samples"": ""all_rows"", ""gamma_tolerance"": 0.0001, ""geometry_profile"": ""low_dim"", ""hard_component_bound"": 24, ""initial_component_bound"": 8, ""k"": 32, ""knn_backend"": ""kd_tree"", ""shell_ranks"": [4, 8, 16, 32], ""stratification_model"": ""adaptive_gamma_density_basis_with_semantic_background"", ""version"": ""0.2.3""}",development,native_target_discovery_v1
ok,synthetic,multidensity_2d__quality__n20000,StrataSCAN,42,0.2.4,20000.0,2.0,0.0025560000003679,2.913360399999874,5.7712374000002455,260.83203125,77.4375,260.83203125,,0.898475628756956,0.806754585999761,0.0,0.0,0.9944,known_synthetic_noise,0.9939,0.9922263629684742,1.5,9.0,6.0,0.1,0.9,full_partition,target-discovery-v1,3.0,0.05,0.8151941729496833,0.8772380484069416,0.0063154575873761,0.9834208539129432,6.0,pairwise_f1,hungarian,1.5,0.0,9.0,0.9328952589019924,0.9960933587098066,0.9960933587098066,0.74745,0.9977924944812362,0.9944,0.823828322312036,0.9692177744766678,0.7163680927389858,0.74745,9.0,macro,4.0,3.0,0.9934,0.9883593672271416,0.983369629776282,0.9934,0.0,6.0,1.0,0.6666666666666666,6.0,3.0,0.0,0.7866,1.0,0.858818901922917,0.9831023835094952,"{""dimension"": 2, ""family"": ""multidensity"", ""n"": 20000}","{""ambiguous_model_confirmation_tolerance"": 1e-05, ""assignment"": ""maximum_posterior_basis_then_semantic_role"", ""background_model"": ""adaptive_gamma_basis_mixture_with_largest_rate_gap"", ""background_scan"": ""adaptive_dyadic_rank_windows_with_poisson_beta_boundary_code"", ""border_rule"": ""strict_local_core_radius"", ""component_initialization"": ""compiled_split_warm_single_start_with_guarded_confirmation"", ""component_selection"": ""semantic_icl_with_adaptive_bound"", ""connectivity"": ""density_ordered_non_merging_knn_watershed"", ""core_thresholds"": ""observed_d4_event_sweep"", ""duplicate_profile_confirmation_minimum"": 3, ""duplicate_profile_confirmation_tolerance"": 1e-08, ""extraction_objective"": ""gamma_topology_description_length"", ""fit_samples"": ""all_rows"", ""gamma_tolerance"": 0.0001, ""geometry_profile"": ""low_dim"", ""hard_component_bound"": 24, ""initial_component_bound"": 8, ""k"": 32, ""knn_backend"": ""kd_tree"", ""shell_ranks"": [4, 8, 16, 32], ""stratification_model"": ""adaptive_gamma_density_basis_with_semantic_background"", ""version"": ""0.2.3""}",development,native_target_discovery_v1
ok,synthetic,multidensity_2d__quality__n20000,StrataSCAN,73,0.2.4,20000.0,2.0,0.0022794999995312,1.7856487999997626,4.465630200000305,238.35546875,55.82421875,238.35546875,,0.8935180961995498,0.8341706511679532,0.0,0.0,0.9929333333333332,known_synthetic_noise,0.9954666666666668,0.9923156106937868,2.0,12.0,6.0,0.1,0.9,full_partition,target-discovery-v1,6.0,0.05,0.8531017369710064,0.8889071856131352,0.00208060193757,0.9842485304067772,6.0,pairwise_f1,hungarian,2.0,0.0,12.0,0.9394650838441284,0.9961209202782236,0.9961209202782236,0.7452,0.9993290391841116,0.9929333333333332,0.8445562868732143,0.9626465686610638,0.7522730545015868,0.7452,12.0,macro,5.0,5.0,0.998,0.98851030110935,0.9791993720565147,0.998,0.0,6.0,1.0,0.8333333333333334,6.0,6.0,0.0,0.8242,1.0,0.8671390040585955,0.9844294027131912,"{""dimension"": 2, ""family"": ""multidensity"", ""n"": 20000}","{""ambiguous_model_confirmation_tolerance"": 1e-05, ""assignment"": ""maximum_posterior_basis_then_semantic_role"", ""background_model"": ""adaptive_gamma_basis_mixture_with_largest_rate_gap"", ""background_scan"": ""adaptive_dyadic_rank_windows_with_poisson_beta_boundary_code"", ""border_rule"": ""strict_local_core_radius"", ""component_initialization"": ""compiled_split_warm_single_start_with_guarded_confirmation"", ""component_selection"": ""semantic_icl_with_adaptive_bound"", ""connectivity"": ""density_ordered_non_merging_knn_watershed"", ""core_thresholds"": ""observed_d4_event_sweep"", ""duplicate_profile_confirmation_minimum"": 3, ""duplicate_profile_confirmation_tolerance"": 1e-08, ""extraction_objective"": ""gamma_topology_description_length"", ""fit_samples"": ""all_rows"", ""gamma_tolerance"": 0.0001, ""geometry_profile"": ""low_dim"", ""hard_component_bound"": 24, ""initial_component_bound"": 8, ""k"": 32, ""knn_backend"": ""kd_tree"", ""shell_ranks"": [4, 8, 16, 32], ""stratification_model"": ""adaptive_gamma_density_basis_with_semantic_background"", ""version"": ""0.2.3""}",development,native_target_discovery_v1
ok,synthetic,multidensity_2d__quality__n20000,StrataSCAN,101,0.2.4,20000.0,2.0,0.0021420000002763,3.234242100000301,5.846499500000391,257.80078125,75.75390625,257.80078125,,0.9201536248215942,0.8943122677061467,1.0,1.0,0.9938,known_synthetic_noise,0.9924,0.9908292758860036,1.8333333333333333,10.0,6.0,0.1,0.9,full_partition,target-discovery-v1,3.0,0.05,0.8800056486621868,0.9207100846505322,0.0093642124352882,0.982312451444748,6.0,pairwise_f1,hungarian,1.5,0.0,11.0,0.9565959328029996,0.9953926282051282,0.9953926282051282,0.7476,0.9969903691813804,0.9938,0.8972293616280234,0.9670057302165896,0.8368450178805851,0.7476,11.0,macro,5.0,5.0,0.991,0.986265923566879,0.9815768621236132,0.991,1.0,6.0,1.0,0.8333333333333334,6.0,5.0,0.0,0.8808,1.0,0.921553762030416,0.9823590411054866,"{""dimension"": 2, ""family"": ""multidensity"", ""n"": 20000}","{""ambiguous_model_confirmation_tolerance"": 1e-05, ""assignment"": ""maximum_posterior_basis_then_semantic_role"", ""background_model"": ""adaptive_gamma_basis_mixture_with_largest_rate_gap"", ""background_scan"": ""adaptive_dyadic_rank_windows_with_poisson_beta_boundary_code"", ""border_rule"": ""strict_local_core_radius"", ""component_initialization"": ""compiled_split_warm_single_start_with_guarded_confirmation"", ""component_selection"": ""semantic_icl_with_adaptive_bound"", ""connectivity"": ""density_ordered_non_merging_knn_watershed"", ""core_thresholds"": ""observed_d4_event_sweep"", ""duplicate_profile_confirmation_minimum"": 3, ""duplicate_profile_confirmation_tolerance"": 1e-08, ""extraction_objective"": ""gamma_topology_description_length"", ""fit_samples"": ""all_rows"", ""gamma_tolerance"": 0.0001, ""geometry_profile"": ""low_dim"", ""hard_component_bound"": 24, ""initial_component_bound"": 8, ""k"": 32, ""knn_backend"": ""kd_tree"", ""shell_ranks"": [4, 8, 16, 32], ""stratification_model"": ""adaptive_gamma_density_basis_with_semantic_background"", ""version"": ""0.2.3""}",development,native_target_discovery_v1
ok,synthetic,multidensity_2d__quality__n20000,StrataSCAN,151,0.2.4,20000.0,2.0,0.0025519000000713,2.998960900000384,5.82485590000033,247.82421875,65.01953125,247.82421875,,0.987741670831439,0.9928581625221912,0.0,0.0,0.9945333333333334,known_synthetic_noise,0.9943666666666666,0.9926259858048034,1.0,6.0,6.0,0.1,0.9,full_partition,target-discovery-v1,0.0,0.05,0.9943112765597892,0.9890639213655928,0.0056887234402107,0.9838841345868328,6.0,pairwise_f1,hungarian,1.0,0.0,6.0,0.9926655236680448,0.9962934517647845,0.9962934517647845,0.74735,0.998059811333378,0.9945333333333334,0.9778149431079172,0.9675127152376796,0.9883389318144412,0.74735,6.0,macro,6.0,6.0,0.9942,0.9889585198448224,0.983772016623788,0.9942,0.0,6.0,1.0,1.0,6.0,0.0,0.0,0.9942,1.0,0.9889584536130812,0.983783913089426,"{""dimension"": 2, ""family"": ""multidensity"", ""n"": 20000}","{""ambiguous_model_confirmation_tolerance"": 1e-05, ""assignment"": ""maximum_posterior_basis_then_semantic_role"", ""background_model"": ""adaptive_gamma_basis_mixture_with_largest_rate_gap"", ""background_scan"": ""adaptive_dyadic_rank_windows_with_poisson_beta_boundary_code"", ""border_rule"": ""strict_local_core_radius"", ""component_initialization"": ""compiled_split_warm_single_start_with_guarded_confirmation"", ""component_selection"": ""semantic_icl_with_adaptive_bound"", ""connectivity"": ""density_ordered_non_merging_knn_watershed"", ""core_thresholds"": ""observed_d4_event_sweep"", ""duplicate_profile_confirmation_minimum"": 3, ""duplicate_profile_confirmation_tolerance"": 1e-08, ""extraction_objective"": ""gamma_topology_description_length"", ""fit_samples"": ""all_rows"", ""gamma_tolerance"": 0.0001, ""geometry_profile"": ""low_dim"", ""hard_component_bound"": 24, ""initial_component_bound"": 8, ""k"": 32, ""knn_backend"": ""kd_tree"", ""shell_ranks"": [4, 8, 16, 32], ""stratification_model"": ""adaptive_gamma_density_basis_with_semantic_background"", ""version"": ""0.2.3""}",development,native_target_discovery_v1
ok,synthetic,multidensity_2d__quality__n20000,StrataSCAN,211,0.2.4,20000.0,2.0,0.0022438999994847,2.305679699999928,5.1188953000000765,247.50390625,64.7890625,247.50390625,,0.9096104134388876,0.8696872768792115,2.0,2.0,0.9925333333333334,known_synthetic_noise,0.9933666666666668,0.9906515136188998,2.0,10.0,6.0,0.1,0.9,full_partition,target-discovery-v1,3.0,0.05,0.8312303059183282,0.8820136486140483,0.0057524955269817,0.9796379131595582,6.0,pairwise_f1,hungarian,1.5,0.0,12.0,0.9352329394923852,0.9952869605909684,0.9952869605909684,0.74585,0.998055909365154,0.9925333333333334,0.8734840404144623,0.9598634121073918,0.8013678893995532,0.74585,12.0,macro,4.0,4.0,0.9942,0.9860160666468312,0.977965768247098,0.9942,2.0,6.0,1.0,0.6666666666666666,6.0,6.0,0.0,0.8322,1.0,0.8826396595015454,0.9787602684636516,"{""dimension"": 2, ""family"": ""multidensity"", ""n"": 20000}","{""ambiguous_model_confirmation_tolerance"": 1e-05, ""assignment"": ""maximum_posterior_basis_then_semantic_role"", ""background_model"": ""adaptive_gamma_basis_mixture_with_largest_rate_gap"", ""background_scan"": ""adaptive_dyadic_rank_windows_with_poisson_beta_boundary_code"", ""border_rule"": ""strict_local_core_radius"", ""component_initialization"": ""compiled_split_warm_single_start_with_guarded_confirmation"", ""component_selection"": ""semantic_icl_with_adaptive_bound"", ""connectivity"": ""density_ordered_non_merging_knn_watershed"", ""core_thresholds"": ""observed_d4_event_sweep"", ""duplicate_profile_confirmation_minimum"": 3, ""duplicate_profile_confirmation_tolerance"": 1e-08, ""extraction_objective"": ""gamma_topology_description_length"", ""fit_samples"": ""all_rows"", ""gamma_tolerance"": 0.0001, ""geometry_profile"": ""low_dim"", ""hard_component_bound"": 24, ""initial_component_bound"": 8, ""k"": 32, ""knn_backend"": ""kd_tree"", ""shell_ranks"": [4, 8, 16, 32], ""stratification_model"": ""adaptive_gamma_density_basis_with_semantic_background"", ""version"": ""0.2.3""}",fresh,native_target_discovery_v1
ok,synthetic,multidensity_2d__quality__n20000,StrataSCAN,223,0.2.4,20000.0,2.0,0.0021326999994926,2.130084299999908,4.839362300000175,247.48046875,64.52734375,247.48046875,,0.9316635036253864,0.8818759112815804,0.0,0.0,0.9946,known_synthetic_noise,0.9952,0.9932270106814024,1.3333333333333333,8.0,6.0,0.1,0.9,full_partition,target-discovery-v1,2.0,0.05,0.8948009531385389,0.931124663926873,0.0042883535594634,0.9848237128403172,6.0,pairwise_f1,hungarian,1.3333333333333333,0.0,8.0,0.962747214888222,0.9965931863727456,0.9965931863727456,0.747,0.9985943775100402,0.9946,0.8868808623455829,0.9678846474375602,0.8183886332889851,0.747,8.0,macro,5.0,4.0,0.9958,0.9898608349900596,0.98399209486166,0.9958,0.0,6.0,1.0,0.8333333333333334,6.0,2.0,0.0,0.8812,1.0,0.922660971942236,0.984019533841443,"{""dimension"": 2, ""family"": ""multidensity"", ""n"": 20000}","{""ambiguous_model_confirmation_tolerance"": 1e-05, ""assignment"": ""maximum_posterior_basis_then_semantic_role"", ""background_model"": ""adaptive_gamma_basis_mixture_with_largest_rate_gap"", ""background_scan"": ""adaptive_dyadic_rank_windows_with_poisson_beta_boundary_code"", ""border_rule"": ""strict_local_core_radius"", ""component_initialization"": ""compiled_split_warm_single_start_with_guarded_confirmation"", ""component_selection"": ""semantic_icl_with_adaptive_bound"", ""connectivity"": ""density_ordered_non_merging_knn_watershed"", ""core_thresholds"": ""observed_d4_event_sweep"", ""duplicate_profile_confirmation_minimum"": 3, ""duplicate_profile_confirmation_tolerance"": 1e-08, ""extraction_objective"": ""gamma_topology_description_length"", ""fit_samples"": ""all_rows"", ""gamma_tolerance"": 0.0001, ""geometry_profile"": ""low_dim"", ""hard_component_bound"": 24, ""initial_component_bound"": 8, ""k"": 32, ""knn_backend"": ""kd_tree"", ""shell_ranks"": [4, 8, 16, 32], ""stratification_model"": ""adaptive_gamma_density_basis_with_semantic_background"", ""version"": ""0.2.3""}",fresh,native_target_discovery_v1
ok,synthetic,multidensity_2d__quality__n20000,StrataSCAN,227,0.2.4,20000.0,2.0,0.0021803999998155,1.4689567999994324,4.34112660000028,238.5078125,55.265625,238.5078125,,0.9878726122777404,0.9920386396564864,0.0,0.0,0.9947333333333334,known_synthetic_noise,0.9944666666666666,0.9928238606632944,1.1666666666666667,7.0,6.0,0.1,0.9,full_partition,target-discovery-v1,0.0,0.05,0.9941497832353228,0.9894379257158864,0.0053037686772454,0.984774637573016,6.0,pairwise_f1,hungarian,1.0,0.0,7.0,0.9929037748370988,0.9963939899833054,0.9963939899833054,0.7475,0.9980602006688964,0.9947333333333334,0.9778041735577524,0.968806329724296,0.9869707201998242,0.7475,7.0,macro,6.0,6.0,0.9942,0.9892537313432836,0.9843564356435645,0.9942,0.0,6.0,1.0,1.0,6.0,1.0,0.0,0.9938,1.0,0.9891522476912972,0.9845514057916324,"{""dimension"": 2, ""family"": ""multidensity"", ""n"": 20000}","{""ambiguous_model_confirmation_tolerance"": 1e-05, ""assignment"": ""maximum_posterior_basis_then_semantic_role"", ""background_model"": ""adaptive_gamma_basis_mixture_with_largest_rate_gap"", ""background_scan"": ""adaptive_dyadic_rank_windows_with_poisson_beta_boundary_code"", ""border_rule"": ""strict_local_core_radius"", ""component_initialization"": ""compiled_split_warm_single_start_with_guarded_confirmation"", ""component_selection"": ""semantic_icl_with_adaptive_bound"", ""connectivity"": ""density_ordered_non_merging_knn_watershed"", ""core_thresholds"": ""observed_d4_event_sweep"", ""duplicate_profile_confirmation_minimum"": 3, ""duplicate_profile_confirmation_tolerance"": 1e-08, ""extraction_objective"": ""gamma_topology_description_length"", ""fit_samples"": ""all_rows"", ""gamma_tolerance"": 0.0001, ""geometry_profile"": ""low_dim"", ""hard_component_bound"": 24, ""initial_component_bound"": 8, ""k"": 32, ""knn_backend"": ""kd_tree"", ""shell_ranks"": [4, 8, 16, 32], ""stratification_model"": ""adaptive_gamma_density_basis_with_semantic_background"", ""version"": ""0.2.3""}",fresh,native_target_discovery_v1
ok,synthetic,multidensity_2d__quality__n20000,VDBSCAN-2007,23,0.2.4,20000.0,2.0,0.0063159999999697,0.5496571000003314,6.5965611999999965,192.90234375,10.09375,193.91796875,,0.9901339934455372,0.9940319768983432,60.0,57.0,0.0154666666666666,known_synthetic_noise,0.5075333333333334,0.2170380244184689,11.0,9.0,6.0,0.1,0.9,full_partition,target-discovery-v1,0.0,0.05,0.9957440503294684,0.9927688895105118,0.0003707823507601,0.9898164288848416,6.0,pairwise_f1,hungarian,1.0,0.0,66.0,0.0591030864334116,0.03045818563739,0.03045818563739,0.0117,0.9914529914529916,0.0154666666666666,0.0406762754993939,0.0207646274045847,0.9902089010499664,0.0117,66.0,macro,6.0,6.0,0.9996,0.4036178631995478,0.2528584437923707,0.9996,60.0,6.0,1.0,1.0,6.0,60.0,0.0,0.9954,1.0,0.992620382161035,0.9898611454546508,"{""dimension"": 2, ""family"": ""multidensity"", ""n"": 20000}","{""eps_values"": [0.33308637142181396, 1.207103967666626, 1.4350109100341797], ""geometry_profile"": ""low_dim"", ""knee_prominence"": 0.03, ""knn_backend"": ""kd_tree"", ""max_eps_values"": 3, ""min_samples"": 5}",development,native_target_discovery_v1
ok,synthetic,multidensity_2d__quality__n20000,VDBSCAN-2007,42,0.2.4,20000.0,2.0,0.0049924000004466,0.6219977000000654,6.605406399999993,192.90625,10.078125,193.6484375,,0.9935791168532696,0.9956567372117434,54.0,53.0,0.0164,known_synthetic_noise,0.5082,0.2181229373381973,10.166666666666666,8.0,6.0,0.1,0.9,full_partition,target-discovery-v1,0.0,0.05,0.9972019085041262,0.9905231779591128,0.0,0.9839456969032324,6.0,pairwise_f1,hungarian,1.0,0.0,61.0,0.0625051325122616,0.0322707595434868,0.0322707595434868,0.0123,1.0,0.0164,0.0407632558696002,0.0208087972537133,0.9928549280525172,0.0123,61.0,macro,6.0,6.0,1.0,0.4039751151329078,0.2531132935101751,1.0,54.0,6.0,1.0,1.0,6.0,55.0,0.0,0.9968,1.0,0.9900692690402902,0.9834410234062604,"{""dimension"": 2, ""family"": ""multidensity"", ""n"": 20000}","{""eps_values"": [0.332791805267334, 1.2085827589035034, 1.4475089311599731], ""geometry_profile"": ""low_dim"", ""knee_prominence"": 0.03, ""knn_backend"": ""kd_tree"", ""max_eps_values"": 3, ""min_samples"": 5}",development,native_target_discovery_v1
ok,synthetic,multidensity_2d__quality__n20000,VDBSCAN-2007,73,0.2.4,20000.0,2.0,0.0057987000000139,0.5619488000002093,6.476642300000094,193.90625,11.171875,190.23046875,,0.986976240538303,0.992149334481522,45.0,44.0,0.0132,known_synthetic_noise,0.5066,0.2146246754357678,8.5,7.0,6.0,0.1,0.9,full_partition,target-discovery-v1,0.0,0.05,0.9940676291932952,0.9914013467087232,0.0,0.9887535734586308,6.0,pairwise_f1,hungarian,1.0,0.0,51.0,0.0507775810785283,0.0260560600078957,0.0260560600078957,0.0099,1.0,0.0132,0.0406657008910988,0.0207604293399239,0.9872299837707194,0.0099,51.0,macro,6.0,6.0,1.0,0.40319329086364,0.2524997475002525,1.0,45.0,6.0,1.0,1.0,6.0,45.0,0.0,0.9938,1.0,0.9911223182519888,0.9884638396858176,"{""dimension"": 2, ""family"": ""multidensity"", ""n"": 20000}","{""eps_values"": [0.31219282746315, 1.2127764225006104, 1.444823145866394], ""geometry_profile"": ""low_dim"", ""knee_prominence"": 0.03, ""knn_backend"": ""kd_tree"", ""max_eps_values"": 3, ""min_samples"": 5}",development,native_target_discovery_v1
ok,synthetic,multidensity_2d__quality__n20000,VDBSCAN-2007,101,0.2.4,20000.0,2.0,0.0045417000001179,0.6087453999998615,6.752945100000034,193.37109375,10.328125,192.703125,,0.9904554655934994,0.9946581694105474,47.0,46.0,0.0168666666666666,known_synthetic_noise,0.5083333333333333,0.2185982600130926,9.0,8.0,6.0,0.1,0.9,full_partition,target-discovery-v1,0.0,0.05,0.9960230830175256,0.9912302949363728,0.0002264492753623,0.986487049522178,6.0,pairwise_f1,hungarian,1.0,0.0,54.0,0.0641949629733399,0.0331716271141995,0.0331716271141995,0.0127,0.9960629921259844,0.0168666666666666,0.0404340934674154,0.0206379640766782,0.9912603773515354,0.0127,54.0,macro,6.0,6.0,0.9998,0.4040248929119858,0.2531651980147878,0.9998,47.0,6.0,1.0,1.0,6.0,48.0,0.0,0.9958,1.0,0.9910436185828086,0.986336019661634,"{""dimension"": 2, ""family"": ""multidensity"", ""n"": 20000}","{""eps_values"": [0.33785948157310486, 1.2079554796218872, 1.4346882104873657], ""geometry_profile"": ""low_dim"", ""knee_prominence"": 0.03, ""knn_backend"": ""kd_tree"", ""max_eps_values"": 3, ""min_samples"": 5}",development,native_target_discovery_v1
ok,synthetic,multidensity_2d__quality__n20000,VDBSCAN-2007,151,0.2.4,20000.0,2.0,0.0044752000003427,0.5684168999996473,6.530110400000012,192.8203125,10.00390625,189.3671875,,0.9851003645816732,0.9906567132465206,53.0,52.0,0.0148,known_synthetic_noise,0.5073,0.216342892971727,9.833333333333334,7.0,6.0,0.1,0.9,full_partition,target-discovery-v1,0.0,0.05,0.9932806920644316,0.989310290494779,0.0001581277672359,0.9853786027500478,6.0,pairwise_f1,hungarian,1.0,0.0,59.0,0.0566622941080315,0.029166392958024,0.029166392958024,0.01115,0.9955156950672646,0.0148,0.040110308934222,0.0204720426089716,0.9848444595900938,0.01115,59.0,macro,6.0,6.0,0.9998,0.40351939298543,0.2527683672953431,0.9998,53.0,6.0,1.0,1.0,6.0,53.0,0.0,0.9928,1.0,0.9890391215804316,0.9853129023235948,"{""dimension"": 2, ""family"": ""multidensity"", ""n"": 20000}","{""eps_values"": [0.29593339562416077, 1.2099932432174683, 1.4357225894927979], ""geometry_profile"": ""low_dim"", ""knee_prominence"": 0.03, ""knn_backend"": ""kd_tree"", ""max_eps_values"": 3, ""min_samples"": 5}",development,native_target_discovery_v1
ok,synthetic,multidensity_2d__quality__n20000,VDBSCAN-2007,211,0.2.4,20000.0,2.0,0.0055825999997978,0.5618886000002021,6.43962940000074,192.73828125,9.625,193.5234375,,0.9870675976963202,0.9917708588158392,52.0,49.0,0.0162,known_synthetic_noise,0.5078,0.2178049718796118,9.666666666666666,9.0,6.0,0.1,0.9,full_partition,target-discovery-v1,0.0,0.05,0.9943965060660924,0.9913023392724633,0.0005931524572185,0.9882348403868748,6.0,pairwise_f1,hungarian,1.0,0.0,58.0,0.0617681547956547,0.0318772136953955,0.0318772136953955,0.0123,0.9878048780487804,0.0162,0.0409335559747302,0.0209003771583328,0.98654104480209,0.0123,58.0,macro,6.0,6.0,0.9994,0.403732730063828,0.252961425534069,0.9994,52.0,6.0,1.0,1.0,6.0,52.0,0.0,0.9938,1.0,0.99082885996913,0.9878829939412742,"{""dimension"": 2, ""family"": ""multidensity"", ""n"": 20000}","{""eps_values"": [0.30924153327941895, 1.209120750427246, 1.4479924440383911], ""geometry_profile"": ""low_dim"", ""knee_prominence"": 0.03, ""knn_backend"": ""kd_tree"", ""max_eps_values"": 3, ""min_samples"": 5}",fresh,native_target_discovery_v1
ok,synthetic,multidensity_2d__quality__n20000,VDBSCAN-2007,223,0.2.4,20000.0,2.0,0.0044104999997216,0.5729559000001245,6.728596400000242,193.328125,10.58984375,193.27734375,,0.9819871652644518,0.9882530542509276,55.0,54.0,0.0125333333333333,known_synthetic_noise,0.5062666666666666,0.2138935890867456,10.333333333333334,8.0,6.0,0.1,0.9,full_partition,target-discovery-v1,0.0,0.05,0.991691966895046,0.9898445174297752,0.0,0.9880098436137248,6.0,pairwise_f1,hungarian,1.0,0.0,62.0,0.0483046554962627,0.0247563866210165,0.0247563866210165,0.0094,1.0,0.0125333333333333,0.0425012037674205,0.0217211504939343,0.9809560831195644,0.0094,62.0,macro,6.0,6.0,1.0,0.4030307915524746,0.2523722996163941,1.0,55.0,6.0,1.0,1.0,6.0,56.0,0.0,0.991,1.0,0.9891218832007936,0.987256796265964,"{""dimension"": 2, ""family"": ""multidensity"", ""n"": 20000}","{""eps_values"": [0.309663325548172, 1.2110717296600342, 1.4320465326309204], ""geometry_profile"": ""low_dim"", ""knee_prominence"": 0.03, ""knn_backend"": ""kd_tree"", ""max_eps_values"": 3, ""min_samples"": 5}",fresh,native_target_discovery_v1
ok,synthetic,multidensity_2d__quality__n20000,VDBSCAN-2007,227,0.2.4,20000.0,2.0,0.0063949999994292,0.5815779000004113,6.839869100000215,192.48828125,9.71875,189.796875,,0.9884643989713394,0.9923236129698958,63.0,62.0,0.0166,known_synthetic_noise,0.5082,0.218307666832257,11.5,7.0,6.0,0.1,0.9,full_partition,target-discovery-v1,0.0,0.05,0.99480058820328,0.9906433341402644,0.0001560549313358,0.9865323509749214,6.0,pairwise_f1,hungarian,1.0,0.0,69.0,0.0632272417104357,0.032655737704918,0.032655737704918,0.0125,0.996,0.0166,0.041666471899898,0.0212822328888836,0.9874850825662612,0.0125,69.0,macro,6.0,6.0,0.9998,0.4039595959595961,0.2531139240506329,0.9998,63.0,6.0,1.0,1.0,6.0,63.0,0.0,0.9942,1.0,0.9902371777351532,0.9863176364136534,"{""dimension"": 2, ""family"": ""multidensity"", ""n"": 20000}","{""eps_values"": [0.3132091462612152, 1.2067087888717651, 1.45549738407135], ""geometry_profile"": ""low_dim"", ""knee_prominence"": 0.03, ""knn_backend"": ""kd_tree"", ""max_eps_values"": 3, ""min_samples"": 5}",fresh,native_target_discovery_v1
ok,synthetic,multidensity_2d__quality__n20000,kNN+Leiden,23,0.2.4,20000.0,2.0,0.0023528000001533,1.204500700000608,4.745377399999597,284.12890625,71.484375,289.1875,,1.0,1.0,16.0,16.0,0.0,known_synthetic_noise,0.5,0.2,3.6666666666666665,6.0,4.0,0.1,0.9,full_partition,target-discovery-v1,0.0,0.05,1.0,0.9538837832271032,0.0,0.9127635903411732,6.0,pairwise_f1,hungarian,1.0,0.0,22.0,0.0,0.0,0.0,0.0,0.0,0.0,0.3669790555019775,0.2247240347641616,1.0,0.0,22.0,macro,6.0,6.0,1.0,0.4,0.25,1.0,16.0,6.0,0.6666666666666666,1.0,6.0,16.0,0.0,1.0,0.6362,0.9529721253219232,0.9111250966107342,"{""dimension"": 2, ""family"": ""multidensity"", ""n"": 20000}","{""edge_rank"": 15, ""geometry_profile"": ""low_dim"", ""k"": 20, ""knn_backend"": ""kd_tree"", ""resolution"": 0.5, ""symmetrization"": ""union"", ""weights"": ""1/(1+d)""}",development,native_target_discovery_v1
ok,synthetic,multidensity_2d__quality__n20000,kNN+Leiden,42,0.2.4,20000.0,2.0,0.002256099999613,1.312238499999694,5.2499987999999576,285.5078125,72.25,290.57421875,,0.9636053572698208,0.9263483281948864,17.0,17.0,0.0,known_synthetic_noise,0.5,0.2,4.0,7.0,5.0,0.1,0.9,full_partition,target-discovery-v1,1.0,0.05,0.9502737226277372,0.9294899460615288,0.0,0.9216317572877384,6.0,pairwise_f1,hungarian,1.1666666666666667,0.0,24.0,0.0,0.0,0.0,0.0,0.0,0.0,0.3417947465132412,0.2118651136838087,0.8837976182169298,0.0,24.0,macro,6.0,4.0,1.0,0.4,0.25,1.0,17.0,6.0,0.8333333333333334,1.0,6.0,18.0,0.0,0.9346,0.8602,0.9242772730858294,0.9283308677120916,"{""dimension"": 2, ""family"": ""multidensity"", ""n"": 20000}","{""edge_rank"": 15, ""geometry_profile"": ""low_dim"", ""k"": 20, ""knn_backend"": ""kd_tree"", ""resolution"": 0.5, ""symmetrization"": ""union"", ""weights"": ""1/(1+d)""}",development,native_target_discovery_v1
ok,synthetic,multidensity_2d__quality__n20000,kNN+Leiden,73,0.2.4,20000.0,2.0,0.0025138999999398,1.86620640000001,5.826227600000493,284.41796875,71.65234375,289.74609375,,0.9316652750346248,0.8600350097640155,18.0,18.0,0.0,known_synthetic_noise,0.5,0.2,4.333333333333333,8.0,2.0,0.1,0.9,full_partition,target-discovery-v1,2.0,0.05,0.8660554643313264,0.8674503477448842,0.0,0.9051440444467984,6.0,pairwise_f1,hungarian,1.3333333333333333,0.0,26.0,0.0,0.0,0.0,0.0,0.0,0.0,0.324264520966785,0.204156164880885,0.7876540977885217,0.0,26.0,macro,5.0,4.0,1.0,0.4,0.25,1.0,18.0,6.0,0.3333333333333333,0.8333333333333334,6.0,20.0,0.0,0.842,0.3978,0.8555142580738524,0.9098846994195704,"{""dimension"": 2, ""family"": ""multidensity"", ""n"": 20000}","{""edge_rank"": 15, ""geometry_profile"": ""low_dim"", ""k"": 20, ""knn_backend"": ""kd_tree"", ""resolution"": 0.5, ""symmetrization"": ""union"", ""weights"": ""1/(1+d)""}",development,native_target_discovery_v1
ok,synthetic,multidensity_2d__quality__n20000,kNN+Leiden,101,0.2.4,20000.0,2.0,0.0025896000006468,0.8051666999999725,4.611671900000147,284.69140625,71.9921875,288.51171875,,1.0,1.0,17.0,17.0,0.0,known_synthetic_noise,0.5,0.2,3.8333333333333335,6.0,5.0,0.1,0.9,full_partition,target-discovery-v1,0.0,0.05,1.0,0.9631614142927096,0.0,0.9296376515279228,6.0,pairwise_f1,hungarian,1.0,0.0,23.0,0.0,0.0,0.0,0.0,0.0,0.0,0.358816988920018,0.2186331362788712,1.0,0.0,23.0,macro,6.0,6.0,1.0,0.4,0.25,1.0,17.0,6.0,0.8333333333333334,1.0,6.0,17.0,0.0,1.0,0.8222,0.963986794119404,0.93117924685431,"{""dimension"": 2, ""family"": ""multidensity"", ""n"": 20000}","{""edge_rank"": 15, ""geometry_profile"": ""low_dim"", ""k"": 20, ""knn_backend"": ""kd_tree"", ""resolution"": 0.5, ""symmetrization"": ""union"", ""weights"": ""1/(1+d)""}",development,native_target_discovery_v1
ok,synthetic,multidensity_2d__quality__n20000,kNN+Leiden,151,0.2.4,20000.0,2.0,0.0021908999997322,1.2854496999998446,4.663609899999756,284.94140625,71.92578125,289.6484375,,1.0,1.0,17.0,17.0,0.0,known_synthetic_noise,0.5,0.2,3.8333333333333335,6.0,2.0,0.1,0.9,full_partition,target-discovery-v1,0.0,0.05,1.0,0.9247131577398332,0.0,0.863168378369522,6.0,pairwise_f1,hungarian,1.0,0.0,23.0,0.0,0.0,0.0,0.0,0.0,0.0,0.3797287838920002,0.2343612477447659,1.0,0.0,23.0,macro,6.0,5.0,1.0,0.4,0.25,1.0,17.0,6.0,0.3333333333333333,1.0,6.0,17.0,0.0,1.0,0.3734,0.9319708615949897,0.8753900755221543,"{""dimension"": 2, ""family"": ""multidensity"", ""n"": 20000}","{""edge_rank"": 15, ""geometry_profile"": ""low_dim"", ""k"": 20, ""knn_backend"": ""kd_tree"", ""resolution"": 0.5, ""symmetrization"": ""union"", ""weights"": ""1/(1+d)""}",development,native_target_discovery_v1
ok,synthetic,multidensity_2d__quality__n20000,kNN+Leiden,211,0.2.4,20000.0,2.0,0.002184699999816,0.6260809000004883,3.905009099999916,284.1171875,71.7578125,288.26171875,,0.9611267886637536,0.9210361724305748,17.0,17.0,0.0,known_synthetic_noise,0.5,0.2,4.0,7.0,4.0,0.1,0.9,full_partition,target-discovery-v1,1.0,0.05,0.9239653512993264,0.9141831201432716,0.0,0.9246640245598252,6.0,pairwise_f1,hungarian,1.1666666666666667,0.0,24.0,0.0,0.0,0.0,0.0,0.0,0.0,0.3307592029855226,0.2038820593380529,0.8757345793438492,0.0,24.0,macro,5.0,5.0,1.0,0.4,0.25,1.0,17.0,6.0,0.6666666666666666,0.8333333333333334,6.0,18.0,0.0,0.9052,0.7216,0.9040879712563852,0.9271859780693604,"{""dimension"": 2, ""family"": ""multidensity"", ""n"": 20000}","{""edge_rank"": 15, ""geometry_profile"": ""low_dim"", ""k"": 20, ""knn_backend"": ""kd_tree"", ""resolution"": 0.5, ""symmetrization"": ""union"", ""weights"": ""1/(1+d)""}",fresh,native_target_discovery_v1
ok,synthetic,multidensity_2d__quality__n20000,kNN+Leiden,223,0.2.4,20000.0,2.0,0.0021542000004046,0.8837161000001288,4.153075700000045,284.203125,71.9296875,288.71875,,1.0000000000000002,1.0,18.0,18.0,0.0,known_synthetic_noise,0.5,0.2,4.0,6.0,4.0,0.1,0.9,full_partition,target-discovery-v1,0.0,0.05,1.0,0.959320467655829,0.0,0.9232250639749896,6.0,pairwise_f1,hungarian,1.0,0.0,24.0,0.0,0.0,0.0,0.0,0.0,0.0,0.3924059023981216,0.244095137562082,1.0,0.0,24.0,macro,6.0,6.0,1.0,0.4,0.25,1.0,18.0,6.0,0.6666666666666666,1.0,6.0,18.0,0.0,1.0,0.6328,0.958153360256782,0.9211699312919528,"{""dimension"": 2, ""family"": ""multidensity"", ""n"": 20000}","{""edge_rank"": 15, ""geometry_profile"": ""low_dim"", ""k"": 20, ""knn_backend"": ""kd_tree"", ""resolution"": 0.5, ""symmetrization"": ""union"", ""weights"": ""1/(1+d)""}",fresh,native_target_discovery_v1
ok,synthetic,multidensity_2d__quality__n20000,kNN+Leiden,227,0.2.4,20000.0,2.0,0.0021040000001448,0.6208997000003365,3.914976799999749,284.23828125,72.1640625,288.4609375,,1.0,1.0,17.0,17.0,0.0,known_synthetic_noise,0.5,0.2,3.8333333333333335,6.0,3.0,0.1,0.9,full_partition,target-discovery-v1,0.0,0.05,1.0,0.9466376118935892,0.0,0.9014220028341808,6.0,pairwise_f1,hungarian,1.0,0.0,23.0,0.0,0.0,0.0,0.0,0.0,0.0,0.3832338938373511,0.2370373131750928,1.0,0.0,23.0,macro,6.0,5.0,1.0,0.4,0.25,1.0,17.0,6.0,0.5,1.0,6.0,17.0,0.0,1.0,0.4666,0.9456450322783256,0.8994705210269707,"{""dimension"": 2, ""family"": ""multidensity"", ""n"": 20000}","{""edge_rank"": 15, ""geometry_profile"": ""low_dim"", ""k"": 20, ""knn_backend"": ""kd_tree"", ""resolution"": 0.5, ""symmetrization"": ""union"", ""weights"": ""1/(1+d)""}",fresh,native_target_discovery_v1
ok,synthetic,multidensity_2d__quality__n20000,kNN-DBSCAN,23,0.2.4,20000.0,2.0,0.0023929999997562,0.0677930000001652,3.1104506000001493,185.4375,2.47265625,185.53515625,,0.990346391612619,0.9942722087369968,14.0,14.0,0.9918,known_synthetic_noise,0.9937,0.9903976625606112,3.333333333333333,6.0,6.0,0.1,0.9,full_partition,target-discovery-v1,0.0,0.05,0.9959294415048484,0.992770630734869,0.0040705584951516,0.989636946964898,6.0,pairwise_f1,hungarian,1.0,0.0,20.0,0.9939590607497112,0.9951503394762368,0.9951503394762368,0.74495,0.9985233908315996,0.9918,0.9849948516182304,0.9794458748910244,0.9906070612046376,0.74495,20.0,macro,6.0,6.0,0.9956,0.9856449856449856,0.9758870809645168,0.9956,14.0,6.0,1.0,1.0,6.0,14.0,0.0,0.9956,1.0,0.9926222605938716,0.9896675203594156,"{""dimension"": 2, ""family"": ""multidensity"", ""n"": 20000}","{""eps"": 0.33531105518341064, ""eps_quantile"": 0.25, ""geometry_profile"": ""low_dim"", ""k"": 4, ""knn_backend"": ""kd_tree"", ""min_samples"": 5}",development,native_target_discovery_v1
ok,synthetic,multidensity_2d__quality__n20000,kNN-DBSCAN,42,0.2.4,20000.0,2.0,0.002477799999724,0.064727999999377,3.1938442000000578,185.00390625,2.046875,185.5,,0.9890663193041532,0.9925169519029018,4.0,4.0,0.993,known_synthetic_noise,0.9943,0.9915797321248246,1.8333333333333333,7.0,6.0,0.1,0.9,full_partition,target-discovery-v1,0.0,0.05,0.994996803562331,0.9897477892640202,0.0039538784943321,0.9845707417893624,6.0,pairwise_f1,hungarian,1.0,0.0,11.0,0.992742268326126,0.9957549219507305,0.9957549219507305,0.74585,0.9985251726218408,0.993,0.9777805631619924,0.9680360540375784,0.9877232488404624,0.74585,11.0,macro,6.0,6.0,0.9956,0.9874045422989188,0.9793429077316546,0.9956,4.0,6.0,1.0,1.0,6.0,5.0,0.0,0.9944,1.0,0.9892562786643492,0.9841824095256682,"{""dimension"": 2, ""family"": ""multidensity"", ""n"": 20000}","{""eps"": 0.31485846638679504, ""eps_quantile"": 0.25, ""geometry_profile"": ""low_dim"", ""k"": 4, ""knn_backend"": ""kd_tree"", ""min_samples"": 5}",development,native_target_discovery_v1
ok,synthetic,multidensity_2d__quality__n20000,kNN-DBSCAN,73,0.2.4,20000.0,2.0,0.0023424999999406,0.0649607000004834,3.3555702000003294,185.46484375,2.2109375,185.95703125,,0.9881351070377572,0.9928129158739164,8.0,8.0,0.9931333333333332,known_synthetic_noise,0.9937666666666668,0.9913099539585108,2.333333333333333,6.0,6.0,0.1,0.9,full_partition,target-discovery-v1,0.0,0.05,0.9947368229904175,0.991425883410345,0.0052631770095823,0.9881393017354324,6.0,pairwise_f1,hungarian,1.0,0.0,14.0,0.99351970499614,0.9956223893066,0.9956223893066,0.74625,0.9981239530988276,0.9931333333333332,0.9817554046616436,0.9753488271562072,0.9882467018402038,0.74625,14.0,macro,6.0,6.0,0.9944,0.9869975186104216,0.979704433497537,0.9944,8.0,6.0,1.0,1.0,6.0,8.0,0.0,0.9944,1.0,0.991128292615394,0.9878807116314648,"{""dimension"": 2, ""family"": ""multidensity"", ""n"": 20000}","{""eps"": 0.3219914436340332, ""eps_quantile"": 0.25, ""geometry_profile"": ""low_dim"", ""k"": 4, ""knn_backend"": ""kd_tree"", ""min_samples"": 5}",development,native_target_discovery_v1
ok,synthetic,multidensity_2d__quality__n20000,kNN-DBSCAN,101,0.2.4,20000.0,2.0,0.0022352000005412,0.0638284000006024,2.839666699999725,185.05859375,2.0703125,185.57421875,,0.9880943749480204,0.9931414937955984,12.0,12.0,0.9915333333333334,known_synthetic_noise,0.9933666666666668,0.9900016351961458,3.1666666666666665,7.0,6.0,0.1,0.9,full_partition,target-discovery-v1,0.0,0.05,0.9948359551961976,0.99110966365016,0.0046016151075145,0.9874160547847268,6.0,pairwise_f1,hungarian,1.0,0.0,19.0,0.9930257832110772,0.9949493260193332,0.9949493260193332,0.74485,0.9983889373699404,0.9915333333333334,0.9816721108168376,0.974647778575127,0.9887984274485068,0.74485,19.0,macro,6.0,6.0,0.9952,0.9850539443729583,0.9751126788163824,0.9952,12.0,6.0,1.0,1.0,6.0,13.0,0.0,0.9946,1.0,0.9909347960780288,0.987301441697151,"{""dimension"": 2, ""family"": ""multidensity"", ""n"": 20000}","{""eps"": 0.3178845942020416, ""eps_quantile"": 0.25, ""geometry_profile"": ""low_dim"", ""k"": 4, ""knn_backend"": ""kd_tree"", ""min_samples"": 5}",development,native_target_discovery_v1
ok,synthetic,multidensity_2d__quality__n20000,kNN-DBSCAN,151,0.2.4,20000.0,2.0,0.00240439999925,0.0677887000001646,2.9993365000000267,184.921875,2.359375,188.55078125,,0.987056242126013,0.9919081708705438,7.0,7.0,0.9924666666666668,known_synthetic_noise,0.9931333333333334,0.99045198182975,2.1666666666666665,6.0,6.0,0.1,0.9,full_partition,target-discovery-v1,0.0,0.05,0.9942633619553548,0.9894506581272056,0.0057366380446451,0.9846877942641336,6.0,pairwise_f1,hungarian,1.0,0.0,13.0,0.9923104614518576,0.9951868440403772,0.9951868440403772,0.7459,0.9979219734548868,0.9924666666666668,0.9777976347032696,0.9689624088903862,0.9867954665053192,0.7459,13.0,macro,6.0,6.0,0.9938,0.9857171196191232,0.9777646595828414,0.9938,7.0,6.0,1.0,1.0,6.0,7.0,0.0,0.9938,1.0,0.9891495183519808,0.9845453467367156,"{""dimension"": 2, ""family"": ""multidensity"", ""n"": 20000}","{""eps"": 0.31238773465156555, ""eps_quantile"": 0.25, ""geometry_profile"": ""low_dim"", ""k"": 4, ""knn_backend"": ""kd_tree"", ""min_samples"": 5}",development,native_target_discovery_v1
ok,synthetic,multidensity_2d__quality__n20000,kNN-DBSCAN,211,0.2.4,20000.0,2.0,0.0024195999994844,0.0683770999994521,2.973790299999564,184.796875,2.22265625,185.3203125,,0.9888335064053956,0.993117482284457,12.0,12.0,0.9912,known_synthetic_noise,0.993,0.9895401908962826,3.0,6.0,6.0,0.1,0.9,full_partition,target-discovery-v1,0.0,0.05,0.9952656414359852,0.9912166730840364,0.0047343585640148,0.987206180944466,6.0,pairwise_f1,hungarian,1.0,0.0,18.0,0.99296258512625,0.9947146584598916,0.9947146584598916,0.7447,0.9982543306029272,0.9912,0.9806559569463535,0.9727003696097438,0.9887427528078158,0.7447,18.0,macro,6.0,6.0,0.9948,0.9843657233326736,0.9741480611045829,0.9948,12.0,6.0,1.0,1.0,6.0,12.0,0.0,0.9948,1.0,0.9907400552917126,0.9867181168601452,"{""dimension"": 2, ""family"": ""multidensity"", ""n"": 20000}","{""eps"": 0.3269243836402893, ""eps_quantile"": 0.25, ""geometry_profile"": ""low_dim"", ""k"": 4, ""knn_backend"": ""kd_tree"", ""min_samples"": 5}",fresh,native_target_discovery_v1
ok,synthetic,multidensity_2d__quality__n20000,kNN-DBSCAN,223,0.2.4,20000.0,2.0,0.0023873000000094,0.0648103000003175,3.0149106000008032,185.95703125,3.203125,189.5078125,,0.9846370982740827,0.9899978343433518,14.0,14.0,0.9906666666666668,known_synthetic_noise,0.9921333333333332,0.988614863660874,3.5,7.0,6.0,0.1,0.9,full_partition,target-discovery-v1,0.0,0.05,0.993067759562426,0.990183805770418,0.0058546542306775,0.987320139597882,6.0,pairwise_f1,hungarian,1.0,0.0,21.0,0.9922107213065026,0.9942459520942056,0.9942459520942056,0.7446,0.9978511952726296,0.9906666666666668,0.9779103693775572,0.9722262836511164,0.983661309568531,0.7446,21.0,macro,6.0,6.0,0.9936,0.9829837752275424,0.9725920125293656,0.9936,14.0,6.0,1.0,1.0,6.0,15.0,0.0,0.9924,1.0,0.989530576278382,0.9866811519468588,"{""dimension"": 2, ""family"": ""multidensity"", ""n"": 20000}","{""eps"": 0.3256666362285614, ""eps_quantile"": 0.25, ""geometry_profile"": ""low_dim"", ""k"": 4, ""knn_backend"": ""kd_tree"", ""min_samples"": 5}",fresh,native_target_discovery_v1
ok,synthetic,multidensity_2d__quality__n20000,kNN-DBSCAN,227,0.2.4,20000.0,2.0,0.0022038999995857,0.0647222999996302,2.935309599999528,185.30859375,2.06640625,185.9453125,,0.9829029324948227,0.9873060135326296,14.0,14.0,0.9906,known_synthetic_noise,0.9919,0.9884155271376522,3.5,7.0,6.0,0.1,0.9,full_partition,target-discovery-v1,0.0,0.05,0.9911445521412116,0.9888596238314452,0.0061051728312859,0.9866566396485488,6.0,pairwise_f1,hungarian,1.0,0.0,21.0,0.9914956594861148,0.9941457866390124,0.9941457866390124,0.74465,0.9977170482777143,0.9906,0.9758896299686958,0.9725465749485256,0.9792557472593552,0.74465,21.0,macro,6.0,6.0,0.9932,0.9826852676362918,0.9723908361073036,0.9932,14.0,6.0,1.0,1.0,6.0,15.0,0.0,0.9902,1.0,0.9882854807683796,0.986453124109434,"{""dimension"": 2, ""family"": ""multidensity"", ""n"": 20000}","{""eps"": 0.30874618887901306, ""eps_quantile"": 0.25, ""geometry_profile"": ""low_dim"", ""k"": 4, ""knn_backend"": ""kd_tree"", ""min_samples"": 5}",fresh,native_target_discovery_v1
ok,synthetic,overlap_8d__quality__n20000,AMD-DBSCAN,23,0.2.4,20000.0,8.0,0.0062649999999848,7.95237249999991,10.792790499999684,6288.7890625,6103.65625,6288.78125,,0.6915655974879822,0.498298725645019,1.0,0.0,0.0,known_synthetic_noise,0.5,0.4285714285714285,4.333333333333333,26.0,3.0,0.1,0.9,full_partition,target-discovery-v1,3.0,0.05,0.5798582791107122,0.5456779588646431,0.0,0.7207715093621162,6.0,pairwise_f1,hungarian,1.5,2.0,26.0,0.0,0.0,0.0,0.0,0.0,0.0,0.4549339068787835,0.3186107494969508,0.7951546858476712,0.0,26.0,macro,2.0,2.0,1.0,0.8571428571428571,0.75,1.0,1.0,6.0,0.5,0.3333333333333333,6.0,20.0,0.0,0.582,0.5012666666666666,0.5473178770699705,0.7226552977737989,"{""dimension"": 8, ""family"": ""gaussian_overlap"", ""n"": 20000}","{""adaptive_rank"": 71, ""balance_rounds"": 3, ""eps_values"": [1.8660443039393237, 2.757402657846838, 10.706985767653164], ""geometry_profile"": ""high_dim"", ""knn_backend"": ""faiss_hnsw"", ""n_density_levels"": 3}",development,native_target_discovery_v1
ok,synthetic,overlap_8d__quality__n20000,AMD-DBSCAN,42,0.2.4,20000.0,8.0,0.0056612000007589,7.966618200000084,10.773293899999771,6288.4296875,6103.64453125,6288.4296875,,0.0745122813605914,0.0078183224785649,1.0,0.0,0.0,known_synthetic_noise,0.5,0.4285714285714285,5.166666666666667,31.0,0.0,0.1,0.9,full_partition,target-discovery-v1,5.0,0.05,0.2134281566156064,0.1206403111952921,0.0,0.4776033560257789,5.0,pairwise_f1,hungarian,1.8333333333333333,3.0,31.0,0.0,0.0,0.0,0.0,0.0,0.0,0.2435900221504244,0.1436845511441609,0.7994714115882491,0.0,31.0,macro,0.0,0.0,1.0,0.8571428571428571,0.75,1.0,1.0,6.0,0.0,0.0,6.0,26.0,0.0,0.2138666666666666,0.0,0.1205493642354885,0.4790419974043767,"{""dimension"": 8, ""family"": ""gaussian_overlap"", ""n"": 20000}","{""adaptive_rank"": 71, ""balance_rounds"": 3, ""eps_values"": [1.8393059251665076, 2.67607993591066, 9.617372280537248], ""geometry_profile"": ""high_dim"", ""knn_backend"": ""faiss_hnsw"", ""n_density_levels"": 3}",development,native_target_discovery_v1
ok,synthetic,overlap_8d__quality__n20000,AMD-DBSCAN,73,0.2.4,20000.0,8.0,0.0064965999990818,7.650724600000103,10.581785400001536,6288.796875,6103.64453125,6288.796875,,0.7381366589747219,0.623714499311298,1.0,0.0,0.0,known_synthetic_noise,0.5,0.4285714285714285,7.333333333333333,44.0,2.0,0.1,0.9,full_partition,target-discovery-v1,3.0,0.05,0.6357715537021315,0.5510451044371999,0.0,0.6784028146231881,6.0,pairwise_f1,hungarian,1.5,3.0,44.0,0.0,0.0,0.0,0.0,0.0,0.0,0.5100942159604307,0.3649951370297917,0.8466814269523228,0.0,44.0,macro,2.0,2.0,1.0,0.8571428571428571,0.75,1.0,1.0,6.0,0.3333333333333333,0.3333333333333333,6.0,38.0,0.0,0.6359333333333334,0.3360666666666667,0.5520931955419747,0.6797487249987066,"{""dimension"": 8, ""family"": ""gaussian_overlap"", ""n"": 20000}","{""adaptive_rank"": 71, ""balance_rounds"": 3, ""eps_values"": [1.8528922113360997, 2.604439644611225, 9.876892631579883], ""geometry_profile"": ""high_dim"", ""knn_backend"": ""faiss_hnsw"", ""n_density_levels"": 3}",development,native_target_discovery_v1
ok,synthetic,overlap_8d__quality__n20000,AMD-DBSCAN,101,0.2.4,20000.0,8.0,0.0063345999988086,7.46846110000115,10.310173699999725,6288.75390625,6103.6484375,6288.75390625,,0.70703202150636,0.5425436674058663,1.0,0.0,0.0,known_synthetic_noise,0.5,0.4285714285714285,6.0,36.0,3.0,0.1,0.9,full_partition,target-discovery-v1,6.0,0.05,0.6812703873302152,0.6483685250970321,0.0,0.6896130471491458,6.0,pairwise_f1,hungarian,2.0,3.0,36.0,0.0,0.0,0.0,0.0,0.0,0.0,0.4713622725353135,0.3370012916336345,0.78389977837078,0.0,36.0,macro,3.0,3.0,1.0,0.8571428571428571,0.75,1.0,1.0,6.0,0.5,0.5,6.0,30.0,0.0,0.6818,0.4978666666666667,0.6491984413163958,0.6919255258864037,"{""dimension"": 8, ""family"": ""gaussian_overlap"", ""n"": 20000}","{""adaptive_rank"": 71, ""balance_rounds"": 3, ""eps_values"": [1.7416179634773967, 2.5883243935633375, 9.756186029703342], ""geometry_profile"": ""high_dim"", ""knn_backend"": ""faiss_hnsw"", ""n_density_levels"": 3}",development,native_target_discovery_v1
ok,synthetic,overlap_8d__quality__n20000,AMD-DBSCAN,151,0.2.4,20000.0,8.0,0.0055881000007502,7.7612455999988015,10.548560200000791,6288.49609375,6103.6875,6288.49609375,,0.3554299441890169,0.1448121861047769,1.0,0.0,0.0,known_synthetic_noise,0.5,0.4285714285714285,3.333333333333333,20.0,1.0,0.1,0.9,full_partition,target-discovery-v1,3.0,0.05,0.3395301744429666,0.2347807197847853,0.0,0.6746624872532969,6.0,pairwise_f1,hungarian,1.5,2.0,20.0,0.0,0.0,0.0,0.0,0.0,0.0,0.3101394253653198,0.188517690657602,0.8739955565557178,0.0,20.0,macro,1.0,1.0,1.0,0.8571428571428571,0.75,1.0,1.0,6.0,0.1666666666666666,0.1666666666666666,6.0,14.0,0.0,0.3410666666666667,0.1676,0.2358149506294196,0.6792973283074847,"{""dimension"": 8, ""family"": ""gaussian_overlap"", ""n"": 20000}","{""adaptive_rank"": 71, ""balance_rounds"": 3, ""eps_values"": [1.9810248542690152, 2.7330781794061125, 10.205090191512378], ""geometry_profile"": ""high_dim"", ""knn_backend"": ""faiss_hnsw"", ""n_density_levels"": 3}",development,native_target_discovery_v1
ok,synthetic,overlap_8d__quality__n20000,AMD-DBSCAN,211,0.2.4,20000.0,8.0,0.0054589000010309,7.593406699999832,10.424187200000231,6288.39453125,6103.64453125,6288.39453125,,0.719926930826529,0.578689055907535,1.0,0.0,0.0,known_synthetic_noise,0.5,0.4285714285714285,7.5,45.0,2.0,0.1,0.9,full_partition,target-discovery-v1,4.0,0.05,0.5591033136410436,0.4986859705281908,0.0,0.6706707499223433,6.0,pairwise_f1,hungarian,1.6666666666666667,3.0,45.0,0.0,0.0,0.0,0.0,0.0,0.0,0.4886023566194034,0.3533614498682652,0.7915496389139824,0.0,45.0,macro,1.0,1.0,1.0,0.8571428571428571,0.75,1.0,1.0,6.0,0.3333333333333333,0.1666666666666666,6.0,39.0,0.0,0.5630666666666667,0.3334,0.5015061362416934,0.6701489190017875,"{""dimension"": 8, ""family"": ""gaussian_overlap"", ""n"": 20000}","{""adaptive_rank"": 71, ""balance_rounds"": 3, ""eps_values"": [1.8380571588302521, 2.7248177547988486, 9.908079404904631], ""geometry_profile"": ""high_dim"", ""knn_backend"": ""faiss_hnsw"", ""n_density_levels"": 3}",fresh,native_target_discovery_v1
ok,synthetic,overlap_8d__quality__n20000,AMD-DBSCAN,223,0.2.4,20000.0,8.0,0.0056196999994426,7.53684500000054,10.376335999999355,6289.1171875,6103.64453125,6289.1171875,,0.6160103206154537,0.4537938987507048,1.0,0.0,0.0,known_synthetic_noise,0.5,0.4285714285714285,6.5,39.0,1.0,0.1,0.9,full_partition,target-discovery-v1,5.0,0.05,0.5001294208010766,0.3962083141236878,0.0,0.6046679617424228,6.0,pairwise_f1,hungarian,1.8333333333333333,3.0,39.0,0.0,0.0,0.0,0.0,0.0,0.0,0.4366022243006424,0.2965533023120006,0.8272984509801328,0.0,39.0,macro,1.0,1.0,1.0,0.8571428571428571,0.75,1.0,1.0,6.0,0.1666666666666666,0.1666666666666666,6.0,33.0,0.0,0.5079333333333333,0.1699333333333333,0.4022625383383252,0.6053393649076062,"{""dimension"": 8, ""family"": ""gaussian_overlap"", ""n"": 20000}","{""adaptive_rank"": 71, ""balance_rounds"": 3, ""eps_values"": [1.871699341064227, 2.6695041291002592, 10.02931966854679], ""geometry_profile"": ""high_dim"", ""knn_backend"": ""faiss_hnsw"", ""n_density_levels"": 3}",fresh,native_target_discovery_v1
ok,synthetic,overlap_8d__quality__n20000,AMD-DBSCAN,227,0.2.4,20000.0,8.0,0.0056921000013971,7.664547400001538,10.560540099999344,6289.1328125,6103.64453125,6289.1328125,,0.6141017390530092,0.3997716051141442,1.0,0.0,0.0,known_synthetic_noise,0.5,0.4285714285714285,5.333333333333333,32.0,3.0,0.1,0.9,full_partition,target-discovery-v1,3.0,0.05,0.5721200285937901,0.5212091468966767,0.0,0.7072998438729359,6.0,pairwise_f1,hungarian,1.5,2.0,32.0,0.0,0.0,0.0,0.0,0.0,0.0,0.4164887090303756,0.2801565645594147,0.811281184571958,0.0,32.0,macro,2.0,2.0,1.0,0.8571428571428571,0.75,1.0,1.0,6.0,0.5,0.3333333333333333,6.0,26.0,0.0,0.5691333333333334,0.4955333333333333,0.518030781336169,0.7067919797349942,"{""dimension"": 8, ""family"": ""gaussian_overlap"", ""n"": 20000}","{""adaptive_rank"": 71, ""balance_rounds"": 3, ""eps_values"": [1.8142401686160443, 2.690606760199055, 10.127118506285292], ""geometry_profile"": ""high_dim"", ""knn_backend"": ""faiss_hnsw"", ""n_density_levels"": 3}",fresh,native_target_discovery_v1
ok,synthetic,overlap_8d__quality__n20000,DBSCAN,23,0.2.4,20000.0,8.0,0.0058898000006593,1.608369499999753,4.384813299999223,198.3125,13.08984375,196.80078125,,0.2164675580405251,0.0192513511303608,0.0,0.0,1.0,known_synthetic_noise,0.5795666666666667,0.3583982282817933,12.833333333333334,77.0,3.0,0.1,0.9,full_partition,target-discovery-v1,0.0,0.05,0.1307959126770348,0.2166590323543955,0.8404989066482033,0.8333333333333334,5.0,pairwise_f1,hungarian,0.6666666666666666,0.0,77.0,0.2908309474670102,0.4422234997567771,0.4422234997567771,0.88065,0.2838812240958383,1.0,0.0531281514703057,1.0,0.0272889823284613,0.88065,77.0,macro,0.0,0.0,0.1591333333333333,0.2745729568068096,1.0,0.1591333333333333,0.0,6.0,0.5,0.0,6.0,72.0,0.0,0.1304666666666666,0.4985333333333333,0.2161049523213906,0.8315333333333333,"{""dimension"": 8, ""family"": ""gaussian_overlap"", ""n"": 20000}","{""eps"": 1.1294227838516235, ""eps_quantile"": 0.05, ""geometry_profile"": ""high_dim"", ""knn_backend"": ""faiss_hnsw"", ""min_samples"": 5}",development,native_target_discovery_v1
ok,synthetic,overlap_8d__quality__n20000,DBSCAN,42,0.2.4,20000.0,8.0,0.0064406000001326,1.6830095999994228,4.453098899999532,197.515625,12.68359375,196.75390625,,0.2116593167156365,0.0266335959372716,0.0,0.0,1.0,known_synthetic_noise,0.5724666666666667,0.3456351543447494,10.166666666666666,61.0,2.0,0.1,0.9,full_partition,target-discovery-v1,0.0,0.05,0.1264671172482657,0.1972554128367194,0.8537382697825512,0.9993514915693904,6.0,pairwise_f1,hungarian,0.5,0.0,61.0,0.2720285534714913,0.4380969070358363,0.4380969070358363,0.8913,0.2804891731179176,1.0,0.0686722893894265,0.9965056129899128,0.0355614702442603,0.8913,61.0,macro,0.0,0.0,0.1449333333333333,0.2531734016536625,1.0,0.1449333333333333,0.0,6.0,0.3333333333333333,0.0,6.0,55.0,0.0,0.1251333333333333,0.3283333333333333,0.1953087583473672,0.9993727626459143,"{""dimension"": 8, ""family"": ""gaussian_overlap"", ""n"": 20000}","{""eps"": 1.1150916814804077, ""eps_quantile"": 0.05, ""geometry_profile"": ""high_dim"", ""knn_backend"": ""faiss_hnsw"", ""min_samples"": 5}",development,native_target_discovery_v1
ok,synthetic,overlap_8d__quality__n20000,DBSCAN,73,0.2.4,20000.0,8.0,0.0063759999993635,1.5307412000001932,4.269153199998982,202.24609375,16.984375,198.11328125,,0.2092007091114318,0.0200305420802878,0.0,0.0,1.0,known_synthetic_noise,0.5781333333333334,0.355839691871495,15.333333333333334,92.0,3.0,0.1,0.9,full_partition,target-discovery-v1,0.0,0.05,0.1186919138477647,0.1923807400778524,0.8428812072819089,1.0,6.0,pairwise_f1,hungarian,0.5,0.0,92.0,0.2679662839111237,0.4413841807909605,0.4413841807909605,0.8828,0.2831898504757589,1.0,0.0553675380434624,1.0,0.0284719807607016,0.8828,92.0,macro,0.0,0.0,0.1562666666666666,0.2702952029520294,1.0,0.1562666666666666,0.0,6.0,0.5,0.0,6.0,86.0,0.0,0.1176666666666666,0.5,0.1910590563701307,1.0,"{""dimension"": 8, ""family"": ""gaussian_overlap"", ""n"": 20000}","{""eps"": 1.1177195310592651, ""eps_quantile"": 0.05, ""geometry_profile"": ""high_dim"", ""knn_backend"": ""faiss_hnsw"", ""min_samples"": 5}",development,native_target_discovery_v1
ok,synthetic,overlap_8d__quality__n20000,DBSCAN,101,0.2.4,20000.0,8.0,0.0054123000008985,1.7142352999999275,4.570348700000977,197.30078125,12.3203125,196.25390625,,0.2086572802310865,0.0341041739587828,0.0,0.0,1.0,known_synthetic_noise,0.5671333333333334,0.3358968145865738,9.333333333333334,56.0,1.0,0.1,0.9,full_partition,target-discovery-v1,0.0,0.05,0.110948694260582,0.1618011719798257,0.8662686478625646,1.0,6.0,pairwise_f1,hungarian,0.3333333333333333,0.0,56.0,0.2358761782337682,0.4350474201687984,0.4350474201687984,0.8993,0.2779939953297008,1.0,0.0865211611563195,1.0,0.0452166804251697,0.8993,56.0,macro,0.0,0.0,0.1342666666666666,0.2367462090043493,1.0,0.1342666666666666,0.0,6.0,0.1666666666666666,0.0,6.0,50.0,0.0,0.1115333333333333,0.1676,0.1626174161643667,1.0,"{""dimension"": 8, ""family"": ""gaussian_overlap"", ""n"": 20000}","{""eps"": 1.0482327938079834, ""eps_quantile"": 0.05, ""geometry_profile"": ""high_dim"", ""knn_backend"": ""faiss_hnsw"", ""min_samples"": 5}",development,native_target_discovery_v1
ok,synthetic,overlap_8d__quality__n20000,DBSCAN,151,0.2.4,20000.0,8.0,0.0062981999999465,1.8015806999992487,4.841958499999237,200.63671875,15.82421875,200.63671875,,0.1824354088321362,0.0132125965580387,0.0,0.0,1.0,known_synthetic_noise,0.5823666666666667,0.3633705481247214,17.833333333333332,107.0,1.0,0.1,0.9,full_partition,target-discovery-v1,0.0,0.05,0.0896059917096211,0.1446005085890646,0.836040739566517,0.9172273982056592,6.0,pairwise_f1,hungarian,0.5,1.0,107.0,0.2181380716161837,0.4438723423143504,0.4438723423143504,0.87645,0.2852415996348907,1.0,0.0431827082576172,0.7636735614230953,0.0222195683192759,0.87645,107.0,macro,0.0,0.0,0.1647333333333333,0.2828687539350924,1.0,0.1647333333333333,0.0,6.0,0.1666666666666666,0.0,6.0,101.0,0.0,0.0900666666666666,0.1676,0.1453078618123096,0.916598878536922,"{""dimension"": 8, ""family"": ""gaussian_overlap"", ""n"": 20000}","{""eps"": 1.2078959941864014, ""eps_quantile"": 0.05, ""geometry_profile"": ""high_dim"", ""knn_backend"": ""faiss_hnsw"", ""min_samples"": 5}",development,native_target_discovery_v1
ok,synthetic,overlap_8d__quality__n20000,DBSCAN,211,0.2.4,20000.0,8.0,0.0066024999996443,1.741256000001158,4.760151100001167,201.6640625,16.84375,199.0859375,,0.2063411702359726,0.0239739191670917,0.0,0.0,1.0,known_synthetic_noise,0.5714,0.3436980449949962,10.5,63.0,3.0,0.1,0.9,full_partition,target-discovery-v1,0.0,0.05,0.1161031388121372,0.183438768654411,0.8589909346309993,0.8333333333333334,5.0,pairwise_f1,hungarian,0.5,0.0,63.0,0.2584910985218424,0.4374835943652113,0.4374835943652113,0.8929,0.279986560645089,1.0,0.0673434497590186,1.0,0.0348450166950882,0.8929,63.0,macro,0.0,0.0,0.1428,0.2499124956247812,1.0,0.1428,0.0,6.0,0.5,0.0,6.0,58.0,0.0,0.118,0.5008666666666667,0.1858774328170701,0.8347333333333333,"{""dimension"": 8, ""family"": ""gaussian_overlap"", ""n"": 20000}","{""eps"": 1.105103611946106, ""eps_quantile"": 0.05, ""geometry_profile"": ""high_dim"", ""knn_backend"": ""faiss_hnsw"", ""min_samples"": 5}",fresh,native_target_discovery_v1
ok,synthetic,overlap_8d__quality__n20000,DBSCAN,223,0.2.4,20000.0,8.0,0.005830899999637,1.5540975000003527,4.46765939999932,196.41796875,11.42578125,199.921875,,0.2051541299939015,0.0246375784775986,0.0,0.0,1.0,known_synthetic_noise,0.5723,0.3453328249777155,13.166666666666666,79.0,2.0,0.1,0.9,full_partition,target-discovery-v1,0.0,0.05,0.1122367938664749,0.1752185147222867,0.8566227003667332,1.0,6.0,pairwise_f1,hungarian,0.5,0.0,79.0,0.2503047636353572,0.4380009636021199,0.4380009636021199,0.89155,0.280410521002748,1.0,0.067115582931175,1.0,0.0347230193065316,0.89155,79.0,macro,0.0,0.0,0.1446,0.2526646863533112,1.0,0.1446,0.0,6.0,0.3333333333333333,0.0,6.0,73.0,0.0,0.1132666666666666,0.3324,0.1765823861957837,1.0,"{""dimension"": 8, ""family"": ""gaussian_overlap"", ""n"": 20000}","{""eps"": 1.1328240633010864, ""eps_quantile"": 0.05, ""geometry_profile"": ""high_dim"", ""knn_backend"": ""faiss_hnsw"", ""min_samples"": 5}",fresh,native_target_discovery_v1
ok,synthetic,overlap_8d__quality__n20000,DBSCAN,227,0.2.4,20000.0,8.0,0.0065601000005699,1.6042956999990563,4.427441899999394,198.73828125,12.88671875,198.23828125,,0.2068715325542496,0.0152685959480563,0.0,0.0,1.0,known_synthetic_noise,0.5781666666666667,0.3558992950710963,14.5,87.0,3.0,0.1,0.9,full_partition,target-discovery-v1,0.0,0.05,0.1201246176239173,0.2005431408626677,0.8448185156293132,0.8333333333333334,5.0,pairwise_f1,hungarian,0.6666666666666666,0.0,87.0,0.2757875776448026,0.4414036636504083,0.4414036636504083,0.88275,0.2832058906825262,1.0,0.049211180201778,1.0,0.025226298050482,0.88275,87.0,macro,0.0,0.0,0.1563333333333333,0.2703949264917843,1.0,0.1563333333333333,0.0,6.0,0.5,0.0,6.0,82.0,0.0,0.1210666666666666,0.5038666666666667,0.2021072238970785,0.8388,"{""dimension"": 8, ""family"": ""gaussian_overlap"", ""n"": 20000}","{""eps"": 1.0994091033935547, ""eps_quantile"": 0.05, ""geometry_profile"": ""high_dim"", ""knn_backend"": ""faiss_hnsw"", ""min_samples"": 5}",fresh,native_target_discovery_v1
ok,synthetic,overlap_8d__quality__n20000,HDBSCAN,23,0.2.4,20000.0,8.0,0.005892600000152,4.092976800000542,6.959899899999073,188.5546875,3.89453125,190.0625,,0.0,0.0,4.0,4.0,0.9222,known_synthetic_noise,0.9611,0.9733624295948556,0.8333333333333334,1.0,0.0,0.1,0.9,full_partition,target-discovery-v1,0.0,0.05,0.1666666666666666,0.0471395539643469,0.0,0.0274520024324559,1.0,pairwise_f1,hungarian,1.0,1.0,5.0,0.0898642582369179,0.9595255436479034,0.9595255436479034,0.23055,1.0,0.9222,0.2746078015947661,0.1591567423618722,1.0,0.23055,5.0,macro,0.0,0.0,1.0,0.987199315541808,0.974722204171811,1.0,4.0,6.0,0.0,0.0,6.0,4.0,0.0,0.1685333333333333,0.0,0.0476675169687476,0.0277594648596994,"{""dimension"": 8, ""family"": ""gaussian_overlap"", ""n"": 20000}","{""geometry_profile"": ""high_dim"", ""knn_backend"": ""faiss_hnsw"", ""min_cluster_size"": 8, ""min_samples"": 5}",development,native_target_discovery_v1
ok,synthetic,overlap_8d__quality__n20000,HDBSCAN,42,0.2.4,20000.0,8.0,0.0059793000000354,3.889279400000305,6.640682299999753,188.52734375,4.32421875,188.234375,,0.0,0.0,6.0,6.0,0.8504,known_synthetic_noise,0.9252,0.9474129150843438,1.1666666666666667,1.0,0.0,0.1,0.9,full_partition,target-discovery-v1,0.0,0.05,0.1666666666666666,0.0468124760181987,0.0,0.0272304062240928,1.0,pairwise_f1,hungarian,1.0,1.0,7.0,0.0890877116539973,0.9191526156506702,0.9191526156506702,0.2126,1.0,0.8504,0.2646487326366378,0.1525044166065218,1.0,0.2126,7.0,macro,0.0,0.0,1.0,0.9756732145180176,0.95250190500381,1.0,6.0,6.0,0.0,0.0,6.0,6.0,0.0,0.1708,0.0,0.04797342542345,0.0279057202984503,"{""dimension"": 8, ""family"": ""gaussian_overlap"", ""n"": 20000}","{""geometry_profile"": ""high_dim"", ""knn_backend"": ""faiss_hnsw"", ""min_cluster_size"": 8, ""min_samples"": 5}",development,native_target_discovery_v1
ok,synthetic,overlap_8d__quality__n20000,HDBSCAN,73,0.2.4,20000.0,8.0,0.0057503000007272,3.919984000000113,6.717547899999772,188.796875,3.84375,188.99609375,,0.0,0.0,2.0,2.0,0.901,known_synthetic_noise,0.9505,0.9658449885153774,0.5,1.0,0.0,0.1,0.9,full_partition,target-discovery-v1,0.0,0.05,0.1666666666666666,0.0469261953684678,0.0,0.0273073940020682,1.0,pairwise_f1,hungarian,1.0,1.0,3.0,0.0894254490219765,0.9479221462388217,0.9479221462388217,0.22525,1.0,0.901,0.2708351554090207,0.1566277247980279,1.0,0.22525,3.0,macro,0.0,0.0,1.0,0.9837678307919332,0.968054211035818,1.0,2.0,6.0,0.0,0.0,6.0,2.0,0.0,0.169,0.0,0.0475831621036263,0.0276896975180972,"{""dimension"": 8, ""family"": ""gaussian_overlap"", ""n"": 20000}","{""geometry_profile"": ""high_dim"", ""knn_backend"": ""faiss_hnsw"", ""min_cluster_size"": 8, ""min_samples"": 5}",development,native_target_discovery_v1
ok,synthetic,overlap_8d__quality__n20000,HDBSCAN,101,0.2.4,20000.0,8.0,0.0058915999998134,4.004070499999216,6.798231900000246,189.046875,3.89453125,190.27734375,,0.73059807655053,0.5221897845006489,12.0,12.0,0.975,known_synthetic_noise,0.9481,0.9183183073130948,2.6666666666666665,4.0,3.0,0.1,0.9,full_partition,target-discovery-v1,0.0,0.05,0.6207825582943345,0.5632328096775178,0.0789906378223844,0.5594463493946863,4.0,pairwise_f1,hungarian,1.0,1.0,16.0,0.6873995460108765,0.8817943384281451,0.8817943384281451,0.30285,0.8048538880633977,0.975,0.6251108735235541,0.4934411234972247,0.8526252610382657,0.30285,16.0,macro,3.0,3.0,0.9212,0.9548422761980444,0.9910349279208204,0.9212,12.0,6.0,0.5,0.5,6.0,12.0,0.0,0.6202666666666666,0.4978666666666667,0.5619595717089334,0.5576452334718265,"{""dimension"": 8, ""family"": ""gaussian_overlap"", ""n"": 20000}","{""geometry_profile"": ""high_dim"", ""knn_backend"": ""faiss_hnsw"", ""min_cluster_size"": 8, ""min_samples"": 5}",development,native_target_discovery_v1
ok,synthetic,overlap_8d__quality__n20000,HDBSCAN,151,0.2.4,20000.0,8.0,0.0056119999990187,3.970320800000991,6.743149300000368,188.96875,3.83984375,188.42578125,,0.0,0.0,10.0,10.0,0.8854,known_synthetic_noise,0.9427,0.9602375574860048,1.8333333333333333,1.0,0.0,0.1,0.9,full_partition,target-discovery-v1,0.0,0.05,0.1666666666666666,0.0468440445111,0.0,0.0272517719037463,1.0,pairwise_f1,hungarian,1.0,1.0,11.0,0.0892373215939361,0.9392171422509812,0.9392171422509812,0.22135,1.0,0.8854,0.2708325425713336,0.156625977089617,1.0,0.22135,11.0,macro,0.0,0.0,1.0,0.9812579727210284,0.9632055480639568,1.0,10.0,6.0,0.0,0.0,6.0,10.0,0.0,0.1686666666666666,0.0,0.0474061730452332,0.0275787931665912,"{""dimension"": 8, ""family"": ""gaussian_overlap"", ""n"": 20000}","{""geometry_profile"": ""high_dim"", ""knn_backend"": ""faiss_hnsw"", ""min_cluster_size"": 8, ""min_samples"": 5}",development,native_target_discovery_v1
ok,synthetic,overlap_8d__quality__n20000,HDBSCAN,211,0.2.4,20000.0,8.0,0.0056615000012243,3.952619100000448,6.702535700000226,189.31640625,4.41796875,188.2890625,,0.0,0.0,6.0,6.0,0.8682,known_synthetic_noise,0.9341,0.953978152101921,1.1666666666666667,1.0,0.0,0.1,0.9,full_partition,target-discovery-v1,0.0,0.05,0.1666666666666666,0.0475981173195612,0.0,0.0277635345895825,1.0,pairwise_f1,hungarian,1.0,1.0,7.0,0.0905586352046579,0.9294508082646398,0.9294508082646398,0.21705,1.0,0.8682,0.2669898465168637,0.1540613284811096,1.0,0.21705,7.0,macro,0.0,0.0,1.0,0.9785054959392022,0.957915575707261,1.0,6.0,6.0,0.0,0.0,6.0,6.0,0.0,0.1732666666666666,0.0,0.0494830027654158,0.02886297055933,"{""dimension"": 8, ""family"": ""gaussian_overlap"", ""n"": 20000}","{""geometry_profile"": ""high_dim"", ""knn_backend"": ""faiss_hnsw"", ""min_cluster_size"": 8, ""min_samples"": 5}",fresh,native_target_discovery_v1
ok,synthetic,overlap_8d__quality__n20000,HDBSCAN,223,0.2.4,20000.0,8.0,0.0058910999996442,4.012386799999149,6.768193500000052,189.390625,4.41015625,188.68359375,,0.4052649383304144,0.1457665670211764,9.0,9.0,0.9778,known_synthetic_noise,0.9888,0.9923445833575756,1.8333333333333333,2.0,1.0,0.1,0.9,full_partition,target-discovery-v1,0.0,0.05,0.3333333333333333,0.2231593891899871,0.0002019972091175,0.2006353813824869,2.0,pairwise_f1,hungarian,1.0,1.0,11.0,0.3641156131243758,0.9884755357864942,0.9884755357864942,0.2446,0.999386753883892,0.9778,0.3761219887078696,0.2316408614102603,0.9996040298496636,0.2446,11.0,macro,1.0,1.0,0.9998,0.9962136309286568,0.9926528991262908,0.9998,9.0,6.0,0.1666666666666666,0.1666666666666666,6.0,9.0,0.0,0.3396,0.1699333333333333,0.2274428725642373,0.2045133803388749,"{""dimension"": 8, ""family"": ""gaussian_overlap"", ""n"": 20000}","{""geometry_profile"": ""high_dim"", ""knn_backend"": ""faiss_hnsw"", ""min_cluster_size"": 8, ""min_samples"": 5}",fresh,native_target_discovery_v1
ok,synthetic,overlap_8d__quality__n20000,HDBSCAN,227,0.2.4,20000.0,8.0,0.0055936000007932,3.998341999998957,6.753127100000711,188.66015625,3.4921875,189.3046875,,0.0,0.0,3.0,3.0,0.887,known_synthetic_noise,0.9435,0.9608156958451894,0.6666666666666666,1.0,0.0,0.1,0.9,full_partition,target-discovery-v1,0.0,0.05,0.1666666666666666,0.0471216726535875,0.0,0.027439874707687,1.0,pairwise_f1,hungarian,1.0,1.0,4.0,0.0897450349721269,0.9401165871754108,0.9401165871754108,0.22175,1.0,0.887,0.2689072326514051,0.1553395853321444,1.0,0.22175,4.0,macro,0.0,0.0,1.0,0.9815148045149682,0.96370061034372,1.0,3.0,6.0,0.0,0.0,6.0,3.0,0.0,0.1705333333333333,0.0,0.0482148954591507,0.0280764798009053,"{""dimension"": 8, ""family"": ""gaussian_overlap"", ""n"": 20000}","{""geometry_profile"": ""high_dim"", ""knn_backend"": ""faiss_hnsw"", ""min_cluster_size"": 8, ""min_samples"": 5}",fresh,native_target_discovery_v1
ok,synthetic,overlap_8d__quality__n20000,OPTICS,23,0.2.4,20000.0,8.0,0.0058595999998942,4.285026499999731,6.996531000000687,202.2421875,17.390625,198.3203125,,0.0204682047970848,3.2928536097850086e-05,0.0,0.0,1.0,known_synthetic_noise,0.5065666666666667,0.2145516023374144,3.5,21.0,0.0,0.1,0.9,full_partition,target-discovery-v1,0.0,0.05,0.0038721725277559,0.0077068129723685,0.9868740472659862,0.8333333333333334,5.0,pairwise_f1,hungarian,0.0,0.0,21.0,0.0151245176408747,0.4031770350360844,0.4031770350360844,0.99015,0.2524869969196586,1.0,9.229008127555348e-05,1.0,4.614717010081637e-05,0.99015,21.0,macro,0.0,0.0,0.0131333333333333,0.0259261696387444,1.0,0.0131333333333333,0.0,6.0,0.0,0.0,6.0,16.0,0.0,0.0038666666666666,0.0,0.0076958367495042,0.8315333333333333,"{""dimension"": 8, ""family"": ""gaussian_overlap"", ""n"": 20000}","{""geometry_profile"": ""high_dim"", ""knn_backend"": ""faiss_hnsw"", ""max_eps"": 1.2121933698654175, ""max_eps_quantile"": 0.1, ""min_cluster_size"": 8, ""min_samples"": 5, ""xi"": 0.03}",development,native_target_discovery_v1
ok,synthetic,overlap_8d__quality__n20000,OPTICS,42,0.2.4,20000.0,8.0,0.0057515999997121,4.399451100000078,7.194073799999387,197.08984375,12.203125,197.078125,,0.0207478061040453,3.5599482964829705e-05,0.0,0.0,1.0,known_synthetic_noise,0.5064,0.2141861184258454,2.5,15.0,0.0,0.1,0.9,full_partition,target-discovery-v1,0.0,0.05,0.0066052596405027,0.0130620673972068,0.9872392626572136,1.0,6.0,pairwise_f1,hungarian,0.0,0.0,15.0,0.0253041689685708,0.4030957755562722,0.4030957755562722,0.9904,0.2524232633279483,1.0,0.0002013790518534,0.9905561385099684,0.0001006997620061,0.9904,15.0,macro,0.0,0.0,0.0128,0.0252764612954186,1.0,0.0128,0.0,6.0,0.0,0.0,6.0,9.0,0.0,0.0066666666666666,0.0,0.0131820658823529,1.0,"{""dimension"": 8, ""family"": ""gaussian_overlap"", ""n"": 20000}","{""geometry_profile"": ""high_dim"", ""knn_backend"": ""faiss_hnsw"", ""max_eps"": 1.2074004411697388, ""max_eps_quantile"": 0.1, ""min_cluster_size"": 8, ""min_samples"": 5, ""xi"": 0.03}",development,native_target_discovery_v1
ok,synthetic,overlap_8d__quality__n20000,OPTICS,73,0.2.4,20000.0,8.0,0.0055780000002414,4.123712499998874,6.855045700000119,197.3984375,11.96484375,197.3984375,,0.0412088768218379,7.746337462993756e-05,0.0,0.0,1.0,known_synthetic_noise,0.5136333333333334,0.2298693496918562,6.5,39.0,0.0,0.1,0.9,full_partition,target-discovery-v1,0.0,0.05,0.0063525580975197,0.0126157682399841,0.9727076521187638,1.0,6.0,pairwise_f1,hungarian,0.0,0.0,39.0,0.0244723210034047,0.4066528404700906,0.4066528404700906,0.97955,0.2552192333214231,1.0,0.0002325584124325,1.0,0.0001162927286424,0.97955,39.0,macro,0.0,0.0,0.0272666666666666,0.0530858589136219,1.0,0.0272666666666666,0.0,6.0,0.0,0.0,6.0,33.0,0.0,0.0063333333333333,0.0,0.0125778337616073,1.0,"{""dimension"": 8, ""family"": ""gaussian_overlap"", ""n"": 20000}","{""geometry_profile"": ""high_dim"", ""knn_backend"": ""faiss_hnsw"", ""max_eps"": 1.2024095058441162, ""max_eps_quantile"": 0.1, ""min_cluster_size"": 8, ""min_samples"": 5, ""xi"": 0.03}",development,native_target_discovery_v1
ok,synthetic,overlap_8d__quality__n20000,OPTICS,101,0.2.4,20000.0,8.0,0.0055121999994298,4.212421099999119,6.969600999998875,197.36328125,12.796875,197.0703125,,0.0274052784226262,0.0001498653715151,0.0,0.0,1.0,known_synthetic_noise,0.5085666666666666,0.2189220822221275,3.8333333333333335,23.0,0.0,0.1,0.9,full_partition,target-discovery-v1,0.0,0.05,0.0067011455892899,0.0133032478063442,0.9827346000905328,1.0,6.0,pairwise_f1,hungarian,0.0,0.0,23.0,0.0257586190842468,0.40415471042315,0.40415471042315,0.98715,0.2532543179861217,1.0,0.0001637021207956,1.0,8.185776054231966e-05,0.98715,23.0,macro,0.0,0.0,0.0171333333333333,0.033689454021105,1.0,0.0171333333333333,0.0,6.0,0.0,0.0,6.0,17.0,0.0,0.0066666666666666,0.0,0.0132353911228308,1.0,"{""dimension"": 8, ""family"": ""gaussian_overlap"", ""n"": 20000}","{""geometry_profile"": ""high_dim"", ""knn_backend"": ""faiss_hnsw"", ""max_eps"": 1.1446847915649414, ""max_eps_quantile"": 0.1, ""min_cluster_size"": 8, ""min_samples"": 5, ""xi"": 0.03}",development,native_target_discovery_v1
ok,synthetic,overlap_8d__quality__n20000,OPTICS,151,0.2.4,20000.0,8.0,0.0058716999992611,4.386577400000533,7.159614000000147,200.77734375,15.69140625,198.56640625,,0.0326484630460225,0.0001077458233348,0.0,0.0,1.0,known_synthetic_noise,0.5111,0.2244178269458202,5.666666666666667,34.0,0.0,0.1,0.9,full_partition,target-discovery-v1,0.0,0.05,0.0058188495640666,0.0115629802589908,0.9777195238886792,1.0,6.0,pairwise_f1,hungarian,0.0,0.0,34.0,0.0224846444194358,0.4053999270280131,0.4053999270280131,0.98335,0.2542329791020491,1.0,0.00016992267345,0.9737163814180928,8.49687506484001e-05,0.98335,34.0,macro,0.0,0.0,0.0222,0.0434357268636274,1.0,0.0222,0.0,6.0,0.0,0.0,6.0,28.0,0.0,0.0058,0.0,0.0115257162117684,1.0,"{""dimension"": 8, ""family"": ""gaussian_overlap"", ""n"": 20000}","{""geometry_profile"": ""high_dim"", ""knn_backend"": ""faiss_hnsw"", ""max_eps"": 1.2872358560562134, ""max_eps_quantile"": 0.1, ""min_cluster_size"": 8, ""min_samples"": 5, ""xi"": 0.03}",development,native_target_discovery_v1
ok,synthetic,overlap_8d__quality__n20000,OPTICS,211,0.2.4,20000.0,8.0,0.0067140000010113,4.312593300001026,7.152159700000993,198.33203125,13.26171875,201.99609375,,0.0335271947701611,6.811143970576118e-05,0.0,0.0,1.0,known_synthetic_noise,0.5104666666666666,0.2230480659203138,4.166666666666667,25.0,0.0,0.1,0.9,full_partition,target-discovery-v1,0.0,0.05,0.0064433740172873,0.0127449127104383,0.9791104777139696,0.8333333333333334,5.0,pairwise_f1,hungarian,0.0,0.0,25.0,0.0247123240209326,0.4050879040751843,0.4050879040751843,0.9843,0.2539876054048562,1.0,0.0002645008032612,1.0,0.0001322678941127,0.9843,25.0,macro,0.0,0.0,0.0209333333333333,0.0410082277654433,1.0,0.0209333333333333,0.0,6.0,0.0,0.0,6.0,20.0,0.0,0.0064666666666666,0.0,0.0127906532700875,0.8347333333333333,"{""dimension"": 8, ""family"": ""gaussian_overlap"", ""n"": 20000}","{""geometry_profile"": ""high_dim"", ""knn_backend"": ""faiss_hnsw"", ""max_eps"": 1.2029508352279663, ""max_eps_quantile"": 0.1, ""min_cluster_size"": 8, ""min_samples"": 5, ""xi"": 0.03}",fresh,native_target_discovery_v1
ok,synthetic,overlap_8d__quality__n20000,OPTICS,223,0.2.4,20000.0,8.0,0.0055080999991332,4.272188900000401,7.056706400000621,199.67578125,14.37109375,198.4609375,,0.0327679414684997,9.586003674433452e-05,0.0,0.0,1.0,known_synthetic_noise,0.5103,0.2226871416619668,4.333333333333333,26.0,0.0,0.1,0.9,full_partition,target-discovery-v1,0.0,0.05,0.0074177898304359,0.0147123387212757,0.9793519822402128,1.0,6.0,pairwise_f1,hungarian,0.0,0.0,26.0,0.0283932572905603,0.4050058725851525,0.4050058725851525,0.98455,0.2539231120816617,1.0,0.0002153495828228,1.0,0.0001076863865206,0.98455,26.0,macro,0.0,0.0,0.0206,0.0403684107387811,1.0,0.0206,0.0,6.0,0.0,0.0,6.0,20.0,0.0,0.0074,0.0,0.0146774525876428,1.0,"{""dimension"": 8, ""family"": ""gaussian_overlap"", ""n"": 20000}","{""geometry_profile"": ""high_dim"", ""knn_backend"": ""faiss_hnsw"", ""max_eps"": 1.22495436668396, ""max_eps_quantile"": 0.1, ""min_cluster_size"": 8, ""min_samples"": 5, ""xi"": 0.03}",fresh,native_target_discovery_v1
ok,synthetic,overlap_8d__quality__n20000,OPTICS,227,0.2.4,20000.0,8.0,0.0062825000004522,4.306098899998688,7.057744399999137,201.67578125,16.703125,197.109375,,0.0241729855314454,-1.7946643598189385e-05,0.0,0.0,1.0,known_synthetic_noise,0.5076,0.2168132072141746,3.5,21.0,0.0,0.1,0.9,full_partition,target-discovery-v1,0.0,0.05,0.004899252888713,0.0097404183214726,0.9848768027195216,0.8333333333333334,5.0,pairwise_f1,hungarian,0.0,0.0,21.0,0.0190218588895279,0.4036815759728726,0.4036815759728726,0.9886,0.2528828646570908,1.0,0.0001283242706317,1.0,6.416625235962992e-05,0.9886,21.0,macro,0.0,0.0,0.0152,0.0299448384554767,1.0,0.0152,0.0,6.0,0.0,0.0,6.0,16.0,0.0,0.0049333333333333,0.0,0.009808152897947,0.8388,"{""dimension"": 8, ""family"": ""gaussian_overlap"", ""n"": 20000}","{""geometry_profile"": ""high_dim"", ""knn_backend"": ""faiss_hnsw"", ""max_eps"": 1.1819572448730469, ""max_eps_quantile"": 0.1, ""min_cluster_size"": 8, ""min_samples"": 5, ""xi"": 0.03}",fresh,native_target_discovery_v1
ok,synthetic,overlap_8d__quality__n20000,SNN-DBSCAN,23,0.2.4,20000.0,8.0,0.0054811999998491,0.8175443999989511,4.234484900000098,265.82421875,41.87890625,263.77734375,,0.0,0.0,0.0,0.0,1.0,known_synthetic_noise,0.5,0.2,0.0,0.0,0.0,0.1,0.9,full_partition,target-discovery-v1,0.0,0.05,0.0,0.0,1.0,0.0,0.0,pairwise_f1,hungarian,0.0,0.0,0.0,0.0,0.4,0.4,1.0,0.25,1.0,0.0,0.0,0.0,1.0,0.0,macro,0.0,0.0,0.0,0.0,0.0,0.0,0.0,6.0,0.0,0.0,6.0,0.0,0.0,0.0,0.0,0.0,0.0,"{""dimension"": 8, ""family"": ""gaussian_overlap"", ""n"": 20000}","{""eps"": 13, ""geometry_profile"": ""high_dim"", ""k"": 20, ""knn_backend"": ""faiss_hnsw"", ""min_samples"": 5}",development,native_target_discovery_v1
ok,synthetic,overlap_8d__quality__n20000,SNN-DBSCAN,42,0.2.4,20000.0,8.0,0.005572399999437,0.8044162000005599,4.23114650000025,265.94921875,42.046875,255.765625,,0.0,0.0,1.0,1.0,0.9988,known_synthetic_noise,0.4994,0.1998079539089381,0.1666666666666666,0.0,0.0,0.1,0.9,full_partition,target-discovery-v1,0.0,0.05,0.0,0.0,1.0,0.0,0.0,pairwise_f1,hungarian,0.0,0.0,1.0,0.0,0.3996159078178762,0.3996159078178762,0.9997,0.2497749324797439,0.9988,0.0,0.0,0.0,0.9997,1.0,macro,0.0,0.0,0.0,0.0,0.0,0.0,1.0,6.0,0.0,0.0,6.0,1.0,0.0,0.0,0.0,0.0,0.0,"{""dimension"": 8, ""family"": ""gaussian_overlap"", ""n"": 20000}","{""eps"": 13, ""geometry_profile"": ""high_dim"", ""k"": 20, ""knn_backend"": ""faiss_hnsw"", ""min_samples"": 5}",development,native_target_discovery_v1
ok,synthetic,overlap_8d__quality__n20000,SNN-DBSCAN,73,0.2.4,20000.0,8.0,0.0056881999989855,0.8179980999993859,4.236017700000957,266.66796875,42.17578125,261.02734375,,0.0,0.0,0.0,0.0,1.0,known_synthetic_noise,0.5,0.2,0.0,0.0,0.0,0.1,0.9,full_partition,target-discovery-v1,0.0,0.05,0.0,0.0,1.0,0.0,0.0,pairwise_f1,hungarian,0.0,0.0,0.0,0.0,0.4,0.4,1.0,0.25,1.0,0.0,0.0,0.0,1.0,0.0,macro,0.0,0.0,0.0,0.0,0.0,0.0,0.0,6.0,0.0,0.0,6.0,0.0,0.0,0.0,0.0,0.0,0.0,"{""dimension"": 8, ""family"": ""gaussian_overlap"", ""n"": 20000}","{""eps"": 13, ""geometry_profile"": ""high_dim"", ""k"": 20, ""knn_backend"": ""faiss_hnsw"", ""min_samples"": 5}",development,native_target_discovery_v1
ok,synthetic,overlap_8d__quality__n20000,SNN-DBSCAN,101,0.2.4,20000.0,8.0,0.006169399999635,0.8363155999995797,4.280724900001587,265.1640625,40.6171875,257.19140625,,0.0011419111240836,-1.553906988660138e-06,0.0,0.0,1.0,known_synthetic_noise,0.5004,0.2008954066137198,0.3333333333333333,2.0,0.0,0.1,0.9,full_partition,target-discovery-v1,0.0,0.05,0.0003977724741447,0.0007936507936507,0.9992044550517104,0.1666666666666666,1.0,pairwise_f1,hungarian,0.0,0.0,2.0,0.0015841599215777,0.4001920922042581,0.4001920922042581,0.9994,0.2501500900540324,1.0,3.1996467589978068e-06,1.0,1.5998259389378435e-06,0.9994,2.0,macro,0.0,0.0,0.0008,0.0015987210231814,1.0,0.0008,0.0,6.0,0.0,0.0,6.0,1.0,0.0,0.0004,0.0,0.0007980952380952,0.1676,"{""dimension"": 8, ""family"": ""gaussian_overlap"", ""n"": 20000}","{""eps"": 13, ""geometry_profile"": ""high_dim"", ""k"": 20, ""knn_backend"": ""faiss_hnsw"", ""min_samples"": 5}",development,native_target_discovery_v1
ok,synthetic,overlap_8d__quality__n20000,SNN-DBSCAN,151,0.2.4,20000.0,8.0,0.006598899999517,0.8399347999984457,4.304108399999677,258.4765625,35.1640625,255.78125,,0.0,0.0,0.0,0.0,1.0,known_synthetic_noise,0.5,0.2,0.0,0.0,0.0,0.1,0.9,full_partition,target-discovery-v1,0.0,0.05,0.0,0.0,1.0,0.0,0.0,pairwise_f1,hungarian,0.0,0.0,0.0,0.0,0.4,0.4,1.0,0.25,1.0,0.0,0.0,0.0,1.0,0.0,macro,0.0,0.0,0.0,0.0,0.0,0.0,0.0,6.0,0.0,0.0,6.0,0.0,0.0,0.0,0.0,0.0,0.0,"{""dimension"": 8, ""family"": ""gaussian_overlap"", ""n"": 20000}","{""eps"": 13, ""geometry_profile"": ""high_dim"", ""k"": 20, ""knn_backend"": ""faiss_hnsw"", ""min_samples"": 5}",development,native_target_discovery_v1
ok,synthetic,overlap_8d__quality__n20000,SNN-DBSCAN,211,0.2.4,20000.0,8.0,0.0053690999993705,0.8177082000001974,4.245522400000482,265.96484375,42.53125,246.0234375,,0.0,0.0,0.0,0.0,1.0,known_synthetic_noise,0.5,0.2,0.0,0.0,0.0,0.1,0.9,full_partition,target-discovery-v1,0.0,0.05,0.0,0.0,1.0,0.0,0.0,pairwise_f1,hungarian,0.0,0.0,0.0,0.0,0.4,0.4,1.0,0.25,1.0,0.0,0.0,0.0,1.0,0.0,macro,0.0,0.0,0.0,0.0,0.0,0.0,0.0,6.0,0.0,0.0,6.0,0.0,0.0,0.0,0.0,0.0,0.0,"{""dimension"": 8, ""family"": ""gaussian_overlap"", ""n"": 20000}","{""eps"": 13, ""geometry_profile"": ""high_dim"", ""k"": 20, ""knn_backend"": ""faiss_hnsw"", ""min_samples"": 5}",fresh,native_target_discovery_v1
ok,synthetic,overlap_8d__quality__n20000,SNN-DBSCAN,223,0.2.4,20000.0,8.0,0.0057309000003442,0.8224443000017345,4.224665100000493,261.3828125,37.4140625,257.32421875,,0.0,0.0,1.0,1.0,0.9988,known_synthetic_noise,0.4994,0.1998079539089381,0.1666666666666666,0.0,0.0,0.1,0.9,full_partition,target-discovery-v1,0.0,0.05,0.0,0.0,1.0,0.0,0.0,pairwise_f1,hungarian,0.0,0.0,1.0,0.0,0.3996159078178762,0.3996159078178762,0.9997,0.2497749324797439,0.9988,0.0,0.0,0.0,0.9997,1.0,macro,0.0,0.0,0.0,0.0,0.0,0.0,1.0,6.0,0.0,0.0,6.0,1.0,0.0,0.0,0.0,0.0,0.0,"{""dimension"": 8, ""family"": ""gaussian_overlap"", ""n"": 20000}","{""eps"": 13, ""geometry_profile"": ""high_dim"", ""k"": 20, ""knn_backend"": ""faiss_hnsw"", ""min_samples"": 5}",fresh,native_target_discovery_v1
ok,synthetic,overlap_8d__quality__n20000,SNN-DBSCAN,227,0.2.4,20000.0,8.0,0.0059278999997331,0.7958122000000003,4.2270633000007365,265.25390625,40.96484375,266.44140625,,0.000836653766543,-1.778303691932508e-06,0.0,0.0,1.0,known_synthetic_noise,0.5002666666666666,0.2005970695270674,0.1666666666666666,1.0,0.0,0.1,0.9,full_partition,target-discovery-v1,0.0,0.05,0.0005297311614355,0.001056105610561,0.9994702688385644,0.1666666666666666,1.0,pairwise_f1,hungarian,0.0,0.0,1.0,0.002106650886447,0.4001280409731114,0.4001280409731114,0.9996,0.2501000400160064,1.0,2.986953254874961e-06,1.0,1.4934788579132483e-06,0.9996,1.0,macro,0.0,0.0,0.0005333333333333,0.0010660980810234,1.0,0.0005333333333333,0.0,6.0,0.0,0.0,6.0,0.0,0.0,0.0005333333333333,0.0,0.0010632871287128,0.1678,"{""dimension"": 8, ""family"": ""gaussian_overlap"", ""n"": 20000}","{""eps"": 13, ""geometry_profile"": ""high_dim"", ""k"": 20, ""knn_backend"": ""faiss_hnsw"", ""min_samples"": 5}",fresh,native_target_discovery_v1
ok,synthetic,overlap_8d__quality__n20000,StrataSCAN,23,0.2.4,20000.0,8.0,0.005723799999032,21.0574603999994,23.959983400000056,332.3203125,147.14453125,333.15625,,0.7369320135629989,0.6727533509208946,0.0,0.0,1.0,known_synthetic_noise,0.9110666666666668,0.8458880363414033,10.666666666666666,64.0,6.0,0.1,0.9,full_partition,target-discovery-v1,0.0,0.05,0.7908397915189053,0.8795824225540375,0.1780150912444224,0.992188259345396,6.0,pairwise_f1,hungarian,1.0,0.0,64.0,0.8320495088727455,0.7893905904641617,0.7893905904641617,0.3834,0.6520605112154408,1.0,0.7664786495181268,0.9840468964905832,0.6276975955137055,0.3834,64.0,macro,6.0,1.0,0.8221333333333334,0.9023854822186448,1.0,0.8221333333333334,0.0,6.0,1.0,1.0,6.0,58.0,0.0,0.7910666666666667,1.0,0.8797297517408994,0.9922039988863758,"{""dimension"": 8, ""family"": ""gaussian_overlap"", ""n"": 20000}","{""ambiguous_model_confirmation_tolerance"": 1e-05, ""assignment"": ""maximum_posterior_basis_then_semantic_role"", ""background_model"": ""adaptive_gamma_basis_mixture_with_largest_rate_gap"", ""background_scan"": ""adaptive_dyadic_rank_windows_with_poisson_beta_boundary_code"", ""border_rule"": ""strict_local_core_radius"", ""component_initialization"": ""compiled_split_warm_single_start_with_guarded_confirmation"", ""component_selection"": ""semantic_icl_with_adaptive_bound"", ""connectivity"": ""density_ordered_non_merging_knn_watershed"", ""core_thresholds"": ""observed_d4_event_sweep"", ""duplicate_profile_confirmation_minimum"": 3, ""duplicate_profile_confirmation_tolerance"": 1e-08, ""extraction_objective"": ""gamma_topology_description_length"", ""fit_samples"": ""all_rows"", ""gamma_tolerance"": 0.0001, ""geometry_profile"": ""high_dim"", ""hard_component_bound"": 24, ""initial_component_bound"": 8, ""k"": 32, ""knn_backend"": ""faiss_hnsw"", ""shell_ranks"": [4, 8, 16, 32], ""stratification_model"": ""adaptive_gamma_density_basis_with_semantic_background"", ""version"": ""0.2.3""}",development,native_target_discovery_v1
ok,synthetic,overlap_8d__quality__n20000,StrataSCAN,42,0.2.4,20000.0,8.0,0.0060174999998707,3.0597602000016195,5.946829700000308,285.99609375,101.1484375,285.99609375,,0.6893555066362167,0.6477289006550577,0.0,0.0,0.9992,known_synthetic_noise,0.9192333333333332,0.8589148099317699,12.166666666666666,73.0,5.0,0.1,0.9,full_partition,target-discovery-v1,1.0,0.05,0.7791296398945823,0.8595013808610265,0.1606258960502083,0.9613494528960316,6.0,pairwise_f1,hungarian,1.1666666666666667,1.0,73.0,0.8315459884529796,0.8053518175223664,0.8053518175223664,0.37035,0.6744970973403537,0.9992,0.73404482644724,0.921346253642537,0.6100309977122272,0.37035,73.0,macro,6.0,0.0,0.8392666666666667,0.9124778023411736,0.9996823632176606,0.8392666666666667,0.0,6.0,0.8333333333333334,1.0,6.0,67.0,0.0,0.7791333333333333,0.8388,0.8596572388602899,0.9616971365129726,"{""dimension"": 8, ""family"": ""gaussian_overlap"", ""n"": 20000}","{""ambiguous_model_confirmation_tolerance"": 1e-05, ""assignment"": ""maximum_posterior_basis_then_semantic_role"", ""background_model"": ""adaptive_gamma_basis_mixture_with_largest_rate_gap"", ""background_scan"": ""adaptive_dyadic_rank_windows_with_poisson_beta_boundary_code"", ""border_rule"": ""strict_local_core_radius"", ""component_initialization"": ""compiled_split_warm_single_start_with_guarded_confirmation"", ""component_selection"": ""semantic_icl_with_adaptive_bound"", ""connectivity"": ""density_ordered_non_merging_knn_watershed"", ""core_thresholds"": ""observed_d4_event_sweep"", ""duplicate_profile_confirmation_minimum"": 3, ""duplicate_profile_confirmation_tolerance"": 1e-08, ""extraction_objective"": ""gamma_topology_description_length"", ""fit_samples"": ""all_rows"", ""gamma_tolerance"": 0.0001, ""geometry_profile"": ""high_dim"", ""hard_component_bound"": 24, ""initial_component_bound"": 8, ""k"": 32, ""knn_backend"": ""faiss_hnsw"", ""shell_ranks"": [4, 8, 16, 32], ""stratification_model"": ""adaptive_gamma_density_basis_with_semantic_background"", ""version"": ""0.2.3""}",development,native_target_discovery_v1
ok,synthetic,overlap_8d__quality__n20000,StrataSCAN,73,0.2.4,20000.0,8.0,0.0054051999995863,27.307956299999205,30.195148299999342,337.8203125,153.12890625,337.24609375,,0.6881494219084232,0.5639698218230604,0.0,0.0,0.9994,known_synthetic_noise,0.8956333333333333,0.8227713765020237,15.5,93.0,6.0,0.1,0.9,full_partition,target-discovery-v1,1.0,0.05,0.6929566555583145,0.8102913409075677,0.208148712839565,0.9991985803471278,6.0,pairwise_f1,hungarian,1.1666666666666667,0.0,93.0,0.785295614807387,0.7617958685875448,0.7617958685875448,0.40595,0.6154698854538736,0.9994,0.6774159194334302,0.9980082941191252,0.5127152762448416,0.40595,93.0,macro,5.0,0.0,0.7918666666666667,0.8837468844165025,0.99974749600202,0.7918666666666667,0.0,6.0,1.0,0.8333333333333334,6.0,87.0,0.0,0.6928666666666666,1.0,0.8102398223436759,0.9991942407113468,"{""dimension"": 8, ""family"": ""gaussian_overlap"", ""n"": 20000}","{""ambiguous_model_confirmation_tolerance"": 1e-05, ""assignment"": ""maximum_posterior_basis_then_semantic_role"", ""background_model"": ""adaptive_gamma_basis_mixture_with_largest_rate_gap"", ""background_scan"": ""adaptive_dyadic_rank_windows_with_poisson_beta_boundary_code"", ""border_rule"": ""strict_local_core_radius"", ""component_initialization"": ""compiled_split_warm_single_start_with_guarded_confirmation"", ""component_selection"": ""semantic_icl_with_adaptive_bound"", ""connectivity"": ""density_ordered_non_merging_knn_watershed"", ""core_thresholds"": ""observed_d4_event_sweep"", ""duplicate_profile_confirmation_minimum"": 3, ""duplicate_profile_confirmation_tolerance"": 1e-08, ""extraction_objective"": ""gamma_topology_description_length"", ""fit_samples"": ""all_rows"", ""gamma_tolerance"": 0.0001, ""geometry_profile"": ""high_dim"", ""hard_component_bound"": 24, ""initial_component_bound"": 8, ""k"": 32, ""knn_backend"": ""faiss_hnsw"", ""shell_ranks"": [4, 8, 16, 32], ""stratification_model"": ""adaptive_gamma_density_basis_with_semantic_background"", ""version"": ""0.2.3""}",development,native_target_discovery_v1
ok,synthetic,overlap_8d__quality__n20000,StrataSCAN,101,0.2.4,20000.0,8.0,0.0060739000000467,3.2732679000000644,6.10904329999903,288.60546875,103.58203125,286.73046875,,0.7742344449930647,0.73249415111334,0.0,0.0,0.9992,known_synthetic_noise,0.9240666666666666,0.8665190167063976,8.666666666666666,52.0,6.0,0.1,0.9,full_partition,target-discovery-v1,0.0,0.05,0.8276198240716953,0.9021974027439068,0.1511781077445473,0.9918038750976608,6.0,pairwise_f1,hungarian,1.0,0.0,52.0,0.8563159173707414,0.8148752242701028,0.8148752242701028,0.3631,0.6879647480033049,0.9992,0.8080343120884768,0.9835428132399788,0.6856783048670971,0.3631,52.0,macro,6.0,3.0,0.8489333333333333,0.9181628091426924,0.9996859789605904,0.8489333333333333,0.0,6.0,1.0,1.0,6.0,46.0,0.0,0.8277333333333333,1.0,0.9022692219440324,0.99181552113426,"{""dimension"": 8, ""family"": ""gaussian_overlap"", ""n"": 20000}","{""ambiguous_model_confirmation_tolerance"": 1e-05, ""assignment"": ""maximum_posterior_basis_then_semantic_role"", ""background_model"": ""adaptive_gamma_basis_mixture_with_largest_rate_gap"", ""background_scan"": ""adaptive_dyadic_rank_windows_with_poisson_beta_boundary_code"", ""border_rule"": ""strict_local_core_radius"", ""component_initialization"": ""compiled_split_warm_single_start_with_guarded_confirmation"", ""component_selection"": ""semantic_icl_with_adaptive_bound"", ""connectivity"": ""density_ordered_non_merging_knn_watershed"", ""core_thresholds"": ""observed_d4_event_sweep"", ""duplicate_profile_confirmation_minimum"": 3, ""duplicate_profile_confirmation_tolerance"": 1e-08, ""extraction_objective"": ""gamma_topology_description_length"", ""fit_samples"": ""all_rows"", ""gamma_tolerance"": 0.0001, ""geometry_profile"": ""high_dim"", ""hard_component_bound"": 24, ""initial_component_bound"": 8, ""k"": 32, ""knn_backend"": ""faiss_hnsw"", ""shell_ranks"": [4, 8, 16, 32], ""stratification_model"": ""adaptive_gamma_density_basis_with_semantic_background"", ""version"": ""0.2.3""}",development,native_target_discovery_v1
ok,synthetic,overlap_8d__quality__n20000,StrataSCAN,151,0.2.4,20000.0,8.0,0.0054453000011562,2.889951299999666,5.7820721000007325,285.82421875,101.02734375,285.82421875,,0.6267754485429738,0.5339882193236277,0.0,0.0,0.9992,known_synthetic_noise,0.9072333333333332,0.8403721593963314,10.666666666666666,64.0,5.0,0.1,0.9,full_partition,target-discovery-v1,6.0,0.05,0.6893597671244014,0.7940195539427188,0.184853914787086,0.9417495096321116,6.0,pairwise_f1,hungarian,2.0,4.0,64.0,0.7882901063013936,0.7826427508420146,0.7826427508420146,0.38835,0.6432341959572551,0.9992,0.6357046774071347,0.8926070868302356,0.493631850832211,0.38835,64.0,macro,3.0,0.0,0.8152666666666667,0.8981015679506481,0.9996730156135044,0.8152666666666667,0.0,6.0,0.8333333333333334,0.5,6.0,58.0,0.0,0.6894,0.8396,0.7941482713779416,0.9420831026747098,"{""dimension"": 8, ""family"": ""gaussian_overlap"", ""n"": 20000}","{""ambiguous_model_confirmation_tolerance"": 1e-05, ""assignment"": ""maximum_posterior_basis_then_semantic_role"", ""background_model"": ""adaptive_gamma_basis_mixture_with_largest_rate_gap"", ""background_scan"": ""adaptive_dyadic_rank_windows_with_poisson_beta_boundary_code"", ""border_rule"": ""strict_local_core_radius"", ""component_initialization"": ""compiled_split_warm_single_start_with_guarded_confirmation"", ""component_selection"": ""semantic_icl_with_adaptive_bound"", ""connectivity"": ""density_ordered_non_merging_knn_watershed"", ""core_thresholds"": ""observed_d4_event_sweep"", ""duplicate_profile_confirmation_minimum"": 3, ""duplicate_profile_confirmation_tolerance"": 1e-08, ""extraction_objective"": ""gamma_topology_description_length"", ""fit_samples"": ""all_rows"", ""gamma_tolerance"": 0.0001, ""geometry_profile"": ""high_dim"", ""hard_component_bound"": 24, ""initial_component_bound"": 8, ""k"": 32, ""knn_backend"": ""faiss_hnsw"", ""shell_ranks"": [4, 8, 16, 32], ""stratification_model"": ""adaptive_gamma_density_basis_with_semantic_background"", ""version"": ""0.2.3""}",development,native_target_discovery_v1
ok,synthetic,overlap_8d__quality__n20000,StrataSCAN,211,0.2.4,20000.0,8.0,0.0052983000005042,3.1501173000015115,6.057373499999812,289.1171875,104.015625,286.52734375,,0.7712218694844413,0.7167965613077247,0.0,0.0,0.9992,known_synthetic_noise,0.9233,0.8653073161462121,7.833333333333333,47.0,6.0,0.1,0.9,full_partition,target-discovery-v1,1.0,0.05,0.807331578697632,0.8909828197886022,0.152712834877129,0.9968330985932023,6.0,pairwise_f1,hungarian,1.1666666666666667,0.0,47.0,0.8503981006121459,0.8133496133496134,0.8133496133496134,0.36425,0.6857927247769389,0.9992,0.7938149632204015,0.9943567848196364,0.6605876769203085,0.36425,47.0,macro,6.0,3.0,0.8474,0.9172650189428108,0.9996854109319702,0.8474,0.0,6.0,1.0,1.0,6.0,41.0,0.0,0.808,1.0,0.8914195609970061,0.996876936795901,"{""dimension"": 8, ""family"": ""gaussian_overlap"", ""n"": 20000}","{""ambiguous_model_confirmation_tolerance"": 1e-05, ""assignment"": ""maximum_posterior_basis_then_semantic_role"", ""background_model"": ""adaptive_gamma_basis_mixture_with_largest_rate_gap"", ""background_scan"": ""adaptive_dyadic_rank_windows_with_poisson_beta_boundary_code"", ""border_rule"": ""strict_local_core_radius"", ""component_initialization"": ""compiled_split_warm_single_start_with_guarded_confirmation"", ""component_selection"": ""semantic_icl_with_adaptive_bound"", ""connectivity"": ""density_ordered_non_merging_knn_watershed"", ""core_thresholds"": ""observed_d4_event_sweep"", ""duplicate_profile_confirmation_minimum"": 3, ""duplicate_profile_confirmation_tolerance"": 1e-08, ""extraction_objective"": ""gamma_topology_description_length"", ""fit_samples"": ""all_rows"", ""gamma_tolerance"": 0.0001, ""geometry_profile"": ""high_dim"", ""hard_component_bound"": 24, ""initial_component_bound"": 8, ""k"": 32, ""knn_backend"": ""faiss_hnsw"", ""shell_ranks"": [4, 8, 16, 32], ""stratification_model"": ""adaptive_gamma_density_basis_with_semantic_background"", ""version"": ""0.2.3""}",fresh,native_target_discovery_v1
ok,synthetic,overlap_8d__quality__n20000,StrataSCAN,223,0.2.4,20000.0,8.0,0.0058862000005319,2.951974899999186,5.872612900000604,285.4921875,100.55859375,285.4921875,,0.7204475939327797,0.643847434804441,0.0,0.0,0.9994,known_synthetic_noise,0.9174333333333332,0.8560123056743374,8.333333333333334,50.0,6.0,0.1,0.9,full_partition,target-discovery-v1,1.0,0.05,0.7402797485142983,0.8349384649402508,0.1645482750492029,0.980565984796351,6.0,pairwise_f1,hungarian,1.1666666666666667,0.0,50.0,0.8180155146111475,0.8017649418371441,0.8017649418371441,0.37325,0.669390488948426,0.9994,0.7319052304917458,0.962995578306885,0.5902602863700503,0.37325,50.0,macro,5.0,2.0,0.8354666666666667,0.9102596695115308,0.9997606701236538,0.8354666666666667,0.0,6.0,1.0,0.8333333333333334,6.0,44.0,0.0,0.7394,1.0,0.8342392935328479,0.9805102529832878,"{""dimension"": 8, ""family"": ""gaussian_overlap"", ""n"": 20000}","{""ambiguous_model_confirmation_tolerance"": 1e-05, ""assignment"": ""maximum_posterior_basis_then_semantic_role"", ""background_model"": ""adaptive_gamma_basis_mixture_with_largest_rate_gap"", ""background_scan"": ""adaptive_dyadic_rank_windows_with_poisson_beta_boundary_code"", ""border_rule"": ""strict_local_core_radius"", ""component_initialization"": ""compiled_split_warm_single_start_with_guarded_confirmation"", ""component_selection"": ""semantic_icl_with_adaptive_bound"", ""connectivity"": ""density_ordered_non_merging_knn_watershed"", ""core_thresholds"": ""observed_d4_event_sweep"", ""duplicate_profile_confirmation_minimum"": 3, ""duplicate_profile_confirmation_tolerance"": 1e-08, ""extraction_objective"": ""gamma_topology_description_length"", ""fit_samples"": ""all_rows"", ""gamma_tolerance"": 0.0001, ""geometry_profile"": ""high_dim"", ""hard_component_bound"": 24, ""initial_component_bound"": 8, ""k"": 32, ""knn_backend"": ""faiss_hnsw"", ""shell_ranks"": [4, 8, 16, 32], ""stratification_model"": ""adaptive_gamma_density_basis_with_semantic_background"", ""version"": ""0.2.3""}",fresh,native_target_discovery_v1
ok,synthetic,overlap_8d__quality__n20000,StrataSCAN,227,0.2.4,20000.0,8.0,0.0055477000005339,3.245873899999424,6.136233499999435,286.35546875,101.3203125,287.19921875,,0.7744615104052727,0.737476860671134,0.0,0.0,0.999,known_synthetic_noise,0.9256333333333332,0.8690955518453387,8.333333333333334,50.0,6.0,0.1,0.9,full_partition,target-discovery-v1,0.0,0.05,0.8304874167308668,0.9039616559852844,0.1474263855560031,0.9920252106151748,6.0,pairwise_f1,hungarian,1.0,0.0,50.0,0.8588984695883667,0.8181148145115059,0.8181148145115059,0.36055,0.6926917209818333,0.999,0.8105746506126169,0.9839679270196824,0.6891361627610327,0.36055,50.0,macro,6.0,4.0,0.8522666666666666,0.9200762891791716,0.999609039017906,0.8522666666666666,0.0,6.0,1.0,1.0,6.0,44.0,0.0,0.8302,1.0,0.9037984959544324,0.9920347791809524,"{""dimension"": 8, ""family"": ""gaussian_overlap"", ""n"": 20000}","{""ambiguous_model_confirmation_tolerance"": 1e-05, ""assignment"": ""maximum_posterior_basis_then_semantic_role"", ""background_model"": ""adaptive_gamma_basis_mixture_with_largest_rate_gap"", ""background_scan"": ""adaptive_dyadic_rank_windows_with_poisson_beta_boundary_code"", ""border_rule"": ""strict_local_core_radius"", ""component_initialization"": ""compiled_split_warm_single_start_with_guarded_confirmation"", ""component_selection"": ""semantic_icl_with_adaptive_bound"", ""connectivity"": ""density_ordered_non_merging_knn_watershed"", ""core_thresholds"": ""observed_d4_event_sweep"", ""duplicate_profile_confirmation_minimum"": 3, ""duplicate_profile_confirmation_tolerance"": 1e-08, ""extraction_objective"": ""gamma_topology_description_length"", ""fit_samples"": ""all_rows"", ""gamma_tolerance"": 0.0001, ""geometry_profile"": ""high_dim"", ""hard_component_bound"": 24, ""initial_component_bound"": 8, ""k"": 32, ""knn_backend"": ""faiss_hnsw"", ""shell_ranks"": [4, 8, 16, 32], ""stratification_model"": ""adaptive_gamma_density_basis_with_semantic_background"", ""version"": ""0.2.3""}",fresh,native_target_discovery_v1
ok,synthetic,overlap_8d__quality__n20000,VDBSCAN-2007,23,0.2.4,20000.0,8.0,0.005734599999414,2.876561600000059,5.719668699999602,203.74609375,18.890625,204.875,,0.6018681146337407,0.3515129598594864,0.0,0.0,0.9862,known_synthetic_noise,0.9931,0.9953786685347294,1.1666666666666667,7.0,2.0,0.1,0.9,full_partition,target-discovery-v1,2.0,0.05,0.5450771357438442,0.4745405143767573,0.0,0.6450983135507201,5.0,pairwise_f1,hungarian,1.3333333333333333,2.0,7.0,0.6421992635578426,0.9930520592085388,0.9930520592085388,0.24655,1.0,0.9862,0.503223832053102,0.3563564473488099,0.856021096032101,0.24655,7.0,macro,2.0,2.0,1.0,0.99770527786092,0.9954210631096954,1.0,0.0,6.0,0.3333333333333333,0.3333333333333333,6.0,2.0,0.0,0.547,0.3328,0.4756145380614968,0.6461558581720301,"{""dimension"": 8, ""family"": ""gaussian_overlap"", ""n"": 20000}","{""eps_values"": [1.9884589910507202, 4.6941609382629395], ""geometry_profile"": ""high_dim"", ""knee_prominence"": 0.08, ""knn_backend"": ""faiss_hnsw"", ""max_eps_values"": 7, ""min_samples"": 5}",development,native_target_discovery_v1
ok,synthetic,overlap_8d__quality__n20000,VDBSCAN-2007,42,0.2.4,20000.0,8.0,0.0059144999995623,3.097910000000411,5.899732500000027,206.2109375,20.8984375,203.8515625,,0.0363823834188462,0.0055587655172545,0.0,0.0,0.9812,known_synthetic_noise,0.9904666666666666,0.993427051506094,0.6666666666666666,4.0,0.0,0.1,0.9,full_partition,target-discovery-v1,3.0,0.05,0.2040076750061567,0.1011962437299995,0.0002665646673941,0.0990178821129517,2.0,pairwise_f1,hungarian,1.5,2.0,4.0,0.1836247576325515,0.9901109989909184,0.9901109989909184,0.2455,0.9991853360488798,0.9812,0.2816851246242512,0.1688437623738585,0.8492631769612172,0.2455,4.0,macro,0.0,0.0,0.9997333333333334,0.9967431040212696,0.9937707090788602,0.9997333333333334,0.0,6.0,0.0,0.0,6.0,2.0,0.0,0.2042,0.0,0.1009979960790931,0.0986344580255646,"{""dimension"": 8, ""family"": ""gaussian_overlap"", ""n"": 20000}","{""eps_values"": [1.9178887605667114, 4.1592817306518555], ""geometry_profile"": ""high_dim"", ""knee_prominence"": 0.08, ""knn_backend"": ""faiss_hnsw"", ""max_eps_values"": 7, ""min_samples"": 5}",development,native_target_discovery_v1
ok,synthetic,overlap_8d__quality__n20000,VDBSCAN-2007,73,0.2.4,20000.0,8.0,0.0055185999990499,2.535876300000382,5.312612600000648,202.72265625,17.73828125,203.80859375,,0.7496687474950894,0.6229196147504515,1.0,1.0,0.983,known_synthetic_noise,0.9915,0.9943009011867618,1.1666666666666667,6.0,2.0,0.1,0.9,full_partition,target-discovery-v1,4.0,0.05,0.6435019275751702,0.5684575394019447,0.0,0.5465516258622894,5.0,pairwise_f1,hungarian,1.6666666666666667,3.0,7.0,0.7225973022205726,0.9914271306101864,0.9914271306101864,0.24575,1.0,0.983,0.6958481394932167,0.5864378096382145,0.8554468580105259,0.24575,7.0,macro,2.0,2.0,1.0,0.9971746717633372,0.9943652635067948,1.0,1.0,6.0,0.3333333333333333,0.3333333333333333,6.0,2.0,0.0,0.6436666666666667,0.3360666666666667,0.5694929612864651,0.5480587402045292,"{""dimension"": 8, ""family"": ""gaussian_overlap"", ""n"": 20000}","{""eps_values"": [1.8612011671066284, 4.420174598693848], ""geometry_profile"": ""high_dim"", ""knee_prominence"": 0.08, ""knn_backend"": ""faiss_hnsw"", ""max_eps_values"": 7, ""min_samples"": 5}",development,native_target_discovery_v1
ok,synthetic,overlap_8d__quality__n20000,VDBSCAN-2007,101,0.2.4,20000.0,8.0,0.0058684000014181,2.7107163000000583,5.501037799998812,206.5,21.23828125,204.5,,0.7459165226647383,0.5520843976689007,0.0,0.0,0.991,known_synthetic_noise,0.9954666666666668,0.9969242914062189,1.0,6.0,3.0,0.1,0.9,full_partition,target-discovery-v1,3.0,0.05,0.6809034119008571,0.6320559702015495,6.629541235746487e-05,0.6476677797508757,5.0,pairwise_f1,hungarian,1.5,2.0,6.0,0.7731619581563887,0.995379670550422,0.995379670550422,0.2478,0.9997982243744956,0.991,0.6447083836517555,0.5162943031555893,0.858149619988012,0.2478,6.0,macro,3.0,3.0,0.9999333333333332,0.9984689122620156,0.9970087742621644,0.9999333333333332,0.0,6.0,0.5,0.5,6.0,1.0,0.0,0.6812,0.4978666666666667,0.6323740706794403,0.6488766511339246,"{""dimension"": 8, ""family"": ""gaussian_overlap"", ""n"": 20000}","{""eps_values"": [1.8655898571014404, 4.153687477111816], ""geometry_profile"": ""high_dim"", ""knee_prominence"": 0.08, ""knn_backend"": ""faiss_hnsw"", ""max_eps_values"": 7, ""min_samples"": 5}",development,native_target_discovery_v1
ok,synthetic,overlap_8d__quality__n20000,VDBSCAN-2007,151,0.2.4,20000.0,8.0,0.0059504999990167,2.8737836999989668,5.639360099999976,204.8125,19.98828125,201.0859375,,0.3519057966795987,0.1451868462013463,0.0,0.0,0.9866,known_synthetic_noise,0.9932333333333334,0.9953799145635722,0.5,3.0,1.0,0.1,0.9,full_partition,target-discovery-v1,4.0,0.05,0.3410516632028139,0.2487174077299355,0.0001325908247149,0.2424512925325168,3.0,pairwise_f1,hungarian,1.6666666666666667,2.0,3.0,0.397802458245179,0.99305485656769,0.99305485656769,0.24675,0.9995947315096252,0.9866,0.3687106061775314,0.2344898179663179,0.8622690688838408,0.24675,3.0,macro,1.0,1.0,0.9998666666666668,0.9977049725594546,0.995552605376701,0.9998666666666668,0.0,6.0,0.1666666666666666,0.1666666666666666,6.0,0.0,0.0,0.3424,0.1676,0.2490524748221539,0.2421210541387097,"{""dimension"": 8, ""family"": ""gaussian_overlap"", ""n"": 20000}","{""eps_values"": [1.9573326110839844, 4.535167694091797], ""geometry_profile"": ""high_dim"", ""knee_prominence"": 0.08, ""knn_backend"": ""faiss_hnsw"", ""max_eps_values"": 7, ""min_samples"": 5}",development,native_target_discovery_v1
ok,synthetic,overlap_8d__quality__n20000,VDBSCAN-2007,211,0.2.4,20000.0,8.0,0.0055087999990064,2.8625933000002988,5.637227300001541,206.3203125,21.20703125,203.96875,,0.7484228170821068,0.5995142283435656,0.0,0.0,0.9856,known_synthetic_noise,0.9927333333333334,0.9950434551672148,1.5,9.0,2.0,0.1,0.9,full_partition,target-discovery-v1,3.0,0.05,0.5913550074097572,0.5218307101990413,0.0001311693308615,0.518197406606861,5.0,pairwise_f1,hungarian,1.5,3.0,9.0,0.6840323289820878,0.9925478348439074,0.9925478348439074,0.2465,0.9995943204868154,0.9856,0.6782864074705862,0.5625234243790873,0.854041578839185,0.2465,9.0,macro,1.0,1.0,0.9998666666666668,0.997539075490522,0.995222295952223,0.9998666666666668,0.0,6.0,0.3333333333333333,0.1666666666666666,6.0,4.0,0.0,0.5952666666666667,0.3334,0.5245380563226971,0.5200651878382848,"{""dimension"": 8, ""family"": ""gaussian_overlap"", ""n"": 20000}","{""eps_values"": [1.9687581062316895, 4.315790176391602], ""geometry_profile"": ""high_dim"", ""knee_prominence"": 0.08, ""knn_backend"": ""faiss_hnsw"", ""max_eps_values"": 7, ""min_samples"": 5}",fresh,native_target_discovery_v1
ok,synthetic,overlap_8d__quality__n20000,VDBSCAN-2007,223,0.2.4,20000.0,8.0,0.0058660000013333,2.6316522999986773,5.394786199998634,205.49609375,20.44921875,203.0703125,,0.6409606650061799,0.4571428542073418,0.0,0.0,0.9866,known_synthetic_noise,0.9933,0.995513225269096,1.0,6.0,1.0,0.1,0.9,full_partition,target-discovery-v1,4.0,0.05,0.5052186852271077,0.4021215065460344,0.0,0.412806074337601,5.0,pairwise_f1,hungarian,1.6666666666666667,3.0,6.0,0.5724751316496989,0.9932548072082956,0.9932548072082956,0.24665,1.0,0.9866,0.5761535480584333,0.4347694704931476,0.8538051963401776,0.24665,6.0,macro,1.0,1.0,1.0,0.9977716433298964,0.9955531957257584,1.0,0.0,6.0,0.1666666666666666,0.1666666666666666,6.0,1.0,0.0,0.5133333333333333,0.1699333333333333,0.4083190029322447,0.4172078033287874,"{""dimension"": 8, ""family"": ""gaussian_overlap"", ""n"": 20000}","{""eps_values"": [1.907755970954895, 4.330726146697998], ""geometry_profile"": ""high_dim"", ""knee_prominence"": 0.08, ""knn_backend"": ""faiss_hnsw"", ""max_eps_values"": 7, ""min_samples"": 5}",fresh,native_target_discovery_v1
ok,synthetic,overlap_8d__quality__n20000,VDBSCAN-2007,227,0.2.4,20000.0,8.0,0.0059220999992248,2.885855099999389,5.649542799999836,204.1796875,19.28125,205.37109375,,0.5045478129943888,0.3079428661017592,0.0,0.0,0.985,known_synthetic_noise,0.9924666666666666,0.9949081204504476,1.0,6.0,0.0,0.1,0.9,full_partition,target-discovery-v1,1.0,0.05,0.4055267923652885,0.2812673443854012,6.621639517944644e-05,0.2488312168249218,3.0,pairwise_f1,hungarian,1.1666666666666667,2.0,6.0,0.4383031320749889,0.992343340721338,0.992343340721338,0.2463,0.9997969955339018,0.985,0.4742261923382493,0.3268607702734232,0.8635652124609688,0.2463,6.0,macro,0.0,0.0,0.9999333333333332,0.9974729001795573,0.9950245455751624,0.9999333333333332,0.0,6.0,0.0,0.0,6.0,3.0,0.0,0.4077333333333333,0.0,0.2806389152850893,0.2467438683143106,"{""dimension"": 8, ""family"": ""gaussian_overlap"", ""n"": 20000}","{""eps_values"": [1.9431716203689575, 4.450528144836426], ""geometry_profile"": ""high_dim"", ""knee_prominence"": 0.08, ""knn_backend"": ""faiss_hnsw"", ""max_eps_values"": 7, ""min_samples"": 5}",fresh,native_target_discovery_v1
ok,synthetic,overlap_8d__quality__n20000,kNN+Leiden,23,0.2.4,20000.0,8.0,0.0058860999997705,2.5348121999995783,6.112934699998732,304.0,91.1015625,316.1484375,,0.97772067743191,0.9837241688315428,1.0,1.0,0.0,known_synthetic_noise,0.5,0.4285714285714285,1.1666666666666667,6.0,6.0,0.1,0.9,full_partition,target-discovery-v1,0.0,0.05,0.993123932236928,0.9748414147436494,0.0,0.957381936948185,6.0,pairwise_f1,hungarian,1.0,0.0,7.0,0.0,0.0,0.0,0.0,0.0,0.0,0.7583114622648889,0.6158826126126216,0.9864339056756112,0.0,7.0,macro,6.0,6.0,1.0,0.8571428571428571,0.75,1.0,1.0,6.0,1.0,1.0,6.0,1.0,0.0,0.9931333333333332,1.0,0.9748199319680704,0.9573332526188468,"{""dimension"": 8, ""family"": ""gaussian_overlap"", ""n"": 20000}","{""edge_rank"": 15, ""geometry_profile"": ""high_dim"", ""k"": 20, ""knn_backend"": ""faiss_hnsw"", ""resolution"": 0.5, ""symmetrization"": ""union"", ""weights"": ""1/(1+d)""}",development,native_target_discovery_v1
ok,synthetic,overlap_8d__quality__n20000,kNN+Leiden,42,0.2.4,20000.0,8.0,0.0056358000001637,3.0579115000000456,6.457282100000157,305.44140625,92.5234375,317.49609375,,0.943131581402726,0.958444101287638,1.0,1.0,0.0,known_synthetic_noise,0.5,0.4285714285714285,1.1666666666666667,6.0,4.0,0.1,0.9,full_partition,target-discovery-v1,0.0,0.05,0.9823800912032552,0.9537127635866612,0.0,0.9275010676693376,6.0,pairwise_f1,hungarian,1.0,0.0,7.0,0.0,0.0,0.0,0.0,0.0,0.0,0.7505808386316437,0.6139746563928841,0.96537085594211,0.0,7.0,macro,6.0,6.0,1.0,0.8571428571428571,0.75,1.0,1.0,6.0,0.6666666666666666,1.0,6.0,1.0,0.0,0.9824,0.6684666666666667,0.953766524122016,0.92758028829503,"{""dimension"": 8, ""family"": ""gaussian_overlap"", ""n"": 20000}","{""edge_rank"": 15, ""geometry_profile"": ""high_dim"", ""k"": 20, ""knn_backend"": ""faiss_hnsw"", ""resolution"": 0.5, ""symmetrization"": ""union"", ""weights"": ""1/(1+d)""}",development,native_target_discovery_v1
ok,synthetic,overlap_8d__quality__n20000,kNN+Leiden,73,0.2.4,20000.0,8.0,0.0058616000005713,1.845313100000567,5.291661199998998,303.32421875,90.13671875,316.90625,,0.9950422241237316,0.9972828312178136,1.0,1.0,0.0,known_synthetic_noise,0.5,0.4285714285714285,1.1666666666666667,6.0,6.0,0.1,0.9,full_partition,target-discovery-v1,0.0,0.05,0.9988683003062784,0.9791705034242258,0.0,0.9603608268027432,6.0,pairwise_f1,hungarian,1.0,0.0,7.0,0.0,0.0,0.0,0.0,0.0,0.0,0.768155989439105,0.6244669263277894,0.9977331453160864,0.0,7.0,macro,6.0,6.0,1.0,0.8571428571428571,0.75,1.0,1.0,6.0,1.0,1.0,6.0,1.0,0.0,0.9988666666666668,1.0,0.9790926930666132,0.9602126679926194,"{""dimension"": 8, ""family"": ""gaussian_overlap"", ""n"": 20000}","{""edge_rank"": 15, ""geometry_profile"": ""high_dim"", ""k"": 20, ""knn_backend"": ""faiss_hnsw"", ""resolution"": 0.5, ""symmetrization"": ""union"", ""weights"": ""1/(1+d)""}",development,native_target_discovery_v1
ok,synthetic,overlap_8d__quality__n20000,kNN+Leiden,101,0.2.4,20000.0,8.0,0.006009400000039,2.423375299998952,5.92621599999984,306.1640625,93.51171875,317.0,,0.9804606549462146,0.9857601277299434,1.0,1.0,0.0,known_synthetic_noise,0.5,0.4285714285714285,1.1666666666666667,6.0,6.0,0.1,0.9,full_partition,target-discovery-v1,0.0,0.05,0.9940271362578562,0.9742631996944686,0.0,0.9552985091778584,6.0,pairwise_f1,hungarian,1.0,0.0,7.0,0.0,0.0,0.0,0.0,0.0,0.0,0.7609873609948153,0.618769430780711,0.988089882487452,0.0,7.0,macro,6.0,6.0,1.0,0.8571428571428571,0.75,1.0,1.0,6.0,1.0,1.0,6.0,1.0,0.0,0.994,1.0,0.9742297566733558,0.9552596836455812,"{""dimension"": 8, ""family"": ""gaussian_overlap"", ""n"": 20000}","{""edge_rank"": 15, ""geometry_profile"": ""high_dim"", ""k"": 20, ""knn_backend"": ""faiss_hnsw"", ""resolution"": 0.5, ""symmetrization"": ""union"", ""weights"": ""1/(1+d)""}",development,native_target_discovery_v1
ok,synthetic,overlap_8d__quality__n20000,kNN+Leiden,151,0.2.4,20000.0,8.0,0.0062256999990495,1.880433100001028,5.348511800000779,304.55859375,91.28515625,317.9921875,,0.9108745955785352,0.9058760766420588,1.0,1.0,0.0,known_synthetic_noise,0.5,0.4285714285714285,1.1666666666666667,6.0,5.0,0.1,0.9,full_partition,target-discovery-v1,1.0,0.05,0.9580834236516528,0.9406645517741388,0.0,0.9251429185685872,6.0,pairwise_f1,hungarian,1.1666666666666667,1.0,7.0,0.0,0.0,0.0,0.0,0.0,0.0,0.7082264964088546,0.5746607635092894,0.9226809438348024,0.0,7.0,macro,6.0,5.0,1.0,0.8571428571428571,0.75,1.0,1.0,6.0,0.8333333333333334,1.0,6.0,1.0,0.0,0.9579333333333332,0.8314,0.9406154332778336,0.9251929630823787,"{""dimension"": 8, ""family"": ""gaussian_overlap"", ""n"": 20000}","{""edge_rank"": 15, ""geometry_profile"": ""high_dim"", ""k"": 20, ""knn_backend"": ""faiss_hnsw"", ""resolution"": 0.5, ""symmetrization"": ""union"", ""weights"": ""1/(1+d)""}",development,native_target_discovery_v1
ok,synthetic,overlap_8d__quality__n20000,kNN+Leiden,211,0.2.4,20000.0,8.0,0.0057241000013164,1.8539492999989309,5.280690999999933,305.3671875,92.37109375,315.16796875,,0.9853517803452252,0.9908359582748152,1.0,0.0,0.0,known_synthetic_noise,0.5,0.4285714285714285,1.0,6.0,5.0,0.1,0.9,full_partition,target-discovery-v1,0.0,0.05,0.9960900382276562,0.8964889472519127,0.0,0.8466493528394453,6.0,pairwise_f1,hungarian,1.0,0.0,6.0,0.0,0.0,0.0,0.0,0.0,0.0,0.6294780055277963,0.4609209153408455,0.9923921960662462,0.0,6.0,macro,5.0,5.0,1.0,0.8571428571428571,0.75,1.0,1.0,6.0,0.8333333333333334,0.8333333333333334,6.0,0.0,0.0,0.9961333333333332,0.8347333333333333,0.897049332091456,0.8473319380417407,"{""dimension"": 8, ""family"": ""gaussian_overlap"", ""n"": 20000}","{""edge_rank"": 15, ""geometry_profile"": ""high_dim"", ""k"": 20, ""knn_backend"": ""faiss_hnsw"", ""resolution"": 0.5, ""symmetrization"": ""union"", ""weights"": ""1/(1+d)""}",fresh,native_target_discovery_v1
ok,synthetic,overlap_8d__quality__n20000,kNN+Leiden,223,0.2.4,20000.0,8.0,0.0060875000017404,1.655248400000346,5.045112699999663,303.6953125,90.73828125,315.1953125,,0.9682732863262,0.9755280266783932,1.0,0.0,0.0,known_synthetic_noise,0.5,0.4285714285714285,1.1666666666666667,7.0,6.0,0.1,0.9,full_partition,target-discovery-v1,0.0,0.05,0.9895950088567088,0.9730090352591616,0.0,0.956996934447278,6.0,pairwise_f1,hungarian,1.0,0.0,7.0,0.0,0.0,0.0,0.0,0.0,0.0,0.7515784590500951,0.6096810260175956,0.9795622012356148,0.0,7.0,macro,6.0,6.0,1.0,0.8571428571428571,0.75,1.0,1.0,6.0,1.0,1.0,6.0,1.0,0.0,0.9896,1.0,0.9729823499066342,0.9569409249029616,"{""dimension"": 8, ""family"": ""gaussian_overlap"", ""n"": 20000}","{""edge_rank"": 15, ""geometry_profile"": ""high_dim"", ""k"": 20, ""knn_backend"": ""faiss_hnsw"", ""resolution"": 0.5, ""symmetrization"": ""union"", ""weights"": ""1/(1+d)""}",fresh,native_target_discovery_v1
ok,synthetic,overlap_8d__quality__n20000,kNN+Leiden,227,0.2.4,20000.0,8.0,0.0056942999999591,4.035374499999307,7.449528299999656,306.23046875,93.30859375,318.59375,,0.9736311759648384,0.98010162377734,1.0,1.0,0.0,known_synthetic_noise,0.5,0.4285714285714285,1.1666666666666667,6.0,5.0,0.1,0.9,full_partition,target-discovery-v1,0.0,0.05,0.9913396466496656,0.9694087809969044,0.0,0.9488300565561276,6.0,pairwise_f1,hungarian,1.0,0.0,7.0,0.0,0.0,0.0,0.0,0.0,0.0,0.7597639589126235,0.6188255189438955,0.9838335180713342,0.0,7.0,macro,6.0,6.0,1.0,0.8571428571428571,0.75,1.0,1.0,6.0,0.8333333333333334,1.0,6.0,1.0,0.0,0.9915333333333334,0.8388,0.9698073819962476,0.9494058626809448,"{""dimension"": 8, ""family"": ""gaussian_overlap"", ""n"": 20000}","{""edge_rank"": 15, ""geometry_profile"": ""high_dim"", ""k"": 20, ""knn_backend"": ""faiss_hnsw"", ""resolution"": 0.5, ""symmetrization"": ""union"", ""weights"": ""1/(1+d)""}",fresh,native_target_discovery_v1
ok,synthetic,overlap_8d__quality__n20000,kNN-DBSCAN,23,0.2.4,20000.0,8.0,0.0054160000017873,0.6917035000005853,3.4612932,196.41796875,11.57421875,196.42578125,,0.2120746193104449,0.0180699047189265,0.0,0.0,1.0,known_synthetic_noise,0.5795666666666667,0.3583982282817933,14.666666666666666,88.0,3.0,0.1,0.9,full_partition,target-discovery-v1,0.0,0.05,0.1227590817002942,0.2049155527214872,0.8404989066482033,0.8333333333333334,5.0,pairwise_f1,hungarian,0.6666666666666666,0.0,88.0,0.2800587370892257,0.4422234997567771,0.4422234997567771,0.88065,0.2838812240958383,1.0,0.0479081827176915,1.0,0.0245419719982172,0.88065,88.0,macro,0.0,0.0,0.1591333333333333,0.2745729568068096,1.0,0.1591333333333333,0.0,6.0,0.5,0.0,6.0,83.0,0.0,0.1224666666666666,0.4985333333333333,0.2044141482573443,0.8315333333333333,"{""dimension"": 8, ""family"": ""gaussian_overlap"", ""n"": 20000}","{""eps"": 1.1294227838516235, ""eps_quantile"": 0.05, ""geometry_profile"": ""high_dim"", ""k"": 4, ""knn_backend"": ""faiss_hnsw"", ""min_samples"": 5}",development,native_target_discovery_v1
ok,synthetic,overlap_8d__quality__n20000,kNN-DBSCAN,42,0.2.4,20000.0,8.0,0.0060883999994985,0.6658260000003793,3.4193030999995244,196.53515625,11.73046875,196.51953125,,0.2086421516258208,0.0257972040309858,0.0,0.0,1.0,known_synthetic_noise,0.5724666666666667,0.3456351543447494,11.333333333333334,68.0,2.0,0.1,0.9,full_partition,target-discovery-v1,0.0,0.05,0.1208178606707218,0.188946040190003,0.8537382697825512,0.9993368700265252,6.0,pairwise_f1,hungarian,0.5,0.0,68.0,0.2640223486130555,0.4380969070358363,0.4380969070358363,0.8913,0.2804891731179176,1.0,0.0649307507353609,0.9963783205985984,0.0335588357294063,0.8913,68.0,macro,0.0,0.0,0.1449333333333333,0.2531734016536625,1.0,0.1449333333333333,0.0,6.0,0.3333333333333333,0.0,6.0,62.0,0.0,0.1194666666666666,0.3283333333333333,0.186950558104289,0.9993586206896552,"{""dimension"": 8, ""family"": ""gaussian_overlap"", ""n"": 20000}","{""eps"": 1.1150916814804077, ""eps_quantile"": 0.05, ""geometry_profile"": ""high_dim"", ""k"": 4, ""knn_backend"": ""faiss_hnsw"", ""min_samples"": 5}",development,native_target_discovery_v1
ok,synthetic,overlap_8d__quality__n20000,kNN-DBSCAN,73,0.2.4,20000.0,8.0,0.0058661000002757,0.657291499999701,3.429033000000345,196.078125,11.34765625,196.05078125,,0.207755482848654,0.0197009569839045,0.0,0.0,1.0,known_synthetic_noise,0.5781333333333334,0.355839691871495,16.0,96.0,3.0,0.1,0.9,full_partition,target-discovery-v1,0.0,0.05,0.1161634158192307,0.1885008445391925,0.8428812072819089,1.0,6.0,pairwise_f1,hungarian,0.5,0.0,96.0,0.2641792946315111,0.4413841807909605,0.4413841807909605,0.8828,0.2831898504757589,1.0,0.0539090444425377,1.0,0.0277011946890711,0.8828,96.0,macro,0.0,0.0,0.1562666666666666,0.2702952029520294,1.0,0.1562666666666666,0.0,6.0,0.5,0.0,6.0,90.0,0.0,0.1151333333333333,0.5,0.1871658129587229,1.0,"{""dimension"": 8, ""family"": ""gaussian_overlap"", ""n"": 20000}","{""eps"": 1.1177195310592651, ""eps_quantile"": 0.05, ""geometry_profile"": ""high_dim"", ""k"": 4, ""knn_backend"": ""faiss_hnsw"", ""min_samples"": 5}",development,native_target_discovery_v1
ok,synthetic,overlap_8d__quality__n20000,kNN-DBSCAN,101,0.2.4,20000.0,8.0,0.0068370999997569,0.6627791999999317,3.405465499999991,196.70703125,11.3984375,199.65234375,,0.2075103061747096,0.0339107991492028,0.0,0.0,1.0,known_synthetic_noise,0.5671333333333334,0.3358968145865738,9.833333333333334,59.0,1.0,0.1,0.9,full_partition,target-discovery-v1,0.0,0.05,0.1090262982833125,0.1586067308971853,0.8662686478625646,1.0,6.0,pairwise_f1,hungarian,0.3333333333333333,0.0,59.0,0.2324634603306527,0.4350474201687984,0.4350474201687984,0.8993,0.2779939953297008,1.0,0.0856535495625505,1.0,0.0447429719646502,0.8993,59.0,macro,0.0,0.0,0.1342666666666666,0.2367462090043493,1.0,0.1342666666666666,0.0,6.0,0.1666666666666666,0.0,6.0,53.0,0.0,0.1096,0.1676,0.1594063944652254,1.0,"{""dimension"": 8, ""family"": ""gaussian_overlap"", ""n"": 20000}","{""eps"": 1.0482327938079834, ""eps_quantile"": 0.05, ""geometry_profile"": ""high_dim"", ""k"": 4, ""knn_backend"": ""faiss_hnsw"", ""min_samples"": 5}",development,native_target_discovery_v1
ok,synthetic,overlap_8d__quality__n20000,kNN-DBSCAN,151,0.2.4,20000.0,8.0,0.005727100000513,0.6868655999987823,3.461150800001633,196.71484375,11.70703125,196.65625,,0.1801852560681242,0.012624038115246,0.0,0.0,1.0,known_synthetic_noise,0.5823666666666667,0.3633705481247214,19.666666666666668,118.0,1.0,0.1,0.9,full_partition,target-discovery-v1,0.0,0.05,0.0844464614950972,0.1365340650565365,0.836040739566517,0.9223512336719883,6.0,pairwise_f1,hungarian,0.5,1.0,118.0,0.208831930498032,0.4438723423143504,0.4438723423143504,0.87645,0.2852415996348907,1.0,0.0404075844717805,0.7668284298458979,0.0207505103592268,0.87645,118.0,macro,0.0,0.0,0.1647333333333333,0.2828687539350924,1.0,0.1647333333333333,0.0,6.0,0.1666666666666666,0.0,6.0,112.0,0.0,0.0848666666666666,0.1676,0.1371754243825231,0.9217611030478956,"{""dimension"": 8, ""family"": ""gaussian_overlap"", ""n"": 20000}","{""eps"": 1.2078959941864014, ""eps_quantile"": 0.05, ""geometry_profile"": ""high_dim"", ""k"": 4, ""knn_backend"": ""faiss_hnsw"", ""min_samples"": 5}",development,native_target_discovery_v1
ok,synthetic,overlap_8d__quality__n20000,kNN-DBSCAN,211,0.2.4,20000.0,8.0,0.0056119000000762,0.6793032000005041,3.4747000000006665,197.86328125,12.859375,196.43359375,,0.2049624480264001,0.0236480711064467,0.0,0.0,1.0,known_synthetic_noise,0.5714,0.3436980449949962,11.0,66.0,3.0,0.1,0.9,full_partition,target-discovery-v1,0.0,0.05,0.1124508080184998,0.1775182603685093,0.8589909346309993,0.8333333333333334,5.0,pairwise_f1,hungarian,0.5,0.0,66.0,0.2525563980456618,0.4374835943652113,0.4374835943652113,0.8929,0.279986560645089,1.0,0.0658818337735341,1.0,0.0340629827711467,0.8929,66.0,macro,0.0,0.0,0.1428,0.2499124956247812,1.0,0.1428,0.0,6.0,0.5,0.0,6.0,61.0,0.0,0.1144,0.5008666666666667,0.1800410012458526,0.8347333333333333,"{""dimension"": 8, ""family"": ""gaussian_overlap"", ""n"": 20000}","{""eps"": 1.105103611946106, ""eps_quantile"": 0.05, ""geometry_profile"": ""high_dim"", ""k"": 4, ""knn_backend"": ""faiss_hnsw"", ""min_samples"": 5}",fresh,native_target_discovery_v1
ok,synthetic,overlap_8d__quality__n20000,kNN-DBSCAN,223,0.2.4,20000.0,8.0,0.005485799998496,0.6591437999995833,3.4196581999985938,196.51171875,11.95703125,202.09375,,0.2039138651142146,0.0241181529056353,0.0,0.0,1.0,known_synthetic_noise,0.5723,0.3453328249777155,13.5,81.0,2.0,0.1,0.9,full_partition,target-discovery-v1,0.0,0.05,0.1103926499333702,0.1730452835704667,0.8566227003667332,1.0,6.0,pairwise_f1,hungarian,0.5,0.0,81.0,0.248079425416253,0.4380009636021199,0.4380009636021199,0.89155,0.280410521002748,1.0,0.0647908268328382,1.0,0.0334800122545934,0.89155,81.0,macro,0.0,0.0,0.1446,0.2526646863533112,1.0,0.1446,0.0,6.0,0.3333333333333333,0.0,6.0,75.0,0.0,0.1114,0.3324,0.1743877516595412,1.0,"{""dimension"": 8, ""family"": ""gaussian_overlap"", ""n"": 20000}","{""eps"": 1.1328240633010864, ""eps_quantile"": 0.05, ""geometry_profile"": ""high_dim"", ""k"": 4, ""knn_backend"": ""faiss_hnsw"", ""min_samples"": 5}",fresh,native_target_discovery_v1
ok,synthetic,overlap_8d__quality__n20000,kNN-DBSCAN,227,0.2.4,20000.0,8.0,0.0066827999999077,0.6743943999990734,3.4843911999996635,196.9375,11.8671875,196.921875,,0.2035310361815657,0.0143581879616749,0.0,0.0,1.0,known_synthetic_noise,0.5781666666666667,0.3558992950710963,15.5,93.0,3.0,0.1,0.9,full_partition,target-discovery-v1,0.0,0.05,0.1101532088385035,0.1841866259759961,0.8448185156293132,0.8333333333333334,5.0,pairwise_f1,hungarian,0.6666666666666666,0.0,93.0,0.259916603084629,0.4414036636504083,0.4414036636504083,0.88275,0.2832058906825262,1.0,0.0451634194101344,1.0,0.0231034245310196,0.88275,93.0,macro,0.0,0.0,0.1563333333333333,0.2703949264917843,1.0,0.1563333333333333,0.0,6.0,0.5,0.0,6.0,88.0,0.0,0.1110666666666666,0.5038666666666667,0.1857035718183572,0.8388,"{""dimension"": 8, ""family"": ""gaussian_overlap"", ""n"": 20000}","{""eps"": 1.0994091033935547, ""eps_quantile"": 0.05, ""geometry_profile"": ""high_dim"", ""k"": 4, ""knn_backend"": ""faiss_hnsw"", ""min_samples"": 5}",fresh,native_target_discovery_v1
memory_limit,synthetic,overlapping_density_16d__quality__n20000,AMD-DBSCAN,23,,,,,,18.66498700000011,,,8209.8828125,,,,,,,,,,,,,,,,,,,,,,,,,,,,,,,,,,,,,,,,,,,,,,,,,,,,,,,,,,{},{},development,native_target_discovery_v1
memory_limit,synthetic,overlapping_density_16d__quality__n20000,AMD-DBSCAN,42,,,,,,16.477734599999167,,,8202.3671875,,,,,,,,,,,,,,,,,,,,,,,,,,,,,,,,,,,,,,,,,,,,,,,,,,,,,,,,,,{},{},development,native_target_discovery_v1
memory_limit,synthetic,overlapping_density_16d__quality__n20000,AMD-DBSCAN,73,,,,,,16.449010099999214,,,8222.5234375,,,,,,,,,,,,,,,,,,,,,,,,,,,,,,,,,,,,,,,,,,,,,,,,,,,,,,,,,,{},{},development,native_target_discovery_v1
memory_limit,synthetic,overlapping_density_16d__quality__n20000,AMD-DBSCAN,101,,,,,,17.00777569999991,,,8192.890625,,,,,,,,,,,,,,,,,,,,,,,,,,,,,,,,,,,,,,,,,,,,,,,,,,,,,,,,,,{},{},development,native_target_discovery_v1
memory_limit,synthetic,overlapping_density_16d__quality__n20000,AMD-DBSCAN,151,,,,,,16.775031900000613,,,8195.4375,,,,,,,,,,,,,,,,,,,,,,,,,,,,,,,,,,,,,,,,,,,,,,,,,,,,,,,,,,{},{},development,native_target_discovery_v1
memory_limit,synthetic,overlapping_density_16d__quality__n20000,AMD-DBSCAN,211,,,,,,16.420921400000225,,,8197.2109375,,,,,,,,,,,,,,,,,,,,,,,,,,,,,,,,,,,,,,,,,,,,,,,,,,,,,,,,,,{},{},fresh,native_target_discovery_v1
memory_limit,synthetic,overlapping_density_16d__quality__n20000,AMD-DBSCAN,223,,,,,,16.181324699999095,,,8192.78125,,,,,,,,,,,,,,,,,,,,,,,,,,,,,,,,,,,,,,,,,,,,,,,,,,,,,,,,,,{},{},fresh,native_target_discovery_v1
memory_limit,synthetic,overlapping_density_16d__quality__n20000,AMD-DBSCAN,227,,,,,,16.210105199999816,,,8197.953125,,,,,,,,,,,,,,,,,,,,,,,,,,,,,,,,,,,,,,,,,,,,,,,,,,,,,,,,,,{},{},fresh,native_target_discovery_v1
ok,synthetic,overlapping_density_16d__quality__n20000,DBSCAN,23,0.2.4,20000.0,16.0,0.0083469000001059,1.912483300000531,4.738344699999288,199.14453125,14.640625,197.8203125,,0.5278617060323019,0.211114766357171,25.0,13.0,0.9784375,known_synthetic_noise,0.69184375,0.7316875311787658,6.125,36.0,2.0,0.1,0.9,full_partition,target-discovery-v1,0.0,0.05,0.4675606437300346,0.5421710702697278,0.511091873524107,0.8433358567165534,8.0,pairwise_f1,hungarian,0.875,0.0,49.0,0.6822591880400346,0.919962390550626,0.919962390550626,0.9017,0.868082510812909,0.9784375,0.2785752371225377,0.7716059141171674,0.1699700151024178,0.9017,49.0,macro,3.0,1.0,0.40525,0.5434126718069058,0.8245167853509664,0.40525,25.0,8.0,0.25,0.375,8.0,41.0,0.0,0.37675,0.164,0.4503057976774449,0.8303704075324294,"{""dimension"": 16, ""family"": ""overlapping_density"", ""n"": 20000}","{""eps"": 3.294839859008789, ""eps_quantile"": 0.05, ""geometry_profile"": ""high_dim"", ""knn_backend"": ""faiss_hnsw"", ""min_samples"": 5}",development,native_target_discovery_v1
ok,synthetic,overlapping_density_16d__quality__n20000,DBSCAN,42,0.2.4,20000.0,16.0,0.0080450999994354,1.881300099999862,4.69705040000008,197.9765625,13.12109375,198.265625,,0.5214325231585178,0.209538183173673,18.0,11.0,0.9794375,known_synthetic_noise,0.68846875,0.7284427771154832,4.5,25.0,2.0,0.1,0.9,full_partition,target-discovery-v1,0.0,0.05,0.4539243222329658,0.5060658398480922,0.5104924281497522,0.7680758975770916,8.0,pairwise_f1,hungarian,0.875,1.0,36.0,0.6528654843521559,0.9196326398873274,0.9196326398873274,0.90405,0.8667109120070793,0.9794375,0.2641978679891534,0.6884683953999067,0.1634632154172601,0.90405,36.0,macro,3.0,1.0,0.3975,0.5372529143436391,0.8285565398645127,0.3975,18.0,8.0,0.25,0.375,8.0,28.0,0.0,0.3495,0.16475,0.3976245835715136,0.7406236327194808,"{""dimension"": 16, ""family"": ""overlapping_density"", ""n"": 20000}","{""eps"": 3.3152456283569336, ""eps_quantile"": 0.05, ""geometry_profile"": ""high_dim"", ""knn_backend"": ""faiss_hnsw"", ""min_samples"": 5}",development,native_target_discovery_v1
ok,synthetic,overlapping_density_16d__quality__n20000,DBSCAN,73,0.2.4,20000.0,16.0,0.0081349000010959,1.8642780000009225,4.614459899999929,198.59765625,13.9375,199.14453125,,0.522205629510597,0.2040307539212983,17.0,7.0,0.9806875,known_synthetic_noise,0.6918437500000001,0.7326814858423352,5.5,37.0,2.0,0.1,0.9,full_partition,target-discovery-v1,0.0,0.05,0.4605001050037666,0.5331958698004763,0.5133765302731267,0.8423258509596658,8.0,pairwise_f1,hungarian,0.875,0.0,44.0,0.6753506905114348,0.9208603538836234,0.9208603538836234,0.90395,0.867913048288069,0.9806875,0.2737279709977994,0.7892128802212832,0.165578298772343,0.90395,44.0,macro,3.0,1.0,0.403,0.544502617801047,0.8391462779802187,0.403,17.0,8.0,0.25,0.375,8.0,36.0,0.0,0.36725,0.1815,0.4393314025484802,0.8273852915595167,"{""dimension"": 16, ""family"": ""overlapping_density"", ""n"": 20000}","{""eps"": 3.314970016479492, ""eps_quantile"": 0.05, ""geometry_profile"": ""high_dim"", ""knn_backend"": ""faiss_hnsw"", ""min_samples"": 5}",development,native_target_discovery_v1
ok,synthetic,overlapping_density_16d__quality__n20000,DBSCAN,101,0.2.4,20000.0,16.0,0.007797300000675,1.8675149000009696,4.6994312000006175,199.09375,14.2265625,198.34765625,,0.5378296384981993,0.2175357589544754,27.0,16.0,0.978125,known_synthetic_noise,0.6946875,0.7346217667298351,6.5,36.0,3.0,0.1,0.9,full_partition,target-discovery-v1,0.0,0.05,0.4756661695904405,0.5443801386362219,0.501557640672019,0.8268557702717779,8.0,pairwise_f1,hungarian,0.75,0.0,52.0,0.6841411395709084,0.9204528745772682,0.9204528745772682,0.90025,0.8692029991668981,0.978125,0.2963515655372469,0.7960621445326307,0.1820645384129224,0.90025,52.0,macro,3.0,2.0,0.41125,0.5487906588824021,0.8245614035087719,0.41125,27.0,8.0,0.375,0.375,8.0,44.0,0.0,0.38175,0.276,0.4523233002196194,0.8015218338307407,"{""dimension"": 16, ""family"": ""overlapping_density"", ""n"": 20000}","{""eps"": 3.3321492671966553, ""eps_quantile"": 0.05, ""geometry_profile"": ""high_dim"", ""knn_backend"": ""faiss_hnsw"", ""min_samples"": 5}",development,native_target_discovery_v1
ok,synthetic,overlapping_density_16d__quality__n20000,DBSCAN,151,0.2.4,20000.0,16.0,0.0078353000008064,1.8236324000008608,4.59645350000028,199.05859375,14.41796875,197.671875,,0.5297258615510917,0.2152141304994033,19.0,11.0,0.979375,known_synthetic_noise,0.6964375,0.7370693124594403,5.0,29.0,2.0,0.1,0.9,full_partition,target-discovery-v1,0.0,0.05,0.4789509535602212,0.5467451953372497,0.4979947017408347,0.8183532115455778,8.0,pairwise_f1,hungarian,1.0,1.0,40.0,0.6862495656879402,0.9213311382878644,0.9213311382878644,0.9008,0.8697824156305506,0.979375,0.2753843704109976,0.7418616843811067,0.1690726800708226,0.9008,40.0,macro,3.0,1.0,0.4135,0.5528074866310161,0.8336693548387096,0.4135,19.0,8.0,0.25,0.375,8.0,32.0,0.0,0.37975,0.167,0.4473293160183291,0.8001827030919231,"{""dimension"": 16, ""family"": ""overlapping_density"", ""n"": 20000}","{""eps"": 3.319477081298828, ""eps_quantile"": 0.05, ""geometry_profile"": ""high_dim"", ""knn_backend"": ""faiss_hnsw"", ""min_samples"": 5}",development,native_target_discovery_v1
ok,synthetic,overlapping_density_16d__quality__n20000,DBSCAN,211,0.2.4,20000.0,16.0,0.0074017999995703,1.8564968000009685,4.634400900000401,198.6171875,14.1640625,197.89453125,,0.5187793780653706,0.2071637602701891,24.0,12.0,0.98,known_synthetic_noise,0.6895,0.7298167776877695,6.625,41.0,3.0,0.1,0.9,full_partition,target-discovery-v1,0.0,0.05,0.4577321972464765,0.5246435632142572,0.5126355769186521,0.8330006148897915,8.0,pairwise_f1,hungarian,0.75,0.0,53.0,0.6682441186257222,0.9200798028400422,0.9200798028400422,0.9042,0.8670648086706481,0.98,0.2744750672132942,0.801066034679413,0.1656095311933718,0.9042,53.0,macro,3.0,1.0,0.399,0.539553752535497,0.8329853862212944,0.399,24.0,8.0,0.375,0.375,8.0,45.0,0.0,0.3595,0.257,0.4248871699525011,0.8152898724442537,"{""dimension"": 16, ""family"": ""overlapping_density"", ""n"": 20000}","{""eps"": 3.317883253097534, ""eps_quantile"": 0.05, ""geometry_profile"": ""high_dim"", ""knn_backend"": ""faiss_hnsw"", ""min_samples"": 5}",fresh,native_target_discovery_v1
ok,synthetic,overlapping_density_16d__quality__n20000,DBSCAN,223,0.2.4,20000.0,16.0,0.007830799999283,1.900223900000128,4.642626499999096,198.8359375,14.16796875,203.11328125,,0.5261739133122,0.2185773150373944,19.0,13.0,0.9775625,known_synthetic_noise,0.69240625,0.731911193903743,5.25,29.0,2.0,0.1,0.9,full_partition,target-discovery-v1,1.0,0.05,0.4728686163215748,0.5392209087864155,0.4994385337304362,0.779103293812019,8.0,pairwise_f1,hungarian,1.0,1.0,42.0,0.6798563032708158,0.9197342114547806,0.9197342114547806,0.9006,0.8683655340883856,0.9775625,0.2678304805448818,0.7422663567626743,0.1633937619536179,0.9006,42.0,macro,2.0,1.0,0.40725,0.5440881763527055,0.8194164989939637,0.40725,19.0,8.0,0.25,0.25,8.0,34.0,0.0,0.37025,0.17225,0.435008495568611,0.7436732643596576,"{""dimension"": 16, ""family"": ""overlapping_density"", ""n"": 20000}","{""eps"": 3.317711114883423, ""eps_quantile"": 0.05, ""geometry_profile"": ""high_dim"", ""knn_backend"": ""faiss_hnsw"", ""min_samples"": 5}",fresh,native_target_discovery_v1
ok,synthetic,overlapping_density_16d__quality__n20000,DBSCAN,227,0.2.4,20000.0,16.0,0.0088224999999511,1.840336300001581,4.58634180000081,198.9921875,14.26171875,200.74609375,,0.5350383534020456,0.2174576075226265,25.0,16.0,0.977375,known_synthetic_noise,0.6964375,0.7361624845098063,6.375,35.0,3.0,0.1,0.9,full_partition,target-discovery-v1,0.0,0.05,0.4765491924872698,0.5500122892728315,0.4969967307400112,0.8262841272267611,8.0,pairwise_f1,hungarian,0.875,0.0,51.0,0.6885939379468625,0.9205321403343536,0.9205321403343536,0.8988,0.8699376947040498,0.977375,0.2800516211760669,0.7888751513821667,0.1702442702490055,0.8988,51.0,macro,3.0,1.0,0.4155,0.5517928286852589,0.8211462450592886,0.4155,25.0,8.0,0.375,0.375,8.0,43.0,0.0,0.379,0.28325,0.4513985881932023,0.794379949179194,"{""dimension"": 16, ""family"": ""overlapping_density"", ""n"": 20000}","{""eps"": 3.3198177814483643, ""eps_quantile"": 0.05, ""geometry_profile"": ""high_dim"", ""knn_backend"": ""faiss_hnsw"", ""min_samples"": 5}",fresh,native_target_discovery_v1
ok,synthetic,overlapping_density_16d__quality__n20000,HDBSCAN,23,0.2.4,20000.0,16.0,0.0081209999989368,4.7243073000008735,7.448000399999728,191.609375,7.11328125,189.70703125,,0.5087984913449906,0.2231452832786619,43.0,39.0,0.940625,known_synthetic_noise,0.6816875,0.7057829392464023,6.0,9.0,1.0,0.1,0.9,full_partition,target-discovery-v1,0.0,0.05,0.4441278676526919,0.4504473314278544,0.4912475027759097,0.4782424603941221,6.0,pairwise_f1,hungarian,1.0,1.0,48.0,0.600909573299116,0.902305224976768,0.902305224976768,0.86795,0.866985425427732,0.940625,0.2701707746320904,0.4493291208861488,0.1931551590152637,0.86795,48.0,macro,3.0,0.0,0.42275,0.5092606535160368,0.6402877697841727,0.42275,43.0,8.0,0.125,0.375,8.0,42.0,0.0,0.341,0.07575,0.3457209719215406,0.3803751114496078,"{""dimension"": 16, ""family"": ""overlapping_density"", ""n"": 20000}","{""geometry_profile"": ""high_dim"", ""knn_backend"": ""faiss_hnsw"", ""min_cluster_size"": 8, ""min_samples"": 5}",development,native_target_discovery_v1
ok,synthetic,overlapping_density_16d__quality__n20000,HDBSCAN,42,0.2.4,20000.0,16.0,0.0075878999996348,4.735532599999715,7.508034599999519,191.25390625,6.60546875,191.4921875,,0.5137449816827842,0.2031614727204096,42.0,36.0,0.94225,known_synthetic_noise,0.68125,0.7059489905824112,6.0,12.0,1.0,0.1,0.9,full_partition,target-discovery-v1,0.0,0.05,0.45780031274789,0.5007525895396139,0.4984199620369831,0.5913225504207122,8.0,pairwise_f1,hungarian,1.0,2.0,48.0,0.644215909595126,0.9028896541398412,0.9028896541398412,0.86975,0.866685829261282,0.94225,0.2656583997028845,0.5469831541502872,0.1754307400517396,0.86975,48.0,macro,3.0,0.0,0.42025,0.5090083270249811,0.6452975047984645,0.42025,42.0,8.0,0.125,0.375,8.0,40.0,0.0,0.358,0.0735,0.3945003130362594,0.4953899284981628,"{""dimension"": 16, ""family"": ""overlapping_density"", ""n"": 20000}","{""geometry_profile"": ""high_dim"", ""knn_backend"": ""faiss_hnsw"", ""min_cluster_size"": 8, ""min_samples"": 5}",development,native_target_discovery_v1
ok,synthetic,overlapping_density_16d__quality__n20000,HDBSCAN,73,0.2.4,20000.0,16.0,0.0072801999995135,4.716041300000143,7.4608012000007875,189.93359375,5.16796875,190.7890625,,0.53188332068738,0.2106285921859076,42.0,39.0,0.94975,known_synthetic_noise,0.670125,0.6971707283245745,6.5,13.0,2.0,0.1,0.9,full_partition,target-discovery-v1,0.0,0.05,0.4502476914309927,0.4970495819722955,0.5216333623746906,0.68838921179569,7.0,pairwise_f1,hungarian,0.875,1.0,52.0,0.6413248162057292,0.903609442825712,0.903609442825712,0.8817,0.8617443574912101,0.94975,0.2736869115038893,0.6679511539036315,0.1721020886945727,0.8817,52.0,macro,3.0,0.0,0.3905,0.490732013823437,0.6601859678782755,0.3905,42.0,8.0,0.25,0.375,8.0,45.0,0.0,0.35225,0.22725,0.3984618815214513,0.6376843643059562,"{""dimension"": 16, ""family"": ""overlapping_density"", ""n"": 20000}","{""geometry_profile"": ""high_dim"", ""knn_backend"": ""faiss_hnsw"", ""min_cluster_size"": 8, ""min_samples"": 5}",development,native_target_discovery_v1
ok,synthetic,overlapping_density_16d__quality__n20000,HDBSCAN,101,0.2.4,20000.0,16.0,0.0086205000006884,4.841308400000344,7.69194459999926,189.640625,5.1640625,190.22265625,,0.4867563159964456,0.1660877321132203,41.0,40.0,0.9503125,known_synthetic_noise,0.6460312500000001,0.67119044540055,6.125,9.0,3.0,0.1,0.9,full_partition,target-discovery-v1,0.0,0.05,0.4097318820150423,0.4713805761100107,0.5711184120775156,0.7213824849997108,8.0,pairwise_f1,hungarian,0.875,1.0,49.0,0.6183997083981734,0.8986937762279094,0.8986937762279094,0.8919,0.8523937661172777,0.9503125,0.2334951263543419,0.692077863286555,0.1404382909299351,0.8919,49.0,macro,2.0,0.0,0.34175,0.4436871145731905,0.6322849213691026,0.34175,41.0,8.0,0.375,0.25,8.0,41.0,0.0,0.3165,0.298,0.3764754902630771,0.6757311282754813,"{""dimension"": 16, ""family"": ""overlapping_density"", ""n"": 20000}","{""geometry_profile"": ""high_dim"", ""knn_backend"": ""faiss_hnsw"", ""min_cluster_size"": 8, ""min_samples"": 5}",development,native_target_discovery_v1
ok,synthetic,overlapping_density_16d__quality__n20000,HDBSCAN,151,0.2.4,20000.0,16.0,0.0083104000004823,4.816267700000026,7.598138299999846,190.9140625,6.046875,190.91015625,,0.4962079622632788,0.1847248647643287,42.0,34.0,0.952375,known_synthetic_noise,0.6661874999999999,0.6938859468136935,6.0,14.0,2.0,0.1,0.9,full_partition,target-discovery-v1,0.0,0.05,0.4337553792942313,0.4879551150215749,0.5346255980312872,0.6154592790325302,7.0,pairwise_f1,hungarian,1.0,2.0,48.0,0.633764243857319,0.903849575894181,0.903849575894181,0.8859,0.8600293486849532,0.952375,0.242428378036298,0.639934457472894,0.1495394358088658,0.8859,48.0,macro,2.0,1.0,0.38,0.483922317733206,0.6660823838737949,0.38,42.0,8.0,0.25,0.25,8.0,41.0,0.0,0.3355,0.17975,0.3851445085863545,0.5328055155499436,"{""dimension"": 16, ""family"": ""overlapping_density"", ""n"": 20000}","{""geometry_profile"": ""high_dim"", ""knn_backend"": ""faiss_hnsw"", ""min_cluster_size"": 8, ""min_samples"": 5}",development,native_target_discovery_v1
ok,synthetic,overlapping_density_16d__quality__n20000,HDBSCAN,211,0.2.4,20000.0,16.0,0.0073606999994808,4.784472800000003,7.534542500001407,191.37109375,6.734375,190.8046875,,0.5162579092028152,0.1959332590774334,40.0,32.0,0.9580625,known_synthetic_noise,0.66140625,0.690593195073188,6.125,17.0,2.0,0.1,0.9,full_partition,target-discovery-v1,0.0,0.05,0.4343904767799481,0.4923342706254502,0.5448233267966819,0.7828132970254128,8.0,pairwise_f1,hungarian,0.875,1.0,49.0,0.6377735919035505,0.9051668142899322,0.9051668142899322,0.8935,0.8578063794068271,0.9580625,0.2585351429714435,0.7354150891443519,0.1568352914730318,0.8935,49.0,macro,3.0,1.0,0.36475,0.4760195758564438,0.6849765258215963,0.36475,40.0,8.0,0.25,0.375,8.0,41.0,0.0,0.337,0.19975,0.3922759313441376,0.7499209910867379,"{""dimension"": 16, ""family"": ""overlapping_density"", ""n"": 20000}","{""geometry_profile"": ""high_dim"", ""knn_backend"": ""faiss_hnsw"", ""min_cluster_size"": 8, ""min_samples"": 5}",fresh,native_target_discovery_v1
ok,synthetic,overlapping_density_16d__quality__n20000,HDBSCAN,223,0.2.4,20000.0,16.0,0.007980000000316,4.703504499999326,7.430492999999842,191.09375,6.12890625,190.75,,0.5256309641341786,0.2134691632038896,37.0,32.0,0.9523125,known_synthetic_noise,0.66278125,0.6901978368191857,5.5,12.0,1.0,0.1,0.9,full_partition,target-discovery-v1,0.0,0.05,0.4519530779679622,0.4964613034079831,0.5282376086689142,0.688446653833651,8.0,pairwise_f1,hungarian,0.875,1.0,44.0,0.6407052335928914,0.9030938833570412,0.9030938833570412,0.8872,0.8587128043282236,0.9523125,0.2538502198582479,0.6374104466006777,0.1584832808955221,0.8872,44.0,macro,2.0,0.0,0.37325,0.47730179028133,0.661790780141844,0.37325,37.0,8.0,0.125,0.25,8.0,36.0,0.0,0.345,0.0805,0.3869840670694471,0.6385872330499067,"{""dimension"": 16, ""family"": ""overlapping_density"", ""n"": 20000}","{""geometry_profile"": ""high_dim"", ""knn_backend"": ""faiss_hnsw"", ""min_cluster_size"": 8, ""min_samples"": 5}",fresh,native_target_discovery_v1
ok,synthetic,overlapping_density_16d__quality__n20000,HDBSCAN,227,0.2.4,20000.0,16.0,0.0080307999996875,4.745905800000401,7.442858100001104,191.25,6.6484375,191.42578125,,0.5212509092790334,0.1934452457879826,46.0,43.0,0.951875,known_synthetic_noise,0.6415625,0.6665875880817886,7.25,15.0,2.0,0.1,0.9,full_partition,target-discovery-v1,0.0,0.05,0.422400114585233,0.480908466264985,0.5712044363052767,0.8482387742969917,8.0,pairwise_f1,hungarian,0.75,0.0,58.0,0.6264688870066109,0.8983925674679252,0.8983925674679252,0.89525,0.8506003909522479,0.951875,0.2449040702941926,0.7806925652522958,0.1452317034079815,0.89525,58.0,macro,3.0,1.0,0.33125,0.4347826086956522,0.6324582338902148,0.33125,46.0,8.0,0.25,0.375,8.0,50.0,0.0,0.32175,0.18975,0.3795155267643521,0.8271238061437771,"{""dimension"": 16, ""family"": ""overlapping_density"", ""n"": 20000}","{""geometry_profile"": ""high_dim"", ""knn_backend"": ""faiss_hnsw"", ""min_cluster_size"": 8, ""min_samples"": 5}",fresh,native_target_discovery_v1
ok,synthetic,overlapping_density_16d__quality__n20000,OPTICS,23,0.2.4,20000.0,16.0,0.0078326999991986,5.0907248000003165,7.844953899999382,199.43359375,14.84765625,199.421875,,0.5070113715490652,0.1822841641078307,23.0,18.0,0.9715,known_synthetic_noise,0.617,0.6413301483113527,3.625,11.0,0.0,0.1,0.9,full_partition,target-discovery-v1,0.0,0.05,0.3452100682971645,0.3366427863226592,0.6506781996346944,0.6360161452011177,7.0,pairwise_f1,hungarian,0.375,0.0,29.0,0.4901879456682521,0.9012581898301154,0.9012581898301154,0.9247,0.8404888071807073,0.9715,0.2484677653356704,0.6461393944993686,0.1538063958006481,0.9247,29.0,macro,2.0,1.0,0.2625,0.3814021067925899,0.6972111553784861,0.2625,23.0,8.0,0.0,0.25,8.0,22.0,0.0,0.2565,0.0,0.2520021896621212,0.599348894808767,"{""dimension"": 16, ""family"": ""overlapping_density"", ""n"": 20000}","{""geometry_profile"": ""high_dim"", ""knn_backend"": ""faiss_hnsw"", ""max_eps"": 3.5529096126556396, ""max_eps_quantile"": 0.1, ""min_cluster_size"": 8, ""min_samples"": 5, ""xi"": 0.03}",development,native_target_discovery_v1
ok,synthetic,overlapping_density_16d__quality__n20000,OPTICS,42,0.2.4,20000.0,16.0,0.0086866000001464,5.116990299999088,7.845784799999819,199.44140625,15.078125,199.44140625,,0.382373246989253,0.1150210864186079,21.0,15.0,0.97625,known_synthetic_noise,0.584375,0.597721162819852,3.75,15.0,0.0,0.1,0.9,full_partition,target-discovery-v1,0.0,0.05,0.2311096066488491,0.2394132337424648,0.7645329643926626,0.7670673459188078,8.0,pairwise_f1,hungarian,0.25,0.0,30.0,0.3778978487854615,0.8964131994261119,0.8964131994261119,0.9425,0.8286472148541114,0.97625,0.1893130176839346,0.6797010970255674,0.1099713324419382,0.9425,30.0,macro,2.0,0.0,0.1925,0.2990291262135922,0.6695652173913044,0.1925,21.0,8.0,0.0,0.25,8.0,22.0,0.0,0.1865,0.0,0.1947556772364876,0.7339389570412775,"{""dimension"": 16, ""family"": ""overlapping_density"", ""n"": 20000}","{""geometry_profile"": ""high_dim"", ""knn_backend"": ""faiss_hnsw"", ""max_eps"": 3.570561408996582, ""max_eps_quantile"": 0.1, ""min_cluster_size"": 8, ""min_samples"": 5, ""xi"": 0.03}",development,native_target_discovery_v1
ok,synthetic,overlapping_density_16d__quality__n20000,OPTICS,73,0.2.4,20000.0,16.0,0.0079504999994242,5.216901699999653,8.015444299999217,199.44921875,14.41796875,199.4609375,,0.5498402877424191,0.2331354894767536,12.0,8.0,0.96275,known_synthetic_noise,0.67725,0.7095005932052553,2.75,14.0,0.0,0.1,0.9,full_partition,target-discovery-v1,0.0,0.05,0.4333978909094488,0.4106251602421603,0.5346410254270015,0.7504453152148329,8.0,pairwise_f1,hungarian,0.625,1.0,22.0,0.5659902632760218,0.9104826077961994,0.9104826077961994,0.89185,0.8635981387004541,0.96275,0.2912996045274785,0.4497198951927622,0.2154161666408441,0.89185,22.0,macro,2.0,1.0,0.39175,0.5085185786143112,0.7244567730004623,0.39175,12.0,8.0,0.0,0.25,8.0,14.0,0.0,0.3415,0.0,0.3244283760644375,0.7121468121079706,"{""dimension"": 16, ""family"": ""overlapping_density"", ""n"": 20000}","{""geometry_profile"": ""high_dim"", ""knn_backend"": ""faiss_hnsw"", ""max_eps"": 3.584650754928589, ""max_eps_quantile"": 0.1, ""min_cluster_size"": 8, ""min_samples"": 5, ""xi"": 0.03}",development,native_target_discovery_v1
ok,synthetic,overlapping_density_16d__quality__n20000,OPTICS,101,0.2.4,20000.0,16.0,0.0089124999994965,5.210826799999268,8.070399399999587,202.62109375,18.13671875,198.796875,,0.2294230949391997,0.0513282702817894,16.0,11.0,0.9865625,known_synthetic_noise,0.53853125,0.5247055390141722,2.625,10.0,0.0,0.1,0.9,full_partition,target-discovery-v1,0.0,0.05,0.1262382222337435,0.1275508706802381,0.8682805229516859,0.424042735042735,4.0,pairwise_f1,hungarian,0.125,0.0,21.0,0.2231630914643904,0.8912288626033934,0.8912288626033934,0.97115,0.8126962879060907,0.9865625,0.0866361370195396,0.7060361183332162,0.046149521583844,0.97115,21.0,macro,1.0,0.0,0.0905,0.1581822154249508,0.6273830155979203,0.0905,16.0,8.0,0.0,0.125,8.0,17.0,0.0,0.08625,0.0,0.0885465506681409,0.4077302222222222,"{""dimension"": 16, ""family"": ""overlapping_density"", ""n"": 20000}","{""geometry_profile"": ""high_dim"", ""knn_backend"": ""faiss_hnsw"", ""max_eps"": 3.571754217147827, ""max_eps_quantile"": 0.1, ""min_cluster_size"": 8, ""min_samples"": 5, ""xi"": 0.03}",development,native_target_discovery_v1
ok,synthetic,overlapping_density_16d__quality__n20000,OPTICS,151,0.2.4,20000.0,16.0,0.0101677000002382,5.231906700000764,8.079609399999754,198.5625,13.6171875,198.5625,,0.3419503225876837,0.1275502783457965,19.0,16.0,0.961875,known_synthetic_noise,0.6335625,0.6598063097336868,2.75,6.0,0.0,0.1,0.9,full_partition,target-discovery-v1,0.0,0.05,0.220182747153975,0.1686799620270071,0.6665516144681976,0.2564961243442248,4.0,pairwise_f1,hungarian,0.5,1.0,22.0,0.2841518400404396,0.9008165296028564,0.9008165296028564,0.90845,0.8470471682536188,0.961875,0.1839004367105309,0.2097905261729177,0.1636985259773411,0.90845,22.0,macro,1.0,1.0,0.30525,0.4187960898645172,0.6668487165483342,0.30525,19.0,8.0,0.0,0.125,8.0,18.0,0.0,0.16775,0.0,0.1231637033213828,0.2808525711905856,"{""dimension"": 16, ""family"": ""overlapping_density"", ""n"": 20000}","{""geometry_profile"": ""high_dim"", ""knn_backend"": ""faiss_hnsw"", ""max_eps"": 3.567981719970703, ""max_eps_quantile"": 0.1, ""min_cluster_size"": 8, ""min_samples"": 5, ""xi"": 0.03}",development,native_target_discovery_v1
ok,synthetic,overlapping_density_16d__quality__n20000,OPTICS,211,0.2.4,20000.0,16.0,0.0087409000007028,5.189433100000315,7.949778799998967,199.31640625,14.51171875,198.859375,,0.6100595194358148,0.2672733189176492,20.0,14.0,0.9741875,known_synthetic_noise,0.65896875,0.6931608440755318,3.25,12.0,0.0,0.1,0.9,full_partition,target-discovery-v1,0.0,0.05,0.450380422703876,0.4420195356878548,0.5464267852336469,0.663482924454236,7.0,pairwise_f1,hungarian,0.5,0.0,26.0,0.5952741566827762,0.9112007482754588,0.9112007482754588,0.9106,0.8558642653195695,0.9741875,0.3221550333615195,0.7141628467463731,0.2079888429619367,0.9106,26.0,macro,4.0,1.0,0.34375,0.4751209398756047,0.7690156599552572,0.34375,20.0,8.0,0.0,0.5,8.0,19.0,0.0,0.33925,0.0,0.3360218087660785,0.6425843098528173,"{""dimension"": 16, ""family"": ""overlapping_density"", ""n"": 20000}","{""geometry_profile"": ""high_dim"", ""knn_backend"": ""faiss_hnsw"", ""max_eps"": 3.5756566524505615, ""max_eps_quantile"": 0.1, ""min_cluster_size"": 8, ""min_samples"": 5, ""xi"": 0.03}",fresh,native_target_discovery_v1
ok,synthetic,overlapping_density_16d__quality__n20000,OPTICS,223,0.2.4,20000.0,16.0,0.007986600001459,5.154276799999934,7.922409900000275,199.00390625,14.14453125,198.99609375,,0.6002583846747944,0.2611180464214835,17.0,8.0,0.97325,known_synthetic_noise,0.653875,0.6869193760248451,3.0,16.0,0.0,0.1,0.9,full_partition,target-discovery-v1,0.0,0.05,0.4501448676206003,0.4396686750028855,0.5456530972155944,0.6710248028835308,7.0,pairwise_f1,hungarian,0.5,0.0,24.0,0.5928285832736644,0.9097388561079628,0.9097388561079628,0.9117,0.8540089941866842,0.97325,0.2948834166759478,0.6823681780961796,0.1880810458668244,0.9117,24.0,macro,4.0,1.0,0.3345,0.4640998959417273,0.7576443941109853,0.3345,17.0,8.0,0.0,0.5,8.0,17.0,0.0,0.32825,0.0,0.3239953428727154,0.6242779576002212,"{""dimension"": 16, ""family"": ""overlapping_density"", ""n"": 20000}","{""geometry_profile"": ""high_dim"", ""knn_backend"": ""faiss_hnsw"", ""max_eps"": 3.5732264518737793, ""max_eps_quantile"": 0.1, ""min_cluster_size"": 8, ""min_samples"": 5, ""xi"": 0.03}",fresh,native_target_discovery_v1
ok,synthetic,overlapping_density_16d__quality__n20000,OPTICS,227,0.2.4,20000.0,16.0,0.0081231000003754,5.214441000000079,7.997672199999215,201.671875,17.03515625,198.51171875,,0.5200281448422552,0.1847693856675378,14.0,9.0,0.9809375,known_synthetic_noise,0.61809375,0.6443457218634958,2.5,11.0,0.0,0.1,0.9,full_partition,target-discovery-v1,0.0,0.05,0.3533050607198519,0.3469204115078858,0.6445156117583548,0.6597137409699654,7.0,pairwise_f1,hungarian,0.375,0.0,20.0,0.5016145942805648,0.9052892657322488,0.9052892657322488,0.9337,0.8404733854557138,0.9809375,0.2428439526869137,0.7336571971697117,0.1455030743228476,0.9337,20.0,macro,3.0,1.0,0.25525,0.3834021779947427,0.7699849170437406,0.25525,14.0,8.0,0.0,0.375,8.0,13.0,0.0,0.25175,0.0,0.2503622120260116,0.6183339049208766,"{""dimension"": 16, ""family"": ""overlapping_density"", ""n"": 20000}","{""geometry_profile"": ""high_dim"", ""knn_backend"": ""faiss_hnsw"", ""max_eps"": 3.5654115676879883, ""max_eps_quantile"": 0.1, ""min_cluster_size"": 8, ""min_samples"": 5, ""xi"": 0.03}",fresh,native_target_discovery_v1
ok,synthetic,overlapping_density_16d__quality__n20000,SNN-DBSCAN,23,0.2.4,20000.0,16.0,0.008189999998649,0.8948048000002018,4.386552699999811,258.453125,34.25390625,258.47265625,,0.0,0.0,0.0,0.0,1.0,known_synthetic_noise,0.5,0.4444444444444445,0.0,0.0,0.0,0.1,0.9,full_partition,target-discovery-v1,0.0,0.05,0.0,0.0,1.0,0.0,0.0,pairwise_f1,hungarian,0.0,0.0,0.0,0.0,0.888888888888889,0.888888888888889,1.0,0.8,1.0,0.0,0.0,0.0,1.0,0.0,macro,0.0,0.0,0.0,0.0,0.0,0.0,0.0,8.0,0.0,0.0,8.0,0.0,0.0,0.0,0.0,0.0,0.0,"{""dimension"": 16, ""family"": ""overlapping_density"", ""n"": 20000}","{""eps"": 13, ""geometry_profile"": ""high_dim"", ""k"": 20, ""knn_backend"": ""faiss_hnsw"", ""min_samples"": 5}",development,native_target_discovery_v1
ok,synthetic,overlapping_density_16d__quality__n20000,SNN-DBSCAN,42,0.2.4,20000.0,16.0,0.0074448999985179,0.9003940000002331,4.409794000001057,265.33984375,41.0390625,245.34375,,0.0,0.0,0.0,0.0,1.0,known_synthetic_noise,0.5,0.4444444444444445,0.0,0.0,0.0,0.1,0.9,full_partition,target-discovery-v1,0.0,0.05,0.0,0.0,1.0,0.0,0.0,pairwise_f1,hungarian,0.0,0.0,0.0,0.0,0.888888888888889,0.888888888888889,1.0,0.8,1.0,0.0,0.0,0.0,1.0,0.0,macro,0.0,0.0,0.0,0.0,0.0,0.0,0.0,8.0,0.0,0.0,8.0,0.0,0.0,0.0,0.0,0.0,0.0,"{""dimension"": 16, ""family"": ""overlapping_density"", ""n"": 20000}","{""eps"": 13, ""geometry_profile"": ""high_dim"", ""k"": 20, ""knn_backend"": ""faiss_hnsw"", ""min_samples"": 5}",development,native_target_discovery_v1
ok,synthetic,overlapping_density_16d__quality__n20000,SNN-DBSCAN,73,0.2.4,20000.0,16.0,0.0080426000004081,0.8604340000001685,4.303606999999829,258.39453125,34.046875,263.52734375,,0.0,0.0,0.0,0.0,1.0,known_synthetic_noise,0.5,0.4444444444444445,0.0,0.0,0.0,0.1,0.9,full_partition,target-discovery-v1,0.0,0.05,0.0,0.0,1.0,0.0,0.0,pairwise_f1,hungarian,0.0,0.0,0.0,0.0,0.888888888888889,0.888888888888889,1.0,0.8,1.0,0.0,0.0,0.0,1.0,0.0,macro,0.0,0.0,0.0,0.0,0.0,0.0,0.0,8.0,0.0,0.0,8.0,0.0,0.0,0.0,0.0,0.0,0.0,"{""dimension"": 16, ""family"": ""overlapping_density"", ""n"": 20000}","{""eps"": 13, ""geometry_profile"": ""high_dim"", ""k"": 20, ""knn_backend"": ""faiss_hnsw"", ""min_samples"": 5}",development,native_target_discovery_v1
ok,synthetic,overlapping_density_16d__quality__n20000,SNN-DBSCAN,101,0.2.4,20000.0,16.0,0.008838800000376,0.8996222999994643,4.343442899998991,266.1953125,42.00390625,256.29296875,,0.0,0.0,2.0,2.0,0.998875,known_synthetic_noise,0.4994375,0.4441665277082986,0.25,0.0,0.0,0.1,0.9,full_partition,target-discovery-v1,0.0,0.05,0.0,0.0,1.0,0.0,0.0,pairwise_f1,hungarian,0.0,0.0,2.0,0.0,0.8883330554165972,0.8883330554165972,0.9991,0.7998198378540686,0.998875,0.0,0.0,0.0,0.9991,2.0,macro,0.0,0.0,0.0,0.0,0.0,0.0,2.0,8.0,0.0,0.0,8.0,2.0,0.0,0.0,0.0,0.0,0.0,"{""dimension"": 16, ""family"": ""overlapping_density"", ""n"": 20000}","{""eps"": 13, ""geometry_profile"": ""high_dim"", ""k"": 20, ""knn_backend"": ""faiss_hnsw"", ""min_samples"": 5}",development,native_target_discovery_v1
ok,synthetic,overlapping_density_16d__quality__n20000,SNN-DBSCAN,151,0.2.4,20000.0,16.0,0.0081416000011813,0.9078704999992624,4.36984670000129,264.8984375,40.25390625,258.27734375,,0.0,0.0,1.0,1.0,0.9995625,known_synthetic_noise,0.49978125,0.4443363987442002,0.125,0.0,0.0,0.1,0.9,full_partition,target-discovery-v1,0.0,0.05,0.0,0.0,1.0,0.0,0.0,pairwise_f1,hungarian,0.0,0.0,1.0,0.0,0.8886727974884004,0.8886727974884004,0.99965,0.799929975491422,0.9995625,0.0,0.0,0.0,0.99965,1.0,macro,0.0,0.0,0.0,0.0,0.0,0.0,1.0,8.0,0.0,0.0,8.0,1.0,0.0,0.0,0.0,0.0,0.0,"{""dimension"": 16, ""family"": ""overlapping_density"", ""n"": 20000}","{""eps"": 13, ""geometry_profile"": ""high_dim"", ""k"": 20, ""knn_backend"": ""faiss_hnsw"", ""min_samples"": 5}",development,native_target_discovery_v1
ok,synthetic,overlapping_density_16d__quality__n20000,SNN-DBSCAN,211,0.2.4,20000.0,16.0,0.0077206999994814,1.0320953999998892,4.696749400000044,265.7109375,41.234375,260.71875,,0.0,0.0,1.0,1.0,0.999625,known_synthetic_noise,0.4998125,0.4443518364171807,0.125,0.0,0.0,0.1,0.9,full_partition,target-discovery-v1,0.0,0.05,0.0,0.0,1.0,0.0,0.0,pairwise_f1,hungarian,0.0,0.0,1.0,0.0,0.8887036728343614,0.8887036728343614,0.9997,0.7999399819945984,0.999625,0.0,0.0,0.0,0.9997,1.0,macro,0.0,0.0,0.0,0.0,0.0,0.0,1.0,8.0,0.0,0.0,8.0,1.0,0.0,0.0,0.0,0.0,0.0,"{""dimension"": 16, ""family"": ""overlapping_density"", ""n"": 20000}","{""eps"": 13, ""geometry_profile"": ""high_dim"", ""k"": 20, ""knn_backend"": ""faiss_hnsw"", ""min_samples"": 5}",fresh,native_target_discovery_v1
ok,synthetic,overlapping_density_16d__quality__n20000,SNN-DBSCAN,223,0.2.4,20000.0,16.0,0.0074158000006718,0.8525062000007892,4.30849230000058,263.55859375,39.7734375,256.609375,,0.0,0.0,1.0,1.0,0.999625,known_synthetic_noise,0.4998125,0.4443518364171807,0.125,0.0,0.0,0.1,0.9,full_partition,target-discovery-v1,0.0,0.05,0.0,0.0,1.0,0.0,0.0,pairwise_f1,hungarian,0.0,0.0,1.0,0.0,0.8887036728343614,0.8887036728343614,0.9997,0.7999399819945984,0.999625,0.0,0.0,0.0,0.9997,1.0,macro,0.0,0.0,0.0,0.0,0.0,0.0,1.0,8.0,0.0,0.0,8.0,1.0,0.0,0.0,0.0,0.0,0.0,"{""dimension"": 16, ""family"": ""overlapping_density"", ""n"": 20000}","{""eps"": 13, ""geometry_profile"": ""high_dim"", ""k"": 20, ""knn_backend"": ""faiss_hnsw"", ""min_samples"": 5}",fresh,native_target_discovery_v1
ok,synthetic,overlapping_density_16d__quality__n20000,SNN-DBSCAN,227,0.2.4,20000.0,16.0,0.0086121999993338,0.8944855999998254,4.3638214000002336,262.8125,38.33984375,251.36328125,,0.0,0.0,0.0,0.0,1.0,known_synthetic_noise,0.5,0.4444444444444445,0.0,0.0,0.0,0.1,0.9,full_partition,target-discovery-v1,0.0,0.05,0.0,0.0,1.0,0.0,0.0,pairwise_f1,hungarian,0.0,0.0,0.0,0.0,0.888888888888889,0.888888888888889,1.0,0.8,1.0,0.0,0.0,0.0,1.0,0.0,macro,0.0,0.0,0.0,0.0,0.0,0.0,0.0,8.0,0.0,0.0,8.0,0.0,0.0,0.0,0.0,0.0,0.0,"{""dimension"": 16, ""family"": ""overlapping_density"", ""n"": 20000}","{""eps"": 13, ""geometry_profile"": ""high_dim"", ""k"": 20, ""knn_backend"": ""faiss_hnsw"", ""min_samples"": 5}",fresh,native_target_discovery_v1
ok,synthetic,overlapping_density_16d__quality__n20000,StrataSCAN,23,0.2.4,20000.0,16.0,0.0076465000001917,28.170978399999512,31.05273789999956,295.765625,110.59375,298.3046875,,0.3801458996235268,0.1041509077194512,0.0,0.0,0.99725,known_synthetic_noise,0.59925,0.6199409530924589,0.5,4.0,4.0,0.1,0.9,full_partition,target-discovery-v1,0.0,0.05,0.2772180535587332,0.3427842424332174,0.7227819464412668,0.47301248999827,4.0,pairwise_f1,hungarian,0.5,0.0,4.0,0.4976628721915366,0.9078546840772668,0.9078546840772668,0.95755,0.8331679807842932,0.99725,0.1411209561131042,0.9022651414498202,0.0765467148575534,0.95755,4.0,macro,1.0,0.0,0.20125,0.332027222107651,0.9481743227326266,0.20125,0.0,8.0,0.5,0.125,8.0,0.0,0.0,0.20125,0.379,0.2519773408524335,0.3575957500700538,"{""dimension"": 16, ""family"": ""overlapping_density"", ""n"": 20000}","{""ambiguous_model_confirmation_tolerance"": 1e-05, ""assignment"": ""maximum_posterior_basis_then_semantic_role"", ""background_model"": ""adaptive_gamma_basis_mixture_with_largest_rate_gap"", ""background_scan"": ""adaptive_dyadic_rank_windows_with_poisson_beta_boundary_code"", ""border_rule"": ""strict_local_core_radius"", ""component_initialization"": ""compiled_split_warm_single_start_with_guarded_confirmation"", ""component_selection"": ""semantic_icl_with_adaptive_bound"", ""connectivity"": ""density_ordered_non_merging_knn_watershed"", ""core_thresholds"": ""observed_d4_event_sweep"", ""duplicate_profile_confirmation_minimum"": 3, ""duplicate_profile_confirmation_tolerance"": 1e-08, ""extraction_objective"": ""gamma_topology_description_length"", ""fit_samples"": ""all_rows"", ""gamma_tolerance"": 0.0001, ""geometry_profile"": ""high_dim"", ""hard_component_bound"": 24, ""initial_component_bound"": 8, ""k"": 32, ""knn_backend"": ""faiss_hnsw"", ""shell_ranks"": [4, 8, 16, 32], ""stratification_model"": ""adaptive_gamma_density_basis_with_semantic_background"", ""version"": ""0.2.3""}",development,native_target_discovery_v1
ok,synthetic,overlapping_density_16d__quality__n20000,StrataSCAN,42,0.2.4,20000.0,16.0,0.0071164000000862,3.227467400000023,6.05855100000008,288.0234375,103.01171875,283.0703125,,0.2009898637051244,0.0394179136720083,0.0,0.0,0.998875,known_synthetic_noise,0.5454375,0.5326594359222439,0.375,3.0,3.0,0.1,0.9,full_partition,target-discovery-v1,0.0,0.05,0.1379263412482324,0.192582082046124,0.8620736587517676,0.3575146627565982,3.0,pairwise_f1,hungarian,0.375,0.0,3.0,0.3171189345197035,0.897512214297748,0.897512214297748,0.9807,0.8148261445905985,0.998875,0.044481819325728,0.9090546903295909,0.0227987021480684,0.9807,3.0,macro,0.0,0.0,0.092,0.1678066575467396,0.9533678756476685,0.092,0.0,8.0,0.375,0.0,8.0,0.0,0.0,0.092,0.25675,0.1292592319850564,0.2449822580645161,"{""dimension"": 16, ""family"": ""overlapping_density"", ""n"": 20000}","{""ambiguous_model_confirmation_tolerance"": 1e-05, ""assignment"": ""maximum_posterior_basis_then_semantic_role"", ""background_model"": ""adaptive_gamma_basis_mixture_with_largest_rate_gap"", ""background_scan"": ""adaptive_dyadic_rank_windows_with_poisson_beta_boundary_code"", ""border_rule"": ""strict_local_core_radius"", ""component_initialization"": ""compiled_split_warm_single_start_with_guarded_confirmation"", ""component_selection"": ""semantic_icl_with_adaptive_bound"", ""connectivity"": ""density_ordered_non_merging_knn_watershed"", ""core_thresholds"": ""observed_d4_event_sweep"", ""duplicate_profile_confirmation_minimum"": 3, ""duplicate_profile_confirmation_tolerance"": 1e-08, ""extraction_objective"": ""gamma_topology_description_length"", ""fit_samples"": ""all_rows"", ""gamma_tolerance"": 0.0001, ""geometry_profile"": ""high_dim"", ""hard_component_bound"": 24, ""initial_component_bound"": 8, ""k"": 32, ""knn_backend"": ""faiss_hnsw"", ""shell_ranks"": [4, 8, 16, 32], ""stratification_model"": ""adaptive_gamma_density_basis_with_semantic_background"", ""version"": ""0.2.3""}",development,native_target_discovery_v1
ok,synthetic,overlapping_density_16d__quality__n20000,StrataSCAN,73,0.2.4,20000.0,16.0,0.0080281999998987,3.0828507999995054,5.915767000000415,283.98828125,98.64453125,283.98828125,,0.1454281113180995,0.0248260492229271,0.0,0.0,0.9994375,known_synthetic_noise,0.53296875,0.5098359381074566,0.625,5.0,2.0,0.1,0.9,full_partition,target-discovery-v1,0.0,0.05,0.0933416593012785,0.1397848224082293,0.8994396868981057,0.3606346899224806,3.0,pairwise_f1,hungarian,0.375,0.0,5.0,0.2418120308426889,0.8952274317704689,0.8952274317704689,0.98625,0.8106970849176173,0.9994375,0.0230336341040488,0.934670781893004,0.0116604952249634,0.98625,5.0,macro,0.0,0.0,0.0665,0.1244444444444444,0.9672727272727272,0.0665,0.0,8.0,0.25,0.0,8.0,2.0,0.0,0.061,0.1605,0.0919234691754461,0.2532827519379845,"{""dimension"": 16, ""family"": ""overlapping_density"", ""n"": 20000}","{""ambiguous_model_confirmation_tolerance"": 1e-05, ""assignment"": ""maximum_posterior_basis_then_semantic_role"", ""background_model"": ""adaptive_gamma_basis_mixture_with_largest_rate_gap"", ""background_scan"": ""adaptive_dyadic_rank_windows_with_poisson_beta_boundary_code"", ""border_rule"": ""strict_local_core_radius"", ""component_initialization"": ""compiled_split_warm_single_start_with_guarded_confirmation"", ""component_selection"": ""semantic_icl_with_adaptive_bound"", ""connectivity"": ""density_ordered_non_merging_knn_watershed"", ""core_thresholds"": ""observed_d4_event_sweep"", ""duplicate_profile_confirmation_minimum"": 3, ""duplicate_profile_confirmation_tolerance"": 1e-08, ""extraction_objective"": ""gamma_topology_description_length"", ""fit_samples"": ""all_rows"", ""gamma_tolerance"": 0.0001, ""geometry_profile"": ""high_dim"", ""hard_component_bound"": 24, ""initial_component_bound"": 8, ""k"": 32, ""knn_backend"": ""faiss_hnsw"", ""shell_ranks"": [4, 8, 16, 32], ""stratification_model"": ""adaptive_gamma_density_basis_with_semantic_background"", ""version"": ""0.2.3""}",development,native_target_discovery_v1
ok,synthetic,overlapping_density_16d__quality__n20000,StrataSCAN,101,0.2.4,20000.0,16.0,0.0075255000010656,37.53919549999955,40.40186819999872,319.78515625,134.96484375,319.78515625,,0.277317117506124,0.0569300096016385,0.0,0.0,0.9983125,known_synthetic_noise,0.57053125,0.5753736263625548,0.625,5.0,4.0,0.1,0.9,full_partition,target-discovery-v1,0.0,0.05,0.204902036914376,0.2804548501279558,0.7950979630856239,0.5885233696052438,5.0,pairwise_f1,hungarian,0.5,0.0,5.0,0.4279155978815055,0.9023783967007514,0.9023783967007514,0.9701,0.8232656427172457,0.9983125,0.0714009578263379,0.9111962153638208,0.0371562532151623,0.9701,5.0,macro,0.0,0.0,0.14275,0.2483688560243584,0.9548494983277592,0.14275,0.0,8.0,0.5,0.0,8.0,0.0,0.0,0.14275,0.382,0.2007397930154112,0.4798937750865371,"{""dimension"": 16, ""family"": ""overlapping_density"", ""n"": 20000}","{""ambiguous_model_confirmation_tolerance"": 1e-05, ""assignment"": ""maximum_posterior_basis_then_semantic_role"", ""background_model"": ""adaptive_gamma_basis_mixture_with_largest_rate_gap"", ""background_scan"": ""adaptive_dyadic_rank_windows_with_poisson_beta_boundary_code"", ""border_rule"": ""strict_local_core_radius"", ""component_initialization"": ""compiled_split_warm_single_start_with_guarded_confirmation"", ""component_selection"": ""semantic_icl_with_adaptive_bound"", ""connectivity"": ""density_ordered_non_merging_knn_watershed"", ""core_thresholds"": ""observed_d4_event_sweep"", ""duplicate_profile_confirmation_minimum"": 3, ""duplicate_profile_confirmation_tolerance"": 1e-08, ""extraction_objective"": ""gamma_topology_description_length"", ""fit_samples"": ""all_rows"", ""gamma_tolerance"": 0.0001, ""geometry_profile"": ""high_dim"", ""hard_component_bound"": 24, ""initial_component_bound"": 8, ""k"": 32, ""knn_backend"": ""faiss_hnsw"", ""shell_ranks"": [4, 8, 16, 32], ""stratification_model"": ""adaptive_gamma_density_basis_with_semantic_background"", ""version"": ""0.2.3""}",development,native_target_discovery_v1
ok,synthetic,overlapping_density_16d__quality__n20000,StrataSCAN,151,0.2.4,20000.0,16.0,0.0085152000010566,3.3965590999996493,6.605822800000169,282.3828125,97.8359375,282.3828125,,0.1722832965790757,0.0321359803856786,0.0,0.0,0.9995625,known_synthetic_noise,0.53890625,0.5206880086364392,0.375,3.0,3.0,0.1,0.9,full_partition,target-discovery-v1,0.0,0.05,0.1171949220340436,0.1697588219575927,0.8826063498260518,0.365836620644313,3.0,pairwise_f1,hungarian,0.375,0.0,3.0,0.2854615264822363,0.8964686098654708,0.8964686098654708,0.984,0.8126524390243902,0.9995625,0.0339538196046633,0.9532724277370076,0.0172847351212782,0.984,3.0,macro,0.0,0.0,0.07825,0.1449074074074074,0.978125,0.07825,0.0,8.0,0.375,0.0,8.0,0.0,0.0,0.078,0.25775,0.1139324985331226,0.2513237179487179,"{""dimension"": 16, ""family"": ""overlapping_density"", ""n"": 20000}","{""ambiguous_model_confirmation_tolerance"": 1e-05, ""assignment"": ""maximum_posterior_basis_then_semantic_role"", ""background_model"": ""adaptive_gamma_basis_mixture_with_largest_rate_gap"", ""background_scan"": ""adaptive_dyadic_rank_windows_with_poisson_beta_boundary_code"", ""border_rule"": ""strict_local_core_radius"", ""component_initialization"": ""compiled_split_warm_single_start_with_guarded_confirmation"", ""component_selection"": ""semantic_icl_with_adaptive_bound"", ""connectivity"": ""density_ordered_non_merging_knn_watershed"", ""core_thresholds"": ""observed_d4_event_sweep"", ""duplicate_profile_confirmation_minimum"": 3, ""duplicate_profile_confirmation_tolerance"": 1e-08, ""extraction_objective"": ""gamma_topology_description_length"", ""fit_samples"": ""all_rows"", ""gamma_tolerance"": 0.0001, ""geometry_profile"": ""high_dim"", ""hard_component_bound"": 24, ""initial_component_bound"": 8, ""k"": 32, ""knn_backend"": ""faiss_hnsw"", ""shell_ranks"": [4, 8, 16, 32], ""stratification_model"": ""adaptive_gamma_density_basis_with_semantic_background"", ""version"": ""0.2.3""}",development,native_target_discovery_v1
ok,synthetic,overlapping_density_16d__quality__n20000,StrataSCAN,211,0.2.4,20000.0,16.0,0.0089195000000472,3.2871689000003244,7.264989400000559,258.7578125,73.8359375,258.7578125,,0.616036213345084,0.4432333227522058,59.0,41.0,0.2358125,known_synthetic_noise,0.5330312500000001,0.3543702381428338,7.875,22.0,1.0,0.1,0.9,full_partition,target-discovery-v1,3.0,0.05,0.6407963279174733,0.3724377160545089,0.1653981603859722,0.3184121646005768,8.0,pairwise_f1,hungarian,1.375,2.0,63.0,0.3706914437619895,0.3689614707608057,0.3689614707608057,0.2226,0.8474842767295597,0.2358125,0.0510881136568564,0.0267958798439035,0.5467829469811312,0.2226,63.0,macro,1.0,1.0,0.83025,0.3397790055248619,0.2135966040648315,0.83025,59.0,8.0,0.125,0.125,8.0,55.0,0.0,0.57025,0.0775,0.313001524532083,0.2661504894960217,"{""dimension"": 16, ""family"": ""overlapping_density"", ""n"": 20000}","{""ambiguous_model_confirmation_tolerance"": 1e-05, ""assignment"": ""maximum_posterior_basis_then_semantic_role"", ""background_model"": ""adaptive_gamma_basis_mixture_with_largest_rate_gap"", ""background_scan"": ""adaptive_dyadic_rank_windows_with_poisson_beta_boundary_code"", ""border_rule"": ""strict_local_core_radius"", ""component_initialization"": ""compiled_split_warm_single_start_with_guarded_confirmation"", ""component_selection"": ""semantic_icl_with_adaptive_bound"", ""connectivity"": ""density_ordered_non_merging_knn_watershed"", ""core_thresholds"": ""observed_d4_event_sweep"", ""duplicate_profile_confirmation_minimum"": 3, ""duplicate_profile_confirmation_tolerance"": 1e-08, ""extraction_objective"": ""gamma_topology_description_length"", ""fit_samples"": ""all_rows"", ""gamma_tolerance"": 0.0001, ""geometry_profile"": ""high_dim"", ""hard_component_bound"": 24, ""initial_component_bound"": 8, ""k"": 32, ""knn_backend"": ""faiss_hnsw"", ""shell_ranks"": [4, 8, 16, 32], ""stratification_model"": ""adaptive_gamma_density_basis_with_semantic_background"", ""version"": ""0.2.3""}",fresh,native_target_discovery_v1
ok,synthetic,overlapping_density_16d__quality__n20000,StrataSCAN,223,0.2.4,20000.0,16.0,0.0083752999998978,3.2006000999990647,6.097110799999427,282.984375,98.03125,282.984375,,0.2076258994322588,0.0434977901386806,0.0,0.0,0.9995625,known_synthetic_noise,0.54578125,0.5330406015037594,0.5,4.0,3.0,0.1,0.9,full_partition,target-discovery-v1,0.0,0.05,0.1370835461883421,0.1867231682300175,0.857741294575989,0.3686970511567286,3.0,pairwise_f1,hungarian,0.375,0.0,4.0,0.3091529204350849,0.8978526315789475,0.8978526315789475,0.98125,0.8149299363057325,0.9995625,0.0473450527937072,0.9643405867009684,0.0242682609919333,0.98125,4.0,macro,0.0,0.0,0.092,0.1682285714285714,0.9813333333333332,0.092,0.0,8.0,0.375,0.0,8.0,1.0,0.0,0.08875,0.25075,0.1213742645605659,0.2467715461062235,"{""dimension"": 16, ""family"": ""overlapping_density"", ""n"": 20000}","{""ambiguous_model_confirmation_tolerance"": 1e-05, ""assignment"": ""maximum_posterior_basis_then_semantic_role"", ""background_model"": ""adaptive_gamma_basis_mixture_with_largest_rate_gap"", ""background_scan"": ""adaptive_dyadic_rank_windows_with_poisson_beta_boundary_code"", ""border_rule"": ""strict_local_core_radius"", ""component_initialization"": ""compiled_split_warm_single_start_with_guarded_confirmation"", ""component_selection"": ""semantic_icl_with_adaptive_bound"", ""connectivity"": ""density_ordered_non_merging_knn_watershed"", ""core_thresholds"": ""observed_d4_event_sweep"", ""duplicate_profile_confirmation_minimum"": 3, ""duplicate_profile_confirmation_tolerance"": 1e-08, ""extraction_objective"": ""gamma_topology_description_length"", ""fit_samples"": ""all_rows"", ""gamma_tolerance"": 0.0001, ""geometry_profile"": ""high_dim"", ""hard_component_bound"": 24, ""initial_component_bound"": 8, ""k"": 32, ""knn_backend"": ""faiss_hnsw"", ""shell_ranks"": [4, 8, 16, 32], ""stratification_model"": ""adaptive_gamma_density_basis_with_semantic_background"", ""version"": ""0.2.3""}",fresh,native_target_discovery_v1
ok,synthetic,overlapping_density_16d__quality__n20000,StrataSCAN,227,0.2.4,20000.0,16.0,0.0079980999998952,3.3780369000014616,6.261369500000001,287.01953125,102.484375,284.42578125,,0.1729315123364413,0.0315653030979132,0.0,0.0,0.9995,known_synthetic_noise,0.5387500000000001,0.520428500249128,0.375,3.0,3.0,0.1,0.9,full_partition,target-discovery-v1,0.0,0.05,0.1169815876496295,0.1682987970348738,0.8830184123503705,0.3658854166666667,3.0,pairwise_f1,hungarian,0.375,0.0,3.0,0.2833916523819514,0.8964125560538116,0.8964125560538116,0.984,0.8126016260162602,0.9995,0.0342122018571776,0.9503676470588236,0.0174196450686987,0.984,3.0,macro,0.0,0.0,0.078,0.1444444444444444,0.975,0.078,0.0,8.0,0.375,0.0,8.0,0.0,0.0,0.078,0.266,0.1136387300102053,0.2596365327380952,"{""dimension"": 16, ""family"": ""overlapping_density"", ""n"": 20000}","{""ambiguous_model_confirmation_tolerance"": 1e-05, ""assignment"": ""maximum_posterior_basis_then_semantic_role"", ""background_model"": ""adaptive_gamma_basis_mixture_with_largest_rate_gap"", ""background_scan"": ""adaptive_dyadic_rank_windows_with_poisson_beta_boundary_code"", ""border_rule"": ""strict_local_core_radius"", ""component_initialization"": ""compiled_split_warm_single_start_with_guarded_confirmation"", ""component_selection"": ""semantic_icl_with_adaptive_bound"", ""connectivity"": ""density_ordered_non_merging_knn_watershed"", ""core_thresholds"": ""observed_d4_event_sweep"", ""duplicate_profile_confirmation_minimum"": 3, ""duplicate_profile_confirmation_tolerance"": 1e-08, ""extraction_objective"": ""gamma_topology_description_length"", ""fit_samples"": ""all_rows"", ""gamma_tolerance"": 0.0001, ""geometry_profile"": ""high_dim"", ""hard_component_bound"": 24, ""initial_component_bound"": 8, ""k"": 32, ""knn_backend"": ""faiss_hnsw"", ""shell_ranks"": [4, 8, 16, 32], ""stratification_model"": ""adaptive_gamma_density_basis_with_semantic_background"", ""version"": ""0.2.3""}",fresh,native_target_discovery_v1
ok,synthetic,overlapping_density_16d__quality__n20000,VDBSCAN-2007,23,0.2.4,20000.0,16.0,0.0074989999993704,1.977687700000388,4.7677535000002536,216.4140625,31.85546875,218.640625,,0.0039924362158498,-0.0012110778452725,1.0,0.0,0.0195625,known_synthetic_noise,0.50715625,0.1872939798258302,0.125,1.0,0.0,0.1,0.9,full_partition,target-discovery-v1,0.0,0.05,0.1224905897114178,0.0095416116893906,0.0035365814273619,0.0049641513271636,1.0,pairwise_f1,hungarian,1.0,1.0,1.0,0.0152792182711581,0.0383249663279049,0.0383249663279049,0.0167,0.937125748502994,0.0195625,0.0110620354063484,0.0055622307226849,0.9856398733156404,0.0167,1.0,macro,0.0,0.0,0.99475,0.3362629933237555,0.2023288925048306,0.99475,1.0,8.0,0.0,0.0,8.0,0.0,0.0,0.19525,0.0,0.0152093290328886,0.0079128572154988,"{""dimension"": 16, ""family"": ""overlapping_density"", ""n"": 20000}","{""eps_values"": [4.889266490936279, 5.381491661071777], ""geometry_profile"": ""high_dim"", ""knee_prominence"": 0.08, ""knn_backend"": ""faiss_hnsw"", ""max_eps_values"": 7, ""min_samples"": 5}",development,native_target_discovery_v1
ok,synthetic,overlapping_density_16d__quality__n20000,VDBSCAN-2007,42,0.2.4,20000.0,16.0,0.0077538000005006,3.0348058999989007,5.849730399999316,209.8125,25.18359375,212.66796875,,0.2824747916725332,0.0648477969472545,1.0,0.0,0.0206875,known_synthetic_noise,0.5085937500000001,0.1887564425886314,2.625,21.0,3.0,0.1,0.9,full_partition,target-discovery-v1,4.0,0.05,0.3247613313754053,0.2777253537628404,0.0024901561560009,0.8442690537067609,8.0,pairwise_f1,hungarian,1.5,1.0,21.0,0.0706938305779511,0.0405016824717038,0.0405016824717038,0.01725,0.9594202898550724,0.0206875,0.0104855269715564,0.0052747732404707,0.8639362846263408,0.01725,21.0,macro,0.0,0.0,0.9965,0.337011202705559,0.2027982701602645,0.9965,1.0,8.0,0.375,0.0,8.0,13.0,0.0,0.33675,0.25675,0.2047699277724003,0.7792797189336983,"{""dimension"": 16, ""family"": ""overlapping_density"", ""n"": 20000}","{""eps_values"": [2.945319414138794, 4.876797199249268, 5.39170503616333], ""geometry_profile"": ""high_dim"", ""knee_prominence"": 0.08, ""knn_backend"": ""faiss_hnsw"", ""max_eps_values"": 7, ""min_samples"": 5}",development,native_target_discovery_v1
ok,synthetic,overlapping_density_16d__quality__n20000,VDBSCAN-2007,73,0.2.4,20000.0,16.0,0.0075725999995484,1.9262632000009037,4.769911800000045,215.5625,31.0625,215.74609375,,0.0008601259627066,-0.0004600609592969,1.0,0.0,0.021,known_synthetic_noise,0.5095,0.1893101165655352,0.125,1.0,0.0,0.1,0.9,full_partition,target-discovery-v1,0.0,0.05,0.1240601503759398,0.009680258140217,0.0013636763120951,0.00503663003663,1.0,pairwise_f1,hungarian,1.0,1.0,1.0,0.0156709773160907,0.0411160058737151,0.0411160058737151,0.0172,0.9767441860465116,0.021,0.0111687670815106,0.0056159171015441,0.994541505733986,0.0172,1.0,macro,0.0,0.0,0.998,0.3375042272573554,0.203093203093203,0.998,1.0,8.0,0.0,0.0,8.0,0.0,0.0,0.198,0.0,0.0154496919917864,0.0080384615384615,"{""dimension"": 16, ""family"": ""overlapping_density"", ""n"": 20000}","{""eps_values"": [4.869460105895996, 5.375848293304443], ""geometry_profile"": ""high_dim"", ""knee_prominence"": 0.08, ""knn_backend"": ""faiss_hnsw"", ""max_eps_values"": 7, ""min_samples"": 5}",development,native_target_discovery_v1
ok,synthetic,overlapping_density_16d__quality__n20000,VDBSCAN-2007,101,0.2.4,20000.0,16.0,0.0074950999987777,2.9342778000009275,5.70416060000025,210.80078125,26.11328125,211.84765625,,0.3223183641574191,0.0743824601158789,2.0,0.0,0.0233125,known_synthetic_noise,0.50928125,0.1913842806509907,2.5,20.0,4.0,0.1,0.9,full_partition,target-discovery-v1,4.0,0.05,0.3647578807192838,0.3302760839761152,0.0036983618345146,0.7176965199162921,8.0,pairwise_f1,hungarian,1.5,1.0,20.0,0.0799969271847108,0.0455100048804294,0.0455100048804294,0.0196,0.951530612244898,0.0233125,0.010089573650467,0.0050758431282927,0.8245201140555874,0.0196,20.0,macro,0.0,0.0,0.99525,0.337258556421552,0.2030293757649938,0.99525,2.0,8.0,0.5,0.0,8.0,12.0,0.0,0.359,0.382,0.2511796932328943,0.6292269212041219,"{""dimension"": 16, ""family"": ""overlapping_density"", ""n"": 20000}","{""eps_values"": [3.0226430892944336, 4.855740547180176], ""geometry_profile"": ""high_dim"", ""knee_prominence"": 0.08, ""knn_backend"": ""faiss_hnsw"", ""max_eps_values"": 7, ""min_samples"": 5}",development,native_target_discovery_v1
ok,synthetic,overlapping_density_16d__quality__n20000,VDBSCAN-2007,151,0.2.4,20000.0,16.0,0.007673899999645,2.943534100000761,5.701415300000008,210.04296875,25.20703125,208.69921875,,0.3078212978341719,0.0752061455399389,4.0,0.0,0.02225,known_synthetic_noise,0.509125,0.1903579511254148,2.125,17.0,4.0,0.1,0.9,full_partition,target-discovery-v1,4.0,0.05,0.3443717010369815,0.3003477243197825,0.0029173728967875,0.6897459943708969,7.0,pairwise_f1,hungarian,1.5,1.0,17.0,0.0759767103604676,0.0434888834595651,0.0434888834595651,0.0186,0.956989247311828,0.02225,0.0106452827005516,0.0053554921616846,0.8677217641925824,0.0186,17.0,macro,0.0,0.0,0.996,0.3372270187912645,0.2029753413490931,0.996,4.0,8.0,0.5,0.0,8.0,10.0,0.0,0.36025,0.3725,0.2233031397674874,0.580182431761371,"{""dimension"": 16, ""family"": ""overlapping_density"", ""n"": 20000}","{""eps_values"": [2.9688079357147217, 4.882087230682373, 5.383209705352783], ""geometry_profile"": ""high_dim"", ""knee_prominence"": 0.08, ""knn_backend"": ""faiss_hnsw"", ""max_eps_values"": 7, ""min_samples"": 5}",development,native_target_discovery_v1
ok,synthetic,overlapping_density_16d__quality__n20000,VDBSCAN-2007,211,0.2.4,20000.0,16.0,0.0072896000001492,1.9111033999997744,4.702270199999475,216.265625,31.10546875,216.33203125,,0.0036184294275293,-0.0011936446108902,1.0,0.0,0.0220625,known_synthetic_noise,0.50803125,0.189865164091167,0.125,1.0,0.0,0.1,0.9,full_partition,target-discovery-v1,0.0,0.05,0.1224424552429667,0.0093849546679735,0.004217081406265,0.0048794781633797,1.0,pairwise_f1,hungarian,1.0,1.0,1.0,0.0154142096406732,0.0431092385662819,0.0431092385662819,0.01885,0.9363395225464192,0.0220625,0.0110807565688314,0.0055717432921548,0.9842039829524862,0.01885,1.0,macro,0.0,0.0,0.994,0.3366210896160522,0.2026193752229526,0.994,1.0,8.0,0.0,0.0,8.0,0.0,0.0,0.1915,0.0,0.0146780691007106,0.0076315038475258,"{""dimension"": 16, ""family"": ""overlapping_density"", ""n"": 20000}","{""eps_values"": [4.868276596069336, 5.400632381439209], ""geometry_profile"": ""high_dim"", ""knee_prominence"": 0.08, ""knn_backend"": ""faiss_hnsw"", ""max_eps_values"": 7, ""min_samples"": 5}",fresh,native_target_discovery_v1
ok,synthetic,overlapping_density_16d__quality__n20000,VDBSCAN-2007,223,0.2.4,20000.0,16.0,0.0080096999990928,3.1274868000000424,5.93154400000094,212.1640625,27.28515625,213.484375,,0.3044547945651926,0.0726422616129254,3.0,2.0,0.0219375,known_synthetic_noise,0.50871875,0.1899504404730438,2.875,21.0,4.0,0.1,0.9,full_partition,target-discovery-v1,4.0,0.05,0.3428539515457634,0.3057032979346954,0.0030108928835541,0.8457099726968655,8.0,pairwise_f1,hungarian,1.5,1.0,23.0,0.0752196146911935,0.0428859429409249,0.0428859429409249,0.01845,0.951219512195122,0.0219375,0.0105315069150135,0.0052985231389106,0.8514186083943059,0.01845,23.0,macro,1.0,0.0,0.9955,0.3370149380051627,0.2028424430747287,0.9955,3.0,8.0,0.5,0.125,8.0,15.0,0.0,0.35475,0.36425,0.2282457604391131,0.7759028362758026,"{""dimension"": 16, ""family"": ""overlapping_density"", ""n"": 20000}","{""eps_values"": [2.9732158184051514, 4.878643035888672, 5.392850875854492], ""geometry_profile"": ""high_dim"", ""knee_prominence"": 0.08, ""knn_backend"": ""faiss_hnsw"", ""max_eps_values"": 7, ""min_samples"": 5}",fresh,native_target_discovery_v1
ok,synthetic,overlapping_density_16d__quality__n20000,VDBSCAN-2007,227,0.2.4,20000.0,16.0,0.0091695999999501,1.976324499999464,4.730319399999644,216.26953125,31.67578125,210.94921875,,0.0015580533932239,-0.0006466039994528,1.0,0.0,0.021375,known_synthetic_noise,0.5090625,0.1895301947647482,0.125,1.0,0.0,0.1,0.9,full_partition,target-discovery-v1,0.0,0.05,0.12406600249066,0.0097442292644757,0.0022765901019325,0.0050712649529142,1.0,pairwise_f1,hungarian,1.0,1.0,1.0,0.0158058208283675,0.0418220727606236,0.0418220727606236,0.01775,0.9633802816901408,0.021375,0.0112213924772208,0.0056426276238293,0.9914718502761064,0.01775,1.0,macro,0.0,0.0,0.99675,0.3372383167688729,0.2029524051921608,0.99675,1.0,8.0,0.0,0.0,8.0,0.0,0.0,0.19925,0.0,0.015649232198748,0.0081444515143802,"{""dimension"": 16, ""family"": ""overlapping_density"", ""n"": 20000}","{""eps_values"": [4.88403844833374, 5.386901378631592], ""geometry_profile"": ""high_dim"", ""knee_prominence"": 0.08, ""knn_backend"": ""faiss_hnsw"", ""max_eps_values"": 7, ""min_samples"": 5}",fresh,native_target_discovery_v1
ok,synthetic,overlapping_density_16d__quality__n20000,kNN+Leiden,23,0.2.4,20000.0,16.0,0.0081993999992846,6.006068100001357,9.537619900000209,307.68359375,94.42578125,318.921875,,0.8649899787963954,0.817031438496207,11.0,0.0,0.0,known_synthetic_noise,0.5,0.1666666666666666,1.375,11.0,0.0,0.1,0.9,full_partition,target-discovery-v1,2.0,0.05,0.9476797675911204,0.4014537425059141,0.0,0.2583036509085988,8.0,pairwise_f1,hungarian,1.25,2.0,11.0,0.0,0.0,0.0,0.0,0.0,0.0,0.0800893942757634,0.0420948908308129,0.8222038533159338,0.0,11.0,macro,0.0,0.0,1.0,0.3333333333333333,0.2,1.0,11.0,8.0,0.0,0.0,8.0,3.0,0.0,0.9235,0.0,0.3862126367196872,0.2473976861752791,"{""dimension"": 16, ""family"": ""overlapping_density"", ""n"": 20000}","{""edge_rank"": 15, ""geometry_profile"": ""high_dim"", ""k"": 20, ""knn_backend"": ""faiss_hnsw"", ""resolution"": 0.5, ""symmetrization"": ""union"", ""weights"": ""1/(1+d)""}",development,native_target_discovery_v1
ok,synthetic,overlapping_density_16d__quality__n20000,kNN+Leiden,42,0.2.4,20000.0,16.0,0.0072522999998909,3.5657324000003427,6.965918099998817,306.9375,92.9609375,318.82421875,,0.8630761314000007,0.8152470683313717,12.0,0.0,0.0,known_synthetic_noise,0.5,0.1666666666666666,1.5,12.0,0.0,0.1,0.9,full_partition,target-discovery-v1,2.0,0.05,0.9453777712717126,0.4462534816704526,0.0,0.2954942224798301,8.0,pairwise_f1,hungarian,1.25,2.0,12.0,0.0,0.0,0.0,0.0,0.0,0.0,0.0916416999449665,0.0485567042571004,0.8132412144289742,0.0,12.0,macro,0.0,0.0,1.0,0.3333333333333333,0.2,1.0,12.0,8.0,0.0,0.0,8.0,4.0,0.0,0.91975,0.0,0.4313093812791513,0.2844818431017976,"{""dimension"": 16, ""family"": ""overlapping_density"", ""n"": 20000}","{""edge_rank"": 15, ""geometry_profile"": ""high_dim"", ""k"": 20, ""knn_backend"": ""faiss_hnsw"", ""resolution"": 0.5, ""symmetrization"": ""union"", ""weights"": ""1/(1+d)""}",development,native_target_discovery_v1
ok,synthetic,overlapping_density_16d__quality__n20000,kNN+Leiden,73,0.2.4,20000.0,16.0,0.0073823000002448,6.021102099999553,9.43852549999974,306.7109375,92.96875,319.12109375,,0.8727594184692813,0.8310483095711093,11.0,0.0,0.0,known_synthetic_noise,0.5,0.1666666666666666,1.375,11.0,0.0,0.1,0.9,full_partition,target-discovery-v1,3.0,0.05,0.9509709688197336,0.3920151480748404,0.0,0.2478178011151637,8.0,pairwise_f1,hungarian,1.375,3.0,11.0,0.0,0.0,0.0,0.0,0.0,0.0,0.0863242700661581,0.0455065044433219,0.8378192792844,0.0,11.0,macro,0.0,0.0,1.0,0.3333333333333333,0.2,1.0,11.0,8.0,0.0,0.0,8.0,3.0,0.0,0.93,0.0,0.3812750230068159,0.2405656953249286,"{""dimension"": 16, ""family"": ""overlapping_density"", ""n"": 20000}","{""edge_rank"": 15, ""geometry_profile"": ""high_dim"", ""k"": 20, ""knn_backend"": ""faiss_hnsw"", ""resolution"": 0.5, ""symmetrization"": ""union"", ""weights"": ""1/(1+d)""}",development,native_target_discovery_v1
ok,synthetic,overlapping_density_16d__quality__n20000,kNN+Leiden,101,0.2.4,20000.0,16.0,0.0070863000000827,3.705664200000683,7.125520600000527,306.93359375,93.73046875,317.64453125,,0.8756508866606995,0.8375284190914576,9.0,0.0,0.0,known_synthetic_noise,0.5,0.1666666666666666,1.125,9.0,0.0,0.1,0.9,full_partition,target-discovery-v1,2.0,0.05,0.9506138793430556,0.3708834814102151,0.0,0.2341683506688333,8.0,pairwise_f1,hungarian,1.25,2.0,9.0,0.0,0.0,0.0,0.0,0.0,0.0,0.0704638586333268,0.0367582323056035,0.8484969575378103,0.0,9.0,macro,0.0,0.0,1.0,0.3333333333333333,0.2,1.0,9.0,8.0,0.0,0.0,8.0,1.0,0.0,0.93225,0.0,0.3604120961259516,0.2266373737479508,"{""dimension"": 16, ""family"": ""overlapping_density"", ""n"": 20000}","{""edge_rank"": 15, ""geometry_profile"": ""high_dim"", ""k"": 20, ""knn_backend"": ""faiss_hnsw"", ""resolution"": 0.5, ""symmetrization"": ""union"", ""weights"": ""1/(1+d)""}",development,native_target_discovery_v1
ok,synthetic,overlapping_density_16d__quality__n20000,kNN+Leiden,151,0.2.4,20000.0,16.0,0.0083259999992151,2.5016331000006176,5.874727800000983,305.91796875,92.1796875,318.44140625,,0.8116460544061822,0.6584471334499052,10.0,1.0,0.0,known_synthetic_noise,0.5,0.1666666666666666,1.25,9.0,0.0,0.1,0.9,full_partition,target-discovery-v1,2.0,0.05,0.8256069083361712,0.2934802889868576,0.0,0.1797386583765851,8.0,pairwise_f1,hungarian,1.25,2.0,10.0,0.0,0.0,0.0,0.0,0.0,0.0,0.0726362775156568,0.0380342954070414,0.8049001929879827,0.0,10.0,macro,0.0,0.0,1.0,0.3333333333333333,0.2,1.0,10.0,8.0,0.0,0.0,8.0,2.0,0.0,0.775,0.0,0.2793552449750953,0.171381176354092,"{""dimension"": 16, ""family"": ""overlapping_density"", ""n"": 20000}","{""edge_rank"": 15, ""geometry_profile"": ""high_dim"", ""k"": 20, ""knn_backend"": ""faiss_hnsw"", ""resolution"": 0.5, ""symmetrization"": ""union"", ""weights"": ""1/(1+d)""}",development,native_target_discovery_v1
ok,synthetic,overlapping_density_16d__quality__n20000,kNN+Leiden,211,0.2.4,20000.0,16.0,0.0072387000000162,5.193405600000915,8.578493799999706,306.30859375,92.8984375,317.86328125,,0.8666169346584045,0.8250031449946977,10.0,0.0,0.0,known_synthetic_noise,0.5,0.1666666666666666,1.375,11.0,0.0,0.1,0.9,full_partition,target-discovery-v1,2.0,0.05,0.94775629399462,0.4420928807040468,0.0,0.2965349603791493,8.0,pairwise_f1,hungarian,1.25,2.0,11.0,0.0,0.0,0.0,0.0,0.0,0.0,0.0795934292561776,0.0418079710118046,0.8272540015322577,0.0,11.0,macro,0.0,0.0,1.0,0.3333333333333333,0.2,1.0,10.0,8.0,0.0,0.0,8.0,3.0,0.0,0.925,0.0,0.4190033144405478,0.2785539967202993,"{""dimension"": 16, ""family"": ""overlapping_density"", ""n"": 20000}","{""edge_rank"": 15, ""geometry_profile"": ""high_dim"", ""k"": 20, ""knn_backend"": ""faiss_hnsw"", ""resolution"": 0.5, ""symmetrization"": ""union"", ""weights"": ""1/(1+d)""}",fresh,native_target_discovery_v1
ok,synthetic,overlapping_density_16d__quality__n20000,kNN+Leiden,223,0.2.4,20000.0,16.0,0.0091952000002493,3.387100300000384,6.820273600000292,302.53125,89.27734375,317.91796875,,0.8945415276041345,0.8740080999170686,10.0,0.0,0.0,known_synthetic_noise,0.5,0.1666666666666666,1.25,10.0,0.0,0.1,0.9,full_partition,target-discovery-v1,1.0,0.05,0.9645197095201072,0.3917356259263833,0.0,0.2484269182089492,8.0,pairwise_f1,hungarian,1.125,1.0,10.0,0.0,0.0,0.0,0.0,0.0,0.0,0.0848021751257334,0.0445602829650521,0.8750502422869659,0.0,10.0,macro,0.0,0.0,1.0,0.3333333333333333,0.2,1.0,10.0,8.0,0.0,0.0,8.0,2.0,0.0,0.949,0.0,0.390272282558207,0.248450153619433,"{""dimension"": 16, ""family"": ""overlapping_density"", ""n"": 20000}","{""edge_rank"": 15, ""geometry_profile"": ""high_dim"", ""k"": 20, ""knn_backend"": ""faiss_hnsw"", ""resolution"": 0.5, ""symmetrization"": ""union"", ""weights"": ""1/(1+d)""}",fresh,native_target_discovery_v1
ok,synthetic,overlapping_density_16d__quality__n20000,kNN+Leiden,227,0.2.4,20000.0,16.0,0.0076299000011204,4.724240899999131,8.255127899999934,306.66015625,92.890625,320.14453125,,0.8357508065430148,0.7142213279856696,10.0,0.0,0.0,known_synthetic_noise,0.5,0.1666666666666666,1.25,10.0,0.0,0.1,0.9,full_partition,target-discovery-v1,2.0,0.05,0.8378334799396443,0.3324498449598871,0.0,0.2089354601731809,8.0,pairwise_f1,hungarian,1.25,2.0,10.0,0.0,0.0,0.0,0.0,0.0,0.0,0.0810321981323245,0.0425073728647962,0.8648900674602596,0.0,10.0,macro,0.0,0.0,1.0,0.3333333333333333,0.2,1.0,10.0,8.0,0.0,0.0,8.0,2.0,0.0,0.82,0.0,0.3245530303768159,0.2036873715413712,"{""dimension"": 16, ""family"": ""overlapping_density"", ""n"": 20000}","{""edge_rank"": 15, ""geometry_profile"": ""high_dim"", ""k"": 20, ""knn_backend"": ""faiss_hnsw"", ""resolution"": 0.5, ""symmetrization"": ""union"", ""weights"": ""1/(1+d)""}",fresh,native_target_discovery_v1
ok,synthetic,overlapping_density_16d__quality__n20000,kNN-DBSCAN,23,0.2.4,20000.0,16.0,0.0078846999986126,0.810703499999363,3.681766300000163,197.57421875,13.12109375,197.54296875,,0.5257271069500401,0.2104956138198475,25.0,13.0,0.9785,known_synthetic_noise,0.691875,0.7317489478497741,6.375,38.0,2.0,0.1,0.9,full_partition,target-discovery-v1,0.0,0.05,0.4650060663077248,0.5395170351786929,0.511091873524107,0.8438246468891678,8.0,pairwise_f1,hungarian,0.875,0.0,51.0,0.6801626681374885,0.9199941236961952,0.9199941236961952,0.90175,0.8680898253396174,0.9785,0.2770095444234888,0.7748296971176921,0.1686522191756719,0.90175,51.0,macro,3.0,1.0,0.40525,0.543503772003353,0.8249363867684478,0.40525,25.0,8.0,0.25,0.375,8.0,43.0,0.0,0.374,0.164,0.4473015909764647,0.8304981046967974,"{""dimension"": 16, ""family"": ""overlapping_density"", ""n"": 20000}","{""eps"": 3.294839859008789, ""eps_quantile"": 0.05, ""geometry_profile"": ""high_dim"", ""k"": 4, ""knn_backend"": ""faiss_hnsw"", ""min_samples"": 5}",development,native_target_discovery_v1
ok,synthetic,overlapping_density_16d__quality__n20000,kNN-DBSCAN,42,0.2.4,20000.0,16.0,0.0081881000005523,0.7703877000003558,3.5232253999984096,197.21875,12.79296875,202.546875,,0.5159801734771916,0.2067722058347173,19.0,12.0,0.9794375,known_synthetic_noise,0.68846875,0.7284427771154832,5.375,31.0,2.0,0.1,0.9,full_partition,target-discovery-v1,1.0,0.05,0.4529028538325218,0.5125358873013068,0.5104924281497522,0.7875290003902952,8.0,pairwise_f1,hungarian,1.0,1.0,43.0,0.6582252327540676,0.9196326398873274,0.9196326398873274,0.90405,0.8667109120070793,0.9794375,0.2573507428468327,0.718026484941526,0.1567695767810946,0.90405,43.0,macro,3.0,1.0,0.3975,0.5372529143436391,0.8285565398645127,0.3975,19.0,8.0,0.25,0.375,8.0,35.0,0.0,0.3505,0.16475,0.4079651036592561,0.7648530442964903,"{""dimension"": 16, ""family"": ""overlapping_density"", ""n"": 20000}","{""eps"": 3.3152456283569336, ""eps_quantile"": 0.05, ""geometry_profile"": ""high_dim"", ""k"": 4, ""knn_backend"": ""faiss_hnsw"", ""min_samples"": 5}",development,native_target_discovery_v1
ok,synthetic,overlapping_density_16d__quality__n20000,kNN-DBSCAN,73,0.2.4,20000.0,16.0,0.0080706000007921,0.749277599999914,3.4857339999998658,197.59765625,12.7578125,197.609375,,0.5204790764055817,0.2035781646076668,17.0,7.0,0.9806875,known_synthetic_noise,0.6918437500000001,0.7326814858423352,5.625,38.0,2.0,0.1,0.9,full_partition,target-discovery-v1,0.0,0.05,0.4580171787357321,0.5297577870588625,0.5133765302731267,0.8397348407472753,8.0,pairwise_f1,hungarian,0.875,0.0,45.0,0.672586298895556,0.9208603538836234,0.9208603538836234,0.90395,0.867913048288069,0.9806875,0.2725285796326543,0.7899393971378561,0.1646697720982382,0.90395,45.0,macro,3.0,1.0,0.403,0.544502617801047,0.8391462779802187,0.403,17.0,8.0,0.25,0.375,8.0,37.0,0.0,0.3645,0.1815,0.4354944605384072,0.8243780652588593,"{""dimension"": 16, ""family"": ""overlapping_density"", ""n"": 20000}","{""eps"": 3.314970016479492, ""eps_quantile"": 0.05, ""geometry_profile"": ""high_dim"", ""k"": 4, ""knn_backend"": ""faiss_hnsw"", ""min_samples"": 5}",development,native_target_discovery_v1
ok,synthetic,overlapping_density_16d__quality__n20000,kNN-DBSCAN,101,0.2.4,20000.0,16.0,0.0075367000008554,0.7447346999997535,3.521719699998357,197.41796875,12.95703125,197.41796875,,0.5318791275512084,0.2159270907799887,25.0,15.0,0.978125,known_synthetic_noise,0.6946875,0.7346217667298351,7.375,44.0,3.0,0.1,0.9,full_partition,target-discovery-v1,0.0,0.05,0.4701177793536605,0.5379236542926088,0.501557640672019,0.8252957665461271,8.0,pairwise_f1,hungarian,0.75,0.0,59.0,0.6790199431972872,0.9204528745772682,0.9204528745772682,0.90025,0.8692029991668981,0.978125,0.2925015483362423,0.8001256761252326,0.1789623660655231,0.90025,59.0,macro,3.0,2.0,0.41125,0.5487906588824021,0.8245614035087719,0.41125,25.0,8.0,0.375,0.375,8.0,51.0,0.0,0.3755,0.276,0.4447773869202526,0.799535918790728,"{""dimension"": 16, ""family"": ""overlapping_density"", ""n"": 20000}","{""eps"": 3.3321492671966553, ""eps_quantile"": 0.05, ""geometry_profile"": ""high_dim"", ""k"": 4, ""knn_backend"": ""faiss_hnsw"", ""min_samples"": 5}",development,native_target_discovery_v1
ok,synthetic,overlapping_density_16d__quality__n20000,kNN-DBSCAN,151,0.2.4,20000.0,16.0,0.008744700000534,0.7694040999995195,3.5212342999984685,202.8515625,18.359375,197.53125,,0.5271766213891608,0.2147730986516671,19.0,11.0,0.979375,known_synthetic_noise,0.6964375,0.7370693124594403,5.375,32.0,2.0,0.1,0.9,full_partition,target-discovery-v1,0.0,0.05,0.4745789344823197,0.5405939975480403,0.4979947017408347,0.833989419080623,8.0,pairwise_f1,hungarian,1.0,1.0,43.0,0.6813838423097323,0.9213311382878644,0.9213311382878644,0.9008,0.8697824156305506,0.979375,0.2744875557712107,0.7505339373837068,0.1679565722727322,0.9008,43.0,macro,3.0,1.0,0.4135,0.5528074866310161,0.8336693548387096,0.4135,19.0,8.0,0.25,0.375,8.0,35.0,0.0,0.37425,0.167,0.4393924409072382,0.8191301057626836,"{""dimension"": 16, ""family"": ""overlapping_density"", ""n"": 20000}","{""eps"": 3.319477081298828, ""eps_quantile"": 0.05, ""geometry_profile"": ""high_dim"", ""k"": 4, ""knn_backend"": ""faiss_hnsw"", ""min_samples"": 5}",development,native_target_discovery_v1
ok,synthetic,overlapping_density_16d__quality__n20000,kNN-DBSCAN,211,0.2.4,20000.0,16.0,0.007951999999932,0.7225690000013856,3.4848521999992954,197.91796875,12.75390625,202.92578125,,0.5152492376229003,0.2060073043734683,23.0,12.0,0.980125,known_synthetic_noise,0.6895625000000001,0.7299396932118883,7.0,44.0,3.0,0.1,0.9,full_partition,target-discovery-v1,0.0,0.05,0.4524188828279767,0.5182631404575611,0.5126355769186521,0.8269505872710379,8.0,pairwise_f1,hungarian,0.75,0.0,56.0,0.6630620082522899,0.9201431672827556,0.9201431672827556,0.9043,0.8670795090124959,0.980125,0.2717266503398701,0.8088874950572001,0.1632900417012648,0.9043,56.0,macro,3.0,1.0,0.399,0.5397362191410212,0.8338557993730408,0.399,23.0,8.0,0.375,0.375,8.0,48.0,0.0,0.3535,0.257,0.4171295778466873,0.8067645083621211,"{""dimension"": 16, ""family"": ""overlapping_density"", ""n"": 20000}","{""eps"": 3.317883253097534, ""eps_quantile"": 0.05, ""geometry_profile"": ""high_dim"", ""k"": 4, ""knn_backend"": ""faiss_hnsw"", ""min_samples"": 5}",fresh,native_target_discovery_v1
ok,synthetic,overlapping_density_16d__quality__n20000,kNN-DBSCAN,223,0.2.4,20000.0,16.0,0.0088780999994924,0.743233399998644,3.6144457000009433,201.96875,17.14453125,197.86328125,,0.5261153540549969,0.2176632666677933,19.0,13.0,0.9775625,known_synthetic_noise,0.69240625,0.731911193903743,5.875,34.0,2.0,0.1,0.9,full_partition,target-discovery-v1,1.0,0.05,0.4676668129490079,0.5364586566318702,0.4994385337304362,0.8127253504213896,8.0,pairwise_f1,hungarian,1.0,0.0,47.0,0.6776566351182601,0.9197342114547806,0.9197342114547806,0.9006,0.8683655340883856,0.9775625,0.2657980581975606,0.7679849777846529,0.1607096773613425,0.9006,47.0,macro,2.0,1.0,0.40725,0.5440881763527055,0.8194164989939637,0.40725,19.0,8.0,0.25,0.25,8.0,39.0,0.0,0.36475,0.17225,0.4318778614794976,0.7786605747980695,"{""dimension"": 16, ""family"": ""overlapping_density"", ""n"": 20000}","{""eps"": 3.317711114883423, ""eps_quantile"": 0.05, ""geometry_profile"": ""high_dim"", ""k"": 4, ""knn_backend"": ""faiss_hnsw"", ""min_samples"": 5}",fresh,native_target_discovery_v1
ok,synthetic,overlapping_density_16d__quality__n20000,kNN-DBSCAN,227,0.2.4,20000.0,16.0,0.0082793000001402,0.7304167999991478,3.6111875000005966,203.5625,18.36328125,197.9296875,,0.530925111373089,0.2165843497538858,25.0,16.0,0.977375,known_synthetic_noise,0.6964375,0.7361624845098063,7.0,40.0,3.0,0.1,0.9,full_partition,target-discovery-v1,0.0,0.05,0.4723494570375344,0.5445209200144238,0.4969967307400112,0.8292262462057391,8.0,pairwise_f1,hungarian,0.875,0.0,56.0,0.6842742034727114,0.9205321403343536,0.9205321403343536,0.8988,0.8699376947040498,0.977375,0.2779783176581749,0.7932638311370982,0.1685149636472251,0.8988,56.0,macro,3.0,1.0,0.4155,0.5517928286852589,0.8211462450592886,0.4155,25.0,8.0,0.375,0.375,8.0,48.0,0.0,0.374,0.28325,0.4446493049555803,0.798050874717847,"{""dimension"": 16, ""family"": ""overlapping_density"", ""n"": 20000}","{""eps"": 3.3198177814483643, ""eps_quantile"": 0.05, ""geometry_profile"": ""high_dim"", ""k"": 4, ""knn_backend"": ""faiss_hnsw"", ""min_samples"": 5}",fresh,native_target_discovery_v1
ok,synthetic,rings_2d__quality__n20000,AMD-DBSCAN,23,0.2.4,20000.0,2.0,0.0623369999993883,5.524654299999384,8.569036899998537,6289.83984375,6103.64453125,6289.83984375,,0.9972594619479016,0.9991999998400128,873.0,872.0,0.0,known_synthetic_noise,0.5,0.2,437.5,3.0,1.0,0.1,0.9,full_partition,target-discovery-v1,0.0,0.05,0.9996,0.9211960867264706,0.0,0.856677029731275,2.0,pairwise_f1,hungarian,1.0,0.0,875.0,0.0,0.0,0.0,0.0,0.0,0.0,0.3928890781497193,0.2445170328924168,0.9992,0.0,875.0,macro,2.0,1.0,1.0,0.4,0.25,1.0,873.0,2.0,0.5,1.0,2.0,873.0,0.0,0.9996,0.5,0.9211960867264708,0.856677029731275,"{""dimension"": 2, ""family"": ""rings"", ""n"": 20000}","{""adaptive_rank"": 71, ""balance_rounds"": 3, ""eps_values"": [0.05609024435656055, 0.27231204020155986, 0.2978864271062019], ""geometry_profile"": ""low_dim"", ""knn_backend"": ""kd_tree"", ""n_density_levels"": 3}",development,native_target_discovery_v1
ok,synthetic,rings_2d__quality__n20000,AMD-DBSCAN,42,0.2.4,20000.0,2.0,0.0565315000003465,5.196347000000969,8.199860099999569,6289.43359375,6103.6484375,6289.43359375,,0.998728169227063,0.9996000799680064,888.0,887.0,0.0,known_synthetic_noise,0.5,0.2,445.0,3.0,1.0,0.1,0.9,full_partition,target-discovery-v1,0.0,0.05,0.9998,0.9180042642614014,0.0,0.8508887049772271,2.0,pairwise_f1,hungarian,1.0,0.0,890.0,0.0,0.0,0.0,0.0,0.0,0.0,0.3617494164221118,0.2208339722017281,0.9996,0.0,890.0,macro,2.0,1.0,1.0,0.4,0.25,1.0,888.0,2.0,0.5,1.0,2.0,888.0,0.0,0.9998,0.5,0.9180042642614012,0.8508887049772271,"{""dimension"": 2, ""family"": ""rings"", ""n"": 20000}","{""adaptive_rank"": 71, ""balance_rounds"": 3, ""eps_values"": [0.05545548997451191, 0.27484255772104965, 0.2989848072955787], ""geometry_profile"": ""low_dim"", ""knn_backend"": ""kd_tree"", ""n_density_levels"": 3}",development,native_target_discovery_v1
ok,synthetic,rings_2d__quality__n20000,AMD-DBSCAN,73,0.2.4,20000.0,2.0,0.0554916999990382,4.836029100000815,7.787111199999344,6290.32421875,6103.64453125,6290.32421875,,0.998728169227063,0.9996000799680064,869.0,868.0,0.0,known_synthetic_noise,0.5,0.2,435.5,3.0,1.0,0.1,0.9,full_partition,target-discovery-v1,0.0,0.05,0.9998,0.9198741262437704,0.0,0.8542562768424286,2.0,pairwise_f1,hungarian,1.0,0.0,871.0,0.0,0.0,0.0,0.0,0.0,0.0,0.3462245069032,0.2093715354799706,0.9996,0.0,871.0,macro,2.0,1.0,1.0,0.4,0.25,1.0,869.0,2.0,0.5,1.0,2.0,869.0,0.0,0.9998,0.5,0.9198741262437704,0.8542562768424287,"{""dimension"": 2, ""family"": ""rings"", ""n"": 20000}","{""adaptive_rank"": 71, ""balance_rounds"": 3, ""eps_values"": [0.05485262760554057, 0.27394096062457485, 0.2973566102879328], ""geometry_profile"": ""low_dim"", ""knn_backend"": ""kd_tree"", ""n_density_levels"": 3}",development,native_target_discovery_v1
ok,synthetic,rings_2d__quality__n20000,AMD-DBSCAN,101,0.2.4,20000.0,2.0,0.0565189999997528,4.809184099998674,7.747932199999923,6289.55859375,6103.6484375,6289.55859375,,0.9974590623075532,0.9992001598720256,912.0,910.0,0.0,known_synthetic_noise,0.5,0.2,457.0,4.0,1.0,0.1,0.9,full_partition,target-discovery-v1,0.0,0.05,0.9996,0.9208549699632668,0.0,0.8552122982433896,2.0,pairwise_f1,hungarian,1.0,0.0,914.0,0.0,0.0,0.0,0.0,0.0,0.0,0.3844775218530055,0.2380349397429566,0.9992,0.0,914.0,macro,2.0,1.0,1.0,0.4,0.25,1.0,912.0,2.0,0.5,1.0,2.0,912.0,0.0,0.9996,0.5,0.9208549699632668,0.8552122982433897,"{""dimension"": 2, ""family"": ""rings"", ""n"": 20000}","{""adaptive_rank"": 71, ""balance_rounds"": 3, ""eps_values"": [0.05539316872726134, 0.2740062334151861, 0.2974704440100637], ""geometry_profile"": ""low_dim"", ""knn_backend"": ""kd_tree"", ""n_density_levels"": 3}",development,native_target_discovery_v1
ok,synthetic,rings_2d__quality__n20000,AMD-DBSCAN,151,0.2.4,20000.0,2.0,0.0566625999999814,4.699189099999785,7.626814600000216,6289.61328125,6103.6484375,6289.61328125,,0.998728169227063,0.9996000799680064,898.0,897.0,0.0,known_synthetic_noise,0.5,0.2,450.0,3.0,0.0,0.1,0.9,full_partition,target-discovery-v1,0.0,0.05,0.9998,0.9193559871736792,0.0,0.8520094221625902,2.0,pairwise_f1,hungarian,1.0,0.0,900.0,0.0,0.0,0.0,0.0,0.0,0.0,0.380632379303366,0.2350721227129735,0.9996,0.0,900.0,macro,2.0,1.0,1.0,0.4,0.25,1.0,898.0,2.0,0.0,1.0,2.0,898.0,0.0,0.9998,0.0,0.9193559871736792,0.8520094221625902,"{""dimension"": 2, ""family"": ""rings"", ""n"": 20000}","{""adaptive_rank"": 71, ""balance_rounds"": 3, ""eps_values"": [0.055430172172353395, 0.2727428321415168, 0.297103485926827], ""geometry_profile"": ""low_dim"", ""knn_backend"": ""kd_tree"", ""n_density_levels"": 3}",development,native_target_discovery_v1
ok,synthetic,rings_2d__quality__n20000,AMD-DBSCAN,211,0.2.4,20000.0,2.0,0.0557936999994126,4.745681800000966,7.65637389999938,6289.44140625,6103.66015625,6289.42578125,,0.9940664916538148,0.998002319585849,878.0,875.0,0.0,known_synthetic_noise,0.5,0.2,440.0,5.0,0.0,0.1,0.9,full_partition,target-discovery-v1,0.0,0.05,0.999,0.9173241993384478,0.0,0.8492518030182794,2.0,pairwise_f1,hungarian,1.0,0.0,880.0,0.0,0.0,0.0,0.0,0.0,0.0,0.3467287606969145,0.2098109485683596,0.9980019207683072,0.0,880.0,macro,2.0,1.0,1.0,0.4,0.25,1.0,878.0,2.0,0.0,1.0,2.0,878.0,0.0,0.999,0.0,0.9173241993384478,0.8492518030182795,"{""dimension"": 2, ""family"": ""rings"", ""n"": 20000}","{""adaptive_rank"": 71, ""balance_rounds"": 3, ""eps_values"": [0.05533015389979279, 0.27533570177985045, 0.2983508882003604], ""geometry_profile"": ""low_dim"", ""knn_backend"": ""kd_tree"", ""n_density_levels"": 3}",fresh,native_target_discovery_v1
ok,synthetic,rings_2d__quality__n20000,AMD-DBSCAN,223,0.2.4,20000.0,2.0,0.0563484000012977,4.686597199999596,7.605508099999497,6289.90625,6103.6484375,6289.90625,,0.9932040812123794,0.9976030393628916,867.0,864.0,0.0,known_synthetic_noise,0.5,0.2,434.5,5.0,1.0,0.1,0.9,full_partition,target-discovery-v1,0.0,0.05,0.9988,0.9241073599247962,0.0,0.8616449900720873,2.0,pairwise_f1,hungarian,1.0,0.0,869.0,0.0,0.0,0.0,0.0,0.0,0.0,0.3481748495800576,0.210888729509944,0.9976025610244098,0.0,869.0,macro,2.0,1.0,1.0,0.4,0.25,1.0,867.0,2.0,0.5,1.0,2.0,867.0,0.0,0.9988,0.5,0.924107359924796,0.8616449900720873,"{""dimension"": 2, ""family"": ""rings"", ""n"": 20000}","{""adaptive_rank"": 71, ""balance_rounds"": 3, ""eps_values"": [0.05509556374162106, 0.2731309659733723, 0.2982385466764286], ""geometry_profile"": ""low_dim"", ""knn_backend"": ""kd_tree"", ""n_density_levels"": 3}",fresh,native_target_discovery_v1
ok,synthetic,rings_2d__quality__n20000,AMD-DBSCAN,227,0.2.4,20000.0,2.0,0.0553139999992708,4.706505100000868,7.648388699999487,6290.01953125,6103.64453125,6290.01953125,,0.9976587203507864,0.9992004799361536,888.0,887.0,0.0,known_synthetic_noise,0.5,0.2,445.0,3.0,1.0,0.1,0.9,full_partition,target-discovery-v1,0.0,0.05,0.9996,0.9251437030027968,0.0,0.862549117149207,2.0,pairwise_f1,hungarian,1.0,0.0,890.0,0.0,0.0,0.0,0.0,0.0,0.0,0.3428628078674675,0.2069349432425135,0.9992003201280512,0.0,890.0,macro,2.0,1.0,1.0,0.4,0.25,1.0,888.0,2.0,0.5,1.0,2.0,888.0,0.0,0.9996,0.5,0.925143703002797,0.8625491171492069,"{""dimension"": 2, ""family"": ""rings"", ""n"": 20000}","{""adaptive_rank"": 71, ""balance_rounds"": 3, ""eps_values"": [0.05468660540444418, 0.2751875916707012, 0.2980157968959309], ""geometry_profile"": ""low_dim"", ""knn_backend"": ""kd_tree"", ""n_density_levels"": 3}",fresh,native_target_discovery_v1
ok,synthetic,rings_2d__quality__n20000,DBSCAN,23,0.2.4,20000.0,2.0,0.0568673999987368,0.1968274000009842,3.072065800000928,193.390625,7.234375,190.53125,,0.9972594619479016,0.9991999998400128,879.0,879.0,0.3578,known_synthetic_noise,0.6787000000000001,0.5180859552543835,440.5,2.0,1.0,0.1,0.9,full_partition,target-discovery-v1,0.0,0.05,0.9996,0.9193840380571638,0.0004,0.8537379821695303,2.0,pairwise_f1,hungarian,1.0,0.0,881.0,0.6699494619990527,0.5269772693799402,0.5269772693799402,0.26845,0.9996274911529148,0.3578,0.829728473853028,0.7094077955397043,0.9992,0.26845,881.0,macro,2.0,1.0,0.9996,0.509194641128827,0.3416034447406192,0.9996,879.0,2.0,0.5,1.0,2.0,879.0,0.0,0.9996,0.5,0.9193840380571636,0.8537379821695303,"{""dimension"": 2, ""family"": ""rings"", ""n"": 20000}","{""base_eps"": 0.08228287845849991, ""eps"": 0.05759801492094993, ""eps_multiplier"": 0.7, ""geometry_profile"": ""low_dim"", ""knn_backend"": ""kd_tree"", ""min_samples"": 5}",development,native_target_discovery_v1
ok,synthetic,rings_2d__quality__n20000,DBSCAN,42,0.2.4,20000.0,2.0,0.0576609999989159,0.1952041000004101,3.085074500000701,195.55859375,9.48046875,192.09375,,1.0,1.0,903.0,903.0,0.3578,known_synthetic_noise,0.6789000000000001,0.5181877629790197,452.5,2.0,1.0,0.1,0.9,full_partition,target-discovery-v1,0.0,0.05,1.0,0.9154367651451204,0.0,0.8463745943725189,2.0,pairwise_f1,hungarian,1.0,0.0,905.0,0.6689402892449489,0.5270290175283546,0.5270290175283546,0.26835,1.0,0.3578,0.8229293743504078,0.699133387936052,1.0,0.26835,905.0,macro,2.0,1.0,1.0,0.5093465084296847,0.3416934326522244,1.0,903.0,2.0,0.5,1.0,2.0,903.0,0.0,1.0,0.5,0.9154367651451204,0.8463745943725189,"{""dimension"": 2, ""family"": ""rings"", ""n"": 20000}","{""base_eps"": 0.08266814053058624, ""eps"": 0.05786769837141036, ""eps_multiplier"": 0.7, ""geometry_profile"": ""low_dim"", ""knn_backend"": ""kd_tree"", ""min_samples"": 5}",development,native_target_discovery_v1
ok,synthetic,rings_2d__quality__n20000,DBSCAN,73,0.2.4,20000.0,2.0,0.0576479000010294,0.2005583999998634,3.195933699998932,190.66015625,4.8125,190.7578125,,0.998728169227063,0.9996000799680064,874.0,874.0,0.3586,known_synthetic_noise,0.6792,0.518726260179925,438.0,2.0,1.0,0.1,0.9,full_partition,target-discovery-v1,0.0,0.05,0.9998,0.9140624152963264,0.0002,0.8447211570346311,2.0,pairwise_f1,hungarian,1.0,0.0,876.0,0.6692496670463983,0.5278704612365064,0.5278704612365064,0.269,0.999814126394052,0.3586,0.8185542159041584,0.6930332579338424,0.9996,0.269,876.0,macro,2.0,1.0,0.9998,0.5095820591233435,0.3419288645690834,0.9998,874.0,2.0,0.5,1.0,2.0,874.0,0.0,0.9998,0.5,0.9140624152963264,0.8447211570346311,"{""dimension"": 2, ""family"": ""rings"", ""n"": 20000}","{""base_eps"": 0.0822867676615715, ""eps"": 0.05760073736310005, ""eps_multiplier"": 0.7, ""geometry_profile"": ""low_dim"", ""knn_backend"": ""kd_tree"", ""min_samples"": 5}",development,native_target_discovery_v1
ok,synthetic,rings_2d__quality__n20000,DBSCAN,101,0.2.4,20000.0,2.0,0.0591079000005265,0.1984747999995306,3.190335100000084,195.50390625,9.59765625,191.2265625,,0.9974590623075532,0.9992001598720256,904.0,902.0,0.3488666666666666,known_synthetic_noise,0.6744333333333333,0.5115837109202053,453.0,4.0,0.0,0.1,0.9,full_partition,target-discovery-v1,0.0,0.05,0.9996,0.9142776639138788,0.0,0.8439038547166211,2.0,pairwise_f1,hungarian,1.0,0.0,906.0,0.6607263104883393,0.5172737606879849,0.5172737606879849,0.26165,1.0,0.3488666666666666,0.8227855575709823,0.6993171395770469,0.9992,0.26165,906.0,macro,2.0,1.0,1.0,0.5058936611524257,0.3385928082887519,1.0,904.0,2.0,0.0,1.0,2.0,904.0,0.0,0.9996,0.0,0.9142776639138788,0.8439038547166212,"{""dimension"": 2, ""family"": ""rings"", ""n"": 20000}","{""base_eps"": 0.08276911079883575, ""eps"": 0.057938377559185024, ""eps_multiplier"": 0.7, ""geometry_profile"": ""low_dim"", ""knn_backend"": ""kd_tree"", ""min_samples"": 5}",development,native_target_discovery_v1
ok,synthetic,rings_2d__quality__n20000,DBSCAN,151,0.2.4,20000.0,2.0,0.0579115000000456,0.1982883000000583,3.259476100000029,193.60546875,7.640625,190.76171875,,1.0,1.0,897.0,897.0,0.3507333333333333,known_synthetic_noise,0.6753666666666667,0.5129670570722371,449.5,2.0,0.0,0.1,0.9,full_partition,target-discovery-v1,0.0,0.05,1.0,0.9153132586176554,0.0,0.8450251978398338,2.0,pairwise_f1,hungarian,1.0,0.0,899.0,0.662667110701984,0.5193228369774444,0.5193228369774444,0.26305,1.0,0.3507333333333333,0.8252996243846416,0.7025618119448666,1.0,0.26305,899.0,macro,2.0,1.0,1.0,0.5066112771670297,0.339236040436936,1.0,897.0,2.0,0.0,1.0,2.0,897.0,0.0,1.0,0.0,0.9153132586176554,0.8450251978398338,"{""dimension"": 2, ""family"": ""rings"", ""n"": 20000}","{""base_eps"": 0.08244151622056961, ""eps"": 0.057709061354398725, ""eps_multiplier"": 0.7, ""geometry_profile"": ""low_dim"", ""knn_backend"": ""kd_tree"", ""min_samples"": 5}",development,native_target_discovery_v1
ok,synthetic,rings_2d__quality__n20000,DBSCAN,211,0.2.4,20000.0,2.0,0.0584528999988833,0.1936101999999664,3.213535699998829,193.578125,7.6484375,193.625,,0.9938541234451944,0.998001359712915,893.0,891.0,0.3654666666666666,known_synthetic_noise,0.6827333333333333,0.5238234318874746,447.5,4.0,0.0,0.1,0.9,full_partition,target-discovery-v1,0.0,0.05,0.9992,0.9152678086324187,0.0,0.8456335644305569,2.0,pairwise_f1,hungarian,1.0,0.0,895.0,0.675518156938128,0.5352992871789864,0.5352992871789864,0.2741,1.0,0.3654666666666666,0.8254354354473573,0.7035504675176256,0.9984011204481792,0.2741,895.0,macro,2.0,1.0,1.0,0.5123475765959628,0.3444000551040088,1.0,893.0,2.0,0.0,1.0,2.0,893.0,0.0,0.9992,0.0,0.9152678086324187,0.8456335644305569,"{""dimension"": 2, ""family"": ""rings"", ""n"": 20000}","{""base_eps"": 0.08247853070497513, ""eps"": 0.057734971493482584, ""eps_multiplier"": 0.7, ""geometry_profile"": ""low_dim"", ""knn_backend"": ""kd_tree"", ""min_samples"": 5}",fresh,native_target_discovery_v1
ok,synthetic,rings_2d__quality__n20000,DBSCAN,223,0.2.4,20000.0,2.0,0.0653323000005912,0.2174675000005663,3.725448099999994,196.0390625,9.83984375,191.2890625,,0.9944634481184064,0.9980029597144116,877.0,876.0,0.3504666666666666,known_synthetic_noise,0.6748333333333333,0.5125669889396339,439.5,3.0,1.0,0.1,0.9,full_partition,target-discovery-v1,0.0,0.05,0.999,0.9145841708738176,0.0008,0.8457887807543113,2.0,pairwise_f1,hungarian,1.0,0.0,879.0,0.6621545854662806,0.5189279897339717,0.5189279897339717,0.26305,0.9992396882721916,0.3504666666666666,0.820764434592077,0.6969853639014989,0.998001600640256,0.26305,879.0,macro,2.0,1.0,0.9992,0.5062059881452962,0.3389646516045865,0.9992,877.0,2.0,0.5,1.0,2.0,877.0,0.0,0.999,0.5,0.9145841708738176,0.8457887807543113,"{""dimension"": 2, ""family"": ""rings"", ""n"": 20000}","{""base_eps"": 0.0824626237154007, ""eps"": 0.05772383660078048, ""eps_multiplier"": 0.7, ""geometry_profile"": ""low_dim"", ""knn_backend"": ""kd_tree"", ""min_samples"": 5}",fresh,native_target_discovery_v1
ok,synthetic,rings_2d__quality__n20000,DBSCAN,227,0.2.4,20000.0,2.0,0.0626314000001002,0.2051072000012936,3.4803465000004508,195.89453125,9.7578125,190.77734375,,0.998728169227063,0.9996000799680064,905.0,905.0,0.3594666666666666,known_synthetic_noise,0.6796333333333333,0.5193644157866346,453.5,2.0,1.0,0.1,0.9,full_partition,target-discovery-v1,0.0,0.05,0.9998,0.918905154199272,0.0002,0.8521576468324665,2.0,pairwise_f1,hungarian,1.0,0.0,907.0,0.6713000061204335,0.5288089050164272,0.5288089050164272,0.26965,0.999814574448359,0.3594666666666666,0.8305397323760695,0.710392523372991,0.9996,0.26965,907.0,macro,2.0,1.0,0.9998,0.5099199265568419,0.3422331758745807,0.9998,905.0,2.0,0.5,1.0,2.0,905.0,0.0,0.9998,0.5,0.9189051541992718,0.8521576468324665,"{""dimension"": 2, ""family"": ""rings"", ""n"": 20000}","{""base_eps"": 0.08259457349777222, ""eps"": 0.057816201448440546, ""eps_multiplier"": 0.7, ""geometry_profile"": ""low_dim"", ""knn_backend"": ""kd_tree"", ""min_samples"": 5}",fresh,native_target_discovery_v1
ok,synthetic,rings_2d__quality__n20000,HDBSCAN,23,0.2.4,20000.0,2.0,0.0647060000010242,2.8571927000011783,6.0987177999995765,190.23828125,4.65234375,191.921875,,0.9950786511571652,0.998400799584755,81.0,81.0,0.4088666666666666,known_synthetic_noise,0.7040333333333333,0.5550118327299662,41.5,2.0,1.0,0.1,0.9,full_partition,target-discovery-v1,0.0,0.05,0.9992,0.9116688425270288,0.0007999999999999,0.8407949321136617,2.0,pairwise_f1,hungarian,1.0,0.0,83.0,0.7091926537776845,0.5803094100392676,0.5803094100392676,0.30685,0.99934821574059,0.4088666666666666,0.7863430487825249,0.6485853576365836,0.9984004801920768,0.30685,83.0,macro,2.0,1.0,0.9992,0.5297142554206649,0.3603837553199163,0.9992,81.0,2.0,0.5,1.0,2.0,81.0,0.0,0.9992,0.5,0.9116688425270288,0.8407949321136617,"{""dimension"": 2, ""family"": ""rings"", ""n"": 20000}","{""geometry_profile"": ""low_dim"", ""knn_backend"": ""kd_tree"", ""min_cluster_size"": 40, ""min_samples"": 5}",development,native_target_discovery_v1
ok,synthetic,rings_2d__quality__n20000,HDBSCAN,42,0.2.4,20000.0,2.0,0.0584268999991763,2.862361099998452,5.857990299999074,190.32421875,4.1875,190.68359375,,0.998728169227063,0.9996000799680064,81.0,81.0,0.3982666666666666,known_synthetic_noise,0.6990333333333334,0.5475747831956885,41.5,2.0,0.0,0.1,0.9,full_partition,target-discovery-v1,0.0,0.05,0.9998,0.9077691960743276,0.0002,0.8334462486577834,2.0,pairwise_f1,hungarian,1.0,0.0,83.0,0.7000042431290724,0.5696305125148986,0.5696305125148986,0.29875,0.9998326359832636,0.3982666666666666,0.7810772222597092,0.6409573859370585,0.9996,0.29875,83.0,macro,2.0,1.0,0.9998,0.5255190538764783,0.3564349376114082,0.9998,81.0,2.0,0.0,1.0,2.0,81.0,0.0,0.9998,0.0,0.9077691960743276,0.8334462486577833,"{""dimension"": 2, ""family"": ""rings"", ""n"": 20000}","{""geometry_profile"": ""low_dim"", ""knn_backend"": ""kd_tree"", ""min_cluster_size"": 40, ""min_samples"": 5}",development,native_target_discovery_v1
ok,synthetic,rings_2d__quality__n20000,HDBSCAN,73,0.2.4,20000.0,2.0,0.0633506000012857,2.865216700000019,5.876568100000441,190.5859375,4.4921875,190.83984375,,0.9976587203507864,0.9992004799361536,94.0,94.0,0.3874,known_synthetic_noise,0.6935,0.5396893723619017,48.0,2.0,1.0,0.1,0.9,full_partition,target-discovery-v1,0.0,0.05,0.9996,0.9097796569549392,0.0004,0.8373911577399882,2.0,pairwise_f1,hungarian,1.0,0.0,96.0,0.6920427230322218,0.5584009993753904,0.5584009993753904,0.29065,0.9996559435747464,0.3874,0.7905160658620818,0.6539399588602038,0.9992001600640256,0.29065,96.0,macro,2.0,1.0,0.9996,0.520977745348413,0.3522943539860436,0.9996,94.0,2.0,0.5,1.0,2.0,94.0,0.0,0.9996,0.5,0.9097796569549396,0.8373911577399882,"{""dimension"": 2, ""family"": ""rings"", ""n"": 20000}","{""geometry_profile"": ""low_dim"", ""knn_backend"": ""kd_tree"", ""min_cluster_size"": 40, ""min_samples"": 5}",development,native_target_discovery_v1
ok,synthetic,rings_2d__quality__n20000,HDBSCAN,101,0.2.4,20000.0,2.0,0.0606284999994386,2.855051199998343,5.828636300000653,190.23046875,4.42578125,190.45703125,,0.9938552451585562,0.9980007192652094,83.0,83.0,0.4295333333333333,known_synthetic_noise,0.7142666666666666,0.5696441780668235,42.5,2.0,0.0,0.1,0.9,full_partition,target-discovery-v1,0.0,0.05,0.999,0.9162184620830452,0.001,0.8474917085969682,2.0,pairwise_f1,hungarian,1.0,0.0,85.0,0.7257197444308072,0.6008019395747856,0.6008019395747856,0.3224,0.9992245657568238,0.4295333333333333,0.8019020549112411,0.6702112747969752,0.9980006402561024,0.3224,85.0,macro,2.0,1.0,0.999,0.5384864165588615,0.3685802833530106,0.999,83.0,2.0,0.0,1.0,2.0,83.0,0.0,0.999,0.0,0.9162184620830452,0.8474917085969682,"{""dimension"": 2, ""family"": ""rings"", ""n"": 20000}","{""geometry_profile"": ""low_dim"", ""knn_backend"": ""kd_tree"", ""min_cluster_size"": 40, ""min_samples"": 5}",development,native_target_discovery_v1
ok,synthetic,rings_2d__quality__n20000,HDBSCAN,151,0.2.4,20000.0,2.0,0.0631597999999939,2.7660422999997536,5.662196799999947,190.22265625,4.09765625,190.5625,,0.9928526682814792,0.9976014390424568,87.0,87.0,0.3999333333333333,known_synthetic_noise,0.6993666666666667,0.5485099594294318,44.5,2.0,0.0,0.1,0.9,full_partition,target-discovery-v1,0.0,0.05,0.9988,0.9177297797987454,0.0012,0.8501175104964646,2.0,pairwise_f1,hungarian,1.0,0.0,89.0,0.7041376286015608,0.5711973339681028,0.5711973339681028,0.30025,0.9990008326394672,0.3999333333333333,0.8061614275229728,0.676366643023275,0.9976011204481792,0.30025,89.0,macro,2.0,1.0,0.9988,0.5258225848907607,0.3568417291889961,0.9988,87.0,2.0,0.0,1.0,2.0,87.0,0.0,0.9988,0.0,0.9177297797987451,0.8501175104964644,"{""dimension"": 2, ""family"": ""rings"", ""n"": 20000}","{""geometry_profile"": ""low_dim"", ""knn_backend"": ""kd_tree"", ""min_cluster_size"": 40, ""min_samples"": 5}",development,native_target_discovery_v1
ok,synthetic,rings_2d__quality__n20000,HDBSCAN,211,0.2.4,20000.0,2.0,0.0562357999988307,2.732356700000309,5.700848000000406,190.74609375,4.5234375,190.9765625,,0.99394874716698,0.9976052798132184,86.0,86.0,0.3615333333333333,known_synthetic_noise,0.6801666666666667,0.5206294404071049,44.0,2.0,0.0,0.1,0.9,full_partition,target-discovery-v1,0.0,0.05,0.9988,0.9201493829492507,0.0012,0.8538409741866302,2.0,pairwise_f1,hungarian,1.0,0.0,88.0,0.6733254971784427,0.5309119389103725,0.5309119389103725,0.27145,0.9988948240928348,0.3615333333333333,0.8068816121265513,0.6773805648677332,0.997602400960384,0.27145,88.0,macro,2.0,1.0,0.9988,0.5103469419038373,0.3427355706540388,0.9988,86.0,2.0,0.0,1.0,2.0,86.0,0.0,0.9988,0.0,0.9201493829492507,0.8538409741866301,"{""dimension"": 2, ""family"": ""rings"", ""n"": 20000}","{""geometry_profile"": ""low_dim"", ""knn_backend"": ""kd_tree"", ""min_cluster_size"": 40, ""min_samples"": 5}",fresh,native_target_discovery_v1
ok,synthetic,rings_2d__quality__n20000,HDBSCAN,223,0.2.4,20000.0,2.0,0.06134590000147,2.8328064999986964,5.772974200001045,190.640625,4.4921875,190.875,,0.994821812100032,0.9980035998429744,80.0,80.0,0.3935333333333333,known_synthetic_noise,0.6962666666666667,0.5439600286526577,41.0,2.0,1.0,0.1,0.9,full_partition,target-discovery-v1,0.0,0.05,0.999,0.8955703810120976,0.001,0.8156600844068717,2.0,pairwise_f1,hungarian,1.0,0.0,82.0,0.6926237237838186,0.5646642433518271,0.5646642433518271,0.2954,0.9991536899119836,0.3935333333333333,0.7589682657689883,0.6123121686611038,0.998001600640256,0.2954,82.0,macro,2.0,1.0,0.999,0.5232558139534883,0.3544564291796764,0.999,80.0,2.0,0.5,1.0,2.0,80.0,0.0,0.999,0.5,0.8955703810120976,0.8156600844068717,"{""dimension"": 2, ""family"": ""rings"", ""n"": 20000}","{""geometry_profile"": ""low_dim"", ""knn_backend"": ""kd_tree"", ""min_cluster_size"": 40, ""min_samples"": 5}",fresh,native_target_discovery_v1
ok,synthetic,rings_2d__quality__n20000,HDBSCAN,227,0.2.4,20000.0,2.0,0.0565497000006871,2.7824371000006067,5.673747400000138,190.61328125,4.171875,190.890625,,0.9957252777273898,0.9984022398734842,79.0,79.0,0.3619333333333333,known_synthetic_noise,0.6805666666666667,0.5210254938720513,40.5,2.0,0.0,0.1,0.9,full_partition,target-discovery-v1,0.0,0.05,0.9992,0.9075442537239312,0.0008,0.8333279655309614,2.0,pairwise_f1,hungarian,1.0,0.0,81.0,0.6703057749763852,0.5313952919297215,0.5313952919297215,0.27165,0.999263758512792,0.3619333333333333,0.7712789175032737,0.6283403982689565,0.9984009603841536,0.27165,81.0,macro,2.0,1.0,0.9992,0.5106556958143813,0.342966980160637,0.9992,79.0,2.0,0.0,1.0,2.0,79.0,0.0,0.9992,0.0,0.9075442537239308,0.8333279655309616,"{""dimension"": 2, ""family"": ""rings"", ""n"": 20000}","{""geometry_profile"": ""low_dim"", ""knn_backend"": ""kd_tree"", ""min_cluster_size"": 40, ""min_samples"": 5}",fresh,native_target_discovery_v1
ok,synthetic,rings_2d__quality__n20000,OPTICS,23,0.2.4,20000.0,2.0,0.0561925000001792,16.24005120000038,19.17204280000078,191.6328125,5.57421875,191.6328125,,0.0312800899469183,0.0009584453042287,2.0,2.0,0.9920666666666668,known_synthetic_noise,0.5050333333333333,0.4450033496514377,2.0,2.0,0.0,0.1,0.9,full_partition,target-discovery-v1,0.0,0.05,0.0094,0.0184313725490196,0.982,0.47,1.0,pairwise_f1,hungarian,0.0,0.0,4.0,0.0360852595756771,0.855451122416717,0.855451122416717,0.98955,0.7519074326714164,0.9920666666666668,0.0006345768245762,0.3616478308421436,0.0003175670268107,0.98955,4.0,macro,0.0,0.0,0.018,0.0345555768861585,0.430622009569378,0.018,2.0,2.0,0.0,0.0,2.0,3.0,0.0,0.0094,0.0,0.0184313725490196,0.47,"{""dimension"": 2, ""family"": ""rings"", ""n"": 20000}","{""geometry_profile"": ""low_dim"", ""knn_backend"": ""kd_tree"", ""max_eps"": 0.09940589964389801, ""max_eps_quantile"": 0.98, ""min_cluster_size"": 40, ""min_samples"": 5, ""xi"": 0.1}",development,native_target_discovery_v1
ok,synthetic,rings_2d__quality__n20000,OPTICS,42,0.2.4,20000.0,2.0,0.0549703999986377,15.663555500001166,18.63173909999932,190.140625,4.26171875,190.17578125,,0.0,0.0,3.0,3.0,0.9904666666666668,known_synthetic_noise,0.4952333333333333,0.4262271566686748,1.5,0.0,0.0,0.1,0.9,full_partition,target-discovery-v1,0.0,0.05,0.0,0.0,1.0,0.0,0.0,pairwise_f1,hungarian,0.0,0.0,3.0,0.0,0.8524543133373497,0.8524543133373497,0.99285,0.7481996273354484,0.9904666666666668,0.0,0.0,0.0,0.99285,3.0,macro,0.0,0.0,0.0,0.0,0.0,0.0,3.0,2.0,0.0,0.0,2.0,3.0,0.0,0.0,0.0,0.0,0.0,"{""dimension"": 2, ""family"": ""rings"", ""n"": 20000}","{""geometry_profile"": ""low_dim"", ""knn_backend"": ""kd_tree"", ""max_eps"": 0.0979817658662796, ""max_eps_quantile"": 0.98, ""min_cluster_size"": 40, ""min_samples"": 5, ""xi"": 0.1}",development,native_target_discovery_v1
ok,synthetic,rings_2d__quality__n20000,OPTICS,73,0.2.4,20000.0,2.0,0.0560416999996959,15.510050599999886,18.314473099999304,189.69921875,4.00390625,189.8828125,,0.0,0.0,2.0,2.0,0.9929333333333332,known_synthetic_noise,0.4964666666666666,0.426835559121912,1.0,0.0,0.0,0.1,0.9,full_partition,target-discovery-v1,0.0,0.05,0.0,0.0,1.0,0.0,0.0,pairwise_f1,hungarian,0.0,0.0,2.0,0.0,0.8536711182438241,0.8536711182438241,0.9947,0.7486679400824369,0.9929333333333332,0.0,0.0,0.0,0.9947,2.0,macro,0.0,0.0,0.0,0.0,0.0,0.0,2.0,2.0,0.0,0.0,2.0,2.0,0.0,0.0,0.0,0.0,0.0,"{""dimension"": 2, ""family"": ""rings"", ""n"": 20000}","{""geometry_profile"": ""low_dim"", ""knn_backend"": ""kd_tree"", ""max_eps"": 0.0990336686372757, ""max_eps_quantile"": 0.98, ""min_cluster_size"": 40, ""min_samples"": 5, ""xi"": 0.1}",development,native_target_discovery_v1
ok,synthetic,rings_2d__quality__n20000,OPTICS,101,0.2.4,20000.0,2.0,0.0568121000014798,15.815931799999817,18.74977299999955,192.19921875,6.46875,192.19921875,,0.0155282972906917,0.0002755769517116,1.0,1.0,0.9971333333333332,known_synthetic_noise,0.5027666666666667,0.4366428034032925,1.0,1.0,0.0,0.1,0.9,full_partition,target-discovery-v1,0.0,0.05,0.0084,0.0165094339622641,0.9916,0.4772727272727273,1.0,pairwise_f1,hungarian,0.0,0.0,2.0,0.0323946404148966,0.8567664327652871,0.8567664327652871,0.99575,0.7510419281948281,0.9971333333333332,0.0002755523608692,0.4875424688561721,0.0001378151260504,0.99575,2.0,macro,0.0,0.0,0.0084,0.0165191740412979,0.4941176470588235,0.0084,1.0,2.0,0.0,0.0,2.0,1.0,0.0,0.0084,0.0,0.0165094339622641,0.4772727272727273,"{""dimension"": 2, ""family"": ""rings"", ""n"": 20000}","{""geometry_profile"": ""low_dim"", ""knn_backend"": ""kd_tree"", ""max_eps"": 0.09867166727781296, ""max_eps_quantile"": 0.98, ""min_cluster_size"": 40, ""min_samples"": 5, ""xi"": 0.1}",development,native_target_discovery_v1
ok,synthetic,rings_2d__quality__n20000,OPTICS,151,0.2.4,20000.0,2.0,0.0560929999992367,15.661504499999864,18.55922989999999,192.55078125,6.4609375,191.20703125,,0.0420593498103738,0.0017117365369578,3.0,3.0,0.9902,known_synthetic_noise,0.5078,0.4518002584663498,3.0,3.0,0.0,0.1,0.9,full_partition,target-discovery-v1,0.0,0.05,0.0104,0.020336331638639,0.9746,0.4561403508771929,1.0,pairwise_f1,hungarian,0.0,0.0,6.0,0.0397282063470145,0.8554397281575764,0.8554397281575764,0.9863,0.7529656291189293,0.9902,0.00086188369719,0.4316143497757848,0.0004313725490196,0.9863,6.0,macro,0.0,0.0,0.0254,0.0481607887751232,0.4635036496350365,0.0254,3.0,2.0,0.0,0.0,2.0,5.0,0.0,0.0104,0.0,0.020336331638639,0.4561403508771929,"{""dimension"": 2, ""family"": ""rings"", ""n"": 20000}","{""geometry_profile"": ""low_dim"", ""knn_backend"": ""kd_tree"", ""max_eps"": 0.09830965846776962, ""max_eps_quantile"": 0.98, ""min_cluster_size"": 40, ""min_samples"": 5, ""xi"": 0.1}",development,native_target_discovery_v1
ok,synthetic,rings_2d__quality__n20000,OPTICS,211,0.2.4,20000.0,2.0,0.0565657000006467,15.274846600001185,18.057940800001237,189.63671875,3.8515625,189.91796875,,0.0336644862943867,0.000396719646114,3.0,3.0,0.9880666666666666,known_synthetic_noise,0.5039333333333333,0.4456046367882051,2.5,2.0,0.0,0.1,0.9,full_partition,target-discovery-v1,0.0,0.05,0.0197999999999999,0.0388031805648817,0.9802,0.9798644338118022,2.0,pairwise_f1,hungarian,0.0,0.0,5.0,0.0742322663755983,0.8536950636484073,0.8536950636484073,0.9861,0.7514957915018761,0.9880666666666666,0.0007811097417621,0.3171491626638972,0.0003910364145658,0.9861,5.0,macro,0.0,0.0,0.0198,0.037514209928003,0.356115107913669,0.0198,3.0,2.0,0.0,0.0,2.0,3.0,0.0,0.0198,0.0,0.0388031805648817,0.979864433811802,"{""dimension"": 2, ""family"": ""rings"", ""n"": 20000}","{""geometry_profile"": ""low_dim"", ""knn_backend"": ""kd_tree"", ""max_eps"": 0.09879966825246811, ""max_eps_quantile"": 0.98, ""min_cluster_size"": 40, ""min_samples"": 5, ""xi"": 0.1}",fresh,native_target_discovery_v1
ok,synthetic,rings_2d__quality__n20000,OPTICS,223,0.2.4,20000.0,2.0,0.0556980000001203,15.258469899999907,18.04545390000021,192.08984375,6.0078125,192.08984375,,0.042239112599635,0.0006491702384018,3.0,3.0,0.9907333333333334,known_synthetic_noise,0.5083666666666666,0.4525612431535251,3.0,3.0,0.0,0.1,0.9,full_partition,target-discovery-v1,0.0,0.05,0.0172,0.0337496340354716,0.974,0.9147727272727272,2.0,pairwise_f1,hungarian,0.0,0.0,6.0,0.0649382711954247,0.8557772595087962,0.8557772595087962,0.98655,0.753180274694643,0.9907333333333334,0.0008852682158007,0.463496316141996,0.0004430572228891,0.98655,6.0,macro,0.0,0.0,0.026,0.0493452267982539,0.483271375464684,0.026,3.0,2.0,0.0,0.0,2.0,4.0,0.0,0.0172,0.0,0.0337496340354716,0.9147727272727272,"{""dimension"": 2, ""family"": ""rings"", ""n"": 20000}","{""geometry_profile"": ""low_dim"", ""knn_backend"": ""kd_tree"", ""max_eps"": 0.09923228621482849, ""max_eps_quantile"": 0.98, ""min_cluster_size"": 40, ""min_samples"": 5, ""xi"": 0.1}",fresh,native_target_discovery_v1
ok,synthetic,rings_2d__quality__n20000,OPTICS,227,0.2.4,20000.0,2.0,0.0558991999987483,15.179282900000544,17.957571900000403,192.9765625,6.7890625,191.41015625,,0.0491246073622366,0.0011803866567068,4.0,4.0,0.9862,known_synthetic_noise,0.5085,0.455787966117055,3.5,3.0,0.0,0.1,0.9,full_partition,target-discovery-v1,0.0,0.05,0.0232,0.0451697037998738,0.9692,0.9338624338624338,2.0,pairwise_f1,hungarian,0.0,0.0,7.0,0.0858018416995247,0.8541239643176766,0.8541239643176766,0.98195,0.7532460919598758,0.9862,0.0014092189254681,0.4468430120604034,0.0007057222889155,0.98195,7.0,macro,0.0,0.0,0.0308,0.0574519679164335,0.4265927977839335,0.0308,4.0,2.0,0.0,0.0,2.0,5.0,0.0,0.0232,0.0,0.0451697037998738,0.9338624338624338,"{""dimension"": 2, ""family"": ""rings"", ""n"": 20000}","{""geometry_profile"": ""low_dim"", ""knn_backend"": ""kd_tree"", ""max_eps"": 0.0995405912399292, ""max_eps_quantile"": 0.98, ""min_cluster_size"": 40, ""min_samples"": 5, ""xi"": 0.1}",fresh,native_target_discovery_v1
ok,synthetic,rings_2d__quality__n20000,SNN-DBSCAN,23,0.2.4,20000.0,2.0,0.0548302000006515,0.2104583000000275,3.679063699999461,253.4140625,26.9375,242.72265625,,0.2587011674876043,0.0300109680352988,394.0,387.0,0.1064666666666666,known_synthetic_noise,0.5255333333333333,0.2988716518033436,249.5,112.0,0.0,0.1,0.9,full_partition,target-discovery-v1,4.0,0.05,0.0836,0.1523398648016283,0.0554,0.8790389688567837,2.0,pairwise_f1,hungarian,3.0,0.0,499.0,0.1688148261264242,0.1892852909802062,0.1892852909802062,0.0937,0.852187833511206,0.1064666666666666,0.0543170868975309,0.3080871298669475,0.0297840736294517,0.0937,499.0,macro,0.0,0.0,0.9446,0.408458012626481,0.2605649343484497,0.9446,394.0,2.0,0.0,0.0,2.0,497.0,0.0,0.0836,0.0,0.1523398648016283,0.8790389688567837,"{""dimension"": 2, ""family"": ""rings"", ""n"": 20000}","{""eps"": 13, ""geometry_profile"": ""low_dim"", ""k"": 20, ""knn_backend"": ""kd_tree"", ""min_samples"": 5}",development,native_target_discovery_v1
ok,synthetic,rings_2d__quality__n20000,SNN-DBSCAN,42,0.2.4,20000.0,2.0,0.0550344999992375,0.2110808000015822,3.6304832999994687,255.28515625,28.37109375,248.37109375,,0.268775997287265,0.0355291091979526,382.0,375.0,0.107,known_synthetic_noise,0.5297000000000001,0.3009315759769477,236.5,98.0,0.0,0.1,0.9,full_partition,target-discovery-v1,8.0,0.05,0.0746,0.1369866082155718,0.0476,0.8768725090475973,2.0,pairwise_f1,hungarian,5.0,0.0,473.0,0.1594003467770974,0.1905836252449088,0.1905836252449088,0.09215,0.870862723819859,0.107,0.06341793043289,0.3041677153690951,0.0353992797118847,0.09215,473.0,macro,0.0,0.0,0.9524,0.4112795267089865,0.2622679958142865,0.9524,382.0,2.0,0.0,0.0,2.0,471.0,0.0,0.0746,0.0,0.1369866082155718,0.8768725090475972,"{""dimension"": 2, ""family"": ""rings"", ""n"": 20000}","{""eps"": 13, ""geometry_profile"": ""low_dim"", ""k"": 20, ""knn_backend"": ""kd_tree"", ""min_samples"": 5}",development,native_target_discovery_v1
ok,synthetic,rings_2d__quality__n20000,SNN-DBSCAN,73,0.2.4,20000.0,2.0,0.0563526000005367,0.2122804999999061,3.657755199999883,251.85546875,25.28125,253.71484375,,0.2627169461728353,0.0316737408157917,352.0,347.0,0.1072,known_synthetic_noise,0.5296,0.3010393839695844,226.0,105.0,0.0,0.1,0.9,full_partition,target-discovery-v1,5.0,0.05,0.074,0.135690600238793,0.048,0.8752214452214453,2.0,pairwise_f1,hungarian,3.5,0.0,452.0,0.1586229847621884,0.1908831908831909,0.1908831908831909,0.0924,0.8701298701298701,0.1072,0.056214668659637,0.2598348616831334,0.031516606642657,0.0924,452.0,macro,0.0,0.0,0.952,0.4111955770559778,0.2622300572939621,0.952,352.0,2.0,0.0,0.0,2.0,450.0,0.0,0.074,0.0,0.135690600238793,0.8752214452214452,"{""dimension"": 2, ""family"": ""rings"", ""n"": 20000}","{""eps"": 13, ""geometry_profile"": ""low_dim"", ""k"": 20, ""knn_backend"": ""kd_tree"", ""min_samples"": 5}",development,native_target_discovery_v1
ok,synthetic,rings_2d__quality__n20000,SNN-DBSCAN,101,0.2.4,20000.0,2.0,0.0545462999998562,0.2215386999996553,3.771270000001096,253.34765625,26.91796875,236.265625,,0.2721577542810147,0.0377775761289655,365.0,355.0,0.1030666666666666,known_synthetic_noise,0.5272333333333333,0.297030033494951,225.0,95.0,0.0,0.1,0.9,full_partition,target-discovery-v1,6.0,0.05,0.0932,0.1689950540990867,0.0486,0.920179301667191,2.0,pairwise_f1,hungarian,4.0,0.0,450.0,0.176255683429984,0.1841682053725654,0.1841682053725654,0.08945,0.864169927333706,0.1030666666666666,0.065985515907623,0.2910607439718647,0.0372107242897158,0.08945,450.0,macro,0.0,0.0,0.9514,0.4098918616173366,0.2612157487232991,0.9514,365.0,2.0,0.0,0.0,2.0,448.0,0.0,0.0932,0.0,0.1689950540990867,0.9201793016671908,"{""dimension"": 2, ""family"": ""rings"", ""n"": 20000}","{""eps"": 13, ""geometry_profile"": ""low_dim"", ""k"": 20, ""knn_backend"": ""kd_tree"", ""min_samples"": 5}",development,native_target_discovery_v1
ok,synthetic,rings_2d__quality__n20000,SNN-DBSCAN,151,0.2.4,20000.0,2.0,0.0562093999997159,0.2113293000002158,3.687476299999617,250.578125,23.703125,250.1171875,,0.2719216809824642,0.0372338300918496,382.0,378.0,0.1048666666666666,known_synthetic_noise,0.5267333333333333,0.2981684113726054,234.5,91.0,0.0,0.1,0.9,full_partition,target-discovery-v1,4.0,0.05,0.0822,0.1502981617081517,0.0514,0.9134179418670552,2.0,pairwise_f1,hungarian,3.0,0.0,469.0,0.1666237378178168,0.1869281045751633,0.1869281045751633,0.0915,0.8595628415300547,0.1048666666666666,0.06533394258625,0.3051290506470221,0.0365835934373749,0.0915,469.0,macro,0.0,0.0,0.9486,0.4094087181700474,0.2610346725371491,0.9486,382.0,2.0,0.0,0.0,2.0,467.0,0.0,0.0822,0.0,0.1502981617081517,0.9134179418670552,"{""dimension"": 2, ""family"": ""rings"", ""n"": 20000}","{""eps"": 13, ""geometry_profile"": ""low_dim"", ""k"": 20, ""knn_backend"": ""kd_tree"", ""min_samples"": 5}",development,native_target_discovery_v1
ok,synthetic,rings_2d__quality__n20000,SNN-DBSCAN,211,0.2.4,20000.0,2.0,0.0558055000001331,0.2091921000010188,3.672122299998591,254.87109375,28.4453125,253.0390625,,0.2658981325055921,0.0338864910033339,377.0,367.0,0.1031333333333333,known_synthetic_noise,0.5260666666666667,0.296615867465517,235.5,104.0,0.0,0.1,0.9,full_partition,target-discovery-v1,6.0,0.05,0.0761999999999999,0.1403109513493662,0.051,0.8876194387997751,2.0,pairwise_f1,hungarian,4.0,0.0,471.0,0.1592668868373883,0.1841447446732531,0.1841447446732531,0.0901,0.8584905660377359,0.1031333333333333,0.0602169255355731,0.2882036632268174,0.0336208083233293,0.0901,471.0,macro,0.0,0.0,0.949,0.4090869902577808,0.2607429387844818,0.949,377.0,2.0,0.0,0.0,2.0,469.0,0.0,0.0762,0.0,0.1403109513493662,0.8876194387997751,"{""dimension"": 2, ""family"": ""rings"", ""n"": 20000}","{""eps"": 13, ""geometry_profile"": ""low_dim"", ""k"": 20, ""knn_backend"": ""kd_tree"", ""min_samples"": 5}",fresh,native_target_discovery_v1
ok,synthetic,rings_2d__quality__n20000,SNN-DBSCAN,223,0.2.4,20000.0,2.0,0.0563526999994792,0.2065811000011308,3.6854547999992064,254.65234375,27.859375,253.58984375,,0.2657893280113688,0.035261589702422,379.0,374.0,0.1054,known_synthetic_noise,0.5287,0.2993479542472213,239.5,105.0,0.0,0.1,0.9,full_partition,target-discovery-v1,7.0,0.05,0.0912,0.1657454183355373,0.048,0.9077343154686308,2.0,pairwise_f1,hungarian,4.5,0.0,479.0,0.1761635927648628,0.1879793115748172,0.1879793115748172,0.09105,0.8682042833607908,0.1054,0.0634149202971863,0.3334084695812423,0.0350397759103641,0.09105,479.0,macro,0.0,0.0,0.952,0.4107165969196255,0.2618405852907201,0.952,379.0,2.0,0.0,0.0,2.0,477.0,0.0,0.0912,0.0,0.1657454183355373,0.907734315468631,"{""dimension"": 2, ""family"": ""rings"", ""n"": 20000}","{""eps"": 13, ""geometry_profile"": ""low_dim"", ""k"": 20, ""knn_backend"": ""kd_tree"", ""min_samples"": 5}",fresh,native_target_discovery_v1
ok,synthetic,rings_2d__quality__n20000,SNN-DBSCAN,227,0.2.4,20000.0,2.0,0.0543666000012308,0.2180141000008006,3.7149922999997216,246.94140625,20.56640625,245.8984375,,0.2610265361017817,0.030342016934374,362.0,354.0,0.1032666666666666,known_synthetic_noise,0.5235333333333333,0.2957065642333102,230.0,106.0,0.0,0.1,0.9,full_partition,target-discovery-v1,4.0,0.05,0.0726,0.1339854925763091,0.0562,0.8718236173393124,2.0,pairwise_f1,hungarian,3.0,0.0,460.0,0.1550864671927264,0.1840760546642899,0.1840760546642899,0.0915,0.846448087431694,0.1032666666666666,0.0538503192242319,0.2785612242608286,0.0298061624649859,0.0915,460.0,macro,0.0,0.0,0.9438,0.4073370738023306,0.2597138139790864,0.9438,362.0,2.0,0.0,0.0,2.0,458.0,0.0,0.0726,0.0,0.1339854925763091,0.8718236173393125,"{""dimension"": 2, ""family"": ""rings"", ""n"": 20000}","{""eps"": 13, ""geometry_profile"": ""low_dim"", ""k"": 20, ""knn_backend"": ""kd_tree"", ""min_samples"": 5}",fresh,native_target_discovery_v1
ok,synthetic,rings_2d__quality__n20000,StrataSCAN,23,0.2.4,20000.0,2.0,0.0820903000003454,0.9895013000004838,3.9372927000003983,240.421875,54.29296875,240.328125,,0.9787247277885336,0.9916170290735672,3.0,3.0,0.9521333333333334,known_synthetic_noise,0.9739666666666666,0.9528479745226952,2.5,2.0,1.0,0.1,0.9,full_partition,target-discovery-v1,0.0,0.05,0.9958,0.9336519654177022,0.0042,0.8803310716420387,2.0,pairwise_f1,hungarian,1.0,0.0,5.0,0.9537731676795934,0.9747807391734636,0.9747807391734636,0.71515,0.998531776550374,0.9521333333333334,0.8645428501213893,0.7663382672415264,0.9916163265306124,0.71515,5.0,macro,2.0,2.0,0.9958,0.9309152098719268,0.8739687554853431,0.9958,3.0,2.0,0.5,1.0,2.0,3.0,0.0,0.9958,0.5,0.9336519654177023,0.8803310716420386,"{""dimension"": 2, ""family"": ""rings"", ""n"": 20000}","{""ambiguous_model_confirmation_tolerance"": 1e-05, ""assignment"": ""maximum_posterior_basis_then_semantic_role"", ""background_model"": ""adaptive_gamma_basis_mixture_with_largest_rate_gap"", ""background_scan"": ""adaptive_dyadic_rank_windows_with_poisson_beta_boundary_code"", ""border_rule"": ""strict_local_core_radius"", ""component_initialization"": ""compiled_split_warm_single_start_with_guarded_confirmation"", ""component_selection"": ""semantic_icl_with_adaptive_bound"", ""connectivity"": ""density_ordered_non_merging_knn_watershed"", ""core_thresholds"": ""observed_d4_event_sweep"", ""duplicate_profile_confirmation_minimum"": 3, ""duplicate_profile_confirmation_tolerance"": 1e-08, ""extraction_objective"": ""gamma_topology_description_length"", ""fit_samples"": ""all_rows"", ""gamma_tolerance"": 0.0001, ""geometry_profile"": ""low_dim"", ""hard_component_bound"": 24, ""initial_component_bound"": 8, ""k"": 32, ""knn_backend"": ""kd_tree"", ""shell_ranks"": [4, 8, 16, 32], ""stratification_model"": ""adaptive_gamma_density_basis_with_semantic_background"", ""version"": ""0.2.3""}",development,native_target_discovery_v1
ok,synthetic,rings_2d__quality__n20000,StrataSCAN,42,0.2.4,20000.0,2.0,0.0568977999992057,0.7130228000005445,3.686653599999772,233.1171875,46.5703125,233.015625,,0.9366265953429126,0.9599302243529448,0.0,0.0,0.9667333333333332,known_synthetic_noise,0.9729666666666666,0.9608115804704218,1.0,2.0,1.0,0.1,0.9,full_partition,target-discovery-v1,0.0,0.05,0.9792,0.942274052478134,0.0208,0.908197284756831,2.0,pairwise_f1,hungarian,1.0,0.0,2.0,0.9605898579126422,0.9796318189495018,0.9796318189495018,0.73025,0.9928791509756932,0.9667333333333332,0.8862069207741903,0.8235424269555759,0.9591932773109244,0.73025,2.0,macro,2.0,2.0,0.9792,0.941991341991342,0.9075069508804448,0.9792,0.0,2.0,0.5,1.0,2.0,0.0,0.0,0.9792,0.5,0.942274052478134,0.9081972847568308,"{""dimension"": 2, ""family"": ""rings"", ""n"": 20000}","{""ambiguous_model_confirmation_tolerance"": 1e-05, ""assignment"": ""maximum_posterior_basis_then_semantic_role"", ""background_model"": ""adaptive_gamma_basis_mixture_with_largest_rate_gap"", ""background_scan"": ""adaptive_dyadic_rank_windows_with_poisson_beta_boundary_code"", ""border_rule"": ""strict_local_core_radius"", ""component_initialization"": ""compiled_split_warm_single_start_with_guarded_confirmation"", ""component_selection"": ""semantic_icl_with_adaptive_bound"", ""connectivity"": ""density_ordered_non_merging_knn_watershed"", ""core_thresholds"": ""observed_d4_event_sweep"", ""duplicate_profile_confirmation_minimum"": 3, ""duplicate_profile_confirmation_tolerance"": 1e-08, ""extraction_objective"": ""gamma_topology_description_length"", ""fit_samples"": ""all_rows"", ""gamma_tolerance"": 0.0001, ""geometry_profile"": ""low_dim"", ""hard_component_bound"": 24, ""initial_component_bound"": 8, ""k"": 32, ""knn_backend"": ""kd_tree"", ""shell_ranks"": [4, 8, 16, 32], ""stratification_model"": ""adaptive_gamma_density_basis_with_semantic_background"", ""version"": ""0.2.3""}",development,native_target_discovery_v1
ok,synthetic,rings_2d__quality__n20000,StrataSCAN,73,0.2.4,20000.0,2.0,0.0574694000006275,1.0154708999998547,3.9811307999989367,241.21484375,54.86328125,241.21484375,,0.9872174698550298,0.9952091170495092,3.0,3.0,0.9552666666666668,known_synthetic_noise,0.9764333333333334,0.9563223437760312,2.5,2.0,1.0,0.1,0.9,full_partition,target-discovery-v1,0.0,0.05,0.9976,0.9382482829648232,0.0024,0.8866878092323965,2.0,pairwise_f1,hungarian,1.0,0.0,5.0,0.9570986499595462,0.9767219931154356,0.9767219931154356,0.71705,0.9991632382679032,0.9552666666666668,0.8743931683838901,0.7797369871836997,0.9952062424969988,0.71705,5.0,macro,2.0,2.0,0.9976,0.9359226944366263,0.8814278141014313,0.9976,3.0,2.0,0.5,1.0,2.0,3.0,0.0,0.9976,0.5,0.9382482829648232,0.8866878092323964,"{""dimension"": 2, ""family"": ""rings"", ""n"": 20000}","{""ambiguous_model_confirmation_tolerance"": 1e-05, ""assignment"": ""maximum_posterior_basis_then_semantic_role"", ""background_model"": ""adaptive_gamma_basis_mixture_with_largest_rate_gap"", ""background_scan"": ""adaptive_dyadic_rank_windows_with_poisson_beta_boundary_code"", ""border_rule"": ""strict_local_core_radius"", ""component_initialization"": ""compiled_split_warm_single_start_with_guarded_confirmation"", ""component_selection"": ""semantic_icl_with_adaptive_bound"", ""connectivity"": ""density_ordered_non_merging_knn_watershed"", ""core_thresholds"": ""observed_d4_event_sweep"", ""duplicate_profile_confirmation_minimum"": 3, ""duplicate_profile_confirmation_tolerance"": 1e-08, ""extraction_objective"": ""gamma_topology_description_length"", ""fit_samples"": ""all_rows"", ""gamma_tolerance"": 0.0001, ""geometry_profile"": ""low_dim"", ""hard_component_bound"": 24, ""initial_component_bound"": 8, ""k"": 32, ""knn_backend"": ""kd_tree"", ""shell_ranks"": [4, 8, 16, 32], ""stratification_model"": ""adaptive_gamma_density_basis_with_semantic_background"", ""version"": ""0.2.3""}",development,native_target_discovery_v1
ok,synthetic,rings_2d__quality__n20000,StrataSCAN,101,0.2.4,20000.0,2.0,0.0576861999998072,0.9565180000008696,3.898482000000513,240.53125,54.23828125,240.53125,,0.9778086119521208,0.991226229538419,2.0,2.0,0.9532666666666668,known_synthetic_noise,0.9747333333333332,0.9540193000667142,2.5,3.0,1.0,0.1,0.9,full_partition,target-discovery-v1,0.0,0.05,0.9956,0.9343586709740964,0.0038,0.8814784753863318,2.0,pairwise_f1,hungarian,1.0,0.0,5.0,0.9544583067523412,0.975441708165632,0.975441708165632,0.7159,0.99867299902221,0.9532666666666668,0.8665733387367256,0.7697739993605772,0.9912195278111244,0.7159,5.0,macro,2.0,2.0,0.9962,0.9325968919677964,0.876627947905667,0.9962,2.0,2.0,0.5,1.0,2.0,3.0,0.0,0.9956,0.5,0.9343586709740964,0.8814784753863317,"{""dimension"": 2, ""family"": ""rings"", ""n"": 20000}","{""ambiguous_model_confirmation_tolerance"": 1e-05, ""assignment"": ""maximum_posterior_basis_then_semantic_role"", ""background_model"": ""adaptive_gamma_basis_mixture_with_largest_rate_gap"", ""background_scan"": ""adaptive_dyadic_rank_windows_with_poisson_beta_boundary_code"", ""border_rule"": ""strict_local_core_radius"", ""component_initialization"": ""compiled_split_warm_single_start_with_guarded_confirmation"", ""component_selection"": ""semantic_icl_with_adaptive_bound"", ""connectivity"": ""density_ordered_non_merging_knn_watershed"", ""core_thresholds"": ""observed_d4_event_sweep"", ""duplicate_profile_confirmation_minimum"": 3, ""duplicate_profile_confirmation_tolerance"": 1e-08, ""extraction_objective"": ""gamma_topology_description_length"", ""fit_samples"": ""all_rows"", ""gamma_tolerance"": 0.0001, ""geometry_profile"": ""low_dim"", ""hard_component_bound"": 24, ""initial_component_bound"": 8, ""k"": 32, ""knn_backend"": ""kd_tree"", ""shell_ranks"": [4, 8, 16, 32], ""stratification_model"": ""adaptive_gamma_density_basis_with_semantic_background"", ""version"": ""0.2.3""}",development,native_target_discovery_v1
ok,synthetic,rings_2d__quality__n20000,StrataSCAN,151,0.2.4,20000.0,2.0,0.0597706999997171,0.9718197999991388,3.9191292999985303,241.359375,55.05859375,239.7421875,,0.9713802807082406,0.9880378986482424,3.0,3.0,0.9542,known_synthetic_noise,0.9741,0.9541425742096667,2.5,2.0,1.0,0.1,0.9,full_partition,target-discovery-v1,0.0,0.05,0.994,0.9347530780727036,0.006,0.8829877374626345,2.0,pairwise_f1,hungarian,1.0,0.0,5.0,0.9547230253659904,0.975564870667621,0.975564870667621,0.71715,0.9979083873666597,0.9542,0.8686215879746251,0.7749602460488979,0.9880350540216086,0.71715,5.0,macro,2.0,2.0,0.994,0.9327202777517124,0.8785575393318014,0.994,3.0,2.0,0.5,1.0,2.0,3.0,0.0,0.994,0.5,0.9347530780727036,0.8829877374626344,"{""dimension"": 2, ""family"": ""rings"", ""n"": 20000}","{""ambiguous_model_confirmation_tolerance"": 1e-05, ""assignment"": ""maximum_posterior_basis_then_semantic_role"", ""background_model"": ""adaptive_gamma_basis_mixture_with_largest_rate_gap"", ""background_scan"": ""adaptive_dyadic_rank_windows_with_poisson_beta_boundary_code"", ""border_rule"": ""strict_local_core_radius"", ""component_initialization"": ""compiled_split_warm_single_start_with_guarded_confirmation"", ""component_selection"": ""semantic_icl_with_adaptive_bound"", ""connectivity"": ""density_ordered_non_merging_knn_watershed"", ""core_thresholds"": ""observed_d4_event_sweep"", ""duplicate_profile_confirmation_minimum"": 3, ""duplicate_profile_confirmation_tolerance"": 1e-08, ""extraction_objective"": ""gamma_topology_description_length"", ""fit_samples"": ""all_rows"", ""gamma_tolerance"": 0.0001, ""geometry_profile"": ""low_dim"", ""hard_component_bound"": 24, ""initial_component_bound"": 8, ""k"": 32, ""knn_backend"": ""kd_tree"", ""shell_ranks"": [4, 8, 16, 32], ""stratification_model"": ""adaptive_gamma_density_basis_with_semantic_background"", ""version"": ""0.2.3""}",development,native_target_discovery_v1
ok,synthetic,rings_2d__quality__n20000,StrataSCAN,211,0.2.4,20000.0,2.0,0.0554157000005943,1.2191695000001346,4.128753799999686,250.65625,64.45703125,250.65625,,0.8122720669584984,0.8082033993429412,3.0,2.0,0.959,known_synthetic_noise,0.9761,0.9583015346394146,3.0,4.0,1.0,0.1,0.9,full_partition,target-discovery-v1,1.0,0.05,0.8754,0.8828856064157246,0.0068,0.8940071918989863,2.0,pairwise_f1,hungarian,1.5,0.0,6.0,0.9279847685823456,0.9779394269009822,0.9779394269009822,0.72095,0.997642000138706,0.959,0.8098338934163255,0.8115075694539652,0.8081671068427371,0.72095,6.0,macro,2.0,1.0,0.9932,0.938663642377847,0.8898046944991936,0.9932,3.0,2.0,0.5,1.0,2.0,4.0,0.0,0.8754,0.5,0.8828856064157246,0.8940071918989863,"{""dimension"": 2, ""family"": ""rings"", ""n"": 20000}","{""ambiguous_model_confirmation_tolerance"": 1e-05, ""assignment"": ""maximum_posterior_basis_then_semantic_role"", ""background_model"": ""adaptive_gamma_basis_mixture_with_largest_rate_gap"", ""background_scan"": ""adaptive_dyadic_rank_windows_with_poisson_beta_boundary_code"", ""border_rule"": ""strict_local_core_radius"", ""component_initialization"": ""compiled_split_warm_single_start_with_guarded_confirmation"", ""component_selection"": ""semantic_icl_with_adaptive_bound"", ""connectivity"": ""density_ordered_non_merging_knn_watershed"", ""core_thresholds"": ""observed_d4_event_sweep"", ""duplicate_profile_confirmation_minimum"": 3, ""duplicate_profile_confirmation_tolerance"": 1e-08, ""extraction_objective"": ""gamma_topology_description_length"", ""fit_samples"": ""all_rows"", ""gamma_tolerance"": 0.0001, ""geometry_profile"": ""low_dim"", ""hard_component_bound"": 24, ""initial_component_bound"": 8, ""k"": 32, ""knn_backend"": ""kd_tree"", ""shell_ranks"": [4, 8, 16, 32], ""stratification_model"": ""adaptive_gamma_density_basis_with_semantic_background"", ""version"": ""0.2.3""}",fresh,native_target_discovery_v1
ok,synthetic,rings_2d__quality__n20000,StrataSCAN,223,0.2.4,20000.0,2.0,0.0575800999995408,0.9367239999992308,3.859419700000217,241.4453125,55.140625,239.76171875,,0.9621882454917374,0.9821648490078624,0.0,0.0,0.9614,known_synthetic_noise,0.9762,0.9597931465639938,1.0,2.0,1.0,0.1,0.9,full_partition,target-discovery-v1,0.0,0.05,0.991,0.941368683662996,0.009,0.8972732396400942,2.0,pairwise_f1,hungarian,1.0,0.0,2.0,0.9597305832538044,0.9788230502952556,0.9788230502952556,0.7233,0.9968892575694732,0.9614,0.881857697165059,0.8001791098031513,0.9821066026410564,0.7233,2.0,macro,2.0,2.0,0.991,0.940763242832732,0.8953740513191182,0.991,0.0,2.0,0.5,1.0,2.0,0.0,0.0,0.991,0.5,0.941368683662996,0.8972732396400941,"{""dimension"": 2, ""family"": ""rings"", ""n"": 20000}","{""ambiguous_model_confirmation_tolerance"": 1e-05, ""assignment"": ""maximum_posterior_basis_then_semantic_role"", ""background_model"": ""adaptive_gamma_basis_mixture_with_largest_rate_gap"", ""background_scan"": ""adaptive_dyadic_rank_windows_with_poisson_beta_boundary_code"", ""border_rule"": ""strict_local_core_radius"", ""component_initialization"": ""compiled_split_warm_single_start_with_guarded_confirmation"", ""component_selection"": ""semantic_icl_with_adaptive_bound"", ""connectivity"": ""density_ordered_non_merging_knn_watershed"", ""core_thresholds"": ""observed_d4_event_sweep"", ""duplicate_profile_confirmation_minimum"": 3, ""duplicate_profile_confirmation_tolerance"": 1e-08, ""extraction_objective"": ""gamma_topology_description_length"", ""fit_samples"": ""all_rows"", ""gamma_tolerance"": 0.0001, ""geometry_profile"": ""low_dim"", ""hard_component_bound"": 24, ""initial_component_bound"": 8, ""k"": 32, ""knn_backend"": ""kd_tree"", ""shell_ranks"": [4, 8, 16, 32], ""stratification_model"": ""adaptive_gamma_density_basis_with_semantic_background"", ""version"": ""0.2.3""}",fresh,native_target_discovery_v1
ok,synthetic,rings_2d__quality__n20000,StrataSCAN,227,0.2.4,20000.0,2.0,0.055426200000511,1.1743283000014344,4.119922600000791,250.51953125,64.4375,250.51953125,,0.5425818647939383,0.3531940044476254,1.0,1.0,0.9599333333333332,known_synthetic_noise,0.9761666666666666,0.9588992235687056,5.0,9.0,1.0,0.1,0.9,full_partition,target-discovery-v1,4.0,0.05,0.4484,0.5964490547935319,0.0076,0.8906076599071833,2.0,pairwise_f1,hungarian,3.0,0.0,10.0,0.7410761002438564,0.978292624927812,0.978292624927812,0.72185,0.997367874212094,0.9599333333333332,0.4888326830143779,0.7939230038433303,0.3531308523409364,0.72185,10.0,macro,0.0,0.0,0.9924,0.9395058222095996,0.891964767211936,0.9924,1.0,2.0,0.5,0.0,2.0,8.0,0.0,0.4484,0.5,0.5964490547935319,0.8906076599071832,"{""dimension"": 2, ""family"": ""rings"", ""n"": 20000}","{""ambiguous_model_confirmation_tolerance"": 1e-05, ""assignment"": ""maximum_posterior_basis_then_semantic_role"", ""background_model"": ""adaptive_gamma_basis_mixture_with_largest_rate_gap"", ""background_scan"": ""adaptive_dyadic_rank_windows_with_poisson_beta_boundary_code"", ""border_rule"": ""strict_local_core_radius"", ""component_initialization"": ""compiled_split_warm_single_start_with_guarded_confirmation"", ""component_selection"": ""semantic_icl_with_adaptive_bound"", ""connectivity"": ""density_ordered_non_merging_knn_watershed"", ""core_thresholds"": ""observed_d4_event_sweep"", ""duplicate_profile_confirmation_minimum"": 3, ""duplicate_profile_confirmation_tolerance"": 1e-08, ""extraction_objective"": ""gamma_topology_description_length"", ""fit_samples"": ""all_rows"", ""gamma_tolerance"": 0.0001, ""geometry_profile"": ""low_dim"", ""hard_component_bound"": 24, ""initial_component_bound"": 8, ""k"": 32, ""knn_backend"": ""kd_tree"", ""shell_ranks"": [4, 8, 16, 32], ""stratification_model"": ""adaptive_gamma_density_basis_with_semantic_background"", ""version"": ""0.2.3""}",fresh,native_target_discovery_v1
ok,synthetic,rings_2d__quality__n20000,VDBSCAN-2007,23,0.2.4,20000.0,2.0,0.0550794999999197,0.2513186000014684,3.015654099999665,192.82421875,6.95703125,192.328125,,0.8727707774100679,0.9400188019740868,166.0,153.0,0.0256666666666666,known_synthetic_noise,0.5118333333333334,0.2278124275867904,87.5,22.0,1.0,0.1,0.9,full_partition,target-discovery-v1,0.0,0.05,0.9692,0.9393901708290466,0.002,0.911474690019482,2.0,pairwise_f1,hungarian,1.0,0.0,175.0,0.0949756598828295,0.0500162390386489,0.0500162390386489,0.01975,0.9746835443037974,0.0256666666666666,0.1400326674090857,0.0756511919931939,0.9400092837134854,0.01975,175.0,macro,2.0,2.0,0.998,0.4056086161349319,0.2545269064014282,0.998,166.0,2.0,0.5,1.0,2.0,173.0,0.0,0.9692,0.5,0.9393901708290466,0.911474690019482,"{""dimension"": 2, ""family"": ""rings"", ""n"": 20000}","{""eps_values"": [0.03047599270939827, 0.08228287845849991, 0.10098931938409805], ""geometry_profile"": ""low_dim"", ""knee_prominence"": 0.03, ""knn_backend"": ""kd_tree"", ""max_eps_values"": 3, ""min_samples"": 5}",development,native_target_discovery_v1
ok,synthetic,rings_2d__quality__n20000,VDBSCAN-2007,42,0.2.4,20000.0,2.0,0.0570048999998107,0.219115600000805,3.042056700000103,199.16015625,13.046875,199.16015625,,0.0,0.0,46.0,45.0,0.0183333333333333,known_synthetic_noise,0.5091666666666667,0.2202277424831907,23.0,1.0,0.0,0.1,0.9,full_partition,target-discovery-v1,0.0,0.05,0.5,0.1174260216063879,0.0,0.0665247472059606,1.0,pairwise_f1,hungarian,1.0,1.0,46.0,0.0551135338797923,0.0360065466448445,0.0360065466448445,0.01375,1.0,0.0183333333333333,0.0683221021803707,0.0353693036802299,1.0,0.01375,46.0,macro,0.0,0.0,1.0,0.4044489383215369,0.2534854245880862,1.0,46.0,2.0,0.0,0.0,2.0,45.0,0.0,0.5,0.0,0.1174260216063879,0.0665247472059606,"{""dimension"": 2, ""family"": ""rings"", ""n"": 20000}","{""eps_values"": [0.08266814053058624, 0.10135002434253693], ""geometry_profile"": ""low_dim"", ""knee_prominence"": 0.03, ""knn_backend"": ""kd_tree"", ""max_eps_values"": 3, ""min_samples"": 5}",development,native_target_discovery_v1
ok,synthetic,rings_2d__quality__n20000,VDBSCAN-2007,73,0.2.4,20000.0,2.0,0.0563853999992716,0.2523227000001498,3.187619799999084,193.40234375,7.24609375,193.421875,,0.8989837612250596,0.958288108353208,229.0,213.0,0.0274,known_synthetic_noise,0.5122,0.2295000072333298,117.5,22.0,1.0,0.1,0.9,full_partition,target-discovery-v1,0.0,0.05,0.9788,0.9445914100383264,0.003,0.9128885548425092,2.0,pairwise_f1,hungarian,1.0,0.0,235.0,0.100882305809246,0.0532866588875923,0.0532866588875923,0.0213,0.9647887323943662,0.0274,0.1540707982809503,0.0837694736615139,0.9582927571028412,0.0213,235.0,macro,2.0,2.0,0.997,0.4057133555790673,0.2546745683048942,0.997,229.0,2.0,0.5,1.0,2.0,233.0,0.0,0.9788,0.5,0.9445914100383264,0.9128885548425092,"{""dimension"": 2, ""family"": ""rings"", ""n"": 20000}","{""eps_values"": [0.03208352252840996, 0.0822867676615715, 0.1008419394493103], ""geometry_profile"": ""low_dim"", ""knee_prominence"": 0.03, ""knn_backend"": ""kd_tree"", ""max_eps_values"": 3, ""min_samples"": 5}",development,native_target_discovery_v1
ok,synthetic,rings_2d__quality__n20000,VDBSCAN-2007,101,0.2.4,20000.0,2.0,0.055121199999121,0.2176444999986415,3.0426602000006824,200.04296875,13.9921875,197.4765625,,0.0,0.0,60.0,59.0,0.0181333333333333,known_synthetic_noise,0.5090666666666667,0.2200103072184932,30.0,1.0,0.0,0.1,0.9,full_partition,target-discovery-v1,0.0,0.05,0.5,0.1162088039789894,0.0,0.0657444906116867,1.0,pairwise_f1,hungarian,1.0,1.0,60.0,0.0545275158675071,0.035620743844945,0.035620743844945,0.0136,1.0,0.0181333333333333,0.0668203182817273,0.034564980644911,1.0,0.0136,60.0,macro,0.0,0.0,1.0,0.4043998705920414,0.2534468775344687,1.0,60.0,2.0,0.0,0.0,2.0,59.0,0.0,0.5,0.0,0.1162088039789894,0.0657444906116867,"{""dimension"": 2, ""family"": ""rings"", ""n"": 20000}","{""eps_values"": [0.08276911079883575, 0.10067138075828552], ""geometry_profile"": ""low_dim"", ""knee_prominence"": 0.03, ""knn_backend"": ""kd_tree"", ""max_eps_values"": 3, ""min_samples"": 5}",development,native_target_discovery_v1
ok,synthetic,rings_2d__quality__n20000,VDBSCAN-2007,151,0.2.4,20000.0,2.0,0.0567910999998275,0.2195104999991599,3.07537450000018,199.8828125,13.7109375,197.32421875,,0.0,0.0,56.0,55.0,0.0184,known_synthetic_noise,0.5092,0.2203002053908457,28.0,1.0,0.0,0.1,0.9,full_partition,target-discovery-v1,0.0,0.05,0.5,0.1152817485935626,0.0,0.065151673094965,1.0,pairwise_f1,hungarian,1.0,1.0,56.0,0.055023186292241,0.0361351139041633,0.0361351139041633,0.0138,1.0,0.0184,0.0656617471277675,0.0339453283469262,1.0,0.0138,56.0,macro,0.0,0.0,1.0,0.4044652968775279,0.2534982762117218,1.0,56.0,2.0,0.0,0.0,2.0,55.0,0.0,0.5,0.0,0.1152817485935626,0.065151673094965,"{""dimension"": 2, ""family"": ""rings"", ""n"": 20000}","{""eps_values"": [0.08244151622056961, 0.10129668563604355], ""geometry_profile"": ""low_dim"", ""knee_prominence"": 0.03, ""knn_backend"": ""kd_tree"", ""max_eps_values"": 3, ""min_samples"": 5}",development,native_target_discovery_v1
ok,synthetic,rings_2d__quality__n20000,VDBSCAN-2007,211,0.2.4,20000.0,2.0,0.0558896999991702,0.2562426999993477,3.048048099999505,193.16015625,6.84375,192.72265625,,0.8532450718829185,0.9326401787420312,154.0,134.0,0.0235333333333333,known_synthetic_noise,0.5105666666666667,0.225450444039105,81.5,29.0,1.0,0.1,0.9,full_partition,target-discovery-v1,0.0,0.05,0.9654,0.9398578867186612,0.0024,0.9157201829584029,2.0,pairwise_f1,hungarian,1.0,0.0,163.0,0.0876138283478001,0.0459485844451675,0.0459485844451675,0.01825,0.9671232876712328,0.0235333333333333,0.1367273067222741,0.0737710827073163,0.9326540216086434,0.01825,163.0,macro,2.0,2.0,0.9976,0.4049523036330424,0.2540361599185128,0.9976,154.0,2.0,0.5,1.0,2.0,161.0,0.0,0.9654,0.5,0.9398578867186614,0.9157201829584029,"{""dimension"": 2, ""family"": ""rings"", ""n"": 20000}","{""eps_values"": [0.029732156544923782, 0.08247853070497513, 0.10102859884500504], ""geometry_profile"": ""low_dim"", ""knee_prominence"": 0.03, ""knn_backend"": ""kd_tree"", ""max_eps_values"": 3, ""min_samples"": 5}",fresh,native_target_discovery_v1
ok,synthetic,rings_2d__quality__n20000,VDBSCAN-2007,223,0.2.4,20000.0,2.0,0.0575284999995346,0.2574903999993694,3.1123616000004404,193.1484375,7.25,192.66796875,,0.8697967158671023,0.9397158541598056,165.0,147.0,0.0234666666666666,known_synthetic_noise,0.5104333333333333,0.2253447684055746,87.5,28.0,1.0,0.1,0.9,full_partition,target-discovery-v1,0.0,0.05,0.969,0.9417131104885872,0.0026,0.916003239990743,2.0,pairwise_f1,hungarian,1.0,0.0,175.0,0.0873851702390433,0.0458184184835665,0.0458184184835665,0.01825,0.9643835616438357,0.0234666666666666,0.1508168700697825,0.0819876733842748,0.9397078831532611,0.01825,175.0,macro,2.0,2.0,0.9974,0.4048711183275826,0.2539852304558186,0.9974,165.0,2.0,0.5,1.0,2.0,173.0,0.0,0.969,0.5,0.9417131104885872,0.9160032399907428,"{""dimension"": 2, ""family"": ""rings"", ""n"": 20000}","{""eps_values"": [0.029521455988287926, 0.0824626237154007, 0.10116143524646759], ""geometry_profile"": ""low_dim"", ""knee_prominence"": 0.03, ""knn_backend"": ""kd_tree"", ""max_eps_values"": 3, ""min_samples"": 5}",fresh,native_target_discovery_v1
ok,synthetic,rings_2d__quality__n20000,VDBSCAN-2007,227,0.2.4,20000.0,2.0,0.0555664000003162,0.2543182000008528,3.059353399999964,192.28515625,6.55859375,193.01171875,,0.7470727362233006,0.7325033803143586,239.0,218.0,0.0272666666666666,known_synthetic_noise,0.5129333333333334,0.2296304539715225,122.5,27.0,1.0,0.1,0.9,full_partition,target-discovery-v1,1.0,0.05,0.763,0.8150335279028902,0.0014,0.9115128190684648,2.0,pairwise_f1,hungarian,1.5,0.0,245.0,0.099636778306673,0.0530617540217955,0.0530617540217955,0.0208,0.9831730769230768,0.0272666666666666,0.2425358396932566,0.1453287430199853,0.7324651460584234,0.0208,245.0,macro,1.0,1.0,0.9986,0.4061991539212496,0.254953022875817,0.9986,239.0,2.0,0.5,0.5,2.0,243.0,0.0,0.763,0.5,0.8150335279028903,0.9115128190684648,"{""dimension"": 2, ""family"": ""rings"", ""n"": 20000}","{""eps_values"": [0.03324602544307709, 0.08259457349777222, 0.1024334579706192], ""geometry_profile"": ""low_dim"", ""knee_prominence"": 0.03, ""knn_backend"": ""kd_tree"", ""max_eps_values"": 3, ""min_samples"": 5}",fresh,native_target_discovery_v1
ok,synthetic,rings_2d__quality__n20000,kNN+Leiden,23,0.2.4,20000.0,2.0,0.0563743999991857,0.8256099999998696,4.271540499999901,288.0390625,72.0625,292.58984375,,0.445780971449987,0.1906002032684661,18.0,15.0,0.0,known_synthetic_noise,0.5,0.2,13.5,12.0,0.0,0.1,0.9,full_partition,target-discovery-v1,10.0,0.05,0.2192,0.3392614517160808,0.0,0.7688669044155998,2.0,pairwise_f1,hungarian,6.0,0.0,27.0,0.0,0.0,0.0,0.0,0.0,0.0,0.1649172398952553,0.1453517679503174,0.1905693477390956,0.0,27.0,macro,0.0,0.0,1.0,0.4,0.25,1.0,18.0,2.0,0.0,0.0,2.0,25.0,0.0,0.2192,0.0,0.3392614517160808,0.7688669044155999,"{""dimension"": 2, ""family"": ""rings"", ""n"": 20000}","{""edge_rank"": 15, ""geometry_profile"": ""low_dim"", ""k"": 20, ""knn_backend"": ""kd_tree"", ""resolution"": 0.5, ""symmetrization"": ""union"", ""weights"": ""1/(1+d)""}",development,native_target_discovery_v1
ok,synthetic,rings_2d__quality__n20000,kNN+Leiden,42,0.2.4,20000.0,2.0,0.0550693000004685,0.7873447999991185,4.249929199999315,286.984375,71.09765625,291.80078125,,0.4782759691802747,0.2413289765705801,17.0,17.0,0.0,known_synthetic_noise,0.5,0.2,13.5,10.0,0.0,0.1,0.9,full_partition,target-discovery-v1,8.0,0.05,0.2678,0.3898225381700454,0.0,0.7185054773082942,2.0,pairwise_f1,hungarian,5.0,0.0,27.0,0.0,0.0,0.0,0.0,0.0,0.0,0.209339173916014,0.1848591661561236,0.2412923569427771,0.0,27.0,macro,0.0,0.0,1.0,0.4,0.25,1.0,17.0,2.0,0.0,0.0,2.0,25.0,0.0,0.2678,0.0,0.3898225381700454,0.7185054773082942,"{""dimension"": 2, ""family"": ""rings"", ""n"": 20000}","{""edge_rank"": 15, ""geometry_profile"": ""low_dim"", ""k"": 20, ""knn_backend"": ""kd_tree"", ""resolution"": 0.5, ""symmetrization"": ""union"", ""weights"": ""1/(1+d)""}",development,native_target_discovery_v1
ok,synthetic,rings_2d__quality__n20000,kNN+Leiden,73,0.2.4,20000.0,2.0,0.0585864000004221,0.8105037000004813,4.26185329999862,287.0703125,71.46875,292.54296875,,0.4585600942865249,0.2056911011680678,18.0,17.0,0.0,known_synthetic_noise,0.5,0.2,14.0,11.0,0.0,0.1,0.9,full_partition,target-discovery-v1,9.0,0.05,0.2528,0.3843256723807051,0.0,0.8027468230694037,2.0,pairwise_f1,hungarian,5.5,0.0,28.0,0.0,0.0,0.0,0.0,0.0,0.0,0.1857879453887832,0.1694188891134883,0.2056584233693477,0.0,28.0,macro,0.0,0.0,1.0,0.4,0.25,1.0,18.0,2.0,0.0,0.0,2.0,26.0,0.0,0.2528,0.0,0.3843256723807051,0.8027468230694038,"{""dimension"": 2, ""family"": ""rings"", ""n"": 20000}","{""edge_rank"": 15, ""geometry_profile"": ""low_dim"", ""k"": 20, ""knn_backend"": ""kd_tree"", ""resolution"": 0.5, ""symmetrization"": ""union"", ""weights"": ""1/(1+d)""}",development,native_target_discovery_v1
ok,synthetic,rings_2d__quality__n20000,kNN+Leiden,101,0.2.4,20000.0,2.0,0.0545134999993024,0.7936090999992302,4.3240851999999,287.33984375,71.37890625,293.17578125,,0.446738907991242,0.1964824930772835,18.0,16.0,0.0,known_synthetic_noise,0.5,0.2,14.0,12.0,0.0,0.1,0.9,full_partition,target-discovery-v1,10.0,0.05,0.2338,0.3579972886881105,0.0,0.7838384534933167,2.0,pairwise_f1,hungarian,6.0,0.0,28.0,0.0,0.0,0.0,0.0,0.0,0.0,0.1722938024059456,0.1533967759711009,0.1965008403361344,0.0,28.0,macro,0.0,0.0,1.0,0.4,0.25,1.0,18.0,2.0,0.0,0.0,2.0,26.0,0.0,0.2338,0.0,0.3579972886881105,0.7838384534933168,"{""dimension"": 2, ""family"": ""rings"", ""n"": 20000}","{""edge_rank"": 15, ""geometry_profile"": ""low_dim"", ""k"": 20, ""knn_backend"": ""kd_tree"", ""resolution"": 0.5, ""symmetrization"": ""union"", ""weights"": ""1/(1+d)""}",development,native_target_discovery_v1
ok,synthetic,rings_2d__quality__n20000,kNN+Leiden,151,0.2.4,20000.0,2.0,0.0554382999998779,0.9315828999988298,4.380193499999223,287.58203125,71.96484375,291.95703125,,0.4550557144599603,0.1968170514381731,16.0,16.0,0.0,known_synthetic_noise,0.5,0.2,13.5,11.0,0.0,0.1,0.9,full_partition,target-discovery-v1,9.0,0.05,0.236,0.3595239846476857,0.0,0.7640838762755271,2.0,pairwise_f1,hungarian,5.5,0.0,27.0,0.0,0.0,0.0,0.0,0.0,0.0,0.1699044200658021,0.1494847140800883,0.1967854341736694,0.0,27.0,macro,0.0,0.0,1.0,0.4,0.25,1.0,16.0,2.0,0.0,0.0,2.0,25.0,0.0,0.236,0.0,0.3595239846476857,0.7640838762755271,"{""dimension"": 2, ""family"": ""rings"", ""n"": 20000}","{""edge_rank"": 15, ""geometry_profile"": ""low_dim"", ""k"": 20, ""knn_backend"": ""kd_tree"", ""resolution"": 0.5, ""symmetrization"": ""union"", ""weights"": ""1/(1+d)""}",development,native_target_discovery_v1
ok,synthetic,rings_2d__quality__n20000,kNN+Leiden,211,0.2.4,20000.0,2.0,0.0572469999988243,1.9283551999997144,5.38478010000108,288.44921875,72.36328125,293.13671875,,0.4596477788137204,0.2113047209712548,18.0,17.0,0.0,known_synthetic_noise,0.5,0.2,14.0,11.0,0.0,0.1,0.9,full_partition,target-discovery-v1,9.0,0.05,0.2738,0.4039442480567662,0.0,0.7988455362308573,2.0,pairwise_f1,hungarian,5.5,0.0,28.0,0.0,0.0,0.0,0.0,0.0,0.0,0.1891729860818794,0.1712596959121144,0.2112713885554221,0.0,28.0,macro,0.0,0.0,1.0,0.4,0.25,1.0,18.0,2.0,0.0,0.0,2.0,26.0,0.0,0.2738,0.0,0.4039442480567662,0.7988455362308574,"{""dimension"": 2, ""family"": ""rings"", ""n"": 20000}","{""edge_rank"": 15, ""geometry_profile"": ""low_dim"", ""k"": 20, ""knn_backend"": ""kd_tree"", ""resolution"": 0.5, ""symmetrization"": ""union"", ""weights"": ""1/(1+d)""}",fresh,native_target_discovery_v1
ok,synthetic,rings_2d__quality__n20000,kNN+Leiden,223,0.2.4,20000.0,2.0,0.0550593999996635,0.6792685000000347,4.090120300001217,287.64453125,71.5703125,291.734375,,0.4520771450253631,0.1923062161619424,16.0,15.0,0.0,known_synthetic_noise,0.5,0.2,13.5,12.0,0.0,0.1,0.9,full_partition,target-discovery-v1,9.0,0.05,0.2394,0.3655188641588071,0.0,0.7724666746687472,2.0,pairwise_f1,hungarian,5.5,0.0,27.0,0.0,0.0,0.0,0.0,0.0,0.0,0.1658512097032234,0.1458125233742195,0.192275150060024,0.0,27.0,macro,0.0,0.0,1.0,0.4,0.25,1.0,16.0,2.0,0.0,0.0,2.0,25.0,0.0,0.2394,0.0,0.365518864158807,0.7724666746687472,"{""dimension"": 2, ""family"": ""rings"", ""n"": 20000}","{""edge_rank"": 15, ""geometry_profile"": ""low_dim"", ""k"": 20, ""knn_backend"": ""kd_tree"", ""resolution"": 0.5, ""symmetrization"": ""union"", ""weights"": ""1/(1+d)""}",fresh,native_target_discovery_v1
ok,synthetic,rings_2d__quality__n20000,kNN+Leiden,227,0.2.4,20000.0,2.0,0.0551342000017029,1.317640700000993,4.7570974999998725,287.52734375,71.8359375,291.83203125,,0.4320563217793343,0.2065925332078688,17.0,16.0,0.0,known_synthetic_noise,0.5,0.2,13.0,10.0,0.0,0.1,0.9,full_partition,target-discovery-v1,9.0,0.05,0.2746,0.4031408308004053,0.0,0.7645633810049555,2.0,pairwise_f1,hungarian,5.5,1.0,26.0,0.0,0.0,0.0,0.0,0.0,0.0,0.1842118023666546,0.1622026215025284,0.2131314925970388,0.0,26.0,macro,0.0,0.0,1.0,0.4,0.25,1.0,17.0,2.0,0.0,0.0,2.0,24.0,0.0,0.2746,0.0,0.4031408308004053,0.7645633810049554,"{""dimension"": 2, ""family"": ""rings"", ""n"": 20000}","{""edge_rank"": 15, ""geometry_profile"": ""low_dim"", ""k"": 20, ""knn_backend"": ""kd_tree"", ""resolution"": 0.5, ""symmetrization"": ""union"", ""weights"": ""1/(1+d)""}",fresh,native_target_discovery_v1
ok,synthetic,rings_2d__quality__n20000,kNN-DBSCAN,23,0.2.4,20000.0,2.0,0.0564790000007633,0.0679498000008607,2.9709949000007327,189.08203125,2.8203125,189.328125,,0.5666481780684129,0.5695142119547734,53.0,52.0,0.9517333333333332,known_synthetic_noise,0.9583666666666666,0.9421266863637427,35.0,18.0,1.0,0.1,0.9,full_partition,target-discovery-v1,5.0,0.05,0.6366,0.7015918592157182,0.035,0.9221933109701927,2.0,pairwise_f1,hungarian,3.5,0.0,70.0,0.8140616058511584,0.969474720722556,0.969474720722556,0.72255,0.987890111410975,0.9517333333333332,0.6914720378159239,0.8828869066122218,0.5682682673069228,0.72255,70.0,macro,1.0,1.0,0.965,0.9147786520049294,0.8695260407280591,0.965,53.0,2.0,0.5,0.5,2.0,68.0,0.0,0.6366,0.5,0.7015918592157182,0.9221933109701927,"{""dimension"": 2, ""family"": ""rings"", ""n"": 20000}","{""eps"": 0.028627930209040642, ""eps_quantile"": 0.25, ""geometry_profile"": ""low_dim"", ""k"": 4, ""knn_backend"": ""kd_tree"", ""min_samples"": 5}",development,native_target_discovery_v1
ok,synthetic,rings_2d__quality__n20000,kNN-DBSCAN,42,0.2.4,20000.0,2.0,0.0558679999994637,0.0644123000001855,2.921317199999976,189.47265625,3.2734375,189.2734375,,0.8625117285615449,0.9174739884274906,39.0,36.0,0.9572666666666668,known_synthetic_noise,0.9612333333333334,0.9472699947173916,24.5,13.0,1.0,0.1,0.9,full_partition,target-discovery-v1,0.0,0.05,0.9568,0.9367587702682834,0.0348,0.9175992579657226,2.0,pairwise_f1,hungarian,1.0,0.0,49.0,0.9542485065377126,0.9724037517353468,0.9724037517353468,0.72665,0.9880272483313838,0.9572666666666668,0.8773708303325572,0.8416972366643517,0.9162021608643456,0.72665,49.0,macro,2.0,2.0,0.9652,0.9221362376994362,0.8827510517651362,0.9652,39.0,2.0,0.5,1.0,2.0,47.0,0.0,0.9568,0.5,0.9367587702682836,0.9175992579657228,"{""dimension"": 2, ""family"": ""rings"", ""n"": 20000}","{""eps"": 0.028622997924685478, ""eps_quantile"": 0.25, ""geometry_profile"": ""low_dim"", ""k"": 4, ""knn_backend"": ""kd_tree"", ""min_samples"": 5}",development,native_target_discovery_v1
ok,synthetic,rings_2d__quality__n20000,kNN-DBSCAN,73,0.2.4,20000.0,2.0,0.0553603999996994,0.0654551999996329,2.9072622999992745,192.3359375,6.16796875,188.8515625,,0.5757536898300496,0.5891883301548554,52.0,48.0,0.9532666666666668,known_synthetic_noise,0.9599333333333332,0.9440712359255554,34.5,21.0,1.0,0.1,0.9,full_partition,target-discovery-v1,4.0,0.05,0.6472,0.7121059956160891,0.0334,0.9194151146573456,2.0,pairwise_f1,hungarian,3.0,0.0,69.0,0.8214776654700329,0.97054231996199,0.97054231996199,0.7233,0.9884556892022672,0.9532666666666668,0.7049776098834816,0.8797637458371433,0.5881312525010004,0.7233,69.0,macro,1.0,1.0,0.9666,0.9176001518891208,0.8733285146367907,0.9666,52.0,2.0,0.5,0.5,2.0,67.0,0.0,0.6472,0.5,0.7121059956160891,0.9194151146573456,"{""dimension"": 2, ""family"": ""rings"", ""n"": 20000}","{""eps"": 0.028288166970014572, ""eps_quantile"": 0.25, ""geometry_profile"": ""low_dim"", ""k"": 4, ""knn_backend"": ""kd_tree"", ""min_samples"": 5}",development,native_target_discovery_v1
ok,synthetic,rings_2d__quality__n20000,kNN-DBSCAN,101,0.2.4,20000.0,2.0,0.0580129000009037,0.0652812999996967,2.88968290000048,188.5703125,2.0546875,192.67578125,,0.6396065476902771,0.6989863852563396,58.0,56.0,0.9506666666666668,known_synthetic_noise,0.9590333333333334,0.941967899566138,37.0,18.0,1.0,0.1,0.9,full_partition,target-discovery-v1,3.0,0.05,0.8122,0.855542835215496,0.0326,0.9202801051528826,2.0,pairwise_f1,hungarian,2.5,0.0,74.0,0.9088799916013972,0.969309723685552,0.969309723685552,0.72115,0.9886986063925676,0.9506666666666668,0.772600618564407,0.864790398361872,0.6981728691476591,0.72115,74.0,macro,1.0,1.0,0.9674,0.914626075446724,0.8673121750044827,0.9674,58.0,2.0,0.5,0.5,2.0,72.0,0.0,0.8122,0.5,0.855542835215496,0.9202801051528826,"{""dimension"": 2, ""family"": ""rings"", ""n"": 20000}","{""eps"": 0.028673235327005386, ""eps_quantile"": 0.25, ""geometry_profile"": ""low_dim"", ""k"": 4, ""knn_backend"": ""kd_tree"", ""min_samples"": 5}",development,native_target_discovery_v1
ok,synthetic,rings_2d__quality__n20000,kNN-DBSCAN,151,0.2.4,20000.0,2.0,0.0568855000001349,0.0650976999986596,2.870010299999194,192.40625,6.31640625,188.9921875,,0.5961425334977478,0.6046670749408314,55.0,53.0,0.9491333333333334,known_synthetic_noise,0.9557666666666668,0.9388757328705628,36.0,19.0,1.0,0.1,0.9,full_partition,target-discovery-v1,3.0,0.05,0.6908,0.7552670659975176,0.0376,0.9121752594861324,2.0,pairwise_f1,hungarian,2.5,0.0,72.0,0.8483801143666853,0.9676805437553102,0.9676805437553102,0.72125,0.9869670710571924,0.9491333333333334,0.7108249901820325,0.864617316599864,0.603481712685074,0.72125,72.0,macro,1.0,1.0,0.9624,0.9100709219858156,0.8631390134529148,0.9624,55.0,2.0,0.5,0.5,2.0,70.0,0.0,0.6908,0.5,0.7552670659975176,0.9121752594861324,"{""dimension"": 2, ""family"": ""rings"", ""n"": 20000}","{""eps"": 0.028066985309123993, ""eps_quantile"": 0.25, ""geometry_profile"": ""low_dim"", ""k"": 4, ""knn_backend"": ""kd_tree"", ""min_samples"": 5}",development,native_target_discovery_v1
ok,synthetic,rings_2d__quality__n20000,kNN-DBSCAN,211,0.2.4,20000.0,2.0,0.0558718999982374,0.0644566999999369,2.8806777999998303,190.1484375,4.2734375,189.1328125,,0.6170544944044912,0.6200872617287498,45.0,44.0,0.9541333333333334,known_synthetic_noise,0.9586666666666668,0.943710337735908,30.0,16.0,1.0,0.1,0.9,full_partition,target-discovery-v1,3.0,0.05,0.7046,0.7713840363176646,0.0368,0.9202200436011724,2.0,pairwise_f1,hungarian,2.5,0.0,60.0,0.8595366360819612,0.9704366693788988,0.9704366693788988,0.7248,0.9873068432671082,0.9541333333333334,0.7256843923765179,0.8768450968912536,0.618977831132453,0.7248,60.0,macro,1.0,1.0,0.9632,0.916984006092917,0.875,0.9632,45.0,2.0,0.5,0.5,2.0,58.0,0.0,0.7046,0.5,0.7713840363176646,0.920220043601172,"{""dimension"": 2, ""family"": ""rings"", ""n"": 20000}","{""eps"": 0.028031619265675545, ""eps_quantile"": 0.25, ""geometry_profile"": ""low_dim"", ""k"": 4, ""knn_backend"": ""kd_tree"", ""min_samples"": 5}",fresh,native_target_discovery_v1
ok,synthetic,rings_2d__quality__n20000,kNN-DBSCAN,223,0.2.4,20000.0,2.0,0.0556672000002436,0.0652877000011358,2.864732500000173,188.3203125,1.98046875,188.8203125,,0.6188612225505982,0.6063755150881595,52.0,51.0,0.9522666666666668,known_synthetic_noise,0.9561333333333332,0.9409134695048224,30.5,10.0,1.0,0.1,0.9,full_partition,target-discovery-v1,3.0,0.05,0.6548,0.7207348514653465,0.04,0.9205013972287656,2.0,pairwise_f1,hungarian,2.5,0.0,61.0,0.8266045503830453,0.9689323022656356,0.9689323022656356,0.7242,0.9861916597624966,0.9522666666666668,0.7168436718275172,0.8800860292408097,0.6046841136454582,0.7242,61.0,macro,1.0,1.0,0.96,0.9128946367440092,0.8701957940536621,0.96,52.0,2.0,0.5,0.5,2.0,59.0,0.0,0.6548,0.5,0.7207348514653465,0.9205013972287656,"{""dimension"": 2, ""family"": ""rings"", ""n"": 20000}","{""eps"": 0.02787010557949543, ""eps_quantile"": 0.25, ""geometry_profile"": ""low_dim"", ""k"": 4, ""knn_backend"": ""kd_tree"", ""min_samples"": 5}",fresh,native_target_discovery_v1
ok,synthetic,rings_2d__quality__n20000,kNN-DBSCAN,227,0.2.4,20000.0,2.0,0.0569876999998086,0.0648354000004474,2.902259600001344,188.98828125,2.65625,189.5546875,,0.5725488533472599,0.5855165800599326,50.0,49.0,0.9528,known_synthetic_noise,0.9599,0.943779912383022,34.5,20.0,1.0,0.1,0.9,full_partition,target-discovery-v1,4.0,0.05,0.6654,0.7300032973175684,0.033,0.9209326695831448,2.0,pairwise_f1,hungarian,3.0,0.0,69.0,0.8331950271450623,0.97036358081271,0.97036358081271,0.72285,0.9885868437435152,0.9528,0.700486913317227,0.8741580335072257,0.5843855942376951,0.72285,69.0,macro,1.0,1.0,0.967,0.917196243953334,0.8722713332130615,0.967,50.0,2.0,0.5,0.5,2.0,67.0,0.0,0.6654,0.5,0.7300032973175684,0.9209326695831448,"{""dimension"": 2, ""family"": ""rings"", ""n"": 20000}","{""eps"": 0.028557581827044487, ""eps_quantile"": 0.25, ""geometry_profile"": ""low_dim"", ""k"": 4, ""knn_backend"": ""kd_tree"", ""min_samples"": 5}",fresh,native_target_discovery_v1
ok,synthetic,ultrasparse_16d__quality__n20000,AMD-DBSCAN,23,0.2.4,20000.0,16.0,0.0071026000005076,42.80900889999975,46.25911199999973,7717.20703125,7534.03515625,7720.4921875,,0.0,0.0,1.0,0.0,0.0,known_synthetic_noise,0.5,0.0476190476190476,0.0833333333333333,1.0,0.0,0.1,0.9,full_partition,target-discovery-v1,0.0,0.05,0.0833333333333333,0.0006970722963553,0.0,0.00035,1.0,pairwise_f1,hungarian,1.0,1.0,1.0,0.0,0.0,0.0,0.0,0.0,0.0,0.0004116158537853,0.0002058502925146,1.0,0.0,1.0,macro,0.0,0.0,1.0,0.0952380952380952,0.05,1.0,1.0,12.0,0.0,0.0,12.0,0.0,0.0,0.084,0.0,0.0007026488747261,0.0003528,"{""dimension"": 16, ""family"": ""ultrasparse"", ""n"": 20000}","{""adaptive_rank"": 19990, ""balance_rounds"": 3, ""eps_values"": [64.64079959245271, 68.8530109528967, 72.11531120159255], ""geometry_profile"": ""high_dim"", ""knn_backend"": ""faiss_hnsw"", ""n_density_levels"": 3}",development,native_target_discovery_v1
memory_limit,synthetic,ultrasparse_16d__quality__n20000,AMD-DBSCAN,42,,,,,,25.177190899999918,,,8204.73046875,,,,,,,,,,,,,,,,,,,,,,,,,,,,,,,,,,,,,,,,,,,,,,,,,,,,,,,,,,{},{},development,native_target_discovery_v1
memory_limit,synthetic,ultrasparse_16d__quality__n20000,AMD-DBSCAN,73,,,,,,22.316519799998787,,,8215.125,,,,,,,,,,,,,,,,,,,,,,,,,,,,,,,,,,,,,,,,,,,,,,,,,,,,,,,,,,{},{},development,native_target_discovery_v1
memory_limit,synthetic,ultrasparse_16d__quality__n20000,AMD-DBSCAN,101,,,,,,18.570875600000363,,,8196.93359375,,,,,,,,,,,,,,,,,,,,,,,,,,,,,,,,,,,,,,,,,,,,,,,,,,,,,,,,,,{},{},development,native_target_discovery_v1
memory_limit,synthetic,ultrasparse_16d__quality__n20000,AMD-DBSCAN,151,,,,,,18.06138590000046,,,8218.3125,,,,,,,,,,,,,,,,,,,,,,,,,,,,,,,,,,,,,,,,,,,,,,,,,,,,,,,,,,{},{},development,native_target_discovery_v1
memory_limit,synthetic,ultrasparse_16d__quality__n20000,AMD-DBSCAN,211,,,,,,18.406831399999646,,,8222.14453125,,,,,,,,,,,,,,,,,,,,,,,,,,,,,,,,,,,,,,,,,,,,,,,,,,,,,,,,,,{},{},fresh,native_target_discovery_v1
memory_limit,synthetic,ultrasparse_16d__quality__n20000,AMD-DBSCAN,223,,,,,,18.544351800001092,,,8215.5546875,,,,,,,,,,,,,,,,,,,,,,,,,,,,,,,,,,,,,,,,,,,,,,,,,,,,,,,,,,{},{},fresh,native_target_discovery_v1
memory_limit,synthetic,ultrasparse_16d__quality__n20000,AMD-DBSCAN,227,,,,,,17.751389899998685,,,8212.86328125,,,,,,,,,,,,,,,,,,,,,,,,,,,,,,,,,,,,,,,,,,,,,,,,,,,,,,,,,,{},{},fresh,native_target_discovery_v1
ok,synthetic,ultrasparse_16d__quality__n20000,DBSCAN,23,0.2.4,20000.0,16.0,0.0056173000002672,1.916766299999836,4.500325099999827,197.91015625,14.26171875,197.921875,,0.9757314299222138,0.9152680338281868,0.0,0.0,1.0,known_synthetic_noise,1.0,1.0,0.9166666666666666,11.0,10.0,0.1,0.9,full_partition,target-discovery-v1,0.0,0.05,0.9166666666666666,0.8888888888888888,0.0,0.875,11.0,pairwise_f1,hungarian,1.0,1.0,11.0,0.9411764705882352,1.0,1.0,0.95,1.0,1.0,0.9227906976744186,0.8566493955094991,1.0,0.95,11.0,macro,10.0,10.0,1.0,1.0,1.0,1.0,0.0,12.0,0.8333333333333334,0.8333333333333334,12.0,0.0,0.0,0.917,0.834,0.8893333333333333,0.8755,"{""dimension"": 16, ""family"": ""ultrasparse"", ""n"": 20000}","{""eps"": 13.294968605041504, ""eps_quantile"": 0.05, ""geometry_profile"": ""high_dim"", ""knn_backend"": ""faiss_hnsw"", ""min_samples"": 5}",development,native_target_discovery_v1
ok,synthetic,ultrasparse_16d__quality__n20000,DBSCAN,42,0.2.4,20000.0,16.0,0.0068563999993784,1.9097799999999552,4.52551719999974,198.05078125,14.69921875,197.92578125,,0.975582289465594,0.9143202165408582,0.0,0.0,1.0,known_synthetic_noise,1.0,1.0,0.9166666666666666,11.0,10.0,0.1,0.9,full_partition,target-discovery-v1,0.0,0.05,0.9166666666666666,0.8891102257636122,0.0,0.875249500998004,11.0,pairwise_f1,hungarian,1.0,1.0,11.0,0.9413005272407732,1.0,1.0,0.95,1.0,1.0,0.9219330855018588,0.8551724137931035,1.0,0.95,11.0,macro,10.0,10.0,1.0,1.0,1.0,1.0,0.0,12.0,0.8333333333333334,0.8333333333333334,12.0,0.0,0.0,0.917,0.833,0.8892231075697211,0.875251497005988,"{""dimension"": 16, ""family"": ""ultrasparse"", ""n"": 20000}","{""eps"": 12.254498481750488, ""eps_quantile"": 0.05, ""geometry_profile"": ""high_dim"", ""knn_backend"": ""faiss_hnsw"", ""min_samples"": 5}",development,native_target_discovery_v1
ok,synthetic,ultrasparse_16d__quality__n20000,DBSCAN,73,0.2.4,20000.0,16.0,0.0064877000004344,1.8760878000002776,4.667297999999391,202.5390625,19.00390625,197.90625,,1.0,1.0,0.0,0.0,1.0,known_synthetic_noise,1.0,1.0,1.0,12.0,12.0,0.1,0.9,full_partition,target-discovery-v1,0.0,0.05,1.0,1.0,0.0,1.0,12.0,pairwise_f1,hungarian,1.0,0.0,12.0,1.0,1.0,1.0,0.95,1.0,1.0,1.0,1.0,1.0,0.95,12.0,macro,12.0,12.0,1.0,1.0,1.0,1.0,0.0,12.0,1.0,1.0,12.0,0.0,0.0,1.0,1.0,1.0,1.0,"{""dimension"": 16, ""family"": ""ultrasparse"", ""n"": 20000}","{""eps"": 12.839377403259277, ""eps_quantile"": 0.05, ""geometry_profile"": ""high_dim"", ""knn_backend"": ""faiss_hnsw"", ""min_samples"": 5}",development,native_target_discovery_v1
ok,synthetic,ultrasparse_16d__quality__n20000,DBSCAN,101,0.2.4,20000.0,16.0,0.0061695000003965,1.9429534999999305,4.618407699999807,197.72265625,14.3984375,200.1953125,,1.0,1.0,0.0,0.0,0.9999473684210526,known_synthetic_noise,0.9999736842105262,0.999736966696525,1.0,12.0,12.0,0.1,0.9,full_partition,target-discovery-v1,0.0,0.05,1.0,0.9995069033530573,0.0,0.9990196078431371,12.0,pairwise_f1,hungarian,1.0,0.0,12.0,0.9997402389504416,0.9999736835179872,0.9999736835179872,0.94995,1.0,0.9999473684210526,0.9989808298956564,0.997963735091632,1.0,0.94995,12.0,macro,12.0,12.0,1.0,0.9995002498750626,0.999000999000999,1.0,0.0,12.0,1.0,1.0,12.0,0.0,0.0,1.0,1.0,0.9995029585798816,0.9990117647058824,"{""dimension"": 16, ""family"": ""ultrasparse"", ""n"": 20000}","{""eps"": 12.666230201721191, ""eps_quantile"": 0.05, ""geometry_profile"": ""high_dim"", ""knn_backend"": ""faiss_hnsw"", ""min_samples"": 5}",development,native_target_discovery_v1
ok,synthetic,ultrasparse_16d__quality__n20000,DBSCAN,151,0.2.4,20000.0,16.0,0.0069247999999788,1.91979689999971,4.766888899999685,199.265625,15.5703125,198.09765625,,0.975731429922214,0.9152680338281868,0.0,0.0,0.9999473684210526,known_synthetic_noise,0.9999736842105262,0.999736966696525,0.9166666666666666,11.0,10.0,0.1,0.9,full_partition,target-discovery-v1,0.0,0.05,0.9166666666666666,0.888395792241946,0.0,0.8740196078431373,11.0,pairwise_f1,hungarian,1.0,1.0,11.0,0.9408883422377426,0.9999736835179872,0.9999736835179872,0.94995,1.0,0.9999473684210526,0.9219227625435288,0.8551546498826365,1.0,0.94995,11.0,macro,10.0,10.0,1.0,0.9995002498750626,0.999000999000999,1.0,0.0,12.0,0.8333333333333334,0.8333333333333334,12.0,0.0,0.0,0.917,0.834,0.888836291913215,0.8745117647058823,"{""dimension"": 16, ""family"": ""ultrasparse"", ""n"": 20000}","{""eps"": 13.167184829711914, ""eps_quantile"": 0.05, ""geometry_profile"": ""high_dim"", ""knn_backend"": ""faiss_hnsw"", ""min_samples"": 5}",development,native_target_discovery_v1
ok,synthetic,ultrasparse_16d__quality__n20000,DBSCAN,211,0.2.4,20000.0,16.0,0.0069358000000647,1.9064087999995536,4.724920999999995,197.8359375,14.5625,197.8125,,0.9757314299222138,0.9152680338281868,0.0,0.0,1.0,known_synthetic_noise,1.0,1.0,0.9166666666666666,11.0,10.0,0.1,0.9,full_partition,target-discovery-v1,0.0,0.05,0.9166666666666666,0.8888888888888888,0.0,0.875,11.0,pairwise_f1,hungarian,1.0,1.0,11.0,0.9411764705882352,1.0,1.0,0.95,1.0,1.0,0.9227906976744186,0.8566493955094991,1.0,0.95,11.0,macro,10.0,10.0,1.0,1.0,1.0,1.0,0.0,12.0,0.8333333333333334,0.8333333333333334,12.0,0.0,0.0,0.917,0.834,0.8893333333333333,0.8755,"{""dimension"": 16, ""family"": ""ultrasparse"", ""n"": 20000}","{""eps"": 12.177043914794922, ""eps_quantile"": 0.05, ""geometry_profile"": ""high_dim"", ""knn_backend"": ""faiss_hnsw"", ""min_samples"": 5}",fresh,native_target_discovery_v1
ok,synthetic,ultrasparse_16d__quality__n20000,DBSCAN,223,0.2.4,20000.0,16.0,0.0070734000000811,1.8692571999999927,4.695907000000261,197.6015625,14.33203125,202.890625,,0.9503792756017412,0.8417356472515573,0.0,0.0,0.9999473684210526,known_synthetic_noise,0.9999736842105262,0.999736966696525,0.8333333333333334,10.0,8.0,0.1,0.9,full_partition,target-discovery-v1,0.0,0.05,0.8333333333333334,0.7772787757817697,0.0,0.7490079365079364,10.0,pairwise_f1,hungarian,1.0,2.0,10.0,0.874674069484861,0.9999736835179872,0.9999736835179872,0.94995,1.0,0.9999473684210526,0.8559102674719586,0.7481146304675717,1.0,0.94995,10.0,macro,8.0,8.0,1.0,0.9995002498750626,0.999000999000999,1.0,0.0,12.0,0.6666666666666666,0.6666666666666666,12.0,0.0,0.0,0.834,0.668,0.7781696606786427,0.7500119047619048,"{""dimension"": 16, ""family"": ""ultrasparse"", ""n"": 20000}","{""eps"": 13.072879791259766, ""eps_quantile"": 0.05, ""geometry_profile"": ""high_dim"", ""knn_backend"": ""faiss_hnsw"", ""min_samples"": 5}",fresh,native_target_discovery_v1
ok,synthetic,ultrasparse_16d__quality__n20000,DBSCAN,227,0.2.4,20000.0,16.0,0.0073579999998401,2.112599500000215,4.80265320000035,197.328125,13.86328125,197.31640625,,0.8737550483646984,0.6234436484980481,0.0,0.0,1.0,known_synthetic_noise,1.0,1.0,0.6666666666666666,8.0,6.0,0.1,0.9,full_partition,target-discovery-v1,0.0,0.05,0.6666666666666666,0.5835828343313373,0.0,0.5557777777777778,8.0,pairwise_f1,hungarian,1.0,2.0,8.0,0.737041121789822,1.0,1.0,0.95,1.0,1.0,0.6648793565683646,0.4979919678714859,1.0,0.95,8.0,macro,6.0,6.0,1.0,1.0,1.0,1.0,0.0,12.0,0.5,0.5,12.0,0.0,0.0,0.668,0.501,0.584751497005988,0.5568906666666666,"{""dimension"": 16, ""family"": ""ultrasparse"", ""n"": 20000}","{""eps"": 13.814864158630371, ""eps_quantile"": 0.05, ""geometry_profile"": ""high_dim"", ""knn_backend"": ""faiss_hnsw"", ""min_samples"": 5}",fresh,native_target_discovery_v1
ok,synthetic,ultrasparse_16d__quality__n20000,HDBSCAN,23,0.2.4,20000.0,16.0,0.008595399999649,13.815502800000104,16.980232300000353,191.578125,8.1875,190.7578125,,1.0,1.0,19.0,19.0,0.9896315789473684,known_synthetic_noise,0.9948157894736842,0.9525605223283956,2.583333333333333,12.0,12.0,0.1,0.9,full_partition,target-discovery-v1,0.0,0.05,1.0,0.996548150198203,0.0,0.9931711832019628,12.0,pairwise_f1,hungarian,1.0,0.0,31.0,0.995667684569739,0.9947887733777744,0.9947887733777744,0.94015,1.0,0.9896315789473684,0.9819322369441033,0.9645057751329568,1.0,0.94015,31.0,macro,12.0,12.0,1.0,0.9103322712790168,0.835421888053467,1.0,19.0,12.0,1.0,1.0,12.0,19.0,0.0,1.0,1.0,0.9965384281856456,0.9931519868412482,"{""dimension"": 16, ""family"": ""ultrasparse"", ""n"": 20000}","{""geometry_profile"": ""high_dim"", ""knn_backend"": ""faiss_hnsw"", ""min_cluster_size"": 8, ""min_samples"": 5}",development,native_target_discovery_v1
ok,synthetic,ultrasparse_16d__quality__n20000,HDBSCAN,42,0.2.4,20000.0,16.0,0.0067096000002493,12.07595929999934,15.024014100000386,190.203125,6.671875,190.79296875,,1.0,1.0,12.0,12.0,0.9928947368421052,known_synthetic_noise,0.9964473684210526,0.9666014260572582,2.0,12.0,11.0,0.1,0.9,full_partition,target-discovery-v1,0.0,0.05,1.0,0.988511393453254,0.0,0.9787284610814024,12.0,pairwise_f1,hungarian,1.0,0.0,24.0,0.9924572341077093,0.9964347022316123,0.9964347022316123,0.94325,1.0,0.9928947368421052,0.9680893592004702,0.9381523175789618,1.0,0.94325,24.0,macro,12.0,11.0,1.0,0.936768149882904,0.8810572687224669,1.0,12.0,12.0,0.9166666666666666,1.0,12.0,12.0,0.0,1.0,0.917,0.9885340920654874,0.978768092691622,"{""dimension"": 16, ""family"": ""ultrasparse"", ""n"": 20000}","{""geometry_profile"": ""high_dim"", ""knn_backend"": ""faiss_hnsw"", ""min_cluster_size"": 8, ""min_samples"": 5}",development,native_target_discovery_v1
ok,synthetic,ultrasparse_16d__quality__n20000,HDBSCAN,73,0.2.4,20000.0,16.0,0.006206099999872,12.158525799999552,14.96573239999998,191.40234375,8.1171875,190.54296875,,1.0,1.0,9.0,9.0,0.995157894736842,known_synthetic_noise,0.9975789473684212,0.9767980080989076,1.75,12.0,12.0,0.1,0.9,full_partition,target-discovery-v1,0.0,0.05,1.0,0.9960375459281492,0.0,0.9921677198010987,12.0,pairwise_f1,hungarian,1.0,0.0,21.0,0.9968047174386616,0.9975730716471456,0.9975730716471456,0.9454,1.0,0.995157894736842,0.9876448432214572,0.9755912602493008,1.0,0.9454,21.0,macro,12.0,12.0,1.0,0.9560229445506692,0.9157509157509156,1.0,9.0,12.0,1.0,1.0,12.0,9.0,0.0,1.0,1.0,0.9960474785846734,0.992187284216012,"{""dimension"": 16, ""family"": ""ultrasparse"", ""n"": 20000}","{""geometry_profile"": ""high_dim"", ""knn_backend"": ""faiss_hnsw"", ""min_cluster_size"": 8, ""min_samples"": 5}",development,native_target_discovery_v1
ok,synthetic,ultrasparse_16d__quality__n20000,HDBSCAN,101,0.2.4,20000.0,16.0,0.006878900000629,12.41199560000041,15.272277000000033,190.96875,7.25390625,190.96484375,,1.0,1.0,12.0,12.0,0.9913684210526316,known_synthetic_noise,0.9956842105263156,0.959939960748978,2.0,12.0,12.0,0.1,0.9,full_partition,target-discovery-v1,0.0,0.05,1.0,0.995674568023716,0.0,0.9916172879408172,12.0,pairwise_f1,hungarian,1.0,0.0,24.0,0.9956700358677482,0.9956655037530396,0.9956655037530396,0.9418,1.0,0.9913684210526316,0.978501396399073,0.9579077180817648,1.0,0.9418,24.0,macro,12.0,12.0,1.0,0.9242144177449167,0.8591065292096219,1.0,12.0,12.0,1.0,1.0,12.0,12.0,0.0,1.0,1.0,0.9956459525918576,0.9915621310062486,"{""dimension"": 16, ""family"": ""ultrasparse"", ""n"": 20000}","{""geometry_profile"": ""high_dim"", ""knn_backend"": ""faiss_hnsw"", ""min_cluster_size"": 8, ""min_samples"": 5}",development,native_target_discovery_v1
ok,synthetic,ultrasparse_16d__quality__n20000,HDBSCAN,151,0.2.4,20000.0,16.0,0.0082798000003094,13.566812299999585,16.647039600000426,190.94921875,7.26953125,191.1015625,,1.0,1.0,21.0,21.0,0.9883157894736844,known_synthetic_noise,0.994157894736842,0.9471067864899676,2.75,12.0,12.0,0.1,0.9,full_partition,target-discovery-v1,0.0,0.05,1.0,0.9940768306755788,0.0,0.9883031507176516,12.0,pairwise_f1,hungarian,1.0,0.0,33.0,0.9941001967780664,0.9941235639790356,0.9941235639790356,0.9389,1.0,0.9883157894736844,0.9760654377333886,0.95324982054785,1.0,0.9389,33.0,macro,12.0,12.0,1.0,0.9000900090009,0.8183306055646481,1.0,21.0,12.0,1.0,1.0,12.0,21.0,0.0,1.0,1.0,0.9940769243274676,0.9883031528890626,"{""dimension"": 16, ""family"": ""ultrasparse"", ""n"": 20000}","{""geometry_profile"": ""high_dim"", ""knn_backend"": ""faiss_hnsw"", ""min_cluster_size"": 8, ""min_samples"": 5}",development,native_target_discovery_v1
ok,synthetic,ultrasparse_16d__quality__n20000,HDBSCAN,211,0.2.4,20000.0,16.0,0.0088394999993397,11.57492910000019,14.528082300000278,190.57421875,7.0546875,190.76953125,,1.0,1.0,15.0,15.0,0.9911052631578948,known_synthetic_noise,0.9955526315789474,0.9588083368855048,2.25,12.0,12.0,0.1,0.9,full_partition,target-discovery-v1,0.0,0.05,1.0,0.9941339754312186,0.0,0.988489806688288,12.0,pairwise_f1,hungarian,1.0,0.0,27.0,0.9948328780903708,0.995532764135233,0.995532764135233,0.94155,1.0,0.9911052631578948,0.9784432560903148,0.9577962868177377,1.0,0.94155,27.0,macro,12.0,12.0,1.0,0.9220839096357768,0.8554319931565441,1.0,15.0,12.0,1.0,1.0,12.0,15.0,0.0,1.0,1.0,0.9941167034758632,0.9884561382744894,"{""dimension"": 16, ""family"": ""ultrasparse"", ""n"": 20000}","{""geometry_profile"": ""high_dim"", ""knn_backend"": ""faiss_hnsw"", ""min_cluster_size"": 8, ""min_samples"": 5}",fresh,native_target_discovery_v1
ok,synthetic,ultrasparse_16d__quality__n20000,HDBSCAN,223,0.2.4,20000.0,16.0,0.006638899999416,12.28470489999927,15.313061000000744,190.96875,7.40234375,190.67578125,,1.0,1.0,11.0,11.0,0.9927368421052633,known_synthetic_noise,0.9963684210526316,0.965904439829959,1.9166666666666667,12.0,11.0,0.1,0.9,full_partition,target-discovery-v1,0.0,0.05,1.0,0.9914739496526148,0.0,0.983688766204156,12.0,pairwise_f1,hungarian,1.0,0.0,23.0,0.9939085740510109,0.9963551846178226,0.9963551846178226,0.9431,1.0,0.9927368421052633,0.973883421650265,0.9490962744374768,1.0,0.9431,23.0,macro,12.0,12.0,1.0,0.9354536950420954,0.8787346221441125,1.0,11.0,12.0,0.9166666666666666,1.0,12.0,11.0,0.0,1.0,0.916,0.9914237053216922,0.9835939906195038,"{""dimension"": 16, ""family"": ""ultrasparse"", ""n"": 20000}","{""geometry_profile"": ""high_dim"", ""knn_backend"": ""faiss_hnsw"", ""min_cluster_size"": 8, ""min_samples"": 5}",fresh,native_target_discovery_v1
ok,synthetic,ultrasparse_16d__quality__n20000,HDBSCAN,227,0.2.4,20000.0,16.0,0.0068843999997625,11.929889000000005,14.90437849999944,190.36328125,7.0078125,190.60546875,,1.0,1.0,11.0,11.0,0.992157894736842,known_synthetic_noise,0.9960789473684212,0.9633644689859884,1.9166666666666667,12.0,11.0,0.1,0.9,full_partition,target-discovery-v1,0.0,0.05,1.0,0.9892452468575526,0.0,0.979824682398212,12.0,pairwise_f1,hungarian,1.0,0.0,23.0,0.9926426713355876,0.9960635121925444,0.9960635121925444,0.94255,1.0,0.992157894736842,0.967066008926474,0.936232147730374,1.0,0.94255,23.0,macro,12.0,12.0,1.0,0.9306654257794322,0.8703220191470844,1.0,11.0,12.0,0.9166666666666666,1.0,12.0,11.0,0.0,1.0,0.917,0.9892823487103592,0.9798936189627366,"{""dimension"": 16, ""family"": ""ultrasparse"", ""n"": 20000}","{""geometry_profile"": ""high_dim"", ""knn_backend"": ""faiss_hnsw"", ""min_cluster_size"": 8, ""min_samples"": 5}",fresh,native_target_discovery_v1
ok,synthetic,ultrasparse_16d__quality__n20000,OPTICS,23,0.2.4,20000.0,16.0,0.0064400000001114,5.85406729999977,8.694670200000473,199.4375,15.77734375,199.43359375,,0.8147296257831446,0.5319125582486215,36.0,36.0,0.9796315789473684,known_synthetic_noise,0.8238157894736842,0.815586588220433,4.0,12.0,11.0,0.1,0.9,full_partition,target-discovery-v1,0.0,0.05,0.6677065404475043,0.7178041485400207,0.3322934595524957,0.9971264367816092,12.0,pairwise_f1,hungarian,1.0,0.0,48.0,0.8290319944377036,0.9810515219396494,0.9810515219396494,0.94725,0.982475587226181,0.9796315789473684,0.7193716508845335,0.9091921178609864,0.5951224251846094,0.94725,48.0,macro,8.0,8.0,0.668,0.6501216545012165,0.633175355450237,0.668,36.0,12.0,0.9166666666666666,0.6666666666666666,12.0,36.0,0.0,0.668,0.917,0.7180560579426709,0.997103448275862,"{""dimension"": 16, ""family"": ""ultrasparse"", ""n"": 20000}","{""geometry_profile"": ""high_dim"", ""knn_backend"": ""faiss_hnsw"", ""max_eps"": 19.85053253173828, ""max_eps_quantile"": 0.1, ""min_cluster_size"": 8, ""min_samples"": 5, ""xi"": 0.03}",development,native_target_discovery_v1
ok,synthetic,ultrasparse_16d__quality__n20000,OPTICS,42,0.2.4,20000.0,16.0,0.0075320000005376,6.005807500000628,8.930469299999459,199.46875,15.828125,199.46875,,0.9189786425665848,0.8201984483105696,36.0,36.0,0.9770526315789474,known_synthetic_noise,0.9040263157894736,0.8585468853538054,4.083333333333333,13.0,12.0,0.1,0.9,full_partition,target-discovery-v1,1.0,0.05,0.8225999235035379,0.8573370891681158,0.1693679479824058,0.9990079365079364,12.0,pairwise_f1,hungarian,1.0833333333333333,0.0,49.0,0.9162974491163544,0.9839662894548538,0.9839662894548538,0.93665,0.9909784871616932,0.9770526315789474,0.8396775342718793,0.9190422551483118,0.7729304314030315,0.93665,49.0,macro,10.0,9.0,0.831,0.7331274812527571,0.6558800315706393,0.831,36.0,12.0,1.0,0.8333333333333334,12.0,37.0,0.0,0.823,1.0,0.8577246422198942,0.9990119047619048,"{""dimension"": 16, ""family"": ""ultrasparse"", ""n"": 20000}","{""geometry_profile"": ""high_dim"", ""knn_backend"": ""faiss_hnsw"", ""max_eps"": 18.48444366455078, ""max_eps_quantile"": 0.1, ""min_cluster_size"": 8, ""min_samples"": 5, ""xi"": 0.03}",development,native_target_discovery_v1
ok,synthetic,ultrasparse_16d__quality__n20000,OPTICS,73,0.2.4,20000.0,16.0,0.006087299999308,5.71516260000044,8.611260400000901,202.390625,19.1484375,199.06640625,,0.9616942722473262,0.9139316149035726,23.0,23.0,0.984157894736842,known_synthetic_noise,0.924078947368421,0.8933011364832897,3.0,13.0,11.0,0.1,0.9,full_partition,target-discovery-v1,1.0,0.05,0.8543220501051826,0.8679124024208312,0.1356377892522471,0.9950863678804854,12.0,pairwise_f1,hungarian,1.0833333333333333,0.0,36.0,0.9242677522294714,0.9884498480243162,0.9884498480243162,0.94175,0.9927794000530926,0.984157894736842,0.881035850456767,0.9307921059745876,0.8363291877186164,0.94175,36.0,macro,10.0,10.0,0.864,0.7981524249422631,0.7416309012875536,0.864,23.0,12.0,0.9166666666666666,0.8333333333333334,12.0,24.0,0.0,0.854,0.916,0.8676146658546261,0.9951060224089636,"{""dimension"": 16, ""family"": ""ultrasparse"", ""n"": 20000}","{""geometry_profile"": ""high_dim"", ""knn_backend"": ""faiss_hnsw"", ""max_eps"": 19.3087158203125, ""max_eps_quantile"": 0.1, ""min_cluster_size"": 8, ""min_samples"": 5, ""xi"": 0.03}",development,native_target_discovery_v1
ok,synthetic,ultrasparse_16d__quality__n20000,OPTICS,101,0.2.4,20000.0,16.0,0.0060483999995994,5.547871900000246,8.302762000000257,199.3515625,16.10546875,203.296875,,0.7721566798306847,0.3971337484872088,34.0,34.0,0.978421052631579,known_synthetic_noise,0.7757105263157895,0.7779478939213316,3.8333333333333335,12.0,12.0,0.1,0.9,full_partition,target-discovery-v1,0.0,0.05,0.5739027538726335,0.6265321301187462,0.4260972461273666,0.9970471521942108,12.0,pairwise_f1,hungarian,1.0,0.0,46.0,0.7637670611796623,0.9779835336823002,0.9779835336823002,0.95085,0.9775464058473996,0.978421052631579,0.6454834037045026,0.8827446682963838,0.5087446560435289,0.95085,46.0,macro,6.0,6.0,0.573,0.5779122541603631,0.582909460834181,0.573,34.0,12.0,1.0,0.5,12.0,34.0,0.0,0.573,1.0,0.6257191701698498,0.9970589635854342,"{""dimension"": 16, ""family"": ""ultrasparse"", ""n"": 20000}","{""geometry_profile"": ""high_dim"", ""knn_backend"": ""faiss_hnsw"", ""max_eps"": 19.263933181762695, ""max_eps_quantile"": 0.1, ""min_cluster_size"": 8, ""min_samples"": 5, ""xi"": 0.03}",development,native_target_discovery_v1
ok,synthetic,ultrasparse_16d__quality__n20000,OPTICS,151,0.2.4,20000.0,16.0,0.0064091999993252,5.6670309000001,8.421456599999146,199.26171875,15.7421875,202.9609375,,0.9925991463049338,0.9878325977168192,31.0,31.0,0.98,known_synthetic_noise,0.955,0.8966276493472036,3.583333333333333,12.0,12.0,0.1,0.9,full_partition,target-discovery-v1,0.0,0.05,0.929718875502008,0.9342988951839316,0.0702811244979919,0.9902403490131686,12.0,pairwise_f1,hungarian,1.0,0.0,43.0,0.9604279333884118,0.988060493499602,0.988060493499602,0.9345,0.99625468164794,0.98,0.920004375995235,0.9207766612326334,0.9192333851535172,0.9345,43.0,macro,11.0,11.0,0.93,0.8051948051948052,0.7099236641221374,0.93,31.0,12.0,1.0,0.9166666666666666,12.0,31.0,0.0,0.93,1.0,0.9345382385837836,0.9902331401526128,"{""dimension"": 16, ""family"": ""ultrasparse"", ""n"": 20000}","{""geometry_profile"": ""high_dim"", ""knn_backend"": ""faiss_hnsw"", ""max_eps"": 19.53078842163086, ""max_eps_quantile"": 0.1, ""min_cluster_size"": 8, ""min_samples"": 5, ""xi"": 0.03}",development,native_target_discovery_v1
ok,synthetic,ultrasparse_16d__quality__n20000,OPTICS,211,0.2.4,20000.0,16.0,0.0062748000000283,5.554114499999741,8.448595400000158,200.9296875,17.3046875,199.78125,,0.977347143127092,0.9618618041899896,28.0,28.0,0.9803684210526316,known_synthetic_noise,0.9461842105263158,0.8930130998032868,3.333333333333333,12.0,12.0,0.1,0.9,full_partition,target-discovery-v1,0.0,0.05,0.9118258749282844,0.9229485567055282,0.0881741250717154,0.99312558356676,12.0,pairwise_f1,hungarian,1.0,0.0,40.0,0.9542628875725856,0.9877767466525256,0.9877767466525256,0.93575,0.9952978893935346,0.9803684210526316,0.9050186951639376,0.9197622212746746,0.8907403808783522,0.93575,40.0,macro,11.0,11.0,0.912,0.7982494529540481,0.709727626459144,0.912,28.0,12.0,1.0,0.9166666666666666,12.0,28.0,0.0,0.912,1.0,0.9231468889434932,0.9931295518207284,"{""dimension"": 16, ""family"": ""ultrasparse"", ""n"": 20000}","{""geometry_profile"": ""high_dim"", ""knn_backend"": ""faiss_hnsw"", ""max_eps"": 19.409975051879883, ""max_eps_quantile"": 0.1, ""min_cluster_size"": 8, ""min_samples"": 5, ""xi"": 0.03}",fresh,native_target_discovery_v1
ok,synthetic,ultrasparse_16d__quality__n20000,OPTICS,223,0.2.4,20000.0,16.0,0.0074225000007572,5.631775999999263,8.400183599999764,199.140625,15.3828125,203.48828125,,0.8805294036952717,0.7053772153165219,24.0,24.0,0.9847894736842104,known_synthetic_noise,0.8708947368421053,0.862981740874674,3.083333333333333,13.0,11.0,0.1,0.9,full_partition,target-discovery-v1,1.0,0.05,0.7489959839357428,0.7833752831257255,0.2430675081277491,0.9970699520118126,12.0,pairwise_f1,hungarian,1.0833333333333333,0.0,37.0,0.8730789352036988,0.9859830320914792,0.9859830320914792,0.9477,0.9871794871794872,0.9847894736842104,0.7986671294689344,0.9321061671581812,0.6986494364554994,0.9477,37.0,macro,9.0,9.0,0.757,0.7399804496578691,0.7237093690248566,0.757,24.0,12.0,0.9166666666666666,0.75,12.0,25.0,0.0,0.749,0.917,0.7833915325404411,0.9970584163898116,"{""dimension"": 16, ""family"": ""ultrasparse"", ""n"": 20000}","{""geometry_profile"": ""high_dim"", ""knn_backend"": ""faiss_hnsw"", ""max_eps"": 18.76024055480957, ""max_eps_quantile"": 0.1, ""min_cluster_size"": 8, ""min_samples"": 5, ""xi"": 0.03}",fresh,native_target_discovery_v1
ok,synthetic,ultrasparse_16d__quality__n20000,OPTICS,227,0.2.4,20000.0,16.0,0.0066788000003725,5.590326900000036,8.392100900000514,199.1796875,15.76953125,199.1796875,,0.8814252853325671,0.658559585444141,23.0,23.0,0.9866315789473684,known_synthetic_noise,0.8533157894736842,0.8577201297400578,3.0,13.0,12.0,0.1,0.9,full_partition,target-discovery-v1,1.0,0.05,0.7116561484031364,0.7439889095781588,0.2803117230828074,0.9970471521942108,12.0,pairwise_f1,hungarian,1.0833333333333333,0.0,36.0,0.8480508689180707,0.9859569768053436,0.9859569768053436,0.9513,0.9852832965415746,0.9866315789473684,0.7868475902845719,0.9450934977349364,0.6739943645549942,0.9513,36.0,macro,8.0,8.0,0.72,0.7294832826747719,0.7392197125256673,0.72,23.0,12.0,1.0,0.6666666666666666,12.0,24.0,0.0,0.712,1.0,0.7443329539398462,0.9970589635854342,"{""dimension"": 16, ""family"": ""ultrasparse"", ""n"": 20000}","{""geometry_profile"": ""high_dim"", ""knn_backend"": ""faiss_hnsw"", ""max_eps"": 19.063514709472656, ""max_eps_quantile"": 0.1, ""min_cluster_size"": 8, ""min_samples"": 5, ""xi"": 0.03}",fresh,native_target_discovery_v1
ok,synthetic,ultrasparse_16d__quality__n20000,SNN-DBSCAN,23,0.2.4,20000.0,16.0,0.0069273999997676,0.9934524000000238,4.546670300000187,265.09765625,41.09375,246.63671875,,0.1144768136459416,0.0043055453496409,0.0,0.0,0.9999473684210526,known_synthetic_noise,0.5399736842105263,0.5621732834001708,0.5833333333333334,7.0,3.0,0.1,0.9,full_partition,target-discovery-v1,0.0,0.05,0.0799985656913367,0.1351717937778369,0.9200014343086632,0.5797101449275363,7.0,pairwise_f1,hungarian,0.5,0.0,7.0,0.2374667643538178,0.9763354659677792,0.9763354659677792,0.99595,0.953812942416788,0.9999473684210526,0.0277239100768512,0.9633943427620631,0.0140643218033424,0.99595,7.0,macro,0.0,0.0,0.08,0.1480111008325624,0.9876543209876544,0.08,0.0,12.0,0.25,0.0,12.0,0.0,0.0,0.08,0.25,0.1351958618474809,0.5803913043478262,"{""dimension"": 16, ""family"": ""ultrasparse"", ""n"": 20000}","{""eps"": 13, ""geometry_profile"": ""high_dim"", ""k"": 20, ""knn_backend"": ""faiss_hnsw"", ""min_samples"": 5}",development,native_target_discovery_v1
ok,synthetic,ultrasparse_16d__quality__n20000,SNN-DBSCAN,42,0.2.4,20000.0,16.0,0.0072138999994422,1.0414615999998205,4.570908599999711,264.62890625,40.6640625,264.62890625,,0.0999819942679438,0.0042001596584895,0.0,0.0,1.0,known_synthetic_noise,0.536,0.5552447380851598,0.6666666666666666,8.0,3.0,0.1,0.9,full_partition,target-discovery-v1,2.0,0.05,0.0541451520367183,0.0930784306302869,0.9277825588066552,0.4166666666666667,5.0,pairwise_f1,hungarian,0.5,0.0,8.0,0.1699517101136519,0.9761611179613644,0.9761611179613644,0.9964,0.95343235648334,1.0,0.0192455735180908,1.0,0.0097162844928099,0.9964,8.0,macro,0.0,0.0,0.072,0.1343283582089552,1.0,0.072,0.0,12.0,0.25,0.0,12.0,3.0,0.0,0.054,0.249,0.0928394502410991,0.416,"{""dimension"": 16, ""family"": ""ultrasparse"", ""n"": 20000}","{""eps"": 13, ""geometry_profile"": ""high_dim"", ""k"": 20, ""knn_backend"": ""faiss_hnsw"", ""min_samples"": 5}",development,native_target_discovery_v1
ok,synthetic,ultrasparse_16d__quality__n20000,SNN-DBSCAN,73,0.2.4,20000.0,16.0,0.0082001000000673,1.0619046000001615,4.709130899999764,260.35546875,35.94921875,247.32421875,,0.1037453467442827,0.002978591195191,0.0,0.0,1.0,known_synthetic_noise,0.5405,0.5631240471712888,0.8333333333333334,10.0,3.0,0.1,0.9,full_partition,target-discovery-v1,2.0,0.05,0.0689543889845094,0.1222157316152433,0.9191408491107286,0.6666666666666666,8.0,pairwise_f1,hungarian,0.75,0.0,10.0,0.2172393097809432,0.9763868547496082,0.9763868547496082,0.99595,0.953863145740248,1.0,0.0179581618160371,1.0,0.0090604352895452,0.99595,10.0,macro,0.0,0.0,0.081,0.1498612395929695,1.0,0.081,0.0,12.0,0.25,0.0,12.0,2.0,0.0,0.069,0.25,0.122283927023534,0.667,"{""dimension"": 16, ""family"": ""ultrasparse"", ""n"": 20000}","{""eps"": 13, ""geometry_profile"": ""high_dim"", ""k"": 20, ""knn_backend"": ""faiss_hnsw"", ""min_samples"": 5}",development,native_target_discovery_v1
ok,synthetic,ultrasparse_16d__quality__n20000,SNN-DBSCAN,101,0.2.4,20000.0,16.0,0.0065724999994927,1.0422458000002734,4.612422299999707,265.94140625,41.1875,264.9296875,,0.0941612034237885,0.0035919573407902,0.0,0.0,1.0,known_synthetic_noise,0.5355,0.5543612052097334,0.75,9.0,2.0,0.1,0.9,full_partition,target-discovery-v1,2.0,0.05,0.0590576592082616,0.1029695557086294,0.928894148020654,0.5833333333333334,7.0,pairwise_f1,hungarian,0.5833333333333334,0.0,9.0,0.186288153401564,0.9761360425389812,0.9761360425389812,0.99645,0.9533845150283506,1.0,0.0181012901983439,1.0,0.0091333074232413,0.99645,9.0,macro,0.0,0.0,0.071,0.1325863678804855,1.0,0.071,0.0,12.0,0.1666666666666666,0.0,12.0,2.0,0.0,0.059,0.166,0.102893309669703,0.584,"{""dimension"": 16, ""family"": ""ultrasparse"", ""n"": 20000}","{""eps"": 13, ""geometry_profile"": ""high_dim"", ""k"": 20, ""knn_backend"": ""faiss_hnsw"", ""min_samples"": 5}",development,native_target_discovery_v1
ok,synthetic,ultrasparse_16d__quality__n20000,SNN-DBSCAN,151,0.2.4,20000.0,16.0,0.0059732999998232,1.1047128999998677,4.596905999999763,266.02734375,41.65234375,259.890625,,0.143119782804069,0.0064120139025105,0.0,0.0,1.0,known_synthetic_noise,0.5515,0.5818512340900979,0.75,9.0,4.0,0.1,0.9,full_partition,target-discovery-v1,2.0,0.05,0.0908156435264869,0.1514513842265474,0.8971361637024287,0.5833333333333334,7.0,pairwise_f1,hungarian,0.75,0.0,9.0,0.2622474772307249,0.9769390955600687,0.9769390955600687,0.99485,0.9549178268080616,1.0,0.0368144969003338,1.0,0.0187524290711232,0.99485,9.0,macro,0.0,0.0,0.103,0.1867633726201269,1.0,0.103,0.0,12.0,0.3333333333333333,0.0,12.0,2.0,0.0,0.091,0.334,0.1517334397465744,0.584,"{""dimension"": 16, ""family"": ""ultrasparse"", ""n"": 20000}","{""eps"": 13, ""geometry_profile"": ""high_dim"", ""k"": 20, ""knn_backend"": ""faiss_hnsw"", ""min_samples"": 5}",development,native_target_discovery_v1
ok,synthetic,ultrasparse_16d__quality__n20000,SNN-DBSCAN,211,0.2.4,20000.0,16.0,0.0057743000006666,0.9911207000004651,4.402394900000218,258.6328125,34.16796875,254.20703125,,0.0914357994926333,0.0027182160101162,0.0,0.0,1.0,known_synthetic_noise,0.5355,0.5543612052097334,0.75,9.0,4.0,0.1,0.9,full_partition,target-discovery-v1,1.0,0.05,0.0549340218014916,0.0984374017480978,0.9290017211703958,0.5,6.0,pairwise_f1,hungarian,0.5833333333333334,0.0,9.0,0.1788398853350733,0.9761360425389812,0.9761360425389812,0.99645,0.9533845150283506,1.0,0.0137505126287602,1.0,0.006922852701127,0.99645,9.0,macro,0.0,0.0,0.071,0.1325863678804855,1.0,0.071,0.0,12.0,0.3333333333333333,0.0,12.0,3.0,0.0,0.055,0.334,0.0985640822486323,0.501,"{""dimension"": 16, ""family"": ""ultrasparse"", ""n"": 20000}","{""eps"": 13, ""geometry_profile"": ""high_dim"", ""k"": 20, ""knn_backend"": ""faiss_hnsw"", ""min_samples"": 5}",fresh,native_target_discovery_v1
ok,synthetic,ultrasparse_16d__quality__n20000,SNN-DBSCAN,223,0.2.4,20000.0,16.0,0.0062338999996427,1.038756499999181,4.487398000000212,265.203125,40.75,247.28125,,0.1141843523876869,0.0031870107525094,0.0,0.0,0.9999473684210526,known_synthetic_noise,0.5444736842105263,0.5699320237952085,0.8333333333333334,10.0,2.0,0.1,0.9,full_partition,target-discovery-v1,2.0,0.05,0.0720262000382482,0.1286520149680087,0.9109772423025436,0.65625,8.0,pairwise_f1,hungarian,0.8333333333333334,0.0,10.0,0.2273526335827425,0.9765612952968388,0.9765612952968388,0.9955,0.9542440984429936,0.9999473684210526,0.0189087759815242,0.9825,0.0095462495141857,0.9955,10.0,macro,0.0,0.0,0.089,0.163302752293578,0.9888888888888888,0.089,0.0,12.0,0.1666666666666666,0.0,12.0,2.0,0.0,0.072,0.166,0.1286173400185046,0.6565,"{""dimension"": 16, ""family"": ""ultrasparse"", ""n"": 20000}","{""eps"": 13, ""geometry_profile"": ""high_dim"", ""k"": 20, ""knn_backend"": ""faiss_hnsw"", ""min_samples"": 5}",fresh,native_target_discovery_v1
ok,synthetic,ultrasparse_16d__quality__n20000,SNN-DBSCAN,227,0.2.4,20000.0,16.0,0.0075868000003538,1.1033980000001975,4.598755099999835,265.3203125,41.1953125,266.55078125,,0.0473650815404102,0.0007329041312987,0.0,0.0,1.0,known_synthetic_noise,0.5205,0.5270773957567501,0.5833333333333334,7.0,0.0,0.1,0.9,full_partition,target-discovery-v1,0.0,0.05,0.0370051635111876,0.0688546368321649,0.958978772231784,0.5,6.0,pairwise_f1,hungarian,0.5,0.0,7.0,0.1286290517153114,0.9753843784491388,0.9753843784491388,0.99795,0.9519515005761812,1.0,0.0049913983184318,1.0,0.0025019432568985,0.99795,7.0,macro,0.0,0.0,0.041,0.0787704130643612,1.0,0.041,0.0,12.0,0.0,0.0,12.0,1.0,0.0,0.037,0.0,0.0688454239892442,0.5,"{""dimension"": 16, ""family"": ""ultrasparse"", ""n"": 20000}","{""eps"": 13, ""geometry_profile"": ""high_dim"", ""k"": 20, ""knn_backend"": ""faiss_hnsw"", ""min_samples"": 5}",fresh,native_target_discovery_v1
ok,synthetic,ultrasparse_16d__quality__n20000,StrataSCAN,23,0.2.4,20000.0,16.0,0.0061543000010715,1.7810989000008703,4.666365499999301,242.40234375,59.0546875,244.7578125,,0.9901698870738472,0.9910566745745134,0.0,0.0,1.0,known_synthetic_noise,0.996,0.9978867268695916,1.0,12.0,12.0,0.1,0.9,full_partition,target-discovery-v1,0.0,0.05,0.9919917766303308,0.9959409309368024,0.0080082233696691,1.0,12.0,pairwise_f1,hungarian,1.0,0.0,12.0,0.9978615136391348,0.9997895179962112,0.9997895179962112,0.9504,0.9995791245791246,1.0,0.9920056804965536,1.0,0.9841381655654876,0.9504,12.0,macro,12.0,12.0,0.992,0.9959839357429718,1.0,0.992,0.0,12.0,1.0,1.0,12.0,0.0,0.0,0.992,1.0,0.9959451190202844,1.0,"{""dimension"": 16, ""family"": ""ultrasparse"", ""n"": 20000}","{""ambiguous_model_confirmation_tolerance"": 1e-05, ""assignment"": ""maximum_posterior_basis_then_semantic_role"", ""background_model"": ""adaptive_gamma_basis_mixture_with_largest_rate_gap"", ""background_scan"": ""adaptive_dyadic_rank_windows_with_poisson_beta_boundary_code"", ""border_rule"": ""strict_local_core_radius"", ""component_initialization"": ""compiled_split_warm_single_start_with_guarded_confirmation"", ""component_selection"": ""semantic_icl_with_adaptive_bound"", ""connectivity"": ""density_ordered_non_merging_knn_watershed"", ""core_thresholds"": ""observed_d4_event_sweep"", ""duplicate_profile_confirmation_minimum"": 3, ""duplicate_profile_confirmation_tolerance"": 1e-08, ""extraction_objective"": ""gamma_topology_description_length"", ""fit_samples"": ""all_rows"", ""gamma_tolerance"": 0.0001, ""geometry_profile"": ""high_dim"", ""hard_component_bound"": 24, ""initial_component_bound"": 8, ""k"": 32, ""knn_backend"": ""faiss_hnsw"", ""shell_ranks"": [4, 8, 16, 32], ""stratification_model"": ""adaptive_gamma_density_basis_with_semantic_background"", ""version"": ""0.2.3""}",development,native_target_discovery_v1
ok,synthetic,ultrasparse_16d__quality__n20000,StrataSCAN,42,0.2.4,20000.0,16.0,0.0067902999999205,1.5018220999991172,4.414539000001241,242.74609375,58.9453125,245.30859375,,0.9957522341577562,0.9956429952427496,0.0,0.0,1.0,known_synthetic_noise,0.998,0.9989453699526196,1.0,12.0,12.0,0.1,0.9,full_partition,target-discovery-v1,0.0,0.05,0.9960197934595526,0.997979797979798,0.0039802065404475,1.0,12.0,pairwise_f1,hungarian,1.0,0.0,12.0,0.9989363552169148,0.9998947479212714,0.9998947479212714,0.9502,0.9997895179962112,1.0,0.9960003902058336,1.0,0.992032646715896,0.9502,12.0,macro,12.0,12.0,0.996,0.997995991983968,1.0,0.996,0.0,12.0,1.0,1.0,12.0,0.0,0.0,0.996,1.0,0.997969696969697,1.0,"{""dimension"": 16, ""family"": ""ultrasparse"", ""n"": 20000}","{""ambiguous_model_confirmation_tolerance"": 1e-05, ""assignment"": ""maximum_posterior_basis_then_semantic_role"", ""background_model"": ""adaptive_gamma_basis_mixture_with_largest_rate_gap"", ""background_scan"": ""adaptive_dyadic_rank_windows_with_poisson_beta_boundary_code"", ""border_rule"": ""strict_local_core_radius"", ""component_initialization"": ""compiled_split_warm_single_start_with_guarded_confirmation"", ""component_selection"": ""semantic_icl_with_adaptive_bound"", ""connectivity"": ""density_ordered_non_merging_knn_watershed"", ""core_thresholds"": ""observed_d4_event_sweep"", ""duplicate_profile_confirmation_minimum"": 3, ""duplicate_profile_confirmation_tolerance"": 1e-08, ""extraction_objective"": ""gamma_topology_description_length"", ""fit_samples"": ""all_rows"", ""gamma_tolerance"": 0.0001, ""geometry_profile"": ""high_dim"", ""hard_component_bound"": 24, ""initial_component_bound"": 8, ""k"": 32, ""knn_backend"": ""faiss_hnsw"", ""shell_ranks"": [4, 8, 16, 32], ""stratification_model"": ""adaptive_gamma_density_basis_with_semantic_background"", ""version"": ""0.2.3""}",development,native_target_discovery_v1
ok,synthetic,ultrasparse_16d__quality__n20000,StrataSCAN,73,0.2.4,20000.0,16.0,0.0060909000003448,1.490206999998918,4.386781699999119,243.44140625,60.0,241.47265625,,0.992240774318414,0.9933202452218975,0.0,0.0,1.0,known_synthetic_noise,0.997,0.9984165515543632,1.0,12.0,12.0,0.1,0.9,full_partition,target-discovery-v1,0.0,0.05,0.9939878561866514,0.9969634271737384,0.0060121438133486,1.0,12.0,pairwise_f1,hungarian,1.0,0.0,12.0,0.998400703634781,0.99984213018997,0.99984213018997,0.9503,0.999684310217826,1.0,0.9940008552752152,1.0,0.9880732607850756,0.9503,12.0,macro,12.0,12.0,0.994,0.9969909729187564,1.0,0.994,0.0,12.0,1.0,1.0,12.0,0.0,0.0,0.994,1.0,0.9969695854410912,1.0,"{""dimension"": 16, ""family"": ""ultrasparse"", ""n"": 20000}","{""ambiguous_model_confirmation_tolerance"": 1e-05, ""assignment"": ""maximum_posterior_basis_then_semantic_role"", ""background_model"": ""adaptive_gamma_basis_mixture_with_largest_rate_gap"", ""background_scan"": ""adaptive_dyadic_rank_windows_with_poisson_beta_boundary_code"", ""border_rule"": ""strict_local_core_radius"", ""component_initialization"": ""compiled_split_warm_single_start_with_guarded_confirmation"", ""component_selection"": ""semantic_icl_with_adaptive_bound"", ""connectivity"": ""density_ordered_non_merging_knn_watershed"", ""core_thresholds"": ""observed_d4_event_sweep"", ""duplicate_profile_confirmation_minimum"": 3, ""duplicate_profile_confirmation_tolerance"": 1e-08, ""extraction_objective"": ""gamma_topology_description_length"", ""fit_samples"": ""all_rows"", ""gamma_tolerance"": 0.0001, ""geometry_profile"": ""high_dim"", ""hard_component_bound"": 24, ""initial_component_bound"": 8, ""k"": 32, ""knn_backend"": ""faiss_hnsw"", ""shell_ranks"": [4, 8, 16, 32], ""stratification_model"": ""adaptive_gamma_density_basis_with_semantic_background"", ""version"": ""0.2.3""}",development,native_target_discovery_v1
ok,synthetic,ultrasparse_16d__quality__n20000,StrataSCAN,101,0.2.4,20000.0,16.0,0.0071619999998802,1.5169363000004523,4.425967299999684,241.99609375,58.41796875,240.49609375,,0.9949649032927016,0.995589861038393,0.0,0.0,1.0,known_synthetic_noise,0.998,0.9989453699526196,1.0,12.0,12.0,0.1,0.9,full_partition,target-discovery-v1,0.0,0.05,0.9959958883151656,0.99797968733634,0.0040041116848345,1.0,12.0,pairwise_f1,hungarian,1.0,0.0,12.0,0.9989362997890808,0.9998947479212714,0.9998947479212714,0.9502,0.9997895179962112,1.0,0.9960003902058336,1.0,0.992032646715896,0.9502,12.0,macro,12.0,12.0,0.996,0.997995991983968,1.0,0.996,0.0,12.0,1.0,1.0,12.0,0.0,0.0,0.996,1.0,0.9979817805630424,1.0,"{""dimension"": 16, ""family"": ""ultrasparse"", ""n"": 20000}","{""ambiguous_model_confirmation_tolerance"": 1e-05, ""assignment"": ""maximum_posterior_basis_then_semantic_role"", ""background_model"": ""adaptive_gamma_basis_mixture_with_largest_rate_gap"", ""background_scan"": ""adaptive_dyadic_rank_windows_with_poisson_beta_boundary_code"", ""border_rule"": ""strict_local_core_radius"", ""component_initialization"": ""compiled_split_warm_single_start_with_guarded_confirmation"", ""component_selection"": ""semantic_icl_with_adaptive_bound"", ""connectivity"": ""density_ordered_non_merging_knn_watershed"", ""core_thresholds"": ""observed_d4_event_sweep"", ""duplicate_profile_confirmation_minimum"": 3, ""duplicate_profile_confirmation_tolerance"": 1e-08, ""extraction_objective"": ""gamma_topology_description_length"", ""fit_samples"": ""all_rows"", ""gamma_tolerance"": 0.0001, ""geometry_profile"": ""high_dim"", ""hard_component_bound"": 24, ""initial_component_bound"": 8, ""k"": 32, ""knn_backend"": ""faiss_hnsw"", ""shell_ranks"": [4, 8, 16, 32], ""stratification_model"": ""adaptive_gamma_density_basis_with_semantic_background"", ""version"": ""0.2.3""}",development,native_target_discovery_v1
ok,synthetic,ultrasparse_16d__quality__n20000,StrataSCAN,151,0.2.4,20000.0,16.0,0.0059891999990213,1.5422123999996984,4.399254199999632,242.890625,59.26953125,241.40625,,0.9871337969869666,0.9876151138439746,0.0,0.0,1.0,known_synthetic_noise,0.9945,0.9970900963957152,1.0,12.0,12.0,0.1,0.9,full_partition,target-discovery-v1,0.0,0.05,0.9889916810097532,0.9943947149909208,0.0110083189902467,1.0,12.0,pairwise_f1,hungarian,1.0,0.0,12.0,0.9970455769700084,0.9997106100865538,0.9997106100865538,0.95055,0.9994213876176952,1.0,0.9890228628962944,1.0,0.9782841041585698,0.95055,12.0,macro,12.0,12.0,0.989,0.9944695827048768,1.0,0.989,0.0,12.0,1.0,1.0,12.0,0.0,0.0,0.989,1.0,0.9943989543127756,1.0,"{""dimension"": 16, ""family"": ""ultrasparse"", ""n"": 20000}","{""ambiguous_model_confirmation_tolerance"": 1e-05, ""assignment"": ""maximum_posterior_basis_then_semantic_role"", ""background_model"": ""adaptive_gamma_basis_mixture_with_largest_rate_gap"", ""background_scan"": ""adaptive_dyadic_rank_windows_with_poisson_beta_boundary_code"", ""border_rule"": ""strict_local_core_radius"", ""component_initialization"": ""compiled_split_warm_single_start_with_guarded_confirmation"", ""component_selection"": ""semantic_icl_with_adaptive_bound"", ""connectivity"": ""density_ordered_non_merging_knn_watershed"", ""core_thresholds"": ""observed_d4_event_sweep"", ""duplicate_profile_confirmation_minimum"": 3, ""duplicate_profile_confirmation_tolerance"": 1e-08, ""extraction_objective"": ""gamma_topology_description_length"", ""fit_samples"": ""all_rows"", ""gamma_tolerance"": 0.0001, ""geometry_profile"": ""high_dim"", ""hard_component_bound"": 24, ""initial_component_bound"": 8, ""k"": 32, ""knn_backend"": ""faiss_hnsw"", ""shell_ranks"": [4, 8, 16, 32], ""stratification_model"": ""adaptive_gamma_density_basis_with_semantic_background"", ""version"": ""0.2.3""}",development,native_target_discovery_v1
ok,synthetic,ultrasparse_16d__quality__n20000,StrataSCAN,211,0.2.4,20000.0,16.0,0.0074609000002965,1.5226505999999065,4.418160499999431,244.92578125,61.44921875,242.95703125,,0.994123064013314,0.9944958469582804,0.0,0.0,1.0,known_synthetic_noise,0.9975,0.9986810863496064,1.0,12.0,12.0,0.1,0.9,full_partition,target-discovery-v1,0.0,0.05,0.9950157773952956,0.9974747474747476,0.0049842226047045,1.0,12.0,pairwise_f1,hungarian,1.0,0.0,12.0,0.9986701585746496,0.9998684383633732,0.9998684383633732,0.95025,0.9997369113391212,1.0,0.9949954837292192,1.0,0.99004080839487,0.95025,12.0,macro,12.0,12.0,0.995,0.9974937343358397,1.0,0.995,0.0,12.0,1.0,1.0,12.0,0.0,0.0,0.995,1.0,0.9974666666666668,1.0,"{""dimension"": 16, ""family"": ""ultrasparse"", ""n"": 20000}","{""ambiguous_model_confirmation_tolerance"": 1e-05, ""assignment"": ""maximum_posterior_basis_then_semantic_role"", ""background_model"": ""adaptive_gamma_basis_mixture_with_largest_rate_gap"", ""background_scan"": ""adaptive_dyadic_rank_windows_with_poisson_beta_boundary_code"", ""border_rule"": ""strict_local_core_radius"", ""component_initialization"": ""compiled_split_warm_single_start_with_guarded_confirmation"", ""component_selection"": ""semantic_icl_with_adaptive_bound"", ""connectivity"": ""density_ordered_non_merging_knn_watershed"", ""core_thresholds"": ""observed_d4_event_sweep"", ""duplicate_profile_confirmation_minimum"": 3, ""duplicate_profile_confirmation_tolerance"": 1e-08, ""extraction_objective"": ""gamma_topology_description_length"", ""fit_samples"": ""all_rows"", ""gamma_tolerance"": 0.0001, ""geometry_profile"": ""high_dim"", ""hard_component_bound"": 24, ""initial_component_bound"": 8, ""k"": 32, ""knn_backend"": ""faiss_hnsw"", ""shell_ranks"": [4, 8, 16, 32], ""stratification_model"": ""adaptive_gamma_density_basis_with_semantic_background"", ""version"": ""0.2.3""}",fresh,native_target_discovery_v1
ok,synthetic,ultrasparse_16d__quality__n20000,StrataSCAN,223,0.2.4,20000.0,16.0,0.0072345999997196,1.6761351000004652,4.868350400000054,242.6953125,59.359375,242.6328125,,0.9959687302883196,0.996681983396192,0.0,0.0,1.0,known_synthetic_noise,0.9985,0.999209402741852,1.0,12.0,12.0,0.1,0.9,full_partition,target-discovery-v1,0.0,0.05,0.9969999043794224,0.998490896993891,0.0030000956205775,1.0,12.0,pairwise_f1,hungarian,1.0,0.0,12.0,0.9992054661817504,0.999921058863774,0.999921058863774,0.95015,0.99984213018997,1.0,0.9969910706672026,1.0,0.99400019432569,0.95015,12.0,macro,12.0,12.0,0.997,0.99849774661993,1.0,0.997,0.0,12.0,1.0,1.0,12.0,0.0,0.0,0.997,1.0,0.9984909453819634,1.0,"{""dimension"": 16, ""family"": ""ultrasparse"", ""n"": 20000}","{""ambiguous_model_confirmation_tolerance"": 1e-05, ""assignment"": ""maximum_posterior_basis_then_semantic_role"", ""background_model"": ""adaptive_gamma_basis_mixture_with_largest_rate_gap"", ""background_scan"": ""adaptive_dyadic_rank_windows_with_poisson_beta_boundary_code"", ""border_rule"": ""strict_local_core_radius"", ""component_initialization"": ""compiled_split_warm_single_start_with_guarded_confirmation"", ""component_selection"": ""semantic_icl_with_adaptive_bound"", ""connectivity"": ""density_ordered_non_merging_knn_watershed"", ""core_thresholds"": ""observed_d4_event_sweep"", ""duplicate_profile_confirmation_minimum"": 3, ""duplicate_profile_confirmation_tolerance"": 1e-08, ""extraction_objective"": ""gamma_topology_description_length"", ""fit_samples"": ""all_rows"", ""gamma_tolerance"": 0.0001, ""geometry_profile"": ""high_dim"", ""hard_component_bound"": 24, ""initial_component_bound"": 8, ""k"": 32, ""knn_backend"": ""faiss_hnsw"", ""shell_ranks"": [4, 8, 16, 32], ""stratification_model"": ""adaptive_gamma_density_basis_with_semantic_background"", ""version"": ""0.2.3""}",fresh,native_target_discovery_v1
ok,synthetic,ultrasparse_16d__quality__n20000,StrataSCAN,227,0.2.4,20000.0,16.0,0.0077760000003763,1.5467141000008269,4.50073859999975,242.1171875,58.87109375,242.03125,,0.9957522341577562,0.9956429952427496,0.0,0.0,1.0,known_synthetic_noise,0.998,0.9989453699526196,1.0,12.0,12.0,0.1,0.9,full_partition,target-discovery-v1,0.0,0.05,0.9960197934595526,0.997979797979798,0.0039802065404475,1.0,12.0,pairwise_f1,hungarian,1.0,0.0,12.0,0.9989363552169148,0.9998947479212714,0.9998947479212714,0.9502,0.9997895179962112,1.0,0.9960003902058336,1.0,0.992032646715896,0.9502,12.0,macro,12.0,12.0,0.996,0.997995991983968,1.0,0.996,0.0,12.0,1.0,1.0,12.0,0.0,0.0,0.996,1.0,0.997969696969697,1.0,"{""dimension"": 16, ""family"": ""ultrasparse"", ""n"": 20000}","{""ambiguous_model_confirmation_tolerance"": 1e-05, ""assignment"": ""maximum_posterior_basis_then_semantic_role"", ""background_model"": ""adaptive_gamma_basis_mixture_with_largest_rate_gap"", ""background_scan"": ""adaptive_dyadic_rank_windows_with_poisson_beta_boundary_code"", ""border_rule"": ""strict_local_core_radius"", ""component_initialization"": ""compiled_split_warm_single_start_with_guarded_confirmation"", ""component_selection"": ""semantic_icl_with_adaptive_bound"", ""connectivity"": ""density_ordered_non_merging_knn_watershed"", ""core_thresholds"": ""observed_d4_event_sweep"", ""duplicate_profile_confirmation_minimum"": 3, ""duplicate_profile_confirmation_tolerance"": 1e-08, ""extraction_objective"": ""gamma_topology_description_length"", ""fit_samples"": ""all_rows"", ""gamma_tolerance"": 0.0001, ""geometry_profile"": ""high_dim"", ""hard_component_bound"": 24, ""initial_component_bound"": 8, ""k"": 32, ""knn_backend"": ""faiss_hnsw"", ""shell_ranks"": [4, 8, 16, 32], ""stratification_model"": ""adaptive_gamma_density_basis_with_semantic_background"", ""version"": ""0.2.3""}",fresh,native_target_discovery_v1
ok,synthetic,ultrasparse_16d__quality__n20000,VDBSCAN-2007,23,0.2.4,20000.0,16.0,0.0070178000005398,3.031758600000103,5.903506699999525,212.6328125,28.91796875,212.625,,0.8666792401949384,0.5836530363035151,1.0,1.0,0.0026315789473684,known_synthetic_noise,0.5013157894736842,0.0503573688133852,0.75,8.0,6.0,0.1,0.9,full_partition,target-discovery-v1,0.0,0.05,0.6666666666666666,0.5867506206376921,0.0,0.558453138020747,8.0,pairwise_f1,hungarian,1.0,2.0,9.0,0.0104055943791751,0.0052493438320209,0.0052493438320209,0.0025,1.0,0.0026315789473684,0.0004585439863982,0.0002293245709006,1.0,0.0025,9.0,macro,6.0,6.0,1.0,0.0954653937947494,0.050125313283208,1.0,1.0,12.0,0.5,0.5,12.0,1.0,0.0,0.668,0.502,0.5883918534492588,0.5601960696547106,"{""dimension"": 16, ""family"": ""ultrasparse"", ""n"": 20000}","{""eps_values"": [15.244711875915527, 25.476518630981445, 26.429166793823242], ""geometry_profile"": ""high_dim"", ""knee_prominence"": 0.08, ""knn_backend"": ""faiss_hnsw"", ""max_eps_values"": 7, ""min_samples"": 5}",development,native_target_discovery_v1
ok,synthetic,ultrasparse_16d__quality__n20000,VDBSCAN-2007,42,0.2.4,20000.0,16.0,0.0066140999997514,3.067173599999478,5.829437300000791,212.890625,29.23828125,210.90234375,,0.366787022216932,0.0715961742376872,1.0,1.0,0.0018421052631578,known_synthetic_noise,0.5009210526315789,0.0495372633451464,0.3333333333333333,3.0,2.0,0.1,0.9,full_partition,target-discovery-v1,0.0,0.05,0.25,0.1798638173056777,0.0,0.1712022123734371,3.0,pairwise_f1,hungarian,1.0,1.0,4.0,0.007207510225583,0.0036774363015497,0.0036774363015497,0.00175,1.0,0.0018421052631578,0.0004574215945381,0.0002287631178641,1.0,0.00175,4.0,macro,2.0,2.0,1.0,0.0953970903887431,0.0500876533934385,1.0,1.0,12.0,0.1666666666666666,0.1666666666666666,12.0,1.0,0.0,0.251,0.167,0.1803027278441231,0.1715718300724246,"{""dimension"": 16, ""family"": ""ultrasparse"", ""n"": 20000}","{""eps_values"": [14.58915901184082, 23.595558166503906], ""geometry_profile"": ""high_dim"", ""knee_prominence"": 0.08, ""knn_backend"": ""faiss_hnsw"", ""max_eps_values"": 7, ""min_samples"": 5}",development,native_target_discovery_v1
ok,synthetic,ultrasparse_16d__quality__n20000,VDBSCAN-2007,73,0.2.4,20000.0,16.0,0.0075142000005143,3.2082651999999143,6.103420000000369,213.7578125,29.87890625,210.26953125,,0.9235400439942664,0.7758574731863306,1.0,1.0,0.0030526315789473,known_synthetic_noise,0.5015263157894737,0.0507942725221057,0.8333333333333334,9.0,6.0,0.1,0.9,full_partition,target-discovery-v1,0.0,0.05,0.75,0.660528436231761,0.0,0.6147959824687041,9.0,pairwise_f1,hungarian,1.0,3.0,10.0,0.0120622138003889,0.0060866827578969,0.0060866827578969,0.0029,1.0,0.0030526315789473,0.0004595798320856,0.0002298427315848,1.0,0.0029,10.0,macro,6.0,6.0,1.0,0.0955018622863145,0.0501454217229966,1.0,1.0,12.0,0.5,0.5,12.0,1.0,0.0,0.75,0.5,0.6605451460162458,0.6148280266090047,"{""dimension"": 16, ""family"": ""ultrasparse"", ""n"": 20000}","{""eps_values"": [15.87961483001709, 24.744243621826172], ""geometry_profile"": ""high_dim"", ""knee_prominence"": 0.08, ""knn_backend"": ""faiss_hnsw"", ""max_eps_values"": 7, ""min_samples"": 5}",development,native_target_discovery_v1
ok,synthetic,ultrasparse_16d__quality__n20000,VDBSCAN-2007,101,0.2.4,20000.0,16.0,0.0077653999996982,3.2332102000000305,6.078563899999608,213.2109375,29.26953125,214.08203125,,0.8659518716496079,0.5808529106402786,1.0,1.0,0.0028947368421052,known_synthetic_noise,0.5014473684210526,0.0506304731958142,0.75,8.0,6.0,0.1,0.9,full_partition,target-discovery-v1,0.0,0.05,0.6666666666666666,0.5869842268353487,0.0,0.5591304050355775,8.0,pairwise_f1,hungarian,1.0,2.0,9.0,0.0114330861244583,0.0057727630543164,0.0057727630543164,0.00275,1.0,0.0028947368421052,0.0004588324488519,0.0002294688683073,1.0,0.00275,9.0,macro,6.0,6.0,1.0,0.095488183337312,0.0501378791677112,1.0,1.0,12.0,0.5,0.5,12.0,1.0,0.0,0.667,0.5,0.5870187460683581,0.5591094006568145,"{""dimension"": 16, ""family"": ""ultrasparse"", ""n"": 20000}","{""eps_values"": [15.170210838317871, 24.709022521972656], ""geometry_profile"": ""high_dim"", ""knee_prominence"": 0.08, ""knn_backend"": ""faiss_hnsw"", ""max_eps_values"": 7, ""min_samples"": 5}",development,native_target_discovery_v1
ok,synthetic,ultrasparse_16d__quality__n20000,VDBSCAN-2007,151,0.2.4,20000.0,16.0,0.0079728000000613,3.051559600000473,5.99838279999949,209.94921875,26.58203125,208.25390625,,0.809506362137441,0.4535366515575598,1.0,1.0,0.0023684210526315,known_synthetic_noise,0.5011842105263158,0.0500841324522494,0.6666666666666666,7.0,5.0,0.1,0.9,full_partition,target-discovery-v1,0.0,0.05,0.5833333333333334,0.4944825558493024,0.0,0.4647222778330626,7.0,pairwise_f1,hungarian,1.0,2.0,8.0,0.0093618308087373,0.0047256497768443,0.0047256497768443,0.00225,1.0,0.0023684210526315,0.0004586630586836,0.0002293841343561,1.0,0.00225,8.0,macro,5.0,5.0,1.0,0.0954426151276545,0.0501127536958155,1.0,1.0,12.0,0.4166666666666667,0.4166666666666667,12.0,1.0,0.0,0.584,0.417,0.4951425819293274,0.4653112589042861,"{""dimension"": 16, ""family"": ""ultrasparse"", ""n"": 20000}","{""eps_values"": [15.62470531463623, 25.024633407592773, 25.74768829345703], ""geometry_profile"": ""high_dim"", ""knee_prominence"": 0.08, ""knn_backend"": ""faiss_hnsw"", ""max_eps_values"": 7, ""min_samples"": 5}",development,native_target_discovery_v1
ok,synthetic,ultrasparse_16d__quality__n20000,VDBSCAN-2007,211,0.2.4,20000.0,16.0,0.0064568000007056,3.124595600000248,6.013194000000112,212.97265625,29.62109375,213.1328125,,0.8740390152121527,0.6244774876223145,1.0,1.0,0.002,known_synthetic_noise,0.501,0.0497013796088768,0.75,8.0,6.0,0.1,0.9,full_partition,target-discovery-v1,0.0,0.05,0.6666666666666666,0.58073388452534,0.0,0.551072030129575,8.0,pairwise_f1,hungarian,1.0,2.0,9.0,0.007929523690552,0.0039920159680638,0.0039920159680638,0.0019,1.0,0.002,0.0004581249757544,0.0002291149695221,1.0,0.0019,9.0,macro,6.0,6.0,1.0,0.0954107432496899,0.0500951808436028,1.0,1.0,12.0,0.5,0.5,12.0,1.0,0.0,0.668,0.502,0.5823931975079488,0.5528324478914095,"{""dimension"": 16, ""family"": ""ultrasparse"", ""n"": 20000}","{""eps_values"": [14.544075012207031, 24.93935203552246], ""geometry_profile"": ""high_dim"", ""knee_prominence"": 0.08, ""knn_backend"": ""faiss_hnsw"", ""max_eps_values"": 7, ""min_samples"": 5}",fresh,native_target_discovery_v1
ok,synthetic,ultrasparse_16d__quality__n20000,VDBSCAN-2007,223,0.2.4,20000.0,16.0,0.0067056000007141,3.1957995000002484,6.050229499999659,212.32421875,29.0546875,209.10546875,,0.8418185348509573,0.4823585144737046,1.0,1.0,0.0023157894736842,known_synthetic_noise,0.5011578947368421,0.0500294693327101,0.75,8.0,7.0,0.1,0.9,full_partition,target-discovery-v1,0.0,0.05,0.6666666666666666,0.6078822113150082,0.0,0.5939762339044145,8.0,pairwise_f1,hungarian,1.0,1.0,9.0,0.0091720337932567,0.0046208779668136,0.0046208779668136,0.0022,1.0,0.0023157894736842,0.0004584387949687,0.0002292719510628,1.0,0.0022,9.0,macro,7.0,7.0,1.0,0.0954380606986066,0.0501102425335738,1.0,1.0,12.0,0.5833333333333334,0.5833333333333334,12.0,1.0,0.0,0.668,0.585,0.6094330006041025,0.5955653084489609,"{""dimension"": 16, ""family"": ""ultrasparse"", ""n"": 20000}","{""eps_values"": [14.849492073059082, 24.049808502197266], ""geometry_profile"": ""high_dim"", ""knee_prominence"": 0.08, ""knn_backend"": ""faiss_hnsw"", ""max_eps_values"": 7, ""min_samples"": 5}",fresh,native_target_discovery_v1
ok,synthetic,ultrasparse_16d__quality__n20000,VDBSCAN-2007,227,0.2.4,20000.0,16.0,0.0060441999994509,3.239007300000594,5.993257099999937,213.41796875,30.15625,214.86328125,,0.7614590384390358,0.4010015906319429,1.0,1.0,0.0025263157894736,known_synthetic_noise,0.5012631578947369,0.0502480901126536,0.5833333333333334,6.0,4.0,0.1,0.9,full_partition,target-discovery-v1,0.0,0.05,0.5,0.4006605490682567,0.0,0.3737140742393903,6.0,pairwise_f1,hungarian,1.0,2.0,7.0,0.0099545799869718,0.0050398992020159,0.0050398992020159,0.0024,1.0,0.0025263157894736,0.0004583396373867,0.0002292223495376,1.0,0.0024,7.0,macro,4.0,4.0,1.0,0.0954562810232913,0.0501202886928628,1.0,1.0,12.0,0.3333333333333333,0.3333333333333333,12.0,1.0,0.0,0.5,0.333,0.400380803520683,0.3733969190662783,"{""dimension"": 16, ""family"": ""ultrasparse"", ""n"": 20000}","{""eps_values"": [14.75981330871582, 24.51007652282715], ""geometry_profile"": ""high_dim"", ""knee_prominence"": 0.08, ""knn_backend"": ""faiss_hnsw"", ""max_eps_values"": 7, ""min_samples"": 5}",fresh,native_target_discovery_v1
ok,synthetic,ultrasparse_16d__quality__n20000,kNN+Leiden,23,0.2.4,20000.0,16.0,0.0065033999999286,5.073659399999087,8.796263300000646,307.796875,94.2890625,323.7890625,,1.0,1.0,2.0,1.0,0.0,known_synthetic_noise,0.5,0.0476190476190476,1.0833333333333333,12.0,0.0,0.1,0.9,full_partition,target-discovery-v1,0.0,0.05,1.0,0.6643304008762533,0.0,0.5203969955200877,12.0,pairwise_f1,hungarian,1.0,0.0,13.0,0.0,0.0,0.0,0.0,0.0,0.0,0.0009722302025173,0.000486351524079,1.0,0.0,13.0,macro,0.0,0.0,1.0,0.0952380952380952,0.05,1.0,2.0,12.0,0.0,0.0,12.0,1.0,0.0,1.0,0.0,0.6645117088958077,0.5205173964118541,"{""dimension"": 16, ""family"": ""ultrasparse"", ""n"": 20000}","{""edge_rank"": 15, ""geometry_profile"": ""high_dim"", ""k"": 20, ""knn_backend"": ""faiss_hnsw"", ""resolution"": 0.5, ""symmetrization"": ""union"", ""weights"": ""1/(1+d)""}",development,native_target_discovery_v1
ok,synthetic,ultrasparse_16d__quality__n20000,kNN+Leiden,42,0.2.4,20000.0,16.0,0.0064423000003444,7.040080999999191,10.460541500000543,308.37109375,94.99609375,325.09375,,0.9754318108600456,0.9133626224760436,4.0,0.0,0.0,known_synthetic_noise,0.5,0.0476190476190476,0.9166666666666666,11.0,0.0,0.1,0.9,full_partition,target-discovery-v1,0.0,0.05,0.9166666666666666,0.4850458590132442,0.0,0.3785038843287259,11.0,pairwise_f1,hungarian,1.0,1.0,11.0,0.0,0.0,0.0,0.0,0.0,0.0,0.0012984031309909,0.00064962330196,1.0,0.0,11.0,macro,1.0,0.0,1.0,0.0952380952380952,0.05,1.0,4.0,12.0,0.0,0.0833333333333333,12.0,0.0,0.0,0.916,0.0,0.4846233868303236,0.3781880742394963,"{""dimension"": 16, ""family"": ""ultrasparse"", ""n"": 20000}","{""edge_rank"": 15, ""geometry_profile"": ""high_dim"", ""k"": 20, ""knn_backend"": ""faiss_hnsw"", ""resolution"": 0.5, ""symmetrization"": ""union"", ""weights"": ""1/(1+d)""}",development,native_target_discovery_v1
ok,synthetic,ultrasparse_16d__quality__n20000,kNN+Leiden,73,0.2.4,20000.0,16.0,0.0065720000002329,4.731392400000914,8.245279900000241,310.13671875,96.7109375,323.82421875,,1.0,1.0,3.0,0.0,0.0,known_synthetic_noise,0.5,0.0476190476190476,1.0,12.0,0.0,0.1,0.9,full_partition,target-discovery-v1,0.0,0.05,1.0,0.6083074867535251,0.0,0.4793735457035599,12.0,pairwise_f1,hungarian,1.0,0.0,12.0,0.0,0.0,0.0,0.0,0.0,0.0,0.0009583378518275,0.0004793986388446,1.0,0.0,12.0,macro,1.0,0.0,1.0,0.0952380952380952,0.05,1.0,3.0,12.0,0.0,0.0833333333333333,12.0,0.0,0.0,1.0,0.0,0.608811620935927,0.4797815027364908,"{""dimension"": 16, ""family"": ""ultrasparse"", ""n"": 20000}","{""edge_rank"": 15, ""geometry_profile"": ""high_dim"", ""k"": 20, ""knn_backend"": ""faiss_hnsw"", ""resolution"": 0.5, ""symmetrization"": ""union"", ""weights"": ""1/(1+d)""}",development,native_target_discovery_v1
ok,synthetic,ultrasparse_16d__quality__n20000,kNN+Leiden,101,0.2.4,20000.0,16.0,0.0096033999998326,7.599459099999876,11.528827999998612,310.05078125,96.55078125,323.3046875,,0.912928372661876,0.717842225165706,3.0,0.0,0.0,known_synthetic_noise,0.5,0.0476190476190476,0.75,9.0,0.0,0.1,0.9,full_partition,target-discovery-v1,0.0,0.05,0.75,0.4243643327107638,0.0,0.3336169908636578,9.0,pairwise_f1,hungarian,1.0,2.0,9.0,0.0,0.0,0.0,0.0,0.0,0.0,0.0009142481108766,0.0004573331134058,1.0,0.0,9.0,macro,1.0,0.0,1.0,0.0952380952380952,0.05,1.0,3.0,12.0,0.0,0.0833333333333333,12.0,0.0,0.0,0.75,0.0,0.4239937883385357,0.3332676768221184,"{""dimension"": 16, ""family"": ""ultrasparse"", ""n"": 20000}","{""edge_rank"": 15, ""geometry_profile"": ""high_dim"", ""k"": 20, ""knn_backend"": ""faiss_hnsw"", ""resolution"": 0.5, ""symmetrization"": ""union"", ""weights"": ""1/(1+d)""}",development,native_target_discovery_v1
ok,synthetic,ultrasparse_16d__quality__n20000,kNN+Leiden,151,0.2.4,20000.0,16.0,0.0067076999985147,3.5270559000000503,7.104841700000179,304.06640625,90.515625,323.37890625,,1.0,1.0,3.0,0.0,0.0,known_synthetic_noise,0.5,0.0476190476190476,1.0,12.0,0.0,0.1,0.9,full_partition,target-discovery-v1,0.0,0.05,1.0,0.6182435792388568,0.0,0.4920516205001777,12.0,pairwise_f1,hungarian,1.0,0.0,12.0,0.0,0.0,0.0,0.0,0.0,0.0,0.0009543311358194,0.0004773933635851,1.0,0.0,12.0,macro,2.0,0.0,1.0,0.0952380952380952,0.05,1.0,3.0,12.0,0.0,0.1666666666666666,12.0,0.0,0.0,1.0,0.0,0.6180563281982079,0.4919190652219021,"{""dimension"": 16, ""family"": ""ultrasparse"", ""n"": 20000}","{""edge_rank"": 15, ""geometry_profile"": ""high_dim"", ""k"": 20, ""knn_backend"": ""faiss_hnsw"", ""resolution"": 0.5, ""symmetrization"": ""union"", ""weights"": ""1/(1+d)""}",development,native_target_discovery_v1
ok,synthetic,ultrasparse_16d__quality__n20000,kNN+Leiden,211,0.2.4,20000.0,16.0,0.0066502999998192,4.946242999998503,8.50622199999998,309.68359375,95.89453125,326.05859375,,1.0,1.0,3.0,0.0,0.0,known_synthetic_noise,0.5,0.0476190476190476,1.0,12.0,0.0,0.1,0.9,full_partition,target-discovery-v1,0.0,0.05,1.0,0.5946423887776666,0.0,0.4618977679325147,12.0,pairwise_f1,hungarian,1.0,0.0,12.0,0.0,0.0,0.0,0.0,0.0,0.0,0.0009630978850107,0.0004817809436093,1.0,0.0,12.0,macro,0.0,0.0,1.0,0.0952380952380952,0.05,1.0,3.0,12.0,0.0,0.0,12.0,0.0,0.0,1.0,0.0,0.5944433243898157,0.4617497281461867,"{""dimension"": 16, ""family"": ""ultrasparse"", ""n"": 20000}","{""edge_rank"": 15, ""geometry_profile"": ""high_dim"", ""k"": 20, ""knn_backend"": ""faiss_hnsw"", ""resolution"": 0.5, ""symmetrization"": ""union"", ""weights"": ""1/(1+d)""}",fresh,native_target_discovery_v1
ok,synthetic,ultrasparse_16d__quality__n20000,kNN+Leiden,223,0.2.4,20000.0,16.0,0.0065702000010787,7.227962500001013,10.681447400000252,310.57421875,97.29296875,325.26953125,,0.975582289465594,0.9143202165408582,5.0,0.0,0.0,known_synthetic_noise,0.5,0.0476190476190476,0.9166666666666666,11.0,0.0,0.1,0.9,full_partition,target-discovery-v1,0.0,0.05,0.9166666666666666,0.52848266147541,0.0,0.4080596229449893,11.0,pairwise_f1,hungarian,1.0,1.0,11.0,0.0,0.0,0.0,0.0,0.0,0.0,0.0009503641789162,0.0004754079948224,1.0,0.0,11.0,macro,0.0,0.0,1.0,0.0952380952380952,0.05,1.0,5.0,12.0,0.0,0.0,12.0,0.0,0.0,0.917,0.0,0.5284738174951173,0.4080390712774717,"{""dimension"": 16, ""family"": ""ultrasparse"", ""n"": 20000}","{""edge_rank"": 15, ""geometry_profile"": ""high_dim"", ""k"": 20, ""knn_backend"": ""faiss_hnsw"", ""resolution"": 0.5, ""symmetrization"": ""union"", ""weights"": ""1/(1+d)""}",fresh,native_target_discovery_v1
ok,synthetic,ultrasparse_16d__quality__n20000,kNN+Leiden,227,0.2.4,20000.0,16.0,0.0062240000006568,5.6405947000002925,9.071520400000736,311.81640625,98.265625,325.71484375,,1.0,1.0,3.0,0.0,0.0,known_synthetic_noise,0.5,0.0476190476190476,1.0,12.0,0.0,0.1,0.9,full_partition,target-discovery-v1,0.0,0.05,1.0,0.6023261967644521,0.0,0.4709047630058085,12.0,pairwise_f1,hungarian,1.0,0.0,12.0,0.0,0.0,0.0,0.0,0.0,0.0,0.0009599413812709,0.0004802011731241,1.0,0.0,12.0,macro,0.0,0.0,1.0,0.0952380952380952,0.05,1.0,3.0,12.0,0.0,0.0,12.0,0.0,0.0,1.0,0.0,0.6027479389726335,0.4712194385950832,"{""dimension"": 16, ""family"": ""ultrasparse"", ""n"": 20000}","{""edge_rank"": 15, ""geometry_profile"": ""high_dim"", ""k"": 20, ""knn_backend"": ""faiss_hnsw"", ""resolution"": 0.5, ""symmetrization"": ""union"", ""weights"": ""1/(1+d)""}",fresh,native_target_discovery_v1
ok,synthetic,ultrasparse_16d__quality__n20000,kNN-DBSCAN,23,0.2.4,20000.0,16.0,0.0079289000004791,1.0623828999996476,4.307929299999159,197.39453125,14.0859375,197.3984375,,1.0,1.0,0.0,0.0,1.0,known_synthetic_noise,1.0,1.0,1.0,12.0,12.0,0.1,0.9,full_partition,target-discovery-v1,0.0,0.05,1.0,1.0,0.0,1.0,12.0,pairwise_f1,hungarian,1.0,0.0,12.0,1.0,1.0,1.0,0.95,1.0,1.0,1.0,1.0,1.0,0.95,12.0,macro,12.0,12.0,1.0,1.0,1.0,1.0,0.0,12.0,1.0,1.0,12.0,0.0,0.0,1.0,1.0,1.0,1.0,"{""dimension"": 16, ""family"": ""ultrasparse"", ""n"": 20000}","{""eps"": 13.294968605041504, ""eps_quantile"": 0.05, ""geometry_profile"": ""high_dim"", ""k"": 4, ""knn_backend"": ""faiss_hnsw"", ""min_samples"": 5}",development,native_target_discovery_v1
ok,synthetic,ultrasparse_16d__quality__n20000,kNN-DBSCAN,42,0.2.4,20000.0,16.0,0.0081777000013971,1.0669674999990093,4.264801199999056,202.93359375,19.9765625,197.6328125,,1.0,1.0,0.0,0.0,1.0,known_synthetic_noise,1.0,1.0,1.0,12.0,12.0,0.1,0.9,full_partition,target-discovery-v1,0.0,0.05,1.0,1.0,0.0,1.0,12.0,pairwise_f1,hungarian,1.0,0.0,12.0,1.0,1.0,1.0,0.95,1.0,1.0,1.0,1.0,1.0,0.95,12.0,macro,12.0,12.0,1.0,1.0,1.0,1.0,0.0,12.0,1.0,1.0,12.0,0.0,0.0,1.0,1.0,1.0,1.0,"{""dimension"": 16, ""family"": ""ultrasparse"", ""n"": 20000}","{""eps"": 12.254498481750488, ""eps_quantile"": 0.05, ""geometry_profile"": ""high_dim"", ""k"": 4, ""knn_backend"": ""faiss_hnsw"", ""min_samples"": 5}",development,native_target_discovery_v1
ok,synthetic,ultrasparse_16d__quality__n20000,kNN-DBSCAN,73,0.2.4,20000.0,16.0,0.0078200999996624,0.9755091999995784,4.056760600000416,197.65625,14.421875,197.64453125,,1.0,1.0,0.0,0.0,1.0,known_synthetic_noise,1.0,1.0,1.0,12.0,12.0,0.1,0.9,full_partition,target-discovery-v1,0.0,0.05,1.0,1.0,0.0,1.0,12.0,pairwise_f1,hungarian,1.0,0.0,12.0,1.0,1.0,1.0,0.95,1.0,1.0,1.0,1.0,1.0,0.95,12.0,macro,12.0,12.0,1.0,1.0,1.0,1.0,0.0,12.0,1.0,1.0,12.0,0.0,0.0,1.0,1.0,1.0,1.0,"{""dimension"": 16, ""family"": ""ultrasparse"", ""n"": 20000}","{""eps"": 12.839377403259277, ""eps_quantile"": 0.05, ""geometry_profile"": ""high_dim"", ""k"": 4, ""knn_backend"": ""faiss_hnsw"", ""min_samples"": 5}",development,native_target_discovery_v1
ok,synthetic,ultrasparse_16d__quality__n20000,kNN-DBSCAN,101,0.2.4,20000.0,16.0,0.0073319000002811,1.0517947999996975,4.083484799999496,197.75,14.109375,202.4921875,,1.0,1.0,0.0,0.0,0.9999473684210526,known_synthetic_noise,0.9999736842105262,0.999736966696525,1.0,12.0,12.0,0.1,0.9,full_partition,target-discovery-v1,0.0,0.05,1.0,0.9995069033530573,0.0,0.9990196078431371,12.0,pairwise_f1,hungarian,1.0,0.0,12.0,0.9997402389504416,0.9999736835179872,0.9999736835179872,0.94995,1.0,0.9999473684210526,0.9989808298956564,0.997963735091632,1.0,0.94995,12.0,macro,12.0,12.0,1.0,0.9995002498750626,0.999000999000999,1.0,0.0,12.0,1.0,1.0,12.0,0.0,0.0,1.0,1.0,0.9995029585798816,0.9990117647058824,"{""dimension"": 16, ""family"": ""ultrasparse"", ""n"": 20000}","{""eps"": 12.666230201721191, ""eps_quantile"": 0.05, ""geometry_profile"": ""high_dim"", ""k"": 4, ""knn_backend"": ""faiss_hnsw"", ""min_samples"": 5}",development,native_target_discovery_v1
ok,synthetic,ultrasparse_16d__quality__n20000,kNN-DBSCAN,151,0.2.4,20000.0,16.0,0.0082744999999704,0.9297317000000476,4.125675400000546,201.4453125,18.1328125,198.9453125,,1.0,1.0,0.0,0.0,0.9999473684210526,known_synthetic_noise,0.9999736842105262,0.999736966696525,1.0,12.0,12.0,0.1,0.9,full_partition,target-discovery-v1,0.0,0.05,1.0,0.9995069033530573,0.0,0.9990196078431371,12.0,pairwise_f1,hungarian,1.0,0.0,12.0,0.9997402389504416,0.9999736835179872,0.9999736835179872,0.94995,1.0,0.9999473684210526,0.9989808298956564,0.997963735091632,1.0,0.94995,12.0,macro,12.0,12.0,1.0,0.9995002498750626,0.999000999000999,1.0,0.0,12.0,1.0,1.0,12.0,0.0,0.0,1.0,1.0,0.9995029585798816,0.9990117647058824,"{""dimension"": 16, ""family"": ""ultrasparse"", ""n"": 20000}","{""eps"": 13.167184829711914, ""eps_quantile"": 0.05, ""geometry_profile"": ""high_dim"", ""k"": 4, ""knn_backend"": ""faiss_hnsw"", ""min_samples"": 5}",development,native_target_discovery_v1
ok,synthetic,ultrasparse_16d__quality__n20000,kNN-DBSCAN,211,0.2.4,20000.0,16.0,0.0081085999991046,0.9560862999987876,3.962609800000792,197.1015625,14.109375,197.08984375,,1.0,1.0,0.0,0.0,1.0,known_synthetic_noise,1.0,1.0,1.0,12.0,12.0,0.1,0.9,full_partition,target-discovery-v1,0.0,0.05,1.0,1.0,0.0,1.0,12.0,pairwise_f1,hungarian,1.0,0.0,12.0,1.0,1.0,1.0,0.95,1.0,1.0,1.0,1.0,1.0,0.95,12.0,macro,12.0,12.0,1.0,1.0,1.0,1.0,0.0,12.0,1.0,1.0,12.0,0.0,0.0,1.0,1.0,1.0,1.0,"{""dimension"": 16, ""family"": ""ultrasparse"", ""n"": 20000}","{""eps"": 12.177043914794922, ""eps_quantile"": 0.05, ""geometry_profile"": ""high_dim"", ""k"": 4, ""knn_backend"": ""faiss_hnsw"", ""min_samples"": 5}",fresh,native_target_discovery_v1
ok,synthetic,ultrasparse_16d__quality__n20000,kNN-DBSCAN,223,0.2.4,20000.0,16.0,0.0077020000007905,0.991079699999318,4.141156300000148,197.6328125,14.4453125,197.60546875,,1.0,1.0,0.0,0.0,0.9999473684210526,known_synthetic_noise,0.9999736842105262,0.999736966696525,1.0,12.0,12.0,0.1,0.9,full_partition,target-discovery-v1,0.0,0.05,1.0,0.999500998003992,0.0,0.9990079365079364,12.0,pairwise_f1,hungarian,1.0,0.0,12.0,0.9997372848884154,0.9999736835179872,0.9999736835179872,0.94995,1.0,0.9999473684210526,0.9989929506545822,0.9979879275653925,1.0,0.94995,12.0,macro,12.0,12.0,1.0,0.9995002498750626,0.999000999000999,1.0,0.0,12.0,1.0,1.0,12.0,0.0,0.0,1.0,1.0,0.999502994011976,0.9990119047619048,"{""dimension"": 16, ""family"": ""ultrasparse"", ""n"": 20000}","{""eps"": 13.072879791259766, ""eps_quantile"": 0.05, ""geometry_profile"": ""high_dim"", ""k"": 4, ""knn_backend"": ""faiss_hnsw"", ""min_samples"": 5}",fresh,native_target_discovery_v1
ok,synthetic,ultrasparse_16d__quality__n20000,kNN-DBSCAN,227,0.2.4,20000.0,16.0,0.006556599999385,0.949290700000347,4.160220300000219,197.7265625,14.36328125,197.67578125,,1.0,1.0,0.0,0.0,1.0,known_synthetic_noise,1.0,1.0,1.0,12.0,12.0,0.1,0.9,full_partition,target-discovery-v1,0.0,0.05,1.0,1.0,0.0,1.0,12.0,pairwise_f1,hungarian,1.0,0.0,12.0,1.0,1.0,1.0,0.95,1.0,1.0,1.0,1.0,1.0,0.95,12.0,macro,12.0,12.0,1.0,1.0,1.0,1.0,0.0,12.0,1.0,1.0,12.0,0.0,0.0,1.0,1.0,1.0,1.0,"{""dimension"": 16, ""family"": ""ultrasparse"", ""n"": 20000}","{""eps"": 13.814864158630371, ""eps_quantile"": 0.05, ""geometry_profile"": ""high_dim"", ""k"": 4, ""knn_backend"": ""faiss_hnsw"", ""min_samples"": 5}",fresh,native_target_discovery_v1
