job_id,status,suite,dataset_id,method,seed,package_version,n,dimension,load_seconds,runtime_seconds,process_runtime_seconds,peak_rss_mb,incremental_rss_mb,process_peak_rss_mb,error_type,error,evaluation_artifact_path,evaluation_artifact_sha256,evaluation_artifact_bytes,ami_signal,ari_signal,background_majority_predicted_clusters,background_only_predicted_clusters,background_rejection,background_semantics,binary_balanced_accuracy,binary_macro_f1,candidate_clusters_per_target,candidate_clusters_with_target_overlap,discovered_target_count,discovery_coverage_threshold,discovery_purity_threshold,evaluation_mode,evaluation_protocol_version,extra_signal_fragments,fragment_min_target_fraction,macro_target_coverage,macro_target_f1,macro_target_noise_loss,macro_target_purity,matched_predicted_cluster_count,matching_objective,matching_strategy,mean_target_fragments,merged_predicted_clusters,n_clusters,noise_aware_macro_f1,noise_evidence_f1,noise_f1,noise_fraction,noise_precision,noise_recall,pairwise_f1,pairwise_precision,pairwise_recall,predicted_abstention_fraction,predicted_cluster_count,primary_target_aggregation,recovered_truth_clusters_f1_080,recovered_truth_clusters_f1_090,signal_coverage,signal_f1,signal_precision,signal_recall,spurious_background_majority_clusters,target_count,target_discovery_rate,target_success_rate_f1_080,truth_clusters,unmatched_predicted_cluster_count,unmatched_target_score,weighted_target_coverage,weighted_target_discovery_rate,weighted_target_f1,weighted_target_purity,dataset_metadata_json,parameters_json,profile_json,target_matches_json,traceback,evaluation_generation
synthetic__moons_noise50__quality__n20000__AMD-DBSCAN__211__af47949c4ddb,ok,synthetic,moons_noise50__quality__n20000,AMD-DBSCAN,211,0.2.4,20000,2,0.0559855000010429,4.875501200000144,7.757271300000866,6289.59375,6103.6484375,6289.609375,,,evaluation_state/synthetic__moons_noise50__quality__n20000__AMD-DBSCAN__211__af47949c4ddb.npz,e1084db1b938a6f15f41b116ce92e3df9994afccd58b237b6522d4161feb85bc,24459,0.9781531752863866,0.9918181750617524,285,283,0.0,known_synthetic_noise,0.5,0.3333333333333333,144.0,5,2,0.1,0.9,full_partition,target-discovery-v1,0,0.05,0.9959,0.9695340702721746,0.0,0.9445420944295504,2,pairwise_f1,hungarian,1.0,0,288,0.0,0.0,0.0,0.5,0.0,0.0,0.6028989156577691,0.4330751350910561,0.9918297659531906,0.0,288,macro,2,2,1.0,0.6666666666666666,0.5,1.0,285,2,1.0,1.0,2,286,0.0,0.9959,1.0,0.9695340702721748,0.9445420944295504,"{""dimension"": 2, ""family"": ""moons"", ""n"": 20000}","{""adaptive_rank"": 71, ""balance_rounds"": 3, ""eps_values"": [0.05485011606047373, 0.3115716685399273, 0.3790703881361071], ""geometry_profile"": ""low_dim"", ""knn_backend"": ""kd_tree"", ""n_density_levels"": 3}",{},"[{""coverage"": 0.995, ""f1"": 0.971395099092063, ""fragments"": 1, ""matched_predicted_cluster"": 0, ""overlap"": 4975, ""passes_discovery_thresholds"": true, ""precision"": 0.9488842265878314, ""purity"": 0.9488842265878314, ""recall"": 0.995, ""target"": ""cluster_0"", ""target_label"": 0, ""target_noise_loss"": 0.0, ""target_size"": 5000}, {""coverage"": 0.9968, ""f1"": 0.9676730414522863, ""fragments"": 1, ""matched_predicted_cluster"": 1, ""overlap"": 4984, ""passes_discovery_thresholds"": true, ""precision"": 0.9401999622712696, ""purity"": 0.9401999622712696, ""recall"": 0.9968, ""target"": ""cluster_1"", ""target_label"": 1, ""target_noise_loss"": 0.0, ""target_size"": 5000}]",,native_target_discovery_v1
synthetic__moons_noise50__quality__n20000__AMD-DBSCAN__223__04de023a0a20,ok,synthetic,moons_noise50__quality__n20000,AMD-DBSCAN,223,0.2.4,20000,2,0.0573361000006116,4.748884700000417,7.674920999999813,6290.01953125,6103.6484375,6290.01953125,,,evaluation_state/synthetic__moons_noise50__quality__n20000__AMD-DBSCAN__223__04de023a0a20.npz,62e9021aed5b950af03217f77db0359a929e4cd197e8dd090a6574abf00211de,24515,0.9746684627243924,0.9908213540030044,290,285,0.0,known_synthetic_noise,0.5,0.3333333333333333,146.5,8,2,0.1,0.9,full_partition,target-discovery-v1,0,0.05,0.9955,0.9698495947855929,0.0,0.9454908496831548,2,pairwise_f1,hungarian,1.0,0,293,0.0,0.0,0.0,0.5,0.0,0.0,0.6042349006148144,0.434608853070913,0.991029725945189,0.0,293,macro,2,2,1.0,0.6666666666666666,0.5,1.0,290,2,1.0,1.0,2,291,0.0,0.9955,1.0,0.9698495947855929,0.9454908496831546,"{""dimension"": 2, ""family"": ""moons"", ""n"": 20000}","{""adaptive_rank"": 71, ""balance_rounds"": 3, ""eps_values"": [0.05425848661259933, 0.3025302612530687, 0.37988438729666474], ""geometry_profile"": ""low_dim"", ""knn_backend"": ""kd_tree"", ""n_density_levels"": 3}",{},"[{""coverage"": 0.9958, ""f1"": 0.9714174226904694, ""fragments"": 1, ""matched_predicted_cluster"": 0, ""overlap"": 4979, ""passes_discovery_thresholds"": true, ""precision"": 0.9482003427918492, ""purity"": 0.9482003427918492, ""recall"": 0.9958, ""target"": ""cluster_0"", ""target_label"": 0, ""target_noise_loss"": 0.0, ""target_size"": 5000}, {""coverage"": 0.9952, ""f1"": 0.9682817668807161, ""fragments"": 1, ""matched_predicted_cluster"": 2, ""overlap"": 4976, ""passes_discovery_thresholds"": true, ""precision"": 0.94278135657446, ""purity"": 0.94278135657446, ""recall"": 0.9952, ""target"": ""cluster_1"", ""target_label"": 1, ""target_noise_loss"": 0.0, ""target_size"": 5000}]",,native_target_discovery_v1
synthetic__moons_noise50__quality__n20000__AMD-DBSCAN__227__c4e693c28eda,ok,synthetic,moons_noise50__quality__n20000,AMD-DBSCAN,227,0.2.4,20000,2,0.057580799999414,4.782245500000499,7.70170010000038,6289.8828125,6103.64453125,6289.8828125,,,evaluation_state/synthetic__moons_noise50__quality__n20000__AMD-DBSCAN__227__c4e693c28eda.npz,7e223d1565a4e1d164114548da8e19e89bf459dab9ecdf56a1b2a59c4354ae76,23942,0.9763288854026508,0.9910196538395852,261,256,0.0,known_synthetic_noise,0.5,0.3333333333333333,131.5,7,2,0.1,0.9,full_partition,target-discovery-v1,0,0.05,0.9955,0.9703201774044552,0.0,0.946382814262889,2,pairwise_f1,hungarian,1.0,0,263,0.0,0.0,0.0,0.5,0.0,0.0,0.5907306966840601,0.4207707372875016,0.9910347269453892,0.0,263,macro,2,2,1.0,0.6666666666666666,0.5,1.0,261,2,1.0,1.0,2,261,0.0,0.9955,1.0,0.9703201774044552,0.9463828142628892,"{""dimension"": 2, ""family"": ""moons"", ""n"": 20000}","{""adaptive_rank"": 71, ""balance_rounds"": 3, ""eps_values"": [0.054132581839539305, 0.3124910375007307, 0.38146206881039413], ""geometry_profile"": ""low_dim"", ""knn_backend"": ""kd_tree"", ""n_density_levels"": 3}",{},"[{""coverage"": 0.9952, ""f1"": 0.970264209807936, ""fragments"": 1, ""matched_predicted_cluster"": 1, ""overlap"": 4976, ""passes_discovery_thresholds"": true, ""precision"": 0.9465474605288187, ""purity"": 0.9465474605288187, ""recall"": 0.9952, ""target"": ""cluster_0"", ""target_label"": 0, ""target_noise_loss"": 0.0, ""target_size"": 5000}, {""coverage"": 0.9958, ""f1"": 0.9703761450009745, ""fragments"": 1, ""matched_predicted_cluster"": 0, ""overlap"": 4979, ""passes_discovery_thresholds"": true, ""precision"": 0.9462181679969593, ""purity"": 0.9462181679969593, ""recall"": 0.9958, ""target"": ""cluster_1"", ""target_label"": 1, ""target_noise_loss"": 0.0, ""target_size"": 5000}]",,native_target_discovery_v1
synthetic__moons_noise50__quality__n20000__AMD-DBSCAN__229__073d217ee5ed,ok,synthetic,moons_noise50__quality__n20000,AMD-DBSCAN,229,0.2.4,20000,2,0.0577068000002327,4.853623200000584,7.762546099998872,6289.640625,6103.6484375,6289.640625,,,evaluation_state/synthetic__moons_noise50__quality__n20000__AMD-DBSCAN__229__073d217ee5ed.npz,748a3f12725477fcdba3399a6832647833e771c1b2f8a699ba09f06bcd794c35,24230,0.9832330413269492,0.9940093175295678,267,265,0.0,known_synthetic_noise,0.5,0.3333333333333333,135.0,5,2,0.1,0.9,full_partition,target-discovery-v1,0,0.05,0.9971,0.9709806548161636,0.0,0.9461950530475722,2,pairwise_f1,hungarian,1.0,0,270,0.0,0.0,0.0,0.5,0.0,0.0,0.5977271261404787,0.4273158619673576,0.9942145229045808,0.0,270,macro,2,2,1.0,0.6666666666666666,0.5,1.0,267,2,1.0,1.0,2,268,0.0,0.9971,1.0,0.9709806548161638,0.9461950530475722,"{""dimension"": 2, ""family"": ""moons"", ""n"": 20000}","{""adaptive_rank"": 71, ""balance_rounds"": 3, ""eps_values"": [0.053904977723976455, 0.3120230318106187, 0.3779127263997974], ""geometry_profile"": ""low_dim"", ""knn_backend"": ""kd_tree"", ""n_density_levels"": 3}",{},"[{""coverage"": 0.9974, ""f1"": 0.9708945780200526, ""fragments"": 1, ""matched_predicted_cluster"": 1, ""overlap"": 4987, ""passes_discovery_thresholds"": true, ""precision"": 0.9457614261331311, ""purity"": 0.9457614261331311, ""recall"": 0.9974, ""target"": ""cluster_0"", ""target_label"": 0, ""target_noise_loss"": 0.0, ""target_size"": 5000}, {""coverage"": 0.9968, ""f1"": 0.9710667316122747, ""fragments"": 1, ""matched_predicted_cluster"": 0, ""overlap"": 4984, ""passes_discovery_thresholds"": true, ""precision"": 0.9466286799620133, ""purity"": 0.9466286799620133, ""recall"": 0.9968, ""target"": ""cluster_1"", ""target_label"": 1, ""target_noise_loss"": 0.0, ""target_size"": 5000}]",,native_target_discovery_v1
synthetic__moons_noise50__quality__n20000__AMD-DBSCAN__233__88a71174a642,ok,synthetic,moons_noise50__quality__n20000,AMD-DBSCAN,233,0.2.4,20000,2,0.0574599000010493,4.8700817999997525,7.774368599999434,6290.1796875,6103.64453125,6290.1796875,,,evaluation_state/synthetic__moons_noise50__quality__n20000__AMD-DBSCAN__233__88a71174a642.npz,e5ec8950f8590d74dbeab0f5fecf95d166db64bebeeea2da34df7ffd00138be1,23974,0.975202157825719,0.9910214940150672,264,258,0.0,known_synthetic_noise,0.5,0.3333333333333333,134.0,10,2,0.1,0.9,full_partition,target-discovery-v1,0,0.05,0.9955,0.971456724874716,0.0,0.9485475509555584,2,pairwise_f1,hungarian,1.0,0,268,0.0,0.0,0.0,0.5,0.0,0.0,0.5974341327973433,0.4276065985886534,0.9910299659931986,0.0,268,macro,2,2,1.0,0.6666666666666666,0.5,1.0,264,2,1.0,1.0,2,266,0.0,0.9955,1.0,0.971456724874716,0.9485475509555584,"{""dimension"": 2, ""family"": ""moons"", ""n"": 20000}","{""adaptive_rank"": 71, ""balance_rounds"": 3, ""eps_values"": [0.05423437789520032, 0.3049451238482176, 0.38055071482200303], ""geometry_profile"": ""low_dim"", ""knn_backend"": ""kd_tree"", ""n_density_levels"": 3}",{},"[{""coverage"": 0.9946, ""f1"": 0.9703414634146341, ""fragments"": 1, ""matched_predicted_cluster"": 1, ""overlap"": 4973, ""passes_discovery_thresholds"": true, ""precision"": 0.9472380952380952, ""purity"": 0.9472380952380952, ""recall"": 0.9946, ""target"": ""cluster_0"", ""target_label"": 0, ""target_noise_loss"": 0.0, ""target_size"": 5000}, {""coverage"": 0.9964, ""f1"": 0.9725719863347976, ""fragments"": 1, ""matched_predicted_cluster"": 2, ""overlap"": 4982, ""passes_discovery_thresholds"": true, ""precision"": 0.949857006673022, ""purity"": 0.949857006673022, ""recall"": 0.9964, ""target"": ""cluster_1"", ""target_label"": 1, ""target_noise_loss"": 0.0, ""target_size"": 5000}]",,native_target_discovery_v1
synthetic__moons_noise50__quality__n20000__DBSCAN__211__b29731a7d263,ok,synthetic,moons_noise50__quality__n20000,DBSCAN,211,0.2.4,20000,2,0.0771887000009883,0.1535517000011168,2.876080599999113,190.69921875,4.85546875,191.31640625,,,evaluation_state/synthetic__moons_noise50__quality__n20000__DBSCAN__211__b29731a7d263.npz,18bd6a0eab241dd58abf9f9dfa85af2b42b9917c8ff8cb91c5b650a79d4f67ff,29580,0.1770792326358476,0.0059657219378487,0,0,0.9838,known_synthetic_noise,0.81855,0.8134559363221121,203.5,407,0,0.1,0.9,full_partition,target-discovery-v1,0,0.05,0.0312999999999999,0.0606678240234121,0.3467,0.9841354723707664,2,pairwise_f1,hungarian,0.0,0,407,0.1132013109164762,0.844282342844883,0.844282342844883,0.5,0.7394212701991733,0.9838,0.0119287629866262,0.9576747274073696,0.0060017603520704,0.66525,407,macro,0,0,0.6533,0.7826295297993411,0.9758028379387602,0.6533,0,2,0.0,0.0,2,405,0.0,0.0313,0.0,0.0606678240234121,0.9841354723707666,"{""dimension"": 2, ""family"": ""moons"", ""n"": 20000}","{""base_eps"": 0.019969670102000237, ""eps"": 0.013978769071400164, ""eps_multiplier"": 0.7, ""geometry_profile"": ""low_dim"", ""knn_backend"": ""kd_tree"", ""min_samples"": 5}",{},"[{""coverage"": 0.0326, ""f1"": 0.06311713455953533, ""fragments"": 0, ""matched_predicted_cluster"": 14, ""overlap"": 163, ""passes_discovery_thresholds"": false, ""precision"": 0.9878787878787879, ""purity"": 0.9878787878787879, ""recall"": 0.0326, ""target"": ""cluster_0"", ""target_label"": 0, ""target_noise_loss"": 0.3488, ""target_size"": 5000}, {""coverage"": 0.03, ""f1"": 0.05821851348728896, ""fragments"": 0, ""matched_predicted_cluster"": 61, ""overlap"": 150, ""passes_discovery_thresholds"": false, ""precision"": 0.9803921568627451, ""purity"": 0.9803921568627451, ""recall"": 0.03, ""target"": ""cluster_1"", ""target_label"": 1, ""target_noise_loss"": 0.3446, ""target_size"": 5000}]",,native_target_discovery_v1
synthetic__moons_noise50__quality__n20000__DBSCAN__223__befca2f2954c,ok,synthetic,moons_noise50__quality__n20000,DBSCAN,223,0.2.4,20000,2,0.0541630999996414,0.1546710999991773,2.8863371000006737,190.93359375,5.0078125,191.1328125,,,evaluation_state/synthetic__moons_noise50__quality__n20000__DBSCAN__223__befca2f2954c.npz,d9a48f920a82b820378bf86e5c303c93d3226ab5a99d28797ac991b67a41044c,29619,0.1767692679413731,0.0064297291779697,0,0,0.9805,known_synthetic_noise,0.81515,0.809954024732569,205.5,411,0,0.1,0.9,full_partition,target-discovery-v1,0,0.05,0.0485,0.0923568035151615,0.3502,0.9661611103162112,2,pairwise_f1,hungarian,0.5,0,411,0.1664433702015916,0.8413781267430386,0.8413781267430386,0.5,0.7368302397234539,0.9805,0.0127461581375106,0.94300094665232,0.0064164432886577,0.66535,411,macro,0,0,0.6498,0.7785299227220992,0.9708650829224564,0.6498,0,2,0.0,0.0,2,409,0.0,0.0485,0.0,0.0923568035151615,0.9661611103162112,"{""dimension"": 2, ""family"": ""moons"", ""n"": 20000}","{""base_eps"": 0.019815530627965927, ""eps"": 0.013870871439576148, ""eps_multiplier"": 0.7, ""geometry_profile"": ""low_dim"", ""knn_backend"": ""kd_tree"", ""min_samples"": 5}",{},"[{""coverage"": 0.0504, ""f1"": 0.0957992777038586, ""fragments"": 1, ""matched_predicted_cluster"": 1, ""overlap"": 252, ""passes_discovery_thresholds"": false, ""precision"": 0.9655172413793104, ""purity"": 0.9655172413793104, ""recall"": 0.0504, ""target"": ""cluster_0"", ""target_label"": 0, ""target_noise_loss"": 0.3448, ""target_size"": 5000}, {""coverage"": 0.0466, ""f1"": 0.08891432932646441, ""fragments"": 0, ""matched_predicted_cluster"": 23, ""overlap"": 233, ""passes_discovery_thresholds"": false, ""precision"": 0.966804979253112, ""purity"": 0.966804979253112, ""recall"": 0.0466, ""target"": ""cluster_1"", ""target_label"": 1, ""target_noise_loss"": 0.3556, ""target_size"": 5000}]",,native_target_discovery_v1
synthetic__moons_noise50__quality__n20000__DBSCAN__227__dc97efa8a18a,ok,synthetic,moons_noise50__quality__n20000,DBSCAN,227,0.2.4,20000,2,0.054714399999284,0.1527886000003491,2.883627699999124,192.78515625,6.47265625,191.41796875,,,evaluation_state/synthetic__moons_noise50__quality__n20000__DBSCAN__227__dc97efa8a18a.npz,4312faa845799ba48f35b1baa44f64bcf4b5763ec13e7dc52729fcff8f5ba880,29293,0.1795600014629392,0.006519266822786,0,0,0.9823,known_synthetic_noise,0.8164499999999999,0.8112584324479135,189.5,379,0,0.1,0.9,full_partition,target-discovery-v1,0,0.05,0.0338,0.0652704111954608,0.3494,0.9795296167247388,2,pairwise_f1,hungarian,0.0,0,379,0.121155323087883,0.842561221426427,0.842561221426427,0.5,0.7376285950289104,0.9823,0.0126116092364422,0.9506878535135652,0.0063479095819163,0.66585,379,macro,0,0,0.6506,0.7799556434693999,0.9735148885231184,0.6506,0,2,0.0,0.0,2,377,0.0,0.0338,0.0,0.0652704111954608,0.9795296167247388,"{""dimension"": 2, ""family"": ""moons"", ""n"": 20000}","{""base_eps"": 0.019946148619055748, ""eps"": 0.013962304033339023, ""eps_multiplier"": 0.7, ""geometry_profile"": ""low_dim"", ""knn_backend"": ""kd_tree"", ""min_samples"": 5}",{},"[{""coverage"": 0.0402, ""f1"": 0.07723342939481267, ""fragments"": 0, ""matched_predicted_cluster"": 9, ""overlap"": 201, ""passes_discovery_thresholds"": false, ""precision"": 0.9804878048780488, ""purity"": 0.9804878048780488, ""recall"": 0.0402, ""target"": ""cluster_0"", ""target_label"": 0, ""target_noise_loss"": 0.3598, ""target_size"": 5000}, {""coverage"": 0.0274, ""f1"": 0.05330739299610895, ""fragments"": 0, ""matched_predicted_cluster"": 92, ""overlap"": 137, ""passes_discovery_thresholds"": false, ""precision"": 0.9785714285714285, ""purity"": 0.9785714285714285, ""recall"": 0.0274, ""target"": ""cluster_1"", ""target_label"": 1, ""target_noise_loss"": 0.339, ""target_size"": 5000}]",,native_target_discovery_v1
synthetic__moons_noise50__quality__n20000__DBSCAN__229__ebd42e293860,ok,synthetic,moons_noise50__quality__n20000,DBSCAN,229,0.2.4,20000,2,0.0547796999999263,0.1550458000001526,2.914420799999789,191.7421875,5.44921875,191.28125,,,evaluation_state/synthetic__moons_noise50__quality__n20000__DBSCAN__229__ebd42e293860.npz,b3fd1fa602f86c7c4271137d3a69fddf2a2919e53448e39601a45293e9e85568,29329,0.1770352384804878,0.0065571249398471,0,0,0.9823,known_synthetic_noise,0.81165,0.806000457353793,200.5,401,0,0.1,0.9,full_partition,target-discovery-v1,0,0.05,0.039,0.0750018402268787,0.359,0.9777511961722488,2,pairwise_f1,hungarian,0.0,0,401,0.1376960011181386,0.8391064793063683,0.8391064793063683,0.5,0.7323492134496384,0.9823,0.0130156846374567,0.9512702266311986,0.0065526705341068,0.67065,401,macro,0,0,0.641,0.7728944354012177,0.9731288902383484,0.641,0,2,0.0,0.0,2,399,0.0,0.039,0.0,0.0750018402268786,0.9777511961722488,"{""dimension"": 2, ""family"": ""moons"", ""n"": 20000}","{""base_eps"": 0.01952611468732357, ""eps"": 0.013668280281126498, ""eps_multiplier"": 0.7, ""geometry_profile"": ""low_dim"", ""knn_backend"": ""kd_tree"", ""min_samples"": 5}",{},"[{""coverage"": 0.0374, ""f1"": 0.07206165703275529, ""fragments"": 0, ""matched_predicted_cluster"": 0, ""overlap"": 187, ""passes_discovery_thresholds"": false, ""precision"": 0.9842105263157894, ""purity"": 0.9842105263157894, ""recall"": 0.0374, ""target"": ""cluster_0"", ""target_label"": 0, ""target_noise_loss"": 0.364, ""target_size"": 5000}, {""coverage"": 0.0406, ""f1"": 0.0779420234210021, ""fragments"": 0, ""matched_predicted_cluster"": 26, ""overlap"": 203, ""passes_discovery_thresholds"": false, ""precision"": 0.9712918660287081, ""purity"": 0.9712918660287081, ""recall"": 0.0406, ""target"": ""cluster_1"", ""target_label"": 1, ""target_noise_loss"": 0.354, ""target_size"": 5000}]",,native_target_discovery_v1
synthetic__moons_noise50__quality__n20000__DBSCAN__233__cd445af1573e,ok,synthetic,moons_noise50__quality__n20000,DBSCAN,233,0.2.4,20000,2,0.0561053000001265,0.1560482999993837,2.9039095000007364,190.57421875,4.75390625,190.89453125,,,evaluation_state/synthetic__moons_noise50__quality__n20000__DBSCAN__233__cd445af1573e.npz,4e0d1a6a3bdafae6a61413ec25b9a2e773a707ed6a87ac9a0d2a6abf94e716f5,29347,0.1758103477486216,0.0063708864854008,0,0,0.9825,known_synthetic_noise,0.813,0.8074685225191045,203.5,407,0,0.1,0.9,full_partition,target-discovery-v1,0,0.05,0.0317,0.0613913502402711,0.3565,0.9811771561771562,2,pairwise_f1,hungarian,0.0,0,407,0.114421251465663,0.8401026079521162,0.8401026079521162,0.5,0.7337565347274085,0.9825,0.0112136552799088,0.95190924744252,0.0056400480096019,0.6695,407,macro,0,0,0.6435,0.7748344370860927,0.9735249621785174,0.6435,0,2,0.0,0.0,2,405,0.0,0.0317,0.0,0.0613913502402711,0.9811771561771562,"{""dimension"": 2, ""family"": ""moons"", ""n"": 20000}","{""base_eps"": 0.01967502199113369, ""eps"": 0.013772515393793582, ""eps_multiplier"": 0.7, ""geometry_profile"": ""low_dim"", ""knn_backend"": ""kd_tree"", ""min_samples"": 5}",{},"[{""coverage"": 0.0354, ""f1"": 0.06833976833976835, ""fragments"": 0, ""matched_predicted_cluster"": 6, ""overlap"": 177, ""passes_discovery_thresholds"": false, ""precision"": 0.9833333333333333, ""purity"": 0.9833333333333333, ""recall"": 0.0354, ""target"": ""cluster_0"", ""target_label"": 0, ""target_noise_loss"": 0.3368, ""target_size"": 5000}, {""coverage"": 0.028, ""f1"": 0.05444293214077387, ""fragments"": 0, ""matched_predicted_cluster"": 12, ""overlap"": 140, ""passes_discovery_thresholds"": false, ""precision"": 0.9790209790209791, ""purity"": 0.9790209790209791, ""recall"": 0.028, ""target"": ""cluster_1"", ""target_label"": 1, ""target_noise_loss"": 0.3762, ""target_size"": 5000}]",,native_target_discovery_v1
synthetic__moons_noise50__quality__n20000__HDBSCAN__211__0134f4404799,ok,synthetic,moons_noise50__quality__n20000,HDBSCAN,211,0.2.4,20000,2,0.0579434000010223,2.472341200000301,5.226128399999652,190.734375,4.98828125,190.66015625,,,evaluation_state/synthetic__moons_noise50__quality__n20000__HDBSCAN__211__0134f4404799.npz,30d13a38abf9baffd8332b3aa9b934a4ddc906175b9c8a1bed1483b56d7afeb1,27591,0.9833556975169472,0.9940088777243112,57,57,0.4258,known_synthetic_noise,0.7116,0.6859476924756247,29.5,2,2,0.1,0.9,full_partition,target-discovery-v1,0,0.05,0.9972,0.9692886200868724,0.0026,0.9429050949022368,2,pairwise_f1,hungarian,1.0,0,59,0.7382804223766557,0.5961915429851582,0.5961915429851582,0.5,0.9939309056956116,0.4258,0.9337461917671412,0.8800604504844257,0.9944073614722944,0.2142,59,macro,2,2,0.9974,0.7757038419660911,0.6346398574700942,0.9974,57,2,1.0,1.0,2,57,0.0,0.9972,1.0,0.9692886200868724,0.9429050949022368,"{""dimension"": 2, ""family"": ""moons"", ""n"": 20000}","{""geometry_profile"": ""low_dim"", ""knn_backend"": ""kd_tree"", ""min_cluster_size"": 40, ""min_samples"": 5}",{},"[{""coverage"": 0.997, ""f1"": 0.9711669588934346, ""fragments"": 1, ""matched_predicted_cluster"": 57, ""overlap"": 4985, ""passes_discovery_thresholds"": true, ""precision"": 0.9466388150398785, ""purity"": 0.9466388150398785, ""recall"": 0.997, ""target"": ""cluster_0"", ""target_label"": 0, ""target_noise_loss"": 0.003, ""target_size"": 5000}, {""coverage"": 0.9974, ""f1"": 0.9674102812803104, ""fragments"": 1, ""matched_predicted_cluster"": 58, ""overlap"": 4987, ""passes_discovery_thresholds"": true, ""precision"": 0.9391713747645951, ""purity"": 0.9391713747645951, ""recall"": 0.9974, ""target"": ""cluster_1"", ""target_label"": 1, ""target_noise_loss"": 0.0022, ""target_size"": 5000}]",,native_target_discovery_v1
synthetic__moons_noise50__quality__n20000__HDBSCAN__223__1b96a38c97e5,ok,synthetic,moons_noise50__quality__n20000,HDBSCAN,223,0.2.4,20000,2,0.0557060999999521,2.5294133000006696,5.314469699998881,190.640625,4.171875,190.90234375,,,evaluation_state/synthetic__moons_noise50__quality__n20000__HDBSCAN__223__1b96a38c97e5.npz,9c403ee515038d43b6e4dd1222537cdc0f5b990f89a2dc6e67d6f0886b09164d,27531,0.9575854215671664,0.9808903326763946,55,55,0.4034,known_synthetic_noise,0.6969,0.6683291245273129,28.5,2,2,0.1,0.9,full_partition,target-discovery-v1,0,0.05,0.9904,0.9695586766408718,0.0096,0.9495832540472664,2,pairwise_f1,hungarian,1.0,0,57,0.7187107900772285,0.5709837225760792,0.5709837225760792,0.5,0.9767554479418886,0.4034,0.932028565349964,0.8878038109652928,0.980890298059612,0.2065,57,macro,2,2,0.9904,0.7656745264785465,0.6240705734089477,0.9904,55,2,1.0,1.0,2,55,0.0,0.9904,1.0,0.9695586766408718,0.9495832540472664,"{""dimension"": 2, ""family"": ""moons"", ""n"": 20000}","{""geometry_profile"": ""low_dim"", ""knn_backend"": ""kd_tree"", ""min_cluster_size"": 40, ""min_samples"": 5}",{},"[{""coverage"": 0.9906, ""f1"": 0.9716527709661599, ""fragments"": 1, ""matched_predicted_cluster"": 56, ""overlap"": 4953, ""passes_discovery_thresholds"": true, ""precision"": 0.9534167468719923, ""purity"": 0.9534167468719923, ""recall"": 0.9906, ""target"": ""cluster_0"", ""target_label"": 0, ""target_noise_loss"": 0.0094, ""target_size"": 5000}, {""coverage"": 0.9902, ""f1"": 0.9674645823155837, ""fragments"": 1, ""matched_predicted_cluster"": 55, ""overlap"": 4951, ""passes_discovery_thresholds"": true, ""precision"": 0.9457497612225406, ""purity"": 0.9457497612225406, ""recall"": 0.9902, ""target"": ""cluster_1"", ""target_label"": 1, ""target_noise_loss"": 0.0098, ""target_size"": 5000}]",,native_target_discovery_v1
synthetic__moons_noise50__quality__n20000__HDBSCAN__227__3fc4d0d42e53,ok,synthetic,moons_noise50__quality__n20000,HDBSCAN,227,0.2.4,20000,2,0.058612599999833,2.5753617999998824,5.365984899999603,190.77734375,4.6640625,191.0078125,,,evaluation_state/synthetic__moons_noise50__quality__n20000__HDBSCAN__227__3fc4d0d42e53.npz,f40d8a76e2e574fc9647bdd0e52b1273c1ce1bcc029955b97c9b35aea89cf1af,27836,0.9903679083486012,0.996802359310403,62,62,0.3981,known_synthetic_noise,0.69835,0.6684618115940685,32.0,2,2,0.1,0.9,full_partition,target-discovery-v1,0,0.05,0.9985,0.9676329060221368,0.0014,0.9386175816426888,2,pairwise_f1,hungarian,1.0,0,64,0.7165443758870415,0.5689174705251876,0.5689174705251876,0.5,0.9964956195244056,0.3981,0.9299088768138284,0.8712764695436688,0.9970019603920784,0.19975,64,macro,2,2,0.9986,0.7680061526629494,0.6239300218681662,0.9986,62,2,1.0,1.0,2,62,0.0,0.9985,1.0,0.9676329060221368,0.9386175816426888,"{""dimension"": 2, ""family"": ""moons"", ""n"": 20000}","{""geometry_profile"": ""low_dim"", ""knn_backend"": ""kd_tree"", ""min_cluster_size"": 40, ""min_samples"": 5}",{},"[{""coverage"": 0.9986, ""f1"": 0.9682924464268401, ""fragments"": 1, ""matched_predicted_cluster"": 62, ""overlap"": 4993, ""passes_discovery_thresholds"": true, ""precision"": 0.9397703745529833, ""purity"": 0.9397703745529833, ""recall"": 0.9986, ""target"": ""cluster_0"", ""target_label"": 0, ""target_noise_loss"": 0.0012, ""target_size"": 5000}, {""coverage"": 0.9984, ""f1"": 0.9669733656174333, ""fragments"": 1, ""matched_predicted_cluster"": 63, ""overlap"": 4992, ""passes_discovery_thresholds"": true, ""precision"": 0.9374647887323944, ""purity"": 0.9374647887323944, ""recall"": 0.9984, ""target"": ""cluster_1"", ""target_label"": 1, ""target_noise_loss"": 0.0016, ""target_size"": 5000}]",,native_target_discovery_v1
synthetic__moons_noise50__quality__n20000__HDBSCAN__229__2aabeb2cd4ba,ok,synthetic,moons_noise50__quality__n20000,HDBSCAN,229,0.2.4,20000,2,0.0553761999999551,2.513172999999369,5.340262199999415,189.96484375,3.85546875,190.2734375,,,evaluation_state/synthetic__moons_noise50__quality__n20000__HDBSCAN__229__2aabeb2cd4ba.npz,471a65255204b50fc28c4b7c3426a3c74a5cfc35bd84813350a7066f65665e6c,28105,0.9710892172449792,0.9882338899716072,60,60,0.3768,known_synthetic_noise,0.68555,0.652416013374992,31.0,2,2,0.1,0.9,full_partition,target-discovery-v1,0,0.05,0.9942,0.9710880987318158,0.0057,0.9490266077886832,2,pairwise_f1,hungarian,1.0,0,62,0.6982508115576411,0.5450994575045208,0.5450994575045208,0.5,0.9850980392156864,0.3768,0.9359367073835558,0.8887357013671656,0.9884326465293058,0.19125,62,macro,2,2,0.9943,0.7597325692454632,0.6147140649149923,0.9943,60,2,1.0,1.0,2,60,0.0,0.9942,1.0,0.9710880987318156,0.9490266077886832,"{""dimension"": 2, ""family"": ""moons"", ""n"": 20000}","{""geometry_profile"": ""low_dim"", ""knn_backend"": ""kd_tree"", ""min_cluster_size"": 40, ""min_samples"": 5}",{},"[{""coverage"": 0.9938, ""f1"": 0.9710768028141489, ""fragments"": 1, ""matched_predicted_cluster"": 61, ""overlap"": 4969, ""passes_discovery_thresholds"": true, ""precision"": 0.9493695070691631, ""purity"": 0.9493695070691631, ""recall"": 0.9938, ""target"": ""cluster_0"", ""target_label"": 0, ""target_noise_loss"": 0.006, ""target_size"": 5000}, {""coverage"": 0.9946, ""f1"": 0.9710993946494826, ""fragments"": 1, ""matched_predicted_cluster"": 60, ""overlap"": 4973, ""passes_discovery_thresholds"": true, ""precision"": 0.9486837085082029, ""purity"": 0.9486837085082029, ""recall"": 0.9946, ""target"": ""cluster_1"", ""target_label"": 1, ""target_noise_loss"": 0.0054, ""target_size"": 5000}]",,native_target_discovery_v1
synthetic__moons_noise50__quality__n20000__HDBSCAN__233__6a23c2d00f7c,ok,synthetic,moons_noise50__quality__n20000,HDBSCAN,233,0.2.4,20000,2,0.0563088999988394,2.586616399999912,5.384225899999365,190.90234375,4.44921875,191.125,,,evaluation_state/synthetic__moons_noise50__quality__n20000__HDBSCAN__233__6a23c2d00f7c.npz,2c4cd5452907463864b3ffab45de8d34ff32829df29cf8cd0c51d0f82195df67,27546,0.9679358755228876,0.9868423479378856,54,54,0.4277,known_synthetic_noise,0.71075,0.6855577338435589,28.0,2,2,0.1,0.9,full_partition,target-discovery-v1,0,0.05,0.9936,0.9717359784979184,0.0062,0.950813536439336,2,pairwise_f1,hungarian,1.0,0,56,0.7392682538267394,0.5965548504079783,0.5965548504079783,0.5,0.9857109933164324,0.4277,0.9380638822080968,0.8935546274895022,0.9872397279455892,0.21695,56,macro,2,2,0.9938,0.7745606172791395,0.6345699508332802,0.9938,54,2,1.0,1.0,2,54,0.0,0.9936,1.0,0.9717359784979184,0.950813536439336,"{""dimension"": 2, ""family"": ""moons"", ""n"": 20000}","{""geometry_profile"": ""low_dim"", ""knn_backend"": ""kd_tree"", ""min_cluster_size"": 40, ""min_samples"": 5}",{},"[{""coverage"": 0.9936, ""f1"": 0.9719260491049594, ""fragments"": 1, ""matched_predicted_cluster"": 54, ""overlap"": 4968, ""passes_discovery_thresholds"": true, ""precision"": 0.9511774842044802, ""purity"": 0.9511774842044802, ""recall"": 0.9936, ""target"": ""cluster_0"", ""target_label"": 0, ""target_noise_loss"": 0.006, ""target_size"": 5000}, {""coverage"": 0.9936, ""f1"": 0.9715459078908771, ""fragments"": 1, ""matched_predicted_cluster"": 55, ""overlap"": 4968, ""passes_discovery_thresholds"": true, ""precision"": 0.9504495886741917, ""purity"": 0.9504495886741917, ""recall"": 0.9936, ""target"": ""cluster_1"", ""target_label"": 1, ""target_noise_loss"": 0.0064, ""target_size"": 5000}]",,native_target_discovery_v1
synthetic__moons_noise50__quality__n20000__OPTICS__211__29dfec9a2c79,ok,synthetic,moons_noise50__quality__n20000,OPTICS,211,0.2.4,20000,2,0.0553021999985503,15.33999120000044,18.108214800000496,191.2578125,4.80859375,191.48828125,,,evaluation_state/synthetic__moons_noise50__quality__n20000__OPTICS__211__29dfec9a2c79.npz,9de7964fb6f8d25579576d4a9483e27a8632721dd347b81c8f3b33a7e73ef3b9,11262,0.0187591998999526,0.0001099126849172,3,3,0.9855,known_synthetic_noise,0.49795,0.3413967012160538,2.5,2,0,0.1,0.9,full_partition,target-discovery-v1,0,0.05,0.0104,0.0205739629776093,0.9896,0.9623299616323684,2,pairwise_f1,hungarian,0.0,0,5,0.0399085616795126,0.6624987395381667,0.6624987395381667,0.5,0.4989620778694749,0.9855,0.000216069862002,0.4375506236837842,0.0001080616123224,0.98755,5,macro,0,0,0.0104,0.0202946628939408,0.4176706827309236,0.0104,3,2,0.0,0.0,2,3,0.0,0.0104,0.0,0.0205739629776093,0.9623299616323684,"{""dimension"": 2, ""family"": ""moons"", ""n"": 20000}","{""geometry_profile"": ""low_dim"", ""knn_backend"": ""kd_tree"", ""max_eps"": 0.12367385625839233, ""max_eps_quantile"": 0.98, ""min_cluster_size"": 40, ""min_samples"": 5, ""xi"": 0.1}",{},"[{""coverage"": 0.0118, ""f1"": 0.023315550286504644, ""fragments"": 0, ""matched_predicted_cluster"": 0, ""overlap"": 59, ""passes_discovery_thresholds"": false, ""precision"": 0.9672131147540983, ""purity"": 0.9672131147540983, ""recall"": 0.0118, ""target"": ""cluster_0"", ""target_label"": 0, ""target_noise_loss"": 0.9882, ""target_size"": 5000}, {""coverage"": 0.009, ""f1"": 0.01783237566871409, ""fragments"": 0, ""matched_predicted_cluster"": 1, ""overlap"": 45, ""passes_discovery_thresholds"": false, ""precision"": 0.9574468085106383, ""purity"": 0.9574468085106383, ""recall"": 0.009, ""target"": ""cluster_1"", ""target_label"": 1, ""target_noise_loss"": 0.991, ""target_size"": 5000}]",,native_target_discovery_v1
synthetic__moons_noise50__quality__n20000__OPTICS__223__b3489d477142,ok,synthetic,moons_noise50__quality__n20000,OPTICS,223,0.2.4,20000,2,0.0581031999990955,15.200901500000327,17.982891600000585,192.9765625,6.4765625,190.74609375,,,evaluation_state/synthetic__moons_noise50__quality__n20000__OPTICS__223__b3489d477142.npz,8d400d1ec735c7d3b8a57048dc101def4bd106740ebd5f8cfe1d50bffcfcd768,10890,0.0090900253998746,9.0249197366459e-05,2,2,0.9916,known_synthetic_noise,0.4982,0.3367315728619004,1.5,1,0,0.1,0.9,full_partition,target-discovery-v1,0,0.05,0.0048,0.0095087163232963,0.9952,0.5,1,pairwise_f1,hungarian,0.0,0,3,0.0187489364384079,0.6639882148118388,0.6639882148118388,0.5,0.4990940205355345,0.9916,9.024774686659104e-05,0.3952347582340574,4.512902580516104e-05,0.9934,3,macro,0,0,0.0048,0.009474930911962,0.3636363636363636,0.0048,2,2,0.0,0.0,2,2,0.0,0.0048,0.0,0.0095087163232963,0.5,"{""dimension"": 2, ""family"": ""moons"", ""n"": 20000}","{""geometry_profile"": ""low_dim"", ""knn_backend"": ""kd_tree"", ""max_eps"": 0.1250390112400055, ""max_eps_quantile"": 0.98, ""min_cluster_size"": 40, ""min_samples"": 5, ""xi"": 0.1}",{},"[{""coverage"": 0.0096, ""f1"": 0.019017432646592707, ""fragments"": 0, ""matched_predicted_cluster"": 0, ""overlap"": 48, ""passes_discovery_thresholds"": false, ""precision"": 1.0, ""purity"": 1.0, ""recall"": 0.0096, ""target"": ""cluster_0"", ""target_label"": 0, ""target_noise_loss"": 0.9904, ""target_size"": 5000}, {""coverage"": 0.0, ""f1"": 0.0, ""fragments"": 0, ""matched_predicted_cluster"": null, ""overlap"": 0, ""passes_discovery_thresholds"": false, ""precision"": 0.0, ""purity"": 0.0, ""recall"": 0.0, ""target"": ""cluster_1"", ""target_label"": 1, ""target_noise_loss"": 1.0, ""target_size"": 5000}]",,native_target_discovery_v1
synthetic__moons_noise50__quality__n20000__OPTICS__227__ba040b8d27f8,ok,synthetic,moons_noise50__quality__n20000,OPTICS,227,0.2.4,20000,2,0.0565385000008973,15.407318899999154,18.18656960000044,189.7578125,3.9375,189.98828125,,,evaluation_state/synthetic__moons_noise50__quality__n20000__OPTICS__227__ba040b8d27f8.npz,eb7dd3b3940b2e1ce2c286efe641fc0852a86838218b1b0af24f9344b3ded5d7,10619,0.0,0.0,0,0,0.006,known_synthetic_noise,0.503,0.3399655507170737,0.5,1,0,0.1,0.9,full_partition,target-discovery-v1,0,0.05,0.5,0.2004811547714514,0.0,0.1253761283851554,1,pairwise_f1,hungarian,1.0,1,1,0.0225171130058844,0.0119284294234592,0.0119284294234592,0.5,1.0,0.006,0.2233822249504137,0.1257345435172059,1.0,0.003,1,macro,0,0,1.0,0.6680026720106881,0.5015045135406219,1.0,0,2,0.0,0.0,2,0,0.0,0.5,0.0,0.2004811547714514,0.1253761283851554,"{""dimension"": 2, ""family"": ""moons"", ""n"": 20000}","{""geometry_profile"": ""low_dim"", ""knn_backend"": ""kd_tree"", ""max_eps"": 0.12507407367229462, ""max_eps_quantile"": 0.98, ""min_cluster_size"": 40, ""min_samples"": 5, ""xi"": 0.1}",{},"[{""coverage"": 1.0, ""f1"": 0.40096230954290296, ""fragments"": 1, ""matched_predicted_cluster"": 0, ""overlap"": 5000, ""passes_discovery_thresholds"": false, ""precision"": 0.25075225677031093, ""purity"": 0.25075225677031093, ""recall"": 1.0, ""target"": ""cluster_0"", ""target_label"": 0, ""target_noise_loss"": 0.0, ""target_size"": 5000}, {""coverage"": 0.0, ""f1"": 0.0, ""fragments"": 1, ""matched_predicted_cluster"": null, ""overlap"": 0, ""passes_discovery_thresholds"": false, ""precision"": 0.0, ""purity"": 0.0, ""recall"": 0.0, ""target"": ""cluster_1"", ""target_label"": 1, ""target_noise_loss"": 0.0, ""target_size"": 5000}]",,native_target_discovery_v1
synthetic__moons_noise50__quality__n20000__OPTICS__229__c32a4564e407,ok,synthetic,moons_noise50__quality__n20000,OPTICS,229,0.2.4,20000,2,0.0561288000008062,14.974424199999705,17.77427709999938,189.96875,4.17578125,190.03125,,,evaluation_state/synthetic__moons_noise50__quality__n20000__OPTICS__229__c32a4564e407.npz,061eb1892e5cd230251d6b45a39929e0aacf77679d54f1b214ab8504b843763e,10763,0.0,0.0,2,2,0.99,known_synthetic_noise,0.495,0.3311036789297659,1.0,0,0,0.1,0.9,full_partition,target-discovery-v1,0,0.05,0.0,0.0,1.0,0.0,0,pairwise_f1,hungarian,0.0,0,2,0.0,0.6622073578595318,0.6622073578595318,0.5,0.4974874371859296,0.99,0.0,0.0,0.0,0.995,2,macro,0,0,0.0,0.0,0.0,0.0,2,2,0.0,0.0,2,2,0.0,0.0,0.0,0.0,0.0,"{""dimension"": 2, ""family"": ""moons"", ""n"": 20000}","{""geometry_profile"": ""low_dim"", ""knn_backend"": ""kd_tree"", ""max_eps"": 0.12224467843770981, ""max_eps_quantile"": 0.98, ""min_cluster_size"": 40, ""min_samples"": 5, ""xi"": 0.1}",{},"[{""coverage"": 0.0, ""f1"": 0.0, ""fragments"": 0, ""matched_predicted_cluster"": null, ""overlap"": 0, ""passes_discovery_thresholds"": false, ""precision"": 0.0, ""purity"": 0.0, ""recall"": 0.0, ""target"": ""cluster_0"", ""target_label"": 0, ""target_noise_loss"": 1.0, ""target_size"": 5000}, {""coverage"": 0.0, ""f1"": 0.0, ""fragments"": 0, ""matched_predicted_cluster"": null, ""overlap"": 0, ""passes_discovery_thresholds"": false, ""precision"": 0.0, ""purity"": 0.0, ""recall"": 0.0, ""target"": ""cluster_1"", ""target_label"": 1, ""target_noise_loss"": 1.0, ""target_size"": 5000}]",,native_target_discovery_v1
synthetic__moons_noise50__quality__n20000__OPTICS__233__97ca6266d9e1,ok,synthetic,moons_noise50__quality__n20000,OPTICS,233,0.2.4,20000,2,0.0554863000015757,15.172298500001489,17.92264140000043,191.0703125,4.95703125,191.26171875,,,evaluation_state/synthetic__moons_noise50__quality__n20000__OPTICS__233__97ca6266d9e1.npz,80afdc7bb4684023fa81ace7dab4ecc08148cc6a0c8e3e914b1af775186423c7,10819,0.0,0.0,2,2,0.9874,known_synthetic_noise,0.4937,0.3305215237330119,1.0,0,0,0.1,0.9,full_partition,target-discovery-v1,0,0.05,0.0,0.0,1.0,0.0,0,pairwise_f1,hungarian,0.0,0,2,0.0,0.6610430474660239,0.6610430474660239,0.5,0.4968300291838583,0.9874,0.0,0.0,0.0,0.9937,2,macro,0,0,0.0,0.0,0.0,0.0,2,2,0.0,0.0,2,2,0.0,0.0,0.0,0.0,0.0,"{""dimension"": 2, ""family"": ""moons"", ""n"": 20000}","{""geometry_profile"": ""low_dim"", ""knn_backend"": ""kd_tree"", ""max_eps"": 0.12300827354192734, ""max_eps_quantile"": 0.98, ""min_cluster_size"": 40, ""min_samples"": 5, ""xi"": 0.1}",{},"[{""coverage"": 0.0, ""f1"": 0.0, ""fragments"": 0, ""matched_predicted_cluster"": null, ""overlap"": 0, ""passes_discovery_thresholds"": false, ""precision"": 0.0, ""purity"": 0.0, ""recall"": 0.0, ""target"": ""cluster_0"", ""target_label"": 0, ""target_noise_loss"": 1.0, ""target_size"": 5000}, {""coverage"": 0.0, ""f1"": 0.0, ""fragments"": 0, ""matched_predicted_cluster"": null, ""overlap"": 0, ""passes_discovery_thresholds"": false, ""precision"": 0.0, ""purity"": 0.0, ""recall"": 0.0, ""target"": ""cluster_1"", ""target_label"": 1, ""target_noise_loss"": 1.0, ""target_size"": 5000}]",,native_target_discovery_v1
synthetic__moons_noise50__quality__n20000__SNN-DBSCAN__211__2cf1255da133,ok,synthetic,moons_noise50__quality__n20000,SNN-DBSCAN,211,0.2.4,20000,2,0.0582911000001331,0.2222945000012259,3.7566102999990094,256.06640625,29.01953125,252.25,,,evaluation_state/synthetic__moons_noise50__quality__n20000__SNN-DBSCAN__211__2cf1255da133.npz,9f4e10b4563146bb32a1700a051a250ff53d628af3552b841c30a7d14f04a365,47022,0.2165333862189343,0.0124791796788922,244,238,0.1011,known_synthetic_noise,0.507,0.4097541585363694,249.5,261,0,0.1,0.9,full_partition,target-discovery-v1,0,0.05,0.0458,0.0873278989394784,0.0871,0.9403168417485598,2,pairwise_f1,hungarian,0.0,0,499,0.1154237644169515,0.1701733714862817,0.1701733714862817,0.5,0.5371944739638682,0.1011,0.0242173105049734,0.4782342857934917,0.0124232046409281,0.0941,499,macro,0,0,0.9129,0.6493349455864571,0.5038635610994591,0.9129,244,2,0.0,0.0,2,497,0.0,0.0458,0.0,0.0873278989394784,0.9403168417485598,"{""dimension"": 2, ""family"": ""moons"", ""n"": 20000}","{""eps"": 13, ""geometry_profile"": ""low_dim"", ""k"": 20, ""knn_backend"": ""kd_tree"", ""min_samples"": 5}",{},"[{""coverage"": 0.0426, ""f1"": 0.08149990434283529, ""fragments"": 0, ""matched_predicted_cluster"": 52, ""overlap"": 213, ""passes_discovery_thresholds"": false, ""precision"": 0.9383259911894273, ""purity"": 0.9383259911894273, ""recall"": 0.0426, ""target"": ""cluster_0"", ""target_label"": 0, ""target_noise_loss"": 0.081, ""target_size"": 5000}, {""coverage"": 0.049, ""f1"": 0.09315589353612166, ""fragments"": 0, ""matched_predicted_cluster"": 99, ""overlap"": 245, ""passes_discovery_thresholds"": false, ""precision"": 0.9423076923076923, ""purity"": 0.9423076923076923, ""recall"": 0.049, ""target"": ""cluster_1"", ""target_label"": 1, ""target_noise_loss"": 0.0932, ""target_size"": 5000}]",,native_target_discovery_v1
synthetic__moons_noise50__quality__n20000__SNN-DBSCAN__223__4243a6775a71,ok,synthetic,moons_noise50__quality__n20000,SNN-DBSCAN,223,0.2.4,20000,2,0.0551811000004818,0.2133118999990984,3.760376800000813,255.390625,28.41015625,249.93359375,,,evaluation_state/synthetic__moons_noise50__quality__n20000__SNN-DBSCAN__223__4243a6775a71.npz,b779aa0dad6a3c1f022ac54eac7cec977553004ad7e3636548b0216d36933a95,46827,0.2180942342706228,0.0127052374402183,225,219,0.1097,known_synthetic_noise,0.51455,0.4193851869206086,241.0,263,0,0.1,0.9,full_partition,target-discovery-v1,0,0.05,0.045,0.0854181929859413,0.0806,0.9500577191809952,2,pairwise_f1,hungarian,0.5,0,482,0.1167381591297305,0.1843232798454171,0.1843232798454171,0.5,0.5764582238570678,0.1097,0.0247997287613804,0.5023228831255463,0.0127137027405481,0.09515,482,macro,0,0,0.9194,0.6544470939958001,0.5080400066309333,0.9194,225,2,0.0,0.0,2,480,0.0,0.045,0.0,0.0854181929859413,0.9500577191809952,"{""dimension"": 2, ""family"": ""moons"", ""n"": 20000}","{""eps"": 13, ""geometry_profile"": ""low_dim"", ""k"": 20, ""knn_backend"": ""kd_tree"", ""min_samples"": 5}",{},"[{""coverage"": 0.0606, ""f1"": 0.11376009010700207, ""fragments"": 1, ""matched_predicted_cluster"": 65, ""overlap"": 303, ""passes_discovery_thresholds"": false, ""precision"": 0.926605504587156, ""purity"": 0.926605504587156, ""recall"": 0.0606, ""target"": ""cluster_0"", ""target_label"": 0, ""target_noise_loss"": 0.0822, ""target_size"": 5000}, {""coverage"": 0.0294, ""f1"": 0.057076295864880604, ""fragments"": 0, ""matched_predicted_cluster"": 69, ""overlap"": 147, ""passes_discovery_thresholds"": false, ""precision"": 0.9735099337748344, ""purity"": 0.9735099337748344, ""recall"": 0.0294, ""target"": ""cluster_1"", ""target_label"": 1, ""target_noise_loss"": 0.079, ""target_size"": 5000}]",,native_target_discovery_v1
synthetic__moons_noise50__quality__n20000__SNN-DBSCAN__227__b418229c9685,ok,synthetic,moons_noise50__quality__n20000,SNN-DBSCAN,227,0.2.4,20000,2,0.0553899999995337,0.2207306999989668,3.695139699999345,254.96875,28.23828125,249.08203125,,,evaluation_state/synthetic__moons_noise50__quality__n20000__SNN-DBSCAN__227__b418229c9685.npz,1b581e072b52b087eedaf3981f75bb5da4519814c1e5c855d31e57fa0c1b69f0,47426,0.2163716615838708,0.0119365635006534,255,245,0.0962,known_synthetic_noise,0.5079,0.4074676011749071,260.5,276,0,0.1,0.9,full_partition,target-discovery-v1,0,0.05,0.0357,0.0688140921447885,0.0804,0.9519011515220612,2,pairwise_f1,hungarian,0.0,0,521,0.0968650038674133,0.1635220125786163,0.1635220125786163,0.5,0.5447338618346546,0.0962,0.0233380900996888,0.5028477026398928,0.0119462692538507,0.0883,521,macro,0,0,0.9196,0.6514131897711979,0.5043325655369091,0.9196,255,2,0.0,0.0,2,519,0.0,0.0357,0.0,0.0688140921447885,0.9519011515220612,"{""dimension"": 2, ""family"": ""moons"", ""n"": 20000}","{""eps"": 13, ""geometry_profile"": ""low_dim"", ""k"": 20, ""knn_backend"": ""kd_tree"", ""min_samples"": 5}",{},"[{""coverage"": 0.034, ""f1"": 0.06564973933191737, ""fragments"": 0, ""matched_predicted_cluster"": 8, ""overlap"": 170, ""passes_discovery_thresholds"": false, ""precision"": 0.9497206703910615, ""purity"": 0.9497206703910615, ""recall"": 0.034, ""target"": ""cluster_0"", ""target_label"": 0, ""target_noise_loss"": 0.079, ""target_size"": 5000}, {""coverage"": 0.0374, ""f1"": 0.07197844495765975, ""fragments"": 0, ""matched_predicted_cluster"": 60, ""overlap"": 187, ""passes_discovery_thresholds"": false, ""precision"": 0.9540816326530612, ""purity"": 0.9540816326530612, ""recall"": 0.0374, ""target"": ""cluster_1"", ""target_label"": 1, ""target_noise_loss"": 0.0818, ""target_size"": 5000}]",,native_target_discovery_v1
synthetic__moons_noise50__quality__n20000__SNN-DBSCAN__229__5c4156b74595,ok,synthetic,moons_noise50__quality__n20000,SNN-DBSCAN,229,0.2.4,20000,2,0.0558903000001009,0.211161400000492,3.714739299999565,255.84765625,28.68359375,246.30078125,,,evaluation_state/synthetic__moons_noise50__quality__n20000__SNN-DBSCAN__229__5c4156b74595.npz,0e738cc2bb6eb4206b10c46c19eb28f1fd387b88588fd1c69ec1adff51ee0497,46691,0.2183395919573988,0.012554682360059,230,220,0.1068,known_synthetic_noise,0.51355,0.4171141172561317,235.5,251,0,0.1,0.9,full_partition,target-discovery-v1,0,0.05,0.0511,0.0967134520297454,0.0797,0.9490613553113554,2,pairwise_f1,hungarian,0.5,0,471,0.125828909485339,0.1800252844500632,0.1800252844500632,0.5,0.5726541554959785,0.1068,0.0244407990232131,0.4769433004042472,0.0125417483496699,0.09325,471,macro,0,0,0.9203,0.6542029500622001,0.5074717397298042,0.9203,230,2,0.0,0.0,2,469,0.0,0.0511,0.0,0.0967134520297454,0.9490613553113554,"{""dimension"": 2, ""family"": ""moons"", ""n"": 20000}","{""eps"": 13, ""geometry_profile"": ""low_dim"", ""k"": 20, ""knn_backend"": ""kd_tree"", ""min_samples"": 5}",{},"[{""coverage"": 0.0412, ""f1"": 0.07910906298003073, ""fragments"": 0, ""matched_predicted_cluster"": 105, ""overlap"": 206, ""passes_discovery_thresholds"": false, ""precision"": 0.9903846153846154, ""purity"": 0.9903846153846154, ""recall"": 0.0412, ""target"": ""cluster_0"", ""target_label"": 0, ""target_noise_loss"": 0.076, ""target_size"": 5000}, {""coverage"": 0.061, ""f1"": 0.11431784107946026, ""fragments"": 1, ""matched_predicted_cluster"": 6, ""overlap"": 305, ""passes_discovery_thresholds"": false, ""precision"": 0.9077380952380952, ""purity"": 0.9077380952380952, ""recall"": 0.061, ""target"": ""cluster_1"", ""target_label"": 1, ""target_noise_loss"": 0.0834, ""target_size"": 5000}]",,native_target_discovery_v1
synthetic__moons_noise50__quality__n20000__SNN-DBSCAN__233__40f6e89356f5,ok,synthetic,moons_noise50__quality__n20000,SNN-DBSCAN,233,0.2.4,20000,2,0.0604099000011046,0.2115804000004573,3.707894499999384,252.11328125,25.24609375,254.015625,,,evaluation_state/synthetic__moons_noise50__quality__n20000__SNN-DBSCAN__233__40f6e89356f5.npz,47e649cf0822b886ce79baf168b4792f4e709436cb7d177cb2a04533b765311a,46990,0.2196847170215102,0.0139690860400523,250,244,0.1047,known_synthetic_noise,0.51405,0.4162289978373654,254.0,264,0,0.1,0.9,full_partition,target-discovery-v1,0,0.05,0.0442,0.0843986580259749,0.0766,0.963663787193199,2,pairwise_f1,hungarian,0.5,0,508,0.1143518038664107,0.1772623381020909,0.1772623381020909,0.5,0.5774958632101489,0.1047,0.0272127299101952,0.5350681091955081,0.0139613922784556,0.09065,508,macro,0,0,0.9234,0.6551956575726399,0.5077252982899874,0.9234,250,2,0.0,0.0,2,506,0.0,0.0442,0.0,0.0843986580259749,0.9636637871931988,"{""dimension"": 2, ""family"": ""moons"", ""n"": 20000}","{""eps"": 13, ""geometry_profile"": ""low_dim"", ""k"": 20, ""knn_backend"": ""kd_tree"", ""min_samples"": 5}",{},"[{""coverage"": 0.0518, ""f1"": 0.09823629812251089, ""fragments"": 1, ""matched_predicted_cluster"": 5, ""overlap"": 259, ""passes_discovery_thresholds"": false, ""precision"": 0.9487179487179487, ""purity"": 0.9487179487179487, ""recall"": 0.0518, ""target"": ""cluster_0"", ""target_label"": 0, ""target_noise_loss"": 0.0734, ""target_size"": 5000}, {""coverage"": 0.0366, ""f1"": 0.07056101792943897, ""fragments"": 0, ""matched_predicted_cluster"": 123, ""overlap"": 183, ""passes_discovery_thresholds"": false, ""precision"": 0.9786096256684492, ""purity"": 0.9786096256684492, ""recall"": 0.0366, ""target"": ""cluster_1"", ""target_label"": 1, ""target_noise_loss"": 0.0798, ""target_size"": 5000}]",,native_target_discovery_v1
synthetic__moons_noise50__quality__n20000__StrataSCAN__211__e1b9a13427ae,ok,synthetic,moons_noise50__quality__n20000,StrataSCAN,211,0.2.4,20000,2,0.0562448000000586,0.9924792000001617,3.9464528000007695,241.94140625,55.74609375,242.87109375,,,evaluation_state/synthetic__moons_noise50__quality__n20000__StrataSCAN__211__e1b9a13427ae.npz,bdb584885c9a69277e3c35aac5dd4e811b5709711d6d0e268a1250f0fda3b0ea,19190,0.9466084141243633,0.9751561343571444,0,0,0.9511,known_synthetic_noise,0.96955,0.9695396312143144,1.5,3,2,0.1,0.9,full_partition,target-discovery-v1,0,0.05,0.9875,0.9700428606205568,0.012,0.9532040132792065,2,pairwise_f1,hungarian,1.0,0,3,0.969509956419077,0.9689776374102184,0.9689776374102184,0.5,0.987540234658914,0.9511,0.940664993636408,0.9085310414533628,0.9751553910782156,0.48155,3,macro,2,2,0.988,0.9701016250184104,0.9528401967402836,0.988,0,2,1.0,1.0,2,1,0.0,0.9875,1.0,0.9700428606205568,0.9532040132792062,"{""dimension"": 2, ""family"": ""moons"", ""n"": 20000}","{""ambiguous_model_confirmation_tolerance"": 1e-05, ""assignment"": ""maximum_posterior_basis_then_semantic_role"", ""background_model"": ""adaptive_gamma_basis_mixture_with_largest_rate_gap"", ""background_scan"": ""adaptive_dyadic_rank_windows_with_poisson_beta_boundary_code"", ""border_rule"": ""strict_local_core_radius"", ""component_initialization"": ""compiled_split_warm_single_start_with_guarded_confirmation"", ""component_selection"": ""semantic_icl_with_adaptive_bound"", ""connectivity"": ""density_ordered_non_merging_knn_watershed"", ""core_thresholds"": ""observed_d4_event_sweep"", ""duplicate_profile_confirmation_minimum"": 3, ""duplicate_profile_confirmation_tolerance"": 1e-08, ""extraction_objective"": ""gamma_topology_description_length"", ""fit_samples"": ""all_rows"", ""gamma_tolerance"": 0.0001, ""geometry_profile"": ""low_dim"", ""hard_component_bound"": 24, ""initial_component_bound"": 8, ""k"": 32, ""knn_backend"": ""kd_tree"", ""shell_ranks"": [4, 8, 16, 32], ""stratification_model"": ""adaptive_gamma_density_basis_with_semantic_background"", ""version"": ""0.2.3""}","{""algorithm"": ""OptimizationStrataSCAN"", ""algorithm_version"": ""0.2.3"", ""graph_seconds"": 0.16931949999889184, ""mdl_gamma_adaptive_search"": true, ""mdl_gamma_assignment"": ""maximum_posterior_basis_then_semantic_role"", ""mdl_gamma_background_basis_components"": [3, 4, 5, 6], ""mdl_gamma_background_boundary"": ""largest_rate_gap"", ""mdl_gamma_background_components"": 4, ""mdl_gamma_background_distribution"": ""gamma_components"", ""mdl_gamma_background_fraction"": 0.49335, ""mdl_gamma_background_group"": 3, ""mdl_gamma_candidate_components"": [1, 2, 3, 4, 5, 6, 7, 8, 9, 10, 11, 12], ""mdl_gamma_candidate_converged"": [true, true, true, true, true, true, true, true, true, true, true, true], ""mdl_gamma_candidate_entropies"": [-0.0, 28.36080934203395, 281.53630117036994, 299.37870727973564, 729.2852759133618, 1820.929104176814, 1671.8024840891094, 4617.081214279438, 4378.696292120811, 6688.230893436597, 6502.173156977147, 8688.027456013155], ""mdl_gamma_candidate_iterations"": [2, 2, 16, 4, 46, 26, 6, 11, 7, 10, 6, 5], ""mdl_gamma_candidate_log_likelihoods"": [-776590.4431476468, -153313.66769839084, -123410.72019310981, -122196.92136506856, -115854.55605458049, -113838.29758634922, -113733.74206858713, -113363.78188359179, -113324.03879156127, -113133.0988311818, -113069.20541690577, -113021.11806446954], ""mdl_gamma_candidate_role_gains_nats"": [[0.0], [0.0, 0.0], [0.0, 0.0, 0.0], [0.0, 0.0, 0.0, 0.0], [0.0, 0.0, 0.0, 0.0, 0.0], [0.0, 0.0, 0.0, 0.0, 0.0, 0.0], [0.0, 0.0, 0.0, 0.0, 0.0, 0.0, 0.0], [0.0, 0.0, 0.0, 0.0, 0.0, 0.0, 0.0, 0.0], [0.0, 0.0, 0.0, 0.0, 0.0, 0.0, 0.0, 0.0, 0.0], [0.0, 0.0, 0.0, 0.0, 0.0, 0.0, 0.0, 0.0, 0.0, 0.0], [0.0, 0.0, 0.0, 0.0, 0.0, 0.0, 0.0, 0.0, 0.0, 0.0, 0.0], [0.0, 0.0, 0.0, 0.0, 0.0, 0.0, 0.0, 0.0, 0.0, 0.0, 0.0, 0.0]], ""mdl_gamma_candidate_role_threshold_sizes"": [[0], [0, 0], [0, 0, 0], [0, 0, 0, 0], [0, 0, 0, 0, 0], [0, 0, 0, 0, 0, 0], [0, 0, 0, 0, 0, 0, 0], [0, 0, 0, 0, 0, 0, 0, 0], [0, 0, 0, 0, 0, 0, 0, 0, 0], [0, 0, 0, 0, 0, 0, 0, 0, 0, 0], [0, 0, 0, 0, 0, 0, 0, 0, 0, 0, 0], [0, 0, 0, 0, 0, 0, 0, 0, 0, 0, 0, 0]], ""mdl_gamma_candidate_scores"": [1553200.6932703988, 306733.57445322844, 247463.74088898065, 245101.5385077745, 233306.3314867232, 231486.81266944518, 231009.15885640323, 236189.50640945078, 235662.9608437301, 239929.86058826034, 239459.66874944698, 243764.91310530415], ""mdl_gamma_candidate_signal_components"": [[], [0], [0, 1], [0, 1], [0, 1], [0, 1, 2], [0, 1, 2], [0, 1, 2, 3], [0, 1, 2, 3], [0, 1, 2, 3, 4], [0, 1, 2, 3, 4], [0, 1, 2, 3, 4, 5]], ""mdl_gamma_criterion"": ""icl"", ""mdl_gamma_entropy_scope"": ""semantic"", ""mdl_gamma_fit_samples"": 20000, ""mdl_gamma_grouping"": ""largest_rate_gap"", ""mdl_gamma_guarded_confirmation"": true, ""mdl_gamma_log_rate_gaps"": [0.6245688448715687, 0.8791298447058784], ""mdl_gamma_mean_background_probability"": 0.49336197617490996, ""mdl_gamma_mean_posterior_entropy"": 0.08359012420445547, ""mdl_gamma_mu"": [3.2459270696767586, 2.568928525635892, 1.5519384506652578, -0.22442141539228366, -0.4119203867642458, -0.5852961608397731, -0.5942422665297151], ""mdl_gamma_n_init"": 1, ""mdl_gamma_ranks"": [4, 8, 16, 32], ""mdl_gamma_rates"": [[24.994825713474075, 24.65647918322401, 24.32271273590169, 23.9934643724684], [13.384535684300634, 13.554054367089794, 13.72572004881058, 13.899559921772047], [5.556509605888825, 6.028426239971681, 6.5404229468556485, 7.095903743521108], [1.4104018156729998, 1.8739015858202435, 2.4897210953064755, 3.3079171175901325], [0.6116947771547685, 0.5878270052426785, 0.5648905320065347, 0.5428490190219962], [0.6023717695611249, 0.6264585801692201, 0.6515085409025161, 0.6775601648783686], [0.43243435511497047, 0.3827527793081712, 0.33877902700209844, 0.29985733700990624]], ""mdl_gamma_role_evidence_neighbour_ranks"": [], ""mdl_gamma_search_caps"": [8, 12], ""mdl_gamma_search_hard_max"": 24, ""mdl_gamma_search_hit_hard_max"": false, ""mdl_gamma_search_initial_max"": 8, ""mdl_gamma_selected_components"": 7, ""mdl_gamma_signal_basis_components"": [0, 1, 2], ""mdl_gamma_signal_components"": 3, ""mdl_gamma_slopes"": [-0.019662662170192524, 0.01815737132323077, 0.1176025065926173, 0.4099389500365814, -0.05742031886198337, 0.05656496640692567, -0.17606829005931035], ""mdl_gamma_split_warm_start"": true, ""mdl_gamma_tolerance"": 0.0001, ""mdl_gamma_weights"": [0.3214126968547638, 0.1268232457460652, 0.058186377728285936, 0.026027293271213336, 0.24195297010896544, 0.20839088908176315, 0.017206527208941422], ""optimization_background_events"": [], ""optimization_background_intrinsic_dimension"": 2.0260944556090448, ""optimization_border_fraction"": 0.01845, ""optimization_border_model"": ""strict_local_core_radius"", ""optimization_border_seconds"": 0.0023646999998163665, ""optimization_boundary_component_gains_nats"": [[0.0, 0.0, 0.0, 0.0, 0.0, 0.0, 0.0, 0.0, 0.0, 0.0, 0.0, 0.0, 0.0, 0.0, 0.0, 0.0, 0.0, 0.0, 0.0, 0.0, 0.0, 0.0, 0.0, 0.0, 0.0, 0.0, 0.0, 0.0, 0.0, 0.0, 0.0, 0.0, 0.0, 0.0, 0.0, 0.0, 0.0], [0.0, 0.0, 0.0, 0.0, 0.0, 0.0, 0.0, 0.0, 0.0, 0.0, 0.0, 0.0, 0.0, 0.0, 0.0, 0.0, 0.0, 0.0, 0.0, 0.0, 0.0, 0.0, 0.0, 0.0, 0.0, 0.0, 0.0, 0.0, 0.0, 0.0, 0.0, 0.0, 0.0, 0.0, 0.0, 0.0, 0.0, 0.0, 0.0, 0.0, 0.0, 0.0, 0.0, 0.0, 0.0, 0.0, 0.0, 0.0, 0.0, 0.0, 0.0, 0.0, 0.0, 0.0, 0.0, 0.0, 0.0, 0.0, 0.0, 0.0, 0.0, 0.0, 0.0, 0.0, 0.0, 0.0, 0.0, 0.0, 0.0, 0.0, 0.0, 0.0, 0.0, 0.0, 0.0, 0.0, 0.0, 0.0, 0.0, 0.0, 0.0, 0.0, 0.0, 0.0, 0.0, 0.0, 0.0, 0.0, 0.0, 0.0, 0.0, 0.0, 0.0, 0.0, 0.0, 0.0, 0.0, 0.0, 0.0, 0.0, 0.0, 0.0, 0.0, 0.0, 0.0, 0.0, 0.0, 0.0, 0.0, 0.0, 0.0, 0.0, 0.0, 0.0, 0.0, 0.0, 0.0, 0.0, 0.0, 0.0, 0.0, 0.0, 0.0, 0.0, 0.0, 0.0, 0.0, 0.0, 0.0, 0.0, 0.0], [0.0, 0.0, 0.0, 0.0, 0.0, 0.0, 0.0, 0.0, 0.0, 0.0, 0.0, 0.0, 0.0, 0.0, 0.0, 0.0, 0.0, 0.0, 0.0, 0.0, 0.0, 0.0, 0.0, 0.0, 0.0, 0.0, 0.0, 0.0, 0.0, 0.0, 0.0, 0.0, 0.0, 0.0, 0.0, 0.0, 0.0, 0.0, 0.0, 0.0, 0.0, 0.0, 0.0, 0.0, 0.0, 0.0, 0.0, 0.0, 0.0, 0.0, 0.0, 0.0, 0.0, 0.0, 0.0, 0.0, 0.0, 0.0, 0.0, 0.0, 0.0, 0.0, 0.0, 0.0, 0.0, 0.0, 0.0, 0.0, 0.0, 0.0, 0.0, 0.0, 0.0, 0.0, 0.0, 0.0, 0.0, 0.0, 0.0, 0.0, 0.0, 0.0, 0.0, 0.0, 0.0], []], ""optimization_candidate_groups"": [0, 1, 2, 3], ""optimization_clusters"": 3, ""optimization_connectivity_rank"": 4, ""optimization_core_fraction"": 0.5, ""optimization_core_rank"": 4, ""optimization_description_gain_nats"": 405941.37837349344, ""optimization_group_gains_nats"": [257699.95366474087, 78177.07566907628, 16725.237597351, 0.0], ""optimization_group_sizes"": [6555, 2444, 1134, 9867], ""optimization_noise_fraction"": 0.48155, ""optimization_objective"": ""gamma_topology_component_and_attachment_description_gain"", ""optimization_objective_trace"": [0.0, -405941.37837349344], ""optimization_ordering_modes"": [""d4"", ""d4"", ""d4"", ""adaptive_d4_rank_windows_with_beta_boundary_code""], ""optimization_seconds"": 0.08636260000093898, ""optimization_selected_component_gains_nats"": [88332.59683341395, 139240.44979930256, 25706.92781866225, 321.3639984766619, 28514.851329961315, 109.50843200373987, 451.99147419608624, 310.97428844364816, 303.3737360453704, 179.1003186142219, 143.98554291138245, 3341.259835802182, 5593.744910192456, 4152.589631856124, 109.60268162965752, 1441.426717848189, 2950.0086724749394, 2968.176933450234, 2410.1229514281, 1361.4825251314053, 362.5234473034717, 418.0312880726089, 598.5461492248323, 1442.5907285608703, 3036.279734221713, 846.6429792068196, 1953.3075180681146, 2467.8650354299702, 3291.9176219636406, 1214.000377878952, 1878.4546403333331, 586.5627929849871, 3195.4987170498944, 1863.1780402192442, 676.216912737292, 2585.729581598407, 2297.493704311661, 981.4311269325809, 698.4773193388718, 1922.5584150069287, 1689.9011083173639, 648.429891069978, 1776.3349315853523, 1181.0519219035327, 1788.043472505128, 151.96957562790354, 1270.8634710991462, 1897.9178223026306, 2062.3042430693845, 805.7789763646953, 402.8264692868024, 588.9416954125817, 575.4267982472527, 1074.8218087265332, 1071.5157338767028, 1147.967304491161, 1136.7589819736684, 245.5181246188795, 393.9651755033338, 233.22381600629015, 195.7214604905669, 400.28531533923024, 2305.2784557293876, 573.2559366022755, 469.9495986600752, 267.7644899243805, 535.965585187311, 1401.2397615753023, 182.56219029726677, 938.6143111520797, 513.967253319106, 1329.1886174482972, 611.7875374169214, 172.0975748229318, 346.7791478592356, 261.3815538923034, 109.68567866405962, 239.9054952342855, 850.975896373587, 637.6671542128589, 2184.5874789883787, 53.96285432795491, 1102.7287543618486, 614.8645188976299, 381.2851835229317, 1006.9426379564356, 164.87727098001807, 155.17897973411016, 361.8768028781805, 477.7480154187716, 411.39259623619415, 178.34285413677628, 190.07486546068904, 200.84525469226517, 239.48608738088578, 315.75729309505937, 444.41481829287295, 146.89048209417606, 134.7516003194555, 281.29055652420584, 108.46218916797835, 64.79210905732421, 98.41805280442756, 138.31562112942962, 758.1595310054453, 947.2397377138847, 392.1202466946121, 326.7858512186553, 883.3820454657562, 625.5733425254963, 817.3878439362082, 440.84633622160356, 899.292559862547, 1405.5119060673694, 874.1872440661301, 123.51596963053538, 86.24169371662222, 299.85494947665325, 184.20503119669715, 307.91901880884257, 1714.4960175032386, 445.4451581312037, 182.32234862820962, 1080.0818491828638, 548.5163881474883, 119.01011419010823, 106.26614036385126, 90.50080426989697, 446.51325286923117, 346.82368346644836, 444.29612627155643, 281.1315041200941, 239.525816080088, 695.6707900868304, 56.77286954324861, 298.2832137415283, 437.10030378876127, 274.87449461780716, 227.85038102993462, 108.48923661892817, 181.37211144760764, 195.75920857300676, 165.74751851259006, 1409.3975957707182, 392.460101028929, 45.79495345061114, 83.10789689266608, 416.27925569662557, 121.14400983069729, 143.5809585680131, 18.457028609357486, 164.80620601546983, 390.37936780906193, 204.3234043336873, 245.8696988110005, 68.09386754827591, 379.3905936794183, 103.54456024430397, 79.27008416021573, 116.37242368241434, 178.12426536768393, 58.59708856441225, 196.4615239871097, 61.970201607138385, 124.75710846439094, 119.96196612512011, 48.69487435841488, 30.940538529045938, 100.6528514681246, 78.71062821881026], ""optimization_selected_groups"": [0, 1, 2], ""optimization_selected_local_components"": [11, 92, 67, 0], ""optimization_solver"": ""exact_stratum_event_sweep"", ""optimization_sparse_memory"": true, ""optimization_threshold_seconds"": 0.08433590000095137, ""optimization_threshold_sizes"": [6555, 2444, 1134, 0], ""optimization_thresholds"": [0.028759201988577843, 0.03389142453670502, 0.05494600906968117, 0.0], ""optimization_topology_evidence_ranks"": [5, 8], ""optimization_unified_background_scan"": true, ""stratification"": ""adaptive-semantic-information-criterion-gamma-v2""}","[{""coverage"": 0.9864, ""f1"": 0.971439826669293, ""fragments"": 1, ""matched_predicted_cluster"": 0, ""overlap"": 4932, ""passes_discovery_thresholds"": true, ""precision"": 0.9569266589057043, ""purity"": 0.9569266589057043, ""recall"": 0.9864, ""target"": ""cluster_0"", ""target_label"": 0, ""target_noise_loss"": 0.0126, ""target_size"": 5000}, {""coverage"": 0.9886, ""f1"": 0.9686458945718205, ""fragments"": 1, ""matched_predicted_cluster"": 1, ""overlap"": 4943, ""passes_discovery_thresholds"": true, ""precision"": 0.9494813676527084, ""purity"": 0.9494813676527084, ""recall"": 0.9886, ""target"": ""cluster_1"", ""target_label"": 1, ""target_noise_loss"": 0.0114, ""target_size"": 5000}]",,native_target_discovery_v1
synthetic__moons_noise50__quality__n20000__StrataSCAN__223__d18638dd5297,ok,synthetic,moons_noise50__quality__n20000,StrataSCAN,223,0.2.4,20000,2,0.0561766999999235,1.1072174000000814,4.067812799999956,240.546875,54.60546875,240.546875,,,evaluation_state/synthetic__moons_noise50__quality__n20000__StrataSCAN__223__d18638dd5297.npz,95d03167449e057f0a35ce47a355ec540a5ca4470fac2c53323ec29d45148632,19154,0.9451531104660076,0.9737720290633776,0,0,0.9512,known_synthetic_noise,0.969,0.9689901748469985,1.0,2,2,0.1,0.9,full_partition,target-discovery-v1,0,0.05,0.9868,0.9695437069522737,0.0132,0.9528826797602212,2,pairwise_f1,hungarian,1.0,0,2,0.9689906381417596,0.9684381999592752,0.9684381999592752,0.5,0.9863127333056824,0.9512,0.939716661795198,0.9079630197413496,0.9737717943588716,0.4822,2,macro,2,2,0.9868,0.969542149734722,0.9528775589030514,0.9868,0,2,1.0,1.0,2,0,0.0,0.9868,1.0,0.9695437069522738,0.9528826797602216,"{""dimension"": 2, ""family"": ""moons"", ""n"": 20000}","{""ambiguous_model_confirmation_tolerance"": 1e-05, ""assignment"": ""maximum_posterior_basis_then_semantic_role"", ""background_model"": ""adaptive_gamma_basis_mixture_with_largest_rate_gap"", ""background_scan"": ""adaptive_dyadic_rank_windows_with_poisson_beta_boundary_code"", ""border_rule"": ""strict_local_core_radius"", ""component_initialization"": ""compiled_split_warm_single_start_with_guarded_confirmation"", ""component_selection"": ""semantic_icl_with_adaptive_bound"", ""connectivity"": ""density_ordered_non_merging_knn_watershed"", ""core_thresholds"": ""observed_d4_event_sweep"", ""duplicate_profile_confirmation_minimum"": 3, ""duplicate_profile_confirmation_tolerance"": 1e-08, ""extraction_objective"": ""gamma_topology_description_length"", ""fit_samples"": ""all_rows"", ""gamma_tolerance"": 0.0001, ""geometry_profile"": ""low_dim"", ""hard_component_bound"": 24, ""initial_component_bound"": 8, ""k"": 32, ""knn_backend"": ""kd_tree"", ""shell_ranks"": [4, 8, 16, 32], ""stratification_model"": ""adaptive_gamma_density_basis_with_semantic_background"", ""version"": ""0.2.3""}","{""algorithm"": ""OptimizationStrataSCAN"", ""algorithm_version"": ""0.2.3"", ""graph_seconds"": 0.17057449999992969, ""mdl_gamma_adaptive_search"": true, ""mdl_gamma_assignment"": ""maximum_posterior_basis_then_semantic_role"", ""mdl_gamma_background_basis_components"": [3, 4, 5, 6], ""mdl_gamma_background_boundary"": ""largest_rate_gap"", ""mdl_gamma_background_components"": 4, ""mdl_gamma_background_distribution"": ""gamma_components"", ""mdl_gamma_background_fraction"": 0.4936, ""mdl_gamma_background_group"": 3, ""mdl_gamma_candidate_components"": [1, 2, 3, 4, 5, 6, 7, 8, 9, 10, 11, 12], ""mdl_gamma_candidate_converged"": [true, true, true, true, true, true, true, true, true, true, true, true], ""mdl_gamma_candidate_entropies"": [-0.0, 36.67658121224994, 288.685805751103, 302.38956928574555, 805.2981902056513, 812.2347962757228, 1615.7547125423628, 3252.960033552479, 2931.5470516448013, 6450.166393461184, 6449.999432505841, 6454.796278501275], ""mdl_gamma_candidate_iterations"": [2, 2, 17, 4, 42, 6, 27, 36, 8, 14, 5, 4], ""mdl_gamma_candidate_log_likelihoods"": [-776774.2632924846, -150527.08003868177, -119152.65881318286, -117443.23870375237, -110717.6475161922, -110465.46371287481, -108306.59525612823, -107701.29196019188, -107632.06668801035, -107486.10249078028, -107450.4810228218, -107438.83763049767], ""mdl_gamma_candidate_role_gains_nats"": [[0.0], [0.0, 0.0], [0.0, 0.0, 0.0], [0.0, 0.0, 0.0, 0.0], [0.0, 0.0, 0.0, 0.0, 0.0], [0.0, 0.0, 0.0, 0.0, 0.0, 0.0], [0.0, 0.0, 0.0, 0.0, 0.0, 0.0, 0.0], [0.0, 0.0, 0.0, 0.0, 0.0, 0.0, 0.0, 0.0], [0.0, 0.0, 0.0, 0.0, 0.0, 0.0, 0.0, 0.0, 0.0], [0.0, 0.0, 0.0, 0.0, 0.0, 0.0, 0.0, 0.0, 0.0, 0.0], [0.0, 0.0, 0.0, 0.0, 0.0, 0.0, 0.0, 0.0, 0.0, 0.0, 0.0], [0.0, 0.0, 0.0, 0.0, 0.0, 0.0, 0.0, 0.0, 0.0, 0.0, 0.0, 0.0]], ""mdl_gamma_candidate_role_threshold_sizes"": [[0], [0, 0], [0, 0, 0], [0, 0, 0, 0], [0, 0, 0, 0, 0], [0, 0, 0, 0, 0, 0], [0, 0, 0, 0, 0, 0, 0], [0, 0, 0, 0, 0, 0, 0, 0], [0, 0, 0, 0, 0, 0, 0, 0, 0], [0, 0, 0, 0, 0, 0, 0, 0, 0, 0], [0, 0, 0, 0, 0, 0, 0, 0, 0, 0, 0], [0, 0, 0, 0, 0, 0, 0, 0, 0, 0, 0, 0]], ""mdl_gamma_candidate_scores"": [1553568.3335600742, 301177.03067755076, 238961.9171382882, 235600.19490915415, 223184.5402385312, 222723.75630669418, 220042.7696883919, 222136.28420119704, 221384.71815567624, 228159.7389075065, 228117.8725123364, 228133.88988233666], ""mdl_gamma_candidate_signal_components"": [[], [0], [0, 1], [0, 1], [0, 1], [0, 1], [0, 1, 2], [0, 1, 2, 3], [0, 1, 2, 3], [0, 1, 2, 3, 4], [0, 1, 2, 3, 4], [0, 1, 2, 3, 4]], ""mdl_gamma_criterion"": ""icl"", ""mdl_gamma_entropy_scope"": ""semantic"", ""mdl_gamma_fit_samples"": 20000, ""mdl_gamma_grouping"": ""largest_rate_gap"", ""mdl_gamma_guarded_confirmation"": true, ""mdl_gamma_log_rate_gaps"": [0.6115154659525968, 0.8794636103137288], ""mdl_gamma_mean_background_probability"": 0.49386962455438227, ""mdl_gamma_mean_posterior_entropy"": 0.08078773562711813, ""mdl_gamma_mu"": [3.307812825054416, 2.6675101434770205, 1.6541708257159407, -0.057238073788830945, -0.4950964352367606, -0.4397310208402061, -0.642558239126636], ""mdl_gamma_n_init"": 1, ""mdl_gamma_ranks"": [4, 8, 16, 32], ""mdl_gamma_rates"": [[27.067629908157826, 26.939709989760175, 26.8123946128602, 26.685680920432738], [14.684948822907277, 14.827440438215566, 14.971314684180463, 15.116584976802105], [6.094333891949286, 6.5794673430200294, 7.1032193649667015, 7.668664151113236], [1.5982164168089283, 2.079133954221287, 2.704763856841704, 3.5186513627099263], [0.6809418562623075, 0.7197370679971647, 0.7607425542800045, 0.804084240794925], [0.625036027060019, 0.6156642757018495, 0.606433043801306, 0.5973402244183713], [0.4296149578416979, 0.388283413855046, 0.3509282130965318, 0.31716680742149717]], ""mdl_gamma_role_evidence_neighbour_ranks"": [], ""mdl_gamma_search_caps"": [8, 12], ""mdl_gamma_search_hard_max"": 24, ""mdl_gamma_search_hit_hard_max"": false, ""mdl_gamma_search_initial_max"": 8, ""mdl_gamma_selected_components"": 7, ""mdl_gamma_signal_basis_components"": [0, 1, 2], ""mdl_gamma_signal_components"": 3, ""mdl_gamma_slopes"": [-0.006834247988029894, 0.013931338623419226, 0.11050224823831682, 0.3795199320661795, 0.07993834637808445, -0.02179549136043611, -0.14593414275759128], ""mdl_gamma_split_warm_start"": true, ""mdl_gamma_tolerance"": 0.0001, ""mdl_gamma_weights"": [0.3102243237409125, 0.13368806617967977, 0.0618989681207212, 0.02611360332765549, 0.11556472800427768, 0.33294286535075696, 0.01956744527599633], ""optimization_background_events"": [], ""optimization_background_intrinsic_dimension"": 2.03678590622308, ""optimization_border_fraction"": 0.01715, ""optimization_border_model"": ""strict_local_core_radius"", ""optimization_border_seconds"": 0.0027290999987599207, ""optimization_boundary_component_gains_nats"": [[0.0, 0.0, 0.0, 0.0, 0.0, 0.0, 0.0, 0.0, 0.0, 0.0, 0.0, 0.0, 0.0, 0.0, 0.0, 0.0, 0.0, 0.0, 0.0, 0.0, 0.0, 0.0, 0.0, 0.0, 0.0, 0.0, 0.0, 0.0, 0.0, 0.0, 0.0, 0.0, 0.0, 0.0, 0.0], [0.0, 0.0, 0.0, 0.0, 0.0, 0.0, 0.0, 0.0, 0.0, 0.0, 0.0, 0.0, 0.0, 0.0, 0.0, 0.0, 0.0, 0.0, 0.0, 0.0, 0.0, 0.0, 0.0, 0.0, 0.0, 0.0, 0.0, 0.0, 0.0, 0.0, 0.0, 0.0, 0.0, 0.0, 0.0, 0.0, 0.0, 0.0, 0.0, 0.0, 0.0, 0.0, 0.0, 0.0, 0.0, 0.0, 0.0, 0.0, 0.0, 0.0, 0.0, 0.0, 0.0, 0.0, 0.0, 0.0, 0.0, 0.0, 0.0, 0.0, 0.0, 0.0, 0.0, 0.0, 0.0, 0.0, 0.0, 0.0, 0.0, 0.0, 0.0, 0.0, 0.0, 0.0, 0.0, 0.0, 0.0, 0.0, 0.0, 0.0, 0.0, 0.0, 0.0, 0.0, 0.0, 0.0, 0.0, 0.0, 0.0, 0.0, 0.0, 0.0, 0.0, 0.0, 0.0, 0.0, 0.0, 0.0, 0.0, 0.0, 0.0, 0.0, 0.0, 0.0], [0.0, 0.0, 0.0, 0.0, 0.0, 0.0, 0.0, 0.0, 0.0, 0.0, 0.0, 0.0, 0.0, 0.0, 0.0, 0.0, 0.0, 0.0, 0.0, 0.0, 0.0, 0.0, 0.0, 0.0, 0.0, 0.0, 0.0, 0.0, 0.0, 0.0, 0.0, 0.0, 0.0, 0.0, 0.0, 0.0, 0.0, 0.0, 0.0, 0.0, 0.0, 0.0, 0.0, 0.0, 0.0, 0.0, 0.0, 0.0, 0.0, 0.0, 0.0, 0.0, 0.0, 0.0, 0.0, 0.0, 0.0, 0.0, 0.0, 0.0, 0.0, 0.0, 0.0, 0.0, 0.0, 0.0, 0.0, 0.0, 0.0, 0.0, 0.0, 0.0, 0.0, 0.0, 0.0, 0.0, 0.0, 0.0, 0.0, 0.0, 0.0, 0.0, 0.0, 0.0, 0.0, 0.0, 0.0, 0.0, 0.0, 0.0, 0.0], []], ""optimization_candidate_groups"": [0, 1, 2, 3], ""optimization_clusters"": 2, ""optimization_connectivity_rank"": 4, ""optimization_core_fraction"": 0.50065, ""optimization_core_rank"": 4, ""optimization_description_gain_nats"": 409946.5762002043, ""optimization_group_gains_nats"": [248866.3810765742, 83980.5430261841, 18115.18612937924, 0.0], ""optimization_group_sizes"": [6315, 2602, 1211, 9872], ""optimization_noise_fraction"": 0.4822, ""optimization_objective"": ""gamma_topology_component_and_attachment_description_gain"", ""optimization_objective_trace"": [0.0, -409946.5762002043], ""optimization_ordering_modes"": [""d4"", ""d4"", ""d4"", ""adaptive_d4_rank_windows_with_beta_boundary_code""], ""optimization_seconds"": 0.08383789999970759, ""optimization_selected_component_gains_nats"": [185.67135162532762, 79014.85223883599, 56751.4076261617, 111700.77553177316, 22113.302876949732, 6107.116087452523, 805.0893537112291, 322.1514331102642, 336.1866299889254, 185.67135162532762, 295.9288369568044, 231.47225598536386, 3723.840414874307, 2967.452782360028, 3365.129793440503, 862.4453428984503, 5499.323996786479, 6491.047293425128, 1274.9603392628444, 1207.8398639518075, 1464.7461438834114, 467.2140854453101, 3103.883069486515, 4549.402361598835, 1093.5407665282087, 1227.1081051297124, 7095.920490745322, 2301.3112277541445, 776.0376881647545, 1134.9502769144453, 7802.771752476855, 1843.670944235034, 1699.9296016950627, 2289.6703194489032, 1628.8278633809516, 2034.9325742434924, 796.4098984385373, 1941.5058199734558, 2412.75985939253, 1998.4067239101169, 3577.260698849142, 991.7000462101055, 527.9717865054602, 595.2891617021427, 1599.825452553482, 900.6647358982286, 1389.830627054701, 1302.5496415577315, 810.7906108453278, 845.9521709524444, 632.388809442814, 392.7096203831144, 215.36590213758288, 630.0571507903845, 220.47565370465617, 843.3920884662435, 473.3182767931562, 1832.3797172627076, 215.56572386172328, 570.2503951687819, 217.96427053454212, 563.6077481637265, 633.7959823570292, 442.10096375988877, 2095.1714854321044, 425.437131288914, 426.2761301187224, 1015.1458020293377, 1465.247632295155, 2540.0207002782654, 138.35579062817132, 832.4886540196977, 267.06661177106116, 181.78226517131753, 378.76399144231516, 348.11521536558655, 191.2851153700891, 354.67313386510205, 367.29717511303477, 143.7404407695088, 375.010261155958, 65.38908787764066, 327.8070752809023, 252.88028334293668, 153.70609171368875, 229.98544428181526, 96.80709994040973, 532.9879947070041, 625.3803858896525, 274.4215691918062, 836.4270001225469, 151.68112842202052, 268.88518105737984, 232.33070048856956, 425.8211894409386, 486.684953707563, 374.3698187742517, 325.98152228405814, 1588.0400442833181, 535.312704108684, 526.6284903982415, 819.5497393092356, 312.07041870293574, 701.8355605886458, 230.69801727366993, 99.78251701631811, 1294.171014087301, 879.1674622856332, 112.8151693599527, 321.8298230341859, 440.22549968518865, 736.8820100954096, 622.4495233869112, 212.71478339366772, 632.7833630314959, 1201.1708632221041, 696.4752809618916, 340.9352705473732, 130.43582459738383, 146.88774859342502, 41.80516362260786, 1027.4493590968493, 373.4538018342548, 588.3259033245155, 43.266797846474454, 1162.3554461466995, 136.86361833929308, 449.80291985495563, 257.44598568877154, 698.8253653979845, 336.255463129801, 70.7031216755106, 185.17387714473637, 64.4447682053229, 153.86875024633585, 49.50855735748454, 311.8570810152007, 171.93862319413628, 24.763511557754853, 114.9591982672589, 317.76037764464934, 44.58654291983675, 366.7788968843539, 474.9617496514942, 126.63668892630918, 59.091244760057755, 50.8872400775964, 308.7667513352027, 67.1376553998953, 36.2852286725179, 28.625031495407185, 104.67402436110797, 45.831483974823, 50.95175230041903, 27.876052235300406], ""optimization_selected_groups"": [0, 1, 2], ""optimization_selected_local_components"": [12, 73, 70, 0], ""optimization_solver"": ""exact_stratum_event_sweep"", ""optimization_sparse_memory"": true, ""optimization_threshold_seconds"": 0.081443400000353, ""optimization_threshold_sizes"": [6315, 2602, 1211, 0], ""optimization_thresholds"": [0.026713473722338676, 0.03388382866978645, 0.05846518650650978, 0.0], ""optimization_topology_evidence_ranks"": [5, 8], ""optimization_unified_background_scan"": true, ""stratification"": ""adaptive-semantic-information-criterion-gamma-v2""}","[{""coverage"": 0.9872, ""f1"": 0.9709845578833481, ""fragments"": 1, ""matched_predicted_cluster"": 0, ""overlap"": 4936, ""passes_discovery_thresholds"": true, ""precision"": 0.9552932068898781, ""purity"": 0.9552932068898781, ""recall"": 0.9872, ""target"": ""cluster_0"", ""target_label"": 0, ""target_noise_loss"": 0.0128, ""target_size"": 5000}, {""coverage"": 0.9864, ""f1"": 0.9681028560211993, ""fragments"": 1, ""matched_predicted_cluster"": 1, ""overlap"": 4932, ""passes_discovery_thresholds"": true, ""precision"": 0.9504721526305646, ""purity"": 0.9504721526305646, ""recall"": 0.9864, ""target"": ""cluster_1"", ""target_label"": 1, ""target_noise_loss"": 0.0136, ""target_size"": 5000}]",,native_target_discovery_v1
synthetic__moons_noise50__quality__n20000__StrataSCAN__227__15e30df7296e,ok,synthetic,moons_noise50__quality__n20000,StrataSCAN,227,0.2.4,20000,2,0.0584195999999792,0.9883625000002212,3.9910665999996127,241.12109375,55.40625,241.12109375,,,evaluation_state/synthetic__moons_noise50__quality__n20000__StrataSCAN__227__15e30df7296e.npz,024de57e108ccc337084554f24a402908471e5460da9a0920fd47b097e221a17,19192,0.9206901146895148,0.959852906141094,1,1,0.9559,known_synthetic_noise,0.9692,0.9691945508240952,2.0,3,2,0.1,0.9,full_partition,target-discovery-v1,0,0.05,0.9797,0.9684604365871038,0.0175,0.9574910455069164,2,pairwise_f1,hungarian,1.0,0,4,0.9686226103072014,0.9687848383500558,0.9687848383500558,0.5,0.9820217793301828,0.9559,0.937809946983458,0.9167636016710536,0.9598453290658132,0.4867,4,macro,2,2,0.9825,0.9696042632981348,0.957042665108124,0.9825,1,2,1.0,1.0,2,2,0.0,0.9797,1.0,0.9684604365871036,0.9574910455069162,"{""dimension"": 2, ""family"": ""moons"", ""n"": 20000}","{""ambiguous_model_confirmation_tolerance"": 1e-05, ""assignment"": ""maximum_posterior_basis_then_semantic_role"", ""background_model"": ""adaptive_gamma_basis_mixture_with_largest_rate_gap"", ""background_scan"": ""adaptive_dyadic_rank_windows_with_poisson_beta_boundary_code"", ""border_rule"": ""strict_local_core_radius"", ""component_initialization"": ""compiled_split_warm_single_start_with_guarded_confirmation"", ""component_selection"": ""semantic_icl_with_adaptive_bound"", ""connectivity"": ""density_ordered_non_merging_knn_watershed"", ""core_thresholds"": ""observed_d4_event_sweep"", ""duplicate_profile_confirmation_minimum"": 3, ""duplicate_profile_confirmation_tolerance"": 1e-08, ""extraction_objective"": ""gamma_topology_description_length"", ""fit_samples"": ""all_rows"", ""gamma_tolerance"": 0.0001, ""geometry_profile"": ""low_dim"", ""hard_component_bound"": 24, ""initial_component_bound"": 8, ""k"": 32, ""knn_backend"": ""kd_tree"", ""shell_ranks"": [4, 8, 16, 32], ""stratification_model"": ""adaptive_gamma_density_basis_with_semantic_background"", ""version"": ""0.2.3""}","{""algorithm"": ""OptimizationStrataSCAN"", ""algorithm_version"": ""0.2.3"", ""graph_seconds"": 0.17176399999880232, ""mdl_gamma_adaptive_search"": true, ""mdl_gamma_assignment"": ""maximum_posterior_basis_then_semantic_role"", ""mdl_gamma_background_basis_components"": [3, 4, 5, 6], ""mdl_gamma_background_boundary"": ""largest_rate_gap"", ""mdl_gamma_background_components"": 4, ""mdl_gamma_background_distribution"": ""gamma_components"", ""mdl_gamma_background_fraction"": 0.49865, ""mdl_gamma_background_group"": 3, ""mdl_gamma_candidate_components"": [1, 2, 3, 4, 5, 6, 7, 8, 9, 10, 11, 12], ""mdl_gamma_candidate_converged"": [true, true, true, true, true, true, true, true, true, true, true, true], ""mdl_gamma_candidate_entropies"": [-0.0, 28.61754828790442, 266.2813678943574, 285.73762022999637, 612.0181038588307, 2089.3073677192106, 1909.4530505764196, 4154.562281703587, 3999.546211702597, 6533.390658530607, 6381.025653264305, 8561.064501103281], ""mdl_gamma_candidate_iterations"": [2, 3, 16, 4, 34, 23, 6, 18, 6, 6, 6, 5], ""mdl_gamma_candidate_log_likelihoods"": [-780154.3057259842, -148522.52979603226, -117680.45357104867, -116260.29658922393, -109245.57213467428, -107273.8085552302, -107156.69262814376, -106588.06443411033, -106556.84869884496, -106429.93301117084, -106370.50547937203, -106322.1664844541], ""mdl_gamma_candidate_role_gains_nats"": [[0.0], [0.0, 0.0], [0.0, 0.0, 0.0], [0.0, 0.0, 0.0, 0.0], [0.0, 0.0, 0.0, 0.0, 0.0], [0.0, 0.0, 0.0, 0.0, 0.0, 0.0], [0.0, 0.0, 0.0, 0.0, 0.0, 0.0, 0.0], [0.0, 0.0, 0.0, 0.0, 0.0, 0.0, 0.0, 0.0], [0.0, 0.0, 0.0, 0.0, 0.0, 0.0, 0.0, 0.0, 0.0], [0.0, 0.0, 0.0, 0.0, 0.0, 0.0, 0.0, 0.0, 0.0, 0.0], [0.0, 0.0, 0.0, 0.0, 0.0, 0.0, 0.0, 0.0, 0.0, 0.0, 0.0], [0.0, 0.0, 0.0, 0.0, 0.0, 0.0, 0.0, 0.0, 0.0, 0.0, 0.0, 0.0]], ""mdl_gamma_candidate_role_threshold_sizes"": [[0], [0, 0], [0, 0, 0], [0, 0, 0, 0], [0, 0, 0, 0, 0], [0, 0, 0, 0, 0, 0], [0, 0, 0, 0, 0, 0, 0], [0, 0, 0, 0, 0, 0, 0, 0], [0, 0, 0, 0, 0, 0, 0, 0, 0], [0, 0, 0, 0, 0, 0, 0, 0, 0, 0], [0, 0, 0, 0, 0, 0, 0, 0, 0, 0, 0], [0, 0, 0, 0, 0, 0, 0, 0, 0, 0, 0, 0]], ""mdl_gamma_candidate_scores"": [1560328.4184270734, 297151.81212640303, 235972.69777830635, 233201.00678198575, 219853.82930280172, 218894.59113429196, 218330.36110849108, 221713.03364533617, 221370.28049746106, 226213.84847842646, 225819.97386695383, 230113.0840354535], ""mdl_gamma_candidate_signal_components"": [[], [0], [0, 1], [0, 1], [0, 1], [0, 1, 2], [0, 1, 2], [0, 1, 2, 3], [0, 1, 2, 3], [0, 1, 2, 3, 4], [0, 1, 2, 3, 4], [0, 1, 2, 3, 4, 5]], ""mdl_gamma_criterion"": ""icl"", ""mdl_gamma_entropy_scope"": ""semantic"", ""mdl_gamma_fit_samples"": 20000, ""mdl_gamma_grouping"": ""largest_rate_gap"", ""mdl_gamma_guarded_confirmation"": true, ""mdl_gamma_log_rate_gaps"": [0.590761266596763, 0.8554424497563544], ""mdl_gamma_mean_background_probability"": 0.4985862744754189, ""mdl_gamma_mean_posterior_entropy"": 0.09547265252882098, ""mdl_gamma_mu"": [3.3709921024666745, 2.7299958059539424, 1.754181587453072, -0.004247883180941159, -0.48445809469044043, -0.3596559041395544, -0.8714598622143548], ""mdl_gamma_n_init"": 1, ""mdl_gamma_ranks"": [4, 8, 16, 32], ""mdl_gamma_rates"": [[28.36421351574476, 27.99977133234986, 27.640011743272744, 27.284874583443248], [15.711092578178887, 15.90371280636503, 16.09869458592781, 16.296066869822777], [6.678707940521581, 7.179975899344122, 7.71886633975739, 8.298203003227664], [1.669989556250492, 2.162683908478183, 2.8007370887347673, 3.627034079952157], [0.6576000827512558, 0.6794250067949705, 0.7019742727632196, 0.7252719206582766], [0.6485526555873798, 0.6251959416391232, 0.6026803869734023, 0.5809756984188338], [0.3854743155798145, 0.3700226198182676, 0.35519030359060294, 0.34095253913597723]], ""mdl_gamma_role_evidence_neighbour_ranks"": [], ""mdl_gamma_search_caps"": [8, 12], ""mdl_gamma_search_hard_max"": 24, ""mdl_gamma_search_hit_hard_max"": false, ""mdl_gamma_search_initial_max"": 8, ""mdl_gamma_selected_components"": 7, ""mdl_gamma_signal_basis_components"": [0, 1, 2], ""mdl_gamma_signal_components"": 3, ""mdl_gamma_slopes"": [-0.01865681638507076, 0.01758009788426769, 0.10440997479964106, 0.3729837402138236, 0.04710383820345262, -0.05291529740606588, -0.05902126888118516], ""mdl_gamma_split_warm_start"": true, ""mdl_gamma_tolerance"": 0.0001, ""mdl_gamma_weights"": [0.3038586890117137, 0.1325345023786923, 0.06479322347444494, 0.029791883120322365, 0.20986831664147584, 0.23889092306209436, 0.02026246231125667], ""optimization_background_events"": [{""boundary_gain_nats"": 18.739082273299335, ""component_size"": 5, ""description_gain_nats"": 2.854039208950809, ""graph_code_nats"": 17.1507094376798, ""width"": 64, ""window_count"": 156, ""window_gain_nats"": 1.958813553891221, ""window_pvalue"": 0.01282051282051282}], ""optimization_background_intrinsic_dimension"": 2.0277848383341004, ""optimization_border_fraction"": 0.01755, ""optimization_border_model"": ""strict_local_core_radius"", ""optimization_border_seconds"": 0.001959000001079403, ""optimization_boundary_component_gains_nats"": [[0.0, 0.0, 0.0, 0.0, 0.0, 0.0, 0.0, 0.0, 0.0, 0.0, 0.0, 0.0, 0.0, 0.0, 0.0, 0.0, 0.0, 0.0, 0.0, 0.0, 0.0, 0.0, 0.0, 0.0, 0.0, 0.0, 0.0, 0.0, 0.0, 0.0, 0.0, 0.0, 0.0, 0.0, 0.0], [0.0, 0.0, 0.0, 0.0, 0.0, 0.0, 0.0, 0.0, 0.0, 0.0, 0.0, 0.0, 0.0, 0.0, 0.0, 0.0, 0.0, 0.0, 0.0, 0.0, 0.0, 0.0, 0.0, 0.0, 0.0, 0.0, 0.0, 0.0, 0.0, 0.0, 0.0, 0.0, 0.0, 0.0, 0.0, 0.0, 0.0, 0.0, 0.0, 0.0, 0.0, 0.0, 0.0, 0.0, 0.0, 0.0, 0.0, 0.0, 0.0, 0.0, 0.0, 0.0, 0.0, 0.0, 0.0, 0.0, 0.0, 0.0, 0.0, 0.0, 0.0, 0.0, 0.0, 0.0, 0.0, 0.0, 0.0, 0.0, 0.0, 0.0, 0.0, 0.0, 0.0, 0.0, 0.0, 0.0, 0.0, 0.0, 0.0, 0.0, 0.0, 0.0, 0.0, 0.0, 0.0, 0.0, 0.0, 0.0, 0.0, 0.0, 0.0, 0.0, 0.0, 0.0, 0.0, 0.0, 0.0, 0.0, 0.0, 0.0, 0.0, 0.0, 0.0, 0.0, 0.0, 0.0, 0.0, 0.0, 0.0, 0.0, 0.0, 0.0, 0.0, 0.0, 0.0, 0.0, 0.0, 0.0, 0.0, 0.0, 0.0, 0.0, 0.0, 0.0, 0.0, 0.0, 0.0, 0.0, 0.0, 0.0, 0.0, 0.0, 0.0, 0.0, 0.0, 0.0, 0.0, 0.0, 0.0, 0.0, 0.0, 0.0, 0.0], [0.0, 0.0, 0.0, 0.0, 0.0, 0.0, 0.0, 0.0, 0.0, 0.0, 0.0, 0.0, 0.0, 0.0, 0.0, 0.0, 0.0, 0.0, 0.0, 0.0, 0.0, 0.0, 0.0, 0.0, 0.0, 0.0, 0.0, 0.0, 0.0, 0.0, 0.0, 0.0, 0.0, 0.0, 0.0, 0.0, 0.0, 0.0, 0.0, 0.0, 0.0, 0.0, 0.0, 0.0, 0.0, 0.0, 0.0, 0.0, 0.0, 0.0, 0.0, 0.0, 0.0, 0.0, 0.0, 0.0, 0.0, 0.0, 0.0, 0.0, 0.0, 0.0, 0.0, 0.0, 0.0, 0.0, 0.0, 0.0, 0.0, 0.0, 0.0, 0.0, 0.0, 0.0, 0.0, 0.0, 0.0, 0.0, 0.0, 0.0, 0.0, 0.0, 0.0, 0.0, 0.0, 0.0, 0.0, 0.0, 0.0, 0.0], [18.739082273299335]], ""optimization_candidate_groups"": [0, 1, 2, 3], ""optimization_clusters"": 4, ""optimization_connectivity_rank"": 4, ""optimization_core_fraction"": 0.49575, ""optimization_core_rank"": 4, ""optimization_description_gain_nats"": 393298.27351246326, ""optimization_group_gains_nats"": [245262.78176192637, 83007.26736275657, 20142.363027756273, 2.854039208950809], ""optimization_group_sizes"": [6227, 2533, 1267, 9973], ""optimization_noise_fraction"": 0.4867, ""optimization_objective"": ""gamma_topology_component_and_attachment_description_gain"", ""optimization_objective_trace"": [0.0, -393298.27351246326], ""optimization_ordering_modes"": [""d4"", ""d4"", ""d4"", ""adaptive_d4_rank_windows_with_beta_boundary_code""], ""optimization_seconds"": 0.09872809999978926, ""optimization_selected_component_gains_nats"": [126008.46414404511, 130661.15395465241, 1684.7706448448187, 326.6209197625815, 102.4781369529741, 601.9035120841075, 151.33201180223224, 199.91787790608956, 137.67774380939014, 102.4781369529741, 179.1003186142219, 151.33201180223224, 173.095681078037, 67.75185601376515, 67.75185601376515, 972.5531102952842, 1325.3970123343868, 2027.106642229927, 2687.53007087154, 661.3716839078, 2304.896111670018, 1036.3322744154034, 1357.8738255559376, 2429.402501326122, 5020.3245309324275, 1992.1719559584296, 2738.426740283066, 1378.3426974148208, 5796.616254024866, 783.790375511703, 2061.764974182329, 430.87389888124153, 3239.007238947508, 629.3332666719763, 3630.8545179163066, 831.1658371633642, 1165.4384323246272, 668.789987403895, 964.4218186354886, 344.35563555472095, 4164.727394176947, 1272.1015000946031, 856.2473480034466, 3468.80885839175, 283.5485197440347, 398.3660724970497, 3263.4334456761057, 1614.2561182380944, 284.3048917360172, 1223.414942420492, 1238.7657896372618, 4785.900739208892, 487.4911663522987, 865.6926508731414, 1091.9003907957538, 1113.230484846167, 442.3565750518955, 653.1691768217954, 562.294641499659, 806.7996784529684, 548.3367649459011, 435.81479725868473, 1144.1474957146893, 550.7987241327471, 1356.77027545043, 2020.4472682340054, 701.9765272010317, 1964.2214593509636, 301.4941861182189, 109.23990114019091, 441.63579294193835, 726.0927807838804, 1160.5603771439282, 400.0278534112278, 523.3387036203832, 1147.8117539558684, 101.95192205693442, 1598.6134945776073, 697.8001313681674, 113.55311420809676, 463.88917187712025, 567.97221999489, 858.115975762916, 673.1520862173011, 322.13949575488334, 679.5183157703967, 180.06949711384468, 212.84877033629184, 871.4700684339117, 376.3288216413862, 427.46368144223277, 949.4505133111194, 195.41158349229912, 386.43823061182394, 355.14700146868273, 642.6481700983071, 113.75072914193416, 160.90699038035652, 150.5400609941812, 284.6881148113296, 190.32423092682208, 204.85086126994915, 288.47834276278763, 468.48097686238026, 96.75511721708983, 435.57112129046203, 187.89741535786575, 307.27469908858893, 229.36076088464168, 183.8325672853227, 226.18570628152997, 218.6134936029528, 179.24518990356356, 124.22771703535929, 85.82574348360245, 321.80601294548467, 509.1586689642676, 628.3246626687712, 271.70694525096155, 1487.1843705416006, 284.00075326269274, 880.7630094929251, 796.1235628972678, 315.9529869751666, 240.51208875911928, 316.20924322054384, 203.0525640180387, 980.4459311926677, 952.0451725041456, 723.7931338950914, 401.92847707577124, 927.5119024399463, 1456.9784392947647, 368.08332919562497, 1376.7587424589162, 599.2740356586412, 778.6905236183127, 309.0557557571983, 549.2540097574102, 179.69956070941413, 220.9165364116918, 306.6853661883438, 669.4802690786989, 1319.9305418145625, 72.33952573807164, 203.98588854167886, 395.44659733829275, 138.90086373914608, 386.394887985756, 252.31683336484812, 82.78557189418845, 256.7169292044183, 341.8825921745598, 307.1561633706372, 317.2724020800292, 707.9649464679303, 138.83915694448868, 176.16464123513933, 42.6483509394771, 576.3239300288552, 75.61104393642299, 300.003537204468, 272.5695661010169, 138.80330906200655, 131.5741303334075, 416.19939964209925, 268.07962371131197, 403.5721461183716, 503.50621600992974, 54.30489022271001, 57.51504149428322, 187.93648805472552, 533.6989613935091, 272.95886668497315, 141.19377351840478, 190.60483269956103, 158.6899849983097, 189.05626883916065, 265.2302186014857, 165.99123579631754, 230.18410960119482, 195.10726036111228, 218.6804997802168, 86.70630519136512, 197.13505152310879, 85.90037982336861, 102.17980587281914, 34.751974116992365, 23.311366968161735, 49.919496510691715, 2.854039208950809], ""optimization_selected_groups"": [0, 1, 2, 3], ""optimization_selected_local_components"": [15, 100, 75, 1], ""optimization_solver"": ""exact_stratum_event_sweep"", ""optimization_sparse_memory"": true, ""optimization_threshold_seconds"": 0.0971291999994719, ""optimization_threshold_sizes"": [6227, 2533, 1267, 5], ""optimization_thresholds"": [0.02472572959959507, 0.03210216015577316, 0.049186695367097855, 0.031135819852352142], ""optimization_topology_evidence_ranks"": [5, 8], ""optimization_unified_background_scan"": true, ""stratification"": ""adaptive-semantic-information-criterion-gamma-v2""}","[{""coverage"": 0.9844, ""f1"": 0.9703302119270577, ""fragments"": 1, ""matched_predicted_cluster"": 0, ""overlap"": 4922, ""passes_discovery_thresholds"": true, ""precision"": 0.9566569484936832, ""purity"": 0.9566569484936832, ""recall"": 0.9844, ""target"": ""cluster_0"", ""target_label"": 0, ""target_noise_loss"": 0.0156, ""target_size"": 5000}, {""coverage"": 0.975, ""f1"": 0.9665906612471499, ""fragments"": 1, ""matched_predicted_cluster"": 1, ""overlap"": 4875, ""passes_discovery_thresholds"": true, ""precision"": 0.9583251425201494, ""purity"": 0.9583251425201494, ""recall"": 0.975, ""target"": ""cluster_1"", ""target_label"": 1, ""target_noise_loss"": 0.0194, ""target_size"": 5000}]",,native_target_discovery_v1
synthetic__moons_noise50__quality__n20000__StrataSCAN__229__4fbd0d6187e7,ok,synthetic,moons_noise50__quality__n20000,StrataSCAN,229,0.2.4,20000,2,0.0557502999999997,1.003131100000246,3.929091500000141,242.23828125,55.6953125,241.9296875,,,evaluation_state/synthetic__moons_noise50__quality__n20000__StrataSCAN__229__4fbd0d6187e7.npz,58919de3e67a143f11fd1c9554a420adf833a88582e426045894843f29c9de37,20169,0.7932446223915853,0.793067150257599,1,1,0.9549,known_synthetic_noise,0.97055,0.9705427852653242,2.0,3,2,0.1,0.9,full_partition,target-discovery-v1,1,0.05,0.8652,0.9038102102157448,0.0138,0.9563187346009352,2,pairwise_f1,hungarian,1.5,0,4,0.9357741236131668,0.9700817798547264,0.9700817798547264,0.5,0.9857541034375968,0.9549,0.8494547348222854,0.9145079412650512,0.7930419683936787,0.48435,4,macro,2,1,0.9862,0.971003790675922,0.9562687869679046,0.9862,1,2,1.0,1.0,2,2,0.0,0.8652,1.0,0.9038102102157448,0.9563187346009352,"{""dimension"": 2, ""family"": ""moons"", ""n"": 20000}","{""ambiguous_model_confirmation_tolerance"": 1e-05, ""assignment"": ""maximum_posterior_basis_then_semantic_role"", ""background_model"": ""adaptive_gamma_basis_mixture_with_largest_rate_gap"", ""background_scan"": ""adaptive_dyadic_rank_windows_with_poisson_beta_boundary_code"", ""border_rule"": ""strict_local_core_radius"", ""component_initialization"": ""compiled_split_warm_single_start_with_guarded_confirmation"", ""component_selection"": ""semantic_icl_with_adaptive_bound"", ""connectivity"": ""density_ordered_non_merging_knn_watershed"", ""core_thresholds"": ""observed_d4_event_sweep"", ""duplicate_profile_confirmation_minimum"": 3, ""duplicate_profile_confirmation_tolerance"": 1e-08, ""extraction_objective"": ""gamma_topology_description_length"", ""fit_samples"": ""all_rows"", ""gamma_tolerance"": 0.0001, ""geometry_profile"": ""low_dim"", ""hard_component_bound"": 24, ""initial_component_bound"": 8, ""k"": 32, ""knn_backend"": ""kd_tree"", ""shell_ranks"": [4, 8, 16, 32], ""stratification_model"": ""adaptive_gamma_density_basis_with_semantic_background"", ""version"": ""0.2.3""}","{""algorithm"": ""OptimizationStrataSCAN"", ""algorithm_version"": ""0.2.3"", ""graph_seconds"": 0.17216200000075332, ""mdl_gamma_adaptive_search"": true, ""mdl_gamma_assignment"": ""maximum_posterior_basis_then_semantic_role"", ""mdl_gamma_background_basis_components"": [3, 4, 5, 6], ""mdl_gamma_background_boundary"": ""largest_rate_gap"", ""mdl_gamma_background_components"": 4, ""mdl_gamma_background_distribution"": ""gamma_components"", ""mdl_gamma_background_fraction"": 0.49605, ""mdl_gamma_background_group"": 3, ""mdl_gamma_candidate_components"": [1, 2, 3, 4, 5, 6, 7, 8, 9, 10, 11, 12], ""mdl_gamma_candidate_converged"": [true, true, true, true, true, true, true, true, true, true, true, true], ""mdl_gamma_candidate_entropies"": [-0.0, 31.198226025696297, 305.9563218577372, 334.0279177726005, 746.83092850704, 1612.7059477949015, 1512.4023884982612, 4211.95091660451, 3913.8523573939465, 3667.796372422292, 6749.229219947565, 8456.881725932224], ""mdl_gamma_candidate_iterations"": [2, 3, 16, 4, 35, 30, 5, 17, 7, 6, 8, 7], ""mdl_gamma_candidate_log_likelihoods"": [-773986.479754413, -149455.19579801394, -118358.62764928534, -116918.80778182369, -109816.21675307718, -107888.608495001, -107803.56196262722, -107362.42151812332, -107311.26380597074, -107250.60227203024, -107194.8379549324, -107084.09587360597], ""mdl_gamma_candidate_role_gains_nats"": [[0.0], [0.0, 0.0], [0.0, 0.0, 0.0], [0.0, 0.0, 0.0, 0.0], [0.0, 0.0, 0.0, 0.0, 0.0], [0.0, 0.0, 0.0, 0.0, 0.0, 0.0], [0.0, 0.0, 0.0, 0.0, 0.0, 0.0, 0.0], [0.0, 0.0, 0.0, 0.0, 0.0, 0.0, 0.0, 0.0], [0.0, 0.0, 0.0, 0.0, 0.0, 0.0, 0.0, 0.0, 0.0], [0.0, 0.0, 0.0, 0.0, 0.0, 0.0, 0.0, 0.0, 0.0, 0.0], [0.0, 0.0, 0.0, 0.0, 0.0, 0.0, 0.0, 0.0, 0.0, 0.0, 0.0], [0.0, 0.0, 0.0, 0.0, 0.0, 0.0, 0.0, 0.0, 0.0, 0.0, 0.0, 0.0]], ""mdl_gamma_candidate_role_threshold_sizes"": [[0], [0, 0], [0, 0, 0], [0, 0, 0, 0], [0, 0, 0, 0, 0], [0, 0, 0, 0, 0, 0], [0, 0, 0, 0, 0, 0, 0], [0, 0, 0, 0, 0, 0, 0, 0], [0, 0, 0, 0, 0, 0, 0, 0, 0], [0, 0, 0, 0, 0, 0, 0, 0, 0, 0], [0, 0, 0, 0, 0, 0, 0, 0, 0, 0, 0], [0, 0, 0, 0, 0, 0, 0, 0, 0, 0, 0, 0]], ""mdl_gamma_candidate_scores"": [1547992.766483931, 299022.305485842, 237408.39584270644, 234614.6097622705, 221264.74418890395, 219170.98817398492, 218829.9984533017, 223376.525083164, 222707.7230030953, 222123.99842792863, 228205.04595144108, 231428.57726341515], ""mdl_gamma_candidate_signal_components"": [[], [0], [0, 1], [0, 1], [0, 1], [0, 1, 2], [0, 1, 2], [0, 1, 2, 3], [0, 1, 2, 3], [0, 1, 2, 3], [0, 1, 2, 3, 4], [0, 1, 2, 3, 4, 5]], ""mdl_gamma_criterion"": ""icl"", ""mdl_gamma_entropy_scope"": ""semantic"", ""mdl_gamma_fit_samples"": 20000, ""mdl_gamma_grouping"": ""largest_rate_gap"", ""mdl_gamma_guarded_confirmation"": true, ""mdl_gamma_log_rate_gaps"": [0.6545972323966995, 0.8317010375940082], ""mdl_gamma_mean_background_probability"": 0.49615234744805276, ""mdl_gamma_mean_posterior_entropy"": 0.07562011942491306, ""mdl_gamma_mu"": [3.3345268523781186, 2.6340422665044, 1.6901837368684394, -0.08014399825803231, -0.4389708640693275, -0.4407276911895046, -0.5159318082849733], ""mdl_gamma_n_init"": 1, ""mdl_gamma_ranks"": [4, 8, 16, 32], ""mdl_gamma_rates"": [[27.407678126665235, 27.084764397020876, 26.76565519530155, 26.45030569704979], [14.242436093626184, 14.40129041561084, 14.561916533898277, 14.724334210381638], [6.199848943167136, 6.630601494196148, 7.091281832485607, 7.583969278165287], [1.602702543432581, 2.111944189575035, 2.782991939556611, 3.6672579577945776], [0.6790971108057051, 0.6969781063750747, 0.7153299182643262, 0.7341649433227402], [0.6225599772656659, 0.6123145770146332, 0.6022377841751545, 0.5923268239938247], [0.47303781895842156, 0.42109197420482286, 0.3748504741759366, 0.333686905943208]], ""mdl_gamma_role_evidence_neighbour_ranks"": [], ""mdl_gamma_search_caps"": [8, 12], ""mdl_gamma_search_hard_max"": 24, ""mdl_gamma_search_hit_hard_max"": false, ""mdl_gamma_search_initial_max"": 8, ""mdl_gamma_selected_components"": 7, ""mdl_gamma_signal_basis_components"": [0, 1, 2], ""mdl_gamma_signal_components"": 3, ""mdl_gamma_slopes"": [-0.017098572498934903, 0.016002156151472522, 0.0969066849352064, 0.3980650197521775, 0.03749544412044724, -0.02393980384301534, -0.16782015162993882], ""mdl_gamma_split_warm_start"": true, ""mdl_gamma_tolerance"": 0.0001, ""mdl_gamma_weights"": [0.32063710223129027, 0.12610892730668757, 0.05685433427513628, 0.02700680365403576, 0.20319107749425278, 0.2429891581402044, 0.023212596898394746], ""optimization_background_events"": [{""boundary_gain_nats"": 22.659604854290894, ""component_size"": 5, ""description_gain_nats"": 8.854411763938224, ""graph_code_nats"": 17.145481718927833, ""width"": 16, ""window_count"": 621, ""window_gain_nats"": 4.033435809135108, ""window_pvalue"": 0.001610305958132045}], ""optimization_background_intrinsic_dimension"": 2.0360821325786214, ""optimization_border_fraction"": 0.01715, ""optimization_border_model"": ""strict_local_core_radius"", ""optimization_border_seconds"": 0.002651299999342882, ""optimization_boundary_component_gains_nats"": [[0.0, 0.0, 0.0, 0.0, 0.0, 0.0, 0.0, 0.0, 0.0, 0.0, 0.0, 0.0, 0.0, 0.0, 0.0, 0.0, 0.0, 0.0, 0.0, 0.0, 0.0, 0.0], [0.0, 0.0, 0.0, 0.0, 0.0, 0.0, 0.0, 0.0, 0.0, 0.0, 0.0, 0.0, 0.0, 0.0, 0.0, 0.0, 0.0, 0.0, 0.0, 0.0, 0.0, 0.0, 0.0, 0.0, 0.0, 0.0, 0.0, 0.0, 0.0, 0.0, 0.0, 0.0, 0.0, 0.0, 0.0, 0.0, 0.0, 0.0, 0.0, 0.0, 0.0, 0.0, 0.0, 0.0, 0.0, 0.0, 0.0, 0.0, 0.0, 0.0, 0.0, 0.0, 0.0, 0.0, 0.0, 0.0, 0.0, 0.0, 0.0, 0.0, 0.0, 0.0, 0.0, 0.0, 0.0, 0.0, 0.0, 0.0, 0.0, 0.0, 0.0, 0.0, 0.0, 0.0, 0.0, 0.0, 0.0, 0.0, 0.0, 0.0, 0.0, 0.0, 0.0, 0.0, 0.0, 0.0, 0.0, 0.0, 0.0, 0.0, 0.0, 0.0, 0.0, 0.0, 0.0, 0.0, 0.0, 0.0, 0.0, 0.0, 0.0, 0.0, 0.0, 0.0, 0.0, 0.0, 0.0, 0.0, 0.0, 0.0, 0.0, 0.0, 0.0, 0.0, 0.0, 0.0, 0.0, 0.0, 0.0, 0.0, 0.0, 0.0, 0.0, 0.0, 0.0, 0.0, 0.0, 0.0, 0.0, 0.0, 0.0, 0.0, 0.0], [0.0, 0.0, 0.0, 0.0, 0.0, 0.0, 0.0, 0.0, 0.0, 0.0, 0.0, 0.0, 0.0, 0.0, 0.0, 0.0, 0.0, 0.0, 0.0, 0.0, 0.0, 0.0, 0.0, 0.0, 0.0, 0.0, 0.0, 0.0, 0.0, 0.0, 0.0, 0.0, 0.0, 0.0, 0.0, 0.0, 0.0, 0.0, 0.0, 0.0, 0.0, 0.0, 0.0, 0.0, 0.0, 0.0, 0.0, 0.0, 0.0, 0.0, 0.0, 0.0, 0.0, 0.0, 0.0, 0.0, 0.0, 0.0, 0.0, 0.0, 0.0, 0.0, 0.0, 0.0, 0.0, 0.0, 0.0, 0.0, 0.0, 0.0, 0.0, 0.0, 0.0, 0.0, 0.0, 0.0, 0.0, 0.0, 0.0, 0.0, 0.0, 0.0, 0.0, 0.0, 0.0, 0.0, 0.0, 0.0, 0.0, 0.0, 0.0, 0.0, 0.0, 0.0, 0.0], [22.659604854290894]], ""optimization_candidate_groups"": [0, 1, 2, 3], ""optimization_clusters"": 4, ""optimization_connectivity_rank"": 4, ""optimization_core_fraction"": 0.4985, ""optimization_core_rank"": 4, ""optimization_description_gain_nats"": 398694.3909468697, ""optimization_group_gains_nats"": [256288.0769051785, 75620.34761173386, 15872.378252992516, 8.854411763938224], ""optimization_group_sizes"": [6507, 2455, 1117, 9921], ""optimization_noise_fraction"": 0.48435, ""optimization_objective"": ""gamma_topology_component_and_attachment_description_gain"", ""optimization_objective_trace"": [0.0, -398694.3909468697], ""optimization_ordering_modes"": [""d4"", ""d4"", ""d4"", ""adaptive_d4_rank_windows_with_beta_boundary_code""], ""optimization_seconds"": 0.09231809999982943, ""optimization_selected_component_gains_nats"": [135946.82554380022, 106449.15373994064, 35490.727355093564, 349.63338802673854, 151.33201180223224, 535.5484587172558, 2724.279477069192, 2156.3968344645587, 1294.6117068068384, 3232.4519885464047, 3726.9555059673844, 1042.7042195501688, 2331.266763822976, 129.6547354275789, 1357.7517399114925, 3607.349393767761, 2661.648181293054, 1458.337131999752, 3641.0016657567035, 1485.599090541865, 2144.9644959801044, 766.1785719999043, 979.5453092960205, 251.6784695150673, 2104.559317869743, 959.6141059362791, 1271.6838134437185, 1225.3595662483651, 1934.37233869313, 2457.139781327937, 839.1938934208898, 489.9001471560914, 374.1408177122512, 1465.8232168686134, 1716.3703618182901, 104.82269849283335, 425.80511525270435, 1715.5530545520348, 1893.348324278825, 1778.1462260357207, 624.960141007295, 786.6704597657482, 1601.9337441764094, 203.12297429810147, 811.2517300440376, 766.8118989461083, 2358.000939907692, 2545.7785791206675, 1079.8944923863148, 77.31011108175286, 141.94114892297938, 468.1103366491071, 704.0900052298215, 242.74260137893398, 847.777896426203, 274.5417888137779, 976.0940833055167, 607.6664124257263, 1268.0856782042383, 1494.2455712863905, 859.3572199550389, 742.0343867061642, 334.44680580379963, 390.19575995120516, 2320.6622890313784, 332.80618212255473, 534.3879964572918, 1259.4163981675185, 816.3091003703336, 535.030830463843, 846.9376039767234, 675.9493116732298, 582.3732107155514, 380.01600680790983, 1608.372193839909, 2117.5230867690493, 381.9726552268157, 299.69748712811986, 359.3124790719239, 579.927216361484, 1040.871144254568, 538.5993894423992, 118.02741561604705, 997.5408846450097, 435.1906163963527, 158.92273968086118, 1260.5807843056048, 351.3402829475619, 257.58601845537976, 101.83783627825514, 385.5650729457967, 242.86465170154946, 292.1033888404264, 253.18220955823043, 153.114357537892, 149.3789892757292, 239.27865820609682, 63.784941389193555, 236.23550871451718, 98.85690224293347, 321.17825773889206, 494.3165459727526, 466.2437075300753, 1649.3563774268443, 345.6283876644701, 426.915559407931, 103.79878025780238, 73.25314289575502, 185.14235009672328, 109.16215298810462, 463.8165281829586, 79.73187720596223, 166.084769557412, 315.05363496846536, 671.4631627620131, 124.32872959017013, 80.60932927702919, 112.29261012822167, 1511.4582442833687, 609.6267666739037, 123.94425291867111, 284.1246016079624, 634.365494616227, 315.75406962434624, 71.80047030555235, 182.74066332383674, 164.78595123915133, 414.07465624673364, 72.85942662066475, 831.753881426134, 73.50183361377412, 787.0648694049048, 1077.2149247749314, 543.121617211629, 431.18968266571665, 324.7618635215015, 396.9460018726944, 99.75917303454293, 269.8601196458068, 147.34526668426716, 735.0801162199339, 325.37066857563235, 446.6492873723185, 327.813998591378, 57.9617994832578, 235.4361847634524, 85.56739861653972, 394.8409315053706, 605.3261048601618, 211.42015098962824, 273.93870352241515, 161.2888036623125, 323.3416822888247, 184.84886275041524, 91.70158905944939, 509.1081055097011, 227.66922706394345, 111.89350796042672, 231.61574788874188, 150.40738090056973, 48.778752647326975, 66.58854881707697, 68.33021874368563, 414.7474952514781, 77.45415673339053, 85.67081420522351, 45.03163371512997, 171.2322751875736, 48.02981627959562, 56.399061180748454, 180.5627666328028, 44.58958536069519, 8.854411763938224], ""optimization_selected_groups"": [0, 1, 2, 3], ""optimization_selected_local_components"": [6, 94, 72, 1], ""optimization_solver"": ""exact_stratum_event_sweep"", ""optimization_sparse_memory"": true, ""optimization_threshold_seconds"": 0.09001940000052855, ""optimization_threshold_sizes"": [6507, 2455, 1117, 5], ""optimization_thresholds"": [0.025382714346051216, 0.035467516630887985, 0.05047435685992241, 0.024491440504789352], ""optimization_topology_evidence_ranks"": [5, 8], ""optimization_unified_background_scan"": true, ""stratification"": ""adaptive-semantic-information-criterion-gamma-v2""}","[{""coverage"": 0.7418, ""f1"": 0.8357368183866607, ""fragments"": 2, ""matched_predicted_cluster"": 1, ""overlap"": 3709, ""passes_discovery_thresholds"": true, ""precision"": 0.9569143446852425, ""purity"": 0.9569143446852425, ""recall"": 0.7418, ""target"": ""cluster_0"", ""target_label"": 0, ""target_noise_loss"": 0.0162, ""target_size"": 5000}, {""coverage"": 0.9886, ""f1"": 0.9718836020448289, ""fragments"": 1, ""matched_predicted_cluster"": 0, ""overlap"": 4943, ""passes_discovery_thresholds"": true, ""precision"": 0.955723124516628, ""purity"": 0.955723124516628, ""recall"": 0.9886, ""target"": ""cluster_1"", ""target_label"": 1, ""target_noise_loss"": 0.0114, ""target_size"": 5000}]",,native_target_discovery_v1
synthetic__moons_noise50__quality__n20000__StrataSCAN__233__c6603a2c5af5,ok,synthetic,moons_noise50__quality__n20000,StrataSCAN,233,0.2.4,20000,2,0.056143300000258,1.064375800000562,4.008840300000884,241.2109375,55.60546875,241.2109375,,,evaluation_state/synthetic__moons_noise50__quality__n20000__StrataSCAN__233__c6603a2c5af5.npz,470045c06f22ede17a1290f6049a4cdd23b780e5c0b9b85abca741554e1a0cfd,19149,0.9514851164636912,0.977339642959524,2,2,0.9544,known_synthetic_noise,0.9715,0.9714916638774344,2.0,2,2,0.1,0.9,full_partition,target-discovery-v1,0,0.05,0.9886,0.9725059487526176,0.0114,0.95693810272849,2,pairwise_f1,hungarian,1.0,0,4,0.97175447981898,0.9710041713297386,0.9710041713297386,0.5,0.9881963139366328,0.9544,0.9455025608225596,0.9156812111920564,0.9773317063412682,0.4829,4,macro,2,2,0.9886,0.9719791564251302,0.9559079481725004,0.9886,2,2,1.0,1.0,2,2,0.0,0.9886,1.0,0.9725059487526176,0.95693810272849,"{""dimension"": 2, ""family"": ""moons"", ""n"": 20000}","{""ambiguous_model_confirmation_tolerance"": 1e-05, ""assignment"": ""maximum_posterior_basis_then_semantic_role"", ""background_model"": ""adaptive_gamma_basis_mixture_with_largest_rate_gap"", ""background_scan"": ""adaptive_dyadic_rank_windows_with_poisson_beta_boundary_code"", ""border_rule"": ""strict_local_core_radius"", ""component_initialization"": ""compiled_split_warm_single_start_with_guarded_confirmation"", ""component_selection"": ""semantic_icl_with_adaptive_bound"", ""connectivity"": ""density_ordered_non_merging_knn_watershed"", ""core_thresholds"": ""observed_d4_event_sweep"", ""duplicate_profile_confirmation_minimum"": 3, ""duplicate_profile_confirmation_tolerance"": 1e-08, ""extraction_objective"": ""gamma_topology_description_length"", ""fit_samples"": ""all_rows"", ""gamma_tolerance"": 0.0001, ""geometry_profile"": ""low_dim"", ""hard_component_bound"": 24, ""initial_component_bound"": 8, ""k"": 32, ""knn_backend"": ""kd_tree"", ""shell_ranks"": [4, 8, 16, 32], ""stratification_model"": ""adaptive_gamma_density_basis_with_semantic_background"", ""version"": ""0.2.3""}","{""algorithm"": ""OptimizationStrataSCAN"", ""algorithm_version"": ""0.2.3"", ""graph_seconds"": 0.17447200000060548, ""mdl_gamma_adaptive_search"": true, ""mdl_gamma_assignment"": ""maximum_posterior_basis_then_semantic_role"", ""mdl_gamma_background_basis_components"": [3, 4, 5, 6], ""mdl_gamma_background_boundary"": ""largest_rate_gap"", ""mdl_gamma_background_components"": 4, ""mdl_gamma_background_distribution"": ""gamma_components"", ""mdl_gamma_background_fraction"": 0.49555, ""mdl_gamma_background_group"": 3, ""mdl_gamma_candidate_components"": [1, 2, 3, 4, 5, 6, 7, 8, 9, 10, 11, 12], ""mdl_gamma_candidate_converged"": [true, true, true, true, true, true, true, true, true, true, true, true], ""mdl_gamma_candidate_entropies"": [-0.0, 36.66621554790814, 252.55651440021165, 271.30677184677995, 766.578227576623, 1733.0977284450016, 1627.0473341644201, 3558.141535893402, 3285.1124050605613, 6441.965550174852, 6373.45032415193, 8563.61801852419], ""mdl_gamma_candidate_iterations"": [2, 3, 15, 4, 43, 29, 5, 30, 6, 7, 4, 5], ""mdl_gamma_candidate_log_likelihoods"": [-773830.507652716, -148537.13217876837, -117875.91404011857, -116304.25661428034, -109713.46455515879, -107611.01098683219, -107450.5142252559, -106796.56627346159, -106750.61123961558, -106687.33575719103, -106640.34085758051, -106613.55435652095], ""mdl_gamma_candidate_role_gains_nats"": [[0.0], [0.0, 0.0], [0.0, 0.0, 0.0], [0.0, 0.0, 0.0, 0.0], [0.0, 0.0, 0.0, 0.0, 0.0], [0.0, 0.0, 0.0, 0.0, 0.0, 0.0], [0.0, 0.0, 0.0, 0.0, 0.0, 0.0, 0.0], [0.0, 0.0, 0.0, 0.0, 0.0, 0.0, 0.0, 0.0], [0.0, 0.0, 0.0, 0.0, 0.0, 0.0, 0.0, 0.0, 0.0], [0.0, 0.0, 0.0, 0.0, 0.0, 0.0, 0.0, 0.0, 0.0, 0.0], [0.0, 0.0, 0.0, 0.0, 0.0, 0.0, 0.0, 0.0, 0.0, 0.0, 0.0], [0.0, 0.0, 0.0, 0.0, 0.0, 0.0, 0.0, 0.0, 0.0, 0.0, 0.0, 0.0]], ""mdl_gamma_candidate_role_threshold_sizes"": [[0], [0, 0], [0, 0, 0], [0, 0, 0, 0], [0, 0, 0, 0, 0], [0, 0, 0, 0, 0, 0], [0, 0, 0, 0, 0, 0, 0], [0, 0, 0, 0, 0, 0, 0, 0], [0, 0, 0, 0, 0, 0, 0, 0, 0], [0, 0, 0, 0, 0, 0, 0, 0, 0, 0], [0, 0, 0, 0, 0, 0, 0, 0, 0, 0, 0], [0, 0, 0, 0, 0, 0, 0, 0, 0, 0, 0, 0]], ""mdl_gamma_candidate_scores"": [1547680.822280537, 297197.11422639526, 236336.16900945787, 233260.06513533214, 221098.73439120632, 218856.5767189475, 218353.19286989138, 220937.1958324183, 220328.9379657182, 226545.80375375532, 226344.49396514602, 230700.96681442903], ""mdl_gamma_candidate_signal_components"": [[], [0], [0, 1], [0, 1], [0, 1], [0, 1, 2], [0, 1, 2], [0, 1, 2, 3], [0, 1, 2, 3], [0, 1, 2, 3, 4], [0, 1, 2, 3, 4], [0, 1, 2, 3, 4, 5]], ""mdl_gamma_criterion"": ""icl"", ""mdl_gamma_entropy_scope"": ""semantic"", ""mdl_gamma_fit_samples"": 20000, ""mdl_gamma_grouping"": ""largest_rate_gap"", ""mdl_gamma_guarded_confirmation"": true, ""mdl_gamma_log_rate_gaps"": [0.6101758976852909, 0.9594163188204632], ""mdl_gamma_mean_background_probability"": 0.49577923750226927, ""mdl_gamma_mean_posterior_entropy"": 0.081352366708221, ""mdl_gamma_mu"": [3.3428448467065675, 2.700896398997939, 1.5568751181680849, -0.15095448147559054, -0.4326792552926708, -0.38830242636848133, -0.6571959627112722], ""mdl_gamma_n_init"": 1, ""mdl_gamma_ranks"": [4, 8, 16, 32], ""mdl_gamma_rates"": [[27.666675416232437, 27.355579992264754, 27.04798265259371, 26.743844063327497], [15.030068145086753, 15.099036095372321, 15.168320516489597, 15.237922860617273], [5.758266179387579, 6.344048118734066, 6.9894209956604865, 7.700446929196353], [1.5030649444018227, 1.9872200857434505, 2.6273273712426413, 3.4736208461270173], [0.6866844421637222, 0.706465435453622, 0.7268162504425573, 0.7477533017141609], [0.6391301481317352, 0.6204442391341375, 0.602304640142549, 0.5846953789812138], [0.43390032705176373, 0.3970025134177987, 0.3632423988499244, 0.3323531611584304]], ""mdl_gamma_role_evidence_neighbour_ranks"": [], ""mdl_gamma_search_caps"": [8, 12], ""mdl_gamma_search_hard_max"": 24, ""mdl_gamma_search_hit_hard_max"": false, ""mdl_gamma_search_initial_max"": 8, ""mdl_gamma_selected_components"": 7, ""mdl_gamma_signal_basis_components"": [0, 1, 2], ""mdl_gamma_signal_components"": 3, ""mdl_gamma_slopes"": [-0.01631414796385246, 0.006604902213680721, 0.1397692338209023, 0.40284431418299443, 0.040971699323158854, -0.04280818413594678, -0.12821553250356513], ""mdl_gamma_split_warm_start"": true, ""mdl_gamma_tolerance"": 0.0001, ""mdl_gamma_weights"": [0.3165369705262987, 0.1302023392766613, 0.05732931519828787, 0.026813264165423702, 0.2045104688066905, 0.24523230161922616, 0.019375340407410492], ""optimization_background_events"": [{""boundary_gain_nats"": 20.987238071687035, ""component_size"": 5, ""description_gain_nats"": 6.488294668123267, ""graph_code_nats"": 17.144473247684644, ""width"": 32, ""window_count"": 310, ""window_gain_nats"": 3.3386770246808215, ""window_pvalue"": 0.0032258064516129032}, {""boundary_gain_nats"": 16.639299063788883, ""component_size"": 3, ""description_gain_nats"": 4.3530264348180605, ""graph_code_nats"": 14.371379908186336, ""width"": 8, ""window_count"": 1239, ""window_gain_nats"": 2.778254459775458, ""window_pvalue"": 0.005649717514124294}], ""optimization_background_intrinsic_dimension"": 2.036252813773672, ""optimization_border_fraction"": 0.01885, ""optimization_border_model"": ""strict_local_core_radius"", ""optimization_border_seconds"": 0.002230599999165861, ""optimization_boundary_component_gains_nats"": [[0.0, 0.0, 0.0, 0.0, 0.0, 0.0, 0.0, 0.0, 0.0, 0.0, 0.0, 0.0, 0.0, 0.0, 0.0, 0.0, 0.0, 0.0, 0.0, 0.0, 0.0, 0.0, 0.0, 0.0, 0.0, 0.0, 0.0, 0.0, 0.0, 0.0, 0.0, 0.0, 0.0, 0.0, 0.0, 0.0], [0.0, 0.0, 0.0, 0.0, 0.0, 0.0, 0.0, 0.0, 0.0, 0.0, 0.0, 0.0, 0.0, 0.0, 0.0, 0.0, 0.0, 0.0, 0.0, 0.0, 0.0, 0.0, 0.0, 0.0, 0.0, 0.0, 0.0, 0.0, 0.0, 0.0, 0.0, 0.0, 0.0, 0.0, 0.0, 0.0, 0.0, 0.0, 0.0, 0.0, 0.0, 0.0, 0.0, 0.0, 0.0, 0.0, 0.0, 0.0, 0.0, 0.0, 0.0, 0.0, 0.0, 0.0, 0.0, 0.0, 0.0, 0.0, 0.0, 0.0, 0.0, 0.0, 0.0, 0.0, 0.0, 0.0, 0.0, 0.0, 0.0, 0.0, 0.0, 0.0, 0.0, 0.0, 0.0, 0.0, 0.0, 0.0, 0.0, 0.0, 0.0, 0.0, 0.0, 0.0, 0.0, 0.0, 0.0, 0.0, 0.0, 0.0, 0.0, 0.0, 0.0, 0.0, 0.0, 0.0, 0.0, 0.0, 0.0, 0.0, 0.0, 0.0, 0.0, 0.0, 0.0, 0.0, 0.0, 0.0, 0.0, 0.0, 0.0, 0.0, 0.0, 0.0, 0.0, 0.0, 0.0, 0.0, 0.0, 0.0, 0.0, 0.0, 0.0, 0.0, 0.0, 0.0, 0.0, 0.0, 0.0, 0.0, 0.0, 0.0, 0.0, 0.0, 0.0, 0.0], [0.0, 0.0, 0.0, 0.0, 0.0, 0.0, 0.0, 0.0, 0.0, 0.0, 0.0, 0.0, 0.0, 0.0, 0.0, 0.0, 0.0, 0.0, 0.0, 0.0, 0.0, 0.0, 0.0, 0.0, 0.0, 0.0, 0.0, 0.0, 0.0, 0.0, 0.0, 0.0, 0.0, 0.0, 0.0, 0.0, 0.0, 0.0, 0.0, 0.0, 0.0, 0.0, 0.0, 0.0, 0.0, 0.0, 0.0, 0.0, 0.0, 0.0, 0.0, 0.0, 0.0, 0.0, 0.0, 0.0, 0.0, 0.0, 0.0, 0.0, 0.0, 0.0, 0.0, 0.0, 0.0, 0.0, 0.0, 0.0, 0.0, 0.0, 0.0, 0.0, 0.0, 0.0, 0.0, 0.0, 0.0, 0.0, 0.0, 0.0, 0.0], [20.987238071687035, 16.639299063788883]], ""optimization_candidate_groups"": [0, 1, 2, 3], ""optimization_clusters"": 4, ""optimization_connectivity_rank"": 4, ""optimization_core_fraction"": 0.49825, ""optimization_core_rank"": 4, ""optimization_description_gain_nats"": 399322.03300545615, ""optimization_group_gains_nats"": [253365.27446884595, 84276.78676992407, 16892.126213221338, 10.841321102941327], ""optimization_group_sizes"": [6435, 2526, 1128, 9911], ""optimization_noise_fraction"": 0.4829, ""optimization_objective"": ""gamma_topology_component_and_attachment_description_gain"", ""optimization_objective_trace"": [0.0, -399322.03300545615], ""optimization_ordering_modes"": [""d4"", ""d4"", ""d4"", ""adaptive_d4_rank_windows_with_beta_boundary_code""], ""optimization_seconds"": 0.09846379999908095, ""optimization_selected_component_gains_nats"": [129815.360194037, 134890.79213713724, 468.87564830412765, 2508.743497412272, 144.21373551193713, 185.67135162532762, 137.67774380939014, 521.1844136678083, 263.3049688161702, 137.67774380939014, 173.095681078037, 3044.5433824260713, 4559.248561973376, 4324.356102649744, 2429.058459816178, 2877.303052180298, 2069.8656318154312, 4348.635268706457, 840.4883217224807, 2303.7773954305203, 1803.28488812243, 3378.819123459343, 4706.252724997892, 556.726566434999, 234.42980254534498, 2480.2439828065476, 929.3315556932756, 3342.7915322744007, 1480.4714326097899, 2958.7767466173195, 610.7831476959683, 3626.040166261835, 2222.5737664631943, 663.5031708662111, 1102.5218532679141, 1138.6505852919877, 377.29728003424674, 2108.888021087939, 298.50787322117566, 2753.736290059897, 312.9831785639636, 1252.6768922789581, 951.8555934757084, 1592.341213173081, 904.397596237793, 1885.2908321986572, 1949.668311229667, 972.3932018003094, 1258.8248936722753, 528.8649548996412, 1232.8821768443881, 1001.1219302959126, 3245.811299749022, 389.378676066801, 821.9190126310465, 1820.8919207332076, 498.6433661835434, 227.7972026326544, 115.29639878473594, 836.4166556299505, 290.19155527325006, 376.1118521296987, 1532.4795922230862, 461.5288712675841, 1206.8521268886839, 796.0658065353114, 430.9212461253513, 434.00139535219967, 1381.0457875498, 252.3942674282944, 275.993483808166, 438.19103311609774, 516.9962730014485, 595.7346869395175, 173.02104263572065, 2499.683034314443, 408.28721836032463, 1012.0430340096517, 436.16795673574467, 134.10608403473427, 622.8746574403871, 764.9439477593265, 1352.626372685399, 615.1455049711238, 384.7927528257334, 138.78988592841606, 284.34213571172194, 541.0220016894407, 204.7805162723632, 117.61760645863657, 102.4781369529741, 176.95732337882035, 141.58678438015056, 694.9787406260951, 101.46289772476615, 66.59654148795588, 66.55333609109962, 118.31360355300987, 108.43130122426729, 158.81603289787273, 318.9556005237887, 334.852153849552, 1586.690269218666, 524.3230673350819, 272.9405150273402, 482.0473092599393, 297.5734463730606, 321.2442026261478, 208.0456769485061, 145.27350186201193, 354.3355536259864, 209.09188800013422, 398.4593683010364, 1145.0081537174617, 682.170496023091, 591.9002663777715, 1019.8280298715396, 466.3228548995522, 620.5265424332174, 87.721845876559, 438.39627278100613, 971.3367447247874, 1007.7478352082072, 701.7535610652022, 47.1458112011669, 354.5261285211674, 140.20087653408044, 339.91537379967394, 294.99400002573356, 562.9694840279404, 341.70205448156315, 795.7836021287093, 361.63165099769185, 339.64478224312893, 464.31078090242727, 124.17165100377625, 492.55212733350334, 87.22669919653998, 478.2224779686524, 156.63428447386397, 232.98499237188923, 165.22813388770442, 23.782845870943632, 412.52061000917905, 292.8729723782532, 85.99137610458132, 194.32390943792578, 11.678755564487748, 65.98938394376475, 466.2812081123777, 377.78847178641206, 223.62625838280158, 46.19028393818888, 191.62451041234695, 311.6248159409563, 260.31021540120673, 312.967662212319, 382.7109011537568, 86.892469370833, 116.41561067359763, 255.09183624016785, 253.55829469936432, 65.4027298015562, 132.27095733258903, 54.46592391090197, 49.81418380236041, 87.74673197524231, 58.810094473644874, 147.22040439032995, 50.21766463306734, 6.488294668123267, 4.3530264348180605], ""optimization_selected_groups"": [0, 1, 2, 3], ""optimization_selected_local_components"": [11, 89, 70, 2], ""optimization_solver"": ""exact_stratum_event_sweep"", ""optimization_sparse_memory"": true, ""optimization_threshold_seconds"": 0.09655380000003788, ""optimization_threshold_sizes"": [6435, 2526, 1128, 8], ""optimization_thresholds"": [0.025700528174638748, 0.032694485038518906, 0.05820850282907486, 0.02823561802506447], ""optimization_topology_evidence_ranks"": [5, 8], ""optimization_unified_background_scan"": true, ""stratification"": ""adaptive-semantic-information-criterion-gamma-v2""}","[{""coverage"": 0.9906, ""f1"": 0.9721295387634937, ""fragments"": 1, ""matched_predicted_cluster"": 1, ""overlap"": 4953, ""passes_discovery_thresholds"": true, ""precision"": 0.954335260115607, ""purity"": 0.954335260115607, ""recall"": 0.9906, ""target"": ""cluster_0"", ""target_label"": 0, ""target_noise_loss"": 0.0094, ""target_size"": 5000}, {""coverage"": 0.9866, ""f1"": 0.9728823587417414, ""fragments"": 1, ""matched_predicted_cluster"": 0, ""overlap"": 4933, ""passes_discovery_thresholds"": true, ""precision"": 0.9595409453413732, ""purity"": 0.9595409453413732, ""recall"": 0.9866, ""target"": ""cluster_1"", ""target_label"": 1, ""target_noise_loss"": 0.0134, ""target_size"": 5000}]",,native_target_discovery_v1
synthetic__moons_noise50__quality__n20000__VDBSCAN-2007__211__636114221163,ok,synthetic,moons_noise50__quality__n20000,VDBSCAN-2007,211,0.2.4,20000,2,0.0571687999999994,0.2780050999990635,3.130230999999185,191.99609375,6.1015625,192.796875,,,evaluation_state/synthetic__moons_noise50__quality__n20000__VDBSCAN-2007__211__636114221163.npz,7e23f31729d3e284c693926908210a619dcc57905fe69c63febe638d983afca2,23922,0.5271123809677266,0.6786565532585456,36,33,0.0016,known_synthetic_noise,0.50065,0.3350414806244574,104.5,176,2,0.1,0.9,full_partition,target-discovery-v1,0,0.05,0.8236,0.8923372885075611,0.0003,0.9736594490097344,2,pairwise_f1,hungarian,1.0,0,209,0.0063650806079591,0.0031939315300928,0.0031939315300928,0.5,0.8421052631578947,0.0016,0.3750621828695714,0.2589224334669327,0.6801385877175435,0.00095,209,macro,2,0,0.9997,0.6668890297188219,0.5003253090435914,0.9997,36,2,1.0,1.0,2,207,0.0,0.8236,1.0,0.8923372885075611,0.9736594490097344,"{""dimension"": 2, ""family"": ""moons"", ""n"": 20000}","{""eps_values"": [0.019969670102000237, 0.03605963662266731, 0.12726303935050964], ""geometry_profile"": ""low_dim"", ""knee_prominence"": 0.03, ""knn_backend"": ""kd_tree"", ""max_eps_values"": 3, ""min_samples"": 5}",{},"[{""coverage"": 0.816, ""f1"": 0.8886952733609236, ""fragments"": 1, ""matched_predicted_cluster"": 0, ""overlap"": 4080, ""passes_discovery_thresholds"": true, ""precision"": 0.975609756097561, ""purity"": 0.975609756097561, ""recall"": 0.816, ""target"": ""cluster_0"", ""target_label"": 0, ""target_noise_loss"": 0.0004, ""target_size"": 5000}, {""coverage"": 0.8312, ""f1"": 0.8959793036541985, ""fragments"": 1, ""matched_predicted_cluster"": 1, ""overlap"": 4156, ""passes_discovery_thresholds"": true, ""precision"": 0.9717091419219078, ""purity"": 0.9717091419219078, ""recall"": 0.8312, ""target"": ""cluster_1"", ""target_label"": 1, ""target_noise_loss"": 0.0002, ""target_size"": 5000}]",,native_target_discovery_v1
synthetic__moons_noise50__quality__n20000__VDBSCAN-2007__223__7fc047421536,ok,synthetic,moons_noise50__quality__n20000,VDBSCAN-2007,223,0.2.4,20000,2,0.0557117000007565,0.2770454999990761,3.0786251999998058,192.2421875,6.29296875,192.0,,,evaluation_state/synthetic__moons_noise50__quality__n20000__VDBSCAN-2007__223__7fc047421536.npz,07bde8c4826e0f9ba8749cf960ffbda8919186b5a95402071f6de2d030a64bf0,24605,0.5199477585542257,0.6661310087131342,58,52,0.0023,known_synthetic_noise,0.50085,0.3357490231050916,110.5,169,2,0.1,0.9,full_partition,target-discovery-v1,0,0.05,0.8159,0.8859305654038128,0.0006,0.969114910004526,2,pairwise_f1,hungarian,1.0,0,221,0.0091261486452685,0.004586698574135,0.004586698574135,0.5,0.7931034482758621,0.0023,0.3788791977390328,0.2645729545910159,0.6670884576915384,0.00145,221,macro,2,0,0.9994,0.6669113476360482,0.50042561714486,0.9994,58,2,1.0,1.0,2,219,0.0,0.8159,1.0,0.885930565403813,0.969114910004526,"{""dimension"": 2, ""family"": ""moons"", ""n"": 20000}","{""eps_values"": [0.019815530627965927, 0.03956206887960434, 0.1276894509792328], ""geometry_profile"": ""low_dim"", ""knee_prominence"": 0.03, ""knn_backend"": ""kd_tree"", ""max_eps_values"": 3, ""min_samples"": 5}",{},"[{""coverage"": 0.8188, ""f1"": 0.8880694143167027, ""fragments"": 1, ""matched_predicted_cluster"": 0, ""overlap"": 4094, ""passes_discovery_thresholds"": true, ""precision"": 0.9701421800947867, ""purity"": 0.9701421800947867, ""recall"": 0.8188, ""target"": ""cluster_0"", ""target_label"": 0, ""target_noise_loss"": 0.0006, ""target_size"": 5000}, {""coverage"": 0.813, ""f1"": 0.8837917164909229, ""fragments"": 1, ""matched_predicted_cluster"": 1, ""overlap"": 4065, ""passes_discovery_thresholds"": true, ""precision"": 0.9680876399142653, ""purity"": 0.9680876399142653, ""recall"": 0.813, ""target"": ""cluster_1"", ""target_label"": 1, ""target_noise_loss"": 0.0006, ""target_size"": 5000}]",,native_target_discovery_v1
synthetic__moons_noise50__quality__n20000__VDBSCAN-2007__227__f0a6f3cc7f08,ok,synthetic,moons_noise50__quality__n20000,VDBSCAN-2007,227,0.2.4,20000,2,0.0555550999997649,0.274054999999862,3.0559775000001537,192.03125,6.09375,192.29296875,,,evaluation_state/synthetic__moons_noise50__quality__n20000__VDBSCAN-2007__227__f0a6f3cc7f08.npz,a0c897b6812256db5802830b3a14ac8d1e8f276cec55259759b231adffc31967,23673,0.5484223425298054,0.6998294665940343,57,48,0.0031,known_synthetic_noise,0.5014000000000001,0.3367009219976913,100.5,153,2,0.1,0.9,full_partition,target-discovery-v1,0,0.05,0.8363,0.8988266181762545,0.0003,0.9715500378566858,2,pairwise_f1,hungarian,1.0,0,201,0.0122736078341357,0.0061789914291409,0.0061789914291409,0.5,0.9117647058823528,0.0031,0.392750506040675,0.2728325395045064,0.7007515103020604,0.0017,201,macro,2,1,0.9997,0.6672228525662417,0.5007011920264449,0.9997,57,2,1.0,1.0,2,199,0.0,0.8363,1.0,0.8988266181762545,0.9715500378566858,"{""dimension"": 2, ""family"": ""moons"", ""n"": 20000}","{""eps_values"": [0.019946148619055748, 0.03930588439106941, 0.12792399525642395], ""geometry_profile"": ""low_dim"", ""knee_prominence"": 0.03, ""knn_backend"": ""kd_tree"", ""max_eps_values"": 3, ""min_samples"": 5}",{},"[{""coverage"": 0.826, ""f1"": 0.8932626797880393, ""fragments"": 1, ""matched_predicted_cluster"": 1, ""overlap"": 4130, ""passes_discovery_thresholds"": true, ""precision"": 0.972451141982576, ""purity"": 0.972451141982576, ""recall"": 0.826, ""target"": ""cluster_0"", ""target_label"": 0, ""target_noise_loss"": 0.0004, ""target_size"": 5000}, {""coverage"": 0.8466, ""f1"": 0.9043905565644696, ""fragments"": 1, ""matched_predicted_cluster"": 2, ""overlap"": 4233, ""passes_discovery_thresholds"": true, ""precision"": 0.9706489337307956, ""purity"": 0.9706489337307956, ""recall"": 0.8466, ""target"": ""cluster_1"", ""target_label"": 1, ""target_noise_loss"": 0.0002, ""target_size"": 5000}]",,native_target_discovery_v1
synthetic__moons_noise50__quality__n20000__VDBSCAN-2007__229__b5d27d51f95e,ok,synthetic,moons_noise50__quality__n20000,VDBSCAN-2007,229,0.2.4,20000,2,0.0569758000001456,0.2700874000001931,3.078339000001506,192.41796875,6.05078125,192.41796875,,,evaluation_state/synthetic__moons_noise50__quality__n20000__VDBSCAN-2007__229__b5d27d51f95e.npz,b32b53c9ba5010c5a2799cd2642b3f6aacfdc0615f519500eb1ae461caacfbd4,23869,0.5257651348356834,0.6760241949713576,28,26,0.0018,known_synthetic_noise,0.5007,0.3352405746785986,100.0,174,2,0.1,0.9,full_partition,target-discovery-v1,0,0.05,0.8220000000000001,0.8902772517795585,0.0003999999999999,0.9709340318501573,2,pairwise_f1,hungarian,1.0,0,200,0.0071553244144627,0.0035920973857513,0.0035920973857513,0.5,0.8181818181818182,0.0018,0.3738853100159933,0.2581956344449567,0.6774141628325665,0.0011,200,macro,2,0,0.9996,0.6668890519714458,0.5003503854239664,0.9996,28,2,1.0,1.0,2,198,0.0,0.822,1.0,0.8902772517795585,0.970934031850157,"{""dimension"": 2, ""family"": ""moons"", ""n"": 20000}","{""eps_values"": [0.01952611468732357, 0.03739763796329498, 0.12511606514453888], ""geometry_profile"": ""low_dim"", ""knee_prominence"": 0.03, ""knn_backend"": ""kd_tree"", ""max_eps_values"": 3, ""min_samples"": 5}",{},"[{""coverage"": 0.8272, ""f1"": 0.8941736028537455, ""fragments"": 1, ""matched_predicted_cluster"": 1, ""overlap"": 4136, ""passes_discovery_thresholds"": true, ""precision"": 0.9729475417548812, ""purity"": 0.9729475417548812, ""recall"": 0.8272, ""target"": ""cluster_0"", ""target_label"": 0, ""target_noise_loss"": 0.0002, ""target_size"": 5000}, {""coverage"": 0.8168, ""f1"": 0.8863809007053716, ""fragments"": 1, ""matched_predicted_cluster"": 0, ""overlap"": 4084, ""passes_discovery_thresholds"": true, ""precision"": 0.968920521945433, ""purity"": 0.968920521945433, ""recall"": 0.8168, ""target"": ""cluster_1"", ""target_label"": 1, ""target_noise_loss"": 0.0006, ""target_size"": 5000}]",,native_target_discovery_v1
synthetic__moons_noise50__quality__n20000__VDBSCAN-2007__233__9d087d79ab77,ok,synthetic,moons_noise50__quality__n20000,VDBSCAN-2007,233,0.2.4,20000,2,0.0579844000003504,0.2712532999994437,3.101993600001151,192.140625,6.36328125,191.7890625,,,evaluation_state/synthetic__moons_noise50__quality__n20000__VDBSCAN-2007__233__9d087d79ab77.npz,dceb51c8efa157b403d272d6134c93d1bae8aaf5f2f66f7fc34f3fdc4ece3401,24002,0.5487612074756125,0.6971599471022596,56,51,0.0028,known_synthetic_noise,0.50085,0.336189209202032,95.5,140,2,0.1,0.9,full_partition,target-discovery-v1,0,0.05,0.8347,0.8975157180801787,0.0011,0.9705898579002664,2,pairwise_f1,hungarian,1.0,0,191,0.0110875781110605,0.005578244845104,0.005578244845104,0.5,0.717948717948718,0.0028,0.3924686322004597,0.272997183757051,0.6978818963792759,0.00195,191,macro,2,1,0.9989,0.66680017355896,0.50042583036922,0.9989,56,2,1.0,1.0,2,189,0.0,0.8347,1.0,0.8975157180801787,0.9705898579002664,"{""dimension"": 2, ""family"": ""moons"", ""n"": 20000}","{""eps_values"": [0.01967502199113369, 0.0392264649271965, 0.1268197000026703], ""geometry_profile"": ""low_dim"", ""knee_prominence"": 0.03, ""knn_backend"": ""kd_tree"", ""max_eps_values"": 3, ""min_samples"": 5}",{},"[{""coverage"": 0.8406, ""f1"": 0.9004820567755758, ""fragments"": 1, ""matched_predicted_cluster"": 0, ""overlap"": 4203, ""passes_discovery_thresholds"": true, ""precision"": 0.9695501730103806, ""purity"": 0.9695501730103806, ""recall"": 0.8406, ""target"": ""cluster_0"", ""target_label"": 0, ""target_noise_loss"": 0.0008, ""target_size"": 5000}, {""coverage"": 0.8288, ""f1"": 0.8945493793847815, ""fragments"": 1, ""matched_predicted_cluster"": 1, ""overlap"": 4144, ""passes_discovery_thresholds"": true, ""precision"": 0.9716295427901525, ""purity"": 0.9716295427901525, ""recall"": 0.8288, ""target"": ""cluster_1"", ""target_label"": 1, ""target_noise_loss"": 0.0014, ""target_size"": 5000}]",,native_target_discovery_v1
synthetic__moons_noise50__quality__n20000__kNN+Leiden__211__a616e081fae5,ok,synthetic,moons_noise50__quality__n20000,kNN+Leiden,211,0.2.4,20000,2,0.0567601000002468,1.1887855000004492,4.711979300000166,287.52734375,71.7265625,292.08984375,,,evaluation_state/synthetic__moons_noise50__quality__n20000__kNN+Leiden__211__a616e081fae5.npz,5ebee7b0757b4146ffa19763bf2360dee404150277114de321b90fece76f323f,29750,0.4174694822117006,0.148408607309422,11,11,0.0,known_synthetic_noise,0.5,0.3333333333333333,12.5,14,1,0.1,0.9,full_partition,target-discovery-v1,12,0.05,0.1866,0.308626028583683,0.0,0.9148711948407025,2,pairwise_f1,hungarian,7.0,0,25,0.0,0.0,0.0,0.5,0.0,0.0,0.2228866025020841,0.4470276150069098,0.1484522104420884,0.0,25,macro,0,0,1.0,0.6666666666666666,0.5,1.0,11,2,0.5,0.0,2,23,0.0,0.1866,0.5,0.308626028583683,0.9148711948407022,"{""dimension"": 2, ""family"": ""moons"", ""n"": 20000}","{""edge_rank"": 15, ""geometry_profile"": ""low_dim"", ""k"": 20, ""knn_backend"": ""kd_tree"", ""resolution"": 0.5, ""symmetrization"": ""union"", ""weights"": ""1/(1+d)""}",{},"[{""coverage"": 0.2156, ""f1"": 0.3475737546348541, ""fragments"": 7, ""matched_predicted_cluster"": 0, ""overlap"": 1078, ""passes_discovery_thresholds"": false, ""precision"": 0.8960931005818786, ""purity"": 0.8960931005818786, ""recall"": 0.2156, ""target"": ""cluster_0"", ""target_label"": 0, ""target_noise_loss"": 0.0, ""target_size"": 5000}, {""coverage"": 0.1576, ""f1"": 0.26967830253251196, ""fragments"": 7, ""matched_predicted_cluster"": 7, ""overlap"": 788, ""passes_discovery_thresholds"": true, ""precision"": 0.933649289099526, ""purity"": 0.933649289099526, ""recall"": 0.1576, ""target"": ""cluster_1"", ""target_label"": 1, ""target_noise_loss"": 0.0, ""target_size"": 5000}]",,native_target_discovery_v1
synthetic__moons_noise50__quality__n20000__kNN+Leiden__223__bf943a8bf0e5,ok,synthetic,moons_noise50__quality__n20000,kNN+Leiden,223,0.2.4,20000,2,0.0559610000000247,1.1676024999997026,4.619928800000707,288.19921875,72.03125,293.26953125,,,evaluation_state/synthetic__moons_noise50__quality__n20000__kNN+Leiden__223__bf943a8bf0e5.npz,e9f964cb5988e1f6790ceb35b61dd7fdd3472142b82980f4880bf3d17c8a0981,29056,0.4392304633014692,0.1753798589530232,10,10,0.0,known_synthetic_noise,0.5,0.3333333333333333,11.0,12,1,0.1,0.9,full_partition,target-discovery-v1,10,0.05,0.2234,0.3578588916307105,0.0,0.907872251648413,2,pairwise_f1,hungarian,6.0,0,22,0.0,0.0,0.0,0.5,0.0,0.0,0.251158134008813,0.4422019412872818,0.175386277255451,0.0,22,macro,0,0,1.0,0.6666666666666666,0.5,1.0,10,2,0.5,0.0,2,20,0.0,0.2234,0.5,0.3578588916307105,0.9078722516484128,"{""dimension"": 2, ""family"": ""moons"", ""n"": 20000}","{""edge_rank"": 15, ""geometry_profile"": ""low_dim"", ""k"": 20, ""knn_backend"": ""kd_tree"", ""resolution"": 0.5, ""symmetrization"": ""union"", ""weights"": ""1/(1+d)""}",{},"[{""coverage"": 0.2416, ""f1"": 0.37915881983678595, ""fragments"": 6, ""matched_predicted_cluster"": 1, ""overlap"": 1208, ""passes_discovery_thresholds"": false, ""precision"": 0.880466472303207, ""purity"": 0.880466472303207, ""recall"": 0.2416, ""target"": ""cluster_0"", ""target_label"": 0, ""target_noise_loss"": 0.0, ""target_size"": 5000}, {""coverage"": 0.2052, ""f1"": 0.33655896342463504, ""fragments"": 6, ""matched_predicted_cluster"": 5, ""overlap"": 1026, ""passes_discovery_thresholds"": true, ""precision"": 0.935278030993619, ""purity"": 0.935278030993619, ""recall"": 0.2052, ""target"": ""cluster_1"", ""target_label"": 1, ""target_noise_loss"": 0.0, ""target_size"": 5000}]",,native_target_discovery_v1
synthetic__moons_noise50__quality__n20000__kNN+Leiden__227__ce936d0d316c,ok,synthetic,moons_noise50__quality__n20000,kNN+Leiden,227,0.2.4,20000,2,0.0571149999996123,1.0507744000005914,4.514940600000045,287.46484375,71.57421875,292.5234375,,,evaluation_state/synthetic__moons_noise50__quality__n20000__kNN+Leiden__227__ce936d0d316c.npz,633a608528b33ad1798b89215f9a8642dc34b16b3efe3ce8dbabf495927db86d,29491,0.4280384048165251,0.161872709394303,11,10,0.0,known_synthetic_noise,0.5,0.3333333333333333,12.0,14,2,0.1,0.9,full_partition,target-discovery-v1,11,0.05,0.1966,0.323597953795519,0.0,0.9140718345440052,2,pairwise_f1,hungarian,6.5,0,24,0.0,0.0,0.0,0.5,0.0,0.0,0.2379424651064745,0.4485233254763688,0.1619209041808361,0.0,24,macro,0,0,1.0,0.6666666666666666,0.5,1.0,11,2,1.0,0.0,2,22,0.0,0.1966,1.0,0.323597953795519,0.9140718345440052,"{""dimension"": 2, ""family"": ""moons"", ""n"": 20000}","{""edge_rank"": 15, ""geometry_profile"": ""low_dim"", ""k"": 20, ""knn_backend"": ""kd_tree"", ""resolution"": 0.5, ""symmetrization"": ""union"", ""weights"": ""1/(1+d)""}",{},"[{""coverage"": 0.195, ""f1"": 0.3206182176915488, ""fragments"": 6, ""matched_predicted_cluster"": 2, ""overlap"": 975, ""passes_discovery_thresholds"": true, ""precision"": 0.9011090573012939, ""purity"": 0.9011090573012939, ""recall"": 0.195, ""target"": ""cluster_0"", ""target_label"": 0, ""target_noise_loss"": 0.0, ""target_size"": 5000}, {""coverage"": 0.1982, ""f1"": 0.3265776898994892, ""fragments"": 7, ""matched_predicted_cluster"": 4, ""overlap"": 991, ""passes_discovery_thresholds"": true, ""precision"": 0.9270346117867165, ""purity"": 0.9270346117867165, ""recall"": 0.1982, ""target"": ""cluster_1"", ""target_label"": 1, ""target_noise_loss"": 0.0, ""target_size"": 5000}]",,native_target_discovery_v1
synthetic__moons_noise50__quality__n20000__kNN+Leiden__229__175b29b717e2,ok,synthetic,moons_noise50__quality__n20000,kNN+Leiden,229,0.2.4,20000,2,0.0557772000011027,1.4931364000003668,4.98967790000097,287.828125,72.02734375,292.7109375,,,evaluation_state/synthetic__moons_noise50__quality__n20000__kNN+Leiden__229__175b29b717e2.npz,97a9e8c13434321ef00c1657fa6cd1cfc79c3b98498c3ef764f098224026d733,29382,0.4278029711183266,0.1604825706622439,10,9,0.0,known_synthetic_noise,0.5,0.3333333333333333,11.5,14,2,0.1,0.9,full_partition,target-discovery-v1,11,0.05,0.188,0.3126823470793513,0.0,0.9284044153366228,2,pairwise_f1,hungarian,6.5,0,23,0.0,0.0,0.0,0.5,0.0,0.0,0.2353650079856378,0.4411899724232621,0.1604919383876775,0.0,23,macro,0,0,1.0,0.6666666666666666,0.5,1.0,10,2,1.0,0.0,2,21,0.0,0.188,1.0,0.3126823470793513,0.9284044153366228,"{""dimension"": 2, ""family"": ""moons"", ""n"": 20000}","{""edge_rank"": 15, ""geometry_profile"": ""low_dim"", ""k"": 20, ""knn_backend"": ""kd_tree"", ""resolution"": 0.5, ""symmetrization"": ""union"", ""weights"": ""1/(1+d)""}",{},"[{""coverage"": 0.187, ""f1"": 0.3109411373461922, ""fragments"": 7, ""matched_predicted_cluster"": 7, ""overlap"": 935, ""passes_discovery_thresholds"": true, ""precision"": 0.9220907297830375, ""purity"": 0.9220907297830375, ""recall"": 0.187, ""target"": ""cluster_0"", ""target_label"": 0, ""target_noise_loss"": 0.0, ""target_size"": 5000}, {""coverage"": 0.189, ""f1"": 0.3144235568125104, ""fragments"": 6, ""matched_predicted_cluster"": 8, ""overlap"": 945, ""passes_discovery_thresholds"": true, ""precision"": 0.9347181008902077, ""purity"": 0.9347181008902077, ""recall"": 0.189, ""target"": ""cluster_1"", ""target_label"": 1, ""target_noise_loss"": 0.0, ""target_size"": 5000}]",,native_target_discovery_v1
synthetic__moons_noise50__quality__n20000__kNN+Leiden__233__9d48815e7198,ok,synthetic,moons_noise50__quality__n20000,kNN+Leiden,233,0.2.4,20000,2,0.0553863999994064,0.6744423000000097,4.109613399999944,288.47265625,72.36328125,292.21484375,,,evaluation_state/synthetic__moons_noise50__quality__n20000__kNN+Leiden__233__9d48815e7198.npz,96e1c72d1b45b2771b29fc7439c23c6ba10fa27095795a3a6e108b78ab394c8c,29891,0.4073983604266183,0.1414916257698867,11,11,0.0,known_synthetic_noise,0.5,0.3333333333333333,13.0,15,2,0.1,0.9,full_partition,target-discovery-v1,13,0.05,0.177,0.2968445402582449,0.0,0.9197528728423948,2,pairwise_f1,hungarian,7.5,0,26,0.0,0.0,0.0,0.5,0.0,0.0,0.2134137424183456,0.4307649427435956,0.1418436487297459,0.0,26,macro,0,0,1.0,0.6666666666666666,0.5,1.0,11,2,1.0,0.0,2,24,0.0,0.177,1.0,0.2968445402582449,0.9197528728423948,"{""dimension"": 2, ""family"": ""moons"", ""n"": 20000}","{""edge_rank"": 15, ""geometry_profile"": ""low_dim"", ""k"": 20, ""knn_backend"": ""kd_tree"", ""resolution"": 0.5, ""symmetrization"": ""union"", ""weights"": ""1/(1+d)""}",{},"[{""coverage"": 0.171, ""f1"": 0.28797574941057597, ""fragments"": 8, ""matched_predicted_cluster"": 4, ""overlap"": 855, ""passes_discovery_thresholds"": true, ""precision"": 0.9115138592750534, ""purity"": 0.9115138592750534, ""recall"": 0.171, ""target"": ""cluster_0"", ""target_label"": 0, ""target_noise_loss"": 0.0, ""target_size"": 5000}, {""coverage"": 0.183, ""f1"": 0.3057133311059138, ""fragments"": 7, ""matched_predicted_cluster"": 3, ""overlap"": 915, ""passes_discovery_thresholds"": true, ""precision"": 0.9279918864097363, ""purity"": 0.9279918864097363, ""recall"": 0.183, ""target"": ""cluster_1"", ""target_label"": 1, ""target_noise_loss"": 0.0, ""target_size"": 5000}]",,native_target_discovery_v1
synthetic__moons_noise50__quality__n20000__kNN-DBSCAN__211__8c8815fcb427,ok,synthetic,moons_noise50__quality__n20000,kNN-DBSCAN,211,0.2.4,20000,2,0.0618793000012374,0.065034100000048,2.9010154999996303,188.91796875,2.81640625,189.171875,,,evaluation_state/synthetic__moons_noise50__quality__n20000__kNN-DBSCAN__211__8c8815fcb427.npz,5515a40593dfe8cbf6e6d9db734fe4f9d08b80f02c259788f720b8d905353372,29822,0.1877407311543693,0.0099634454443203,1,0,0.9824,known_synthetic_noise,0.8357,0.8320863487826531,189.5,379,0,0.1,0.9,full_partition,target-discovery-v1,0,0.05,0.0477,0.0909609172610682,0.311,0.9840886513890316,2,pairwise_f1,hungarian,0.5,0,379,0.1644604831495469,0.8567192814162379,0.8567192814162379,0.5,0.7595484768826349,0.9824,0.0197066353425474,0.9598935328948638,0.0099555111022204,0.6467,379,macro,0,0,0.689,0.8074534161490683,0.9750919898103596,0.689,1,2,0.0,0.0,2,377,0.0,0.0477,0.0,0.0909609172610682,0.9840886513890316,"{""dimension"": 2, ""family"": ""moons"", ""n"": 20000}","{""eps"": 0.014539632014930248, ""eps_quantile"": 0.25, ""geometry_profile"": ""low_dim"", ""k"": 4, ""knn_backend"": ""kd_tree"", ""min_samples"": 5}",{},"[{""coverage"": 0.044, ""f1"": 0.08425890463423975, ""fragments"": 0, ""matched_predicted_cluster"": 56, ""overlap"": 220, ""passes_discovery_thresholds"": false, ""precision"": 0.990990990990991, ""purity"": 0.990990990990991, ""recall"": 0.044, ""target"": ""cluster_0"", ""target_label"": 0, ""target_noise_loss"": 0.316, ""target_size"": 5000}, {""coverage"": 0.0514, ""f1"": 0.09766292988789663, ""fragments"": 1, ""matched_predicted_cluster"": 17, ""overlap"": 257, ""passes_discovery_thresholds"": false, ""precision"": 0.9771863117870723, ""purity"": 0.9771863117870723, ""recall"": 0.0514, ""target"": ""cluster_1"", ""target_label"": 1, ""target_noise_loss"": 0.306, ""target_size"": 5000}]",,native_target_discovery_v1
synthetic__moons_noise50__quality__n20000__kNN-DBSCAN__223__23fafd85487a,ok,synthetic,moons_noise50__quality__n20000,kNN-DBSCAN,223,0.2.4,20000,2,0.0561173999994935,0.0669519999992189,2.893760300001304,192.6875,6.625,192.6875,,,evaluation_state/synthetic__moons_noise50__quality__n20000__kNN-DBSCAN__223__23fafd85487a.npz,43be168bc125d4f2a1cafc116d073796d560ffd72a2a7472e8b936308cd0bd4f,30037,0.1884314443486939,0.0094826874733171,0,0,0.9789,known_synthetic_noise,0.83735,0.8340244470152371,186.0,372,0,0.1,0.9,full_partition,target-discovery-v1,0,0.05,0.0503,0.0955990460985194,0.3042,0.9618135806442176,2,pairwise_f1,hungarian,0.5,0,372,0.1720206471921418,0.8575182865402304,0.8575182865402304,0.5,0.7629179331306991,0.9789,0.0188537854712044,0.941215783354556,0.0095222644528905,0.64155,372,macro,0,0,0.6958,0.810530607490244,0.9705677221369786,0.6958,0,2,0.0,0.0,2,370,0.0,0.0503,0.0,0.0955990460985194,0.9618135806442176,"{""dimension"": 2, ""family"": ""moons"", ""n"": 20000}","{""eps"": 0.014527153223752975, ""eps_quantile"": 0.25, ""geometry_profile"": ""low_dim"", ""k"": 4, ""knn_backend"": ""kd_tree"", ""min_samples"": 5}",{},"[{""coverage"": 0.0496, ""f1"": 0.09435038995624882, ""fragments"": 0, ""matched_predicted_cluster"": 1, ""overlap"": 248, ""passes_discovery_thresholds"": false, ""precision"": 0.9649805447470817, ""purity"": 0.9649805447470817, ""recall"": 0.0496, ""target"": ""cluster_0"", ""target_label"": 0, ""target_noise_loss"": 0.3032, ""target_size"": 5000}, {""coverage"": 0.051, ""f1"": 0.09684770224078997, ""fragments"": 1, ""matched_predicted_cluster"": 25, ""overlap"": 255, ""passes_discovery_thresholds"": false, ""precision"": 0.9586466165413534, ""purity"": 0.9586466165413534, ""recall"": 0.051, ""target"": ""cluster_1"", ""target_label"": 1, ""target_noise_loss"": 0.3052, ""target_size"": 5000}]",,native_target_discovery_v1
synthetic__moons_noise50__quality__n20000__kNN-DBSCAN__227__28cefa6d78b1,ok,synthetic,moons_noise50__quality__n20000,kNN-DBSCAN,227,0.2.4,20000,2,0.0578718999986449,0.0650330999997095,2.9123283000008087,188.12890625,1.91796875,188.609375,,,evaluation_state/synthetic__moons_noise50__quality__n20000__kNN-DBSCAN__227__28cefa6d78b1.npz,102e96e773cc332a0d36cac7ffd2851e4b626b76e95bdaf3a22d4f8c66ceefa7,29733,0.184740297380799,0.0076239496656084,0,0,0.9816,known_synthetic_noise,0.83155,0.8276699893800672,185.0,370,0,0.1,0.9,full_partition,target-discovery-v1,0,0.05,0.028,0.0544429321407738,0.3185,0.9790209790209792,2,pairwise_f1,hungarian,0.0,0,370,0.1023569493035021,0.8535281074735881,0.8535281074735881,0.5,0.7550188447042535,0.9816,0.0147083390367942,0.95299510247757,0.0074113622724544,0.65005,370,macro,0,0,0.6815,0.8018118712865464,0.9737105300757252,0.6815,0,2,0.0,0.0,2,368,0.0,0.028,0.0,0.0544429321407738,0.9790209790209792,"{""dimension"": 2, ""family"": ""moons"", ""n"": 20000}","{""eps"": 0.01437452808022499, ""eps_quantile"": 0.25, ""geometry_profile"": ""low_dim"", ""k"": 4, ""knn_backend"": ""kd_tree"", ""min_samples"": 5}",{},"[{""coverage"": 0.028, ""f1"": 0.05444293214077387, ""fragments"": 0, ""matched_predicted_cluster"": 38, ""overlap"": 140, ""passes_discovery_thresholds"": false, ""precision"": 0.9790209790209791, ""purity"": 0.9790209790209791, ""recall"": 0.028, ""target"": ""cluster_0"", ""target_label"": 0, ""target_noise_loss"": 0.3298, ""target_size"": 5000}, {""coverage"": 0.028, ""f1"": 0.05444293214077387, ""fragments"": 0, ""matched_predicted_cluster"": 87, ""overlap"": 140, ""passes_discovery_thresholds"": false, ""precision"": 0.9790209790209791, ""purity"": 0.9790209790209791, ""recall"": 0.028, ""target"": ""cluster_1"", ""target_label"": 1, ""target_noise_loss"": 0.3072, ""target_size"": 5000}]",,native_target_discovery_v1
synthetic__moons_noise50__quality__n20000__kNN-DBSCAN__229__2c41d72eaa96,ok,synthetic,moons_noise50__quality__n20000,kNN-DBSCAN,229,0.2.4,20000,2,0.0560725999985152,0.0674201999991055,2.914738800000123,188.7890625,3.11328125,189.04296875,,,evaluation_state/synthetic__moons_noise50__quality__n20000__kNN-DBSCAN__229__2c41d72eaa96.npz,f9fd0cb2a8177359b966d9bac706b39241a8f3d33d033f8adaac763c003cf981,29893,0.1886102761217178,0.0101547201251332,0,0,0.9803,known_synthetic_noise,0.8371999999999999,0.8337965505821667,187.0,374,0,0.1,0.9,full_partition,target-discovery-v1,0,0.05,0.0477,0.0909104056429699,0.3059,0.9697809492200464,2,pairwise_f1,hungarian,0.5,0,374,0.1643937513959545,0.8575802641938587,0.8575802641938587,0.5,0.7621676255636759,0.9803,0.0201623434482834,0.9512209697540132,0.0101891578315663,0.6431,374,macro,0,0,0.6941,0.8100128369704749,0.97240123283833,0.6941,0,2,0.0,0.0,2,372,0.0,0.0477,0.0,0.0909104056429699,0.9697809492200464,"{""dimension"": 2, ""family"": ""moons"", ""n"": 20000}","{""eps"": 0.014317721128463745, ""eps_quantile"": 0.25, ""geometry_profile"": ""low_dim"", ""k"": 4, ""knn_backend"": ""kd_tree"", ""min_samples"": 5}",{},"[{""coverage"": 0.0448, ""f1"": 0.08565965583173996, ""fragments"": 0, ""matched_predicted_cluster"": 27, ""overlap"": 224, ""passes_discovery_thresholds"": false, ""precision"": 0.9739130434782609, ""purity"": 0.9739130434782609, ""recall"": 0.0448, ""target"": ""cluster_0"", ""target_label"": 0, ""target_noise_loss"": 0.304, ""target_size"": 5000}, {""coverage"": 0.0506, ""f1"": 0.09616115545419993, ""fragments"": 1, ""matched_predicted_cluster"": 2, ""overlap"": 253, ""passes_discovery_thresholds"": false, ""precision"": 0.9656488549618321, ""purity"": 0.9656488549618321, ""recall"": 0.0506, ""target"": ""cluster_1"", ""target_label"": 1, ""target_noise_loss"": 0.3078, ""target_size"": 5000}]",,native_target_discovery_v1
synthetic__moons_noise50__quality__n20000__kNN-DBSCAN__233__56d44412833b,ok,synthetic,moons_noise50__quality__n20000,kNN-DBSCAN,233,0.2.4,20000,2,0.0569017999987409,0.0694234999991749,2.912222200000542,188.8046875,2.8359375,189.05078125,,,evaluation_state/synthetic__moons_noise50__quality__n20000__kNN-DBSCAN__233__56d44412833b.npz,81eba59fbbf32b0d40cf764caf0a64074501ead030aa024dab7d09144eb1b502,29852,0.1866519153925575,0.0104118240469414,0,0,0.9804,known_synthetic_noise,0.8354,0.8318649608008376,190.0,380,0,0.1,0.9,full_partition,target-discovery-v1,0,0.05,0.059,0.1111700464820708,0.3096,0.9806268063583816,2,pairwise_f1,hungarian,1.0,0,380,0.1967899733183335,0.8562445414847162,0.8562445414847162,0.5,0.76,0.9804,0.0187149124113639,0.9541980415602884,0.0094501300260052,0.645,380,macro,0,0,0.6904,0.807485380116959,0.9723943661971832,0.6904,0,2,0.0,0.0,2,378,0.0,0.059,0.0,0.1111700464820708,0.9806268063583816,"{""dimension"": 2, ""family"": ""moons"", ""n"": 20000}","{""eps"": 0.014366909861564636, ""eps_quantile"": 0.25, ""geometry_profile"": ""low_dim"", ""k"": 4, ""knn_backend"": ""kd_tree"", ""min_samples"": 5}",{},"[{""coverage"": 0.0676, ""f1"": 0.12644968200523757, ""fragments"": 1, ""matched_predicted_cluster"": 22, ""overlap"": 338, ""passes_discovery_thresholds"": false, ""precision"": 0.976878612716763, ""purity"": 0.976878612716763, ""recall"": 0.0676, ""target"": ""cluster_0"", ""target_label"": 0, ""target_noise_loss"": 0.2872, ""target_size"": 5000}, {""coverage"": 0.0504, ""f1"": 0.09589041095890412, ""fragments"": 1, ""matched_predicted_cluster"": 10, ""overlap"": 252, ""passes_discovery_thresholds"": false, ""precision"": 0.984375, ""purity"": 0.984375, ""recall"": 0.0504, ""target"": ""cluster_1"", ""target_label"": 1, ""target_noise_loss"": 0.332, ""target_size"": 5000}]",,native_target_discovery_v1
synthetic__moons_noise75__quality__n20000__AMD-DBSCAN__211__6e6753140a41,ok,synthetic,moons_noise75__quality__n20000,AMD-DBSCAN,211,0.2.4,20000,2,0.0599941000000399,5.261107900001662,8.436270900001546,6289.921875,6103.6640625,6289.90625,,,evaluation_state/synthetic__moons_noise75__quality__n20000__AMD-DBSCAN__211__6e6753140a41.npz,6ac5ab07a9092fcd49b44051aa3c7c1a49c5fc81a55fe64233cc047e54cbf10c,31165,0.0,0.0,282,282,0.0119333333333333,known_synthetic_noise,0.5059666666666667,0.2132349352704716,141.5,1,0,0.1,0.9,full_partition,target-discovery-v1,0,0.05,0.5,0.2387318563789152,0.0,0.1567987957852483,1,pairwise_f1,hungarian,1.0,1,283,0.0429292873575215,0.0235852164174188,0.0235852164174188,0.75,1.0,0.0119333333333333,0.3116594221752001,0.1845951144387772,1.0,0.00895,283,macro,0,0,1.0,0.4028846541235245,0.2522577064729328,1.0,282,2,0.0,0.0,2,282,0.0,0.5,0.0,0.2387318563789152,0.1567987957852483,"{""dimension"": 2, ""family"": ""moons"", ""n"": 20000}","{""adaptive_rank"": 71, ""balance_rounds"": 3, ""eps_values"": [0.08100097384224034, 0.29357555681723474, 0.31853298641224975], ""geometry_profile"": ""low_dim"", ""knn_backend"": ""kd_tree"", ""n_density_levels"": 3}",{},"[{""coverage"": 1.0, ""f1"": 0.4774637127578304, ""fragments"": 1, ""matched_predicted_cluster"": 1, ""overlap"": 2500, ""passes_discovery_thresholds"": false, ""precision"": 0.3135975915704967, ""purity"": 0.3135975915704967, ""recall"": 1.0, ""target"": ""cluster_0"", ""target_label"": 0, ""target_noise_loss"": 0.0, ""target_size"": 2500}, {""coverage"": 0.0, ""f1"": 0.0, ""fragments"": 1, ""matched_predicted_cluster"": null, ""overlap"": 0, ""passes_discovery_thresholds"": false, ""precision"": 0.0, ""purity"": 0.0, ""recall"": 0.0, ""target"": ""cluster_1"", ""target_label"": 1, ""target_noise_loss"": 0.0, ""target_size"": 2500}]",,native_target_discovery_v1
synthetic__moons_noise75__quality__n20000__AMD-DBSCAN__223__0f198907f0e7,ok,synthetic,moons_noise75__quality__n20000,AMD-DBSCAN,223,0.2.4,20000,2,0.0627702999991015,5.1946755000008125,8.447550999999294,6289.765625,6103.6484375,6289.765625,,,evaluation_state/synthetic__moons_noise75__quality__n20000__AMD-DBSCAN__223__0f198907f0e7.npz,c3da56e5839038168e890f46ac9e8a17e914fc9c926553b06ba8c0ae68efcc8d,29418,0.0,0.0,296,296,0.0106,known_synthetic_noise,0.5053,0.2117689602248691,148.5,1,0,0.1,0.9,full_partition,target-discovery-v1,0,0.05,0.5,0.2017267812474784,0.0,0.1263519660365915,1,pairwise_f1,hungarian,1.0,1,297,0.0380032981126414,0.0209776370472986,0.0209776370472986,0.75,1.0,0.0106,0.2206668578936164,0.1240166063744476,1.0,0.00795,297,macro,0,0,1.0,0.4025602834024395,0.2520034272466105,1.0,296,2,0.0,0.0,2,296,0.0,0.5,0.0,0.2017267812474784,0.1263519660365915,"{""dimension"": 2, ""family"": ""moons"", ""n"": 20000}","{""adaptive_rank"": 71, ""balance_rounds"": 3, ""eps_values"": [0.08048545490363289, 0.290813694107032, 0.31694965239037803], ""geometry_profile"": ""low_dim"", ""knn_backend"": ""kd_tree"", ""n_density_levels"": 3}",{},"[{""coverage"": 1.0, ""f1"": 0.40345356249495684, ""fragments"": 1, ""matched_predicted_cluster"": 1, ""overlap"": 2500, ""passes_discovery_thresholds"": false, ""precision"": 0.25270393207318304, ""purity"": 0.25270393207318304, ""recall"": 1.0, ""target"": ""cluster_0"", ""target_label"": 0, ""target_noise_loss"": 0.0, ""target_size"": 2500}, {""coverage"": 0.0, ""f1"": 0.0, ""fragments"": 1, ""matched_predicted_cluster"": null, ""overlap"": 0, ""passes_discovery_thresholds"": false, ""precision"": 0.0, ""purity"": 0.0, ""recall"": 0.0, ""target"": ""cluster_1"", ""target_label"": 1, ""target_noise_loss"": 0.0, ""target_size"": 2500}]",,native_target_discovery_v1
synthetic__moons_noise75__quality__n20000__AMD-DBSCAN__227__833b4d36d768,ok,synthetic,moons_noise75__quality__n20000,AMD-DBSCAN,227,0.2.4,20000,2,0.0612433000005694,5.165407500000583,8.38227569999981,6289.6875,6103.64453125,6289.6875,,,evaluation_state/synthetic__moons_noise75__quality__n20000__AMD-DBSCAN__227__833b4d36d768.npz,96222da655fed366ccd5a4289980afc0be02722602f69f3a1ac0cdd5a1a08f69,24866,0.0,0.0,231,230,0.0134666666666666,known_synthetic_noise,0.5067333333333334,0.2149168889415319,115.5,1,0,0.1,0.9,full_partition,target-discovery-v1,0,0.05,0.5,0.1657055743355206,0.0,0.0993088106776833,1,pairwise_f1,hungarian,1.0,1,231,0.0458048349406899,0.0265754505986054,0.0265754505986054,0.75,1.0,0.0134666666666666,0.144410200137975,0.0778244201109064,1.0,0.0101,231,macro,0,0,1.0,0.4032583272844584,0.2525507627033033,1.0,231,2,0.0,0.0,2,230,0.0,0.5,0.0,0.1657055743355206,0.0993088106776833,"{""dimension"": 2, ""family"": ""moons"", ""n"": 20000}","{""adaptive_rank"": 71, ""balance_rounds"": 3, ""eps_values"": [0.08150731855718518, 0.2905322797213491, 0.3144267710801204], ""geometry_profile"": ""low_dim"", ""knn_backend"": ""kd_tree"", ""n_density_levels"": 3}",{},"[{""coverage"": 1.0, ""f1"": 0.33141114867104127, ""fragments"": 1, ""matched_predicted_cluster"": 1, ""overlap"": 2500, ""passes_discovery_thresholds"": false, ""precision"": 0.19861762135536665, ""purity"": 0.19861762135536665, ""recall"": 1.0, ""target"": ""cluster_0"", ""target_label"": 0, ""target_noise_loss"": 0.0, ""target_size"": 2500}, {""coverage"": 0.0, ""f1"": 0.0, ""fragments"": 1, ""matched_predicted_cluster"": null, ""overlap"": 0, ""passes_discovery_thresholds"": false, ""precision"": 0.0, ""purity"": 0.0, ""recall"": 0.0, ""target"": ""cluster_1"", ""target_label"": 1, ""target_noise_loss"": 0.0, ""target_size"": 2500}]",,native_target_discovery_v1
synthetic__moons_noise75__quality__n20000__AMD-DBSCAN__229__b401750fcd06,ok,synthetic,moons_noise75__quality__n20000,AMD-DBSCAN,229,0.2.4,20000,2,0.0596549999991111,5.190688599999703,8.450911500000075,6289.4375,6103.64453125,6289.4375,,,evaluation_state/synthetic__moons_noise75__quality__n20000__AMD-DBSCAN__229__b401750fcd06.npz,ce8ee46d83aeb561f0e2c302abedba2deb713919df037316bd167be2aef563b2,28423,0.0,0.0,278,277,0.0086666666666666,known_synthetic_noise,0.5043333333333333,0.2096376371939106,139.0,1,0,0.1,0.9,full_partition,target-discovery-v1,0,0.05,0.5,0.1868739721931529,0.0,0.1149108291965434,1,pairwise_f1,hungarian,1.0,1,278,0.0314744979091249,0.0171844018506278,0.0171844018506278,0.75,1.0,0.0086666666666666,0.1877510719804853,0.1036011494213799,1.0,0.0065,278,macro,0,0,1.0,0.4020908725371934,0.2516356316054353,1.0,278,2,0.0,0.0,2,277,0.0,0.5,0.0,0.1868739721931529,0.1149108291965434,"{""dimension"": 2, ""family"": ""moons"", ""n"": 20000}","{""adaptive_rank"": 71, ""balance_rounds"": 3, ""eps_values"": [0.0805546203224712, 0.2909500435296475, 0.31646404540252576], ""geometry_profile"": ""low_dim"", ""knn_backend"": ""kd_tree"", ""n_density_levels"": 3}",{},"[{""coverage"": 1.0, ""f1"": 0.3737479443863059, ""fragments"": 1, ""matched_predicted_cluster"": 0, ""overlap"": 2500, ""passes_discovery_thresholds"": false, ""precision"": 0.22982165839308696, ""purity"": 0.22982165839308696, ""recall"": 1.0, ""target"": ""cluster_0"", ""target_label"": 0, ""target_noise_loss"": 0.0, ""target_size"": 2500}, {""coverage"": 0.0, ""f1"": 0.0, ""fragments"": 1, ""matched_predicted_cluster"": null, ""overlap"": 0, ""passes_discovery_thresholds"": false, ""precision"": 0.0, ""purity"": 0.0, ""recall"": 0.0, ""target"": ""cluster_1"", ""target_label"": 1, ""target_noise_loss"": 0.0, ""target_size"": 2500}]",,native_target_discovery_v1
synthetic__moons_noise75__quality__n20000__AMD-DBSCAN__233__3713aa061db2,ok,synthetic,moons_noise75__quality__n20000,AMD-DBSCAN,233,0.2.4,20000,2,0.0618861999992077,5.285598700000264,8.520421100000021,6289.88671875,6103.64453125,6289.88671875,,,evaluation_state/synthetic__moons_noise75__quality__n20000__AMD-DBSCAN__233__3713aa061db2.npz,f3a199e20cd3c162fa17201df066140f959927c27398d7a8435486e46357c942,26266,0.0,0.0,249,248,0.0144666666666666,known_synthetic_noise,0.5072333333333333,0.2160115671147861,124.5,1,0,0.1,0.9,full_partition,target-discovery-v1,0,0.05,0.5,0.1815409193232154,0.0,0.1109040901428444,1,pairwise_f1,hungarian,1.0,1,249,0.0492967668545078,0.0285207333902871,0.0285207333902871,0.75,1.0,0.0144666666666666,0.1744446040514455,0.0955570038787042,1.0,0.01085,249,macro,0,0,1.0,0.403502400839285,0.2527422534499318,1.0,249,2,0.0,0.0,2,248,0.0,0.5,0.0,0.1815409193232154,0.1109040901428444,"{""dimension"": 2, ""family"": ""moons"", ""n"": 20000}","{""adaptive_rank"": 71, ""balance_rounds"": 3, ""eps_values"": [0.0813990065600723, 0.2905656771356412, 0.3150265370676035], ""geometry_profile"": ""low_dim"", ""knn_backend"": ""kd_tree"", ""n_density_levels"": 3}",{},"[{""coverage"": 1.0, ""f1"": 0.36308183864643095, ""fragments"": 1, ""matched_predicted_cluster"": 1, ""overlap"": 2500, ""passes_discovery_thresholds"": false, ""precision"": 0.22180818028568894, ""purity"": 0.22180818028568894, ""recall"": 1.0, ""target"": ""cluster_0"", ""target_label"": 0, ""target_noise_loss"": 0.0, ""target_size"": 2500}, {""coverage"": 0.0, ""f1"": 0.0, ""fragments"": 1, ""matched_predicted_cluster"": null, ""overlap"": 0, ""passes_discovery_thresholds"": false, ""precision"": 0.0, ""purity"": 0.0, ""recall"": 0.0, ""target"": ""cluster_1"", ""target_label"": 1, ""target_noise_loss"": 0.0, ""target_size"": 2500}]",,native_target_discovery_v1
synthetic__moons_noise75__quality__n20000__DBSCAN__211__c17d39dcae41,ok,synthetic,moons_noise75__quality__n20000,DBSCAN,211,0.2.4,20000,2,0.0565832000011141,0.1870601000009628,3.008433999999397,195.1328125,8.64453125,192.88671875,,,evaluation_state/synthetic__moons_noise75__quality__n20000__DBSCAN__211__c17d39dcae41.npz,eaef0486f9c2d36160ff812504152a442ab1c57e3795b64c2ea4076d61554e0c,35910,0.000120904863302,-1.584959271355375e-07,867,864,0.366,known_synthetic_noise,0.6825,0.5239583947641928,434.0,4,0,0.1,0.9,full_partition,target-discovery-v1,0,0.05,0.4998,0.2944924137840546,0.001,0.3080139953348884,2,pairwise_f1,hungarian,1.0,1,868,0.3800656478443689,0.535740424493779,0.535740424493779,0.75,0.9990900818926296,0.366,0.5121112953926521,0.344614742103943,0.9964030412164866,0.27475,868,macro,0,0,0.999,0.5121763650346065,0.344364012409514,0.999,867,2,0.0,0.0,2,866,0.0,0.4998,0.0,0.2944924137840546,0.3080139953348884,"{""dimension"": 2, ""family"": ""moons"", ""n"": 20000}","{""base_eps"": 0.08793317526578903, ""eps"": 0.06155322268605232, ""eps_multiplier"": 0.7, ""geometry_profile"": ""low_dim"", ""knn_backend"": ""kd_tree"", ""min_samples"": 5}",{},"[{""coverage"": 0.0008, ""f1"": 0.0015936254980079682, ""fragments"": 1, ""matched_predicted_cluster"": 87, ""overlap"": 2, ""passes_discovery_thresholds"": false, ""precision"": 0.2, ""purity"": 0.2, ""recall"": 0.0008, ""target"": ""cluster_0"", ""target_label"": 0, ""target_noise_loss"": 0.0008, ""target_size"": 2500}, {""coverage"": 0.9988, ""f1"": 0.5873912020701012, ""fragments"": 1, ""matched_predicted_cluster"": 0, ""overlap"": 2497, ""passes_discovery_thresholds"": false, ""precision"": 0.41602799066977675, ""purity"": 0.41602799066977675, ""recall"": 0.9988, ""target"": ""cluster_1"", ""target_label"": 1, ""target_noise_loss"": 0.0012, ""target_size"": 2500}]",,native_target_discovery_v1
synthetic__moons_noise75__quality__n20000__DBSCAN__223__e2612ede85ea,ok,synthetic,moons_noise75__quality__n20000,DBSCAN,223,0.2.4,20000,2,0.0561106999994081,0.1939547000001766,3.0779473000002326,192.71484375,6.64453125,191.44140625,,,evaluation_state/synthetic__moons_noise75__quality__n20000__DBSCAN__223__e2612ede85ea.npz,00b581f0c88fd7b0aa71833308af9a3faea2291e3da216cfff9ca1b47decc8bc,36291,-0.0002700296839895,-1.2778896194394515e-06,881,878,0.3535333333333333,known_synthetic_noise,0.6760666666666667,0.5146834026874957,441.0,4,0,0.1,0.9,full_partition,target-discovery-v1,0,0.05,0.4992,0.2959798163705782,0.0014,0.2724814845985524,2,pairwise_f1,hungarian,1.0,1,882,0.3778173919561002,0.5222058099458395,0.5222058099458395,0.75,0.9986817325800376,0.3535333333333333,0.5195830296358377,0.3514657335411749,0.9960032012805122,0.2655,882,macro,0,0,0.9986,0.5071609954291518,0.3398910823689585,0.9986,881,2,0.0,0.0,2,880,0.0,0.4992,0.0,0.2959798163705782,0.2724814845985524,"{""dimension"": 2, ""family"": ""moons"", ""n"": 20000}","{""base_eps"": 0.08751171827316284, ""eps"": 0.06125820279121399, ""eps_multiplier"": 0.7, ""geometry_profile"": ""low_dim"", ""knn_backend"": ""kd_tree"", ""min_samples"": 5}",{},"[{""coverage"": 0.0004, ""f1"": 0.0007974481658692185, ""fragments"": 1, ""matched_predicted_cluster"": 264, ""overlap"": 1, ""passes_discovery_thresholds"": false, ""precision"": 0.125, ""purity"": 0.125, ""recall"": 0.0004, ""target"": ""cluster_0"", ""target_label"": 0, ""target_noise_loss"": 0.0016, ""target_size"": 2500}, {""coverage"": 0.998, ""f1"": 0.5911621845752872, ""fragments"": 1, ""matched_predicted_cluster"": 0, ""overlap"": 2495, ""passes_discovery_thresholds"": false, ""precision"": 0.41996296919710485, ""purity"": 0.41996296919710485, ""recall"": 0.998, ""target"": ""cluster_1"", ""target_label"": 1, ""target_noise_loss"": 0.0012, ""target_size"": 2500}]",,native_target_discovery_v1
synthetic__moons_noise75__quality__n20000__DBSCAN__227__81cb9a62559a,ok,synthetic,moons_noise75__quality__n20000,DBSCAN,227,0.2.4,20000,2,0.0562234999997599,0.1881998000008025,3.038656400000036,194.08203125,7.65625,190.1484375,,,evaluation_state/synthetic__moons_noise75__quality__n20000__DBSCAN__227__81cb9a62559a.npz,d4aad5768df4f6d235c868bb3b7c40fbcb189cf812beb63c373d110b6f740a51,37267,0.9883429927786626,0.996004957642182,897,895,0.3648666666666667,known_synthetic_noise,0.6817333333333333,0.5230252625512295,449.5,4,0,0.1,0.9,full_partition,target-discovery-v1,0,0.05,0.998,0.9087111241103636,0.0014,0.8341292768951551,2,pairwise_f1,hungarian,1.0,0,899,0.6730691612206376,0.5344726562500001,0.5344726562500001,0.75,0.9987226277372264,0.3648666666666667,0.8162385499329895,0.6914424079772837,0.9960040016006404,0.274,899,macro,2,2,0.9986,0.511577868852459,0.3438705234159779,0.9986,897,2,0.0,1.0,2,897,0.0,0.998,0.0,0.9087111241103636,0.8341292768951553,"{""dimension"": 2, ""family"": ""moons"", ""n"": 20000}","{""base_eps"": 0.08635004609823227, ""eps"": 0.060445032268762584, ""eps_multiplier"": 0.7, ""geometry_profile"": ""low_dim"", ""knn_backend"": ""kd_tree"", ""min_samples"": 5}",{},"[{""coverage"": 0.9972, ""f1"": 0.9027702335687126, ""fragments"": 1, ""matched_predicted_cluster"": 0, ""overlap"": 2493, ""passes_discovery_thresholds"": false, ""precision"": 0.8246774727092292, ""purity"": 0.8246774727092292, ""recall"": 0.9972, ""target"": ""cluster_0"", ""target_label"": 0, ""target_noise_loss"": 0.002, ""target_size"": 2500}, {""coverage"": 0.9988, ""f1"": 0.9146520146520147, ""fragments"": 1, ""matched_predicted_cluster"": 3, ""overlap"": 2497, ""passes_discovery_thresholds"": false, ""precision"": 0.8435810810810811, ""purity"": 0.8435810810810811, ""recall"": 0.9988, ""target"": ""cluster_1"", ""target_label"": 1, ""target_noise_loss"": 0.0008, ""target_size"": 2500}]",,native_target_discovery_v1
synthetic__moons_noise75__quality__n20000__DBSCAN__229__5350693e6af0,ok,synthetic,moons_noise75__quality__n20000,DBSCAN,229,0.2.4,20000,2,0.0564713000003394,0.1969688999997743,3.0259274000000005,194.51171875,8.30859375,193.5390625,,,evaluation_state/synthetic__moons_noise75__quality__n20000__DBSCAN__229__5350693e6af0.npz,c8446c217c9d3df8096466f1e7e85b9f733ec65de50bfa61b47659b41c2ea026,37382,0.9854284105138787,0.9952065572913718,891,887,0.3598,known_synthetic_noise,0.6795,0.519456820440459,446.5,6,0,0.1,0.9,full_partition,target-discovery-v1,0,0.05,0.9978,0.9076105628038982,0.0007999999999999,0.8324022169092272,2,pairwise_f1,hungarian,1.0,0,893,0.6684881543807356,0.5290917111906279,0.5290917111906279,0.75,0.9992593964080726,0.3598,0.8140066787335978,0.6884358427712203,0.9956052821128452,0.27005,893,macro,2,2,0.9992,0.5098219296902903,0.342215220220563,0.9992,891,2,0.0,1.0,2,891,0.0,0.9978,0.0,0.9076105628038982,0.8324022169092273,"{""dimension"": 2, ""family"": ""moons"", ""n"": 20000}","{""base_eps"": 0.08720076829195023, ""eps"": 0.06104053780436516, ""eps_multiplier"": 0.7, ""geometry_profile"": ""low_dim"", ""knn_backend"": ""kd_tree"", ""min_samples"": 5}",{},"[{""coverage"": 0.9988, ""f1"": 0.9128130140742096, ""fragments"": 1, ""matched_predicted_cluster"": 0, ""overlap"": 2497, ""passes_discovery_thresholds"": false, ""precision"": 0.8404577583305285, ""purity"": 0.8404577583305285, ""recall"": 0.9988, ""target"": ""cluster_0"", ""target_label"": 0, ""target_noise_loss"": 0.0012, ""target_size"": 2500}, {""coverage"": 0.9968, ""f1"": 0.9024081115335868, ""fragments"": 1, ""matched_predicted_cluster"": 7, ""overlap"": 2492, ""passes_discovery_thresholds"": false, ""precision"": 0.824346675487926, ""purity"": 0.824346675487926, ""recall"": 0.9968, ""target"": ""cluster_1"", ""target_label"": 1, ""target_noise_loss"": 0.0004, ""target_size"": 2500}]",,native_target_discovery_v1
synthetic__moons_noise75__quality__n20000__DBSCAN__233__e57263377a77,ok,synthetic,moons_noise75__quality__n20000,DBSCAN,233,0.2.4,20000,2,0.0543208999988564,0.1845484999994369,2.98516059999929,192.78515625,6.57421875,193.42578125,,,evaluation_state/synthetic__moons_noise75__quality__n20000__DBSCAN__233__e57263377a77.npz,e4e92489d2932f7041e613743577f13a958b3c29aa442b71f2cb6c1995a3aa8f,37519,0.97839966225348,0.9924168715818312,889,884,0.3599333333333333,known_synthetic_noise,0.6789666666666667,0.5192489487084724,446.0,8,0,0.1,0.9,full_partition,target-discovery-v1,0,0.05,0.9962,0.9115197685895148,0.002,0.840110334261699,2,pairwise_f1,hungarian,1.0,0,892,0.669536490496911,0.529080307707384,0.529080307707384,0.75,0.9981512294324274,0.3599333333333333,0.8217344084330612,0.7011470660776691,0.9924158463385354,0.27045,892,macro,2,2,0.998,0.5094175897095606,0.3419916386813789,0.998,889,2,0.0,1.0,2,890,0.0,0.9962,0.0,0.9115197685895148,0.840110334261699,"{""dimension"": 2, ""family"": ""moons"", ""n"": 20000}","{""base_eps"": 0.08674654364585876, ""eps"": 0.060722580552101134, ""eps_multiplier"": 0.7, ""geometry_profile"": ""low_dim"", ""knn_backend"": ""kd_tree"", ""min_samples"": 5}",{},"[{""coverage"": 0.9948, ""f1"": 0.9114898295766904, ""fragments"": 1, ""matched_predicted_cluster"": 3, ""overlap"": 2487, ""passes_discovery_thresholds"": false, ""precision"": 0.8410551234359148, ""purity"": 0.8410551234359148, ""recall"": 0.9948, ""target"": ""cluster_0"", ""target_label"": 0, ""target_noise_loss"": 0.0024, ""target_size"": 2500}, {""coverage"": 0.9976, ""f1"": 0.9115497076023391, ""fragments"": 1, ""matched_predicted_cluster"": 2, ""overlap"": 2494, ""passes_discovery_thresholds"": false, ""precision"": 0.8391655450874832, ""purity"": 0.8391655450874832, ""recall"": 0.9976, ""target"": ""cluster_1"", ""target_label"": 1, ""target_noise_loss"": 0.0016, ""target_size"": 2500}]",,native_target_discovery_v1
synthetic__moons_noise75__quality__n20000__HDBSCAN__211__cb19589cae42,ok,synthetic,moons_noise75__quality__n20000,HDBSCAN,211,0.2.4,20000,2,0.0561258000016096,2.719422300000588,5.567719700000453,191.08984375,4.42578125,191.31640625,,,evaluation_state/synthetic__moons_noise75__quality__n20000__HDBSCAN__211__cb19589cae42.npz,f0b28ee76831b9f9420d42644bd846c0f2cbfa9e26b50cb2a75e67234b5eec25,28860,0.9369220359697688,0.9686576968883144,82,82,0.4088666666666666,known_synthetic_noise,0.6965333333333333,0.5510512987474683,42.0,2,0,0.1,0.9,full_partition,target-discovery-v1,0,0.05,0.9842,0.9239600144678924,0.0157999999999999,0.8706697502961336,2,pairwise_f1,hungarian,1.0,0,84,0.7113308879594296,0.5782575900433716,0.5782575900433716,0.75,0.9872826786864134,0.4088666666666666,0.8118752466413014,0.6987797050050212,0.9686482593037214,0.3106,84,macro,2,2,0.9842,0.5238450074515649,0.3569045546852335,0.9842,82,2,0.0,1.0,2,82,0.0,0.9842,0.0,0.9239600144678926,0.8706697502961335,"{""dimension"": 2, ""family"": ""moons"", ""n"": 20000}","{""geometry_profile"": ""low_dim"", ""knn_backend"": ""kd_tree"", ""min_cluster_size"": 40, ""min_samples"": 5}",{},"[{""coverage"": 0.982, ""f1"": 0.921200750469043, ""fragments"": 1, ""matched_predicted_cluster"": 82, ""overlap"": 2455, ""passes_discovery_thresholds"": false, ""precision"": 0.8674911660777385, ""purity"": 0.8674911660777385, ""recall"": 0.982, ""target"": ""cluster_0"", ""target_label"": 0, ""target_noise_loss"": 0.018, ""target_size"": 2500}, {""coverage"": 0.9864, ""f1"": 0.9267192784667418, ""fragments"": 1, ""matched_predicted_cluster"": 83, ""overlap"": 2466, ""passes_discovery_thresholds"": false, ""precision"": 0.8738483345145287, ""purity"": 0.8738483345145287, ""recall"": 0.9864, ""target"": ""cluster_1"", ""target_label"": 1, ""target_noise_loss"": 0.0136, ""target_size"": 2500}]",,native_target_discovery_v1
synthetic__moons_noise75__quality__n20000__HDBSCAN__223__167ac17dde0a,ok,synthetic,moons_noise75__quality__n20000,HDBSCAN,223,0.2.4,20000,2,0.05796029999874,2.7031432000003406,5.725232200000392,190.16015625,4.28515625,191.09765625,,,evaluation_state/synthetic__moons_noise75__quality__n20000__HDBSCAN__223__167ac17dde0a.npz,abe368b0e8b4449b10136b28690daf0ae2cff0cd8045323bc8df167094317a59,28471,0.9465065855652256,0.974560543319366,75,75,0.4007333333333333,known_synthetic_noise,0.6939666666666666,0.5460384767868419,38.5,2,0,0.1,0.9,full_partition,target-discovery-v1,0,0.05,0.9872,0.9255579577329296,0.0127999999999999,0.8711627807299003,2,pairwise_f1,hungarian,1.0,0,77,0.7058494348100032,0.5704389086595492,0.5704389086595492,0.75,0.9894650205761316,0.4007333333333333,0.8002948515594851,0.6788985015206909,0.9745594237695078,0.30375,77,macro,2,2,0.9872,0.5216380449141347,0.3544703770197486,0.9872,75,2,0.0,1.0,2,75,0.0,0.9872,0.0,0.9255579577329296,0.8711627807299003,"{""dimension"": 2, ""family"": ""moons"", ""n"": 20000}","{""geometry_profile"": ""low_dim"", ""knn_backend"": ""kd_tree"", ""min_cluster_size"": 40, ""min_samples"": 5}",{},"[{""coverage"": 0.988, ""f1"": 0.9254402397901836, ""fragments"": 1, ""matched_predicted_cluster"": 76, ""overlap"": 2470, ""passes_discovery_thresholds"": false, ""precision"": 0.8703312191684285, ""purity"": 0.8703312191684285, ""recall"": 0.988, ""target"": ""cluster_0"", ""target_label"": 0, ""target_noise_loss"": 0.012, ""target_size"": 2500}, {""coverage"": 0.9864, ""f1"": 0.9256756756756758, ""fragments"": 1, ""matched_predicted_cluster"": 75, ""overlap"": 2466, ""passes_discovery_thresholds"": false, ""precision"": 0.871994342291372, ""purity"": 0.871994342291372, ""recall"": 0.9864, ""target"": ""cluster_1"", ""target_label"": 1, ""target_noise_loss"": 0.0136, ""target_size"": 2500}]",,native_target_discovery_v1
synthetic__moons_noise75__quality__n20000__HDBSCAN__227__862ff614612f,ok,synthetic,moons_noise75__quality__n20000,HDBSCAN,227,0.2.4,20000,2,0.0609457999998994,2.7542475999998715,5.798890899999606,190.66015625,4.44921875,190.89453125,,,evaluation_state/synthetic__moons_noise75__quality__n20000__HDBSCAN__227__862ff614612f.npz,6478c3325d7e614267ffc358f5aa221cb4a002087db5be0dcdb008f5665dee58,28762,0.9721351687724976,0.9884342997952488,88,88,0.424,known_synthetic_noise,0.7091,0.5644492067701374,45.0,2,0,0.1,0.9,full_partition,target-discovery-v1,0,0.05,0.9942,0.911362290192544,0.0058,0.8413819743433244,2,pairwise_f1,hungarian,1.0,0,90,0.7197393759636264,0.5946982093599513,0.5946982093599513,0.75,0.9954609485052434,0.424,0.8007778211903432,0.6730070092556527,0.9884323329331732,0.31945,90,macro,2,2,0.9942,0.5342002041803234,0.3652193079127177,0.9942,88,2,0.0,1.0,2,88,0.0,0.9942,0.0,0.9113622901925442,0.8413819743433243,"{""dimension"": 2, ""family"": ""moons"", ""n"": 20000}","{""geometry_profile"": ""low_dim"", ""knn_backend"": ""kd_tree"", ""min_cluster_size"": 40, ""min_samples"": 5}",{},"[{""coverage"": 0.9932, ""f1"": 0.9019251725390482, ""fragments"": 1, ""matched_predicted_cluster"": 88, ""overlap"": 2483, ""passes_discovery_thresholds"": false, ""precision"": 0.8260146373918829, ""purity"": 0.8260146373918829, ""recall"": 0.9932, ""target"": ""cluster_0"", ""target_label"": 0, ""target_noise_loss"": 0.0068, ""target_size"": 2500}, {""coverage"": 0.9952, ""f1"": 0.92079940784604, ""fragments"": 1, ""matched_predicted_cluster"": 89, ""overlap"": 2488, ""passes_discovery_thresholds"": false, ""precision"": 0.8567493112947658, ""purity"": 0.8567493112947658, ""recall"": 0.9952, ""target"": ""cluster_1"", ""target_label"": 1, ""target_noise_loss"": 0.0048, ""target_size"": 2500}]",,native_target_discovery_v1
synthetic__moons_noise75__quality__n20000__HDBSCAN__229__8271c30bcb61,ok,synthetic,moons_noise75__quality__n20000,HDBSCAN,229,0.2.4,20000,2,0.0694590999992215,2.7322767000005115,5.807161000000633,190.01171875,3.9765625,192.6640625,,,evaluation_state/synthetic__moons_noise75__quality__n20000__HDBSCAN__229__8271c30bcb61.npz,c2dc918857d160f96ff83a71350f4fc287b703236d5bcb65756ab372d8b6d0ca,29216,0.9657694530297904,0.9852528468047428,88,88,0.4045333333333333,known_synthetic_noise,0.6985666666666667,0.5501768868331136,45.0,2,0,0.1,0.9,full_partition,target-discovery-v1,0,0.05,0.9926,0.9113142647982864,0.0074,0.8423404831927834,2,pairwise_f1,hungarian,1.0,0,90,0.7051298118864218,0.575029613835584,0.575029613835584,0.75,0.993939393939394,0.4045333333333333,0.7996641738449236,0.6729106836172583,0.9852521808723488,0.30525,90,macro,2,2,0.9926,0.5253241598306431,0.3571788413098237,0.9926,88,2,0.0,1.0,2,88,0.0,0.9926,0.0,0.9113142647982864,0.8423404831927835,"{""dimension"": 2, ""family"": ""moons"", ""n"": 20000}","{""geometry_profile"": ""low_dim"", ""knn_backend"": ""kd_tree"", ""min_cluster_size"": 40, ""min_samples"": 5}",{},"[{""coverage"": 0.992, ""f1"": 0.9127714390872286, ""fragments"": 1, ""matched_predicted_cluster"": 88, ""overlap"": 2480, ""passes_discovery_thresholds"": false, ""precision"": 0.8452624403544649, ""purity"": 0.8452624403544649, ""recall"": 0.992, ""target"": ""cluster_0"", ""target_label"": 0, ""target_noise_loss"": 0.008, ""target_size"": 2500}, {""coverage"": 0.9932, ""f1"": 0.9098570905093442, ""fragments"": 1, ""matched_predicted_cluster"": 89, ""overlap"": 2483, ""passes_discovery_thresholds"": false, ""precision"": 0.8394185260311021, ""purity"": 0.8394185260311021, ""recall"": 0.9932, ""target"": ""cluster_1"", ""target_label"": 1, ""target_noise_loss"": 0.0068, ""target_size"": 2500}]",,native_target_discovery_v1
synthetic__moons_noise75__quality__n20000__HDBSCAN__233__24cf9f1b8299,ok,synthetic,moons_noise75__quality__n20000,HDBSCAN,233,0.2.4,20000,2,0.0590245000003051,2.7795942000011564,5.817592700001114,191.28125,5.26171875,190.71484375,,,evaluation_state/synthetic__moons_noise75__quality__n20000__HDBSCAN__233__24cf9f1b8299.npz,aa80e3dd6651118412b674542647e3d5ba6787b1f823e34ab7ebd32598942a64,29349,0.9693158123532876,0.98724109534188,87,86,0.3858,known_synthetic_noise,0.6898,0.5370255316796491,44.5,3,0,0.1,0.9,full_partition,target-discovery-v1,0,0.05,0.9936,0.9125684365524916,0.0062,0.8437658504616392,2,pairwise_f1,hungarian,1.0,0,89,0.6909668328286328,0.5559611874339514,0.5559611874339514,0.75,0.9946717084908904,0.3858,0.7967621448794321,0.6678984831071748,0.9872390556222488,0.2909,89,macro,2,2,0.9938,0.5180898759253466,0.3503737131575236,0.9938,87,2,0.0,1.0,2,87,0.0,0.9936,0.0,0.9125684365524916,0.8437658504616393,"{""dimension"": 2, ""family"": ""moons"", ""n"": 20000}","{""geometry_profile"": ""low_dim"", ""knn_backend"": ""kd_tree"", ""min_cluster_size"": 40, ""min_samples"": 5}",{},"[{""coverage"": 0.9944, ""f1"": 0.9109563942836204, ""fragments"": 1, ""matched_predicted_cluster"": 88, ""overlap"": 2486, ""passes_discovery_thresholds"": false, ""precision"": 0.8404327248140635, ""purity"": 0.8404327248140635, ""recall"": 0.9944, ""target"": ""cluster_0"", ""target_label"": 0, ""target_noise_loss"": 0.0052, ""target_size"": 2500}, {""coverage"": 0.9928, ""f1"": 0.9141804788213628, ""fragments"": 1, ""matched_predicted_cluster"": 87, ""overlap"": 2482, ""passes_discovery_thresholds"": false, ""precision"": 0.847098976109215, ""purity"": 0.847098976109215, ""recall"": 0.9928, ""target"": ""cluster_1"", ""target_label"": 1, ""target_noise_loss"": 0.0072, ""target_size"": 2500}]",,native_target_discovery_v1
synthetic__moons_noise75__quality__n20000__OPTICS__211__9ffd99d13528,ok,synthetic,moons_noise75__quality__n20000,OPTICS,211,0.2.4,20000,2,0.0590197999990778,16.006147099998998,19.01620589999948,189.859375,3.87109375,192.48046875,,,evaluation_state/synthetic__moons_noise75__quality__n20000__OPTICS__211__9ffd99d13528.npz,b7039c4df44584288ea8d8ccc3b9037ef7758128309439438293aa206740080a,9047,0.0296743490214749,0.0008603436190502,3,3,0.9898666666666668,known_synthetic_noise,0.5034333333333333,0.4433514557570612,2.5,2,0,0.1,0.9,full_partition,target-discovery-v1,0,0.05,0.0098,0.0192081536652293,0.983,0.4803921568627451,1,pairwise_f1,hungarian,0.0,0,5,0.0375714890116477,0.8542415786899865,0.8542415786899865,0.75,0.7513029398370693,0.9898666666666668,0.0005776342327923,0.3229613733905579,0.0002890756302521,0.98815,5,macro,0,0,0.017,0.0324613328241359,0.3586497890295358,0.017,3,2,0.0,0.0,2,4,0.0,0.0098,0.0,0.0192081536652293,0.4803921568627451,"{""dimension"": 2, ""family"": ""moons"", ""n"": 20000}","{""geometry_profile"": ""low_dim"", ""knn_backend"": ""kd_tree"", ""max_eps"": 0.10505609214305878, ""max_eps_quantile"": 0.98, ""min_cluster_size"": 40, ""min_samples"": 5, ""xi"": 0.1}",{},"[{""coverage"": 0.0, ""f1"": 0.0, ""fragments"": 0, ""matched_predicted_cluster"": null, ""overlap"": 0, ""passes_discovery_thresholds"": false, ""precision"": 0.0, ""purity"": 0.0, ""recall"": 0.0, ""target"": ""cluster_0"", ""target_label"": 0, ""target_noise_loss"": 1.0, ""target_size"": 2500}, {""coverage"": 0.0196, ""f1"": 0.03841630733045864, ""fragments"": 0, ""matched_predicted_cluster"": 0, ""overlap"": 49, ""passes_discovery_thresholds"": false, ""precision"": 0.9607843137254902, ""purity"": 0.9607843137254902, ""recall"": 0.0196, ""target"": ""cluster_1"", ""target_label"": 1, ""target_noise_loss"": 0.966, ""target_size"": 2500}]",,native_target_discovery_v1
synthetic__moons_noise75__quality__n20000__OPTICS__223__77ed226c66db,ok,synthetic,moons_noise75__quality__n20000,OPTICS,223,0.2.4,20000,2,0.0585123000000749,15.941841100000602,18.971291300000303,191.06640625,4.890625,191.29296875,,,evaluation_state/synthetic__moons_noise75__quality__n20000__OPTICS__223__77ed226c66db.npz,aba0036599870f79109d330f828621a0eb7a867503013f720b99980964799c56,8398,0.015886564252659,0.0002890197753103,0,0,0.9996666666666668,known_synthetic_noise,0.5041333333333333,0.4375351625539249,0.5,1,0,0.1,0.9,full_partition,target-discovery-v1,0,0.05,0.0086,0.0168759811616954,0.9914,0.4479166666666667,1,pairwise_f1,hungarian,0.0,0,1,0.0331009267037671,0.8580338750286106,0.8580338750286106,0.75,0.7515537289494787,0.9996666666666668,0.0002890234464269,0.800531914893617,0.000144537815126,0.9976,1,macro,0,0,0.0086,0.0170364500792393,0.8958333333333334,0.0086,0,2,0.0,0.0,2,0,0.0,0.0086,0.0,0.0168759811616954,0.4479166666666667,"{""dimension"": 2, ""family"": ""moons"", ""n"": 20000}","{""geometry_profile"": ""low_dim"", ""knn_backend"": ""kd_tree"", ""max_eps"": 0.10514892637729645, ""max_eps_quantile"": 0.98, ""min_cluster_size"": 40, ""min_samples"": 5, ""xi"": 0.1}",{},"[{""coverage"": 0.0172, ""f1"": 0.033751962323390894, ""fragments"": 0, ""matched_predicted_cluster"": 0, ""overlap"": 43, ""passes_discovery_thresholds"": false, ""precision"": 0.8958333333333334, ""purity"": 0.8958333333333334, ""recall"": 0.0172, ""target"": ""cluster_0"", ""target_label"": 0, ""target_noise_loss"": 0.9828, ""target_size"": 2500}, {""coverage"": 0.0, ""f1"": 0.0, ""fragments"": 0, ""matched_predicted_cluster"": null, ""overlap"": 0, ""passes_discovery_thresholds"": false, ""precision"": 0.0, ""purity"": 0.0, ""recall"": 0.0, ""target"": ""cluster_1"", ""target_label"": 1, ""target_noise_loss"": 1.0, ""target_size"": 2500}]",,native_target_discovery_v1
synthetic__moons_noise75__quality__n20000__OPTICS__227__f4b3ea66f43b,ok,synthetic,moons_noise75__quality__n20000,OPTICS,227,0.2.4,20000,2,0.0577955999997357,15.90181450000091,18.97500060000129,190.19140625,3.8359375,192.9140625,,,evaluation_state/synthetic__moons_noise75__quality__n20000__OPTICS__227__f4b3ea66f43b.npz,c72db41456446d14192f1b11c700a4d379e3ddf25dcf10d35e001c450195e3f3,8415,0.0169571452222888,0.0003312686694404,0,0,0.9998666666666668,known_synthetic_noise,0.5045333333333334,0.4382152893222999,0.5,1,0,0.1,0.9,full_partition,target-discovery-v1,0,0.05,0.0092,0.0180533751962323,0.9908,0.4791666666666667,1,pairwise_f1,hungarian,0.0,0,1,0.0353628507283668,0.8582055390249484,0.8582055390249484,0.75,0.7517040898155574,0.9998666666666668,0.0003312727209877,0.9175531914893617,0.0001656662665066,0.9976,1,macro,0,0,0.0092,0.0182250396196513,0.9583333333333334,0.0092,0,2,0.0,0.0,2,0,0.0,0.0092,0.0,0.0180533751962323,0.4791666666666667,"{""dimension"": 2, ""family"": ""moons"", ""n"": 20000}","{""geometry_profile"": ""low_dim"", ""knn_backend"": ""kd_tree"", ""max_eps"": 0.10514409095048904, ""max_eps_quantile"": 0.98, ""min_cluster_size"": 40, ""min_samples"": 5, ""xi"": 0.1}",{},"[{""coverage"": 0.0184, ""f1"": 0.03610675039246468, ""fragments"": 0, ""matched_predicted_cluster"": 0, ""overlap"": 46, ""passes_discovery_thresholds"": false, ""precision"": 0.9583333333333334, ""purity"": 0.9583333333333334, ""recall"": 0.0184, ""target"": ""cluster_0"", ""target_label"": 0, ""target_noise_loss"": 0.9816, ""target_size"": 2500}, {""coverage"": 0.0, ""f1"": 0.0, ""fragments"": 0, ""matched_predicted_cluster"": null, ""overlap"": 0, ""passes_discovery_thresholds"": false, ""precision"": 0.0, ""purity"": 0.0, ""recall"": 0.0, ""target"": ""cluster_1"", ""target_label"": 1, ""target_noise_loss"": 1.0, ""target_size"": 2500}]",,native_target_discovery_v1
synthetic__moons_noise75__quality__n20000__OPTICS__229__27d729ff39f9,ok,synthetic,moons_noise75__quality__n20000,OPTICS,229,0.2.4,20000,2,0.0636147000004712,15.78557340000043,18.86095580000074,191.40625,5.3203125,191.40234375,,,evaluation_state/synthetic__moons_noise75__quality__n20000__OPTICS__229__27d729ff39f9.npz,84cbbf3d69a664d615e9d34d7c32c4dc5824122024e41b4e02762f1562553fd2,8574,0.0155282972906917,0.0002755769517116,1,1,0.9972,known_synthetic_noise,0.5028,0.4366607992259989,1.0,1,0,0.1,0.9,full_partition,target-discovery-v1,0,0.05,0.0084,0.0165094339622641,0.9916,0.4772727272727273,1,pairwise_f1,hungarian,0.0,0,2,0.0323946638186572,0.8567991751632489,0.8567991751632489,0.75,0.7510544286001205,0.9972,0.0002755541246227,0.4988412514484356,0.0001378151260504,0.9958,2,macro,0,0,0.0084,0.016522423288749,0.5,0.0084,1,2,0.0,0.0,2,1,0.0,0.0084,0.0,0.0165094339622641,0.4772727272727273,"{""dimension"": 2, ""family"": ""moons"", ""n"": 20000}","{""geometry_profile"": ""low_dim"", ""knn_backend"": ""kd_tree"", ""max_eps"": 0.10477402061223984, ""max_eps_quantile"": 0.98, ""min_cluster_size"": 40, ""min_samples"": 5, ""xi"": 0.1}",{},"[{""coverage"": 0.0168, ""f1"": 0.0330188679245283, ""fragments"": 0, ""matched_predicted_cluster"": 0, ""overlap"": 42, ""passes_discovery_thresholds"": false, ""precision"": 0.9545454545454546, ""purity"": 0.9545454545454546, ""recall"": 0.0168, ""target"": ""cluster_0"", ""target_label"": 0, ""target_noise_loss"": 0.9832, ""target_size"": 2500}, {""coverage"": 0.0, ""f1"": 0.0, ""fragments"": 0, ""matched_predicted_cluster"": null, ""overlap"": 0, ""passes_discovery_thresholds"": false, ""precision"": 0.0, ""purity"": 0.0, ""recall"": 0.0, ""target"": ""cluster_1"", ""target_label"": 1, ""target_noise_loss"": 1.0, ""target_size"": 2500}]",,native_target_discovery_v1
synthetic__moons_noise75__quality__n20000__OPTICS__233__4e660d40eb84,ok,synthetic,moons_noise75__quality__n20000,OPTICS,233,0.2.4,20000,2,0.0576565999999729,16.081771799999842,19.08726410000054,191.82421875,5.25,191.38671875,,,evaluation_state/synthetic__moons_noise75__quality__n20000__OPTICS__233__4e660d40eb84.npz,78ff10f148fee0ecc28672e3d2dbb98fd392e2cf44337e21b4a0fd4b6e1dbceb,8504,0.0155282972906917,0.0002755769517116,0,0,0.9997333333333334,known_synthetic_noise,0.5040666666666667,0.4373444235219423,0.5,1,0,0.1,0.9,full_partition,target-discovery-v1,0,0.05,0.0084,0.016496465043205,0.9916,0.4565217391304347,1,pairwise_f1,hungarian,0.0,0,1,0.0323705827102689,0.8580419980545861,0.8580419980545861,0.75,0.7515285155858474,0.9997333333333334,0.0002755845970295,0.8318840579710145,0.0001378151260504,0.9977,1,macro,0,0,0.0084,0.0166468489892984,0.9130434782608696,0.0084,0,2,0.0,0.0,2,0,0.0,0.0084,0.0,0.016496465043205,0.4565217391304348,"{""dimension"": 2, ""family"": ""moons"", ""n"": 20000}","{""geometry_profile"": ""low_dim"", ""knn_backend"": ""kd_tree"", ""max_eps"": 0.10481925308704376, ""max_eps_quantile"": 0.98, ""min_cluster_size"": 40, ""min_samples"": 5, ""xi"": 0.1}",{},"[{""coverage"": 0.0, ""f1"": 0.0, ""fragments"": 0, ""matched_predicted_cluster"": null, ""overlap"": 0, ""passes_discovery_thresholds"": false, ""precision"": 0.0, ""purity"": 0.0, ""recall"": 0.0, ""target"": ""cluster_0"", ""target_label"": 0, ""target_noise_loss"": 1.0, ""target_size"": 2500}, {""coverage"": 0.0168, ""f1"": 0.03299293008641005, ""fragments"": 0, ""matched_predicted_cluster"": 0, ""overlap"": 42, ""passes_discovery_thresholds"": false, ""precision"": 0.9130434782608695, ""purity"": 0.9130434782608695, ""recall"": 0.0168, ""target"": ""cluster_1"", ""target_label"": 1, ""target_noise_loss"": 0.9832, ""target_size"": 2500}]",,native_target_discovery_v1
synthetic__moons_noise75__quality__n20000__SNN-DBSCAN__211__42587bad6a1b,ok,synthetic,moons_noise75__quality__n20000,SNN-DBSCAN,211,0.2.4,20000,2,0.0610026000013022,0.2253149000007397,4.011033300001145,253.921875,26.92578125,254.96484375,,,evaluation_state/synthetic__moons_noise75__quality__n20000__SNN-DBSCAN__211__42587bad6a1b.npz,303eeaf2b5706ae13b43fde0295c6a0abdafa0e965e7513e7bef9e1efbadb650,44489,0.2406318377062644,0.0244439991129638,365,350,0.096,known_synthetic_noise,0.5113,0.2854371341410356,251.5,153,1,0.1,0.9,full_partition,target-discovery-v1,2,0.05,0.0796,0.1448537620610183,0.0733999999999999,0.9246763137852247,2,pairwise_f1,hungarian,1.5,0,503,0.1569947676496375,0.171357172606652,0.171357172606652,0.75,0.7969009407858328,0.096,0.0435902929539643,0.2024814225053078,0.0244241696678671,0.09035,503,macro,0,0,0.9266,0.3995170956754192,0.2546583850931677,0.9266,365,2,0.5,0.0,2,501,0.0,0.0796,0.5,0.1448537620610182,0.9246763137852247,"{""dimension"": 2, ""family"": ""moons"", ""n"": 20000}","{""eps"": 13, ""geometry_profile"": ""low_dim"", ""k"": 20, ""knn_backend"": ""kd_tree"", ""min_samples"": 5}",{},"[{""coverage"": 0.1104, ""f1"": 0.196931858722797, ""fragments"": 3, ""matched_predicted_cluster"": 34, ""overlap"": 276, ""passes_discovery_thresholds"": true, ""precision"": 0.9108910891089109, ""purity"": 0.9108910891089109, ""recall"": 0.1104, ""target"": ""cluster_0"", ""target_label"": 0, ""target_noise_loss"": 0.0688, ""target_size"": 2500}, {""coverage"": 0.0488, ""f1"": 0.09277566539923957, ""fragments"": 0, ""matched_predicted_cluster"": 96, ""overlap"": 122, ""passes_discovery_thresholds"": false, ""precision"": 0.9384615384615385, ""purity"": 0.9384615384615385, ""recall"": 0.0488, ""target"": ""cluster_1"", ""target_label"": 1, ""target_noise_loss"": 0.078, ""target_size"": 2500}]",,native_target_discovery_v1
synthetic__moons_noise75__quality__n20000__SNN-DBSCAN__223__f530f5e329d5,ok,synthetic,moons_noise75__quality__n20000,SNN-DBSCAN,223,0.2.4,20000,2,0.0604591999999684,0.2282428999988042,4.065533800001504,255.50390625,29.05078125,254.3125,,,evaluation_state/synthetic__moons_noise75__quality__n20000__SNN-DBSCAN__223__f530f5e329d5.npz,2a19bea672ba0afd8fb0abe5169677591ac5be62c186632f0a1055d6023db08a,44777,0.2466141370380893,0.0261513442245993,396,377,0.0954,known_synthetic_noise,0.5088,0.2839987729796998,257.5,138,0,0.1,0.9,full_partition,target-discovery-v1,3,0.05,0.0696,0.1291146908990775,0.0778,0.891578947368421,2,pairwise_f1,hungarian,2.5,0,515,0.146820659654504,0.170154577883472,0.170154577883472,0.75,0.7862637362637362,0.0954,0.0475911891562431,0.2646889158235191,0.0261461384553821,0.091,515,macro,0,0,0.9222,0.3978429680759276,0.2536303630363036,0.9222,396,2,0.0,0.0,2,513,0.0,0.0696,0.0,0.1291146908990775,0.891578947368421,"{""dimension"": 2, ""family"": ""moons"", ""n"": 20000}","{""eps"": 13, ""geometry_profile"": ""low_dim"", ""k"": 20, ""knn_backend"": ""kd_tree"", ""min_samples"": 5}",{},"[{""coverage"": 0.0656, ""f1"": 0.12193308550185875, ""fragments"": 1, ""matched_predicted_cluster"": 70, ""overlap"": 164, ""passes_discovery_thresholds"": false, ""precision"": 0.8631578947368421, ""purity"": 0.8631578947368421, ""recall"": 0.0656, ""target"": ""cluster_0"", ""target_label"": 0, ""target_noise_loss"": 0.0816, ""target_size"": 2500}, {""coverage"": 0.0736, ""f1"": 0.1362962962962963, ""fragments"": 4, ""matched_predicted_cluster"": 62, ""overlap"": 184, ""passes_discovery_thresholds"": false, ""precision"": 0.92, ""purity"": 0.92, ""recall"": 0.0736, ""target"": ""cluster_1"", ""target_label"": 1, ""target_noise_loss"": 0.074, ""target_size"": 2500}]",,native_target_discovery_v1
synthetic__moons_noise75__quality__n20000__SNN-DBSCAN__227__0a6eba722625,ok,synthetic,moons_noise75__quality__n20000,SNN-DBSCAN,227,0.2.4,20000,2,0.0582993999996688,0.2201716999989003,4.0082798000003095,252.29296875,25.66015625,239.50390625,,,evaluation_state/synthetic__moons_noise75__quality__n20000__SNN-DBSCAN__227__0a6eba722625.npz,0d8ea3ed830710db8582d53313e6ad8f173353a08703f03253575268615ad5b0,44374,0.2532266579334078,0.0319032303112672,343,330,0.0917333333333333,known_synthetic_noise,0.5139666666666667,0.2832780711323254,233.0,136,0,0.1,0.9,full_partition,target-discovery-v1,3,0.05,0.1022,0.1827583433235072,0.0638,0.8894802520746241,2,pairwise_f1,hungarian,2.5,0,466,0.1733372095742689,0.1648397723869422,0.1648397723869422,0.75,0.8117994100294985,0.0917333333333333,0.0570810626332428,0.270193423178255,0.0319113245298119,0.08475,466,macro,0,0,0.9362,0.4017163698777086,0.2557224801966676,0.9362,343,2,0.0,0.0,2,464,0.0,0.1022,0.0,0.1827583433235072,0.8894802520746241,"{""dimension"": 2, ""family"": ""moons"", ""n"": 20000}","{""eps"": 13, ""geometry_profile"": ""low_dim"", ""k"": 20, ""knn_backend"": ""kd_tree"", ""min_samples"": 5}",{},"[{""coverage"": 0.0848, ""f1"": 0.1550274223034735, ""fragments"": 3, ""matched_predicted_cluster"": 32, ""overlap"": 212, ""passes_discovery_thresholds"": false, ""precision"": 0.902127659574468, ""purity"": 0.902127659574468, ""recall"": 0.0848, ""target"": ""cluster_0"", ""target_label"": 0, ""target_noise_loss"": 0.066, ""target_size"": 2500}, {""coverage"": 0.1196, ""f1"": 0.21048926434354098, ""fragments"": 2, ""matched_predicted_cluster"": 7, ""overlap"": 299, ""passes_discovery_thresholds"": false, ""precision"": 0.8768328445747801, ""purity"": 0.8768328445747801, ""recall"": 0.1196, ""target"": ""cluster_1"", ""target_label"": 1, ""target_noise_loss"": 0.0616, ""target_size"": 2500}]",,native_target_discovery_v1
synthetic__moons_noise75__quality__n20000__SNN-DBSCAN__229__2bcbb7e5be7a,ok,synthetic,moons_noise75__quality__n20000,SNN-DBSCAN,229,0.2.4,20000,2,0.0633656000009068,0.2306742000000667,4.042206699999952,256.65625,29.69921875,239.70703125,,,evaluation_state/synthetic__moons_noise75__quality__n20000__SNN-DBSCAN__229__2bcbb7e5be7a.npz,0be33e3e0b8713847ec7e0835f033873be56fe8bf9a0b2a2c90dff3522aa621a,45077,0.2392134759778564,0.0216970995230117,389,371,0.0976,known_synthetic_noise,0.5082,0.2853977838720399,262.5,154,0,0.1,0.9,full_partition,target-discovery-v1,2,0.05,0.0548,0.1030446792529216,0.0812,0.8959531081566655,2,pairwise_f1,hungarian,1.5,0,525,0.1293147460113855,0.1735625370480142,0.1735625370480142,0.75,0.7828877005347593,0.0976,0.0398593203914598,0.2433944384420171,0.0217070828331332,0.0935,525,macro,0,0,0.9188,0.3972330306960657,0.253392167677882,0.9188,389,2,0.0,0.0,2,523,0.0,0.0548,0.0,0.1030446792529216,0.8959531081566656,"{""dimension"": 2, ""family"": ""moons"", ""n"": 20000}","{""eps"": 13, ""geometry_profile"": ""low_dim"", ""k"": 20, ""knn_backend"": ""kd_tree"", ""min_samples"": 5}",{},"[{""coverage"": 0.0668, ""f1"": 0.12444113263785395, ""fragments"": 3, ""matched_predicted_cluster"": 39, ""overlap"": 167, ""passes_discovery_thresholds"": false, ""precision"": 0.907608695652174, ""purity"": 0.907608695652174, ""recall"": 0.0668, ""target"": ""cluster_0"", ""target_label"": 0, ""target_noise_loss"": 0.0784, ""target_size"": 2500}, {""coverage"": 0.0428, ""f1"": 0.08164822586798932, ""fragments"": 0, ""matched_predicted_cluster"": 109, ""overlap"": 107, ""passes_discovery_thresholds"": false, ""precision"": 0.8842975206611571, ""purity"": 0.8842975206611571, ""recall"": 0.0428, ""target"": ""cluster_1"", ""target_label"": 1, ""target_noise_loss"": 0.084, ""target_size"": 2500}]",,native_target_discovery_v1
synthetic__moons_noise75__quality__n20000__SNN-DBSCAN__233__6e21afe7df65,ok,synthetic,moons_noise75__quality__n20000,SNN-DBSCAN,233,0.2.4,20000,2,0.0616321999987121,0.2254800999999133,4.033325299998978,245.80078125,19.29296875,245.80078125,,,evaluation_state/synthetic__moons_noise75__quality__n20000__SNN-DBSCAN__233__6e21afe7df65.npz,637658085d1b378aa0cd4e63a600191be752521190287dab45c484009fef7c7d,44185,0.2524690656537453,0.030528099479106,339,325,0.0941333333333333,known_synthetic_noise,0.5113666666666666,0.2840652466431548,229.0,133,0,0.1,0.9,full_partition,target-discovery-v1,4,0.05,0.0826,0.1509045911309309,0.0713999999999999,0.8980234749156002,2,pairwise_f1,hungarian,3.0,0,458,0.1591756638817907,0.1684059872383565,0.1684059872383565,0.75,0.7981910684002261,0.0941333333333333,0.0546522156485688,0.261129356081875,0.030519887955182,0.08845,458,macro,0,0,0.9286,0.3997245060479532,0.254676101146399,0.9286,339,2,0.0,0.0,2,456,0.0,0.0826,0.0,0.1509045911309309,0.8980234749156003,"{""dimension"": 2, ""family"": ""moons"", ""n"": 20000}","{""eps"": 13, ""geometry_profile"": ""low_dim"", ""k"": 20, ""knn_backend"": ""kd_tree"", ""min_samples"": 5}",{},"[{""coverage"": 0.0668, ""f1"": 0.12425595238095238, ""fragments"": 3, ""matched_predicted_cluster"": 38, ""overlap"": 167, ""passes_discovery_thresholds"": false, ""precision"": 0.8882978723404256, ""purity"": 0.8882978723404256, ""recall"": 0.0668, ""target"": ""cluster_0"", ""target_label"": 0, ""target_noise_loss"": 0.0752, ""target_size"": 2500}, {""coverage"": 0.0984, ""f1"": 0.17755322988090944, ""fragments"": 3, ""matched_predicted_cluster"": 98, ""overlap"": 246, ""passes_discovery_thresholds"": false, ""precision"": 0.9077490774907749, ""purity"": 0.9077490774907749, ""recall"": 0.0984, ""target"": ""cluster_1"", ""target_label"": 1, ""target_noise_loss"": 0.0676, ""target_size"": 2500}]",,native_target_discovery_v1
synthetic__moons_noise75__quality__n20000__StrataSCAN__211__8363af27d611,ok,synthetic,moons_noise75__quality__n20000,StrataSCAN,211,0.2.4,20000,2,0.0629057000005559,0.7823224000003393,4.018244999999297,232.70703125,46.4140625,232.6171875,,,evaluation_state/synthetic__moons_noise75__quality__n20000__StrataSCAN__211__8363af27d611.npz,9a511682b19a36de9f7719b99a1a5c330747e9c2fbbbfad08220a8e07dbf8e05,15042,0.8719161456057645,0.9216066590466916,0,0,0.9626666666666668,known_synthetic_noise,0.9613333333333334,0.9504999504999504,1.0,2,0,0.1,0.9,full_partition,target-discovery-v1,0,0.05,0.96,0.9266399801045244,0.0399999999999999,0.8955307898061202,2,pairwise_f1,hungarian,1.0,0,2,0.9499005546475708,0.9743589743589745,0.9743589743589745,0.75,0.9863387978142076,0.9626666666666668,0.857597705704363,0.8019133721983724,0.9215924769907964,0.732,2,macro,2,2,0.96,0.9266409266409268,0.8955223880597015,0.96,0,2,0.0,1.0,2,0,0.0,0.96,0.0,0.9266399801045244,0.8955307898061201,"{""dimension"": 2, ""family"": ""moons"", ""n"": 20000}","{""ambiguous_model_confirmation_tolerance"": 1e-05, ""assignment"": ""maximum_posterior_basis_then_semantic_role"", ""background_model"": ""adaptive_gamma_basis_mixture_with_largest_rate_gap"", ""background_scan"": ""adaptive_dyadic_rank_windows_with_poisson_beta_boundary_code"", ""border_rule"": ""strict_local_core_radius"", ""component_initialization"": ""compiled_split_warm_single_start_with_guarded_confirmation"", ""component_selection"": ""semantic_icl_with_adaptive_bound"", ""connectivity"": ""density_ordered_non_merging_knn_watershed"", ""core_thresholds"": ""observed_d4_event_sweep"", ""duplicate_profile_confirmation_minimum"": 3, ""duplicate_profile_confirmation_tolerance"": 1e-08, ""extraction_objective"": ""gamma_topology_description_length"", ""fit_samples"": ""all_rows"", ""gamma_tolerance"": 0.0001, ""geometry_profile"": ""low_dim"", ""hard_component_bound"": 24, ""initial_component_bound"": 8, ""k"": 32, ""knn_backend"": ""kd_tree"", ""shell_ranks"": [4, 8, 16, 32], ""stratification_model"": ""adaptive_gamma_density_basis_with_semantic_background"", ""version"": ""0.2.3""}","{""algorithm"": ""OptimizationStrataSCAN"", ""algorithm_version"": ""0.2.3"", ""graph_seconds"": 0.18872299999929965, ""mdl_gamma_adaptive_search"": true, ""mdl_gamma_assignment"": ""maximum_posterior_basis_then_semantic_role"", ""mdl_gamma_background_basis_components"": [2, 3, 4, 5], ""mdl_gamma_background_boundary"": ""largest_rate_gap"", ""mdl_gamma_background_components"": 4, ""mdl_gamma_background_distribution"": ""gamma_components"", ""mdl_gamma_background_fraction"": 0.746, ""mdl_gamma_background_group"": 2, ""mdl_gamma_candidate_components"": [1, 2, 3, 4, 5, 6, 7, 8], ""mdl_gamma_candidate_converged"": [true, true, true, true, true, true, true, true], ""mdl_gamma_candidate_entropies"": [-0.0, 40.16302960956653, 281.60167164600557, 306.58533203893677, 650.2080938687449, 664.8558361372549, 663.2691511771823, 672.9302342317878], ""mdl_gamma_candidate_iterations"": [2, 6, 27, 6, 49, 8, 6, 6], ""mdl_gamma_candidate_log_likelihoods"": [-294539.2671020424, -86291.98033407549, -76001.29627706223, -75037.57172883053, -72530.62247621111, -72446.86272509886, -72454.02063795581, -72436.10788067768], ""mdl_gamma_candidate_role_gains_nats"": [[0.0], [0.0, 0.0], [0.0, 0.0, 0.0], [0.0, 0.0, 0.0, 0.0], [0.0, 0.0, 0.0, 0.0, 0.0], [0.0, 0.0, 0.0, 0.0, 0.0, 0.0], [0.0, 0.0, 0.0, 0.0, 0.0, 0.0, 0.0], [0.0, 0.0, 0.0, 0.0, 0.0, 0.0, 0.0, 0.0]], ""mdl_gamma_candidate_role_threshold_sizes"": [[0], [0, 0], [0, 0, 0], [0, 0, 0, 0], [0, 0, 0, 0, 0], [0, 0, 0, 0, 0, 0], [0, 0, 0, 0, 0, 0, 0], [0, 0, 0, 0, 0, 0, 0, 0]], ""mdl_gamma_candidate_scores"": [589098.3411791899, 172713.80416513278, 152645.02379783674, 150797.25248481685, 146500.3099658952, 146391.79641086535, 146432.64932931672, 146445.85644352724], ""mdl_gamma_candidate_signal_components"": [[], [0], [0, 1], [0, 1], [0, 1], [0, 1], [0, 1], [0, 1]], ""mdl_gamma_criterion"": ""icl"", ""mdl_gamma_entropy_scope"": ""semantic"", ""mdl_gamma_fit_samples"": 20000, ""mdl_gamma_grouping"": ""largest_rate_gap"", ""mdl_gamma_guarded_confirmation"": true, ""mdl_gamma_log_rate_gaps"": [0.7496736514754558], ""mdl_gamma_mean_background_probability"": 0.7461562920091379, ""mdl_gamma_mean_posterior_entropy"": 0.033242791806862744, ""mdl_gamma_mu"": [3.7100969805975907, 2.8751988741367542, 1.4714296990320879, 0.9822643483545637, 1.0954973083420612, 0.8389751368682372], ""mdl_gamma_n_init"": 1, ""mdl_gamma_ranks"": [4, 8, 16, 32], ""mdl_gamma_rates"": [[39.59632951734973, 38.980290524280676, 38.37383585495089, 37.776816396621456], [18.71008668825742, 19.220832622464478, 19.74552084425445, 20.284531948694333], [6.126527390234305, 7.266155199429584, 8.617771213486472, 10.22080848119322], [2.8231199545303522, 2.9026722730755394, 2.9844662857349857, 3.068565160906466], [2.8044454016667184, 2.7157279753223764, 2.629817086674395, 2.546623952107586], [1.9586708159584694, 1.8020259570630288, 1.6579087835848874, 1.5253173928569455]], ""mdl_gamma_role_evidence_neighbour_ranks"": [], ""mdl_gamma_search_caps"": [8], ""mdl_gamma_search_hard_max"": 24, ""mdl_gamma_search_hit_hard_max"": false, ""mdl_gamma_search_initial_max"": 8, ""mdl_gamma_selected_components"": 6, ""mdl_gamma_signal_basis_components"": [0, 1], ""mdl_gamma_signal_components"": 2, ""mdl_gamma_slopes"": [-0.022621859013783514, 0.038854590271153185, 0.24612261703910815, 0.04009126303632068, -0.04637651893070886, -0.120255158987711], ""mdl_gamma_split_warm_start"": true, ""mdl_gamma_tolerance"": 0.0001, ""mdl_gamma_weights"": [0.17956571483656034, 0.0742495243766483, 0.034066410226170386, 0.3128620317792479, 0.3715094321475064, 0.027746886633866114], ""optimization_background_events"": [], ""optimization_background_intrinsic_dimension"": 2.0225278250273315, ""optimization_border_fraction"": 0.0165, ""optimization_border_model"": ""strict_local_core_radius"", ""optimization_border_seconds"": 0.002925499999037129, ""optimization_boundary_component_gains_nats"": [[0.0, 0.0, 0.0, 0.0, 0.0, 0.0, 0.0, 0.0, 0.0, 0.0, 0.0, 0.0, 0.0, 0.0, 0.0, 0.0, 0.0, 0.0, 0.0], [0.0, 0.0, 0.0, 0.0, 0.0, 0.0, 0.0, 0.0, 0.0, 0.0, 0.0, 0.0, 0.0, 0.0, 0.0, 0.0, 0.0, 0.0, 0.0, 0.0, 0.0, 0.0, 0.0, 0.0, 0.0, 0.0, 0.0, 0.0, 0.0, 0.0, 0.0, 0.0, 0.0, 0.0, 0.0, 0.0, 0.0, 0.0, 0.0, 0.0, 0.0, 0.0, 0.0, 0.0, 0.0, 0.0, 0.0, 0.0, 0.0, 0.0, 0.0, 0.0, 0.0, 0.0, 0.0, 0.0, 0.0, 0.0, 0.0, 0.0, 0.0, 0.0, 0.0, 0.0, 0.0, 0.0, 0.0, 0.0, 0.0, 0.0, 0.0, 0.0, 0.0, 0.0, 0.0, 0.0, 0.0, 0.0, 0.0, 0.0, 0.0, 0.0], []], ""optimization_candidate_groups"": [0, 1, 2], ""optimization_clusters"": 2, ""optimization_connectivity_rank"": 4, ""optimization_core_fraction"": 0.2515, ""optimization_core_rank"": 4, ""optimization_description_gain_nats"": 151627.49822395513, ""optimization_group_gains_nats"": [107458.25274117477, 19385.04751825164, 0.0], ""optimization_group_sizes"": [3618, 1462, 14920], ""optimization_noise_fraction"": 0.732, ""optimization_objective"": ""gamma_topology_component_and_attachment_description_gain"", ""optimization_objective_trace"": [0.0, -151627.49822395513], ""optimization_ordering_modes"": [""d4"", ""d4"", ""adaptive_d4_rank_windows_with_beta_boundary_code""], ""optimization_seconds"": 0.07154139999875042, ""optimization_selected_component_gains_nats"": [43766.10269598109, 504.1657854265094, 58603.75068092705, 16131.939099929059, 1139.395238065247, 214.6699891144943, 120.68400382356637, 373.3874501667426, 154.9155137816753, 225.26150194671388, 377.9740189580348, 653.0109866049635, 507.1028998108487, 1040.1021175735025, 307.4078476324232, 1581.2943670544266, 620.3382169238441, 728.5803748738109, 1046.9254898137613, 600.9607823351722, 922.5290517362885, 732.1662538122449, 1086.1148954970056, 593.6802167165655, 646.6781711559717, 427.69649958487565, 692.4806471210443, 767.2361257012429, 253.6048222488915, 220.63533165771656, 132.9760197649244, 188.12017906694152, 501.2502483265746, 172.9285185387741, 300.1493999908742, 1573.0856185008126, 421.03147500207933, 769.2449665014675, 181.49602000252244, 1210.094866071106, 164.04468774781103, 820.6188125292745, 55.738389896843806, 363.5771193848535, 792.9593616423651, 2162.2354387551027, 467.8355208735512, 265.14514836212817, 485.0754429840829, 750.7254377398666, 102.29031448106193, 100.55970064628261, 197.89177668626934, 10.471111145278098, 280.8564998198473, 109.55844018079785, 140.1006323646754, 263.6227646147091, 388.9946408733249, 207.57902987817002, 291.1188992999251, 245.88358292976793, 29.152524665767707, 24.458460118845096, 859.4483396626619, 137.889968336748, 281.1927512225935, 333.544270589109, 49.782742677880954, 75.81740585939286, 76.10229211843344, 223.71169069005654, 158.0699373168337], ""optimization_selected_groups"": [0, 1], ""optimization_selected_local_components"": [7, 66, 0], ""optimization_solver"": ""exact_stratum_event_sweep"", ""optimization_sparse_memory"": true, ""optimization_threshold_seconds"": 0.06891429999996035, ""optimization_threshold_sizes"": [3618, 1462, 0], ""optimization_thresholds"": [0.03953298181295395, 0.058054354041814804, 0.0], ""optimization_topology_evidence_ranks"": [5, 8], ""optimization_unified_background_scan"": true, ""stratification"": ""adaptive-semantic-information-criterion-gamma-v2""}","[{""coverage"": 0.9628, ""f1"": 0.9270171384556134, ""fragments"": 1, ""matched_predicted_cluster"": 0, ""overlap"": 2407, ""passes_discovery_thresholds"": false, ""precision"": 0.8937987374675084, ""purity"": 0.8937987374675084, ""recall"": 0.9628, ""target"": ""cluster_0"", ""target_label"": 0, ""target_noise_loss"": 0.0372, ""target_size"": 2500}, {""coverage"": 0.9572, ""f1"": 0.9262628217534353, ""fragments"": 1, ""matched_predicted_cluster"": 1, ""overlap"": 2393, ""passes_discovery_thresholds"": false, ""precision"": 0.897262842144732, ""purity"": 0.897262842144732, ""recall"": 0.9572, ""target"": ""cluster_1"", ""target_label"": 1, ""target_noise_loss"": 0.0428, ""target_size"": 2500}]",,native_target_discovery_v1
synthetic__moons_noise75__quality__n20000__StrataSCAN__223__1cfd195a7674,ok,synthetic,moons_noise75__quality__n20000,StrataSCAN,223,0.2.4,20000,2,0.0590422000004764,0.921375399999306,4.133295600000565,241.13671875,54.890625,240.96484375,,,evaluation_state/synthetic__moons_noise75__quality__n20000__StrataSCAN__223__1cfd195a7674.npz,001985b0f8fa5135cce0d1459e774ef33a0fbcf92130a9006355d8bc276b081f,15071,0.8218715490297279,0.8820510190593206,0,0,0.9635333333333334,known_synthetic_noise,0.9569666666666669,0.9480206320430268,1.5,3,1,0.1,0.9,full_partition,target-discovery-v1,0,0.05,0.939,0.9179630890559772,0.0496,0.8979534589704081,2,pairwise_f1,hungarian,1.0,0,3,0.9447905230324648,0.9732332244705566,0.9732332244705566,0.75,0.9831303992925652,0.9635333333333334,0.8422997472362638,0.8059844807359197,0.8820419367747099,0.73505,3,macro,2,2,0.9504,0.9228080396154966,0.8967729760332138,0.9504,0,2,0.5,1.0,2,1,0.0,0.939,0.5,0.9179630890559772,0.8979534589704082,"{""dimension"": 2, ""family"": ""moons"", ""n"": 20000}","{""ambiguous_model_confirmation_tolerance"": 1e-05, ""assignment"": ""maximum_posterior_basis_then_semantic_role"", ""background_model"": ""adaptive_gamma_basis_mixture_with_largest_rate_gap"", ""background_scan"": ""adaptive_dyadic_rank_windows_with_poisson_beta_boundary_code"", ""border_rule"": ""strict_local_core_radius"", ""component_initialization"": ""compiled_split_warm_single_start_with_guarded_confirmation"", ""component_selection"": ""semantic_icl_with_adaptive_bound"", ""connectivity"": ""density_ordered_non_merging_knn_watershed"", ""core_thresholds"": ""observed_d4_event_sweep"", ""duplicate_profile_confirmation_minimum"": 3, ""duplicate_profile_confirmation_tolerance"": 1e-08, ""extraction_objective"": ""gamma_topology_description_length"", ""fit_samples"": ""all_rows"", ""gamma_tolerance"": 0.0001, ""geometry_profile"": ""low_dim"", ""hard_component_bound"": 24, ""initial_component_bound"": 8, ""k"": 32, ""knn_backend"": ""kd_tree"", ""shell_ranks"": [4, 8, 16, 32], ""stratification_model"": ""adaptive_gamma_density_basis_with_semantic_background"", ""version"": ""0.2.3""}","{""algorithm"": ""OptimizationStrataSCAN"", ""algorithm_version"": ""0.2.3"", ""graph_seconds"": 0.1873195999996824, ""mdl_gamma_adaptive_search"": true, ""mdl_gamma_assignment"": ""maximum_posterior_basis_then_semantic_role"", ""mdl_gamma_background_basis_components"": [2, 3, 4, 5, 6, 7], ""mdl_gamma_background_boundary"": ""largest_rate_gap"", ""mdl_gamma_background_components"": 6, ""mdl_gamma_background_distribution"": ""gamma_components"", ""mdl_gamma_background_fraction"": 0.7514, ""mdl_gamma_background_group"": 2, ""mdl_gamma_candidate_components"": [1, 2, 3, 4, 5, 6, 7, 8, 9, 10, 11, 12], ""mdl_gamma_candidate_converged"": [true, true, true, true, true, true, true, true, true, true, true, true], ""mdl_gamma_candidate_entropies"": [-0.0, 46.605542457034495, 58.615609159773854, 307.27122877391486, 319.01432930324074, 931.1128712681988, 874.7635217201282, 863.0526363525992, 2374.95591495587, 2216.7782611933912, 2083.406823134239, 1929.8330967603947], ""mdl_gamma_candidate_iterations"": [2, 6, 4, 42, 7, 18, 5, 5, 11, 9, 7, 7], ""mdl_gamma_candidate_log_likelihoods"": [-297102.6020713763, -88042.18363829538, -85605.82859733404, -75571.02512234211, -75277.0545477675, -73578.1579721113, -73572.39902766945, -73531.65723614614, -73277.31524928118, -73238.56030874953, -73187.90959038395, -73157.5269362565], ""mdl_gamma_candidate_role_gains_nats"": [[0.0], [0.0, 0.0], [0.0, 0.0, 0.0], [0.0, 0.0, 0.0, 0.0], [0.0, 0.0, 0.0, 0.0, 0.0], [0.0, 0.0, 0.0, 0.0, 0.0, 0.0], [0.0, 0.0, 0.0, 0.0, 0.0, 0.0, 0.0], [0.0, 0.0, 0.0, 0.0, 0.0, 0.0, 0.0, 0.0], [0.0, 0.0, 0.0, 0.0, 0.0, 0.0, 0.0, 0.0, 0.0], [0.0, 0.0, 0.0, 0.0, 0.0, 0.0, 0.0, 0.0, 0.0, 0.0], [0.0, 0.0, 0.0, 0.0, 0.0, 0.0, 0.0, 0.0, 0.0, 0.0, 0.0], [0.0, 0.0, 0.0, 0.0, 0.0, 0.0, 0.0, 0.0, 0.0, 0.0, 0.0, 0.0]], ""mdl_gamma_candidate_role_threshold_sizes"": [[0], [0, 0], [0, 0, 0], [0, 0, 0, 0], [0, 0, 0, 0, 0], [0, 0, 0, 0, 0, 0], [0, 0, 0, 0, 0, 0, 0], [0, 0, 0, 0, 0, 0, 0, 0], [0, 0, 0, 0, 0, 0, 0, 0, 0], [0, 0, 0, 0, 0, 0, 0, 0, 0, 0], [0, 0, 0, 0, 0, 0, 0, 0, 0, 0, 0], [0, 0, 0, 0, 0, 0, 0, 0, 0, 0, 0, 0]], ""mdl_gamma_candidate_scores"": [594225.0111178576, 176227.0957992675, 171408.11631340793, 151865.53106530994, 151330.786579877, 149186.9009751521, 149092.3948498299, 149017.1999587058, 151562.03300484002, 151197.8782789094, 150859.54442871752, 150521.34213037256], ""mdl_gamma_candidate_signal_components"": [[], [0], [0], [0, 1], [0, 1], [0, 1], [0, 1], [0, 1], [0, 1, 2], [0, 1, 2], [0, 1, 2], [0, 1, 2]], ""mdl_gamma_criterion"": ""icl"", ""mdl_gamma_entropy_scope"": ""semantic"", ""mdl_gamma_fit_samples"": 20000, ""mdl_gamma_grouping"": ""largest_rate_gap"", ""mdl_gamma_guarded_confirmation"": true, ""mdl_gamma_log_rate_gaps"": [0.661387804722227], ""mdl_gamma_mean_background_probability"": 0.7516833209997061, ""mdl_gamma_mean_posterior_entropy"": 0.04315263181762996, ""mdl_gamma_mu"": [3.742554255996729, 3.014319121370531, 1.6785907534077769, 1.1833566927384247, 0.9707982123908394, 1.0146813618458719, 0.8361124886440123, 0.8526647134855914], ""mdl_gamma_n_init"": 1, ""mdl_gamma_ranks"": [4, 8, 16, 32], ""mdl_gamma_rates"": [[40.55160740423957, 39.74905239704532, 38.96238071928738, 38.19127802471938], [20.9300853663368, 21.213162506790404, 21.500068234946568, 21.790854332039835], [7.280433400021612, 8.48661497406922, 9.89262997967705, 11.531585704527437], [3.0737736465072634, 2.982257800983795, 2.893466668124641, 2.8073191247203666], [2.982290207727709, 3.169703945553024, 3.368895178752412, 3.580604031283145], [2.6206220891333945, 2.554296673909354, 2.4896498909165237, 2.426639255593622], [2.491698078020542, 2.5893073598505523, 2.6907403681518454, 2.7961468928199413], [1.8594788892690213, 1.6555148786562763, 1.4739234358985986, 1.312250540843482]], ""mdl_gamma_role_evidence_neighbour_ranks"": [], ""mdl_gamma_search_caps"": [8, 12], ""mdl_gamma_search_hard_max"": 24, ""mdl_gamma_search_hit_hard_max"": false, ""mdl_gamma_search_initial_max"": 8, ""mdl_gamma_selected_components"": 8, ""mdl_gamma_signal_basis_components"": [0, 1], ""mdl_gamma_signal_components"": 2, ""mdl_gamma_slopes"": [-0.028838634338400806, 0.019381521336162937, 0.22116489008230686, -0.04360595185758401, 0.0879274434516032, -0.036983223112153706, 0.055436962454720545, -0.16761839230634668], ""mdl_gamma_split_warm_start"": true, ""mdl_gamma_tolerance"": 0.0001, ""mdl_gamma_weights"": [0.1690797182151795, 0.07919378731875751, 0.036460840640537936, 0.238512523314877, 0.11258791131396749, 0.20722429630446323, 0.135961594986783, 0.020979327905432443], ""optimization_background_events"": [], ""optimization_background_intrinsic_dimension"": 2.0294667008973146, ""optimization_border_fraction"": 0.01865, ""optimization_border_model"": ""strict_local_core_radius"", ""optimization_border_seconds"": 0.004389699999592267, ""optimization_boundary_component_gains_nats"": [[0.0, 0.0, 0.0, 0.0, 0.0, 0.0, 0.0, 0.0, 0.0, 0.0, 0.0, 0.0, 0.0, 0.0, 0.0, 0.0, 0.0, 0.0, 0.0, 0.0, 0.0, 0.0, 0.0, 0.0], [0.0, 0.0, 0.0, 0.0, 0.0, 0.0, 0.0, 0.0, 0.0, 0.0, 0.0, 0.0, 0.0, 0.0, 0.0, 0.0, 0.0, 0.0, 0.0, 0.0, 0.0, 0.0, 0.0, 0.0, 0.0, 0.0, 0.0, 0.0, 0.0, 0.0, 0.0, 0.0, 0.0, 0.0, 0.0, 0.0, 0.0, 0.0, 0.0, 0.0, 0.0, 0.0, 0.0, 0.0, 0.0, 0.0, 0.0, 0.0, 0.0, 0.0, 0.0, 0.0, 0.0, 0.0, 0.0, 0.0, 0.0, 0.0, 0.0, 0.0, 0.0, 0.0, 0.0, 0.0, 0.0, 0.0, 0.0, 0.0, 0.0, 0.0, 0.0], []], ""optimization_candidate_groups"": [0, 1, 2], ""optimization_clusters"": 3, ""optimization_connectivity_rank"": 4, ""optimization_core_fraction"": 0.2463, ""optimization_core_rank"": 4, ""optimization_description_gain_nats"": 141825.192243614, ""optimization_group_gains_nats"": [91616.97464292943, 18389.643921200935, 0.0], ""optimization_group_sizes"": [3438, 1534, 15028], ""optimization_noise_fraction"": 0.73505, ""optimization_objective"": ""gamma_topology_component_and_attachment_description_gain"", ""optimization_objective_trace"": [0.0, -141825.192243614], ""optimization_ordering_modes"": [""d4"", ""d4"", ""adaptive_d4_rank_windows_with_beta_boundary_code""], ""optimization_seconds"": 0.08026790000076289, ""optimization_selected_component_gains_nats"": [13151.408640717182, 19141.663249876143, 37312.39028167186, 24018.630558342396, 10273.956624972321, 4178.507952680584, 1393.9662914723783, 378.1119542908035, 848.5879612970576, 319.62889145074143, 540.8558993362489, 213.48711197835686, 2508.858762389659, 896.4578261466647, 297.04964127846273, 2084.9513571589323, 1849.2969337088778, 380.36485291843854, 94.71028984926286, 1538.1431620954352, 299.41086339064475, 1003.2837572250977, 567.5126219376008, 2109.59251495171, 142.32861702253143, 221.64312605070026, 593.5464727078748, 66.3318548771901, 274.3948731663842, 495.4673024470456, 1393.2962018526123, 1416.1902882088773, 295.4129620632564, 513.5075190121054, 707.5319096000403, 409.9346288025784, 762.5226550174744, 168.45009738557025, 623.1547683990485, 876.5778246695617, 819.6096393455576, 491.7917990886742, 204.48050242922744, 282.0154014065946, 125.4959981226589, 715.8396809811455, 657.401655476995, 432.4203559771586, 241.68387506456335, 707.7914092191854, 462.7196105698635, 31.53706432563782, 445.8129354896563, 220.3612655364281, 227.19977227833266, 164.80215804130697, 96.45591208591577, 358.59402910809933, 20.152510895108534, 127.28779694332991, 40.57241691682916, 56.90462207431762, 19.2540199540574, 47.63099501289335, 189.20736250435544, 39.24159982112631], ""optimization_selected_groups"": [0, 1], ""optimization_selected_local_components"": [12, 54, 0], ""optimization_solver"": ""exact_stratum_event_sweep"", ""optimization_sparse_memory"": true, ""optimization_threshold_seconds"": 0.076207300000533, ""optimization_threshold_sizes"": [3438, 1534, 0], ""optimization_thresholds"": [0.033365074545145035, 0.04684685543179512, 0.0], ""optimization_topology_evidence_ranks"": [5, 8], ""optimization_unified_background_scan"": true, ""stratification"": ""adaptive-semantic-information-criterion-gamma-v2""}","[{""coverage"": 0.9484, ""f1"": 0.9198836081474298, ""fragments"": 1, ""matched_predicted_cluster"": 1, ""overlap"": 2371, ""passes_discovery_thresholds"": false, ""precision"": 0.8930320150659133, ""purity"": 0.8930320150659133, ""recall"": 0.9484, ""target"": ""cluster_0"", ""target_label"": 0, ""target_noise_loss"": 0.0516, ""target_size"": 2500}, {""coverage"": 0.9296, ""f1"": 0.916042569964525, ""fragments"": 1, ""matched_predicted_cluster"": 0, ""overlap"": 2324, ""passes_discovery_thresholds"": true, ""precision"": 0.9028749028749029, ""purity"": 0.9028749028749029, ""recall"": 0.9296, ""target"": ""cluster_1"", ""target_label"": 1, ""target_noise_loss"": 0.0476, ""target_size"": 2500}]",,native_target_discovery_v1
synthetic__moons_noise75__quality__n20000__StrataSCAN__227__292d12ca561a,ok,synthetic,moons_noise75__quality__n20000,StrataSCAN,227,0.2.4,20000,2,0.0622625999985757,0.7898240000013175,4.033138200000394,233.44140625,47.15625,231.9140625,,,evaluation_state/synthetic__moons_noise75__quality__n20000__StrataSCAN__227__292d12ca561a.npz,9c2eaf82bcccae5665d2267ecdf0e21b6dd90571a62e2aa818de14c720173018,15057,0.888962355158354,0.9351185270923268,0,0,0.9598,known_synthetic_noise,0.9634,0.9502216942956356,1.0,2,0,0.1,0.9,full_partition,target-discovery-v1,0,0.05,0.967,0.9264226863383788,0.033,0.8891136447223243,2,pairwise_f1,hungarian,1.0,0,2,0.9496256304684784,0.9740207022528924,0.9740207022528924,0.75,0.988669138854553,0.9598,0.8567369876919507,0.7904990120756533,0.9350906762705082,0.7281,2,macro,2,2,0.967,0.926422686338379,0.8891136447223243,0.967,0,2,0.0,1.0,2,0,0.0,0.967,0.0,0.9264226863383788,0.8891136447223243,"{""dimension"": 2, ""family"": ""moons"", ""n"": 20000}","{""ambiguous_model_confirmation_tolerance"": 1e-05, ""assignment"": ""maximum_posterior_basis_then_semantic_role"", ""background_model"": ""adaptive_gamma_basis_mixture_with_largest_rate_gap"", ""background_scan"": ""adaptive_dyadic_rank_windows_with_poisson_beta_boundary_code"", ""border_rule"": ""strict_local_core_radius"", ""component_initialization"": ""compiled_split_warm_single_start_with_guarded_confirmation"", ""component_selection"": ""semantic_icl_with_adaptive_bound"", ""connectivity"": ""density_ordered_non_merging_knn_watershed"", ""core_thresholds"": ""observed_d4_event_sweep"", ""duplicate_profile_confirmation_minimum"": 3, ""duplicate_profile_confirmation_tolerance"": 1e-08, ""extraction_objective"": ""gamma_topology_description_length"", ""fit_samples"": ""all_rows"", ""gamma_tolerance"": 0.0001, ""geometry_profile"": ""low_dim"", ""hard_component_bound"": 24, ""initial_component_bound"": 8, ""k"": 32, ""knn_backend"": ""kd_tree"", ""shell_ranks"": [4, 8, 16, 32], ""stratification_model"": ""adaptive_gamma_density_basis_with_semantic_background"", ""version"": ""0.2.3""}","{""algorithm"": ""OptimizationStrataSCAN"", ""algorithm_version"": ""0.2.3"", ""graph_seconds"": 0.1853186000007554, ""mdl_gamma_adaptive_search"": true, ""mdl_gamma_assignment"": ""maximum_posterior_basis_then_semantic_role"", ""mdl_gamma_background_basis_components"": [2, 3, 4, 5], ""mdl_gamma_background_boundary"": ""largest_rate_gap"", ""mdl_gamma_background_components"": 4, ""mdl_gamma_background_distribution"": ""gamma_components"", ""mdl_gamma_background_fraction"": 0.7414, ""mdl_gamma_background_group"": 2, ""mdl_gamma_candidate_components"": [1, 2, 3, 4, 5, 6, 7, 8], ""mdl_gamma_candidate_converged"": [true, true, true, true, true, true, true, true], ""mdl_gamma_candidate_entropies"": [-0.0, 42.04179518334178, 48.888030271295, 284.15332384655926, 297.089713497955, 595.3333084643134, 640.0431299744919, 2407.0740183013586], ""mdl_gamma_candidate_iterations"": [2, 6, 5, 41, 6, 29, 6, 7], ""mdl_gamma_candidate_log_likelihoods"": [-292548.46167941304, -86795.44456850794, -84578.08307726271, -74654.73746866133, -74489.23473431966, -72821.66832908087, -72816.92047801043, -72585.16529641209], ""mdl_gamma_candidate_role_gains_nats"": [[0.0], [0.0, 0.0], [0.0, 0.0, 0.0], [0.0, 0.0, 0.0, 0.0], [0.0, 0.0, 0.0, 0.0, 0.0], [0.0, 0.0, 0.0, 0.0, 0.0, 0.0], [0.0, 0.0, 0.0, 0.0, 0.0, 0.0, 0.0], [0.0, 0.0, 0.0, 0.0, 0.0, 0.0, 0.0, 0.0]], ""mdl_gamma_candidate_role_threshold_sizes"": [[0], [0, 0], [0, 0, 0], [0, 0, 0, 0], [0, 0, 0, 0, 0], [0, 0, 0, 0, 0, 0], [0, 0, 0, 0, 0, 0, 0], [0, 0, 0, 0, 0, 0, 0, 0]], ""mdl_gamma_candidate_scores"": [585116.7303339312, 173724.49016514522, 169333.1701154883, 149986.7199480937, 149711.29772137073, 147002.36256348348, 147111.9969670206, 150212.2588431352], ""mdl_gamma_candidate_signal_components"": [[], [0], [0], [0, 1], [0, 1], [0, 1], [0, 1], [0, 1, 2]], ""mdl_gamma_criterion"": ""icl"", ""mdl_gamma_entropy_scope"": ""semantic"", ""mdl_gamma_fit_samples"": 20000, ""mdl_gamma_grouping"": ""largest_rate_gap"", ""mdl_gamma_guarded_confirmation"": true, ""mdl_gamma_log_rate_gaps"": [0.792502903355345], ""mdl_gamma_mean_background_probability"": 0.7417535901535858, ""mdl_gamma_mean_posterior_entropy"": 0.02976666542321567, ""mdl_gamma_mu"": [3.6467173480814274, 2.752185936923298, 1.417292471803755, 1.1190567253719301, 0.8490283060559545, 0.7659961529371646], ""mdl_gamma_n_init"": 1, ""mdl_gamma_ranks"": [4, 8, 16, 32], ""mdl_gamma_rates"": [[37.1359302523501, 36.54406464526377, 35.961632083060664, 35.38848222361129], [16.81181760531532, 17.40974546363183, 18.028939179819528, 18.670155093802553], [5.746934000228249, 6.782552506365785, 8.004793251459247, 9.447286244886142], [2.8959095049516916, 2.8162901689314412, 2.7388598649432576, 2.663558408345106], [2.6073253716697407, 2.7537765159310794, 2.908453690548469, 3.071818944321595], [1.843129103416423, 1.7060811475537971, 1.5792235479561283, 1.4617985891204517]], ""mdl_gamma_role_evidence_neighbour_ranks"": [], ""mdl_gamma_search_caps"": [8], ""mdl_gamma_search_hard_max"": 24, ""mdl_gamma_search_hit_hard_max"": false, ""mdl_gamma_search_initial_max"": 8, ""mdl_gamma_selected_components"": 6, ""mdl_gamma_signal_basis_components"": [0, 1], ""mdl_gamma_signal_components"": 2, ""mdl_gamma_slopes"": [-0.02317861027237714, 0.05041940084581197, 0.2390358301502966, -0.04022053410201948, 0.07884085162881217, -0.1114708609872185], ""mdl_gamma_split_warm_start"": true, ""mdl_gamma_tolerance"": 0.0001, ""mdl_gamma_weights"": [0.1927494292974093, 0.06593967443246815, 0.03238519366432679, 0.47057277649177776, 0.20584793434250293, 0.032504991771514224], ""optimization_background_events"": [], ""optimization_background_intrinsic_dimension"": 2.0201294153485527, ""optimization_border_fraction"": 0.01545, ""optimization_border_model"": ""strict_local_core_radius"", ""optimization_border_seconds"": 0.002010800000789459, ""optimization_boundary_component_gains_nats"": [[0.0, 0.0, 0.0, 0.0, 0.0, 0.0, 0.0, 0.0, 0.0, 0.0, 0.0, 0.0], [0.0, 0.0, 0.0, 0.0, 0.0, 0.0, 0.0, 0.0, 0.0, 0.0, 0.0, 0.0, 0.0, 0.0, 0.0, 0.0, 0.0, 0.0, 0.0, 0.0, 0.0, 0.0, 0.0, 0.0, 0.0, 0.0, 0.0, 0.0, 0.0, 0.0, 0.0, 0.0, 0.0, 0.0, 0.0, 0.0, 0.0, 0.0, 0.0, 0.0, 0.0, 0.0, 0.0, 0.0, 0.0, 0.0, 0.0, 0.0, 0.0, 0.0, 0.0, 0.0, 0.0, 0.0, 0.0, 0.0, 0.0, 0.0, 0.0, 0.0, 0.0, 0.0, 0.0, 0.0, 0.0, 0.0, 0.0, 0.0, 0.0, 0.0, 0.0, 0.0, 0.0, 0.0, 0.0, 0.0, 0.0, 0.0, 0.0, 0.0], []], ""optimization_candidate_groups"": [0, 1, 2], ""optimization_clusters"": 2, ""optimization_connectivity_rank"": 4, ""optimization_core_fraction"": 0.25645, ""optimization_core_rank"": 4, ""optimization_description_gain_nats"": 151436.7841294986, ""optimization_group_gains_nats"": [115786.65831123179, 16452.232471358126, 0.0], ""optimization_group_sizes"": [3872, 1300, 14828], ""optimization_noise_fraction"": 0.7281, ""optimization_objective"": ""gamma_topology_component_and_attachment_description_gain"", ""optimization_objective_trace"": [0.0, -151436.7841294986], ""optimization_ordering_modes"": [""d4"", ""d4"", ""adaptive_d4_rank_windows_with_beta_boundary_code""], ""optimization_seconds"": 0.07594319999952859, ""optimization_selected_component_gains_nats"": [61565.7369435753, 63501.27021565446, 441.0073585943592, 130.45691045216535, 412.9246916076207, 772.198089517647, 375.87547354179594, 1166.3906969757613, 374.28408916966526, 31.808274171213277, 1746.1223087368687, 98.68579665684396, 58.17460223308769, 547.5122823990517, 738.0279146387787, 179.9566446491916, 1022.4385770959829, 723.8217332028502, 361.5289498147687, 977.0668631995753, 456.09917939282, 115.68478495035595, 221.01101155482493, 132.957337899261, 827.3796568142163, 28.681346286852083, 873.6345913954962, 162.13711521097153, 1056.992682198637, 95.9238380621816, 605.5036640090842, 408.13133391459723, 511.95531647947416, 46.89874329552952, 826.081911671859, 60.36575353583307, 443.8143770451526, 107.30278310063991, 508.0951030394277, 289.79288695227444, 376.45353859105603, 1252.905045155615, 377.6691184757466, 490.63988176995434, 26.54941689097935, 125.58949982469628, 672.7465841165088, 56.3351352013218, 350.12139984073724, 393.54374881221275, 539.9364725875563, 601.8972476539044, 546.5259336959051, 161.86307550851237, 0.18157278620125084, 456.91065489818993, 83.87525705130133, 95.85006868236133, 170.4157994032089, 743.4192137883887, 206.45842572712354, 90.05686483300977, 202.9247986387282, 91.4270522458298, 62.80802998899443, 66.44731454976159], ""optimization_selected_groups"": [0, 1], ""optimization_selected_local_components"": [4, 62, 0], ""optimization_solver"": ""exact_stratum_event_sweep"", ""optimization_sparse_memory"": true, ""optimization_threshold_seconds"": 0.07424259999970673, ""optimization_threshold_sizes"": [3872, 1300, 0], ""optimization_thresholds"": [0.03755034878849983, 0.051044758409261703, 0.0], ""optimization_topology_evidence_ranks"": [5, 8], ""optimization_unified_background_scan"": true, ""stratification"": ""adaptive-semantic-information-criterion-gamma-v2""}","[{""coverage"": 0.9632, ""f1"": 0.92278214217283, ""fragments"": 1, ""matched_predicted_cluster"": 0, ""overlap"": 2408, ""passes_discovery_thresholds"": false, ""precision"": 0.8856197131298271, ""purity"": 0.8856197131298271, ""recall"": 0.9632, ""target"": ""cluster_0"", ""target_label"": 0, ""target_noise_loss"": 0.0368, ""target_size"": 2500}, {""coverage"": 0.9708, ""f1"": 0.9300632305039278, ""fragments"": 1, ""matched_predicted_cluster"": 1, ""overlap"": 2427, ""passes_discovery_thresholds"": false, ""precision"": 0.8926075763148216, ""purity"": 0.8926075763148216, ""recall"": 0.9708, ""target"": ""cluster_1"", ""target_label"": 1, ""target_noise_loss"": 0.0292, ""target_size"": 2500}]",,native_target_discovery_v1
synthetic__moons_noise75__quality__n20000__StrataSCAN__229__761a214afd55,ok,synthetic,moons_noise75__quality__n20000,StrataSCAN,229,0.2.4,20000,2,0.0638190000008762,0.8304951999998593,4.0671984999989945,232.234375,46.1328125,232.546875,,,evaluation_state/synthetic__moons_noise75__quality__n20000__StrataSCAN__229__761a214afd55.npz,6cef4f96e865acc75c51fb26a76d93c18939728c282f689f5767298167ed54e0,15080,0.8849805494931305,0.932025990561702,0,0,0.9598,known_synthetic_noise,0.9626,0.9496782096596438,1.0,2,0,0.1,0.9,full_partition,target-discovery-v1,0,0.05,0.9654,0.925599570874662,0.0346,0.8889763965407207,2,pairwise_f1,hungarian,1.0,0,2,0.9490678677270024,0.973757186337504,0.973757186337504,0.75,0.9881262868908716,0.9598,0.8552388577611009,0.7901611776221609,0.9319982392957182,0.7285,2,macro,2,2,0.9654,0.9255992329817836,0.888950276243094,0.9654,0,2,0.0,1.0,2,0,0.0,0.9654,0.0,0.925599570874662,0.8889763965407208,"{""dimension"": 2, ""family"": ""moons"", ""n"": 20000}","{""ambiguous_model_confirmation_tolerance"": 1e-05, ""assignment"": ""maximum_posterior_basis_then_semantic_role"", ""background_model"": ""adaptive_gamma_basis_mixture_with_largest_rate_gap"", ""background_scan"": ""adaptive_dyadic_rank_windows_with_poisson_beta_boundary_code"", ""border_rule"": ""strict_local_core_radius"", ""component_initialization"": ""compiled_split_warm_single_start_with_guarded_confirmation"", ""component_selection"": ""semantic_icl_with_adaptive_bound"", ""connectivity"": ""density_ordered_non_merging_knn_watershed"", ""core_thresholds"": ""observed_d4_event_sweep"", ""duplicate_profile_confirmation_minimum"": 3, ""duplicate_profile_confirmation_tolerance"": 1e-08, ""extraction_objective"": ""gamma_topology_description_length"", ""fit_samples"": ""all_rows"", ""gamma_tolerance"": 0.0001, ""geometry_profile"": ""low_dim"", ""hard_component_bound"": 24, ""initial_component_bound"": 8, ""k"": 32, ""knn_backend"": ""kd_tree"", ""shell_ranks"": [4, 8, 16, 32], ""stratification_model"": ""adaptive_gamma_density_basis_with_semantic_background"", ""version"": ""0.2.3""}","{""algorithm"": ""OptimizationStrataSCAN"", ""algorithm_version"": ""0.2.3"", ""graph_seconds"": 0.19088399999964167, ""mdl_gamma_adaptive_search"": true, ""mdl_gamma_assignment"": ""maximum_posterior_basis_then_semantic_role"", ""mdl_gamma_background_basis_components"": [2, 3, 4, 5], ""mdl_gamma_background_boundary"": ""largest_rate_gap"", ""mdl_gamma_background_components"": 4, ""mdl_gamma_background_distribution"": ""gamma_components"", ""mdl_gamma_background_fraction"": 0.7442, ""mdl_gamma_background_group"": 2, ""mdl_gamma_candidate_components"": [1, 2, 3, 4, 5, 6, 7, 8], ""mdl_gamma_candidate_converged"": [true, true, true, true, true, true, true, true], ""mdl_gamma_candidate_entropies"": [-0.0, 51.65067095343619, 241.7954484149612, 262.4998141995307, 279.42913303799725, 623.2977876744287, 654.1469781726655, 672.5297384850547], ""mdl_gamma_candidate_iterations"": [2, 6, 28, 41, 7, 33, 5, 5], ""mdl_gamma_candidate_log_likelihoods"": [-296102.2068103772, -87129.12698200425, -76713.71797698211, -74713.36674160186, -74450.2758914747, -72849.79713764043, -72875.3778472555, -72837.0597938847], ""mdl_gamma_candidate_role_gains_nats"": [[0.0], [0.0, 0.0], [0.0, 0.0, 0.0], [0.0, 0.0, 0.0, 0.0], [0.0, 0.0, 0.0, 0.0, 0.0], [0.0, 0.0, 0.0, 0.0, 0.0, 0.0], [0.0, 0.0, 0.0, 0.0, 0.0, 0.0, 0.0], [0.0, 0.0, 0.0, 0.0, 0.0, 0.0, 0.0, 0.0]], ""mdl_gamma_candidate_role_threshold_sizes"": [[0], [0, 0], [0, 0, 0], [0, 0, 0, 0], [0, 0, 0, 0, 0], [0, 0, 0, 0, 0, 0], [0, 0, 0, 0, 0, 0, 0], [0, 0, 0, 0, 0, 0, 0, 0]], ""mdl_gamma_candidate_scores"": [592224.2205958595, 174411.07274367803, 153990.25475121444, 150060.67147468068, 149598.05887476087, 147114.54913902283, 147257.11940190705, 147246.95927844784], ""mdl_gamma_candidate_signal_components"": [[], [0], [0, 1], [0, 1], [0, 1], [0, 1], [0, 1], [0, 1]], ""mdl_gamma_criterion"": ""icl"", ""mdl_gamma_entropy_scope"": ""semantic"", ""mdl_gamma_fit_samples"": 20000, ""mdl_gamma_grouping"": ""largest_rate_gap"", ""mdl_gamma_guarded_confirmation"": true, ""mdl_gamma_log_rate_gaps"": [0.7622805646576389], ""mdl_gamma_mean_background_probability"": 0.744673282792364, ""mdl_gamma_mean_posterior_entropy"": 0.031164889383721434, ""mdl_gamma_mu"": [3.6893295253887626, 2.8440982021237966, 1.4588294200585938, 1.1008489696304053, 0.8790340993581243, 0.84788583486894], ""mdl_gamma_n_init"": 1, ""mdl_gamma_ranks"": [4, 8, 16, 32], ""mdl_gamma_rates"": [[38.676140687619245, 38.02217615825488, 37.379269340390785, 36.74723326213757], [18.0463297391565, 18.492484147978598, 18.949668708603788, 19.418156116418217], [6.129658438957023, 7.317683624766441, 8.735966965442586, 10.429136149451935], [2.8433107048788977, 2.76496834585028, 2.688784570900299, 2.6146999040917693], [2.7235346317938935, 2.896139811570701, 3.0796839189227234, 3.27486021309427], [1.9175722675145919, 1.7378470082511268, 1.5749665737509997, 1.4273521757989625]], ""mdl_gamma_role_evidence_neighbour_ranks"": [], ""mdl_gamma_search_caps"": [8], ""mdl_gamma_search_hard_max"": 24, ""mdl_gamma_search_hit_hard_max"": false, ""mdl_gamma_search_initial_max"": 8, ""mdl_gamma_selected_components"": 6, ""mdl_gamma_signal_basis_components"": [0, 1], ""mdl_gamma_signal_components"": 2, ""mdl_gamma_slopes"": [-0.024602736717224852, 0.03523358732315914, 0.25558035774454363, -0.04030879502837085, 0.088651038166323, -0.14197986981415311], ""mdl_gamma_split_warm_start"": true, ""mdl_gamma_tolerance"": 0.0001, ""mdl_gamma_weights"": [0.1901631463681764, 0.06552712080539554, 0.031242330781617828, 0.4798970569309385, 0.20464988394468797, 0.028520461169183234], ""optimization_background_events"": [{""boundary_gain_nats"": 11.851551474141083, ""component_size"": 4, ""description_gain_nats"": 0.12455783180045898, ""graph_code_nats"": 16.164820445624557, ""width"": 8, ""window_count"": 1861, ""window_gain_nats"": 5.13097398384388, ""window_pvalue"": 0.0005373455131649651}], ""optimization_background_intrinsic_dimension"": 2.0229953073917555, ""optimization_border_fraction"": 0.01735, ""optimization_border_model"": ""strict_local_core_radius"", ""optimization_border_seconds"": 0.002149299998563947, ""optimization_boundary_component_gains_nats"": [[0.0, 0.0, 0.0, 0.0, 0.0, 0.0, 0.0, 0.0, 0.0, 0.0, 0.0, 0.0, 0.0, 0.0, 0.0, 0.0], [0.0, 0.0, 0.0, 0.0, 0.0, 0.0, 0.0, 0.0, 0.0, 0.0, 0.0, 0.0, 0.0, 0.0, 0.0, 0.0, 0.0, 0.0, 0.0, 0.0, 0.0, 0.0, 0.0, 0.0, 0.0, 0.0, 0.0, 0.0, 0.0, 0.0, 0.0, 0.0, 0.0, 0.0, 0.0, 0.0, 0.0, 0.0, 0.0, 0.0, 0.0, 0.0, 0.0, 0.0, 0.0, 0.0, 0.0, 0.0, 0.0, 0.0, 0.0, 0.0, 0.0, 0.0, 0.0, 0.0, 0.0, 0.0, 0.0, 0.0, 0.0, 0.0, 0.0, 0.0, 0.0, 0.0, 0.0, 0.0, 0.0, 0.0, 0.0, 0.0, 0.0, 0.0, 0.0, 0.0, 0.0, 0.0, 0.0, 0.0, 0.0, 0.0, 0.0, 0.0, 0.0, 0.0, 0.0, 0.0, 0.0], [11.851551474141083]], ""optimization_candidate_groups"": [0, 1, 2], ""optimization_clusters"": 2, ""optimization_connectivity_rank"": 4, ""optimization_core_fraction"": 0.25415, ""optimization_core_rank"": 4, ""optimization_description_gain_nats"": 150135.6447456815, ""optimization_group_gains_nats"": [110058.12986762928, 15226.243528805215, 0.12455783180045898], ""optimization_group_sizes"": [3841, 1275, 14884], ""optimization_noise_fraction"": 0.7285, ""optimization_objective"": ""gamma_topology_component_and_attachment_description_gain"", ""optimization_objective_trace"": [0.0, -150135.6447456815], ""optimization_ordering_modes"": [""d4"", ""d4"", ""adaptive_d4_rank_windows_with_beta_boundary_code""], ""optimization_seconds"": 0.08489580000059505, ""optimization_selected_component_gains_nats"": [24057.52009743748, 57449.83998282282, 39883.28417554434, 138.12598835622683, 3037.8768098106634, 92.7015355613558, 295.2608431517801, 195.423821694969, 94.72923226601023, 727.0712294914835, 530.3858149487904, 403.60337324922466, 489.91699047118925, 97.46640602900314, 350.91785938462533, 113.5100020681779, 156.12419466574232, 1611.7683624291265, 451.6741717388621, 558.57395760721, 382.11988347280226, 431.40419489110025, 1419.5504707497184, 1223.1508950190057, 175.94308785366505, 580.032060342259, 371.3342552759661, 908.3997676407284, 409.6820574159188, 1061.0974265681284, 58.49469638434575, 57.4945700493006, 24.60889674802295, 524.4331575744291, 156.4087205870942, 825.7533833646384, 338.69763275063485, 379.44383787195943, 451.79050614894305, 562.0808084263999, 69.16593325185212, 116.54799687730616, 372.3787708716393, 69.23883654218872, 138.41955390677637, 290.52537067625684, 145.3500173347435, 656.0596498820553, 747.9972511808875, 154.28866516373066, 141.78966062328038, 181.55137743990954, 115.28609662503627, 306.7123254782474, 250.52102777282542, 230.44024992795627, 150.43512231659687, 119.24303078070366, 35.76780230692173, 208.50846149043636, 515.0106904756673, 225.20367960391854, 27.58565128823156, 551.2952555791848, 89.70741678190416, 83.83037824251048, 104.81388283768206, 515.6144150520768, 411.56091785103973, 52.29382061830051, 145.45548325461377, 29.35334278471766, 231.8623187014505, 86.49008914935058, 318.39764432115993, 96.49235177952355, 125.20432343994281, 335.84732890497446, 54.763737404577164, 91.5922452340991, 246.11243395637533, 0.12455783180045898], ""optimization_selected_groups"": [0, 1, 2], ""optimization_selected_local_components"": [9, 72, 1], ""optimization_solver"": ""exact_stratum_event_sweep"", ""optimization_sparse_memory"": true, ""optimization_threshold_seconds"": 0.0830208000006678, ""optimization_threshold_sizes"": [3841, 1275, 4], ""optimization_thresholds"": [0.03798478841781616, 0.05505899339914322, 0.015107428655028343], ""optimization_topology_evidence_ranks"": [5, 8], ""optimization_unified_background_scan"": true, ""stratification"": ""adaptive-semantic-information-criterion-gamma-v2""}","[{""coverage"": 0.9616, ""f1"": 0.9256834809395457, ""fragments"": 1, ""matched_predicted_cluster"": 0, ""overlap"": 2404, ""passes_discovery_thresholds"": false, ""precision"": 0.8923533778767632, ""purity"": 0.8923533778767632, ""recall"": 0.9616, ""target"": ""cluster_0"", ""target_label"": 0, ""target_noise_loss"": 0.0384, ""target_size"": 2500}, {""coverage"": 0.9692, ""f1"": 0.9255156608097784, ""fragments"": 1, ""matched_predicted_cluster"": 1, ""overlap"": 2423, ""passes_discovery_thresholds"": false, ""precision"": 0.8855994152046783, ""purity"": 0.8855994152046783, ""recall"": 0.9692, ""target"": ""cluster_1"", ""target_label"": 1, ""target_noise_loss"": 0.0308, ""target_size"": 2500}]",,native_target_discovery_v1
synthetic__moons_noise75__quality__n20000__StrataSCAN__233__c0f32253bfb1,ok,synthetic,moons_noise75__quality__n20000,StrataSCAN,233,0.2.4,20000,2,0.0597490000000107,1.0199305999994976,4.230932000000394,240.43359375,54.31640625,239.9765625,,,evaluation_state/synthetic__moons_noise75__quality__n20000__StrataSCAN__233__c0f32253bfb1.npz,c90964ec0e02eeb299d068269a8064ef41383aedb86c563d83df7ec3e3c8c6a7,15923,0.7747867091069666,0.7592658751840832,3,3,0.954,known_synthetic_noise,0.9695,0.950949240398494,3.0,3,0,0.1,0.9,full_partition,target-discovery-v1,1,0.05,0.8278,0.8471027895163209,0.015,0.8824238326794132,2,pairwise_f1,hungarian,1.5,0,6,0.9061156197264276,0.9739663093415007,0.9739663093415007,0.75,0.994786235662148,0.954,0.7694686233278516,0.7799816651798744,0.7592352140856342,0.71925,6,macro,1,1,0.985,0.9279321714554876,0.8771148708815673,0.985,3,2,0.0,0.5,2,4,0.0,0.8278,0.0,0.8471027895163208,0.8824238326794132,"{""dimension"": 2, ""family"": ""moons"", ""n"": 20000}","{""ambiguous_model_confirmation_tolerance"": 1e-05, ""assignment"": ""maximum_posterior_basis_then_semantic_role"", ""background_model"": ""adaptive_gamma_basis_mixture_with_largest_rate_gap"", ""background_scan"": ""adaptive_dyadic_rank_windows_with_poisson_beta_boundary_code"", ""border_rule"": ""strict_local_core_radius"", ""component_initialization"": ""compiled_split_warm_single_start_with_guarded_confirmation"", ""component_selection"": ""semantic_icl_with_adaptive_bound"", ""connectivity"": ""density_ordered_non_merging_knn_watershed"", ""core_thresholds"": ""observed_d4_event_sweep"", ""duplicate_profile_confirmation_minimum"": 3, ""duplicate_profile_confirmation_tolerance"": 1e-08, ""extraction_objective"": ""gamma_topology_description_length"", ""fit_samples"": ""all_rows"", ""gamma_tolerance"": 0.0001, ""geometry_profile"": ""low_dim"", ""hard_component_bound"": 24, ""initial_component_bound"": 8, ""k"": 32, ""knn_backend"": ""kd_tree"", ""shell_ranks"": [4, 8, 16, 32], ""stratification_model"": ""adaptive_gamma_density_basis_with_semantic_background"", ""version"": ""0.2.3""}","{""algorithm"": ""OptimizationStrataSCAN"", ""algorithm_version"": ""0.2.3"", ""graph_seconds"": 0.18149959999936982, ""mdl_gamma_adaptive_search"": true, ""mdl_gamma_assignment"": ""maximum_posterior_basis_then_semantic_role"", ""mdl_gamma_background_basis_components"": [3, 4, 5, 6, 7, 8], ""mdl_gamma_background_boundary"": ""largest_rate_gap"", ""mdl_gamma_background_components"": 6, ""mdl_gamma_background_distribution"": ""gamma_components"", ""mdl_gamma_background_fraction"": 0.72685, ""mdl_gamma_background_group"": 3, ""mdl_gamma_candidate_components"": [1, 2, 3, 4, 5, 6, 7, 8, 9, 10, 11, 12], ""mdl_gamma_candidate_converged"": [true, true, true, true, true, true, true, true, true, true, true, true], ""mdl_gamma_candidate_entropies"": [-0.0, 54.76748461173123, 256.2659490048468, 281.5822417490185, 297.906312302571, 866.1389632344931, 792.8371620629205, 784.7673297041058, 1085.229569702214, 1151.833482036442, 3087.358127783379, 3077.4993530562915], ""mdl_gamma_candidate_iterations"": [2, 6, 31, 40, 8, 20, 6, 6, 33, 5, 4, 4], ""mdl_gamma_candidate_log_likelihoods"": [-292240.06972095, -87225.01269261583, -77576.13651132642, -75584.2500663114, -75291.99367523727, -73782.50328153129, -73785.40428712433, -73693.06056897467, -73322.62810970926, -73298.48834154008, -73238.4805878483, -73239.90809043715], ""mdl_gamma_candidate_role_gains_nats"": [[0.0], [0.0, 0.0], [0.0, 0.0, 0.0], [0.0, 0.0, 0.0, 0.0], [0.0, 0.0, 0.0, 0.0, 0.0], [0.0, 0.0, 0.0, 0.0, 0.0, 0.0], [0.0, 0.0, 0.0, 0.0, 0.0, 0.0, 0.0], [0.0, 0.0, 0.0, 0.0, 0.0, 0.0, 0.0, 0.0], [0.0, 0.0, 0.0, 0.0, 0.0, 0.0, 0.0, 0.0, 0.0], [0.0, 0.0, 0.0, 0.0, 0.0, 0.0, 0.0, 0.0, 0.0, 0.0], [0.0, 0.0, 0.0, 0.0, 0.0, 0.0, 0.0, 0.0, 0.0, 0.0, 0.0], [0.0, 0.0, 0.0, 0.0, 0.0, 0.0, 0.0, 0.0, 0.0, 0.0, 0.0, 0.0]], ""mdl_gamma_candidate_role_threshold_sizes"": [[0], [0, 0], [0, 0, 0], [0, 0, 0, 0], [0, 0, 0, 0, 0], [0, 0, 0, 0, 0, 0], [0, 0, 0, 0, 0, 0, 0], [0, 0, 0, 0, 0, 0, 0, 0], [0, 0, 0, 0, 0, 0, 0, 0, 0], [0, 0, 0, 0, 0, 0, 0, 0, 0, 0], [0, 0, 0, 0, 0, 0, 0, 0, 0, 0, 0], [0, 0, 0, 0, 0, 0, 0, 0, 0, 0, 0, 0]], ""mdl_gamma_candidate_scores"": [584499.946417005, 174609.07779221778, 155744.03282108283, 151840.60297919874, 151318.44880081518, 149465.64377792468, 149354.55264942523, 149183.43601106587, 149073.2060351889, 149187.8447861766, 152968.5890329445, 152981.43695132565], ""mdl_gamma_candidate_signal_components"": [[], [0], [0, 1], [0, 1], [0, 1], [0, 1], [0, 1], [0, 1], [0, 1, 2], [0, 1, 2], [0, 1, 2, 3], [0, 1, 2, 3]], ""mdl_gamma_criterion"": ""icl"", ""mdl_gamma_entropy_scope"": ""semantic"", ""mdl_gamma_fit_samples"": 20000, ""mdl_gamma_grouping"": ""largest_rate_gap"", ""mdl_gamma_guarded_confirmation"": true, ""mdl_gamma_log_rate_gaps"": [0.6048117567163649, 0.8310872160325409], ""mdl_gamma_mean_background_probability"": 0.7270343583967277, ""mdl_gamma_mean_posterior_entropy"": 0.0542614784851107, ""mdl_gamma_mu"": [3.703258575299672, 3.037059910026289, 2.008233584618454, 0.8707861257197429, 1.275691432701949, 1.152530124925514, 1.0498676622845533, 0.7579656546119722, 0.7835029263853652], ""mdl_gamma_n_init"": 1, ""mdl_gamma_ranks"": [4, 8, 16, 32], ""mdl_gamma_rates"": [[39.04243934114826, 38.295966465541035, 37.563765796369196, 36.84556445583207], [21.32409141703047, 21.56833515330496, 21.81537642976735, 22.065247289127186], [9.288251016905413, 10.370949835954018, 11.579855056039346, 12.929678114342629], [3.697101218541361, 4.599421452326142, 5.72196335605445, 7.11847457063786], [3.280064392808792, 3.139139961791947, 3.0042701970496304, 2.8751949663717533], [2.9012320712017767, 2.7771860029487883, 2.658443690710964, 2.5447783652866316], [2.7884466479735064, 2.754657717844068, 2.7212782242014715, 2.6883032057096776], [2.4625087229667226, 2.6453096469886592, 2.841680544392462, 3.052628763355226], [1.8756304141946878, 1.7361426291854154, 1.6070283388793345, 1.487516082231666]], ""mdl_gamma_role_evidence_neighbour_ranks"": [], ""mdl_gamma_search_caps"": [8, 12], ""mdl_gamma_search_hard_max"": 24, ""mdl_gamma_search_hit_hard_max"": false, ""mdl_gamma_search_initial_max"": 8, ""mdl_gamma_selected_components"": 9, ""mdl_gamma_signal_basis_components"": [0, 1, 2], ""mdl_gamma_signal_components"": 3, ""mdl_gamma_slopes"": [-0.027850746324831477, 0.0164305479505252, 0.15906916419329417, 0.3150578583241868, -0.06335478308787927, -0.06304189677873176, -0.017588601079682915, 0.10330777198839582, -0.1114901040525642], ""mdl_gamma_split_warm_start"": true, ""mdl_gamma_tolerance"": 0.0001, ""mdl_gamma_weights"": [0.17212979420661054, 0.06819405777382867, 0.03295983776984227, 0.020931721838058227, 0.1276725364916719, 0.1396252156383251, 0.2636034645865922, 0.1423177525198568, 0.03256561917521507], ""optimization_background_events"": [{""boundary_gain_nats"": 18.27409220735396, ""component_size"": 5, ""description_gain_nats"": 2.391723082685882, ""graph_code_nats"": 17.527525119704258, ""width"": 64, ""window_count"": 228, ""window_gain_nats"": 2.338303175596125, ""window_pvalue"": 0.008771929824561403}, {""boundary_gain_nats"": 16.26531003885484, ""component_size"": 5, ""description_gain_nats"": 0.3832849232719937, ""graph_code_nats"": 17.527181110619026, ""width"": 64, ""window_count"": 228, ""window_gain_nats"": 2.338303175596125, ""window_pvalue"": 0.008771929824561403}, {""boundary_gain_nats"": 21.810812602050703, ""component_size"": 5, ""description_gain_nats"": 5.5192708943548645, ""graph_code_nats"": 17.526836983150815, ""width"": 64, ""window_count"": 227, ""window_gain_nats"": 1.9284424560149223, ""window_pvalue"": 0.013215859030837005}], ""optimization_background_intrinsic_dimension"": 2.0150006950389163, ""optimization_border_fraction"": 0.01235, ""optimization_border_model"": ""strict_local_core_radius"", ""optimization_border_seconds"": 0.002370899999732501, ""optimization_boundary_component_gains_nats"": [[0.0, 0.0, 0.0, 0.0, 0.0, 0.0, 0.0, 0.0, 0.0, 0.0, 0.0, 0.0, 0.0, 0.0, 0.0, 0.0, 0.0, 0.0, 0.0, 0.0], [0.0, 0.0, 0.0, 0.0, 0.0, 0.0, 0.0, 0.0, 0.0, 0.0, 0.0, 0.0, 0.0, 0.0, 0.0, 0.0, 0.0, 0.0, 0.0, 0.0, 0.0, 0.0, 0.0, 0.0, 0.0, 0.0, 0.0, 0.0, 0.0, 0.0, 0.0, 0.0, 0.0, 0.0, 0.0, 0.0, 0.0, 0.0, 0.0, 0.0, 0.0, 0.0, 0.0, 0.0, 0.0, 0.0, 0.0, 0.0, 0.0, 0.0, 0.0, 0.0, 0.0, 0.0, 0.0, 0.0, 0.0, 0.0, 0.0, 0.0, 0.0, 0.0, 0.0, 0.0, 0.0, 0.0, 0.0, 0.0, 0.0, 0.0, 0.0, 0.0, 0.0, 0.0, 0.0, 0.0, 0.0, 0.0, 0.0, 0.0, 0.0, 0.0, 0.0, 0.0, 0.0, 0.0], [0.0, 0.0, 0.0, 0.0, 0.0, 0.0, 0.0, 0.0, 0.0, 0.0, 0.0, 0.0, 0.0, 0.0, 0.0, 0.0, 0.0, 0.0, 0.0, 0.0, 0.0, 0.0, 0.0, 0.0, 0.0, 0.0, 0.0, 0.0, 0.0, 0.0, 0.0, 0.0, 0.0, 0.0, 0.0, 0.0, 0.0, 0.0, 0.0, 0.0, 0.0, 0.0, 0.0, 0.0, 0.0, 0.0, 0.0, 0.0, 0.0, 0.0, 0.0, 0.0, 0.0, 0.0, 0.0, 0.0, 0.0, 0.0, 0.0, 0.0, 0.0, 0.0, 0.0, 0.0, 0.0, 0.0, 0.0, 0.0, 0.0, 0.0, 0.0, 0.0, 0.0, 0.0, 0.0, 0.0, 0.0, 0.0, 0.0, 0.0, 0.0, 0.0, 0.0, 0.0, 0.0, 0.0, 0.0, 0.0, 0.0, 0.0, 0.0, 0.0, 0.0], [18.27409220735396, 16.26531003885484, 21.810812602050703]], ""optimization_candidate_groups"": [0, 1, 2, 3], ""optimization_clusters"": 6, ""optimization_connectivity_rank"": 4, ""optimization_core_fraction"": 0.2684, ""optimization_core_rank"": 4, ""optimization_description_gain_nats"": 197858.41832032177, ""optimization_group_gains_nats"": [135515.95352704593, 30607.238933612214, 6428.272555597189, 8.29427890031274], ""optimization_group_sizes"": [3501, 1313, 649, 14537], ""optimization_noise_fraction"": 0.71925, ""optimization_objective"": ""gamma_topology_component_and_attachment_description_gain"", ""optimization_objective_trace"": [0.0, -197858.41832032177], ""optimization_ordering_modes"": [""d4"", ""d4"", ""d4"", ""adaptive_d4_rank_windows_with_beta_boundary_code""], ""optimization_seconds"": 0.11957090000032622, ""optimization_selected_component_gains_nats"": [71285.29599462659, 44774.95210839414, 22919.52332602725, 156.54780833437314, 10066.572009808744, 52.302586219564674, 109.1412228526116, 312.3302972122654, 85.12387555572306, 555.8665309702898, 343.3403095603862, 1071.1634397961166, 296.11814443473247, 2371.324325159698, 2373.027542979214, 651.4693691512151, 371.62601003457655, 779.1734545637704, 260.64299139877215, 628.3468972881558, 1098.0290439571047, 1484.5799139333985, 49.69710488821728, 929.6406634518404, 92.8293671695985, 453.1705186170092, 937.1817871506054, 184.86679646535575, 648.9655788807696, 1130.8515594230814, 154.85693105751957, 375.10022908209606, 423.6298691811103, 848.8423826317785, 1147.1067368512265, 584.9023207020272, 2696.638977257918, 251.86157855590423, 82.17357205008409, 272.4667439552254, 240.56624967155784, 89.34927933402517, 1569.0340590198928, 415.3254211405431, 648.2166135408567, 526.94891004411, 107.10331051164917, 977.9700223951401, 607.8957610537984, 273.75029636836695, 387.38143908534255, 304.1182943758067, 328.89343127057157, 178.0814585222249, 71.68748124562777, 418.57776811651405, 109.55507577136271, 444.22230835726145, 299.64277824930343, 791.3275873849925, 601.6065100742668, 265.34480682412897, 521.6560421023543, 1571.5239481267038, 285.4056441370086, 520.452759994833, 479.2436020114068, 660.0892614465332, 409.436547095922, 181.8873295711984, 119.20066660645145, 251.50922449707983, 199.9260936167836, 97.90600780563526, 104.19251580501847, 228.92472412294424, 159.97192549354753, 69.24310217205468, 42.94522706771736, 65.28557691337559, 589.5674215392482, 357.1801963604011, 16.773984269722032, 80.05204035771266, 59.32759422465397, 614.7861069259376, 146.80828028520776, 580.9848197037985, 23.177389984330823, 22.72361347234095, 403.3389890366426, 206.38762510408566, 129.91211327704414, 388.2580385836365, 137.15075757104526, 99.79139438100046, 58.104483965168946, 81.08019619965435, 58.117704833646165, 280.26481495800294, 356.6593936052193, 265.17314927060585, 86.30105471692337, 235.1142899838873, 177.72074700788747, 108.36834549280334, 51.65234545259486, 30.997693609288582, 47.96589604522043, 57.23005433167028, 38.22139428013069, 291.4751053760782, 192.38414077218735, 126.07003527215468, 29.85222934862111, 156.83402891228346, 115.10183424770474, 88.77264185210362, 48.35790202451639, 73.79973708889662, 262.41887611056575, 33.93414475059486, 127.06733809041654, 192.3428972079606, 46.19238984044393, 29.822790698046497, 32.326408198455205, 179.98363465929165, 246.5251691775011, 214.3473967443111, 35.063528608005576, 28.003833152793597, 81.50397923993333, 107.38008875179511, 6.445262226473201, 34.348428400309494, 33.484290770748146, 16.038700844853526, 57.13912254640531, 74.75025699489552, 2.391723082685882, 0.3832849232719937, 5.5192708943548645], ""optimization_selected_groups"": [0, 1, 2, 3], ""optimization_selected_local_components"": [9, 70, 61, 3], ""optimization_solver"": ""exact_stratum_event_sweep"", ""optimization_sparse_memory"": true, ""optimization_threshold_seconds"": 0.11749480000071344, ""optimization_threshold_sizes"": [3501, 1313, 647, 15], ""optimization_thresholds"": [0.036028895527124405, 0.051590144634246826, 0.06317809969186783, 0.027059204876422882], ""optimization_topology_evidence_ranks"": [5, 8], ""optimization_unified_background_scan"": true, ""stratification"": ""adaptive-semantic-information-criterion-gamma-v2""}","[{""coverage"": 0.6708, ""f1"": 0.759682899207248, ""fragments"": 2, ""matched_predicted_cluster"": 1, ""overlap"": 1677, ""passes_discovery_thresholds"": false, ""precision"": 0.8757180156657963, ""purity"": 0.8757180156657963, ""recall"": 0.6708, ""target"": ""cluster_0"", ""target_label"": 0, ""target_noise_loss"": 0.0148, ""target_size"": 2500}, {""coverage"": 0.9848, ""f1"": 0.9345226798253938, ""fragments"": 1, ""matched_predicted_cluster"": 0, ""overlap"": 2462, ""passes_discovery_thresholds"": false, ""precision"": 0.88912964969303, ""purity"": 0.88912964969303, ""recall"": 0.9848, ""target"": ""cluster_1"", ""target_label"": 1, ""target_noise_loss"": 0.0152, ""target_size"": 2500}]",,native_target_discovery_v1
synthetic__moons_noise75__quality__n20000__VDBSCAN-2007__211__80fded940e43,ok,synthetic,moons_noise75__quality__n20000,VDBSCAN-2007,211,0.2.4,20000,2,0.0603147000001627,0.2320455999997648,3.263669500000105,198.140625,12.3203125,192.26953125,,,evaluation_state/synthetic__moons_noise75__quality__n20000__VDBSCAN-2007__211__80fded940e43.npz,a8e40db58d40fe74c4db3e4b65a9f10cb105ed35f8fa519d7d1d41058c705a1a,11756,0.0,0.0,60,59,0.0212,known_synthetic_noise,0.5106,0.2233366669234385,30.0,1,0,0.1,0.9,full_partition,target-discovery-v1,0,0.05,0.5,0.1164578189779661,0.0,0.0659039384193599,1,pairwise_f1,hungarian,1.0,1,60,0.0612150470743712,0.0415197806502154,0.0415197806502154,0.75,1.0,0.0212,0.0671345463672763,0.0347331710239325,1.0,0.0159,60,macro,0,0,1.0,0.4051535531966616,0.2540392236561325,1.0,60,2,0.0,0.0,2,59,0.0,0.5,0.0,0.1164578189779661,0.0659039384193599,"{""dimension"": 2, ""family"": ""moons"", ""n"": 20000}","{""eps_values"": [0.08793317526578903, 0.10811782628297806], ""geometry_profile"": ""low_dim"", ""knee_prominence"": 0.03, ""knn_backend"": ""kd_tree"", ""max_eps_values"": 3, ""min_samples"": 5}",{},"[{""coverage"": 1.0, ""f1"": 0.23291563795593237, ""fragments"": 1, ""matched_predicted_cluster"": 0, ""overlap"": 2500, ""passes_discovery_thresholds"": false, ""precision"": 0.1318078768387199, ""purity"": 0.1318078768387199, ""recall"": 1.0, ""target"": ""cluster_0"", ""target_label"": 0, ""target_noise_loss"": 0.0, ""target_size"": 2500}, {""coverage"": 0.0, ""f1"": 0.0, ""fragments"": 1, ""matched_predicted_cluster"": null, ""overlap"": 0, ""passes_discovery_thresholds"": false, ""precision"": 0.0, ""purity"": 0.0, ""recall"": 0.0, ""target"": ""cluster_1"", ""target_label"": 1, ""target_noise_loss"": 0.0, ""target_size"": 2500}]",,native_target_discovery_v1
synthetic__moons_noise75__quality__n20000__VDBSCAN-2007__223__5aea6876e062,ok,synthetic,moons_noise75__quality__n20000,VDBSCAN-2007,223,0.2.4,20000,2,0.0585350000001199,0.2674422999989474,3.3307091999995464,193.09765625,6.80078125,192.28125,,,evaluation_state/synthetic__moons_noise75__quality__n20000__VDBSCAN-2007__223__5aea6876e062.npz,532b08b454dc3510f85a7a019d9ddc4fd229fa829906b75543f1286ec9d965c0,27511,0.8265445779911228,0.9170890861698584,267,252,0.0285333333333333,known_synthetic_noise,0.5132666666666666,0.2308831502637967,136.5,21,0,0.1,0.9,full_partition,target-discovery-v1,0,0.05,0.9576,0.923796718186962,0.002,0.8923158567419633,2,pairwise_f1,hungarian,1.0,0,273,0.104615992567364,0.0554475968389687,0.0554475968389687,0.75,0.9771689497716894,0.0285333333333333,0.3144061405620805,0.1897172362629655,0.9172657863145258,0.0219,273,macro,2,2,0.998,0.4063187036886246,0.2550863919844596,0.998,267,2,0.0,1.0,2,271,0.0,0.9576,0.0,0.923796718186962,0.8923158567419632,"{""dimension"": 2, ""family"": ""moons"", ""n"": 20000}","{""eps_values"": [0.03574645519256592, 0.08751171827316284, 0.10755989700555801], ""geometry_profile"": ""low_dim"", ""knee_prominence"": 0.03, ""knn_backend"": ""kd_tree"", ""max_eps_values"": 3, ""min_samples"": 5}",{},"[{""coverage"": 0.9584, ""f1"": 0.9215384615384615, ""fragments"": 1, ""matched_predicted_cluster"": 1, ""overlap"": 2396, ""passes_discovery_thresholds"": false, ""precision"": 0.8874074074074074, ""purity"": 0.8874074074074074, ""recall"": 0.9584, ""target"": ""cluster_0"", ""target_label"": 0, ""target_noise_loss"": 0.0012, ""target_size"": 2500}, {""coverage"": 0.9568, ""f1"": 0.9260549748354626, ""fragments"": 1, ""matched_predicted_cluster"": 0, ""overlap"": 2392, ""passes_discovery_thresholds"": false, ""precision"": 0.8972243060765192, ""purity"": 0.8972243060765192, ""recall"": 0.9568, ""target"": ""cluster_1"", ""target_label"": 1, ""target_noise_loss"": 0.0028, ""target_size"": 2500}]",,native_target_discovery_v1
synthetic__moons_noise75__quality__n20000__VDBSCAN-2007__227__dfd32274501f,ok,synthetic,moons_noise75__quality__n20000,VDBSCAN-2007,227,0.2.4,20000,2,0.0631362999993143,0.2283047999990231,3.275684000000183,195.1875,9.609375,198.02734375,,,evaluation_state/synthetic__moons_noise75__quality__n20000__VDBSCAN-2007__227__dfd32274501f.npz,6f7f1f200c15af3ec34c77e9ad62cab9766dd565c821631228866a25946556d3,14923,0.0,0.0,79,78,0.0230666666666666,known_synthetic_noise,0.5115333333333333,0.2253534387049305,39.5,1,0,0.1,0.9,full_partition,target-discovery-v1,0,0.05,0.5,0.125457921413158,0.0,0.0717277787341481,1,pairwise_f1,hungarian,1.0,1,79,0.0663413715300107,0.0450931838915678,0.0450931838915678,0.75,1.0,0.0230666666666666,0.078850267557353,0.0410432701969038,1.0,0.0173,79,macro,0,0,1.0,0.4056136935182931,0.2544011397171059,1.0,79,2,0.0,0.0,2,78,0.0,0.5,0.0,0.125457921413158,0.0717277787341481,"{""dimension"": 2, ""family"": ""moons"", ""n"": 20000}","{""eps_values"": [0.08635004609823227, 0.10841230303049088], ""geometry_profile"": ""low_dim"", ""knee_prominence"": 0.03, ""knn_backend"": ""kd_tree"", ""max_eps_values"": 3, ""min_samples"": 5}",{},"[{""coverage"": 1.0, ""f1"": 0.25091584282631607, ""fragments"": 1, ""matched_predicted_cluster"": 1, ""overlap"": 2500, ""passes_discovery_thresholds"": false, ""precision"": 0.14345555746829633, ""purity"": 0.14345555746829633, ""recall"": 1.0, ""target"": ""cluster_0"", ""target_label"": 0, ""target_noise_loss"": 0.0, ""target_size"": 2500}, {""coverage"": 0.0, ""f1"": 0.0, ""fragments"": 1, ""matched_predicted_cluster"": null, ""overlap"": 0, ""passes_discovery_thresholds"": false, ""precision"": 0.0, ""purity"": 0.0, ""recall"": 0.0, ""target"": ""cluster_1"", ""target_label"": 1, ""target_noise_loss"": 0.0, ""target_size"": 2500}]",,native_target_discovery_v1
synthetic__moons_noise75__quality__n20000__VDBSCAN-2007__229__4e57b76df4d0,ok,synthetic,moons_noise75__quality__n20000,VDBSCAN-2007,229,0.2.4,20000,2,0.0588346999993518,0.2710164000000077,3.323302900000272,193.078125,6.5,193.078125,,,evaluation_state/synthetic__moons_noise75__quality__n20000__VDBSCAN-2007__229__4e57b76df4d0.npz,799294c12d42d2c5260c2a8a648a7d4fad6676b2c7dbbee7277ee47c334592a2,24215,0.7837973824441151,0.8858989320572567,238,221,0.0234666666666666,known_synthetic_noise,0.5111333333333333,0.2255817725772639,127.5,34,1,0.1,0.9,full_partition,target-discovery-v1,0,0.05,0.9412,0.9178926402325676,0.0012,0.8957168534402311,2,pairwise_f1,hungarian,1.0,0,255,0.0873179690093559,0.0458393019924469,0.0458393019924469,0.75,0.9832402234636872,0.0234666666666666,0.1570796441985694,0.0861719626897386,0.8867670268107243,0.0179,255,macro,2,2,0.9988,0.4053242431620809,0.2542510945932186,0.9988,238,2,0.5,1.0,2,253,0.0,0.9412,0.5,0.9178926402325676,0.8957168534402312,"{""dimension"": 2, ""family"": ""moons"", ""n"": 20000}","{""eps_values"": [0.0346376858651638, 0.08720076829195023, 0.10770931094884872], ""geometry_profile"": ""low_dim"", ""knee_prominence"": 0.03, ""knn_backend"": ""kd_tree"", ""max_eps_values"": 3, ""min_samples"": 5}",{},"[{""coverage"": 0.9436, ""f1"": 0.9218444704962877, ""fragments"": 1, ""matched_predicted_cluster"": 0, ""overlap"": 2359, ""passes_discovery_thresholds"": true, ""precision"": 0.9010695187165776, ""purity"": 0.9010695187165776, ""recall"": 0.9436, ""target"": ""cluster_0"", ""target_label"": 0, ""target_noise_loss"": 0.0016, ""target_size"": 2500}, {""coverage"": 0.9388, ""f1"": 0.9139408099688474, ""fragments"": 1, ""matched_predicted_cluster"": 1, ""overlap"": 2347, ""passes_discovery_thresholds"": false, ""precision"": 0.8903641881638846, ""purity"": 0.8903641881638846, ""recall"": 0.9388, ""target"": ""cluster_1"", ""target_label"": 1, ""target_noise_loss"": 0.0008, ""target_size"": 2500}]",,native_target_discovery_v1
synthetic__moons_noise75__quality__n20000__VDBSCAN-2007__233__338094b02a3a,ok,synthetic,moons_noise75__quality__n20000,VDBSCAN-2007,233,0.2.4,20000,2,0.0606762999996135,0.2644645000000309,3.3447188999998616,192.1171875,5.69140625,192.90625,,,evaluation_state/synthetic__moons_noise75__quality__n20000__VDBSCAN-2007__233__338094b02a3a.npz,980e1211b0c987a8a20a612a3d4a63ea91e83adbd23f507c618b54fc2c4bd3f8,22874,0.7438051249960895,0.855815233365609,199,184,0.0228666666666666,known_synthetic_noise,0.5105333333333333,0.2248334401420463,110.0,36,1,0.1,0.9,full_partition,target-discovery-v1,0,0.05,0.925,0.9141262424363884,0.0018,0.9035494833132072,2,pairwise_f1,hungarian,1.0,0,220,0.0852044603680224,0.0446847316310578,0.0446847316310578,0.75,0.9744318181818182,0.0228666666666666,0.1355406711078351,0.073589225678442,0.8570649059623849,0.0176,220,macro,2,2,0.9982,0.4049821486530347,0.2540207654723127,0.9982,199,2,0.5,1.0,2,218,0.0,0.925,0.5,0.9141262424363882,0.9035494833132074,"{""dimension"": 2, ""family"": ""moons"", ""n"": 20000}","{""eps_values"": [0.03290923312306404, 0.08674654364585876, 0.10740739852190018], ""geometry_profile"": ""low_dim"", ""knee_prominence"": 0.03, ""knn_backend"": ""kd_tree"", ""max_eps_values"": 3, ""min_samples"": 5}",{},"[{""coverage"": 0.9288, ""f1"": 0.9132743362831858, ""fragments"": 1, ""matched_predicted_cluster"": 1, ""overlap"": 2322, ""passes_discovery_thresholds"": false, ""precision"": 0.8982591876208897, ""purity"": 0.8982591876208897, ""recall"": 0.9288, ""target"": ""cluster_0"", ""target_label"": 0, ""target_noise_loss"": 0.0, ""target_size"": 2500}, {""coverage"": 0.9212, ""f1"": 0.9149781485895908, ""fragments"": 1, ""matched_predicted_cluster"": 0, ""overlap"": 2303, ""passes_discovery_thresholds"": true, ""precision"": 0.9088397790055248, ""purity"": 0.9088397790055248, ""recall"": 0.9212, ""target"": ""cluster_1"", ""target_label"": 1, ""target_noise_loss"": 0.0036, ""target_size"": 2500}]",,native_target_discovery_v1
synthetic__moons_noise75__quality__n20000__kNN+Leiden__211__27dfc39e9e4d,ok,synthetic,moons_noise75__quality__n20000,kNN+Leiden,211,0.2.4,20000,2,0.0622805000002699,0.7704336000006151,4.613643099999536,286.37109375,70.90234375,291.29296875,,,evaluation_state/synthetic__moons_noise75__quality__n20000__kNN+Leiden__211__27dfc39e9e4d.npz,8279193cb5c40c3aa76d9726af9a4dce7cc66f9d88572e9c8e195a141745a84e,27573,0.4701883471483829,0.2171912682265404,16,15,0.0,known_synthetic_noise,0.5,0.2,12.5,10,0,0.1,0.9,full_partition,target-discovery-v1,8,0.05,0.2618,0.3846143755109256,0.0,0.7247384967973203,2,pairwise_f1,hungarian,5.0,0,25,0.0,0.0,0.0,0.75,0.0,0.0,0.1837016182773557,0.1591783161093233,0.217157262905162,0.0,25,macro,0,0,1.0,0.4,0.25,1.0,16,2,0.0,0.0,2,23,0.0,0.2618,0.0,0.3846143755109256,0.7247384967973203,"{""dimension"": 2, ""family"": ""moons"", ""n"": 20000}","{""edge_rank"": 15, ""geometry_profile"": ""low_dim"", ""k"": 20, ""knn_backend"": ""kd_tree"", ""resolution"": 0.5, ""symmetrization"": ""union"", ""weights"": ""1/(1+d)""}",{},"[{""coverage"": 0.268, ""f1"": 0.3959810874704492, ""fragments"": 5, ""matched_predicted_cluster"": 10, ""overlap"": 670, ""passes_discovery_thresholds"": false, ""precision"": 0.7579185520361991, ""purity"": 0.7579185520361991, ""recall"": 0.268, ""target"": ""cluster_0"", ""target_label"": 0, ""target_noise_loss"": 0.0, ""target_size"": 2500}, {""coverage"": 0.2556, ""f1"": 0.37324766355140193, ""fragments"": 5, ""matched_predicted_cluster"": 7, ""overlap"": 639, ""passes_discovery_thresholds"": false, ""precision"": 0.6915584415584416, ""purity"": 0.6915584415584416, ""recall"": 0.2556, ""target"": ""cluster_1"", ""target_label"": 1, ""target_noise_loss"": 0.0, ""target_size"": 2500}]",,native_target_discovery_v1
synthetic__moons_noise75__quality__n20000__kNN+Leiden__223__db40d3bbabfd,ok,synthetic,moons_noise75__quality__n20000,kNN+Leiden,223,0.2.4,20000,2,0.0597656999998434,0.9460443999996642,4.815655999998853,287.51171875,71.01953125,292.80078125,,,evaluation_state/synthetic__moons_noise75__quality__n20000__kNN+Leiden__223__db40d3bbabfd.npz,15c02eea452e9514df3a1797d7bfff55e88970c70b810e1c24ffe67e48a1196f,27302,0.5054713491900917,0.2662786927975223,16,15,0.0,known_synthetic_noise,0.5,0.2,12.0,9,0,0.1,0.9,full_partition,target-discovery-v1,6,0.05,0.3182,0.4512899995392398,0.0,0.7798929320155735,2,pairwise_f1,hungarian,4.0,0,24,0.0,0.0,0.0,0.75,0.0,0.0,0.2195775065766046,0.1868325621335771,0.2662396158463385,0.0,24,macro,0,0,1.0,0.4,0.25,1.0,16,2,0.0,0.0,2,22,0.0,0.3182,0.0,0.4512899995392397,0.7798929320155735,"{""dimension"": 2, ""family"": ""moons"", ""n"": 20000}","{""edge_rank"": 15, ""geometry_profile"": ""low_dim"", ""k"": 20, ""knn_backend"": ""kd_tree"", ""resolution"": 0.5, ""symmetrization"": ""union"", ""weights"": ""1/(1+d)""}",{},"[{""coverage"": 0.3068, ""f1"": 0.44644935972060534, ""fragments"": 4, ""matched_predicted_cluster"": 8, ""overlap"": 767, ""passes_discovery_thresholds"": false, ""precision"": 0.8194444444444444, ""purity"": 0.8194444444444444, ""recall"": 0.3068, ""target"": ""cluster_0"", ""target_label"": 0, ""target_noise_loss"": 0.0, ""target_size"": 2500}, {""coverage"": 0.3296, ""f1"": 0.4561306393578743, ""fragments"": 4, ""matched_predicted_cluster"": 1, ""overlap"": 824, ""passes_discovery_thresholds"": false, ""precision"": 0.7403414195867026, ""purity"": 0.7403414195867026, ""recall"": 0.3296, ""target"": ""cluster_1"", ""target_label"": 1, ""target_noise_loss"": 0.0, ""target_size"": 2500}]",,native_target_discovery_v1
synthetic__moons_noise75__quality__n20000__kNN+Leiden__227__a30a3e7eacf6,ok,synthetic,moons_noise75__quality__n20000,kNN+Leiden,227,0.2.4,20000,2,0.0585712000010971,1.449628999998822,5.280548100001397,287.99609375,71.97265625,292.46484375,,,evaluation_state/synthetic__moons_noise75__quality__n20000__kNN+Leiden__227__a30a3e7eacf6.npz,e3efa18d1a66ffa922cf08b5b46085290354dfc5655e54d7bbddeb11f8765732,27587,0.505692500888048,0.2673038384598243,17,15,0.0,known_synthetic_noise,0.5,0.2,12.5,10,0,0.1,0.9,full_partition,target-discovery-v1,6,0.05,0.3378,0.4813425360639317,0.0,0.8371274179114752,2,pairwise_f1,hungarian,4.0,0,25,0.0,0.0,0.0,0.75,0.0,0.0,0.2259455302633216,0.1956915961313506,0.2672646658663465,0.0,25,macro,0,0,1.0,0.4,0.25,1.0,17,2,0.0,0.0,2,23,0.0,0.3378,0.0,0.4813425360639317,0.837127417911475,"{""dimension"": 2, ""family"": ""moons"", ""n"": 20000}","{""edge_rank"": 15, ""geometry_profile"": ""low_dim"", ""k"": 20, ""knn_backend"": ""kd_tree"", ""resolution"": 0.5, ""symmetrization"": ""union"", ""weights"": ""1/(1+d)""}",{},"[{""coverage"": 0.3256, ""f1"": 0.4658082975679542, ""fragments"": 4, ""matched_predicted_cluster"": 5, ""overlap"": 814, ""passes_discovery_thresholds"": false, ""precision"": 0.8180904522613065, ""purity"": 0.8180904522613065, ""recall"": 0.3256, ""target"": ""cluster_0"", ""target_label"": 0, ""target_noise_loss"": 0.0, ""target_size"": 2500}, {""coverage"": 0.35, ""f1"": 0.49687677455990914, ""fragments"": 4, ""matched_predicted_cluster"": 4, ""overlap"": 875, ""passes_discovery_thresholds"": false, ""precision"": 0.8561643835616438, ""purity"": 0.8561643835616438, ""recall"": 0.35, ""target"": ""cluster_1"", ""target_label"": 1, ""target_noise_loss"": 0.0, ""target_size"": 2500}]",,native_target_discovery_v1
synthetic__moons_noise75__quality__n20000__kNN+Leiden__229__80144df717f0,ok,synthetic,moons_noise75__quality__n20000,kNN+Leiden,229,0.2.4,20000,2,0.0610702000012679,0.769979599999715,4.532286800000293,287.26171875,71.36328125,292.1171875,,,evaluation_state/synthetic__moons_noise75__quality__n20000__kNN+Leiden__229__80144df717f0.npz,f2419979ee748d489d0b87feabbf3a119afc0d8f1e66243b93f9965b5ef6b3f2,27745,0.510431293328377,0.2798746449555245,18,16,0.0,known_synthetic_noise,0.5,0.2,13.0,10,0,0.1,0.9,full_partition,target-discovery-v1,6,0.05,0.3694,0.4993742038400814,0.0,0.7739430112804531,2,pairwise_f1,hungarian,4.0,0,26,0.0,0.0,0.0,0.75,0.0,0.0,0.2391510548957251,0.2087956277083782,0.2798343337334934,0.0,26,macro,0,0,1.0,0.4,0.25,1.0,18,2,0.0,0.0,2,24,0.0,0.3694,0.0,0.4993742038400814,0.773943011280453,"{""dimension"": 2, ""family"": ""moons"", ""n"": 20000}","{""edge_rank"": 15, ""geometry_profile"": ""low_dim"", ""k"": 20, ""knn_backend"": ""kd_tree"", ""resolution"": 0.5, ""symmetrization"": ""union"", ""weights"": ""1/(1+d)""}",{},"[{""coverage"": 0.3516, ""f1"": 0.4884690191719922, ""fragments"": 4, ""matched_predicted_cluster"": 2, ""overlap"": 879, ""passes_discovery_thresholds"": false, ""precision"": 0.7998180163785259, ""purity"": 0.7998180163785259, ""recall"": 0.3516, ""target"": ""cluster_0"", ""target_label"": 0, ""target_noise_loss"": 0.0, ""target_size"": 2500}, {""coverage"": 0.3872, ""f1"": 0.5102793885081708, ""fragments"": 4, ""matched_predicted_cluster"": 0, ""overlap"": 968, ""passes_discovery_thresholds"": false, ""precision"": 0.7480680061823802, ""purity"": 0.7480680061823802, ""recall"": 0.3872, ""target"": ""cluster_1"", ""target_label"": 1, ""target_noise_loss"": 0.0, ""target_size"": 2500}]",,native_target_discovery_v1
synthetic__moons_noise75__quality__n20000__kNN+Leiden__233__7be4a65c5902,ok,synthetic,moons_noise75__quality__n20000,kNN+Leiden,233,0.2.4,20000,2,0.0589485000000422,0.7702893999994558,4.607374899998831,286.6953125,70.578125,292.33203125,,,evaluation_state/synthetic__moons_noise75__quality__n20000__kNN+Leiden__233__7be4a65c5902.npz,85936a86bb91546b8aae6a8ac70c41caa1cf8cbdd8559248d5485bf69dee580e,28046,0.4819235423009953,0.2331285453348634,18,17,0.0,known_synthetic_noise,0.5,0.2,13.5,10,0,0.1,0.9,full_partition,target-discovery-v1,7,0.05,0.2957999999999999,0.4282272113851061,0.0,0.786944428414796,2,pairwise_f1,hungarian,4.5,0,27,0.0,0.0,0.0,0.75,0.0,0.0,0.2050067878452716,0.1828998023327125,0.2331926370548219,0.0,27,macro,0,0,1.0,0.4,0.25,1.0,18,2,0.0,0.0,2,25,0.0,0.2958,0.0,0.428227211385106,0.786944428414796,"{""dimension"": 2, ""family"": ""moons"", ""n"": 20000}","{""edge_rank"": 15, ""geometry_profile"": ""low_dim"", ""k"": 20, ""knn_backend"": ""kd_tree"", ""resolution"": 0.5, ""symmetrization"": ""union"", ""weights"": ""1/(1+d)""}",{},"[{""coverage"": 0.2552, ""f1"": 0.3859649122807017, ""fragments"": 5, ""matched_predicted_cluster"": 8, ""overlap"": 638, ""passes_discovery_thresholds"": false, ""precision"": 0.7915632754342432, ""purity"": 0.7915632754342432, ""recall"": 0.2552, ""target"": ""cluster_0"", ""target_label"": 0, ""target_noise_loss"": 0.0, ""target_size"": 2500}, {""coverage"": 0.3364, ""f1"": 0.4704895104895105, ""fragments"": 4, ""matched_predicted_cluster"": 1, ""overlap"": 841, ""passes_discovery_thresholds"": false, ""precision"": 0.7823255813953488, ""purity"": 0.7823255813953488, ""recall"": 0.3364, ""target"": ""cluster_1"", ""target_label"": 1, ""target_noise_loss"": 0.0, ""target_size"": 2500}]",,native_target_discovery_v1
synthetic__moons_noise75__quality__n20000__kNN-DBSCAN__211__5990886efd2c,ok,synthetic,moons_noise75__quality__n20000,kNN-DBSCAN,211,0.2.4,20000,2,0.0656564000000798,0.069007900001452,3.1516986000006,192.92578125,6.96484375,189.33203125,,,evaluation_state/synthetic__moons_noise75__quality__n20000__kNN-DBSCAN__211__5990886efd2c.npz,c232aa5ea811935a1b7ce04fe6d6eaab5fc12196dbce1ed41371b7dcf3b9b246,17115,0.7134632295482654,0.8073727756203659,80,73,0.9367333333333332,known_synthetic_noise,0.9356666666666666,0.9182190508874778,52.0,31,2,0.1,0.9,full_partition,target-discovery-v1,0,0.05,0.8984000000000001,0.9013659302221172,0.0654,0.9043649140101724,2,pairwise_f1,hungarian,1.0,0,104,0.9281460194507588,0.9565661379263396,0.9565661379263396,0.75,0.977256920294895,0.9367333333333332,0.8124951172323321,0.8176903271950555,0.807365506202481,0.7189,104,macro,2,1,0.9346,0.8798719638486161,0.8311988616150836,0.9346,80,2,1.0,1.0,2,102,0.0,0.8984,1.0,0.9013659302221172,0.9043649140101724,"{""dimension"": 2, ""family"": ""moons"", ""n"": 20000}","{""eps"": 0.032086871564388275, ""eps_quantile"": 0.25, ""geometry_profile"": ""low_dim"", ""k"": 4, ""knn_backend"": ""kd_tree"", ""min_samples"": 5}",{},"[{""coverage"": 0.8928, ""f1"": 0.8981891348088531, ""fragments"": 1, ""matched_predicted_cluster"": 0, ""overlap"": 2232, ""passes_discovery_thresholds"": true, ""precision"": 0.9036437246963562, ""purity"": 0.9036437246963562, ""recall"": 0.8928, ""target"": ""cluster_0"", ""target_label"": 0, ""target_noise_loss"": 0.0644, ""target_size"": 2500}, {""coverage"": 0.904, ""f1"": 0.9045427256353813, ""fragments"": 1, ""matched_predicted_cluster"": 2, ""overlap"": 2260, ""passes_discovery_thresholds"": true, ""precision"": 0.9050861033239888, ""purity"": 0.9050861033239888, ""recall"": 0.904, ""target"": ""cluster_1"", ""target_label"": 1, ""target_noise_loss"": 0.0664, ""target_size"": 2500}]",,native_target_discovery_v1
synthetic__moons_noise75__quality__n20000__kNN-DBSCAN__223__5e58a79f2810,ok,synthetic,moons_noise75__quality__n20000,kNN-DBSCAN,223,0.2.4,20000,2,0.062578900000517,0.0745429000016884,3.174602200000664,188.72265625,2.6015625,188.921875,,,evaluation_state/synthetic__moons_noise75__quality__n20000__kNN-DBSCAN__223__5e58a79f2810.npz,e08b5348dffd215414297ef4b5bdd402529a738cefd18a6e959570c8f42b4d9c,16658,0.780555416113773,0.8626918126709593,74,71,0.9372,known_synthetic_noise,0.9407,0.9219360451555672,46.5,22,1,0.1,0.9,full_partition,target-discovery-v1,0,0.05,0.9288,0.9143648370705952,0.0558,0.9004067534423381,2,pairwise_f1,hungarian,1.0,0,93,0.9358552704005324,0.9583802024746908,0.9583802024746908,0.75,0.980539861895794,0.9372,0.8357185510773292,0.810402630573074,0.8626671468587435,0.71685,93,macro,2,2,0.9442,0.8854918878364437,0.8336570722232033,0.9442,74,2,0.5,1.0,2,91,0.0,0.9288,0.5,0.9143648370705952,0.9004067534423382,"{""dimension"": 2, ""family"": ""moons"", ""n"": 20000}","{""eps"": 0.03149937838315964, ""eps_quantile"": 0.25, ""geometry_profile"": ""low_dim"", ""k"": 4, ""knn_backend"": ""kd_tree"", ""min_samples"": 5}",{},"[{""coverage"": 0.9304, ""f1"": 0.9117992943943551, ""fragments"": 1, ""matched_predicted_cluster"": 1, ""overlap"": 2326, ""passes_discovery_thresholds"": false, ""precision"": 0.8939277478862413, ""purity"": 0.8939277478862413, ""recall"": 0.9304, ""target"": ""cluster_0"", ""target_label"": 0, ""target_noise_loss"": 0.0524, ""target_size"": 2500}, {""coverage"": 0.9272, ""f1"": 0.9169303797468354, ""fragments"": 1, ""matched_predicted_cluster"": 0, ""overlap"": 2318, ""passes_discovery_thresholds"": true, ""precision"": 0.906885758998435, ""purity"": 0.906885758998435, ""recall"": 0.9272, ""target"": ""cluster_1"", ""target_label"": 1, ""target_noise_loss"": 0.0592, ""target_size"": 2500}]",,native_target_discovery_v1
synthetic__moons_noise75__quality__n20000__kNN-DBSCAN__227__f91cfa67ed23,ok,synthetic,moons_noise75__quality__n20000,kNN-DBSCAN,227,0.2.4,20000,2,0.0599476999996113,0.0683850999994319,3.183080200000404,188.2734375,1.9453125,188.82421875,,,evaluation_state/synthetic__moons_noise75__quality__n20000__kNN-DBSCAN__227__f91cfa67ed23.npz,392b865045f842e659a49cdd9f337802ce66cb246d2288a0f96c26b21927112a,16836,0.7428739312584269,0.840984763232022,69,64,0.9407333333333332,known_synthetic_noise,0.9430666666666668,0.9254986232248156,48.0,32,2,0.1,0.9,full_partition,target-discovery-v1,0,0.05,0.917,0.9104276892475128,0.0545999999999999,0.9039690829134536,2,pairwise_f1,hungarian,1.0,0,96,0.9347723240447648,0.960454669207732,0.960454669207732,0.75,0.9810205784204672,0.9407333333333332,0.8288438453254545,0.8170533659469191,0.8409795918367347,0.7192,96,macro,2,2,0.9454,0.8905425772418991,0.8417022792022792,0.9454,69,2,1.0,1.0,2,94,0.0,0.917,1.0,0.9104276892475128,0.9039690829134536,"{""dimension"": 2, ""family"": ""moons"", ""n"": 20000}","{""eps"": 0.03171691671013832, ""eps_quantile"": 0.25, ""geometry_profile"": ""low_dim"", ""k"": 4, ""knn_backend"": ""kd_tree"", ""min_samples"": 5}",{},"[{""coverage"": 0.9088, ""f1"": 0.9053596333931062, ""fragments"": 1, ""matched_predicted_cluster"": 0, ""overlap"": 2272, ""passes_discovery_thresholds"": true, ""precision"": 0.9019452163556967, ""purity"": 0.9019452163556967, ""recall"": 0.9088, ""target"": ""cluster_0"", ""target_label"": 0, ""target_noise_loss"": 0.0544, ""target_size"": 2500}, {""coverage"": 0.9252, ""f1"": 0.9154957451019198, ""fragments"": 1, ""matched_predicted_cluster"": 1, ""overlap"": 2313, ""passes_discovery_thresholds"": true, ""precision"": 0.9059929494712103, ""purity"": 0.9059929494712103, ""recall"": 0.9252, ""target"": ""cluster_1"", ""target_label"": 1, ""target_noise_loss"": 0.0548, ""target_size"": 2500}]",,native_target_discovery_v1
synthetic__moons_noise75__quality__n20000__kNN-DBSCAN__229__002958601fcc,ok,synthetic,moons_noise75__quality__n20000,kNN-DBSCAN,229,0.2.4,20000,2,0.0604911000009451,0.0698370999998587,3.2163743000000977,192.66015625,6.46484375,189.09375,,,evaluation_state/synthetic__moons_noise75__quality__n20000__kNN-DBSCAN__229__002958601fcc.npz,bf4124622564cae6cf01c4207907d04543a4e223129314b69e3405b6a9f2a86d,17281,0.705112034383434,0.8073034446301293,85,79,0.9345333333333332,known_synthetic_noise,0.9360666666666666,0.9173033742332268,58.0,37,1,0.1,0.9,full_partition,target-discovery-v1,0,0.05,0.8984000000000001,0.9015617829871048,0.0624,0.9047525474157824,2,pairwise_f1,hungarian,1.0,0,116,0.9279272985454492,0.9558813501534266,0.9558813501534266,0.75,0.9782274947662248,0.9345333333333332,0.8127377141250196,0.8183167312738018,0.8072342537014806,0.7165,116,macro,2,1,0.9376,0.8787253983130272,0.8268077601410935,0.9376,85,2,0.5,1.0,2,114,0.0,0.8984,0.5,0.9015617829871048,0.9047525474157824,"{""dimension"": 2, ""family"": ""moons"", ""n"": 20000}","{""eps"": 0.03130900487303734, ""eps_quantile"": 0.25, ""geometry_profile"": ""low_dim"", ""k"": 4, ""knn_backend"": ""kd_tree"", ""min_samples"": 5}",{},"[{""coverage"": 0.9, ""f1"": 0.9048863864870299, ""fragments"": 1, ""matched_predicted_cluster"": 0, ""overlap"": 2250, ""passes_discovery_thresholds"": true, ""precision"": 0.9098261221188839, ""purity"": 0.9098261221188839, ""recall"": 0.9, ""target"": ""cluster_0"", ""target_label"": 0, ""target_noise_loss"": 0.068, ""target_size"": 2500}, {""coverage"": 0.8968, ""f1"": 0.8982371794871795, ""fragments"": 1, ""matched_predicted_cluster"": 1, ""overlap"": 2242, ""passes_discovery_thresholds"": false, ""precision"": 0.8996789727126806, ""purity"": 0.8996789727126806, ""recall"": 0.8968, ""target"": ""cluster_1"", ""target_label"": 1, ""target_noise_loss"": 0.0568, ""target_size"": 2500}]",,native_target_discovery_v1
synthetic__moons_noise75__quality__n20000__kNN-DBSCAN__233__e967b6aec48a,ok,synthetic,moons_noise75__quality__n20000,kNN-DBSCAN,233,0.2.4,20000,2,0.0641040999998949,0.0697140000011131,3.194182999999612,188.75,2.6953125,188.98046875,,,evaluation_state/synthetic__moons_noise75__quality__n20000__kNN-DBSCAN__233__e967b6aec48a.npz,a85bc93ebd675edfb3c0a6ae0814ab3f4dd9bd0220d2ce807339661578e440cd,17013,0.721009171697483,0.8217041615638675,74,67,0.9401333333333334,known_synthetic_noise,0.9394666666666668,0.9226940323285852,51.5,36,2,0.1,0.9,full_partition,target-discovery-v1,0,0.05,0.9064,0.9073019423429334,0.0612,0.9083111475531532,2,pairwise_f1,hungarian,1.0,0,103,0.9324627061269344,0.9590587595212188,0.9590587595212188,0.75,0.9787617990005552,0.9401333333333334,0.823096083705942,0.824544264297393,0.821652981192477,0.7204,103,macro,2,2,0.9388,0.8863293051359517,0.8394134477825465,0.9388,74,2,1.0,1.0,2,101,0.0,0.9064,1.0,0.9073019423429334,0.908311147553153,"{""dimension"": 2, ""family"": ""moons"", ""n"": 20000}","{""eps"": 0.031525835394859314, ""eps_quantile"": 0.25, ""geometry_profile"": ""low_dim"", ""k"": 4, ""knn_backend"": ""kd_tree"", ""min_samples"": 5}",{},"[{""coverage"": 0.914, ""f1"": 0.9080071527915757, ""fragments"": 1, ""matched_predicted_cluster"": 1, ""overlap"": 2285, ""passes_discovery_thresholds"": true, ""precision"": 0.9020923805763916, ""purity"": 0.9020923805763916, ""recall"": 0.914, ""target"": ""cluster_0"", ""target_label"": 0, ""target_noise_loss"": 0.066, ""target_size"": 2500}, {""coverage"": 0.8988, ""f1"": 0.906596731894291, ""fragments"": 1, ""matched_predicted_cluster"": 0, ""overlap"": 2247, ""passes_discovery_thresholds"": true, ""precision"": 0.9145299145299145, ""purity"": 0.9145299145299145, ""recall"": 0.8988, ""target"": ""cluster_1"", ""target_label"": 1, ""target_noise_loss"": 0.0564, ""target_size"": 2500}]",,native_target_discovery_v1
synthetic__moons_noise90__quality__n20000__AMD-DBSCAN__211__1fe8864f8e7b,ok,synthetic,moons_noise90__quality__n20000,AMD-DBSCAN,211,0.2.4,20000,2,0.0610895000008895,5.155434000000241,8.288887400000021,6289.3125,6103.1328125,6289.3125,,,evaluation_state/synthetic__moons_noise90__quality__n20000__AMD-DBSCAN__211__1fe8864f8e7b.npz,de56b0fa7812e4de136ed884bd9f07f06344aa793a3023c30e2829d3538bac8c,5561,0.0,0.0,1,0,0.0,known_synthetic_noise,0.5,0.0909090909090909,0.5,1,0,0.1,0.9,full_partition,target-discovery-v1,0,0.05,0.5,0.0476190476190476,0.0,0.025,1,pairwise_f1,hungarian,1.0,1,1,0.0,0.0,0.0,0.9,0.0,0.0,0.0099408425336709,0.0049952497624881,1.0,0.0,1,macro,0,0,1.0,0.1818181818181818,0.1,1.0,1,2,0.0,0.0,2,0,0.0,0.5,0.0,0.0476190476190476,0.025,"{""dimension"": 2, ""family"": ""moons"", ""n"": 20000}","{""adaptive_rank"": 71, ""balance_rounds"": 3, ""eps_values"": [0.13839810788756762, 0.2674634980983667, 0.2877747944991714], ""geometry_profile"": ""low_dim"", ""knn_backend"": ""kd_tree"", ""n_density_levels"": 3}",{},"[{""coverage"": 1.0, ""f1"": 0.09523809523809523, ""fragments"": 1, ""matched_predicted_cluster"": 0, ""overlap"": 1000, ""passes_discovery_thresholds"": false, ""precision"": 0.05, ""purity"": 0.05, ""recall"": 1.0, ""target"": ""cluster_0"", ""target_label"": 0, ""target_noise_loss"": 0.0, ""target_size"": 1000}, {""coverage"": 0.0, ""f1"": 0.0, ""fragments"": 1, ""matched_predicted_cluster"": null, ""overlap"": 0, ""passes_discovery_thresholds"": false, ""precision"": 0.0, ""purity"": 0.0, ""recall"": 0.0, ""target"": ""cluster_1"", ""target_label"": 1, ""target_noise_loss"": 0.0, ""target_size"": 1000}]",,native_target_discovery_v1
synthetic__moons_noise90__quality__n20000__AMD-DBSCAN__223__b800cec24276,ok,synthetic,moons_noise90__quality__n20000,AMD-DBSCAN,223,0.2.4,20000,2,0.0600499999982275,5.260076900000058,8.471430699999473,6290.07421875,6103.6484375,6290.07421875,,,evaluation_state/synthetic__moons_noise90__quality__n20000__AMD-DBSCAN__223__b800cec24276.npz,a8482e36da60d2eba4f632196efdc86fa4b7b1fe0a1fa78345cdb259f14cded4,5492,0.0,0.0,1,0,0.0,known_synthetic_noise,0.5,0.0909090909090909,0.5,1,0,0.1,0.9,full_partition,target-discovery-v1,0,0.05,0.5,0.0476190476190476,0.0,0.025,1,pairwise_f1,hungarian,1.0,1,1,0.0,0.0,0.0,0.9,0.0,0.0,0.0099408425336709,0.0049952497624881,1.0,0.0,1,macro,0,0,1.0,0.1818181818181818,0.1,1.0,1,2,0.0,0.0,2,0,0.0,0.5,0.0,0.0476190476190476,0.025,"{""dimension"": 2, ""family"": ""moons"", ""n"": 20000}","{""adaptive_rank"": 71, ""balance_rounds"": 3, ""eps_values"": [0.13876686582864148, 0.2673123008532707, 0.28871321050110055], ""geometry_profile"": ""low_dim"", ""knn_backend"": ""kd_tree"", ""n_density_levels"": 3}",{},"[{""coverage"": 1.0, ""f1"": 0.09523809523809523, ""fragments"": 1, ""matched_predicted_cluster"": 0, ""overlap"": 1000, ""passes_discovery_thresholds"": false, ""precision"": 0.05, ""purity"": 0.05, ""recall"": 1.0, ""target"": ""cluster_0"", ""target_label"": 0, ""target_noise_loss"": 0.0, ""target_size"": 1000}, {""coverage"": 0.0, ""f1"": 0.0, ""fragments"": 1, ""matched_predicted_cluster"": null, ""overlap"": 0, ""passes_discovery_thresholds"": false, ""precision"": 0.0, ""purity"": 0.0, ""recall"": 0.0, ""target"": ""cluster_1"", ""target_label"": 1, ""target_noise_loss"": 0.0, ""target_size"": 1000}]",,native_target_discovery_v1
synthetic__moons_noise90__quality__n20000__AMD-DBSCAN__227__0950b891be3e,ok,synthetic,moons_noise90__quality__n20000,AMD-DBSCAN,227,0.2.4,20000,2,0.0603838999995787,5.2254365000007965,8.359703300000547,6289.53515625,6103.6484375,6289.53515625,,,evaluation_state/synthetic__moons_noise90__quality__n20000__AMD-DBSCAN__227__0950b891be3e.npz,2b7f5c93498e0c9923e5b2e0999a68954e757f884398178b3f75f0816fb848e1,5555,0.0,0.0,1,0,0.0,known_synthetic_noise,0.5,0.0909090909090909,0.5,1,0,0.1,0.9,full_partition,target-discovery-v1,0,0.05,0.5,0.0476190476190476,0.0,0.025,1,pairwise_f1,hungarian,1.0,1,1,0.0,0.0,0.0,0.9,0.0,0.0,0.0099408425336709,0.0049952497624881,1.0,0.0,1,macro,0,0,1.0,0.1818181818181818,0.1,1.0,1,2,0.0,0.0,2,0,0.0,0.5,0.0,0.0476190476190476,0.025,"{""dimension"": 2, ""family"": ""moons"", ""n"": 20000}","{""adaptive_rank"": 71, ""balance_rounds"": 3, ""eps_values"": [0.13862222773813038, 0.2706518685908844, 0.2905028488209082], ""geometry_profile"": ""low_dim"", ""knn_backend"": ""kd_tree"", ""n_density_levels"": 3}",{},"[{""coverage"": 1.0, ""f1"": 0.09523809523809523, ""fragments"": 1, ""matched_predicted_cluster"": 0, ""overlap"": 1000, ""passes_discovery_thresholds"": false, ""precision"": 0.05, ""purity"": 0.05, ""recall"": 1.0, ""target"": ""cluster_0"", ""target_label"": 0, ""target_noise_loss"": 0.0, ""target_size"": 1000}, {""coverage"": 0.0, ""f1"": 0.0, ""fragments"": 1, ""matched_predicted_cluster"": null, ""overlap"": 0, ""passes_discovery_thresholds"": false, ""precision"": 0.0, ""purity"": 0.0, ""recall"": 0.0, ""target"": ""cluster_1"", ""target_label"": 1, ""target_noise_loss"": 0.0, ""target_size"": 1000}]",,native_target_discovery_v1
synthetic__moons_noise90__quality__n20000__AMD-DBSCAN__229__5208642af9ae,ok,synthetic,moons_noise90__quality__n20000,AMD-DBSCAN,229,0.2.4,20000,2,0.0576294000002235,5.27833339999961,8.45396719999917,6290.0,6103.64453125,6290.0,,,evaluation_state/synthetic__moons_noise90__quality__n20000__AMD-DBSCAN__229__5208642af9ae.npz,c350c71875ee1e766d7da60d6c82a72d6f333112ce21a4c44536b261265f4a83,5489,0.0,0.0,1,0,0.0,known_synthetic_noise,0.5,0.0909090909090909,0.5,1,0,0.1,0.9,full_partition,target-discovery-v1,0,0.05,0.5,0.0476190476190476,0.0,0.025,1,pairwise_f1,hungarian,1.0,1,1,0.0,0.0,0.0,0.9,0.0,0.0,0.0099408425336709,0.0049952497624881,1.0,0.0,1,macro,0,0,1.0,0.1818181818181818,0.1,1.0,1,2,0.0,0.0,2,0,0.0,0.5,0.0,0.0476190476190476,0.025,"{""dimension"": 2, ""family"": ""moons"", ""n"": 20000}","{""adaptive_rank"": 71, ""balance_rounds"": 3, ""eps_values"": [0.1376904715305286, 0.26930142725816336, 0.28985723140763947], ""geometry_profile"": ""low_dim"", ""knn_backend"": ""kd_tree"", ""n_density_levels"": 3}",{},"[{""coverage"": 1.0, ""f1"": 0.09523809523809523, ""fragments"": 1, ""matched_predicted_cluster"": 0, ""overlap"": 1000, ""passes_discovery_thresholds"": false, ""precision"": 0.05, ""purity"": 0.05, ""recall"": 1.0, ""target"": ""cluster_0"", ""target_label"": 0, ""target_noise_loss"": 0.0, ""target_size"": 1000}, {""coverage"": 0.0, ""f1"": 0.0, ""fragments"": 1, ""matched_predicted_cluster"": null, ""overlap"": 0, ""passes_discovery_thresholds"": false, ""precision"": 0.0, ""purity"": 0.0, ""recall"": 0.0, ""target"": ""cluster_1"", ""target_label"": 1, ""target_noise_loss"": 0.0, ""target_size"": 1000}]",,native_target_discovery_v1
synthetic__moons_noise90__quality__n20000__AMD-DBSCAN__233__ff5cd86d5dc7,ok,synthetic,moons_noise90__quality__n20000,AMD-DBSCAN,233,0.2.4,20000,2,0.0592097999997349,5.247800900000584,8.471690700000181,6289.8046875,6103.64453125,6289.8046875,,,evaluation_state/synthetic__moons_noise90__quality__n20000__AMD-DBSCAN__233__ff5cd86d5dc7.npz,333a611ac226666bd71cc296f4a90183d3c45f896e4410217ff76a91bb0ccc90,5523,0.0,0.0,1,0,0.0,known_synthetic_noise,0.5,0.0909090909090909,0.5,1,0,0.1,0.9,full_partition,target-discovery-v1,0,0.05,0.5,0.0476190476190476,0.0,0.025,1,pairwise_f1,hungarian,1.0,1,1,0.0,0.0,0.0,0.9,0.0,0.0,0.0099408425336709,0.0049952497624881,1.0,0.0,1,macro,0,0,1.0,0.1818181818181818,0.1,1.0,1,2,0.0,0.0,2,0,0.0,0.5,0.0,0.0476190476190476,0.025,"{""dimension"": 2, ""family"": ""moons"", ""n"": 20000}","{""adaptive_rank"": 71, ""balance_rounds"": 3, ""eps_values"": [0.13997869831352266, 0.27060142312388274, 0.29085023359616746], ""geometry_profile"": ""low_dim"", ""knn_backend"": ""kd_tree"", ""n_density_levels"": 3}",{},"[{""coverage"": 1.0, ""f1"": 0.09523809523809523, ""fragments"": 1, ""matched_predicted_cluster"": 0, ""overlap"": 1000, ""passes_discovery_thresholds"": false, ""precision"": 0.05, ""purity"": 0.05, ""recall"": 1.0, ""target"": ""cluster_0"", ""target_label"": 0, ""target_noise_loss"": 0.0, ""target_size"": 1000}, {""coverage"": 0.0, ""f1"": 0.0, ""fragments"": 1, ""matched_predicted_cluster"": null, ""overlap"": 0, ""passes_discovery_thresholds"": false, ""precision"": 0.0, ""purity"": 0.0, ""recall"": 0.0, ""target"": ""cluster_1"", ""target_label"": 1, ""target_noise_loss"": 0.0, ""target_size"": 1000}]",,native_target_discovery_v1
synthetic__moons_noise90__quality__n20000__DBSCAN__211__74f5684999ce,ok,synthetic,moons_noise90__quality__n20000,DBSCAN,211,0.2.4,20000,2,0.0592033000011724,0.1843994999999267,3.2601899999990565,192.77734375,6.1484375,192.09375,,,evaluation_state/synthetic__moons_noise90__quality__n20000__DBSCAN__211__74f5684999ce.npz,e1c5161b42e12b31cae6391ce007e5c9592ec063d32b34d07a6879049c51c284,37746,0.007487245050759,2.27520747422104e-06,1063,1055,0.3435,known_synthetic_noise,0.66875,0.3813316471495734,533.0,11,0,0.1,0.9,full_partition,target-discovery-v1,0,0.05,0.4955,0.2492109517775684,0.006,0.5789979146087147,2,pairwise_f1,hungarian,1.0,1,1066,0.3350510719212295,0.5110973341599504,0.5110973341599504,0.9,0.9980629539951574,0.3435,0.3407430190098159,0.2067056804531366,0.9692462462462462,0.30975,1066,macro,0,0,0.994,0.2515659601391964,0.1440057950018109,0.994,1063,2,0.0,0.0,2,1064,0.0,0.4955,0.0,0.2492109517775683,0.5789979146087147,"{""dimension"": 2, ""family"": ""moons"", ""n"": 20000}","{""base_eps"": 0.07953230291604996, ""eps"": 0.05567261204123496, ""eps_multiplier"": 0.7, ""geometry_profile"": ""low_dim"", ""knn_backend"": ""kd_tree"", ""min_samples"": 5}",{},"[{""coverage"": 0.005, ""f1"": 0.009940357852882702, ""fragments"": 1, ""matched_predicted_cluster"": 422, ""overlap"": 5, ""passes_discovery_thresholds"": false, ""precision"": 0.8333333333333334, ""purity"": 0.8333333333333334, ""recall"": 0.005, ""target"": ""cluster_0"", ""target_label"": 0, ""target_noise_loss"": 0.006, ""target_size"": 1000}, {""coverage"": 0.986, ""f1"": 0.4884815457022541, ""fragments"": 1, ""matched_predicted_cluster"": 0, ""overlap"": 986, ""passes_discovery_thresholds"": false, ""precision"": 0.3246624958840961, ""purity"": 0.3246624958840961, ""recall"": 0.986, ""target"": ""cluster_1"", ""target_label"": 1, ""target_noise_loss"": 0.006, ""target_size"": 1000}]",,native_target_discovery_v1
synthetic__moons_noise90__quality__n20000__DBSCAN__223__00e8d3363fad,ok,synthetic,moons_noise90__quality__n20000,DBSCAN,223,0.2.4,20000,2,0.058415800000148,0.1850623999998788,3.2982524000017293,192.515625,6.1015625,190.578125,,,evaluation_state/synthetic__moons_noise90__quality__n20000__DBSCAN__223__00e8d3363fad.npz,bf8c89b8ca214de3fd78a056776cbcc1eac682f18be0e1d22008238b31ffe1b5,38537,0.9476479333845508,0.9791113327773082,1081,1074,0.3393888888888889,known_synthetic_noise,0.6671944444444444,0.3785927618786704,542.0,10,0,0.1,0.9,full_partition,target-discovery-v1,0,0.05,0.9895,0.7882897048333007,0.005,0.6550820736953937,2,pairwise_f1,hungarian,1.0,0,1084,0.6167844651556913,0.5065715825697583,0.5065715825697583,0.9,0.9983657460369342,0.3393888888888889,0.5832960123275606,0.4153774483116512,0.979104104104104,0.30595,1084,macro,0,0,0.995,0.2506139411875826,0.1433614292918377,0.995,1081,2,0.0,0.0,2,1082,0.0,0.9895,0.0,0.7882897048333006,0.6550820736953937,"{""dimension"": 2, ""family"": ""moons"", ""n"": 20000}","{""base_eps"": 0.07967618107795715, ""eps"": 0.05577332675457, ""eps_multiplier"": 0.7, ""geometry_profile"": ""low_dim"", ""knn_backend"": ""kd_tree"", ""min_samples"": 5}",{},"[{""coverage"": 0.989, ""f1"": 0.787420382165605, ""fragments"": 1, ""matched_predicted_cluster"": 1, ""overlap"": 989, ""passes_discovery_thresholds"": false, ""precision"": 0.6541005291005291, ""purity"": 0.6541005291005291, ""recall"": 0.989, ""target"": ""cluster_0"", ""target_label"": 0, ""target_noise_loss"": 0.004, ""target_size"": 1000}, {""coverage"": 0.99, ""f1"": 0.7891590275009965, ""fragments"": 1, ""matched_predicted_cluster"": 0, ""overlap"": 990, ""passes_discovery_thresholds"": false, ""precision"": 0.6560636182902585, ""purity"": 0.6560636182902585, ""recall"": 0.99, ""target"": ""cluster_1"", ""target_label"": 1, ""target_noise_loss"": 0.006, ""target_size"": 1000}]",,native_target_discovery_v1
synthetic__moons_noise90__quality__n20000__DBSCAN__227__d36f4a67040f,ok,synthetic,moons_noise90__quality__n20000,DBSCAN,227,0.2.4,20000,2,0.0662656000004062,0.1879625000001397,3.312077399999908,192.45703125,6.2265625,191.65234375,,,evaluation_state/synthetic__moons_noise90__quality__n20000__DBSCAN__227__d36f4a67040f.npz,6a26d8bb6c936175b966a6b55cebbceedfcaa6132f3aca2f4822a6a577034406,38270,0.9409585137916644,0.974182753647463,1090,1085,0.353,known_synthetic_noise,0.6719999999999999,0.3875326601989611,546.0,7,0,0.1,0.9,full_partition,target-discovery-v1,0,0.05,0.987,0.7864761904761906,0.009,0.6536842105263159,2,pairwise_f1,hungarian,1.0,0,1092,0.6270887278983723,0.5214180206794682,0.5214180206794682,0.9,0.9971751412429378,0.353,0.5817823026323459,0.4147315380612817,0.9741711711711712,0.3186,1092,macro,0,0,0.991,0.253647299718454,0.1454358673319636,0.991,1090,2,0.0,0.0,2,1090,0.0,0.987,0.0,0.7864761904761904,0.6536842105263159,"{""dimension"": 2, ""family"": ""moons"", ""n"": 20000}","{""base_eps"": 0.08004823327064514, ""eps"": 0.056033763289451595, ""eps_multiplier"": 0.7, ""geometry_profile"": ""low_dim"", ""knn_backend"": ""kd_tree"", ""min_samples"": 5}",{},"[{""coverage"": 0.99, ""f1"": 0.792, ""fragments"": 1, ""matched_predicted_cluster"": 0, ""overlap"": 990, ""passes_discovery_thresholds"": false, ""precision"": 0.66, ""purity"": 0.66, ""recall"": 0.99, ""target"": ""cluster_0"", ""target_label"": 0, ""target_noise_loss"": 0.007, ""target_size"": 1000}, {""coverage"": 0.984, ""f1"": 0.780952380952381, ""fragments"": 1, ""matched_predicted_cluster"": 17, ""overlap"": 984, ""passes_discovery_thresholds"": false, ""precision"": 0.6473684210526316, ""purity"": 0.6473684210526316, ""recall"": 0.984, ""target"": ""cluster_1"", ""target_label"": 1, ""target_noise_loss"": 0.011, ""target_size"": 1000}]",,native_target_discovery_v1
synthetic__moons_noise90__quality__n20000__DBSCAN__229__03a5ee0e4b0e,ok,synthetic,moons_noise90__quality__n20000,DBSCAN,229,0.2.4,20000,2,0.0604889000005641,0.1797581000009813,3.2611378000001423,191.6015625,5.4765625,192.59765625,,,evaluation_state/synthetic__moons_noise90__quality__n20000__DBSCAN__229__03a5ee0e4b0e.npz,ea721a3f9c639df841df7938b220e0537b38b4bc91e61b6746b260848b9524d1,38213,0.9288259743752616,0.970224663273682,1079,1069,0.3465,known_synthetic_noise,0.6695,0.3832224181024314,540.5,12,0,0.1,0.9,full_partition,target-discovery-v1,0,0.05,0.985,0.7797428589691047,0.0075,0.6452878659909911,2,pairwise_f1,hungarian,1.0,0,1081,0.6198325303990855,0.5143493320138545,0.5143493320138545,0.9,0.9976007677543186,0.3465,0.5701466356391427,0.403686059761965,0.9702172172172172,0.3126,1081,macro,0,0,0.9925,0.2520955041910084,0.1443846377654931,0.9925,1079,2,0.0,0.0,2,1079,0.0,0.985,0.0,0.7797428589691047,0.645287865990991,"{""dimension"": 2, ""family"": ""moons"", ""n"": 20000}","{""base_eps"": 0.08004134893417358, ""eps"": 0.056028944253921506, ""eps_multiplier"": 0.7, ""geometry_profile"": ""low_dim"", ""knn_backend"": ""kd_tree"", ""min_samples"": 5}",{},"[{""coverage"": 0.984, ""f1"": 0.7818831942789034, ""fragments"": 1, ""matched_predicted_cluster"": 1, ""overlap"": 984, ""passes_discovery_thresholds"": false, ""precision"": 0.6486486486486487, ""purity"": 0.6486486486486487, ""recall"": 0.984, ""target"": ""cluster_0"", ""target_label"": 0, ""target_noise_loss"": 0.008, ""target_size"": 1000}, {""coverage"": 0.986, ""f1"": 0.777602523659306, ""fragments"": 1, ""matched_predicted_cluster"": 9, ""overlap"": 986, ""passes_discovery_thresholds"": false, ""precision"": 0.6419270833333334, ""purity"": 0.6419270833333334, ""recall"": 0.986, ""target"": ""cluster_1"", ""target_label"": 1, ""target_noise_loss"": 0.007, ""target_size"": 1000}]",,native_target_discovery_v1
synthetic__moons_noise90__quality__n20000__DBSCAN__233__3c438e7b9b63,ok,synthetic,moons_noise90__quality__n20000,DBSCAN,233,0.2.4,20000,2,0.0600355999995372,0.1821983999998337,3.272441199998866,189.15234375,3.0625,189.0859375,,,evaluation_state/synthetic__moons_noise90__quality__n20000__DBSCAN__233__3c438e7b9b63.npz,bd7516953cb85b04a22f3193de1903a3a22bf0bbcd209e8a7f413c797328259d,38474,0.927915675303567,0.9692481763329992,1054,1047,0.3448333333333333,known_synthetic_noise,0.6679166666666667,0.3818647485685407,528.0,9,0,0.1,0.9,full_partition,target-discovery-v1,0,0.05,0.985,0.7998727374633213,0.009,0.6733454817306794,2,pairwise_f1,hungarian,1.0,0,1056,0.6246828389726654,0.5124458204334364,0.5124458204334364,0.9,0.9971084337349396,0.3448333333333333,0.6028583201809968,0.4372849392630356,0.9702232232232232,0.31125,1056,macro,1,0,0.991,0.251283676703645,0.1438838475499092,0.991,1054,2,0.0,0.5,2,1054,0.0,0.985,0.0,0.7998727374633213,0.6733454817306793,"{""dimension"": 2, ""family"": ""moons"", ""n"": 20000}","{""base_eps"": 0.08054718375205994, ""eps"": 0.05638302862644195, ""eps_multiplier"": 0.7, ""geometry_profile"": ""low_dim"", ""knn_backend"": ""kd_tree"", ""min_samples"": 5}",{},"[{""coverage"": 0.982, ""f1"": 0.7932148626817447, ""fragments"": 1, ""matched_predicted_cluster"": 7, ""overlap"": 982, ""passes_discovery_thresholds"": false, ""precision"": 0.6653116531165312, ""purity"": 0.6653116531165312, ""recall"": 0.982, ""target"": ""cluster_0"", ""target_label"": 0, ""target_noise_loss"": 0.011, ""target_size"": 1000}, {""coverage"": 0.988, ""f1"": 0.806530612244898, ""fragments"": 1, ""matched_predicted_cluster"": 3, ""overlap"": 988, ""passes_discovery_thresholds"": false, ""precision"": 0.6813793103448276, ""purity"": 0.6813793103448276, ""recall"": 0.988, ""target"": ""cluster_1"", ""target_label"": 1, ""target_noise_loss"": 0.007, ""target_size"": 1000}]",,native_target_discovery_v1
synthetic__moons_noise90__quality__n20000__HDBSCAN__211__f4edfd587d17,ok,synthetic,moons_noise90__quality__n20000,HDBSCAN,211,0.2.4,20000,2,0.0601696000012452,2.910409899999649,6.000654999999824,190.4609375,4.1171875,190.78125,,,evaluation_state/synthetic__moons_noise90__quality__n20000__HDBSCAN__211__f4edfd587d17.npz,8fc5b494e9d307969eb2d28b42538cb56ff10a140efb3c2dced03614ddd017aa,28004,0.8592840756966356,0.9110287184143884,96,96,0.3940555555555555,known_synthetic_noise,0.6742777777777778,0.4104942697341519,49.0,2,0,0.1,0.9,full_partition,target-discovery-v1,0,0.05,0.9545,0.8080582306830908,0.0455,0.7005993265993267,2,pairwise_f1,hungarian,1.0,0,98,0.6638329914389913,0.5632941550190597,0.5632941550190597,0.9,0.9873329621380846,0.3940555555555555,0.4992977820886155,0.3438830012332841,0.911029029029029,0.3592,98,macro,2,0,0.9545,0.2576943844492441,0.1489544319600499,0.9545,96,2,0.0,1.0,2,96,0.0,0.9545,0.0,0.8080582306830908,0.7005993265993266,"{""dimension"": 2, ""family"": ""moons"", ""n"": 20000}","{""geometry_profile"": ""low_dim"", ""knn_backend"": ""kd_tree"", ""min_cluster_size"": 40, ""min_samples"": 5}",{},"[{""coverage"": 0.956, ""f1"": 0.8050526315789474, ""fragments"": 1, ""matched_predicted_cluster"": 96, ""overlap"": 956, ""passes_discovery_thresholds"": false, ""precision"": 0.6952727272727273, ""purity"": 0.6952727272727273, ""recall"": 0.956, ""target"": ""cluster_0"", ""target_label"": 0, ""target_noise_loss"": 0.044, ""target_size"": 1000}, {""coverage"": 0.953, ""f1"": 0.8110638297872341, ""fragments"": 1, ""matched_predicted_cluster"": 97, ""overlap"": 953, ""passes_discovery_thresholds"": false, ""precision"": 0.705925925925926, ""purity"": 0.705925925925926, ""recall"": 0.953, ""target"": ""cluster_1"", ""target_label"": 1, ""target_noise_loss"": 0.047, ""target_size"": 1000}]",,native_target_discovery_v1
synthetic__moons_noise90__quality__n20000__HDBSCAN__223__2eb48950c7a4,ok,synthetic,moons_noise90__quality__n20000,HDBSCAN,223,0.2.4,20000,2,0.0625185999997484,2.919321299999865,6.008540699998775,190.59765625,4.16015625,190.90234375,,,evaluation_state/synthetic__moons_noise90__quality__n20000__HDBSCAN__223__2eb48950c7a4.npz,806764e7c8b94078ff1b13063c473347f167021cf8e6c3bd5ac74087b0169fa0,27253,0.9156916209589072,0.9564733400948856,89,89,0.3728888888888889,known_synthetic_noise,0.6759444444444445,0.3995752257043361,45.5,2,0,0.1,0.9,full_partition,target-discovery-v1,0,0.05,0.9785,0.7947241492018166,0.0209999999999999,0.6690661154783735,2,pairwise_f1,hungarian,1.0,0,91,0.6446811132609317,0.5422961945544155,0.5422961945544155,0.9,0.9937814628368374,0.3728888888888889,0.4041954111633941,0.256170272029225,0.9574434434434436,0.3377,91,macro,0,0,0.979,0.2568542568542568,0.1478182092707232,0.979,89,2,0.0,0.0,2,89,0.0,0.9785,0.0,0.7947241492018166,0.6690661154783734,"{""dimension"": 2, ""family"": ""moons"", ""n"": 20000}","{""geometry_profile"": ""low_dim"", ""knn_backend"": ""kd_tree"", ""min_cluster_size"": 40, ""min_samples"": 5}",{},"[{""coverage"": 0.98, ""f1"": 0.7970719804798698, ""fragments"": 1, ""matched_predicted_cluster"": 90, ""overlap"": 980, ""passes_discovery_thresholds"": false, ""precision"": 0.6716929403701165, ""purity"": 0.6716929403701165, ""recall"": 0.98, ""target"": ""cluster_0"", ""target_label"": 0, ""target_noise_loss"": 0.019, ""target_size"": 1000}, {""coverage"": 0.977, ""f1"": 0.7923763179237633, ""fragments"": 1, ""matched_predicted_cluster"": 89, ""overlap"": 977, ""passes_discovery_thresholds"": false, ""precision"": 0.6664392905866303, ""purity"": 0.6664392905866303, ""recall"": 0.977, ""target"": ""cluster_1"", ""target_label"": 1, ""target_noise_loss"": 0.023, ""target_size"": 1000}]",,native_target_discovery_v1
synthetic__moons_noise90__quality__n20000__HDBSCAN__227__3297e3233323,ok,synthetic,moons_noise90__quality__n20000,HDBSCAN,227,0.2.4,20000,2,0.0596014000002469,2.825391000000309,5.869557699999859,190.57421875,4.55859375,190.88671875,,,evaluation_state/synthetic__moons_noise90__quality__n20000__HDBSCAN__227__3297e3233323.npz,878313440b7106d9bfb6340ddb20ec6dbc6363c1348c05c16f26ebcf79ee8707,28133,0.89707313896308,0.940976782830076,96,96,0.3863888888888889,known_synthetic_noise,0.6781944444444444,0.4074959762214076,49.0,2,0,0.1,0.9,full_partition,target-discovery-v1,0,0.05,0.97,0.8023332183964664,0.03,0.6840922112232231,2,pairwise_f1,hungarian,1.0,0,98,0.656876694373852,0.5560663601838898,0.5560663601838898,0.9,0.9914468995010692,0.3863888888888889,0.4709535174611079,0.3140802945244134,0.9409069069069068,0.35075,98,macro,1,0,0.97,0.2589255922589256,0.1494031574894108,0.97,96,2,0.0,0.5,2,96,0.0,0.97,0.0,0.8023332183964664,0.6840922112232231,"{""dimension"": 2, ""family"": ""moons"", ""n"": 20000}","{""geometry_profile"": ""low_dim"", ""knn_backend"": ""kd_tree"", ""min_cluster_size"": 40, ""min_samples"": 5}",{},"[{""coverage"": 0.976, ""f1"": 0.8092868988391376, ""fragments"": 1, ""matched_predicted_cluster"": 96, ""overlap"": 976, ""passes_discovery_thresholds"": false, ""precision"": 0.6912181303116147, ""purity"": 0.6912181303116147, ""recall"": 0.976, ""target"": ""cluster_0"", ""target_label"": 0, ""target_noise_loss"": 0.024, ""target_size"": 1000}, {""coverage"": 0.964, ""f1"": 0.7953795379537953, ""fragments"": 1, ""matched_predicted_cluster"": 97, ""overlap"": 964, ""passes_discovery_thresholds"": false, ""precision"": 0.6769662921348315, ""purity"": 0.6769662921348315, ""recall"": 0.964, ""target"": ""cluster_1"", ""target_label"": 1, ""target_noise_loss"": 0.036, ""target_size"": 1000}]",,native_target_discovery_v1
synthetic__moons_noise90__quality__n20000__HDBSCAN__229__44a8b5a3a914,ok,synthetic,moons_noise90__quality__n20000,HDBSCAN,229,0.2.4,20000,2,0.0589323999993212,2.91556700000001,5.979044800000338,190.07421875,3.96875,190.48046875,,,evaluation_state/synthetic__moons_noise90__quality__n20000__HDBSCAN__229__44a8b5a3a914.npz,189c21e9db90c79f0cb5001b8f90416bc02df2598c5954af84bec94930ec130b,27981,0.9448619093051872,0.9741567420078792,90,89,0.3585,known_synthetic_noise,0.673,0.3908632370161357,46.0,3,0,0.1,0.9,full_partition,target-discovery-v1,0,0.05,0.987,0.7622171573327989,0.0125,0.6208735820630982,2,pairwise_f1,hungarian,1.0,0,92,0.6233249517868212,0.5272489582482229,0.5272489582482229,0.9,0.996140784192652,0.3585,0.4398115445886859,0.28402048767675,0.974156156156156,0.3239,92,macro,0,0,0.9875,0.2544775157840484,0.1460582754030469,0.9875,90,2,0.0,0.0,2,90,0.0,0.987,0.0,0.7622171573327989,0.6208735820630982,"{""dimension"": 2, ""family"": ""moons"", ""n"": 20000}","{""geometry_profile"": ""low_dim"", ""knn_backend"": ""kd_tree"", ""min_cluster_size"": 40, ""min_samples"": 5}",{},"[{""coverage"": 0.987, ""f1"": 0.7686915887850467, ""fragments"": 1, ""matched_predicted_cluster"": 90, ""overlap"": 987, ""passes_discovery_thresholds"": false, ""precision"": 0.6294642857142857, ""purity"": 0.6294642857142857, ""recall"": 0.987, ""target"": ""cluster_0"", ""target_label"": 0, ""target_noise_loss"": 0.013, ""target_size"": 1000}, {""coverage"": 0.987, ""f1"": 0.7557427258805512, ""fragments"": 1, ""matched_predicted_cluster"": 91, ""overlap"": 987, ""passes_discovery_thresholds"": false, ""precision"": 0.6122828784119106, ""purity"": 0.6122828784119106, ""recall"": 0.987, ""target"": ""cluster_1"", ""target_label"": 1, ""target_noise_loss"": 0.012, ""target_size"": 1000}]",,native_target_discovery_v1
synthetic__moons_noise90__quality__n20000__HDBSCAN__233__dd2263e36218,ok,synthetic,moons_noise90__quality__n20000,HDBSCAN,233,0.2.4,20000,2,0.0619498999985808,2.863830500000404,5.894387500000448,189.80078125,3.76171875,190.10546875,,,evaluation_state/synthetic__moons_noise90__quality__n20000__HDBSCAN__233__dd2263e36218.npz,4e72dc891c391691432bafc407196fe443a2b12eb743d23f755624a4f9c1afcf,28272,0.931023166353632,0.96629861460338,97,97,0.3680555555555556,known_synthetic_noise,0.6760277777777778,0.3969533392262945,49.5,2,0,0.1,0.9,full_partition,target-discovery-v1,0,0.05,0.9835,0.7580909416179047,0.016,0.6168479382933214,2,pairwise_f1,hungarian,1.0,0,99,0.6289291140166087,0.5373727541874519,0.5373727541874519,0.9,0.9951930298933452,0.3680555555555556,0.4410809690625134,0.2856754726441554,0.9672682682682684,0.33285,99,macro,0,0,0.984,0.2565339242651371,0.1474930675260436,0.984,97,2,0.0,0.0,2,97,0.0,0.9835,0.0,0.7580909416179047,0.6168479382933215,"{""dimension"": 2, ""family"": ""moons"", ""n"": 20000}","{""geometry_profile"": ""low_dim"", ""knn_backend"": ""kd_tree"", ""min_cluster_size"": 40, ""min_samples"": 5}",{},"[{""coverage"": 0.98, ""f1"": 0.7653260445138618, ""fragments"": 1, ""matched_predicted_cluster"": 96, ""overlap"": 980, ""passes_discovery_thresholds"": false, ""precision"": 0.6278026905829597, ""purity"": 0.6278026905829597, ""recall"": 0.98, ""target"": ""cluster_0"", ""target_label"": 0, ""target_noise_loss"": 0.019, ""target_size"": 1000}, {""coverage"": 0.987, ""f1"": 0.7508558387219476, ""fragments"": 1, ""matched_predicted_cluster"": 97, ""overlap"": 987, ""passes_discovery_thresholds"": false, ""precision"": 0.6058931860036832, ""purity"": 0.6058931860036832, ""recall"": 0.987, ""target"": ""cluster_1"", ""target_label"": 1, ""target_noise_loss"": 0.013, ""target_size"": 1000}]",,native_target_discovery_v1
synthetic__moons_noise90__quality__n20000__OPTICS__211__b184142fb5c8,ok,synthetic,moons_noise90__quality__n20000,OPTICS,211,0.2.4,20000,2,0.0605163000000175,15.920753000000332,18.9849219000007,190.4921875,4.453125,190.3671875,,,evaluation_state/synthetic__moons_noise90__quality__n20000__OPTICS__211__b184142fb5c8.npz,4d193f5372819b9a7b69469c6bc4dfbdb286ecf9574097398b3bca075c4d96ea,5983,0.0,0.0,3,3,0.9928333333333332,known_synthetic_noise,0.4964166666666667,0.4718914208761321,1.5,0,0,0.1,0.9,full_partition,target-discovery-v1,0,0.05,0.0,0.0,1.0,0.0,0,pairwise_f1,hungarian,0.0,0,3,0.0,0.9437828417522642,0.9437828417522642,0.9,0.8993508127421871,0.9928333333333332,0.0,0.0,0.0,0.99355,3,macro,0,0,0.0,0.0,0.0,0.0,3,2,0.0,0.0,2,3,0.0,0.0,0.0,0.0,0.0,"{""dimension"": 2, ""family"": ""moons"", ""n"": 20000}","{""geometry_profile"": ""low_dim"", ""knn_backend"": ""kd_tree"", ""max_eps"": 0.09557323157787323, ""max_eps_quantile"": 0.98, ""min_cluster_size"": 40, ""min_samples"": 5, ""xi"": 0.1}",{},"[{""coverage"": 0.0, ""f1"": 0.0, ""fragments"": 0, ""matched_predicted_cluster"": null, ""overlap"": 0, ""passes_discovery_thresholds"": false, ""precision"": 0.0, ""purity"": 0.0, ""recall"": 0.0, ""target"": ""cluster_0"", ""target_label"": 0, ""target_noise_loss"": 1.0, ""target_size"": 1000}, {""coverage"": 0.0, ""f1"": 0.0, ""fragments"": 0, ""matched_predicted_cluster"": null, ""overlap"": 0, ""passes_discovery_thresholds"": false, ""precision"": 0.0, ""purity"": 0.0, ""recall"": 0.0, ""target"": ""cluster_1"", ""target_label"": 1, ""target_noise_loss"": 1.0, ""target_size"": 1000}]",,native_target_discovery_v1
synthetic__moons_noise90__quality__n20000__OPTICS__223__b0532167cb9d,ok,synthetic,moons_noise90__quality__n20000,OPTICS,223,0.2.4,20000,2,0.0604559000003064,15.88121560000036,18.95427299999937,191.41015625,4.83984375,191.6484375,,,evaluation_state/synthetic__moons_noise90__quality__n20000__OPTICS__223__b0532167cb9d.npz,76935b4351307b98083b5a5988e4db688822c579696efab1ed0601ae410858f2,6465,0.0492350868505259,0.0033078402110505,5,5,0.9866666666666668,known_synthetic_noise,0.5078333333333334,0.4963018816564272,3.0,1,0,0.1,0.9,full_partition,target-discovery-v1,0,0.05,0.029,0.0542563143124415,0.971,0.4202898550724637,1,pairwise_f1,hungarian,0.5,0,6,0.1026037514795457,0.9421250862023236,0.9421250862023236,0.9,0.901431326768856,0.9866666666666668,0.0032841668587232,0.2161349372384937,0.0016546546546546,0.9851,6,macro,0,0,0.029,0.0504786771105308,0.1946308724832214,0.029,5,2,0.0,0.0,2,5,0.0,0.029,0.0,0.0542563143124415,0.4202898550724637,"{""dimension"": 2, ""family"": ""moons"", ""n"": 20000}","{""geometry_profile"": ""low_dim"", ""knn_backend"": ""kd_tree"", ""max_eps"": 0.09638659656047821, ""max_eps_quantile"": 0.98, ""min_cluster_size"": 40, ""min_samples"": 5, ""xi"": 0.1}",{},"[{""coverage"": 0.058, ""f1"": 0.10851262862488306, ""fragments"": 1, ""matched_predicted_cluster"": 0, ""overlap"": 58, ""passes_discovery_thresholds"": false, ""precision"": 0.8405797101449275, ""purity"": 0.8405797101449275, ""recall"": 0.058, ""target"": ""cluster_0"", ""target_label"": 0, ""target_noise_loss"": 0.942, ""target_size"": 1000}, {""coverage"": 0.0, ""f1"": 0.0, ""fragments"": 0, ""matched_predicted_cluster"": null, ""overlap"": 0, ""passes_discovery_thresholds"": false, ""precision"": 0.0, ""purity"": 0.0, ""recall"": 0.0, ""target"": ""cluster_1"", ""target_label"": 1, ""target_noise_loss"": 1.0, ""target_size"": 1000}]",,native_target_discovery_v1
synthetic__moons_noise90__quality__n20000__OPTICS__227__ab24f9d09b3d,ok,synthetic,moons_noise90__quality__n20000,OPTICS,227,0.2.4,20000,2,0.0594543000006524,15.959217999999964,18.983636599999954,191.484375,5.5234375,191.71484375,,,evaluation_state/synthetic__moons_noise90__quality__n20000__OPTICS__227__ab24f9d09b3d.npz,621d9252e141da6fb50e3d53d80ed01d6c11ebabc2e82c44e4d2ec3983670eb3,6054,0.0397945380781398,0.002071128644986,2,2,0.9939444444444444,known_synthetic_noise,0.5084722222222222,0.4940897953828643,1.5,1,0,0.1,0.9,full_partition,target-discovery-v1,0,0.05,0.023,0.0435193945127719,0.977,0.4035087719298245,1,pairwise_f1,hungarian,0.0,0,3,0.0832088128832485,0.9454881754525036,0.9454881754525036,0.9,0.9015369110607204,0.9939444444444444,0.0020637838829445,0.257976071784646,0.001036036036036,0.99225,3,macro,0,0,0.023,0.042691415313225,0.2967741935483871,0.023,2,2,0.0,0.0,2,2,0.0,0.023,0.0,0.0435193945127719,0.4035087719298245,"{""dimension"": 2, ""family"": ""moons"", ""n"": 20000}","{""geometry_profile"": ""low_dim"", ""knn_backend"": ""kd_tree"", ""max_eps"": 0.09788387268781662, ""max_eps_quantile"": 0.98, ""min_cluster_size"": 40, ""min_samples"": 5, ""xi"": 0.1}",{},"[{""coverage"": 0.0, ""f1"": 0.0, ""fragments"": 0, ""matched_predicted_cluster"": null, ""overlap"": 0, ""passes_discovery_thresholds"": false, ""precision"": 0.0, ""purity"": 0.0, ""recall"": 0.0, ""target"": ""cluster_0"", ""target_label"": 0, ""target_noise_loss"": 1.0, ""target_size"": 1000}, {""coverage"": 0.046, ""f1"": 0.08703878902554399, ""fragments"": 0, ""matched_predicted_cluster"": 0, ""overlap"": 46, ""passes_discovery_thresholds"": false, ""precision"": 0.8070175438596491, ""purity"": 0.8070175438596491, ""recall"": 0.046, ""target"": ""cluster_1"", ""target_label"": 1, ""target_noise_loss"": 0.954, ""target_size"": 1000}]",,native_target_discovery_v1
synthetic__moons_noise90__quality__n20000__OPTICS__229__1c0a2014ff53,ok,synthetic,moons_noise90__quality__n20000,OPTICS,229,0.2.4,20000,2,0.0602915999988908,15.874523700000282,18.88188810000065,192.52734375,6.47265625,190.73046875,,,evaluation_state/synthetic__moons_noise90__quality__n20000__OPTICS__229__1c0a2014ff53.npz,bc4357f2ec17fee325dd5d55290dbd39eddd636de009ef887f024b61be46c68f,5635,0.0,0.0,1,1,0.9975555555555556,known_synthetic_noise,0.4987777777777777,0.4730740857835388,0.5,0,0,0.1,0.9,full_partition,target-discovery-v1,0,0.05,0.0,0.0,1.0,0.0,0,pairwise_f1,hungarian,0.0,0,1,0.0,0.9461481715670776,0.9461481715670776,0.9,0.8997795149328522,0.9975555555555556,0.0,0.0,0.0,0.9978,1,macro,0,0,0.0,0.0,0.0,0.0,1,2,0.0,0.0,2,1,0.0,0.0,0.0,0.0,0.0,"{""dimension"": 2, ""family"": ""moons"", ""n"": 20000}","{""geometry_profile"": ""low_dim"", ""knn_backend"": ""kd_tree"", ""max_eps"": 0.09749914705753326, ""max_eps_quantile"": 0.98, ""min_cluster_size"": 40, ""min_samples"": 5, ""xi"": 0.1}",{},"[{""coverage"": 0.0, ""f1"": 0.0, ""fragments"": 0, ""matched_predicted_cluster"": null, ""overlap"": 0, ""passes_discovery_thresholds"": false, ""precision"": 0.0, ""purity"": 0.0, ""recall"": 0.0, ""target"": ""cluster_0"", ""target_label"": 0, ""target_noise_loss"": 1.0, ""target_size"": 1000}, {""coverage"": 0.0, ""f1"": 0.0, ""fragments"": 0, ""matched_predicted_cluster"": null, ""overlap"": 0, ""passes_discovery_thresholds"": false, ""precision"": 0.0, ""purity"": 0.0, ""recall"": 0.0, ""target"": ""cluster_1"", ""target_label"": 1, ""target_noise_loss"": 1.0, ""target_size"": 1000}]",,native_target_discovery_v1
synthetic__moons_noise90__quality__n20000__OPTICS__233__09b71ea0a8c1,ok,synthetic,moons_noise90__quality__n20000,OPTICS,233,0.2.4,20000,2,0.0593236999993678,15.67884370000138,18.69035840000106,190.01171875,4.19921875,190.1171875,,,evaluation_state/synthetic__moons_noise90__quality__n20000__OPTICS__233__09b71ea0a8c1.npz,52fc30afafdc9f8785efaee71df5825fb36d498e6d66adaa46e139c1d2458e4f,6570,0.0283122290127979,0.0009925275164646,6,6,0.984,known_synthetic_noise,0.5,0.4838567977157918,3.5,1,0,0.1,0.9,full_partition,target-discovery-v1,0,0.05,0.016,0.0305343511450381,0.984,0.3333333333333333,1,pairwise_f1,hungarian,0.0,0,7,0.0591476487206716,0.940127388535032,0.940127388535032,0.9,0.9,0.984,0.0009857963833595,0.0680104209515974,0.0004964964964964,0.984,7,macro,0,0,0.016,0.0275862068965517,0.1,0.016,6,2,0.0,0.0,2,6,0.0,0.016,0.0,0.0305343511450381,0.3333333333333333,"{""dimension"": 2, ""family"": ""moons"", ""n"": 20000}","{""geometry_profile"": ""low_dim"", ""knn_backend"": ""kd_tree"", ""max_eps"": 0.09739144891500473, ""max_eps_quantile"": 0.98, ""min_cluster_size"": 40, ""min_samples"": 5, ""xi"": 0.1}",{},"[{""coverage"": 0.032, ""f1"": 0.061068702290076333, ""fragments"": 0, ""matched_predicted_cluster"": 0, ""overlap"": 32, ""passes_discovery_thresholds"": false, ""precision"": 0.6666666666666666, ""purity"": 0.6666666666666666, ""recall"": 0.032, ""target"": ""cluster_0"", ""target_label"": 0, ""target_noise_loss"": 0.968, ""target_size"": 1000}, {""coverage"": 0.0, ""f1"": 0.0, ""fragments"": 0, ""matched_predicted_cluster"": null, ""overlap"": 0, ""passes_discovery_thresholds"": false, ""precision"": 0.0, ""purity"": 0.0, ""recall"": 0.0, ""target"": ""cluster_1"", ""target_label"": 1, ""target_noise_loss"": 1.0, ""target_size"": 1000}]",,native_target_discovery_v1
synthetic__moons_noise90__quality__n20000__SNN-DBSCAN__211__952214ba0aca,ok,synthetic,moons_noise90__quality__n20000,SNN-DBSCAN,211,0.2.4,20000,2,0.0601110999996308,0.2248350999998365,4.015923800001474,254.78125,28.12109375,245.77734375,,,evaluation_state/synthetic__moons_noise90__quality__n20000__SNN-DBSCAN__211__952214ba0aca.npz,01643c69ab197b222b64b099f0ae1816f50a6a8603ba928a358a04b90ed3e0d2,41612,0.3145931898289782,0.0892926403073982,464,439,0.0931666666666666,known_synthetic_noise,0.5145833333333334,0.1773717989066335,250.0,61,0,0.1,0.9,full_partition,target-discovery-v1,13,0.05,0.2025,0.3115779299117719,0.064,0.7001509414654113,2,pairwise_f1,hungarian,7.5,0,500,0.2194339572421573,0.1693511739459732,0.1693511739459732,0.9,0.9290858725761773,0.0931666666666666,0.1034946782285896,0.1230466864354182,0.0893043043043043,0.09025,500,macro,0,0,0.936,0.1853924238672938,0.1028854080791426,0.936,464,2,0.0,0.0,2,498,0.0,0.2025,0.0,0.311577929911772,0.7001509414654112,"{""dimension"": 2, ""family"": ""moons"", ""n"": 20000}","{""eps"": 13, ""geometry_profile"": ""low_dim"", ""k"": 20, ""knn_backend"": ""kd_tree"", ""min_samples"": 5}",{},"[{""coverage"": 0.255, ""f1"": 0.3780578206078577, ""fragments"": 7, ""matched_predicted_cluster"": 31, ""overlap"": 255, ""passes_discovery_thresholds"": false, ""precision"": 0.7306590257879656, ""purity"": 0.7306590257879656, ""recall"": 0.255, ""target"": ""cluster_0"", ""target_label"": 0, ""target_noise_loss"": 0.062, ""target_size"": 1000}, {""coverage"": 0.15, ""f1"": 0.24509803921568626, ""fragments"": 8, ""matched_predicted_cluster"": 1, ""overlap"": 150, ""passes_discovery_thresholds"": false, ""precision"": 0.6696428571428571, ""purity"": 0.6696428571428571, ""recall"": 0.15, ""target"": ""cluster_1"", ""target_label"": 1, ""target_noise_loss"": 0.066, ""target_size"": 1000}]",,native_target_discovery_v1
synthetic__moons_noise90__quality__n20000__SNN-DBSCAN__223__98a10be1c7b5,ok,synthetic,moons_noise90__quality__n20000,SNN-DBSCAN,223,0.2.4,20000,2,0.0600181000008888,0.2445098999996844,4.17531869999948,255.19921875,28.40625,255.21875,,,evaluation_state/synthetic__moons_noise90__quality__n20000__SNN-DBSCAN__223__98a10be1c7b5.npz,be856ada89c2ab3e1151211b080d6c5db5c56270ea48749afcfc63b8791444c7,42236,0.2768597393214365,0.0431129810653765,473,447,0.0876666666666666,known_synthetic_noise,0.5140833333333333,0.1727601298369004,262.5,78,0,0.1,0.9,full_partition,target-discovery-v1,8,0.05,0.089,0.1565055606914612,0.0595,0.6535729544969024,2,pairwise_f1,hungarian,5.0,0,525,0.1583446355728614,0.1602274458039295,0.1602274458039295,0.9,0.929876252209782,0.0876666666666666,0.0535017608711941,0.071107754614261,0.0428838838838838,0.08485,525,macro,0,0,0.9405,0.1852928138698714,0.1027700376987379,0.9405,473,2,0.0,0.0,2,523,0.0,0.089,0.0,0.1565055606914612,0.6535729544969024,"{""dimension"": 2, ""family"": ""moons"", ""n"": 20000}","{""eps"": 13, ""geometry_profile"": ""low_dim"", ""k"": 20, ""knn_backend"": ""kd_tree"", ""min_samples"": 5}",{},"[{""coverage"": 0.089, ""f1"": 0.1583629893238434, ""fragments"": 5, ""matched_predicted_cluster"": 19, ""overlap"": 89, ""passes_discovery_thresholds"": false, ""precision"": 0.717741935483871, ""purity"": 0.717741935483871, ""recall"": 0.089, ""target"": ""cluster_0"", ""target_label"": 0, ""target_noise_loss"": 0.071, ""target_size"": 1000}, {""coverage"": 0.089, ""f1"": 0.15464813205907907, ""fragments"": 5, ""matched_predicted_cluster"": 1, ""overlap"": 89, ""passes_discovery_thresholds"": false, ""precision"": 0.5894039735099338, ""purity"": 0.5894039735099338, ""recall"": 0.089, ""target"": ""cluster_1"", ""target_label"": 1, ""target_noise_loss"": 0.048, ""target_size"": 1000}]",,native_target_discovery_v1
synthetic__moons_noise90__quality__n20000__SNN-DBSCAN__227__fa61ba29d744,ok,synthetic,moons_noise90__quality__n20000,SNN-DBSCAN,227,0.2.4,20000,2,0.0598666999994748,0.2308296999999584,4.161639300000388,248.6171875,21.6953125,247.2421875,,,evaluation_state/synthetic__moons_noise90__quality__n20000__SNN-DBSCAN__227__fa61ba29d744.npz,87579da8cd20e3549b7414c1716062cc16488be0a3e2e48e2931009f9e0923d7,41737,0.282078441175718,0.052359965041254,439,411,0.0926111111111111,known_synthetic_noise,0.5145555555555555,0.1769126786660796,244.0,77,0,0.1,0.9,full_partition,target-discovery-v1,9,0.05,0.129,0.2203589999620445,0.0635,0.7561320104726471,2,pairwise_f1,hungarian,5.5,0,488,0.1909296598304048,0.1684348792563403,0.1684348792563403,0.9,0.9292084726867336,0.0926111111111111,0.0642057430003655,0.0829098202234374,0.0523873873873873,0.0897,488,macro,0,0,0.9365,0.185390478075819,0.1028781720311985,0.9365,439,2,0.0,0.0,2,486,0.0,0.129,0.0,0.2203589999620445,0.7561320104726471,"{""dimension"": 2, ""family"": ""moons"", ""n"": 20000}","{""eps"": 13, ""geometry_profile"": ""low_dim"", ""k"": 20, ""knn_backend"": ""kd_tree"", ""min_samples"": 5}",{},"[{""coverage"": 0.122, ""f1"": 0.20962199312714777, ""fragments"": 6, ""matched_predicted_cluster"": 13, ""overlap"": 122, ""passes_discovery_thresholds"": false, ""precision"": 0.7439024390243902, ""purity"": 0.7439024390243902, ""recall"": 0.122, ""target"": ""cluster_0"", ""target_label"": 0, ""target_noise_loss"": 0.061, ""target_size"": 1000}, {""coverage"": 0.136, ""f1"": 0.2310960067969414, ""fragments"": 5, ""matched_predicted_cluster"": 61, ""overlap"": 136, ""passes_discovery_thresholds"": false, ""precision"": 0.768361581920904, ""purity"": 0.768361581920904, ""recall"": 0.136, ""target"": ""cluster_1"", ""target_label"": 1, ""target_noise_loss"": 0.066, ""target_size"": 1000}]",,native_target_discovery_v1
synthetic__moons_noise90__quality__n20000__SNN-DBSCAN__229__668c119e1c6b,ok,synthetic,moons_noise90__quality__n20000,SNN-DBSCAN,229,0.2.4,20000,2,0.0581810000003315,0.2268700999993598,4.0520959999994375,254.94921875,28.59375,254.5234375,,,evaluation_state/synthetic__moons_noise90__quality__n20000__SNN-DBSCAN__229__668c119e1c6b.npz,eac9ae4ff1a4288c287b8d33fb4b91d0e8529d7d7d4193b4cbea8abc34a29c01,41547,0.2912663808636629,0.0590674995403523,441,418,0.0912222222222222,known_synthetic_noise,0.5143611111111112,0.1757381291182292,243.0,68,0,0.1,0.9,full_partition,target-discovery-v1,8,0.05,0.1365,0.2265188042430087,0.0625,0.6681818181818182,2,pairwise_f1,hungarian,5.0,0,486,0.1916841942793216,0.1661354783224566,0.1661354783224566,0.9,0.9292586304470856,0.0912222222222222,0.0721810156603957,0.0927329084233661,0.059086086086086,0.08835,486,macro,0,0,0.9375,0.1853407799140018,0.1028355180167827,0.9375,441,2,0.0,0.0,2,484,0.0,0.1365,0.0,0.2265188042430087,0.6681818181818182,"{""dimension"": 2, ""family"": ""moons"", ""n"": 20000}","{""eps"": 13, ""geometry_profile"": ""low_dim"", ""k"": 20, ""knn_backend"": ""kd_tree"", ""min_samples"": 5}",{},"[{""coverage"": 0.14, ""f1"": 0.22950819672131148, ""fragments"": 6, ""matched_predicted_cluster"": 13, ""overlap"": 140, ""passes_discovery_thresholds"": false, ""precision"": 0.6363636363636364, ""purity"": 0.6363636363636364, ""recall"": 0.14, ""target"": ""cluster_0"", ""target_label"": 0, ""target_noise_loss"": 0.065, ""target_size"": 1000}, {""coverage"": 0.133, ""f1"": 0.2235294117647059, ""fragments"": 4, ""matched_predicted_cluster"": 84, ""overlap"": 133, ""passes_discovery_thresholds"": false, ""precision"": 0.7, ""purity"": 0.7, ""recall"": 0.133, ""target"": ""cluster_1"", ""target_label"": 1, ""target_noise_loss"": 0.06, ""target_size"": 1000}]",,native_target_discovery_v1
synthetic__moons_noise90__quality__n20000__SNN-DBSCAN__233__e820a7a86b4f,ok,synthetic,moons_noise90__quality__n20000,SNN-DBSCAN,233,0.2.4,20000,2,0.0600171999994927,0.2300673999998252,4.070316299999831,253.69140625,27.05859375,236.4296875,,,evaluation_state/synthetic__moons_noise90__quality__n20000__SNN-DBSCAN__233__e820a7a86b4f.npz,d4971b5d3c36ef90cab504dc1d1cfe2f936a535a898536d4791420cdedc3a716,41901,0.2798120207276863,0.0503540833640814,465,439,0.0966666666666666,known_synthetic_noise,0.5168333333333334,0.1806632199719445,258.5,78,0,0.1,0.9,full_partition,target-discovery-v1,9,0.05,0.1104999999999999,0.1905061925837765,0.063,0.6924457593688362,2,pairwise_f1,hungarian,5.5,0,517,0.1825184905521975,0.1751736635457565,0.1751736635457565,0.9,0.932475884244373,0.0966666666666666,0.0631385821495997,0.0843083972274015,0.0504664664664664,0.0933,517,macro,0,0,0.937,0.1861527763981325,0.1033417889048196,0.937,465,2,0.0,0.0,2,515,0.0,0.1105,0.0,0.1905061925837765,0.6924457593688362,"{""dimension"": 2, ""family"": ""moons"", ""n"": 20000}","{""eps"": 13, ""geometry_profile"": ""low_dim"", ""k"": 20, ""knn_backend"": ""kd_tree"", ""min_samples"": 5}",{},"[{""coverage"": 0.103, ""f1"": 0.17913043478260868, ""fragments"": 6, ""matched_predicted_cluster"": 35, ""overlap"": 103, ""passes_discovery_thresholds"": false, ""precision"": 0.6866666666666666, ""purity"": 0.6866666666666666, ""recall"": 0.103, ""target"": ""cluster_0"", ""target_label"": 0, ""target_noise_loss"": 0.064, ""target_size"": 1000}, {""coverage"": 0.118, ""f1"": 0.2018819503849444, ""fragments"": 5, ""matched_predicted_cluster"": 124, ""overlap"": 118, ""passes_discovery_thresholds"": false, ""precision"": 0.6982248520710059, ""purity"": 0.6982248520710059, ""recall"": 0.118, ""target"": ""cluster_1"", ""target_label"": 1, ""target_noise_loss"": 0.062, ""target_size"": 1000}]",,native_target_discovery_v1
synthetic__moons_noise90__quality__n20000__StrataSCAN__211__df02471d42d3,ok,synthetic,moons_noise90__quality__n20000,StrataSCAN,211,0.2.4,20000,2,0.0607012999989819,0.7443303999989439,3.943741600000066,233.47265625,47.48828125,231.79296875,,,evaluation_state/synthetic__moons_noise90__quality__n20000__StrataSCAN__211__df02471d42d3.npz,15c84e76d51f6be87d5a0743a485ff0f316d98523fce4ea01aa788e05448d20c,9716,0.7360749861277667,0.7841564759250005,2,2,0.9692777777777778,known_synthetic_noise,0.9281388888888888,0.8990652005828745,2.5,3,0,0.1,0.9,full_partition,target-discovery-v1,0,0.05,0.8855,0.8220131897300221,0.1129999999999999,0.7671224549527577,2,pairwise_f1,hungarian,1.0,0,5,0.8933156662788764,0.9781627561461048,0.9781627561461048,0.9,0.9872121315000284,0.9692777777777778,0.6720053947807556,0.5879778582163163,0.784054054054054,0.88365,5,macro,2,0,0.887,0.819967645019644,0.7623549634722819,0.887,2,2,0.0,1.0,2,3,0.0,0.8855,0.0,0.8220131897300221,0.7671224549527577,"{""dimension"": 2, ""family"": ""moons"", ""n"": 20000}","{""ambiguous_model_confirmation_tolerance"": 1e-05, ""assignment"": ""maximum_posterior_basis_then_semantic_role"", ""background_model"": ""adaptive_gamma_basis_mixture_with_largest_rate_gap"", ""background_scan"": ""adaptive_dyadic_rank_windows_with_poisson_beta_boundary_code"", ""border_rule"": ""strict_local_core_radius"", ""component_initialization"": ""compiled_split_warm_single_start_with_guarded_confirmation"", ""component_selection"": ""semantic_icl_with_adaptive_bound"", ""connectivity"": ""density_ordered_non_merging_knn_watershed"", ""core_thresholds"": ""observed_d4_event_sweep"", ""duplicate_profile_confirmation_minimum"": 3, ""duplicate_profile_confirmation_tolerance"": 1e-08, ""extraction_objective"": ""gamma_topology_description_length"", ""fit_samples"": ""all_rows"", ""gamma_tolerance"": 0.0001, ""geometry_profile"": ""low_dim"", ""hard_component_bound"": 24, ""initial_component_bound"": 8, ""k"": 32, ""knn_backend"": ""kd_tree"", ""shell_ranks"": [4, 8, 16, 32], ""stratification_model"": ""adaptive_gamma_density_basis_with_semantic_background"", ""version"": ""0.2.3""}","{""algorithm"": ""OptimizationStrataSCAN"", ""algorithm_version"": ""0.2.3"", ""graph_seconds"": 0.18400149999979476, ""mdl_gamma_adaptive_search"": true, ""mdl_gamma_assignment"": ""maximum_posterior_basis_then_semantic_role"", ""mdl_gamma_background_basis_components"": [1, 2, 3, 4], ""mdl_gamma_background_boundary"": ""largest_rate_gap"", ""mdl_gamma_background_components"": 4, ""mdl_gamma_background_distribution"": ""gamma_components"", ""mdl_gamma_background_fraction"": 0.89955, ""mdl_gamma_background_group"": 1, ""mdl_gamma_candidate_components"": [1, 2, 3, 4, 5, 6, 7, 8], ""mdl_gamma_candidate_converged"": [true, true, true, true, true, true, true, true], ""mdl_gamma_candidate_entropies"": [-0.0, 84.11223127759116, 97.09443584592864, 107.62777334529939, 252.8433232897569, 304.42260512260293, 312.7202213903925, 309.5130076597477], ""mdl_gamma_candidate_iterations"": [2, 8, 6, 8, 32, 6, 5, 5], ""mdl_gamma_candidate_log_likelihoods"": [-131890.96787897593, -90768.3927277589, -89668.81375376413, -89601.94146448931, -87763.88760467154, -87743.36851713358, -87742.57907610589, -87745.66774736585], ""mdl_gamma_candidate_role_gains_nats"": [[0.0], [0.0, 0.0], [0.0, 0.0, 0.0], [0.0, 0.0, 0.0, 0.0], [0.0, 0.0, 0.0, 0.0, 0.0], [0.0, 0.0, 0.0, 0.0, 0.0, 0.0], [0.0, 0.0, 0.0, 0.0, 0.0, 0.0, 0.0], [0.0, 0.0, 0.0, 0.0, 0.0, 0.0, 0.0, 0.0]], ""mdl_gamma_candidate_role_threshold_sizes"": [[0], [0, 0], [0, 0, 0], [0, 0, 0, 0], [0, 0, 0, 0, 0], [0, 0, 0, 0, 0, 0], [0, 0, 0, 0, 0, 0, 0], [0, 0, 0, 0, 0, 0, 0, 0]], ""mdl_gamma_candidate_scores"": [263801.74273305695, 181754.52735583563, 179611.0442796404, 179528.07683874713, 176172.1106816581, 176263.94153290548, 176308.6683460433, 176338.1417237595], ""mdl_gamma_candidate_signal_components"": [[], [0], [0], [0], [0], [0], [0], [0]], ""mdl_gamma_criterion"": ""icl"", ""mdl_gamma_entropy_scope"": ""semantic"", ""mdl_gamma_fit_samples"": 20000, ""mdl_gamma_grouping"": ""largest_rate_gap"", ""mdl_gamma_guarded_confirmation"": true, ""mdl_gamma_log_rate_gaps"": [], ""mdl_gamma_mean_background_probability"": 0.9003973799103182, ""mdl_gamma_mean_posterior_entropy"": 0.012642166164487845, ""mdl_gamma_mu"": [2.8603946056200105, 1.6668489178252077, 1.3432610849528182, 1.1446579561113719, 1.0460202572287045], ""mdl_gamma_n_init"": 1, ""mdl_gamma_ranks"": [4, 8, 16, 32], ""mdl_gamma_rates"": [[16.208206707840453, 15.612615112068552, 15.038909302636151, 14.486285057913692], [6.3407591589146035, 6.938414531460012, 7.592402582061838, 8.308033010528328], [3.5521262526954076, 3.4201657350559254, 3.293107514513138, 3.1707694720722555], [3.2425634803903645, 3.2943778834114155, 3.347020252446598, 3.4005038179430582], [2.4112843598555473, 2.2193828767768853, 2.042753826854965, 1.8801817571876762]], ""mdl_gamma_role_evidence_neighbour_ranks"": [], ""mdl_gamma_search_caps"": [8], ""mdl_gamma_search_hard_max"": 24, ""mdl_gamma_search_hit_hard_max"": false, ""mdl_gamma_search_initial_max"": 8, ""mdl_gamma_selected_components"": 5, ""mdl_gamma_signal_basis_components"": [0], ""mdl_gamma_signal_components"": 1, ""mdl_gamma_slopes"": [-0.05401226957980239, 0.12995045616698578, -0.05461662289292504, 0.022871230960454354, -0.11964322075720747], ""mdl_gamma_split_warm_start"": true, ""mdl_gamma_tolerance"": 0.0001, ""mdl_gamma_weights"": [0.10030281855233679, 0.03896925770955992, 0.3096470886908246, 0.5112415064887379, 0.03983932855853684], ""optimization_background_events"": [{""boundary_gain_nats"": 18.23535943569442, ""component_size"": 5, ""description_gain_nats"": 3.562874227381979, ""graph_code_nats"": 17.827711006104185, ""width"": 32, ""window_count"": 563, ""window_gain_nats"": 3.8483729783516902, ""window_pvalue"": 0.0017761989342806395}, {""boundary_gain_nats"": 18.374343055494908, ""component_size"": 5, ""description_gain_nats"": 3.0107632453430533, ""graph_code_nats"": 17.827433050742023, ""width"": 64, ""window_count"": 282, ""window_gain_nats"": 3.1570004211501135, ""window_pvalue"": 0.0035460992907801418}, {""boundary_gain_nats"": 20.241856992962298, ""component_size"": 5, ""description_gain_nats"": 4.875002813848894, ""graph_code_nats"": 17.8271550180992, ""width"": 64, ""window_count"": 281, ""window_gain_nats"": 3.153448019545745, ""window_pvalue"": 0.0035587188612099642}], ""optimization_background_intrinsic_dimension"": 2.0179367772524777, ""optimization_border_fraction"": 0.01545, ""optimization_border_model"": ""strict_local_core_radius"", ""optimization_border_seconds"": 0.0037205999997240724, ""optimization_boundary_component_gains_nats"": [[0.0, 0.0, 0.0, 0.0, 0.0, 0.0, 0.0], [18.23535943569442, 18.374343055494908, 20.241856992962298]], ""optimization_candidate_groups"": [0, 1], ""optimization_clusters"": 5, ""optimization_connectivity_rank"": 4, ""optimization_core_fraction"": 0.1009, ""optimization_core_rank"": 4, ""optimization_description_gain_nats"": 34790.60972834483, ""optimization_group_gains_nats"": [29420.31221712115, 11.448640286573927], ""optimization_group_sizes"": [2009, 17991], ""optimization_noise_fraction"": 0.88365, ""optimization_objective"": ""gamma_topology_component_and_attachment_description_gain"", ""optimization_objective_trace"": [0.0, -34790.60972834483], ""optimization_ordering_modes"": [""d4"", ""adaptive_d4_rank_windows_with_beta_boundary_code""], ""optimization_seconds"": 0.0967356999990443, ""optimization_selected_component_gains_nats"": [16931.018222950286, 17539.705214734266, 100.291730806381, 3.562874227381979, 3.0107632453430533, 4.875002813848894], ""optimization_selected_groups"": [0, 1], ""optimization_selected_local_components"": [3, 3], ""optimization_solver"": ""exact_stratum_event_sweep"", ""optimization_sparse_memory"": true, ""optimization_threshold_seconds"": 0.09323669999866979, ""optimization_threshold_sizes"": [2009, 15], ""optimization_thresholds"": [0.058103274554014206, 0.02455071173608303], ""optimization_topology_evidence_ranks"": [5, 8], ""optimization_unified_background_scan"": true, ""stratification"": ""adaptive-semantic-information-criterion-gamma-v2""}","[{""coverage"": 0.892, ""f1"": 0.8206071757129716, ""fragments"": 1, ""matched_predicted_cluster"": 1, ""overlap"": 892, ""passes_discovery_thresholds"": false, ""precision"": 0.7597955706984668, ""purity"": 0.7597955706984668, ""recall"": 0.892, ""target"": ""cluster_0"", ""target_label"": 0, ""target_noise_loss"": 0.105, ""target_size"": 1000}, {""coverage"": 0.879, ""f1"": 0.8234192037470727, ""fragments"": 1, ""matched_predicted_cluster"": 0, ""overlap"": 879, ""passes_discovery_thresholds"": false, ""precision"": 0.7744493392070485, ""purity"": 0.7744493392070485, ""recall"": 0.879, ""target"": ""cluster_1"", ""target_label"": 1, ""target_noise_loss"": 0.121, ""target_size"": 1000}]",,native_target_discovery_v1
synthetic__moons_noise90__quality__n20000__StrataSCAN__223__3e9c6f47b62f,ok,synthetic,moons_noise90__quality__n20000,StrataSCAN,223,0.2.4,20000,2,0.0617609000000811,0.7416137999989587,3.954434499999479,231.46484375,45.3125,232.9921875,,,evaluation_state/synthetic__moons_noise90__quality__n20000__StrataSCAN__223__3e9c6f47b62f.npz,1d62d2d74775651b9418ee14b89ff45711ed56b7f9b6304455775f3a9330d514,9474,0.7240393930590184,0.7649344230250917,0,0,0.9722222222222222,known_synthetic_noise,0.9231111111111112,0.9009708647856188,1.0,2,0,0.1,0.9,full_partition,target-discovery-v1,0,0.05,0.874,0.8229505602182221,0.126,0.7775381183773202,2,pairwise_f1,hungarian,1.0,0,2,0.8942042217502004,0.9789662116804654,0.9789662116804654,0.9,0.9858044164037856,0.9722222222222222,0.6752002533099895,0.6047893422992551,0.7641661661661662,0.8876,2,macro,2,0,0.874,0.8229755178907722,0.7775800711743772,0.874,0,2,0.0,1.0,2,0,0.0,0.874,0.0,0.8229505602182221,0.7775381183773202,"{""dimension"": 2, ""family"": ""moons"", ""n"": 20000}","{""ambiguous_model_confirmation_tolerance"": 1e-05, ""assignment"": ""maximum_posterior_basis_then_semantic_role"", ""background_model"": ""adaptive_gamma_basis_mixture_with_largest_rate_gap"", ""background_scan"": ""adaptive_dyadic_rank_windows_with_poisson_beta_boundary_code"", ""border_rule"": ""strict_local_core_radius"", ""component_initialization"": ""compiled_split_warm_single_start_with_guarded_confirmation"", ""component_selection"": ""semantic_icl_with_adaptive_bound"", ""connectivity"": ""density_ordered_non_merging_knn_watershed"", ""core_thresholds"": ""observed_d4_event_sweep"", ""duplicate_profile_confirmation_minimum"": 3, ""duplicate_profile_confirmation_tolerance"": 1e-08, ""extraction_objective"": ""gamma_topology_description_length"", ""fit_samples"": ""all_rows"", ""gamma_tolerance"": 0.0001, ""geometry_profile"": ""low_dim"", ""hard_component_bound"": 24, ""initial_component_bound"": 8, ""k"": 32, ""knn_backend"": ""kd_tree"", ""shell_ranks"": [4, 8, 16, 32], ""stratification_model"": ""adaptive_gamma_density_basis_with_semantic_background"", ""version"": ""0.2.3""}","{""algorithm"": ""OptimizationStrataSCAN"", ""algorithm_version"": ""0.2.3"", ""graph_seconds"": 0.19249279999894497, ""mdl_gamma_adaptive_search"": true, ""mdl_gamma_assignment"": ""maximum_posterior_basis_then_semantic_role"", ""mdl_gamma_background_basis_components"": [1, 2, 3, 4, 5], ""mdl_gamma_background_boundary"": ""largest_rate_gap"", ""mdl_gamma_background_components"": 5, ""mdl_gamma_background_distribution"": ""gamma_components"", ""mdl_gamma_background_fraction"": 0.90425, ""mdl_gamma_background_group"": 1, ""mdl_gamma_candidate_components"": [1, 2, 3, 4, 5, 6, 7, 8], ""mdl_gamma_candidate_converged"": [true, true, true, true, true, true, true, true], ""mdl_gamma_candidate_entropies"": [-0.0, 80.89440374884302, 80.9015345919511, 83.98774839610896, 271.03242587665045, 321.60212161123934, 330.5355642212322, 353.68641782487475], ""mdl_gamma_candidate_iterations"": [2, 8, 37, 7, 29, 5, 4, 4], ""mdl_gamma_candidate_log_likelihoods"": [-134216.83837012987, -92657.33673267259, -90178.21091841253, -89864.11184959485, -88858.12724269, -88789.14176869213, -88777.4820537907, -88781.48266902198], ""mdl_gamma_candidate_role_gains_nats"": [[0.0], [0.0, 0.0], [0.0, 0.0, 0.0], [0.0, 0.0, 0.0, 0.0], [0.0, 0.0, 0.0, 0.0, 0.0], [0.0, 0.0, 0.0, 0.0, 0.0, 0.0], [0.0, 0.0, 0.0, 0.0, 0.0, 0.0, 0.0], [0.0, 0.0, 0.0, 0.0, 0.0, 0.0, 0.0, 0.0]], ""mdl_gamma_candidate_role_threshold_sizes"": [[0], [0, 0], [0, 0, 0], [0, 0, 0, 0], [0, 0, 0, 0, 0], [0, 0, 0, 0, 0, 0], [0, 0, 0, 0, 0, 0, 0], [0, 0, 0, 0, 0, 0, 0, 0]], ""mdl_gamma_candidate_scores"": [268453.4837153648, 185525.97971060552, 180597.45280642924, 180005.1375590598, 178396.96816286878, 178389.84706899986, 178414.10498707462, 178498.11838740204], ""mdl_gamma_candidate_signal_components"": [[], [0], [0], [0], [0], [0], [0], [0]], ""mdl_gamma_criterion"": ""icl"", ""mdl_gamma_entropy_scope"": ""semantic"", ""mdl_gamma_fit_samples"": 20000, ""mdl_gamma_grouping"": ""largest_rate_gap"", ""mdl_gamma_guarded_confirmation"": true, ""mdl_gamma_log_rate_gaps"": [], ""mdl_gamma_mean_background_probability"": 0.9053219658576807, ""mdl_gamma_mean_posterior_entropy"": 0.016080106080561967, ""mdl_gamma_mu"": [2.8904853176218825, 1.8609180596336294, 1.3141872743154277, 1.15501312037218, 1.1625023346377237, 1.0214714716865352], ""mdl_gamma_n_init"": 1, ""mdl_gamma_ranks"": [4, 8, 16, 32], ""mdl_gamma_rates"": [[16.69024599411283, 16.070640825007054, 15.474037747405376, 14.899582836518372], [7.334805920926288, 7.834110952433156, 8.367405365141892, 8.937002931118837], [3.69129646233444, 3.6761756069934344, 3.661116692021774, 3.6461194636898093], [3.2954236794650877, 3.357832085727037, 3.4214223761868894, 3.4862169332501733], [3.0896877386196797, 3.0369504733965926, 2.9851133700599153, 2.934161063925522], [2.269457566587677, 2.0515088204200933, 1.854490915461162, 1.6763937455670979]], ""mdl_gamma_role_evidence_neighbour_ranks"": [], ""mdl_gamma_search_caps"": [8], ""mdl_gamma_search_hard_max"": 24, ""mdl_gamma_search_hit_hard_max"": false, ""mdl_gamma_search_initial_max"": 8, ""mdl_gamma_selected_components"": 6, ""mdl_gamma_signal_basis_components"": [0], ""mdl_gamma_signal_components"": 1, ""mdl_gamma_slopes"": [-0.054577760082269285, 0.09501076826865776, -0.005921926391889646, 0.027066128888149726, -0.024837657328122067, -0.1456621565100657], ""mdl_gamma_split_warm_start"": true, ""mdl_gamma_tolerance"": 0.0001, ""mdl_gamma_weights"": [0.09515813665309318, 0.03644297355073876, 0.284254925174082, 0.2549273967447006, 0.2988359106254856, 0.03038065725189983], ""optimization_background_events"": [], ""optimization_background_intrinsic_dimension"": 2.018816092178551, ""optimization_border_fraction"": 0.0167, ""optimization_border_model"": ""strict_local_core_radius"", ""optimization_border_seconds"": 0.0021343999997043284, ""optimization_boundary_component_gains_nats"": [[0.0, 0.0, 0.0, 0.0, 0.0], []], ""optimization_candidate_groups"": [0, 1], ""optimization_clusters"": 2, ""optimization_connectivity_rank"": 4, ""optimization_core_fraction"": 0.0957, ""optimization_core_rank"": 4, ""optimization_description_gain_nats"": 31989.27980422591, ""optimization_group_gains_nats"": [26082.823340730567, 0.0], ""optimization_group_sizes"": [1915, 18085], ""optimization_noise_fraction"": 0.8876, ""optimization_objective"": ""gamma_topology_component_and_attachment_description_gain"", ""optimization_objective_trace"": [0.0, -31989.27980422591], ""optimization_ordering_modes"": [""d4"", ""adaptive_d4_rank_windows_with_beta_boundary_code""], ""optimization_seconds"": 0.05577860000084911, ""optimization_selected_component_gains_nats"": [14614.34487330011, 15744.471673654469, 1385.4115516955285, 11.052933965988082], ""optimization_selected_groups"": [0], ""optimization_selected_local_components"": [4, 0], ""optimization_solver"": ""exact_stratum_event_sweep"", ""optimization_sparse_memory"": true, ""optimization_threshold_seconds"": 0.053858999999647494, ""optimization_threshold_sizes"": [1915, 0], ""optimization_thresholds"": [0.054324910044670105, 0.0], ""optimization_topology_evidence_ranks"": [5, 8], ""optimization_unified_background_scan"": true, ""stratification"": ""adaptive-semantic-information-criterion-gamma-v2""}","[{""coverage"": 0.854, ""f1"": 0.8052805280528053, ""fragments"": 1, ""matched_predicted_cluster"": 1, ""overlap"": 854, ""passes_discovery_thresholds"": false, ""precision"": 0.7618198037466548, ""purity"": 0.7618198037466548, ""recall"": 0.854, ""target"": ""cluster_0"", ""target_label"": 0, ""target_noise_loss"": 0.146, ""target_size"": 1000}, {""coverage"": 0.894, ""f1"": 0.8406205923836388, ""fragments"": 1, ""matched_predicted_cluster"": 0, ""overlap"": 894, ""passes_discovery_thresholds"": false, ""precision"": 0.7932564330079858, ""purity"": 0.7932564330079858, ""recall"": 0.894, ""target"": ""cluster_1"", ""target_label"": 1, ""target_noise_loss"": 0.106, ""target_size"": 1000}]",,native_target_discovery_v1
synthetic__moons_noise90__quality__n20000__StrataSCAN__227__c613c3408c4e,ok,synthetic,moons_noise90__quality__n20000,StrataSCAN,227,0.2.4,20000,2,0.0596789000010176,0.736089300000458,3.9489193000008527,236.3125,49.9609375,232.3671875,,,evaluation_state/synthetic__moons_noise90__quality__n20000__StrataSCAN__227__c613c3408c4e.npz,90066ee68e1e57f260b24258ebca72807709a75fdde833fb27882c2c4e9e0297,9515,0.6929565474119121,0.7250096861664549,0,0,0.9736111111111112,known_synthetic_noise,0.9125555555555556,0.8968357961827054,1.0,2,0,0.1,0.9,full_partition,target-discovery-v1,0,0.05,0.8514999999999999,0.8152108952783216,0.1485,0.781903949161461,2,pairwise_f1,hungarian,1.0,0,2,0.8894019279431434,0.9784489978225672,0.9784489978225672,0.9,0.983335203680844,0.9736111111111112,0.6632623297697996,0.6112369090229314,0.7249679679679679,0.8911,2,macro,2,0,0.8515,0.8152225945428435,0.7819100091827365,0.8515,0,2,0.0,1.0,2,0,0.0,0.8515,0.0,0.8152108952783216,0.781903949161461,"{""dimension"": 2, ""family"": ""moons"", ""n"": 20000}","{""ambiguous_model_confirmation_tolerance"": 1e-05, ""assignment"": ""maximum_posterior_basis_then_semantic_role"", ""background_model"": ""adaptive_gamma_basis_mixture_with_largest_rate_gap"", ""background_scan"": ""adaptive_dyadic_rank_windows_with_poisson_beta_boundary_code"", ""border_rule"": ""strict_local_core_radius"", ""component_initialization"": ""compiled_split_warm_single_start_with_guarded_confirmation"", ""component_selection"": ""semantic_icl_with_adaptive_bound"", ""connectivity"": ""density_ordered_non_merging_knn_watershed"", ""core_thresholds"": ""observed_d4_event_sweep"", ""duplicate_profile_confirmation_minimum"": 3, ""duplicate_profile_confirmation_tolerance"": 1e-08, ""extraction_objective"": ""gamma_topology_description_length"", ""fit_samples"": ""all_rows"", ""gamma_tolerance"": 0.0001, ""geometry_profile"": ""low_dim"", ""hard_component_bound"": 24, ""initial_component_bound"": 8, ""k"": 32, ""knn_backend"": ""kd_tree"", ""shell_ranks"": [4, 8, 16, 32], ""stratification_model"": ""adaptive_gamma_density_basis_with_semantic_background"", ""version"": ""0.2.3""}","{""algorithm"": ""OptimizationStrataSCAN"", ""algorithm_version"": ""0.2.3"", ""graph_seconds"": 0.18181510000067647, ""mdl_gamma_adaptive_search"": true, ""mdl_gamma_assignment"": ""maximum_posterior_basis_then_semantic_role"", ""mdl_gamma_background_basis_components"": [1, 2, 3, 4], ""mdl_gamma_background_boundary"": ""largest_rate_gap"", ""mdl_gamma_background_components"": 4, ""mdl_gamma_background_distribution"": ""gamma_components"", ""mdl_gamma_background_fraction"": 0.9063, ""mdl_gamma_background_group"": 1, ""mdl_gamma_candidate_components"": [1, 2, 3, 4, 5, 6, 7, 8], ""mdl_gamma_candidate_converged"": [true, true, true, true, true, true, true, true], ""mdl_gamma_candidate_entropies"": [-0.0, 84.74944987126632, 88.96939061470894, 93.1888440813229, 292.7804327801772, 326.36605377864475, 327.32220033138003, 338.13323925184085], ""mdl_gamma_candidate_iterations"": [2, 8, 36, 6, 26, 6, 4, 6], ""mdl_gamma_candidate_log_likelihoods"": [-134980.37085580625, -92132.14866321888, -89638.61663994599, -89424.37506704991, -88006.92065312208, -87994.68872945991, -87993.00068867375, -87989.94277113867], ""mdl_gamma_candidate_role_gains_nats"": [[0.0], [0.0, 0.0], [0.0, 0.0, 0.0], [0.0, 0.0, 0.0, 0.0], [0.0, 0.0, 0.0, 0.0, 0.0], [0.0, 0.0, 0.0, 0.0, 0.0, 0.0], [0.0, 0.0, 0.0, 0.0, 0.0, 0.0, 0.0], [0.0, 0.0, 0.0, 0.0, 0.0, 0.0, 0.0, 0.0]], ""mdl_gamma_candidate_role_threshold_sizes"": [[0], [0, 0], [0, 0, 0], [0, 0, 0, 0], [0, 0, 0, 0, 0], [0, 0, 0, 0, 0, 0], [0, 0, 0, 0, 0, 0, 0], [0, 0, 0, 0, 0, 0, 0, 0]], ""mdl_gamma_candidate_scores"": [269980.5486867176, 184483.31366394294, 179534.3999615417, 179144.06618534037, 176738.05099754, 176810.46885487024, 176838.715529061, 176883.93223448933], ""mdl_gamma_candidate_signal_components"": [[], [0], [0], [0], [0], [0], [0], [0]], ""mdl_gamma_criterion"": ""icl"", ""mdl_gamma_entropy_scope"": ""semantic"", ""mdl_gamma_fit_samples"": 20000, ""mdl_gamma_grouping"": ""largest_rate_gap"", ""mdl_gamma_guarded_confirmation"": true, ""mdl_gamma_log_rate_gaps"": [], ""mdl_gamma_mean_background_probability"": 0.9067502262990736, ""mdl_gamma_mean_posterior_entropy"": 0.01463902163900886, ""mdl_gamma_mu"": [2.8958803854162607, 1.8041169195344438, 1.2988187760329097, 1.0316103052268133, 1.0363183181622624], ""mdl_gamma_n_init"": 1, ""mdl_gamma_ranks"": [4, 8, 16, 32], ""mdl_gamma_rates"": [[17.012637599859108, 16.4939639283425, 15.991103347297335, 15.50357375430742], [7.107410524167246, 7.687906451930012, 8.315814235389496, 8.995006225673587], [3.4768554225582844, 3.386452856594376, 3.2984008698003207, 3.212638344193738], [3.1029328112716077, 3.2632265526672444, 3.431800874111948, 3.6090835403166297], [2.3080321690611827, 2.0884742403680585, 1.8898023654735787, 1.710029700878735]], ""mdl_gamma_role_evidence_neighbour_ranks"": [], ""mdl_gamma_search_caps"": [8], ""mdl_gamma_search_hard_max"": 24, ""mdl_gamma_search_hit_hard_max"": false, ""mdl_gamma_search_initial_max"": 8, ""mdl_gamma_selected_components"": 5, ""mdl_gamma_signal_basis_components"": [0], ""mdl_gamma_signal_components"": 1, ""mdl_gamma_slopes"": [-0.04466867286337364, 0.11326674940139592, -0.03800816510338768, 0.0726666933093658, -0.14421398308504688], ""mdl_gamma_split_warm_start"": true, ""mdl_gamma_tolerance"": 0.0001, ""mdl_gamma_weights"": [0.09405348187485933, 0.04129934517331302, 0.5812056530106422, 0.2472406071101967, 0.036200912830987184], ""optimization_background_events"": [], ""optimization_background_intrinsic_dimension"": 2.0125443161262266, ""optimization_border_fraction"": 0.01555, ""optimization_border_model"": ""strict_local_core_radius"", ""optimization_border_seconds"": 0.0020637999987229705, ""optimization_boundary_component_gains_nats"": [[0.0, 0.0, 0.0, 0.0, 0.0, 0.0, 0.0, 0.0, 0.0, 0.0, 0.0, 0.0], []], ""optimization_candidate_groups"": [0, 1], ""optimization_clusters"": 2, ""optimization_connectivity_rank"": 4, ""optimization_core_fraction"": 0.09335, ""optimization_core_rank"": 4, ""optimization_description_gain_nats"": 35366.68001782731, ""optimization_group_gains_nats"": [26140.71916656839, 0.0], ""optimization_group_sizes"": [1874, 18126], ""optimization_noise_fraction"": 0.8911, ""optimization_objective"": ""gamma_topology_component_and_attachment_description_gain"", ""optimization_objective_trace"": [0.0, -35366.68001782731], ""optimization_ordering_modes"": [""d4"", ""adaptive_d4_rank_windows_with_beta_boundary_code""], ""optimization_seconds"": 0.05705390000002808, ""optimization_selected_component_gains_nats"": [4709.894246491183, 12556.472278455396, 10707.770834519231, 259.92424796461245, 6385.352740854074, 27.767091799072283, 45.29320973212111, 441.1368137899688, 29.41854680960413], ""optimization_selected_groups"": [0], ""optimization_selected_local_components"": [9, 0], ""optimization_solver"": ""exact_stratum_event_sweep"", ""optimization_sparse_memory"": true, ""optimization_threshold_seconds"": 0.055203700001584366, ""optimization_threshold_sizes"": [1874, 0], ""optimization_thresholds"": [0.052866995334625244, 0.0], ""optimization_topology_evidence_ranks"": [5, 8], ""optimization_unified_background_scan"": true, ""stratification"": ""adaptive-semantic-information-criterion-gamma-v2""}","[{""coverage"": 0.858, ""f1"": 0.8187022900763358, ""fragments"": 1, ""matched_predicted_cluster"": 0, ""overlap"": 858, ""passes_discovery_thresholds"": false, ""precision"": 0.7828467153284672, ""purity"": 0.7828467153284672, ""recall"": 0.858, ""target"": ""cluster_0"", ""target_label"": 0, ""target_noise_loss"": 0.142, ""target_size"": 1000}, {""coverage"": 0.845, ""f1"": 0.8117195004803074, ""fragments"": 1, ""matched_predicted_cluster"": 1, ""overlap"": 845, ""passes_discovery_thresholds"": false, ""precision"": 0.7809611829944547, ""purity"": 0.7809611829944547, ""recall"": 0.845, ""target"": ""cluster_1"", ""target_label"": 1, ""target_noise_loss"": 0.155, ""target_size"": 1000}]",,native_target_discovery_v1
synthetic__moons_noise90__quality__n20000__StrataSCAN__229__cf936e289322,ok,synthetic,moons_noise90__quality__n20000,StrataSCAN,229,0.2.4,20000,2,0.0607581999993271,0.7599662000011449,3.9392905999993673,233.5625,47.65625,232.0625,,,evaluation_state/synthetic__moons_noise90__quality__n20000__StrataSCAN__229__cf936e289322.npz,5a2211f1d5e55f9215e80d42164cfcd231557251e40af408ae4f01a477bd2ca4,9567,0.7109288064321531,0.7491065470219064,2,2,0.9695,known_synthetic_noise,0.9175,0.8929890843633244,2.0,2,0,0.1,0.9,full_partition,target-discovery-v1,0,0.05,0.8654999999999999,0.8107865277996271,0.1345,0.7627135425524232,2,pairwise_f1,hungarian,1.0,0,4,0.8862076876505033,0.9770996640537516,0.9770996640537516,0.9,0.9848194130925508,0.9695,0.6544939766307442,0.5811466968625203,0.74903003003003,0.886,4,macro,2,0,0.8655,0.8088785046728972,0.7592105263157894,0.8655,2,2,0.0,1.0,2,2,0.0,0.8655,0.0,0.810786527799627,0.7627135425524232,"{""dimension"": 2, ""family"": ""moons"", ""n"": 20000}","{""ambiguous_model_confirmation_tolerance"": 1e-05, ""assignment"": ""maximum_posterior_basis_then_semantic_role"", ""background_model"": ""adaptive_gamma_basis_mixture_with_largest_rate_gap"", ""background_scan"": ""adaptive_dyadic_rank_windows_with_poisson_beta_boundary_code"", ""border_rule"": ""strict_local_core_radius"", ""component_initialization"": ""compiled_split_warm_single_start_with_guarded_confirmation"", ""component_selection"": ""semantic_icl_with_adaptive_bound"", ""connectivity"": ""density_ordered_non_merging_knn_watershed"", ""core_thresholds"": ""observed_d4_event_sweep"", ""duplicate_profile_confirmation_minimum"": 3, ""duplicate_profile_confirmation_tolerance"": 1e-08, ""extraction_objective"": ""gamma_topology_description_length"", ""fit_samples"": ""all_rows"", ""gamma_tolerance"": 0.0001, ""geometry_profile"": ""low_dim"", ""hard_component_bound"": 24, ""initial_component_bound"": 8, ""k"": 32, ""knn_backend"": ""kd_tree"", ""shell_ranks"": [4, 8, 16, 32], ""stratification_model"": ""adaptive_gamma_density_basis_with_semantic_background"", ""version"": ""0.2.3""}","{""algorithm"": ""OptimizationStrataSCAN"", ""algorithm_version"": ""0.2.3"", ""graph_seconds"": 0.19104599999991478, ""mdl_gamma_adaptive_search"": true, ""mdl_gamma_assignment"": ""maximum_posterior_basis_then_semantic_role"", ""mdl_gamma_background_basis_components"": [1, 2, 3, 4], ""mdl_gamma_background_boundary"": ""largest_rate_gap"", ""mdl_gamma_background_components"": 4, ""mdl_gamma_background_distribution"": ""gamma_components"", ""mdl_gamma_background_fraction"": 0.9006, ""mdl_gamma_background_group"": 1, ""mdl_gamma_candidate_components"": [1, 2, 3, 4, 5, 6, 7, 8], ""mdl_gamma_candidate_converged"": [true, true, true, true, true, true, true, true], ""mdl_gamma_candidate_entropies"": [-0.0, 79.84797819788058, 84.85588601398482, 92.64544857183031, 285.8372714541123, 318.8321928658248, 320.24589157650996, 335.2211615983954], ""mdl_gamma_candidate_iterations"": [2, 8, 42, 6, 26, 5, 4, 5], ""mdl_gamma_candidate_log_likelihoods"": [-135311.46885223908, -91221.99448908426, -88908.70169245786, -88607.88305916535, -87301.7331669505, -87280.05452304332, -87284.25569305592, -87270.37246802593], ""mdl_gamma_candidate_role_gains_nats"": [[0.0], [0.0, 0.0], [0.0, 0.0, 0.0], [0.0, 0.0, 0.0, 0.0], [0.0, 0.0, 0.0, 0.0, 0.0], [0.0, 0.0, 0.0, 0.0, 0.0, 0.0], [0.0, 0.0, 0.0, 0.0, 0.0, 0.0, 0.0], [0.0, 0.0, 0.0, 0.0, 0.0, 0.0, 0.0, 0.0]], ""mdl_gamma_candidate_role_threshold_sizes"": [[0], [0, 0], [0, 0, 0], [0, 0, 0, 0], [0, 0, 0, 0, 0], [0, 0, 0, 0, 0, 0], [0, 0, 0, 0, 0, 0, 0], [0, 0, 0, 0, 0, 0, 0, 0]], ""mdl_gamma_candidate_scores"": [270642.74467958324, 182653.20237232695, 178066.343057364, 177509.99537855227, 175313.78970254472, 175366.1327202114, 175407.0729203156, 175438.96747295698], ""mdl_gamma_candidate_signal_components"": [[], [0], [0], [0], [0], [0], [0], [0]], ""mdl_gamma_criterion"": ""icl"", ""mdl_gamma_entropy_scope"": ""semantic"", ""mdl_gamma_fit_samples"": 20000, ""mdl_gamma_grouping"": ""largest_rate_gap"", ""mdl_gamma_guarded_confirmation"": true, ""mdl_gamma_log_rate_gaps"": [], ""mdl_gamma_mean_background_probability"": 0.9013828711175403, ""mdl_gamma_mean_posterior_entropy"": 0.014291863572705614, ""mdl_gamma_mu"": [2.9219068221426756, 1.8004910589477188, 1.2895020050743309, 1.053871751557823, 0.9654503873205371], ""mdl_gamma_n_init"": 1, ""mdl_gamma_ranks"": [4, 8, 16, 32], ""mdl_gamma_rates"": [[17.202385213819205, 16.55384933620703, 15.929763485688321, 15.329205887777656], [7.069788500991882, 7.640784775630735, 8.25789795257942, 8.924852694805317], [3.455350994015171, 3.3707492896674727, 3.288218995254954, 3.2077093938428587], [3.1804133178359075, 3.348728990366801, 3.5259523622399938, 3.712554851870537], [2.2409452483245627, 2.0701507907817454, 1.9123734949697446, 1.7666212531705225]], ""mdl_gamma_role_evidence_neighbour_ranks"": [], ""mdl_gamma_search_caps"": [8], ""mdl_gamma_search_hard_max"": 24, ""mdl_gamma_search_hit_hard_max"": false, ""mdl_gamma_search_initial_max"": 8, ""mdl_gamma_selected_components"": 5, ""mdl_gamma_signal_basis_components"": [0], ""mdl_gamma_signal_components"": 1, ""mdl_gamma_slopes"": [-0.05544188512290594, 0.11205376713336429, -0.035762940571292194, 0.07439935834931101, -0.11437154261907104], ""mdl_gamma_split_warm_start"": true, ""mdl_gamma_tolerance"": 0.0001, ""mdl_gamma_weights"": [0.09933601099859207, 0.03918123720525565, 0.5796032118267539, 0.24599506115756975, 0.03588447881182769], ""optimization_background_events"": [{""boundary_gain_nats"": 27.791386455580383, ""component_size"": 5, ""description_gain_nats"": 13.1177346776831, ""graph_code_nats"": 17.828877575689027, ""width"": 32, ""window_count"": 563, ""window_gain_nats"": 3.8483729783516902, ""window_pvalue"": 0.0017761989342806395}, {""boundary_gain_nats"": 20.526843473384087, ""component_size"": 5, ""description_gain_nats"": 5.853469326738761, ""graph_code_nats"": 17.82859994443707, ""width"": 32, ""window_count"": 563, ""window_gain_nats"": 3.8483729783516902, ""window_pvalue"": 0.0017761989342806395}], ""optimization_background_intrinsic_dimension"": 2.019450157471675, ""optimization_border_fraction"": 0.0148, ""optimization_border_model"": ""strict_local_core_radius"", ""optimization_border_seconds"": 0.004469299999982468, ""optimization_boundary_component_gains_nats"": [[0.0, 0.0, 0.0, 0.0, 0.0, 0.0, 0.0, 0.0, 0.0, 0.0, 0.0, 0.0, 0.0], [27.791386455580383, 20.526843473384087]], ""optimization_candidate_groups"": [0, 1], ""optimization_clusters"": 4, ""optimization_connectivity_rank"": 4, ""optimization_core_fraction"": 0.0992, ""optimization_core_rank"": 4, ""optimization_description_gain_nats"": 35800.0490010659, ""optimization_group_gains_nats"": [28145.664538054538, 18.97120400442186], ""optimization_group_sizes"": [1988, 18012], ""optimization_noise_fraction"": 0.886, ""optimization_objective"": ""gamma_topology_component_and_attachment_description_gain"", ""optimization_objective_trace"": [0.0, -35800.0490010659], ""optimization_ordering_modes"": [""d4"", ""adaptive_d4_rank_windows_with_beta_boundary_code""], ""optimization_seconds"": 0.08349029999953927, ""optimization_selected_component_gains_nats"": [8537.132445771884, 17175.739111001516, 9767.583297630092, 101.68379622993513, 13.1177346776831, 5.853469326738761], ""optimization_selected_groups"": [0, 1], ""optimization_selected_local_components"": [4, 2], ""optimization_solver"": ""exact_stratum_event_sweep"", ""optimization_sparse_memory"": true, ""optimization_threshold_seconds"": 0.07940269999926386, ""optimization_threshold_sizes"": [1988, 10], ""optimization_thresholds"": [0.05322546511888504, 0.02123960107564926], ""optimization_topology_evidence_ranks"": [5, 8], ""optimization_unified_background_scan"": true, ""stratification"": ""adaptive-semantic-information-criterion-gamma-v2""}","[{""coverage"": 0.858, ""f1"": 0.8121154756270704, ""fragments"": 1, ""matched_predicted_cluster"": 0, ""overlap"": 858, ""passes_discovery_thresholds"": false, ""precision"": 0.77088948787062, ""purity"": 0.77088948787062, ""recall"": 0.858, ""target"": ""cluster_0"", ""target_label"": 0, ""target_noise_loss"": 0.142, ""target_size"": 1000}, {""coverage"": 0.873, ""f1"": 0.8094575799721837, ""fragments"": 1, ""matched_predicted_cluster"": 1, ""overlap"": 873, ""passes_discovery_thresholds"": false, ""precision"": 0.7545375972342264, ""purity"": 0.7545375972342264, ""recall"": 0.873, ""target"": ""cluster_1"", ""target_label"": 1, ""target_noise_loss"": 0.127, ""target_size"": 1000}]",,native_target_discovery_v1
synthetic__moons_noise90__quality__n20000__StrataSCAN__233__a200681149e6,ok,synthetic,moons_noise90__quality__n20000,StrataSCAN,233,0.2.4,20000,2,0.0611614999997982,0.7498889999988023,3.968629900000451,233.23828125,47.2421875,230.6796875,,,evaluation_state/synthetic__moons_noise90__quality__n20000__StrataSCAN__233__a200681149e6.npz,f86850e7767b5beeceec0f72230f06993afc1ed55fc98c864b4ec6b5fb00928d,9576,0.7277109693580782,0.7689651599653856,1,1,0.9713333333333334,known_synthetic_noise,0.9236666666666666,0.8998060223609877,1.5,2,0,0.1,0.9,full_partition,target-discovery-v1,0,0.05,0.876,0.8222485845669192,0.124,0.7753551961397551,2,pairwise_f1,hungarian,1.0,0,3,0.8936447590564682,0.9786186051718349,0.9786186051718349,0.9,0.986013986013986,0.9713333333333334,0.6734121185491733,0.5996636900131882,0.7678438438438439,0.8866,3,macro,2,0,0.876,0.8209934395501406,0.7724867724867724,0.876,1,2,0.0,1.0,2,1,0.0,0.876,0.0,0.8222485845669192,0.7753551961397552,"{""dimension"": 2, ""family"": ""moons"", ""n"": 20000}","{""ambiguous_model_confirmation_tolerance"": 1e-05, ""assignment"": ""maximum_posterior_basis_then_semantic_role"", ""background_model"": ""adaptive_gamma_basis_mixture_with_largest_rate_gap"", ""background_scan"": ""adaptive_dyadic_rank_windows_with_poisson_beta_boundary_code"", ""border_rule"": ""strict_local_core_radius"", ""component_initialization"": ""compiled_split_warm_single_start_with_guarded_confirmation"", ""component_selection"": ""semantic_icl_with_adaptive_bound"", ""connectivity"": ""density_ordered_non_merging_knn_watershed"", ""core_thresholds"": ""observed_d4_event_sweep"", ""duplicate_profile_confirmation_minimum"": 3, ""duplicate_profile_confirmation_tolerance"": 1e-08, ""extraction_objective"": ""gamma_topology_description_length"", ""fit_samples"": ""all_rows"", ""gamma_tolerance"": 0.0001, ""geometry_profile"": ""low_dim"", ""hard_component_bound"": 24, ""initial_component_bound"": 8, ""k"": 32, ""knn_backend"": ""kd_tree"", ""shell_ranks"": [4, 8, 16, 32], ""stratification_model"": ""adaptive_gamma_density_basis_with_semantic_background"", ""version"": ""0.2.3""}","{""algorithm"": ""OptimizationStrataSCAN"", ""algorithm_version"": ""0.2.3"", ""graph_seconds"": 0.1885894000006374, ""mdl_gamma_adaptive_search"": true, ""mdl_gamma_assignment"": ""maximum_posterior_basis_then_semantic_role"", ""mdl_gamma_background_basis_components"": [1, 2, 3, 4], ""mdl_gamma_background_boundary"": ""largest_rate_gap"", ""mdl_gamma_background_components"": 4, ""mdl_gamma_background_distribution"": ""gamma_components"", ""mdl_gamma_background_fraction"": 0.90205, ""mdl_gamma_background_group"": 1, ""mdl_gamma_candidate_components"": [1, 2, 3, 4, 5, 6, 7, 8], ""mdl_gamma_candidate_converged"": [true, true, true, true, true, true, true, true], ""mdl_gamma_candidate_entropies"": [-0.0, 85.49811866739907, 90.75512499914734, 99.37770419223406, 242.342731032825, 293.5401544298229, 296.3405553636152, 314.9959512483589], ""mdl_gamma_candidate_iterations"": [2, 8, 44, 6, 24, 6, 5, 5], ""mdl_gamma_candidate_log_likelihoods"": [-133309.42771565908, -91585.6631251919, -89412.73964064721, -89160.15361055631, -87918.6218039394, -87877.6477640451, -87881.8036204919, -87863.5406744831], ""mdl_gamma_candidate_role_gains_nats"": [[0.0], [0.0, 0.0], [0.0, 0.0, 0.0], [0.0, 0.0, 0.0, 0.0], [0.0, 0.0, 0.0, 0.0, 0.0], [0.0, 0.0, 0.0, 0.0, 0.0, 0.0], [0.0, 0.0, 0.0, 0.0, 0.0, 0.0, 0.0], [0.0, 0.0, 0.0, 0.0, 0.0, 0.0, 0.0, 0.0]], ""mdl_gamma_candidate_role_threshold_sizes"": [[0], [0, 0], [0, 0, 0], [0, 0, 0, 0], [0, 0, 0, 0, 0], [0, 0, 0, 0, 0, 0], [0, 0, 0, 0, 0, 0, 0], [0, 0, 0, 0, 0, 0, 0, 0]], ""mdl_gamma_candidate_scores"": [266638.66240642325, 183391.83992548127, 179086.217431713, 178628.000992575, 176460.57789567995, 176510.73512534297, 176554.35810276176, 176584.85346517124], ""mdl_gamma_candidate_signal_components"": [[], [0], [0], [0], [0], [0], [0], [0]], ""mdl_gamma_criterion"": ""icl"", ""mdl_gamma_entropy_scope"": ""semantic"", ""mdl_gamma_fit_samples"": 20000, ""mdl_gamma_grouping"": ""largest_rate_gap"", ""mdl_gamma_guarded_confirmation"": true, ""mdl_gamma_log_rate_gaps"": [], ""mdl_gamma_mean_background_probability"": 0.9029086314145987, ""mdl_gamma_mean_posterior_entropy"": 0.012117136551641249, ""mdl_gamma_mu"": [2.821945914688799, 1.7920315705192582, 1.2457417563610047, 1.1566475841932, 1.0966845348275154], ""mdl_gamma_n_init"": 1, ""mdl_gamma_ranks"": [4, 8, 16, 32], ""mdl_gamma_rates"": [[16.17058700145081, 15.860282130796941, 15.555931843779584, 15.257421875140144], [6.828640823643977, 7.2839456043704764, 7.769608174986089, 8.28765266404374], [3.40033372606792, 3.3633567032629603, 3.3267817881114454, 3.290604607882617], [3.288181110949813, 3.3440346099265756, 3.4008368441593007, 3.458603928996219], [2.429386200906289, 2.1882796395981368, 1.9711019101423086, 1.7754781746633426]], ""mdl_gamma_role_evidence_neighbour_ranks"": [], ""mdl_gamma_search_caps"": [8], ""mdl_gamma_search_hard_max"": 24, ""mdl_gamma_search_hit_hard_max"": false, ""mdl_gamma_search_initial_max"": 8, ""mdl_gamma_selected_components"": 5, ""mdl_gamma_signal_basis_components"": [0], ""mdl_gamma_signal_components"": 1, ""mdl_gamma_slopes"": [-0.027953615741615458, 0.09312169619245818, -0.015774553690187643, 0.02430001508640706, -0.15079474277930893], ""mdl_gamma_split_warm_start"": true, ""mdl_gamma_tolerance"": 0.0001, ""mdl_gamma_weights"": [0.09775570944405827, 0.038942396632816054, 0.5894774624537208, 0.23494011786655464, 0.03888431360284951], ""optimization_background_events"": [{""boundary_gain_nats"": 22.126163532953825, ""component_size"": 5, ""description_gain_nats"": 7.452677635383569, ""graph_code_nats"": 17.830486318720368, ""width"": 32, ""window_count"": 564, ""window_gain_nats"": 3.850147601710059, ""window_pvalue"": 0.0017730496453900709}], ""optimization_background_intrinsic_dimension"": 2.013621910809942, ""optimization_border_fraction"": 0.01545, ""optimization_border_model"": ""strict_local_core_radius"", ""optimization_border_seconds"": 0.0025896000006468967, ""optimization_boundary_component_gains_nats"": [[0.0, 0.0, 0.0, 0.0, 0.0, 0.0, 0.0, 0.0], [22.126163532953825]], ""optimization_candidate_groups"": [0, 1], ""optimization_clusters"": 3, ""optimization_connectivity_rank"": 4, ""optimization_core_fraction"": 0.09795, ""optimization_core_rank"": 4, ""optimization_description_gain_nats"": 34676.23668886147, ""optimization_group_gains_nats"": [28591.215947628156, 7.452677635383569], ""optimization_group_sizes"": [1959, 18041], ""optimization_noise_fraction"": 0.8866, ""optimization_objective"": ""gamma_topology_component_and_attachment_description_gain"", ""optimization_objective_trace"": [0.0, -34676.23668886147], ""optimization_ordering_modes"": [""d4"", ""adaptive_d4_rank_windows_with_beta_boundary_code""], ""optimization_seconds"": 0.07031360000109999, ""optimization_selected_component_gains_nats"": [15152.222785373491, 17381.08498543929, 1785.6145611894829, 113.94028433217582, 24.732044221384086, 7.452677635383569], ""optimization_selected_groups"": [0, 1], ""optimization_selected_local_components"": [5, 1], ""optimization_solver"": ""exact_stratum_event_sweep"", ""optimization_sparse_memory"": true, ""optimization_threshold_seconds"": 0.06795070000043779, ""optimization_threshold_sizes"": [1959, 5], ""optimization_thresholds"": [0.05664980411529541, 0.02147059701383114], ""optimization_topology_evidence_ranks"": [5, 8], ""optimization_unified_background_scan"": true, ""stratification"": ""adaptive-semantic-information-criterion-gamma-v2""}","[{""coverage"": 0.9, ""f1"": 0.8264462809917356, ""fragments"": 1, ""matched_predicted_cluster"": 1, ""overlap"": 900, ""passes_discovery_thresholds"": false, ""precision"": 0.7640067911714771, ""purity"": 0.7640067911714771, ""recall"": 0.9, ""target"": ""cluster_0"", ""target_label"": 0, ""target_noise_loss"": 0.1, ""target_size"": 1000}, {""coverage"": 0.852, ""f1"": 0.8180508881421028, ""fragments"": 1, ""matched_predicted_cluster"": 0, ""overlap"": 852, ""passes_discovery_thresholds"": false, ""precision"": 0.7867036011080333, ""purity"": 0.7867036011080333, ""recall"": 0.852, ""target"": ""cluster_1"", ""target_label"": 1, ""target_noise_loss"": 0.148, ""target_size"": 1000}]",,native_target_discovery_v1
synthetic__moons_noise90__quality__n20000__VDBSCAN-2007__211__f0b4331b3d83,ok,synthetic,moons_noise90__quality__n20000,VDBSCAN-2007,211,0.2.4,20000,2,0.0590199999987817,0.210605399999622,3.249425799998789,195.3125,9.0859375,193.8203125,,,evaluation_state/synthetic__moons_noise90__quality__n20000__VDBSCAN-2007__211__f0b4331b3d83.npz,06172dc7e09023473a34de1868ec5096b363af794c0e11b75d559304599dfa3d,8356,1.3989120980073465e-15,0.0,53,51,0.0179444444444444,known_synthetic_noise,0.5089722222222223,0.1098918072912691,26.5,2,0,0.1,0.9,full_partition,target-discovery-v1,0,0.05,0.5005,0.0505156444613376,0.0,0.0816080774396739,2,pairwise_f1,hungarian,1.0,1,53,0.0415285628200491,0.035256235332642,0.035256235332642,0.9,1.0,0.0179444444444444,0.0107798770961304,0.0054191768163547,0.999,0.01615,53,macro,0,0,1.0,0.1845273792498962,0.1016415103928444,1.0,53,2,0.0,0.0,2,51,0.0,0.5005,0.0,0.0505156444613376,0.0816080774396739,"{""dimension"": 2, ""family"": ""moons"", ""n"": 20000}","{""eps_values"": [0.07953230291604996, 0.09741602092981339], ""geometry_profile"": ""low_dim"", ""knee_prominence"": 0.03, ""knn_backend"": ""kd_tree"", ""max_eps_values"": 3, ""min_samples"": 5}",{},"[{""coverage"": 1.0, ""f1"": 0.09904912836767037, ""fragments"": 1, ""matched_predicted_cluster"": 0, ""overlap"": 1000, ""passes_discovery_thresholds"": false, ""precision"": 0.05210504376823676, ""purity"": 0.05210504376823676, ""recall"": 1.0, ""target"": ""cluster_0"", ""target_label"": 0, ""target_noise_loss"": 0.0, ""target_size"": 1000}, {""coverage"": 0.001, ""f1"": 0.0019821605550049554, ""fragments"": 1, ""matched_predicted_cluster"": 12, ""overlap"": 1, ""passes_discovery_thresholds"": false, ""precision"": 0.1111111111111111, ""purity"": 0.1111111111111111, ""recall"": 0.001, ""target"": ""cluster_1"", ""target_label"": 1, ""target_noise_loss"": 0.0, ""target_size"": 1000}]",,native_target_discovery_v1
synthetic__moons_noise90__quality__n20000__VDBSCAN-2007__223__7f9c449a2b0b,ok,synthetic,moons_noise90__quality__n20000,VDBSCAN-2007,223,0.2.4,20000,2,0.0598188999992999,0.2923881000006076,3.33723099999952,192.90625,6.8125,192.90625,,,evaluation_state/synthetic__moons_noise90__quality__n20000__VDBSCAN-2007__223__7f9c449a2b0b.npz,ea06a660520563647aac2303055d3c199edd777f6f94a5afd4da44e64c6fb689,13891,0.1292001935508567,0.0017870937658091,90,83,0.0183333333333333,known_synthetic_noise,0.5091666666666667,0.1102967666311439,89.5,96,0,0.1,0.9,full_partition,target-discovery-v1,0,0.05,0.385,0.0572427118995746,0.0,0.4219902006532898,2,pairwise_f1,hungarian,1.0,1,179,0.0442065150600124,0.0360065466448445,0.0360065466448445,0.9,1.0,0.0183333333333333,0.0073644141658396,0.0037072003082683,0.5461751751751752,0.0165,179,macro,0,0,1.0,0.1845869866174434,0.1016776817488561,1.0,90,2,0.0,0.0,2,177,0.0,0.385,0.0,0.0572427118995746,0.4219902006532898,"{""dimension"": 2, ""family"": ""moons"", ""n"": 20000}","{""eps_values"": [0.019939519464969635, 0.07967618107795715, 0.09834222495555878], ""geometry_profile"": ""low_dim"", ""knee_prominence"": 0.03, ""knn_backend"": ""kd_tree"", ""max_eps_values"": 3, ""min_samples"": 5}",{},"[{""coverage"": 0.016, ""f1"": 0.03137254901960784, ""fragments"": 1, ""matched_predicted_cluster"": 44, ""overlap"": 16, ""passes_discovery_thresholds"": false, ""precision"": 0.8, ""purity"": 0.8, ""recall"": 0.016, ""target"": ""cluster_0"", ""target_label"": 0, ""target_noise_loss"": 0.0, ""target_size"": 1000}, {""coverage"": 0.754, ""f1"": 0.08311287477954146, ""fragments"": 1, ""matched_predicted_cluster"": 100, ""overlap"": 754, ""passes_discovery_thresholds"": false, ""precision"": 0.04398040130657956, ""purity"": 0.04398040130657956, ""recall"": 0.754, ""target"": ""cluster_1"", ""target_label"": 1, ""target_noise_loss"": 0.0, ""target_size"": 1000}]",,native_target_discovery_v1
synthetic__moons_noise90__quality__n20000__VDBSCAN-2007__227__9db5e0396d4d,ok,synthetic,moons_noise90__quality__n20000,VDBSCAN-2007,227,0.2.4,20000,2,0.0610963000017363,0.2124578999992081,3.276807899999767,195.859375,9.27734375,195.859375,,,evaluation_state/synthetic__moons_noise90__quality__n20000__VDBSCAN-2007__227__9db5e0396d4d.npz,7f0e492ed152a6ec8f1c8b3c3f12e195c82c2c5b321be47db01138bf650c2d64,13226,1.3989120980073465e-15,0.0,77,76,0.0196111111111111,known_synthetic_noise,0.5095555555555555,0.1115824905675361,38.5,1,0,0.1,0.9,full_partition,target-discovery-v1,0,0.05,0.5,0.0564270398374901,0.0005,0.0299007295778017,1,pairwise_f1,hungarian,1.0,1,77,0.0457465256291346,0.0384657295412444,0.0384657295412444,0.9,0.9971751412429378,0.0196111111111111,0.0141175431120052,0.0071090026124917,0.999,0.0177,77,macro,0,0,0.9995,0.1846992515938279,0.1017509925684617,0.9995,77,2,0.0,0.0,2,76,0.0,0.5,0.0,0.0564270398374901,0.0299007295778017,"{""dimension"": 2, ""family"": ""moons"", ""n"": 20000}","{""eps_values"": [0.08004823327064514, 0.09950312972068787], ""geometry_profile"": ""low_dim"", ""knee_prominence"": 0.03, ""knn_backend"": ""kd_tree"", ""max_eps_values"": 3, ""min_samples"": 5}",{},"[{""coverage"": 1.0, ""f1"": 0.11285407967498026, ""fragments"": 1, ""matched_predicted_cluster"": 0, ""overlap"": 1000, ""passes_discovery_thresholds"": false, ""precision"": 0.0598014591556034, ""purity"": 0.0598014591556034, ""recall"": 1.0, ""target"": ""cluster_0"", ""target_label"": 0, ""target_noise_loss"": 0.0, ""target_size"": 1000}, {""coverage"": 0.0, ""f1"": 0.0, ""fragments"": 1, ""matched_predicted_cluster"": null, ""overlap"": 0, ""passes_discovery_thresholds"": false, ""precision"": 0.0, ""purity"": 0.0, ""recall"": 0.0, ""target"": ""cluster_1"", ""target_label"": 1, ""target_noise_loss"": 0.001, ""target_size"": 1000}]",,native_target_discovery_v1
synthetic__moons_noise90__quality__n20000__VDBSCAN-2007__229__b71a42efb1c7,ok,synthetic,moons_noise90__quality__n20000,VDBSCAN-2007,229,0.2.4,20000,2,0.0586072000005515,0.3008372000003874,3.3532764999999927,194.6171875,8.72265625,194.625,,,evaluation_state/synthetic__moons_noise90__quality__n20000__VDBSCAN-2007__229__b71a42efb1c7.npz,fe528adbee05cb75b26102c84128af6c7d64e152600f25d32296ee0105f210dd,11875,0.1204557226428924,0.0011290071397899,74,70,0.0173333333333333,known_synthetic_noise,0.5086666666666667,0.1092549019987014,73.0,76,0,0.1,0.9,full_partition,target-discovery-v1,0,0.05,0.405,0.0528206310579877,0.0,0.4804712032213971,2,pairwise_f1,hungarian,1.0,1,146,0.0414266078438734,0.0340760157273918,0.0340760157273918,0.9,1.0,0.0173333333333333,0.0076207379084606,0.003833736133973,0.6251481481481481,0.0156,146,macro,0,0,1.0,0.184433788270011,0.1015847216578626,1.0,74,2,0.0,0.0,2,144,0.0,0.405,0.0,0.0528206310579877,0.4804712032213971,"{""dimension"": 2, ""family"": ""moons"", ""n"": 20000}","{""eps_values"": [0.019236385822296143, 0.08004134893417358, 0.09874815493822098], ""geometry_profile"": ""low_dim"", ""knee_prominence"": 0.03, ""knn_backend"": ""kd_tree"", ""max_eps_values"": 3, ""min_samples"": 5}",{},"[{""coverage"": 0.799, ""f1"": 0.08390213168119291, ""fragments"": 1, ""matched_predicted_cluster"": 83, ""overlap"": 799, ""passes_discovery_thresholds"": false, ""precision"": 0.04427573977612767, ""purity"": 0.04427573977612767, ""recall"": 0.799, ""target"": ""cluster_0"", ""target_label"": 0, ""target_noise_loss"": 0.0, ""target_size"": 1000}, {""coverage"": 0.011, ""f1"": 0.021739130434782608, ""fragments"": 1, ""matched_predicted_cluster"": 20, ""overlap"": 11, ""passes_discovery_thresholds"": false, ""precision"": 0.9166666666666666, ""purity"": 0.9166666666666666, ""recall"": 0.011, ""target"": ""cluster_1"", ""target_label"": 1, ""target_noise_loss"": 0.0, ""target_size"": 1000}]",,native_target_discovery_v1
synthetic__moons_noise90__quality__n20000__VDBSCAN-2007__233__c7f5410e3bc5,ok,synthetic,moons_noise90__quality__n20000,VDBSCAN-2007,233,0.2.4,20000,2,0.0601042999987839,0.2974364000001515,3.337351899999703,192.96875,7.02734375,191.703125,,,evaluation_state/synthetic__moons_noise90__quality__n20000__VDBSCAN-2007__233__c7f5410e3bc5.npz,40094585e81a207f9189e9b5821d740a38c43425c5109852bbca6242291c862b,12225,0.1304754908836434,0.0013845428307088,90,87,0.0173888888888888,known_synthetic_noise,0.5084444444444445,0.1092700364211263,93.0,99,0,0.1,0.9,full_partition,target-discovery-v1,0,0.05,0.3735,0.0502681041826313,0.0005,0.4202836957721603,2,pairwise_f1,hungarian,1.0,1,186,0.0406926529603884,0.0341815004914273,0.0341815004914273,0.9,0.9968152866242038,0.0173888888888888,0.0064195789904612,0.0032293254091567,0.5305845845845846,0.0157,186,macro,0,0,0.9995,0.1843585723508254,0.1015442446408615,0.9995,90,2,0.0,0.0,2,184,0.0,0.3735,0.0,0.0502681041826313,0.4202836957721603,"{""dimension"": 2, ""family"": ""moons"", ""n"": 20000}","{""eps_values"": [0.020565176382660866, 0.08054718375205994, 0.09898187220096588], ""geometry_profile"": ""low_dim"", ""knee_prominence"": 0.03, ""knn_backend"": ""kd_tree"", ""max_eps_values"": 3, ""min_samples"": 5}",{},"[{""coverage"": 0.735, ""f1"": 0.07689088816821843, ""fragments"": 1, ""matched_predicted_cluster"": 111, ""overlap"": 735, ""passes_discovery_thresholds"": false, ""precision"": 0.04056739154432056, ""purity"": 0.04056739154432056, ""recall"": 0.735, ""target"": ""cluster_0"", ""target_label"": 0, ""target_noise_loss"": 0.001, ""target_size"": 1000}, {""coverage"": 0.012, ""f1"": 0.023645320197044337, ""fragments"": 1, ""matched_predicted_cluster"": 13, ""overlap"": 12, ""passes_discovery_thresholds"": false, ""precision"": 0.8, ""purity"": 0.8, ""recall"": 0.012, ""target"": ""cluster_1"", ""target_label"": 1, ""target_noise_loss"": 0.0, ""target_size"": 1000}]",,native_target_discovery_v1
synthetic__moons_noise90__quality__n20000__kNN+Leiden__211__6f7bab177a98,ok,synthetic,moons_noise90__quality__n20000,kNN+Leiden,211,0.2.4,20000,2,0.0589526000003388,1.0587743000014598,4.857708399998955,285.984375,70.50390625,291.54296875,,,evaluation_state/synthetic__moons_noise90__quality__n20000__kNN+Leiden__211__6f7bab177a98.npz,4dde20d2c7e57b80af18fbb23c9d3cc421f8359f3039494461aefbc3599859c0,25194,0.4953265735014561,0.2972759860277285,25,19,0.0,known_synthetic_noise,0.5,0.0909090909090909,13.5,8,0,0.1,0.9,full_partition,target-discovery-v1,4,0.05,0.3365,0.4049791203085864,0.0,0.5097754305354062,2,pairwise_f1,hungarian,3.0,0,27,0.0,0.0,0.0,0.9,0.0,0.0,0.0683066383832055,0.0383965152211589,0.309052052052052,0.0,27,macro,0,0,1.0,0.1818181818181818,0.1,1.0,25,2,0.0,0.0,2,25,0.0,0.3365,0.0,0.4049791203085864,0.5097754305354062,"{""dimension"": 2, ""family"": ""moons"", ""n"": 20000}","{""edge_rank"": 15, ""geometry_profile"": ""low_dim"", ""k"": 20, ""knn_backend"": ""kd_tree"", ""resolution"": 0.5, ""symmetrization"": ""union"", ""weights"": ""1/(1+d)""}",{},"[{""coverage"": 0.333, ""f1"": 0.41136504014823966, ""fragments"": 3, ""matched_predicted_cluster"": 18, ""overlap"": 333, ""passes_discovery_thresholds"": false, ""precision"": 0.5379644588045234, ""purity"": 0.5379644588045234, ""recall"": 0.333, ""target"": ""cluster_0"", ""target_label"": 0, ""target_noise_loss"": 0.0, ""target_size"": 1000}, {""coverage"": 0.34, ""f1"": 0.3985932004689332, ""fragments"": 3, ""matched_predicted_cluster"": 14, ""overlap"": 340, ""passes_discovery_thresholds"": false, ""precision"": 0.48158640226628896, ""purity"": 0.48158640226628896, ""recall"": 0.34, ""target"": ""cluster_1"", ""target_label"": 1, ""target_noise_loss"": 0.0, ""target_size"": 1000}]",,native_target_discovery_v1
synthetic__moons_noise90__quality__n20000__kNN+Leiden__223__79a7819c440a,ok,synthetic,moons_noise90__quality__n20000,kNN+Leiden,223,0.2.4,20000,2,0.0600893999999243,1.4277140000012878,5.189531199999692,286.9609375,71.30859375,292.0390625,,,evaluation_state/synthetic__moons_noise90__quality__n20000__kNN+Leiden__223__79a7819c440a.npz,6d239393107d085be535048c4fdb9da69cf2c9fa4f3194a5021ae9fc49cff684,24933,0.5516656659537346,0.3549594494586245,23,18,0.0,known_synthetic_noise,0.5,0.0909090909090909,13.0,8,0,0.1,0.9,full_partition,target-discovery-v1,4,0.05,0.411,0.4648408392363007,0.0,0.554145748207254,2,pairwise_f1,hungarian,3.0,0,26,0.0,0.0,0.0,0.9,0.0,0.0,0.0752617298399327,0.0420710556008381,0.3565545545545545,0.0,26,macro,0,0,1.0,0.1818181818181818,0.1,1.0,23,2,0.0,0.0,2,24,0.0,0.411,0.0,0.4648408392363007,0.554145748207254,"{""dimension"": 2, ""family"": ""moons"", ""n"": 20000}","{""edge_rank"": 15, ""geometry_profile"": ""low_dim"", ""k"": 20, ""knn_backend"": ""kd_tree"", ""resolution"": 0.5, ""symmetrization"": ""union"", ""weights"": ""1/(1+d)""}",{},"[{""coverage"": 0.478, ""f1"": 0.49202264539372104, ""fragments"": 3, ""matched_predicted_cluster"": 8, ""overlap"": 478, ""passes_discovery_thresholds"": false, ""precision"": 0.5068928950159067, ""purity"": 0.5068928950159067, ""recall"": 0.478, ""target"": ""cluster_0"", ""target_label"": 0, ""target_noise_loss"": 0.0, ""target_size"": 1000}, {""coverage"": 0.344, ""f1"": 0.4376590330788804, ""fragments"": 3, ""matched_predicted_cluster"": 17, ""overlap"": 344, ""passes_discovery_thresholds"": false, ""precision"": 0.6013986013986014, ""purity"": 0.6013986013986014, ""recall"": 0.344, ""target"": ""cluster_1"", ""target_label"": 1, ""target_noise_loss"": 0.0, ""target_size"": 1000}]",,native_target_discovery_v1
synthetic__moons_noise90__quality__n20000__kNN+Leiden__227__a8bf47dfafe7,ok,synthetic,moons_noise90__quality__n20000,kNN+Leiden,227,0.2.4,20000,2,0.0580898999996861,1.331972099998893,5.105250600001455,285.89453125,70.66015625,290.11328125,,,evaluation_state/synthetic__moons_noise90__quality__n20000__kNN+Leiden__227__a8bf47dfafe7.npz,109e95806b73e4fb12b4751edb8c08040d2b8c96f6221e7f95c273fd6e0d4cdb,25211,0.5403795339105556,0.3298807122071811,24,19,0.0,known_synthetic_noise,0.5,0.0909090909090909,13.5,8,0,0.1,0.9,full_partition,target-discovery-v1,4,0.05,0.413,0.4830769965772474,0.0,0.5879694449430584,2,pairwise_f1,hungarian,3.0,0,27,0.0,0.0,0.0,0.9,0.0,0.0,0.0739251329615513,0.0416191817379427,0.3303583583583583,0.0,27,macro,0,0,1.0,0.1818181818181818,0.1,1.0,24,2,0.0,0.0,2,25,0.0,0.413,0.0,0.4830769965772474,0.5879694449430584,"{""dimension"": 2, ""family"": ""moons"", ""n"": 20000}","{""edge_rank"": 15, ""geometry_profile"": ""low_dim"", ""k"": 20, ""knn_backend"": ""kd_tree"", ""resolution"": 0.5, ""symmetrization"": ""union"", ""weights"": ""1/(1+d)""}",{},"[{""coverage"": 0.41, ""f1"": 0.506485484867202, ""fragments"": 3, ""matched_predicted_cluster"": 20, ""overlap"": 410, ""passes_discovery_thresholds"": false, ""precision"": 0.6623586429725363, ""purity"": 0.6623586429725363, ""recall"": 0.41, ""target"": ""cluster_0"", ""target_label"": 0, ""target_noise_loss"": 0.0, ""target_size"": 1000}, {""coverage"": 0.416, ""f1"": 0.4596685082872928, ""fragments"": 3, ""matched_predicted_cluster"": 11, ""overlap"": 416, ""passes_discovery_thresholds"": false, ""precision"": 0.5135802469135803, ""purity"": 0.5135802469135803, ""recall"": 0.416, ""target"": ""cluster_1"", ""target_label"": 1, ""target_noise_loss"": 0.0, ""target_size"": 1000}]",,native_target_discovery_v1
synthetic__moons_noise90__quality__n20000__kNN+Leiden__229__45dab254d8bf,ok,synthetic,moons_noise90__quality__n20000,kNN+Leiden,229,0.2.4,20000,2,0.0608031000010669,1.28588579999996,5.106095099999948,287.48046875,71.61328125,291.6875,,,evaluation_state/synthetic__moons_noise90__quality__n20000__kNN+Leiden__229__45dab254d8bf.npz,6d6f5382dcce2e54f0dd4f1f1991a5de4004ec541e4c3c464d6e38366132063f,24944,0.4781894847463803,0.3166687691473176,22,18,0.0,known_synthetic_noise,0.5,0.0909090909090909,13.0,8,0,0.1,0.9,full_partition,target-discovery-v1,5,0.05,0.4345,0.4921711698385032,0.0,0.5676423643291113,2,pairwise_f1,hungarian,3.5,1,26,0.0,0.0,0.0,0.9,0.0,0.0,0.0752745107547335,0.0422119040136501,0.3472922922922923,0.0,26,macro,0,0,1.0,0.1818181818181818,0.1,1.0,22,2,0.0,0.0,2,24,0.0,0.4345,0.0,0.4921711698385031,0.5676423643291113,"{""dimension"": 2, ""family"": ""moons"", ""n"": 20000}","{""edge_rank"": 15, ""geometry_profile"": ""low_dim"", ""k"": 20, ""knn_backend"": ""kd_tree"", ""resolution"": 0.5, ""symmetrization"": ""union"", ""weights"": ""1/(1+d)""}",{},"[{""coverage"": 0.374, ""f1"": 0.4281625643961076, ""fragments"": 3, ""matched_predicted_cluster"": 15, ""overlap"": 374, ""passes_discovery_thresholds"": false, ""precision"": 0.500669344042838, ""purity"": 0.500669344042838, ""recall"": 0.374, ""target"": ""cluster_0"", ""target_label"": 0, ""target_noise_loss"": 0.0, ""target_size"": 1000}, {""coverage"": 0.495, ""f1"": 0.5561797752808988, ""fragments"": 4, ""matched_predicted_cluster"": 12, ""overlap"": 495, ""passes_discovery_thresholds"": false, ""precision"": 0.6346153846153846, ""purity"": 0.6346153846153846, ""recall"": 0.495, ""target"": ""cluster_1"", ""target_label"": 1, ""target_noise_loss"": 0.0, ""target_size"": 1000}]",,native_target_discovery_v1
synthetic__moons_noise90__quality__n20000__kNN+Leiden__233__f6085f617f00,ok,synthetic,moons_noise90__quality__n20000,kNN+Leiden,233,0.2.4,20000,2,0.0624318000009225,0.8013424000000668,4.624611700000969,286.3125,70.50390625,291.63671875,,,evaluation_state/synthetic__moons_noise90__quality__n20000__kNN+Leiden__233__f6085f617f00.npz,02fc380c3c8a4ec8d1944302dd8aa649efcc69a9796ff9fe22598fa7e670dea6,24785,0.4100758758818972,0.2407211565793479,23,18,0.0,known_synthetic_noise,0.5,0.0909090909090909,12.5,7,0,0.1,0.9,full_partition,target-discovery-v1,6,0.05,0.383,0.452032049645964,0.0,0.560664561028281,2,pairwise_f1,hungarian,4.0,1,25,0.0,0.0,0.0,0.9,0.0,0.0,0.0632875764631402,0.0352332090992743,0.3106106106106106,0.0,25,macro,0,0,1.0,0.1818181818181818,0.1,1.0,23,2,0.0,0.0,2,23,0.0,0.383,0.0,0.452032049645964,0.560664561028281,"{""dimension"": 2, ""family"": ""moons"", ""n"": 20000}","{""edge_rank"": 15, ""geometry_profile"": ""low_dim"", ""k"": 20, ""knn_backend"": ""kd_tree"", ""resolution"": 0.5, ""symmetrization"": ""union"", ""weights"": ""1/(1+d)""}",{},"[{""coverage"": 0.389, ""f1"": 0.49023314429741643, ""fragments"": 4, ""matched_predicted_cluster"": 19, ""overlap"": 389, ""passes_discovery_thresholds"": false, ""precision"": 0.6626916524701874, ""purity"": 0.6626916524701874, ""recall"": 0.389, ""target"": ""cluster_0"", ""target_label"": 0, ""target_noise_loss"": 0.0, ""target_size"": 1000}, {""coverage"": 0.377, ""f1"": 0.41383095499451156, ""fragments"": 4, ""matched_predicted_cluster"": 12, ""overlap"": 377, ""passes_discovery_thresholds"": false, ""precision"": 0.4586374695863747, ""purity"": 0.4586374695863747, ""recall"": 0.377, ""target"": ""cluster_1"", ""target_label"": 1, ""target_noise_loss"": 0.0, ""target_size"": 1000}]",,native_target_discovery_v1
synthetic__moons_noise90__quality__n20000__kNN-DBSCAN__211__412197718f4a,ok,synthetic,moons_noise90__quality__n20000,kNN-DBSCAN,211,0.2.4,20000,2,0.0593089000012696,0.0701831999995192,3.218982899999901,188.75,2.66015625,189.02734375,,,evaluation_state/synthetic__moons_noise90__quality__n20000__kNN-DBSCAN__211__412197718f4a.npz,f70d503c46e6d213b86ec3d636e3e7299630f4b18060a469d94f5b2712c79a28,27358,0.7963278982168689,0.8893095934033259,806,792,0.6475,known_synthetic_noise,0.80925,0.5810345071999855,408.0,24,0,0.1,0.9,full_partition,target-discovery-v1,0,0.05,0.943,0.8182235687031523,0.0289999999999999,0.7226238795873499,2,pairwise_f1,hungarian,1.0,0,816,0.8010096463762583,0.7845050987783126,0.7845050987783126,0.9,0.995048237001622,0.6475,0.65309600169085,0.5160436241123423,0.8892712712712713,0.58565,816,macro,2,0,0.971,0.3775639156216584,0.2343429467841197,0.971,806,2,0.0,1.0,2,814,0.0,0.943,0.0,0.8182235687031522,0.7226238795873499,"{""dimension"": 2, ""family"": ""moons"", ""n"": 20000}","{""eps"": 0.045525770634412766, ""eps_quantile"": 0.25, ""geometry_profile"": ""low_dim"", ""k"": 4, ""knn_backend"": ""kd_tree"", ""min_samples"": 5}",{},"[{""coverage"": 0.94, ""f1"": 0.818815331010453, ""fragments"": 1, ""matched_predicted_cluster"": 4, ""overlap"": 940, ""passes_discovery_thresholds"": false, ""precision"": 0.7253086419753086, ""purity"": 0.7253086419753086, ""recall"": 0.94, ""target"": ""cluster_0"", ""target_label"": 0, ""target_noise_loss"": 0.026, ""target_size"": 1000}, {""coverage"": 0.946, ""f1"": 0.8176318063958514, ""fragments"": 1, ""matched_predicted_cluster"": 0, ""overlap"": 946, ""passes_discovery_thresholds"": false, ""precision"": 0.7199391171993912, ""purity"": 0.7199391171993912, ""recall"": 0.946, ""target"": ""cluster_1"", ""target_label"": 1, ""target_noise_loss"": 0.032, ""target_size"": 1000}]",,native_target_discovery_v1
synthetic__moons_noise90__quality__n20000__kNN-DBSCAN__223__22f8eec62ba9,ok,synthetic,moons_noise90__quality__n20000,kNN-DBSCAN,223,0.2.4,20000,2,0.057911599998988,0.070175000000745,3.1696359000015946,188.20703125,1.9296875,188.765625,,,evaluation_state/synthetic__moons_noise90__quality__n20000__kNN-DBSCAN__223__22f8eec62ba9.npz,b16f29cd05ef14a62c5851ad8991452a2dbd0e720f1379c051f5c806a09401a3,28110,0.6569512391445333,0.6921738583299534,834,815,0.6402222222222222,known_synthetic_noise,0.8066111111111112,0.5763343013802588,421.5,28,0,0.1,0.9,full_partition,target-discovery-v1,2,0.05,0.8175,0.7682722624769194,0.027,0.7270053689240612,2,pairwise_f1,hungarian,2.0,0,843,0.7737112535294135,0.7792278044492529,0.7792278044492529,0.9,0.9953359820348938,0.6402222222222222,0.5950194009355999,0.5218449991206598,0.6920620620620621,0.5789,843,macro,1,0,0.973,0.3734407983112647,0.2310615055806222,0.973,834,2,0.0,0.5,2,841,0.0,0.8175,0.0,0.7682722624769194,0.7270053689240613,"{""dimension"": 2, ""family"": ""moons"", ""n"": 20000}","{""eps"": 0.045584384351968765, ""eps_quantile"": 0.25, ""geometry_profile"": ""low_dim"", ""k"": 4, ""knn_backend"": ""kd_tree"", ""min_samples"": 5}",{},"[{""coverage"": 0.741, ""f1"": 0.7300492610837439, ""fragments"": 2, ""matched_predicted_cluster"": 1, ""overlap"": 741, ""passes_discovery_thresholds"": false, ""precision"": 0.7194174757281553, ""purity"": 0.7194174757281553, ""recall"": 0.741, ""target"": ""cluster_0"", ""target_label"": 0, ""target_noise_loss"": 0.031, ""target_size"": 1000}, {""coverage"": 0.894, ""f1"": 0.8064952638700948, ""fragments"": 2, ""matched_predicted_cluster"": 0, ""overlap"": 894, ""passes_discovery_thresholds"": false, ""precision"": 0.7345932621199671, ""purity"": 0.7345932621199671, ""recall"": 0.894, ""target"": ""cluster_1"", ""target_label"": 1, ""target_noise_loss"": 0.023, ""target_size"": 1000}]",,native_target_discovery_v1
synthetic__moons_noise90__quality__n20000__kNN-DBSCAN__227__4566d92920f2,ok,synthetic,moons_noise90__quality__n20000,kNN-DBSCAN,227,0.2.4,20000,2,0.061668100001043,0.0710667000003013,3.149594000000434,188.76953125,2.66796875,192.5703125,,,evaluation_state/synthetic__moons_noise90__quality__n20000__kNN-DBSCAN__227__4566d92920f2.npz,cb92733b192ca99ee41d0289f29af818e552b618c2e913e399f9c291a7152eab,28086,0.6021834446717343,0.5182622911803255,825,809,0.6443888888888889,known_synthetic_noise,0.8099444444444445,0.579689688220197,416.5,24,0,0.1,0.9,full_partition,target-discovery-v1,2,0.05,0.6525,0.6825476558475012,0.0245,0.7159157327794416,2,pairwise_f1,hungarian,2.0,0,833,0.7290913795733286,0.782447382622774,0.782447382622774,0.9,0.9957932692307692,0.6443888888888889,0.5151272395798088,0.5121325508136516,0.5181571571571572,0.5824,833,macro,0,0,0.9755,0.3769319938176197,0.2335967432950191,0.9755,825,2,0.0,0.0,2,831,0.0,0.6525,0.0,0.6825476558475012,0.7159157327794416,"{""dimension"": 2, ""family"": ""moons"", ""n"": 20000}","{""eps"": 0.046227362006902695, ""eps_quantile"": 0.25, ""geometry_profile"": ""low_dim"", ""k"": 4, ""knn_backend"": ""kd_tree"", ""min_samples"": 5}",{},"[{""coverage"": 0.694, ""f1"": 0.7150953116950025, ""fragments"": 2, ""matched_predicted_cluster"": 2, ""overlap"": 694, ""passes_discovery_thresholds"": false, ""precision"": 0.7375132837407014, ""purity"": 0.7375132837407014, ""recall"": 0.694, ""target"": ""cluster_0"", ""target_label"": 0, ""target_noise_loss"": 0.023, ""target_size"": 1000}, {""coverage"": 0.611, ""f1"": 0.65, ""fragments"": 2, ""matched_predicted_cluster"": 10, ""overlap"": 611, ""passes_discovery_thresholds"": false, ""precision"": 0.6943181818181818, ""purity"": 0.6943181818181818, ""recall"": 0.611, ""target"": ""cluster_1"", ""target_label"": 1, ""target_noise_loss"": 0.026, ""target_size"": 1000}]",,native_target_discovery_v1
synthetic__moons_noise90__quality__n20000__kNN-DBSCAN__229__db4fadd427db,ok,synthetic,moons_noise90__quality__n20000,kNN-DBSCAN,229,0.2.4,20000,2,0.0621621000009326,0.0696721999993315,3.1521952000002784,188.40625,1.9921875,192.87890625,,,evaluation_state/synthetic__moons_noise90__quality__n20000__kNN-DBSCAN__229__db4fadd427db.npz,7e14e0e1228cad47982c5b12577f9d24a140c83bdcf421f14166f4d1cf097c87,27103,0.8204630422783306,0.9036612309332268,810,801,0.6507222222222222,known_synthetic_noise,0.8123611111111111,0.5838431826050521,409.5,18,0,0.1,0.9,full_partition,target-discovery-v1,0,0.05,0.9505,0.820464968099466,0.026,0.721911604791559,2,pairwise_f1,hungarian,1.0,0,819,0.8034006811227424,0.7870317486981353,0.7870317486981353,0.9,0.9955801104972376,0.6507222222222222,0.6559551231280111,0.5148407112956394,0.9036356356356356,0.58825,819,macro,2,0,0.974,0.3806546165119687,0.2365513054037644,0.974,810,2,0.0,1.0,2,817,0.0,0.9505,0.0,0.820464968099466,0.721911604791559,"{""dimension"": 2, ""family"": ""moons"", ""n"": 20000}","{""eps"": 0.045631811022758484, ""eps_quantile"": 0.25, ""geometry_profile"": ""low_dim"", ""k"": 4, ""knn_backend"": ""kd_tree"", ""min_samples"": 5}",{},"[{""coverage"": 0.938, ""f1"": 0.8210065645514223, ""fragments"": 1, ""matched_predicted_cluster"": 1, ""overlap"": 938, ""passes_discovery_thresholds"": false, ""precision"": 0.7299610894941634, ""purity"": 0.7299610894941634, ""recall"": 0.938, ""target"": ""cluster_0"", ""target_label"": 0, ""target_noise_loss"": 0.028, ""target_size"": 1000}, {""coverage"": 0.963, ""f1"": 0.8199233716475096, ""fragments"": 1, ""matched_predicted_cluster"": 5, ""overlap"": 963, ""passes_discovery_thresholds"": false, ""precision"": 0.7138621200889548, ""purity"": 0.7138621200889548, ""recall"": 0.963, ""target"": ""cluster_1"", ""target_label"": 1, ""target_noise_loss"": 0.024, ""target_size"": 1000}]",,native_target_discovery_v1
synthetic__moons_noise90__quality__n20000__kNN-DBSCAN__233__b217fe8e5c52,ok,synthetic,moons_noise90__quality__n20000,kNN-DBSCAN,233,0.2.4,20000,2,0.0574171000007481,0.0678890999988652,3.121347099999184,188.39453125,1.8828125,188.90625,,,evaluation_state/synthetic__moons_noise90__quality__n20000__kNN-DBSCAN__233__b217fe8e5c52.npz,3a516268cf88fe0cc8056dc7e48cef1a8cd54119654578f98b68cff1bf5cb734,27909,0.6524654216192007,0.6699268621486246,813,796,0.6446666666666667,known_synthetic_noise,0.8083333333333333,0.5792417221091128,409.5,23,0,0.1,0.9,full_partition,target-discovery-v1,2,0.05,0.772,0.744218852138808,0.028,0.7418120149332831,2,pairwise_f1,hungarian,2.0,0,819,0.7628642707124988,0.7824679703304114,0.7824679703304114,0.9,0.995197255574614,0.6446666666666667,0.5959577533345021,0.5363978721120778,0.6703963963963964,0.583,819,macro,1,0,0.972,0.3760154738878143,0.2330935251798561,0.972,813,2,0.0,0.5,2,817,0.0,0.772,0.0,0.744218852138808,0.7418120149332831,"{""dimension"": 2, ""family"": ""moons"", ""n"": 20000}","{""eps"": 0.0457192063331604, ""eps_quantile"": 0.25, ""geometry_profile"": ""low_dim"", ""k"": 4, ""knn_backend"": ""kd_tree"", ""min_samples"": 5}",{},"[{""coverage"": 0.96, ""f1"": 0.831889081455806, ""fragments"": 1, ""matched_predicted_cluster"": 4, ""overlap"": 960, ""passes_discovery_thresholds"": false, ""precision"": 0.7339449541284404, ""purity"": 0.7339449541284404, ""recall"": 0.96, ""target"": ""cluster_0"", ""target_label"": 0, ""target_noise_loss"": 0.024, ""target_size"": 1000}, {""coverage"": 0.584, ""f1"": 0.65654862282181, ""fragments"": 3, ""matched_predicted_cluster"": 2, ""overlap"": 584, ""passes_discovery_thresholds"": false, ""precision"": 0.7496790757381258, ""purity"": 0.7496790757381258, ""recall"": 0.584, ""target"": ""cluster_1"", ""target_label"": 1, ""target_noise_loss"": 0.032, ""target_size"": 1000}]",,native_target_discovery_v1
synthetic__moons_noise95__quality__n20000__AMD-DBSCAN__211__ee4d3b89bfb9,ok,synthetic,moons_noise95__quality__n20000,AMD-DBSCAN,211,0.2.4,20000,2,0.0591366000007838,5.217653799998516,8.373445900000661,6289.9609375,6103.6640625,6289.9453125,,,evaluation_state/synthetic__moons_noise95__quality__n20000__AMD-DBSCAN__211__ee4d3b89bfb9.npz,be1be523f625edc59ac0322c764f59804c7ad14eb2fe88608ade2b574e5af04f,4135,0.0,0.0,1,0,0.0,known_synthetic_noise,0.5,0.0476190476190476,0.5,1,0,0.1,0.9,full_partition,target-discovery-v1,0,0.05,0.5,0.024390243902439,0.0,0.0125,1,pairwise_f1,hungarian,1.0,1,1,0.0,0.0,0.0,0.95,0.0,0.0,0.0024920158110662,0.0012475623781189,1.0,0.0,1,macro,0,0,1.0,0.0952380952380952,0.05,1.0,1,2,0.0,0.0,2,0,0.0,0.5,0.0,0.024390243902439,0.0125,"{""dimension"": 2, ""family"": ""moons"", ""n"": 20000}","{""adaptive_rank"": 71, ""balance_rounds"": 3, ""eps_values"": [0.20024365910704284, 0.26016774452994784, 0.2787421384105873], ""geometry_profile"": ""low_dim"", ""knn_backend"": ""kd_tree"", ""n_density_levels"": 3}",{},"[{""coverage"": 1.0, ""f1"": 0.04878048780487806, ""fragments"": 1, ""matched_predicted_cluster"": 0, ""overlap"": 500, ""passes_discovery_thresholds"": false, ""precision"": 0.025, ""purity"": 0.025, ""recall"": 1.0, ""target"": ""cluster_0"", ""target_label"": 0, ""target_noise_loss"": 0.0, ""target_size"": 500}, {""coverage"": 0.0, ""f1"": 0.0, ""fragments"": 1, ""matched_predicted_cluster"": null, ""overlap"": 0, ""passes_discovery_thresholds"": false, ""precision"": 0.0, ""purity"": 0.0, ""recall"": 0.0, ""target"": ""cluster_1"", ""target_label"": 1, ""target_noise_loss"": 0.0, ""target_size"": 500}]",,native_target_discovery_v1
synthetic__moons_noise95__quality__n20000__AMD-DBSCAN__223__3373ff6892df,ok,synthetic,moons_noise95__quality__n20000,AMD-DBSCAN,223,0.2.4,20000,2,0.0584672000004502,5.33373390000088,8.520130599999902,6289.99609375,6103.6484375,6289.99609375,,,evaluation_state/synthetic__moons_noise95__quality__n20000__AMD-DBSCAN__223__3373ff6892df.npz,70ccc89b7083992136b2e40573fbcafa713e98df6aa2dbf021a853d84fbec9aa,4113,0.0,0.0,1,0,0.0,known_synthetic_noise,0.5,0.0476190476190476,0.5,1,0,0.1,0.9,full_partition,target-discovery-v1,0,0.05,0.5,0.024390243902439,0.0,0.0125,1,pairwise_f1,hungarian,1.0,1,1,0.0,0.0,0.0,0.95,0.0,0.0,0.0024920158110662,0.0012475623781189,1.0,0.0,1,macro,0,0,1.0,0.0952380952380952,0.05,1.0,1,2,0.0,0.0,2,0,0.0,0.5,0.0,0.024390243902439,0.0125,"{""dimension"": 2, ""family"": ""moons"", ""n"": 20000}","{""adaptive_rank"": 71, ""balance_rounds"": 3, ""eps_values"": [0.201308196814256, 0.26097041610551264, 0.28125415871529225], ""geometry_profile"": ""low_dim"", ""knn_backend"": ""kd_tree"", ""n_density_levels"": 3}",{},"[{""coverage"": 1.0, ""f1"": 0.04878048780487806, ""fragments"": 1, ""matched_predicted_cluster"": 0, ""overlap"": 500, ""passes_discovery_thresholds"": false, ""precision"": 0.025, ""purity"": 0.025, ""recall"": 1.0, ""target"": ""cluster_0"", ""target_label"": 0, ""target_noise_loss"": 0.0, ""target_size"": 500}, {""coverage"": 0.0, ""f1"": 0.0, ""fragments"": 1, ""matched_predicted_cluster"": null, ""overlap"": 0, ""passes_discovery_thresholds"": false, ""precision"": 0.0, ""purity"": 0.0, ""recall"": 0.0, ""target"": ""cluster_1"", ""target_label"": 1, ""target_noise_loss"": 0.0, ""target_size"": 500}]",,native_target_discovery_v1
synthetic__moons_noise95__quality__n20000__AMD-DBSCAN__227__54728accbf63,ok,synthetic,moons_noise95__quality__n20000,AMD-DBSCAN,227,0.2.4,20000,2,0.0623122999986662,5.254688300001362,8.445446200001243,6289.8828125,6103.64453125,6289.8828125,,,evaluation_state/synthetic__moons_noise95__quality__n20000__AMD-DBSCAN__227__54728accbf63.npz,363b73df0fe009b2e109e6c1d10bddf1935ba59ef391700edf66ba39bcc7e021,4136,0.0,0.0,1,0,0.0,known_synthetic_noise,0.5,0.0476190476190476,0.5,1,0,0.1,0.9,full_partition,target-discovery-v1,0,0.05,0.5,0.024390243902439,0.0,0.0125,1,pairwise_f1,hungarian,1.0,1,1,0.0,0.0,0.0,0.95,0.0,0.0,0.0024920158110662,0.0012475623781189,1.0,0.0,1,macro,0,0,1.0,0.0952380952380952,0.05,1.0,1,2,0.0,0.0,2,0,0.0,0.5,0.0,0.024390243902439,0.0125,"{""dimension"": 2, ""family"": ""moons"", ""n"": 20000}","{""adaptive_rank"": 71, ""balance_rounds"": 3, ""eps_values"": [0.2009666877250144, 0.2635635791900841, 0.2826057665183063], ""geometry_profile"": ""low_dim"", ""knn_backend"": ""kd_tree"", ""n_density_levels"": 3}",{},"[{""coverage"": 1.0, ""f1"": 0.04878048780487806, ""fragments"": 1, ""matched_predicted_cluster"": 0, ""overlap"": 500, ""passes_discovery_thresholds"": false, ""precision"": 0.025, ""purity"": 0.025, ""recall"": 1.0, ""target"": ""cluster_0"", ""target_label"": 0, ""target_noise_loss"": 0.0, ""target_size"": 500}, {""coverage"": 0.0, ""f1"": 0.0, ""fragments"": 1, ""matched_predicted_cluster"": null, ""overlap"": 0, ""passes_discovery_thresholds"": false, ""precision"": 0.0, ""purity"": 0.0, ""recall"": 0.0, ""target"": ""cluster_1"", ""target_label"": 1, ""target_noise_loss"": 0.0, ""target_size"": 500}]",,native_target_discovery_v1
synthetic__moons_noise95__quality__n20000__AMD-DBSCAN__229__57ef2aa8693e,ok,synthetic,moons_noise95__quality__n20000,AMD-DBSCAN,229,0.2.4,20000,2,0.0645494000000326,5.230457400000887,8.446975799999564,6289.6796875,6103.6484375,6289.6796875,,,evaluation_state/synthetic__moons_noise95__quality__n20000__AMD-DBSCAN__229__57ef2aa8693e.npz,18b6c29183d37165d1c19ef53d313b794f3fe6742d3dce7c496dfcd87208f7b7,4138,0.0,0.0,1,0,0.0,known_synthetic_noise,0.5,0.0476190476190476,0.5,1,0,0.1,0.9,full_partition,target-discovery-v1,0,0.05,0.5,0.024390243902439,0.0,0.0125,1,pairwise_f1,hungarian,1.0,1,1,0.0,0.0,0.0,0.95,0.0,0.0,0.0024920158110662,0.0012475623781189,1.0,0.0,1,macro,0,0,1.0,0.0952380952380952,0.05,1.0,1,2,0.0,0.0,2,0,0.0,0.5,0.0,0.024390243902439,0.0125,"{""dimension"": 2, ""family"": ""moons"", ""n"": 20000}","{""adaptive_rank"": 71, ""balance_rounds"": 3, ""eps_values"": [0.19992547760548685, 0.2617800119642819, 0.28147203053178177], ""geometry_profile"": ""low_dim"", ""knn_backend"": ""kd_tree"", ""n_density_levels"": 3}",{},"[{""coverage"": 1.0, ""f1"": 0.04878048780487806, ""fragments"": 1, ""matched_predicted_cluster"": 0, ""overlap"": 500, ""passes_discovery_thresholds"": false, ""precision"": 0.025, ""purity"": 0.025, ""recall"": 1.0, ""target"": ""cluster_0"", ""target_label"": 0, ""target_noise_loss"": 0.0, ""target_size"": 500}, {""coverage"": 0.0, ""f1"": 0.0, ""fragments"": 1, ""matched_predicted_cluster"": null, ""overlap"": 0, ""passes_discovery_thresholds"": false, ""precision"": 0.0, ""purity"": 0.0, ""recall"": 0.0, ""target"": ""cluster_1"", ""target_label"": 1, ""target_noise_loss"": 0.0, ""target_size"": 500}]",,native_target_discovery_v1
synthetic__moons_noise95__quality__n20000__AMD-DBSCAN__233__c8433d1c5055,ok,synthetic,moons_noise95__quality__n20000,AMD-DBSCAN,233,0.2.4,20000,2,0.0618070000000443,5.216674900000726,8.385464500001035,6289.8984375,6103.6484375,6289.8984375,,,evaluation_state/synthetic__moons_noise95__quality__n20000__AMD-DBSCAN__233__c8433d1c5055.npz,ad2bfd24723ad4d66794f48c62e948eefb2955c6c3fb9db6194544551c4ffd54,4131,0.0,0.0,1,0,0.0,known_synthetic_noise,0.5,0.0476190476190476,0.5,1,0,0.1,0.9,full_partition,target-discovery-v1,0,0.05,0.5,0.024390243902439,0.0,0.0125,1,pairwise_f1,hungarian,1.0,1,1,0.0,0.0,0.0,0.95,0.0,0.0,0.0024920158110662,0.0012475623781189,1.0,0.0,1,macro,0,0,1.0,0.0952380952380952,0.05,1.0,1,2,0.0,0.0,2,0,0.0,0.5,0.0,0.024390243902439,0.0125,"{""dimension"": 2, ""family"": ""moons"", ""n"": 20000}","{""adaptive_rank"": 71, ""balance_rounds"": 3, ""eps_values"": [0.2052061366005771, 0.262227393266967, 0.28124960301199375], ""geometry_profile"": ""low_dim"", ""knn_backend"": ""kd_tree"", ""n_density_levels"": 3}",{},"[{""coverage"": 1.0, ""f1"": 0.04878048780487806, ""fragments"": 1, ""matched_predicted_cluster"": 0, ""overlap"": 500, ""passes_discovery_thresholds"": false, ""precision"": 0.025, ""purity"": 0.025, ""recall"": 1.0, ""target"": ""cluster_0"", ""target_label"": 0, ""target_noise_loss"": 0.0, ""target_size"": 500}, {""coverage"": 0.0, ""f1"": 0.0, ""fragments"": 1, ""matched_predicted_cluster"": null, ""overlap"": 0, ""passes_discovery_thresholds"": false, ""precision"": 0.0, ""purity"": 0.0, ""recall"": 0.0, ""target"": ""cluster_1"", ""target_label"": 1, ""target_noise_loss"": 0.0, ""target_size"": 500}]",,native_target_discovery_v1
synthetic__moons_noise95__quality__n20000__DBSCAN__211__846da1e937a1,ok,synthetic,moons_noise95__quality__n20000,DBSCAN,211,0.2.4,20000,2,0.0609695999992254,0.1823227000004408,3.272925799999939,188.8125,2.66796875,191.78125,,,evaluation_state/synthetic__moons_noise95__quality__n20000__DBSCAN__211__846da1e937a1.npz,a2ec5702decdbe1158d65a6badbdb7857bcf1f79c8c400e1f99b1e098ece331b,38165,0.8265975762370266,0.9101227457935052,1158,1146,0.3427894736842105,known_synthetic_noise,0.6593947368421053,0.3225242458519386,580.0,14,0,0.1,0.9,full_partition,target-discovery-v1,0,0.05,0.956,0.6617240092529919,0.024,0.5060697491767885,2,pairwise_f1,hungarian,1.0,0,1160,0.5760919976618302,0.5100834083878294,0.5100834083878294,0.95,0.9963285910968334,0.3427894736842105,0.3737086093257931,0.2348770541196733,0.9138957915831664,0.32685,1160,macro,0,0,0.976,0.1349650833160478,0.0724949862586347,0.976,1158,2,0.0,0.0,2,1158,0.0,0.956,0.0,0.6617240092529919,0.5060697491767885,"{""dimension"": 2, ""family"": ""moons"", ""n"": 20000}","{""base_eps"": 0.0771554633975029, ""eps"": 0.054008824378252024, ""eps_multiplier"": 0.7, ""geometry_profile"": ""low_dim"", ""knn_backend"": ""kd_tree"", ""min_samples"": 5}",{},"[{""coverage"": 0.954, ""f1"": 0.6704146170063248, ""fragments"": 1, ""matched_predicted_cluster"": 10, ""overlap"": 477, ""passes_discovery_thresholds"": false, ""precision"": 0.5167930660888408, ""purity"": 0.5167930660888408, ""recall"": 0.954, ""target"": ""cluster_0"", ""target_label"": 0, ""target_noise_loss"": 0.02, ""target_size"": 500}, {""coverage"": 0.958, ""f1"": 0.6530334014996592, ""fragments"": 1, ""matched_predicted_cluster"": 11, ""overlap"": 479, ""passes_discovery_thresholds"": false, ""precision"": 0.4953464322647363, ""purity"": 0.4953464322647363, ""recall"": 0.958, ""target"": ""cluster_1"", ""target_label"": 1, ""target_noise_loss"": 0.028, ""target_size"": 500}]",,native_target_discovery_v1
synthetic__moons_noise95__quality__n20000__DBSCAN__223__43a152babf22,ok,synthetic,moons_noise95__quality__n20000,DBSCAN,223,0.2.4,20000,2,0.0576232000003074,0.1835231999993993,3.2705603999984305,191.46484375,5.40625,188.6640625,,,evaluation_state/synthetic__moons_noise95__quality__n20000__DBSCAN__223__43a152babf22.npz,2016cd926fb26f9780db20b18fbff2ecc8f5bb547f748b098902b315dc6c65b0,38535,0.7146363121942947,0.7041685432064787,1146,1138,0.3349473684210526,known_synthetic_noise,0.6569736842105263,0.3176852051449079,574.5,11,0,0.1,0.9,full_partition,target-discovery-v1,1,0.05,0.765,0.6092619539101891,0.021,0.5250126761991685,2,pairwise_f1,hungarian,1.5,0,1149,0.5500925446235838,0.5013984636596415,0.5013984636596415,0.95,0.996711041503524,0.3349473684210526,0.3557055750452574,0.2380106042180982,0.7036633266533067,0.31925,1149,macro,0,0,0.979,0.1339719466301744,0.0719059860448035,0.979,1146,2,0.0,0.0,2,1147,0.0,0.765,0.0,0.6092619539101891,0.5250126761991685,"{""dimension"": 2, ""family"": ""moons"", ""n"": 20000}","{""base_eps"": 0.07791902869939804, ""eps"": 0.05454332008957863, ""eps_multiplier"": 0.7, ""geometry_profile"": ""low_dim"", ""knn_backend"": ""kd_tree"", ""min_samples"": 5}",{},"[{""coverage"": 0.97, ""f1"": 0.6689655172413793, ""fragments"": 1, ""matched_predicted_cluster"": 15, ""overlap"": 485, ""passes_discovery_thresholds"": false, ""precision"": 0.5105263157894737, ""purity"": 0.5105263157894737, ""recall"": 0.97, ""target"": ""cluster_0"", ""target_label"": 0, ""target_noise_loss"": 0.008, ""target_size"": 500}, {""coverage"": 0.56, ""f1"": 0.549558390578999, ""fragments"": 2, ""matched_predicted_cluster"": 11, ""overlap"": 280, ""passes_discovery_thresholds"": false, ""precision"": 0.5394990366088632, ""purity"": 0.5394990366088632, ""recall"": 0.56, ""target"": ""cluster_1"", ""target_label"": 1, ""target_noise_loss"": 0.034, ""target_size"": 500}]",,native_target_discovery_v1
synthetic__moons_noise95__quality__n20000__DBSCAN__227__b30d7ab47bee,ok,synthetic,moons_noise95__quality__n20000,DBSCAN,227,0.2.4,20000,2,0.0609652000002824,0.1835456999997404,3.281817900000533,192.80078125,6.77734375,192.80078125,,,evaluation_state/synthetic__moons_noise95__quality__n20000__DBSCAN__227__b30d7ab47bee.npz,d272f76515201c5ea66e7ea8f59c8099c2516ff817371065c6af605e22957967,38368,0.7030218004043486,0.7230702484384377,1155,1138,0.3433157894736842,known_synthetic_noise,0.6641578947368421,0.3235328192016693,579.5,21,0,0.1,0.9,full_partition,target-discovery-v1,1,0.05,0.812,0.6213776791026366,0.015,0.5138797048165684,2,pairwise_f1,hungarian,1.5,0,1159,0.5607169432018791,0.5108465815647271,0.5108465815647271,0.95,0.9977057204037932,0.3433157894736842,0.3453767657754093,0.2268882509667372,0.7228977955911824,0.3269,1159,macro,0,0,0.985,0.1362190568386115,0.0731689199227455,0.985,1155,2,0.0,0.0,2,1157,0.0,0.812,0.0,0.6213776791026366,0.5138797048165684,"{""dimension"": 2, ""family"": ""moons"", ""n"": 20000}","{""base_eps"": 0.07823063433170319, ""eps"": 0.05476144403219223, ""eps_multiplier"": 0.7, ""geometry_profile"": ""low_dim"", ""knn_backend"": ""kd_tree"", ""min_samples"": 5}",{},"[{""coverage"": 0.664, ""f1"": 0.5949820788530467, ""fragments"": 2, ""matched_predicted_cluster"": 2, ""overlap"": 332, ""passes_discovery_thresholds"": false, ""precision"": 0.538961038961039, ""purity"": 0.538961038961039, ""recall"": 0.664, ""target"": ""cluster_0"", ""target_label"": 0, ""target_noise_loss"": 0.014, ""target_size"": 500}, {""coverage"": 0.96, ""f1"": 0.6477732793522267, ""fragments"": 1, ""matched_predicted_cluster"": 13, ""overlap"": 480, ""passes_discovery_thresholds"": false, ""precision"": 0.48879837067209775, ""purity"": 0.48879837067209775, ""recall"": 0.96, ""target"": ""cluster_1"", ""target_label"": 1, ""target_noise_loss"": 0.016, ""target_size"": 500}]",,native_target_discovery_v1
synthetic__moons_noise95__quality__n20000__DBSCAN__229__a208c0e297f3,ok,synthetic,moons_noise95__quality__n20000,DBSCAN,229,0.2.4,20000,2,0.0614279000001261,0.1811820000002626,3.2904128999998647,188.9765625,3.25390625,188.9765625,,,evaluation_state/synthetic__moons_noise95__quality__n20000__DBSCAN__229__a208c0e297f3.npz,41bba764fbb4289fe534908a3de4da453579ac42ce63add8380707bdc055141e,38105,0.8632325200456971,0.9313025510806796,1126,1116,0.3382105263157894,known_synthetic_noise,0.6606052631578947,0.3200922059943714,564.0,12,0,0.1,0.9,full_partition,target-discovery-v1,0,0.05,0.965,0.6507748125468178,0.017,0.4910498119017171,2,pairwise_f1,hungarian,1.0,0,1128,0.5687761694404676,0.5051291121330033,0.5051291121330033,0.95,0.9973614775725592,0.3382105263157894,0.3575195828681737,0.2212270991294312,0.9312224448897796,0.32215,1128,macro,0,0,0.983,0.1350552998557395,0.0725086671092424,0.983,1126,2,0.0,0.0,2,1126,0.0,0.965,0.0,0.6507748125468179,0.4910498119017171,"{""dimension"": 2, ""family"": ""moons"", ""n"": 20000}","{""base_eps"": 0.07814033329486847, ""eps"": 0.054698233306407926, ""eps_multiplier"": 0.7, ""geometry_profile"": ""low_dim"", ""knn_backend"": ""kd_tree"", ""min_samples"": 5}",{},"[{""coverage"": 0.96, ""f1"": 0.6353408338848445, ""fragments"": 1, ""matched_predicted_cluster"": 8, ""overlap"": 480, ""passes_discovery_thresholds"": false, ""precision"": 0.47477744807121663, ""purity"": 0.47477744807121663, ""recall"": 0.96, ""target"": ""cluster_0"", ""target_label"": 0, ""target_noise_loss"": 0.022, ""target_size"": 500}, {""coverage"": 0.97, ""f1"": 0.6662087912087912, ""fragments"": 1, ""matched_predicted_cluster"": 1, ""overlap"": 485, ""passes_discovery_thresholds"": false, ""precision"": 0.5073221757322176, ""purity"": 0.5073221757322176, ""recall"": 0.97, ""target"": ""cluster_1"", ""target_label"": 1, ""target_noise_loss"": 0.012, ""target_size"": 500}]",,native_target_discovery_v1
synthetic__moons_noise95__quality__n20000__DBSCAN__233__75032ef011f0,ok,synthetic,moons_noise95__quality__n20000,DBSCAN,233,0.2.4,20000,2,0.0583571999995911,0.1826019999989512,3.303648999999496,191.6015625,6.23046875,189.98828125,,,evaluation_state/synthetic__moons_noise95__quality__n20000__DBSCAN__233__75032ef011f0.npz,cb55259d205bd5814ea5667ac30029ddb456dd3d2aaf57f3a59fa168c6795ec3,38562,0.2800955497452316,0.213284170099245,1129,1113,0.3299473684210526,known_synthetic_noise,0.6549736842105263,0.3145111587608257,567.0,21,0,0.1,0.9,full_partition,target-discovery-v1,2,0.05,0.613,0.4422803082892793,0.02,0.465475486921219,2,pairwise_f1,hungarian,2.0,1,1134,0.46750841049767,0.4957886828265254,0.4957886828265254,0.95,0.9968198441723644,0.3299473684210526,0.2366753072479929,0.1467759303886837,0.6107655310621243,0.31445,1134,macro,0,0,0.98,0.1332336346951261,0.0714754576617314,0.98,1129,2,0.0,0.0,2,1132,0.0,0.613,0.0,0.4422803082892793,0.465475486921219,"{""dimension"": 2, ""family"": ""moons"", ""n"": 20000}","{""base_eps"": 0.07835804671049118, ""eps"": 0.054850632697343825, ""eps_multiplier"": 0.7, ""geometry_profile"": ""low_dim"", ""knn_backend"": ""kd_tree"", ""min_samples"": 5}",{},"[{""coverage"": 0.96, ""f1"": 0.5211726384364821, ""fragments"": 1, ""matched_predicted_cluster"": 6, ""overlap"": 480, ""passes_discovery_thresholds"": false, ""precision"": 0.35767511177347244, ""purity"": 0.35767511177347244, ""recall"": 0.96, ""target"": ""cluster_0"", ""target_label"": 0, ""target_noise_loss"": 0.02, ""target_size"": 500}, {""coverage"": 0.266, ""f1"": 0.3633879781420765, ""fragments"": 3, ""matched_predicted_cluster"": 31, ""overlap"": 133, ""passes_discovery_thresholds"": false, ""precision"": 0.5732758620689655, ""purity"": 0.5732758620689655, ""recall"": 0.266, ""target"": ""cluster_1"", ""target_label"": 1, ""target_noise_loss"": 0.02, ""target_size"": 500}]",,native_target_discovery_v1
synthetic__moons_noise95__quality__n20000__HDBSCAN__211__9d30981664ca,ok,synthetic,moons_noise95__quality__n20000,HDBSCAN,211,0.2.4,20000,2,0.0603503000002092,2.9593148000003566,6.025754799999049,191.20703125,5.25390625,191.2421875,,,evaluation_state/synthetic__moons_noise95__quality__n20000__HDBSCAN__211__9d30981664ca.npz,9c609f5f5d6a5382ed49c7b69619b25b90d9c850c22233f84800a80ec6c7253f,27159,0.5765541789132917,0.559669777255272,111,109,0.3944210526315789,known_synthetic_noise,0.6427105263157895,0.3482049799434704,57.0,5,0,0.1,0.9,full_partition,target-discovery-v1,3,0.05,0.657,0.5467786329998516,0.109,0.5276160776160776,2,pairwise_f1,hungarian,2.5,0,114,0.5549625162728583,0.5633951058151337,0.5633951058151337,0.95,0.9856635538603185,0.3944210526315789,0.160136875452246,0.0935722006176949,0.5548216432865731,0.38015,114,macro,0,0,0.891,0.1330148540718071,0.0718722271517302,0.891,111,2,0.0,0.0,2,112,0.0,0.657,0.0,0.5467786329998516,0.5276160776160776,"{""dimension"": 2, ""family"": ""moons"", ""n"": 20000}","{""geometry_profile"": ""low_dim"", ""knn_backend"": ""kd_tree"", ""min_cluster_size"": 40, ""min_samples"": 5}",{},"[{""coverage"": 0.94, ""f1"": 0.6429548563611491, ""fragments"": 1, ""matched_predicted_cluster"": 109, ""overlap"": 470, ""passes_discovery_thresholds"": false, ""precision"": 0.4885654885654886, ""purity"": 0.4885654885654886, ""recall"": 0.94, ""target"": ""cluster_0"", ""target_label"": 0, ""target_noise_loss"": 0.06, ""target_size"": 500}, {""coverage"": 0.374, ""f1"": 0.45060240963855425, ""fragments"": 4, ""matched_predicted_cluster"": 111, ""overlap"": 187, ""passes_discovery_thresholds"": false, ""precision"": 0.5666666666666667, ""purity"": 0.5666666666666667, ""recall"": 0.374, ""target"": ""cluster_1"", ""target_label"": 1, ""target_noise_loss"": 0.158, ""target_size"": 500}]",,native_target_discovery_v1
synthetic__moons_noise95__quality__n20000__HDBSCAN__223__583bc5ef40d5,ok,synthetic,moons_noise95__quality__n20000,HDBSCAN,223,0.2.4,20000,2,0.0598664000008284,2.9326959999998508,6.005428799999208,190.46875,4.484375,191.70703125,,,evaluation_state/synthetic__moons_noise95__quality__n20000__HDBSCAN__223__583bc5ef40d5.npz,ea73f5c8dc4d8406a09074a6cca35a9cde22d1ed03473deb92af9cde913d4580,27152,0.6589710594473384,0.6552301575007126,106,104,0.3838947368421053,known_synthetic_noise,0.6629473684210526,0.3458122373906588,54.0,4,0,0.1,0.9,full_partition,target-discovery-v1,2,0.05,0.757,0.5649011698457769,0.0579999999999999,0.4679276640233558,2,pairwise_f1,hungarian,2.0,0,108,0.5591844474674224,0.5535822707953856,0.5535822707953856,0.95,0.9921109902067464,0.3838947368421053,0.1730933128675675,0.0997356507462613,0.6544689378757516,0.3676,108,macro,0,0,0.942,0.138042203985932,0.0744781783681214,0.942,106,2,0.0,0.0,2,106,0.0,0.757,0.0,0.5649011698457769,0.4679276640233558,"{""dimension"": 2, ""family"": ""moons"", ""n"": 20000}","{""geometry_profile"": ""low_dim"", ""knn_backend"": ""kd_tree"", ""min_cluster_size"": 40, ""min_samples"": 5}",{},"[{""coverage"": 0.96, ""f1"": 0.6110757479312541, ""fragments"": 1, ""matched_predicted_cluster"": 103, ""overlap"": 480, ""passes_discovery_thresholds"": false, ""precision"": 0.4481792717086835, ""purity"": 0.4481792717086835, ""recall"": 0.96, ""target"": ""cluster_0"", ""target_label"": 0, ""target_noise_loss"": 0.04, ""target_size"": 500}, {""coverage"": 0.554, ""f1"": 0.5187265917602997, ""fragments"": 3, ""matched_predicted_cluster"": 105, ""overlap"": 277, ""passes_discovery_thresholds"": false, ""precision"": 0.4876760563380282, ""purity"": 0.4876760563380282, ""recall"": 0.554, ""target"": ""cluster_1"", ""target_label"": 1, ""target_noise_loss"": 0.076, ""target_size"": 500}]",,native_target_discovery_v1
synthetic__moons_noise95__quality__n20000__HDBSCAN__227__3171efa774c3,ok,synthetic,moons_noise95__quality__n20000,HDBSCAN,227,0.2.4,20000,2,0.0609686999996483,2.918532599998798,5.99434889999975,191.86328125,5.2421875,191.85546875,,,evaluation_state/synthetic__moons_noise95__quality__n20000__HDBSCAN__227__3171efa774c3.npz,a8244f4a0c7f3489067c86043300185cbba0cf62f15b9799b7d1202b79512f6f,27620,0.4670017033213198,0.327164347477114,123,123,0.4193157894736842,known_synthetic_noise,0.644157894736842,0.361360836401755,65.0,7,0,0.1,0.9,full_partition,target-discovery-v1,5,0.05,0.474,0.4898334333733493,0.131,0.5414151576123407,2,pairwise_f1,hungarian,3.5,0,130,0.5344520567062103,0.5880138755627722,0.5880138755627722,0.95,0.98382316621388,0.4193157894736842,0.150919725070732,0.098193704349044,0.3259318637274549,0.4049,130,macro,0,0,0.869,0.1347077972407378,0.0730129390018484,0.869,123,2,0.0,0.0,2,128,0.0,0.474,0.0,0.4898334333733493,0.5414151576123407,"{""dimension"": 2, ""family"": ""moons"", ""n"": 20000}","{""geometry_profile"": ""low_dim"", ""knn_backend"": ""kd_tree"", ""min_cluster_size"": 40, ""min_samples"": 5}",{},"[{""coverage"": 0.644, ""f1"": 0.5919117647058824, ""fragments"": 3, ""matched_predicted_cluster"": 123, ""overlap"": 322, ""passes_discovery_thresholds"": false, ""precision"": 0.5476190476190477, ""purity"": 0.5476190476190477, ""recall"": 0.644, ""target"": ""cluster_0"", ""target_label"": 0, ""target_noise_loss"": 0.106, ""target_size"": 500}, {""coverage"": 0.304, ""f1"": 0.38775510204081626, ""fragments"": 4, ""matched_predicted_cluster"": 128, ""overlap"": 152, ""passes_discovery_thresholds"": false, ""precision"": 0.5352112676056338, ""purity"": 0.5352112676056338, ""recall"": 0.304, ""target"": ""cluster_1"", ""target_label"": 1, ""target_noise_loss"": 0.156, ""target_size"": 500}]",,native_target_discovery_v1
synthetic__moons_noise95__quality__n20000__HDBSCAN__229__f0da9d39dd57,ok,synthetic,moons_noise95__quality__n20000,HDBSCAN,229,0.2.4,20000,2,0.0586288000013155,2.871588600000905,5.912507099999857,191.26953125,5.2578125,193.2578125,,,evaluation_state/synthetic__moons_noise95__quality__n20000__HDBSCAN__229__f0da9d39dd57.npz,bc6df9a995bc52b768dc6d28cf50e154392dedeacfdd6a6723feb1f21ee7be7f,27339,0.9011780612410234,0.9486462114558596,97,94,0.3484736842105263,known_synthetic_noise,0.6627368421052632,0.3262442186408243,48.5,3,0,0.1,0.9,full_partition,target-discovery-v1,0,0.05,0.975,0.5748866638854124,0.023,0.4076146532438479,2,pairwise_f1,hungarian,1.0,0,97,0.5440639028754991,0.5163781001403837,0.5163781001403837,0.95,0.9965382299819386,0.3484736842105263,0.1762894617228303,0.0971535451956167,0.9505771543086172,0.3322,97,macro,0,0,0.977,0.1361103371412649,0.0731506439053608,0.977,97,2,0.0,0.0,2,95,0.0,0.975,0.0,0.5748866638854124,0.4076146532438479,"{""dimension"": 2, ""family"": ""moons"", ""n"": 20000}","{""geometry_profile"": ""low_dim"", ""knn_backend"": ""kd_tree"", ""min_cluster_size"": 40, ""min_samples"": 5}",{},"[{""coverage"": 0.976, ""f1"": 0.5768321513002365, ""fragments"": 1, ""matched_predicted_cluster"": 95, ""overlap"": 488, ""passes_discovery_thresholds"": false, ""precision"": 0.40939597315436244, ""purity"": 0.40939597315436244, ""recall"": 0.976, ""target"": ""cluster_0"", ""target_label"": 0, ""target_noise_loss"": 0.02, ""target_size"": 500}, {""coverage"": 0.974, ""f1"": 0.5729411764705883, ""fragments"": 1, ""matched_predicted_cluster"": 96, ""overlap"": 487, ""passes_discovery_thresholds"": false, ""precision"": 0.4058333333333333, ""purity"": 0.4058333333333333, ""recall"": 0.974, ""target"": ""cluster_1"", ""target_label"": 1, ""target_noise_loss"": 0.026, ""target_size"": 500}]",,native_target_discovery_v1
synthetic__moons_noise95__quality__n20000__HDBSCAN__233__b84cd89dda3b,ok,synthetic,moons_noise95__quality__n20000,HDBSCAN,233,0.2.4,20000,2,0.0586788999989948,2.9610343999993347,6.0244769000000815,190.58203125,4.5546875,192.40625,,,evaluation_state/synthetic__moons_noise95__quality__n20000__HDBSCAN__233__b84cd89dda3b.npz,0b0d3077231b78fc83e6f14620b3bfdfd7edc9b5b842f718687724bf9da08298,26712,0.5703978451374289,0.5273953012879103,96,94,0.4012631578947368,known_synthetic_noise,0.6451315789473684,0.3521877234441624,50.0,6,0,0.1,0.9,full_partition,target-discovery-v1,2,0.05,0.632,0.5641005579578361,0.111,0.5524461547965565,2,pairwise_f1,hungarian,2.0,0,100,0.5672023824331175,0.5703385075743407,0.5703385075743407,0.95,0.985649644473174,0.4012631578947368,0.156212097375053,0.0916869640361972,0.5273066132264529,0.38675,100,macro,0,0,0.889,0.1340369393139842,0.0724826742763962,0.889,96,2,0.0,0.0,2,98,0.0,0.632,0.0,0.5641005579578361,0.5524461547965566,"{""dimension"": 2, ""family"": ""moons"", ""n"": 20000}","{""geometry_profile"": ""low_dim"", ""knn_backend"": ""kd_tree"", ""min_cluster_size"": 40, ""min_samples"": 5}",{},"[{""coverage"": 0.884, ""f1"": 0.6763580719204285, ""fragments"": 1, ""matched_predicted_cluster"": 98, ""overlap"": 442, ""passes_discovery_thresholds"": false, ""precision"": 0.5477075588599752, ""purity"": 0.5477075588599752, ""recall"": 0.884, ""target"": ""cluster_0"", ""target_label"": 0, ""target_noise_loss"": 0.116, ""target_size"": 500}, {""coverage"": 0.38, ""f1"": 0.4518430439952437, ""fragments"": 3, ""matched_predicted_cluster"": 99, ""overlap"": 190, ""passes_discovery_thresholds"": false, ""precision"": 0.5571847507331378, ""purity"": 0.5571847507331378, ""recall"": 0.38, ""target"": ""cluster_1"", ""target_label"": 1, ""target_noise_loss"": 0.106, ""target_size"": 500}]",,native_target_discovery_v1
synthetic__moons_noise95__quality__n20000__OPTICS__211__39d5f6fe670e,ok,synthetic,moons_noise95__quality__n20000,OPTICS,211,0.2.4,20000,2,0.0579417000008106,16.026460499999303,19.058659300000727,191.55078125,5.32421875,192.2265625,,,evaluation_state/synthetic__moons_noise95__quality__n20000__OPTICS__211__39d5f6fe670e.npz,8cb31e4f274a078955e0081fbd752ba95492f3a144d23277c2bf33cd17919f39,4279,0.0,0.0,1,1,0.9977894736842106,known_synthetic_noise,0.4988947368421053,0.486626623543303,0.5,0,0,0.1,0.9,full_partition,target-discovery-v1,0,0.05,0.0,0.0,1.0,0.0,0,pairwise_f1,hungarian,0.0,0,1,0.0,0.973253247086606,0.973253247086606,0.95,0.9498947790359756,0.9977894736842106,0.0,0.0,0.0,0.9979,1,macro,0,0,0.0,0.0,0.0,0.0,1,2,0.0,0.0,2,1,0.0,0.0,0.0,0.0,0.0,"{""dimension"": 2, ""family"": ""moons"", ""n"": 20000}","{""geometry_profile"": ""low_dim"", ""knn_backend"": ""kd_tree"", ""max_eps"": 0.09272033721208572, ""max_eps_quantile"": 0.98, ""min_cluster_size"": 40, ""min_samples"": 5, ""xi"": 0.1}",{},"[{""coverage"": 0.0, ""f1"": 0.0, ""fragments"": 0, ""matched_predicted_cluster"": null, ""overlap"": 0, ""passes_discovery_thresholds"": false, ""precision"": 0.0, ""purity"": 0.0, ""recall"": 0.0, ""target"": ""cluster_0"", ""target_label"": 0, ""target_noise_loss"": 1.0, ""target_size"": 500}, {""coverage"": 0.0, ""f1"": 0.0, ""fragments"": 0, ""matched_predicted_cluster"": null, ""overlap"": 0, ""passes_discovery_thresholds"": false, ""precision"": 0.0, ""purity"": 0.0, ""recall"": 0.0, ""target"": ""cluster_1"", ""target_label"": 1, ""target_noise_loss"": 1.0, ""target_size"": 500}]",,native_target_discovery_v1
synthetic__moons_noise95__quality__n20000__OPTICS__223__7e5c759ea1dc,ok,synthetic,moons_noise95__quality__n20000,OPTICS,223,0.2.4,20000,2,0.0580234999997628,15.741355500000282,18.79331300000013,190.5,4.9609375,190.71484375,,,evaluation_state/synthetic__moons_noise95__quality__n20000__OPTICS__223__7e5c759ea1dc.npz,8a29ef236977fe76e025db2d83ecdee5d1946ca78b803da73b712703e2ccf6a3,5042,0.0439503789788785,0.0026028665264941,5,5,0.9863684210526316,known_synthetic_noise,0.5061842105263158,0.5043094025933302,3.0,1,0,0.1,0.9,full_partition,target-discovery-v1,0,0.05,0.026,0.0480591497227356,0.974,0.3170731707317073,1,pairwise_f1,hungarian,0.5,0,6,0.091572625748719,0.9681518791166216,0.9681518791166216,0.95,0.950595992898808,0.9863684210526316,0.0025361103090933,0.04780817887614,0.0013026052104208,0.98575,6,macro,0,0,0.026,0.0404669260700389,0.0912280701754386,0.026,5,2,0.0,0.0,2,5,0.0,0.026,0.0,0.0480591497227356,0.3170731707317073,"{""dimension"": 2, ""family"": ""moons"", ""n"": 20000}","{""geometry_profile"": ""low_dim"", ""knn_backend"": ""kd_tree"", ""max_eps"": 0.09373432397842407, ""max_eps_quantile"": 0.98, ""min_cluster_size"": 40, ""min_samples"": 5, ""xi"": 0.1}",{},"[{""coverage"": 0.0, ""f1"": 0.0, ""fragments"": 0, ""matched_predicted_cluster"": null, ""overlap"": 0, ""passes_discovery_thresholds"": false, ""precision"": 0.0, ""purity"": 0.0, ""recall"": 0.0, ""target"": ""cluster_0"", ""target_label"": 0, ""target_noise_loss"": 1.0, ""target_size"": 500}, {""coverage"": 0.052, ""f1"": 0.09611829944547134, ""fragments"": 1, ""matched_predicted_cluster"": 1, ""overlap"": 26, ""passes_discovery_thresholds"": false, ""precision"": 0.6341463414634146, ""purity"": 0.6341463414634146, ""recall"": 0.052, ""target"": ""cluster_1"", ""target_label"": 1, ""target_noise_loss"": 0.948, ""target_size"": 500}]",,native_target_discovery_v1
synthetic__moons_noise95__quality__n20000__OPTICS__227__874bf5059144,ok,synthetic,moons_noise95__quality__n20000,OPTICS,227,0.2.4,20000,2,0.0569627999993826,15.70651480000015,18.718051199999536,189.51171875,4.0625,189.7109375,,,evaluation_state/synthetic__moons_noise95__quality__n20000__OPTICS__227__874bf5059144.npz,f011512744bfd2239a943fb87ac62a8c59be49a1232579bf5eaf3dc3dc666295,5067,0.0681614467352004,0.0068960058766464,4,4,0.987,known_synthetic_noise,0.5145,0.5170193464213608,2.5,1,0,0.1,0.9,full_partition,target-discovery-v1,0,0.05,0.042,0.0736842105263158,0.958,0.3,1,pairwise_f1,hungarian,0.5,0,5,0.1369529377182909,0.9688718968768568,0.9688718968768568,0.95,0.9513976967175688,0.987,0.0066633646508892,0.0964381720430107,0.0034509018036072,0.98555,5,macro,0,0,0.042,0.065166795965865,0.1453287197231834,0.042,4,2,0.0,0.0,2,4,0.0,0.042,0.0,0.0736842105263158,0.3,"{""dimension"": 2, ""family"": ""moons"", ""n"": 20000}","{""geometry_profile"": ""low_dim"", ""knn_backend"": ""kd_tree"", ""max_eps"": 0.09477630257606506, ""max_eps_quantile"": 0.98, ""min_cluster_size"": 40, ""min_samples"": 5, ""xi"": 0.1}",{},"[{""coverage"": 0.0, ""f1"": 0.0, ""fragments"": 0, ""matched_predicted_cluster"": null, ""overlap"": 0, ""passes_discovery_thresholds"": false, ""precision"": 0.0, ""purity"": 0.0, ""recall"": 0.0, ""target"": ""cluster_0"", ""target_label"": 0, ""target_noise_loss"": 1.0, ""target_size"": 500}, {""coverage"": 0.084, ""f1"": 0.1473684210526316, ""fragments"": 1, ""matched_predicted_cluster"": 0, ""overlap"": 42, ""passes_discovery_thresholds"": false, ""precision"": 0.6, ""purity"": 0.6, ""recall"": 0.084, ""target"": ""cluster_1"", ""target_label"": 1, ""target_noise_loss"": 0.916, ""target_size"": 500}]",,native_target_discovery_v1
synthetic__moons_noise95__quality__n20000__OPTICS__229__034ddf2273b5,ok,synthetic,moons_noise95__quality__n20000,OPTICS,229,0.2.4,20000,2,0.0594985000007,15.493744600000356,18.477079700000104,190.0234375,4.0,190.0859375,,,evaluation_state/synthetic__moons_noise95__quality__n20000__OPTICS__229__034ddf2273b5.npz,fe307368942bf7f880a694adfccb0199b43d56e7ae878f644c901f1e23a14762,4435,0.0,0.0,2,2,0.9951052631578948,known_synthetic_noise,0.4975526315789473,0.4859536844269669,1.0,0,0,0.1,0.9,full_partition,target-discovery-v1,0,0.05,0.0,0.0,1.0,0.0,0,pairwise_f1,hungarian,0.0,0,2,0.0,0.9719073688539338,0.9719073688539338,0.95,0.949766413824283,0.9951052631578948,0.0,0.0,0.0,0.99535,2,macro,0,0,0.0,0.0,0.0,0.0,2,2,0.0,0.0,2,2,0.0,0.0,0.0,0.0,0.0,"{""dimension"": 2, ""family"": ""moons"", ""n"": 20000}","{""geometry_profile"": ""low_dim"", ""knn_backend"": ""kd_tree"", ""max_eps"": 0.09433946758508682, ""max_eps_quantile"": 0.98, ""min_cluster_size"": 40, ""min_samples"": 5, ""xi"": 0.1}",{},"[{""coverage"": 0.0, ""f1"": 0.0, ""fragments"": 0, ""matched_predicted_cluster"": null, ""overlap"": 0, ""passes_discovery_thresholds"": false, ""precision"": 0.0, ""purity"": 0.0, ""recall"": 0.0, ""target"": ""cluster_0"", ""target_label"": 0, ""target_noise_loss"": 1.0, ""target_size"": 500}, {""coverage"": 0.0, ""f1"": 0.0, ""fragments"": 0, ""matched_predicted_cluster"": null, ""overlap"": 0, ""passes_discovery_thresholds"": false, ""precision"": 0.0, ""purity"": 0.0, ""recall"": 0.0, ""target"": ""cluster_1"", ""target_label"": 1, ""target_noise_loss"": 1.0, ""target_size"": 500}]",,native_target_discovery_v1
synthetic__moons_noise95__quality__n20000__OPTICS__233__6ca669f3c739,ok,synthetic,moons_noise95__quality__n20000,OPTICS,233,0.2.4,20000,2,0.0603953000008914,15.752052199999524,18.83657029999995,191.37890625,4.890625,191.55078125,,,evaluation_state/synthetic__moons_noise95__quality__n20000__OPTICS__233__6ca669f3c739.npz,f7775b6263a20d71e8891eff48630b094c948c4accab49e1d3b1e7aa5481fd80,4763,0.0,0.0,4,4,0.9897894736842106,known_synthetic_noise,0.4948947368421053,0.4846157810647838,2.0,0,0,0.1,0.9,full_partition,target-discovery-v1,0,0.05,0.0,0.0,1.0,0.0,0,pairwise_f1,hungarian,0.0,0,4,0.0,0.9692315621295676,0.9692315621295676,0.95,0.949510249419368,0.9897894736842106,0.0,0.0,0.0,0.9903,4,macro,0,0,0.0,0.0,0.0,0.0,4,2,0.0,0.0,2,4,0.0,0.0,0.0,0.0,0.0,"{""dimension"": 2, ""family"": ""moons"", ""n"": 20000}","{""geometry_profile"": ""low_dim"", ""knn_backend"": ""kd_tree"", ""max_eps"": 0.09400104731321335, ""max_eps_quantile"": 0.98, ""min_cluster_size"": 40, ""min_samples"": 5, ""xi"": 0.1}",{},"[{""coverage"": 0.0, ""f1"": 0.0, ""fragments"": 0, ""matched_predicted_cluster"": null, ""overlap"": 0, ""passes_discovery_thresholds"": false, ""precision"": 0.0, ""purity"": 0.0, ""recall"": 0.0, ""target"": ""cluster_0"", ""target_label"": 0, ""target_noise_loss"": 1.0, ""target_size"": 500}, {""coverage"": 0.0, ""f1"": 0.0, ""fragments"": 0, ""matched_predicted_cluster"": null, ""overlap"": 0, ""passes_discovery_thresholds"": false, ""precision"": 0.0, ""purity"": 0.0, ""recall"": 0.0, ""target"": ""cluster_1"", ""target_label"": 1, ""target_noise_loss"": 1.0, ""target_size"": 500}]",,native_target_discovery_v1
synthetic__moons_noise95__quality__n20000__SNN-DBSCAN__211__c53f9bb1e740,ok,synthetic,moons_noise95__quality__n20000,SNN-DBSCAN,211,0.2.4,20000,2,0.0594236000015371,0.2195312000003468,4.017152200000055,245.74609375,18.9375,240.94140625,,,evaluation_state/synthetic__moons_noise95__quality__n20000__SNN-DBSCAN__211__c53f9bb1e740.npz,9e3d90c86a76c70a9d36dd98d6326a71fa0123c1d1dc3b3d78efecd5012b1647,40709,0.2544012766875628,0.0526370173707118,516,480,0.091578947368421,known_synthetic_noise,0.5137894736842106,0.1323979203351784,266.5,53,0,0.1,0.9,full_partition,target-discovery-v1,10,0.05,0.186,0.2495120897197303,0.064,0.4023101834038733,2,pairwise_f1,hungarian,6.0,1,533,0.2002807385296435,0.1672755239377042,0.1672755239377042,0.95,0.9645232815964524,0.091578947368421,0.0459916014728864,0.0324134716080509,0.0791462925851703,0.0902,533,macro,0,0,0.936,0.0975203167326526,0.0514398768960211,0.936,516,2,0.0,0.0,2,531,0.0,0.186,0.0,0.2495120897197304,0.4023101834038733,"{""dimension"": 2, ""family"": ""moons"", ""n"": 20000}","{""eps"": 13, ""geometry_profile"": ""low_dim"", ""k"": 20, ""knn_backend"": ""kd_tree"", ""min_samples"": 5}",{},"[{""coverage"": 0.206, ""f1"": 0.30116959064327486, ""fragments"": 5, ""matched_predicted_cluster"": 105, ""overlap"": 103, ""passes_discovery_thresholds"": false, ""precision"": 0.5597826086956522, ""purity"": 0.5597826086956522, ""recall"": 0.206, ""target"": ""cluster_0"", ""target_label"": 0, ""target_noise_loss"": 0.056, ""target_size"": 500}, {""coverage"": 0.166, ""f1"": 0.19785458879618592, ""fragments"": 7, ""matched_predicted_cluster"": 39, ""overlap"": 83, ""passes_discovery_thresholds"": false, ""precision"": 0.2448377581120944, ""purity"": 0.2448377581120944, ""recall"": 0.166, ""target"": ""cluster_1"", ""target_label"": 1, ""target_noise_loss"": 0.072, ""target_size"": 500}]",,native_target_discovery_v1
synthetic__moons_noise95__quality__n20000__SNN-DBSCAN__223__33cc110ab8f9,ok,synthetic,moons_noise95__quality__n20000,SNN-DBSCAN,223,0.2.4,20000,2,0.0575496000001294,0.2202514999989944,3.973180900000443,253.40234375,26.8046875,250.3515625,,,evaluation_state/synthetic__moons_noise95__quality__n20000__SNN-DBSCAN__223__33cc110ab8f9.npz,ce7e7a81db82d997c982e47883fee6ad7b45163c2c96aa7645ab99c6553ec1c6,40380,0.3093199006118716,0.0813301717228572,484,454,0.0856842105263158,known_synthetic_noise,0.5168421052631579,0.1277917272366856,252.5,51,0,0.1,0.9,full_partition,target-discovery-v1,11,0.05,0.159,0.2456811155881818,0.052,0.5407334826427771,2,pairwise_f1,hungarian,6.5,0,505,0.1919078547940543,0.1574468085106383,0.1574468085106383,0.95,0.969047619047619,0.0856842105263158,0.04587612428732,0.0319530336873344,0.0813026052104208,0.084,505,macro,0,0,0.948,0.0981366459627329,0.0517467248908296,0.948,484,2,0.0,0.0,2,503,0.0,0.159,0.0,0.2456811155881818,0.5407334826427771,"{""dimension"": 2, ""family"": ""moons"", ""n"": 20000}","{""eps"": 13, ""geometry_profile"": ""low_dim"", ""k"": 20, ""knn_backend"": ""kd_tree"", ""min_samples"": 5}",{},"[{""coverage"": 0.18, ""f1"": 0.27607361963190186, ""fragments"": 6, ""matched_predicted_cluster"": 108, ""overlap"": 90, ""passes_discovery_thresholds"": false, ""precision"": 0.5921052631578947, ""purity"": 0.5921052631578947, ""recall"": 0.18, ""target"": ""cluster_0"", ""target_label"": 0, ""target_noise_loss"": 0.058, ""target_size"": 500}, {""coverage"": 0.138, ""f1"": 0.21528861154446177, ""fragments"": 7, ""matched_predicted_cluster"": 153, ""overlap"": 69, ""passes_discovery_thresholds"": false, ""precision"": 0.48936170212765956, ""purity"": 0.48936170212765956, ""recall"": 0.138, ""target"": ""cluster_1"", ""target_label"": 1, ""target_noise_loss"": 0.046, ""target_size"": 500}]",,native_target_discovery_v1
synthetic__moons_noise95__quality__n20000__SNN-DBSCAN__227__4e35c01b206c,ok,synthetic,moons_noise95__quality__n20000,SNN-DBSCAN,227,0.2.4,20000,2,0.0580345999987912,0.2239291000005323,4.030693900000188,253.41796875,26.765625,243.140625,,,evaluation_state/synthetic__moons_noise95__quality__n20000__SNN-DBSCAN__227__4e35c01b206c.npz,e5d8d5a8ad89bb35cd9c8f88811c6003ebb37a75564bf13b0ab43a384343653a,40270,0.2917357970301741,0.0620937113021847,469,432,0.0901578947368421,known_synthetic_noise,0.5135789473684211,0.1311920617774823,246.5,61,0,0.1,0.9,full_partition,target-discovery-v1,14,0.05,0.13,0.205363796295585,0.063,0.5237471565451162,2,pairwise_f1,hungarian,8.0,0,493,0.1829219950047368,0.1649018097805159,0.1649018097805159,0.95,0.964527027027027,0.0901578947368421,0.0349348817861768,0.0243028707030815,0.0621042084168336,0.0888,493,macro,0,0,0.937,0.0974823137744486,0.0514157155399473,0.937,469,2,0.0,0.0,2,491,0.0,0.13,0.0,0.205363796295585,0.5237471565451162,"{""dimension"": 2, ""family"": ""moons"", ""n"": 20000}","{""eps"": 13, ""geometry_profile"": ""low_dim"", ""k"": 20, ""knn_backend"": ""kd_tree"", ""min_samples"": 5}",{},"[{""coverage"": 0.162, ""f1"": 0.24434389140271495, ""fragments"": 8, ""matched_predicted_cluster"": 38, ""overlap"": 81, ""passes_discovery_thresholds"": false, ""precision"": 0.49693251533742333, ""purity"": 0.49693251533742333, ""recall"": 0.162, ""target"": ""cluster_0"", ""target_label"": 0, ""target_noise_loss"": 0.068, ""target_size"": 500}, {""coverage"": 0.098, ""f1"": 0.16638370118845502, ""fragments"": 8, ""matched_predicted_cluster"": 20, ""overlap"": 49, ""passes_discovery_thresholds"": false, ""precision"": 0.550561797752809, ""purity"": 0.550561797752809, ""recall"": 0.098, ""target"": ""cluster_1"", ""target_label"": 1, ""target_noise_loss"": 0.058, ""target_size"": 500}]",,native_target_discovery_v1
synthetic__moons_noise95__quality__n20000__SNN-DBSCAN__229__758452d72080,ok,synthetic,moons_noise95__quality__n20000,SNN-DBSCAN,229,0.2.4,20000,2,0.0627283000012539,0.2272626999983913,4.076652499999909,254.78125,28.0546875,242.7734375,,,evaluation_state/synthetic__moons_noise95__quality__n20000__SNN-DBSCAN__229__758452d72080.npz,df70c1ad460ad6c00870ae2e0a8b6b4ecb46e82d7091f23896b17bbf11295391,40172,0.2926976427335783,0.0589459988783408,458,428,0.0898947368421052,known_synthetic_noise,0.5199473684210526,0.1316526972508581,243.0,58,0,0.1,0.9,full_partition,target-discovery-v1,15,0.05,0.119,0.1908904692266768,0.05,0.4895936899317292,2,pairwise_f1,hungarian,8.5,0,486,0.17675176730803,0.1645630600250505,0.1645630600250505,0.95,0.9715585893060296,0.0898947368421052,0.0312900153616376,0.02130870194805,0.0588617234468937,0.0879,486,macro,0,0,0.95,0.0987423344766656,0.052077623067646,0.95,458,2,0.0,0.0,2,484,0.0,0.119,0.0,0.1908904692266768,0.4895936899317292,"{""dimension"": 2, ""family"": ""moons"", ""n"": 20000}","{""eps"": 13, ""geometry_profile"": ""low_dim"", ""k"": 20, ""knn_backend"": ""kd_tree"", ""min_samples"": 5}",{},"[{""coverage"": 0.118, ""f1"": 0.1840873634945398, ""fragments"": 7, ""matched_predicted_cluster"": 69, ""overlap"": 59, ""passes_discovery_thresholds"": false, ""precision"": 0.41843971631205673, ""purity"": 0.41843971631205673, ""recall"": 0.118, ""target"": ""cluster_0"", ""target_label"": 0, ""target_noise_loss"": 0.062, ""target_size"": 500}, {""coverage"": 0.12, ""f1"": 0.19769357495881382, ""fragments"": 10, ""matched_predicted_cluster"": 195, ""overlap"": 60, ""passes_discovery_thresholds"": false, ""precision"": 0.5607476635514018, ""purity"": 0.5607476635514018, ""recall"": 0.12, ""target"": ""cluster_1"", ""target_label"": 1, ""target_noise_loss"": 0.038, ""target_size"": 500}]",,native_target_discovery_v1
synthetic__moons_noise95__quality__n20000__SNN-DBSCAN__233__542a069a1998,ok,synthetic,moons_noise95__quality__n20000,SNN-DBSCAN,233,0.2.4,20000,2,0.0600092000004224,0.221998099999837,4.018304400000488,256.0234375,28.984375,250.78515625,,,evaluation_state/synthetic__moons_noise95__quality__n20000__SNN-DBSCAN__233__542a069a1998.npz,fac88356a3ed1f1bbb1ed751da1940ed9535d8aea93ecf75d8b814fa0b0f1dd4,40535,0.2855166738449741,0.0536988329978794,491,455,0.0948947368421052,known_synthetic_noise,0.5064473684210526,0.1343550130126671,256.5,58,0,0.1,0.9,full_partition,target-discovery-v1,15,0.05,0.103,0.1699544890132127,0.082,0.5009795278675678,2,pairwise_f1,hungarian,8.5,0,513,0.171296465640503,0.1726598036868566,0.1726598036868566,0.95,0.956498673740053,0.0948947368421052,0.0313405981124651,0.0221117996049169,0.0537915831663326,0.09425,513,macro,0,0,0.918,0.0960502223384776,0.0506762351642285,0.918,491,2,0.0,0.0,2,511,0.0,0.103,0.0,0.1699544890132127,0.5009795278675678,"{""dimension"": 2, ""family"": ""moons"", ""n"": 20000}","{""eps"": 13, ""geometry_profile"": ""low_dim"", ""k"": 20, ""knn_backend"": ""kd_tree"", ""min_samples"": 5}",{},"[{""coverage"": 0.122, ""f1"": 0.1958266452648475, ""fragments"": 7, ""matched_predicted_cluster"": 18, ""overlap"": 61, ""passes_discovery_thresholds"": false, ""precision"": 0.4959349593495935, ""purity"": 0.4959349593495935, ""recall"": 0.122, ""target"": ""cluster_0"", ""target_label"": 0, ""target_noise_loss"": 0.084, ""target_size"": 500}, {""coverage"": 0.084, ""f1"": 0.14408233276157806, ""fragments"": 10, ""matched_predicted_cluster"": 65, ""overlap"": 42, ""passes_discovery_thresholds"": false, ""precision"": 0.5060240963855421, ""purity"": 0.5060240963855421, ""recall"": 0.084, ""target"": ""cluster_1"", ""target_label"": 1, ""target_noise_loss"": 0.08, ""target_size"": 500}]",,native_target_discovery_v1
synthetic__moons_noise95__quality__n20000__StrataSCAN__211__7720b02770df,ok,synthetic,moons_noise95__quality__n20000,StrataSCAN,211,0.2.4,20000,2,0.0589042000010522,0.7564998999987438,3.974118300000555,232.9140625,46.875,232.75,,,evaluation_state/synthetic__moons_noise95__quality__n20000__StrataSCAN__211__7720b02770df.npz,4582ac697b631c86ee86a7a4fab6dc1dbd288052092b8fd6661a8dc3771b1c8e,7585,0.8270417571506586,0.8816163645074605,5,5,0.9597368421052632,known_synthetic_noise,0.9493684210526316,0.8361897400358939,3.5,2,0,0.1,0.9,full_partition,target-discovery-v1,0,0.05,0.939,0.7083358934971838,0.061,0.5688293970954965,2,pairwise_f1,hungarian,1.0,0,7,0.821554853492669,0.9778528528528528,0.9778528528528528,0.95,0.9966659379099256,0.9597368421052632,0.4721223861215597,0.3223822190955657,0.8816152304609218,0.9148,7,macro,0,0,0.939,0.6945266272189349,0.551056338028169,0.939,5,2,0.0,0.0,2,5,0.0,0.939,0.0,0.7083358934971838,0.5688293970954965,"{""dimension"": 2, ""family"": ""moons"", ""n"": 20000}","{""ambiguous_model_confirmation_tolerance"": 1e-05, ""assignment"": ""maximum_posterior_basis_then_semantic_role"", ""background_model"": ""adaptive_gamma_basis_mixture_with_largest_rate_gap"", ""background_scan"": ""adaptive_dyadic_rank_windows_with_poisson_beta_boundary_code"", ""border_rule"": ""strict_local_core_radius"", ""component_initialization"": ""compiled_split_warm_single_start_with_guarded_confirmation"", ""component_selection"": ""semantic_icl_with_adaptive_bound"", ""connectivity"": ""density_ordered_non_merging_knn_watershed"", ""core_thresholds"": ""observed_d4_event_sweep"", ""duplicate_profile_confirmation_minimum"": 3, ""duplicate_profile_confirmation_tolerance"": 1e-08, ""extraction_objective"": ""gamma_topology_description_length"", ""fit_samples"": ""all_rows"", ""gamma_tolerance"": 0.0001, ""geometry_profile"": ""low_dim"", ""hard_component_bound"": 24, ""initial_component_bound"": 8, ""k"": 32, ""knn_backend"": ""kd_tree"", ""shell_ranks"": [4, 8, 16, 32], ""stratification_model"": ""adaptive_gamma_density_basis_with_semantic_background"", ""version"": ""0.2.3""}","{""algorithm"": ""OptimizationStrataSCAN"", ""algorithm_version"": ""0.2.3"", ""graph_seconds"": 0.18523420000019541, ""mdl_gamma_adaptive_search"": true, ""mdl_gamma_assignment"": ""maximum_posterior_basis_then_semantic_role"", ""mdl_gamma_background_basis_components"": [1, 2, 3], ""mdl_gamma_background_boundary"": ""largest_rate_gap"", ""mdl_gamma_background_components"": 3, ""mdl_gamma_background_distribution"": ""gamma_components"", ""mdl_gamma_background_fraction"": 0.92675, ""mdl_gamma_background_group"": 1, ""mdl_gamma_candidate_components"": [1, 2, 3, 4, 5, 6, 7, 8], ""mdl_gamma_candidate_converged"": [true, true, true, true, true, true, true, true], ""mdl_gamma_candidate_entropies"": [-0.0, 338.3140018888231, 320.56515827634945, 322.65868765703715, 320.6291103349586, 326.2628112109205, 326.2245012635809, 322.4827810977919], ""mdl_gamma_candidate_iterations"": [2, 16, 47, 8, 6, 6, 5, 5], ""mdl_gamma_candidate_log_likelihoods"": [-99226.93755651766, -90300.51189393766, -88909.74483314197, -88851.28383358952, -88850.47300759163, -88853.6443947093, -88855.24493687681, -88847.86181711729], ""mdl_gamma_candidate_role_gains_nats"": [[0.0], [0.0, 0.0], [0.0, 0.0, 0.0], [0.0, 0.0, 0.0, 0.0], [0.0, 0.0, 0.0, 0.0, 0.0], [0.0, 0.0, 0.0, 0.0, 0.0, 0.0], [0.0, 0.0, 0.0, 0.0, 0.0, 0.0, 0.0], [0.0, 0.0, 0.0, 0.0, 0.0, 0.0, 0.0, 0.0]], ""mdl_gamma_candidate_role_threshold_sizes"": [[0], [0, 0], [0, 0, 0], [0, 0, 0, 0], [0, 0, 0, 0, 0], [0, 0, 0, 0, 0, 0], [0, 0, 0, 0, 0, 0, 0], [0, 0, 0, 0, 0, 0, 0, 0]], ""mdl_gamma_candidate_scores"": [198473.6820881404, 181327.16922941562, 178539.84788325694, 178456.82340557102, 178480.85306158868, 178528.17370023357, 178561.00862733152, 178568.46941013847], ""mdl_gamma_candidate_signal_components"": [[], [0], [0], [0], [0], [0], [0], [0]], ""mdl_gamma_criterion"": ""icl"", ""mdl_gamma_entropy_scope"": ""semantic"", ""mdl_gamma_fit_samples"": 20000, ""mdl_gamma_grouping"": ""largest_rate_gap"", ""mdl_gamma_guarded_confirmation"": true, ""mdl_gamma_log_rate_gaps"": [], ""mdl_gamma_mean_background_probability"": 0.9270238424322688, ""mdl_gamma_mean_posterior_entropy"": 0.016132934382851856, ""mdl_gamma_mu"": [2.2342429667880808, 1.2644621116603663, 1.2810453320666788, 1.0315492552524415], ""mdl_gamma_n_init"": 1, ""mdl_gamma_ranks"": [4, 8, 16, 32], ""mdl_gamma_rates"": [[8.884208834490435, 8.664997506955247, 8.45119505791616, 8.242668027269104], [3.642126279361166, 3.6936695608838437, 3.745942281658856, 3.79895476469256], [3.45110260644254, 3.3787911515286937, 3.307994849048158, 3.2386819517916017], [2.425001672866202, 2.254602525360606, 2.096176924016038, 1.9488835159867308]], ""mdl_gamma_role_evidence_neighbour_ranks"": [], ""mdl_gamma_search_caps"": [8], ""mdl_gamma_search_hard_max"": 24, ""mdl_gamma_search_hit_hard_max"": false, ""mdl_gamma_search_initial_max"": 8, ""mdl_gamma_selected_components"": 4, ""mdl_gamma_signal_basis_components"": [0], ""mdl_gamma_signal_components"": 1, ""mdl_gamma_slopes"": [-0.036043971341624896, 0.020273863122615005, -0.03055018991698223, -0.10511262622736596], ""mdl_gamma_split_warm_start"": true, ""mdl_gamma_tolerance"": 0.0001, ""mdl_gamma_weights"": [0.07272396197070166, 0.41306378388690507, 0.4809967666476854, 0.033215487494711926], ""optimization_background_events"": [{""boundary_gain_nats"": 15.760983727970494, ""component_size"": 4, ""description_gain_nats"": 1.376139863762397, ""graph_code_nats"": 16.471205848732506, ""width"": 32, ""window_count"": 580, ""window_gain_nats"": 2.7795091650843546, ""window_pvalue"": 0.005172413793103448}, {""boundary_gain_nats"": 23.564341275495785, ""component_size"": 8, ""description_gain_nats"": 3.3468537255771693, ""graph_code_nats"": 22.016167461991245, ""width"": 128, ""window_count"": 145, ""window_gain_nats"": 2.491827092632574, ""window_pvalue"": 0.006896551724137931}, {""boundary_gain_nats"": 16.779186822144737, ""component_size"": 5, ""description_gain_nats"": 1.4141613383870215, ""graph_code_nats"": 17.85685257639029, ""width"": 64, ""window_count"": 290, ""window_gain_nats"": 3.1849742731925192, ""window_pvalue"": 0.0034482758620689655}], ""optimization_background_intrinsic_dimension"": 2.011963741507251, ""optimization_border_fraction"": 0.01245, ""optimization_border_model"": ""strict_local_core_radius"", ""optimization_border_seconds"": 0.0025961999999708496, ""optimization_boundary_component_gains_nats"": [[0.0, 0.0, 0.0, 0.0, 0.0, 0.0, 0.0, 0.0, 0.0, 0.0, 0.0, 0.0, 0.0, 0.0, 0.0, 0.0, 0.0, 0.0, 0.0, 0.0], [15.760983727970494, 23.564341275495785, 16.779186822144737]], ""optimization_candidate_groups"": [0, 1], ""optimization_clusters"": 7, ""optimization_connectivity_rank"": 4, ""optimization_core_fraction"": 0.07275, ""optimization_core_rank"": 4, ""optimization_description_gain_nats"": 25405.117821744323, ""optimization_group_gains_nats"": [21240.800417082843, 6.137154927726588], ""optimization_group_sizes"": [1465, 18535], ""optimization_noise_fraction"": 0.9148, ""optimization_objective"": ""gamma_topology_component_and_attachment_description_gain"", ""optimization_objective_trace"": [0.0, -25405.117821744323], ""optimization_ordering_modes"": [""d4"", ""adaptive_d4_rank_windows_with_beta_boundary_code""], ""optimization_seconds"": 0.09271819999958097, ""optimization_selected_component_gains_nats"": [13063.114341597973, 11943.07247854122, 98.7383051149134, 7.21638265323762, 115.3749312703439, 1.376139863762397, 3.3468537255771693, 1.4141613383870215], ""optimization_selected_groups"": [0, 1], ""optimization_selected_local_components"": [5, 3], ""optimization_solver"": ""exact_stratum_event_sweep"", ""optimization_sparse_memory"": true, ""optimization_threshold_seconds"": 0.09041649999926449, ""optimization_threshold_sizes"": [1464, 17], ""optimization_thresholds"": [0.07498794049024582, 0.026066740974783897], ""optimization_topology_evidence_ranks"": [5, 8], ""optimization_unified_background_scan"": true, ""stratification"": ""adaptive-semantic-information-criterion-gamma-v2""}","[{""coverage"": 0.942, ""f1"": 0.6977777777777778, ""fragments"": 1, ""matched_predicted_cluster"": 0, ""overlap"": 471, ""passes_discovery_thresholds"": false, ""precision"": 0.5541176470588235, ""purity"": 0.5541176470588235, ""recall"": 0.942, ""target"": ""cluster_0"", ""target_label"": 0, ""target_noise_loss"": 0.058, ""target_size"": 500}, {""coverage"": 0.936, ""f1"": 0.7188940092165899, ""fragments"": 1, ""matched_predicted_cluster"": 1, ""overlap"": 468, ""passes_discovery_thresholds"": false, ""precision"": 0.5835411471321695, ""purity"": 0.5835411471321695, ""recall"": 0.936, ""target"": ""cluster_1"", ""target_label"": 1, ""target_noise_loss"": 0.064, ""target_size"": 500}]",,native_target_discovery_v1
synthetic__moons_noise95__quality__n20000__StrataSCAN__223__7bae8fcdcff0,ok,synthetic,moons_noise95__quality__n20000,StrataSCAN,223,0.2.4,20000,2,0.0585960000007617,0.7134721999991598,3.891230999999607,232.69921875,46.21484375,232.54296875,,,evaluation_state/synthetic__moons_noise95__quality__n20000__StrataSCAN__223__7bae8fcdcff0.npz,03e1d511bc75128a5b7ec7bd1b68ff72f3666a7191d8f1f01e4ae5d97e105e3f,7403,0.6486246194782417,0.6191761644094728,1,1,0.9657894736842104,known_synthetic_noise,0.9368947368421052,0.8450561575372098,2.0,3,0,0.1,0.9,full_partition,target-discovery-v1,1,0.05,0.718,0.631608383854525,0.092,0.5821318142098542,2,pairwise_f1,hungarian,1.5,0,4,0.7682032900062923,0.9801826825490092,0.9801826825490092,0.95,0.995011387051296,0.9657894736842104,0.4360072066373356,0.3365726692476719,0.6188296593186373,0.9221,4,macro,0,0,0.908,0.7099296325254104,0.582798459563543,0.908,1,2,0.0,0.0,2,2,0.0,0.718,0.0,0.6316083838545251,0.5821318142098542,"{""dimension"": 2, ""family"": ""moons"", ""n"": 20000}","{""ambiguous_model_confirmation_tolerance"": 1e-05, ""assignment"": ""maximum_posterior_basis_then_semantic_role"", ""background_model"": ""adaptive_gamma_basis_mixture_with_largest_rate_gap"", ""background_scan"": ""adaptive_dyadic_rank_windows_with_poisson_beta_boundary_code"", ""border_rule"": ""strict_local_core_radius"", ""component_initialization"": ""compiled_split_warm_single_start_with_guarded_confirmation"", ""component_selection"": ""semantic_icl_with_adaptive_bound"", ""connectivity"": ""density_ordered_non_merging_knn_watershed"", ""core_thresholds"": ""observed_d4_event_sweep"", ""duplicate_profile_confirmation_minimum"": 3, ""duplicate_profile_confirmation_tolerance"": 1e-08, ""extraction_objective"": ""gamma_topology_description_length"", ""fit_samples"": ""all_rows"", ""gamma_tolerance"": 0.0001, ""geometry_profile"": ""low_dim"", ""hard_component_bound"": 24, ""initial_component_bound"": 8, ""k"": 32, ""knn_backend"": ""kd_tree"", ""shell_ranks"": [4, 8, 16, 32], ""stratification_model"": ""adaptive_gamma_density_basis_with_semantic_background"", ""version"": ""0.2.3""}","{""algorithm"": ""OptimizationStrataSCAN"", ""algorithm_version"": ""0.2.3"", ""graph_seconds"": 0.18499709999923653, ""mdl_gamma_adaptive_search"": true, ""mdl_gamma_assignment"": ""maximum_posterior_basis_then_semantic_role"", ""mdl_gamma_background_basis_components"": [1, 2, 3], ""mdl_gamma_background_boundary"": ""largest_rate_gap"", ""mdl_gamma_background_components"": 3, ""mdl_gamma_background_distribution"": ""gamma_components"", ""mdl_gamma_background_fraction"": 0.93365, ""mdl_gamma_background_group"": 1, ""mdl_gamma_candidate_components"": [1, 2, 3, 4, 5, 6, 7, 8], ""mdl_gamma_candidate_converged"": [true, true, true, true, true, true, true, true], ""mdl_gamma_candidate_entropies"": [-0.0, 320.12809249163683, 280.3052736437852, 272.3283588201555, 272.17668671143133, 276.71581463069066, 274.21557156175174, 272.65652784161705], ""mdl_gamma_candidate_iterations"": [2, 18, 36, 6, 5, 5, 5, 4], ""mdl_gamma_candidate_log_likelihoods"": [-101994.13016916458, -92545.8786439451, -90251.76627008182, -90113.42169511362, -90122.85823197094, -90104.92447224216, -90107.22624304274, -90104.85839586244], ""mdl_gamma_candidate_role_gains_nats"": [[0.0], [0.0, 0.0], [0.0, 0.0, 0.0], [0.0, 0.0, 0.0, 0.0], [0.0, 0.0, 0.0, 0.0, 0.0], [0.0, 0.0, 0.0, 0.0, 0.0, 0.0], [0.0, 0.0, 0.0, 0.0, 0.0, 0.0, 0.0], [0.0, 0.0, 0.0, 0.0, 0.0, 0.0, 0.0, 0.0]], ""mdl_gamma_candidate_role_threshold_sizes"": [[0], [0, 0], [0, 0, 0], [0, 0, 0, 0], [0, 0, 0, 0, 0], [0, 0, 0, 0, 0, 0], [0, 0, 0, 0, 0, 0, 0], [0, 0, 0, 0, 0, 0, 0, 0]], ""mdl_gamma_candidate_scores"": [204008.06731343424, 185781.53091063615, 181143.3709878715, 180880.43847094546, 180928.71866310024, 180931.6398621388, 180960.9533802597, 180982.81006111644], ""mdl_gamma_candidate_signal_components"": [[], [0], [0], [0], [0], [0], [0], [0]], ""mdl_gamma_criterion"": ""icl"", ""mdl_gamma_entropy_scope"": ""semantic"", ""mdl_gamma_fit_samples"": 20000, ""mdl_gamma_grouping"": ""largest_rate_gap"", ""mdl_gamma_guarded_confirmation"": true, ""mdl_gamma_log_rate_gaps"": [], ""mdl_gamma_mean_background_probability"": 0.9335629446100465, ""mdl_gamma_mean_posterior_entropy"": 0.013616417941007774, ""mdl_gamma_mu"": [2.2748532955334273, 1.3288880401699643, 1.2031541046986582, 1.10808123669152], ""mdl_gamma_n_init"": 1, ""mdl_gamma_ranks"": [4, 8, 16, 32], ""mdl_gamma_rates"": [[9.297731015282091, 9.090491185555837, 8.88787058464513, 8.689766253215945], [3.816091275432998, 3.835868932071675, 3.855749090373412, 3.875732281573588], [3.2818129150436985, 3.2576853543881445, 3.2337351771478717, 3.2099610792177358], [2.456775659478444, 2.2127455077182785, 1.9929547344045482, 1.7949956556374094]], ""mdl_gamma_role_evidence_neighbour_ranks"": [], ""mdl_gamma_search_caps"": [8], ""mdl_gamma_search_hard_max"": 24, ""mdl_gamma_search_hit_hard_max"": false, ""mdl_gamma_search_initial_max"": 8, ""mdl_gamma_selected_components"": 4, ""mdl_gamma_signal_basis_components"": [0], ""mdl_gamma_signal_components"": 1, ""mdl_gamma_slopes"": [-0.032520439566946995, 0.0074577467517736315, -0.010645731099915378, -0.15092859054533225], ""mdl_gamma_split_warm_start"": true, ""mdl_gamma_tolerance"": 0.0001, ""mdl_gamma_weights"": [0.06613344648476716, 0.4148017348513782, 0.4842798748973105, 0.03478494376654558], ""optimization_background_events"": [{""boundary_gain_nats"": 13.2887472141431, ""component_size"": 3, ""description_gain_nats"": 2.7739171169592822, ""graph_code_nats"": 15.092329281246862, ""width"": 4, ""window_count"": 4669, ""window_gain_nats"": 5.270646364622991, ""window_pvalue"": 0.00042835724994645533}, {""boundary_gain_nats"": 16.59802755173231, ""component_size"": 4, ""description_gain_nats"": 4.696849564547428, ""graph_code_nats"": 16.47846296968344, ""width"": 8, ""window_count"": 2334, ""window_gain_nats"": 5.270432163058501, ""window_pvalue"": 0.0004284490145672665}], ""optimization_background_intrinsic_dimension"": 2.0140977792487527, ""optimization_border_fraction"": 0.01185, ""optimization_border_model"": ""strict_local_core_radius"", ""optimization_border_seconds"": 0.0025318999996670755, ""optimization_boundary_component_gains_nats"": [[0.0, 0.0, 0.0, 0.0, 0.0, 0.0, 0.0, 0.0, 0.0, 0.0, 0.0, 0.0, 0.0], [13.2887472141431, 16.59802755173231]], ""optimization_candidate_groups"": [0, 1], ""optimization_clusters"": 4, ""optimization_connectivity_rank"": 4, ""optimization_core_fraction"": 0.06605, ""optimization_core_rank"": 4, ""optimization_description_gain_nats"": 26130.45542092896, ""optimization_group_gains_nats"": [20342.908457784295, 7.47076668150671], ""optimization_group_sizes"": [1327, 18673], ""optimization_noise_fraction"": 0.9221, ""optimization_objective"": ""gamma_topology_component_and_attachment_description_gain"", ""optimization_objective_trace"": [0.0, -26130.45542092896], ""optimization_ordering_modes"": [""d4"", ""adaptive_d4_rank_windows_with_beta_boundary_code""], ""optimization_seconds"": 0.08349589999852469, ""optimization_selected_component_gains_nats"": [5451.387186227188, 4721.103835234255, 12057.528603990006, 3705.2787750807956, 41.65664314857525, 2.7739171169592822, 4.696849564547428], ""optimization_selected_groups"": [0, 1], ""optimization_selected_local_components"": [5, 2], ""optimization_solver"": ""exact_stratum_event_sweep"", ""optimization_sparse_memory"": true, ""optimization_threshold_seconds"": 0.08116150000023481, ""optimization_threshold_sizes"": [1327, 7], ""optimization_thresholds"": [0.06541179120540619, 0.01973603293299675], ""optimization_topology_evidence_ranks"": [5, 8], ""optimization_unified_background_scan"": true, ""stratification"": ""adaptive-semantic-information-criterion-gamma-v2""}","[{""coverage"": 0.896, ""f1"": 0.6983632112236945, ""fragments"": 1, ""matched_predicted_cluster"": 2, ""overlap"": 448, ""passes_discovery_thresholds"": false, ""precision"": 0.5721583652618135, ""purity"": 0.5721583652618135, ""recall"": 0.896, ""target"": ""cluster_0"", ""target_label"": 0, ""target_noise_loss"": 0.104, ""target_size"": 500}, {""coverage"": 0.54, ""f1"": 0.5648535564853556, ""fragments"": 2, ""matched_predicted_cluster"": 1, ""overlap"": 270, ""passes_discovery_thresholds"": false, ""precision"": 0.5921052631578947, ""purity"": 0.5921052631578947, ""recall"": 0.54, ""target"": ""cluster_1"", ""target_label"": 1, ""target_noise_loss"": 0.08, ""target_size"": 500}]",,native_target_discovery_v1
synthetic__moons_noise95__quality__n20000__StrataSCAN__227__2ccf5f223ff0,ok,synthetic,moons_noise95__quality__n20000,StrataSCAN,227,0.2.4,20000,2,0.0580408999994688,0.7157771000001958,3.923351300001741,234.6953125,48.31640625,234.5,,,evaluation_state/synthetic__moons_noise95__quality__n20000__StrataSCAN__227__2ccf5f223ff0.npz,83bd81b95fef73cde70416d8b9b8b5ee604a99728c4f7ec4b3cc17fc67ba9b61,7390,0.797328490295758,0.8517634032030833,2,2,0.9632631578947368,known_synthetic_noise,0.9431315789473684,0.8417888822883663,2.0,2,0,0.1,0.9,full_partition,target-discovery-v1,0,0.05,0.923,0.7075565610859729,0.077,0.5736627008652657,2,pairwise_f1,hungarian,1.0,0,4,0.8215282719725402,0.9792664330238904,0.9792664330238904,0.95,0.9958104358234942,0.9632631578947368,0.4743952337477091,0.3287427335699016,0.8517875751503006,0.91895,4,macro,0,0,0.923,0.7043113315528424,0.5694016039481802,0.923,2,2,0.0,0.0,2,2,0.0,0.923,0.0,0.7075565610859729,0.5736627008652658,"{""dimension"": 2, ""family"": ""moons"", ""n"": 20000}","{""ambiguous_model_confirmation_tolerance"": 1e-05, ""assignment"": ""maximum_posterior_basis_then_semantic_role"", ""background_model"": ""adaptive_gamma_basis_mixture_with_largest_rate_gap"", ""background_scan"": ""adaptive_dyadic_rank_windows_with_poisson_beta_boundary_code"", ""border_rule"": ""strict_local_core_radius"", ""component_initialization"": ""compiled_split_warm_single_start_with_guarded_confirmation"", ""component_selection"": ""semantic_icl_with_adaptive_bound"", ""connectivity"": ""density_ordered_non_merging_knn_watershed"", ""core_thresholds"": ""observed_d4_event_sweep"", ""duplicate_profile_confirmation_minimum"": 3, ""duplicate_profile_confirmation_tolerance"": 1e-08, ""extraction_objective"": ""gamma_topology_description_length"", ""fit_samples"": ""all_rows"", ""gamma_tolerance"": 0.0001, ""geometry_profile"": ""low_dim"", ""hard_component_bound"": 24, ""initial_component_bound"": 8, ""k"": 32, ""knn_backend"": ""kd_tree"", ""shell_ranks"": [4, 8, 16, 32], ""stratification_model"": ""adaptive_gamma_density_basis_with_semantic_background"", ""version"": ""0.2.3""}","{""algorithm"": ""OptimizationStrataSCAN"", ""algorithm_version"": ""0.2.3"", ""graph_seconds"": 0.1865032000005158, ""mdl_gamma_adaptive_search"": true, ""mdl_gamma_assignment"": ""maximum_posterior_basis_then_semantic_role"", ""mdl_gamma_background_basis_components"": [1, 2, 3], ""mdl_gamma_background_boundary"": ""largest_rate_gap"", ""mdl_gamma_background_components"": 3, ""mdl_gamma_background_distribution"": ""gamma_components"", ""mdl_gamma_background_fraction"": 0.9289, ""mdl_gamma_background_group"": 1, ""mdl_gamma_candidate_components"": [1, 2, 3, 4, 5, 6, 7, 8], ""mdl_gamma_candidate_converged"": [true, true, true, true, true, true, true, true], ""mdl_gamma_candidate_entropies"": [-0.0, 245.55194878771152, 233.8013235707971, 239.59639650901224, 235.83447956381707, 244.43258070445074, 243.75079507875586, 239.63509827625813], ""mdl_gamma_candidate_iterations"": [2, 17, 33, 7, 6, 6, 5, 5], ""mdl_gamma_candidate_log_likelihoods"": [-101583.93325549882, -91834.94791063717, -89403.87093423694, -89330.37468743841, -89325.74476821673, -89323.38543786228, -89327.89518137126, -89329.71707558232], ""mdl_gamma_candidate_role_gains_nats"": [[0.0], [0.0, 0.0], [0.0, 0.0, 0.0], [0.0, 0.0, 0.0, 0.0], [0.0, 0.0, 0.0, 0.0, 0.0], [0.0, 0.0, 0.0, 0.0, 0.0, 0.0], [0.0, 0.0, 0.0, 0.0, 0.0, 0.0, 0.0], [0.0, 0.0, 0.0, 0.0, 0.0, 0.0, 0.0, 0.0]], ""mdl_gamma_candidate_role_threshold_sizes"": [[0], [0, 0], [0, 0, 0], [0, 0, 0, 0], [0, 0, 0, 0, 0], [0, 0, 0, 0, 0, 0], [0, 0, 0, 0, 0, 0, 0], [0, 0, 0, 0, 0, 0, 0, 0]], ""mdl_gamma_candidate_scores"": [203187.67348610272, 184210.51715661245, 179354.57241603575, 179248.88053097273, 179261.80732129657, 179303.99532552657, 179341.36170395077, 179366.48456142546], ""mdl_gamma_candidate_signal_components"": [[], [0], [0], [0], [0], [0], [0], [0]], ""mdl_gamma_criterion"": ""icl"", ""mdl_gamma_entropy_scope"": ""semantic"", ""mdl_gamma_fit_samples"": 20000, ""mdl_gamma_grouping"": ""largest_rate_gap"", ""mdl_gamma_guarded_confirmation"": true, ""mdl_gamma_log_rate_gaps"": [], ""mdl_gamma_mean_background_probability"": 0.9295666271529565, ""mdl_gamma_mean_posterior_entropy"": 0.011979819825450612, ""mdl_gamma_mu"": [2.279390798870553, 1.2414184577829648, 1.291457723797441, 1.0021632547358799], ""mdl_gamma_n_init"": 1, ""mdl_gamma_ranks"": [4, 8, 16, 32], ""mdl_gamma_rates"": [[9.278376713121592, 9.041585200582757, 8.810836794736405, 8.585977270719892], [3.6112632189074967, 3.6890804299341293, 3.768574483097402, 3.849781511786243], [3.449860538939005, 3.3594317854357327, 3.2713733768689743, 3.185623181063948], [2.2557866058738862, 2.0527215170101116, 1.8679362735039957, 1.699785330332661]], ""mdl_gamma_role_evidence_neighbour_ranks"": [], ""mdl_gamma_search_caps"": [8], ""mdl_gamma_search_hard_max"": 24, ""mdl_gamma_search_hit_hard_max"": false, ""mdl_gamma_search_initial_max"": 8, ""mdl_gamma_selected_components"": 4, ""mdl_gamma_signal_basis_components"": [0], ""mdl_gamma_signal_components"": 1, ""mdl_gamma_slopes"": [-0.03729668963416699, 0.030757663512349792, -0.03832080585269747, -0.13609268021291304], ""mdl_gamma_split_warm_start"": true, ""mdl_gamma_tolerance"": 0.0001, ""mdl_gamma_weights"": [0.0702475289863257, 0.4246939586206181, 0.47724040796329625, 0.02781810442976311], ""optimization_background_events"": [{""boundary_gain_nats"": 12.955028303035153, ""component_size"": 3, ""description_gain_nats"": 0.4944503204270543, ""graph_code_nats"": 15.087228735975248, ""width"": 8, ""window_count"": 2323, ""window_gain_nats"": 3.3197979339270955, ""window_pvalue"": 0.003013344812742144}, {""boundary_gain_nats"": 19.332944807282598, ""component_size"": 6, ""description_gain_nats"": 1.8925472736695745, ""graph_code_nats"": 19.245950324973414, ""width"": 128, ""window_count"": 146, ""window_gain_nats"": 2.498699971920336, ""window_pvalue"": 0.00684931506849315}], ""optimization_background_intrinsic_dimension"": 2.0070547852570133, ""optimization_border_fraction"": 0.01015, ""optimization_border_model"": ""strict_local_core_radius"", ""optimization_border_seconds"": 0.002337799998713308, ""optimization_boundary_component_gains_nats"": [[0.0, 0.0, 0.0, 0.0, 0.0, 0.0, 0.0, 0.0, 0.0, 0.0], [12.955028303035153, 19.332944807282598]], ""optimization_candidate_groups"": [0, 1], ""optimization_clusters"": 4, ""optimization_connectivity_rank"": 4, ""optimization_core_fraction"": 0.0709, ""optimization_core_rank"": 4, ""optimization_description_gain_nats"": 26349.216213934516, ""optimization_group_gains_nats"": [22578.13028347274, 2.386997594096629], ""optimization_group_sizes"": [1422, 18578], ""optimization_noise_fraction"": 0.91895, ""optimization_objective"": ""gamma_topology_component_and_attachment_description_gain"", ""optimization_objective_trace"": [0.0, -26349.216213934516], ""optimization_ordering_modes"": [""d4"", ""adaptive_d4_rank_windows_with_beta_boundary_code""], ""optimization_seconds"": 0.08155580000129703, ""optimization_selected_component_gains_nats"": [13243.693160151372, 12971.010855592753, 0.4944503204270543, 1.8925472736695745], ""optimization_selected_groups"": [0, 1], ""optimization_selected_local_components"": [2, 2], ""optimization_solver"": ""exact_stratum_event_sweep"", ""optimization_sparse_memory"": true, ""optimization_threshold_seconds"": 0.07942210000146588, ""optimization_threshold_sizes"": [1421, 9], ""optimization_thresholds"": [0.06967458873987198, 0.025719908997416496], ""optimization_topology_evidence_ranks"": [5, 8], ""optimization_unified_background_scan"": true, ""stratification"": ""adaptive-semantic-information-criterion-gamma-v2""}","[{""coverage"": 0.922, ""f1"": 0.7092307692307692, ""fragments"": 1, ""matched_predicted_cluster"": 0, ""overlap"": 461, ""passes_discovery_thresholds"": false, ""precision"": 0.57625, ""purity"": 0.57625, ""recall"": 0.922, ""target"": ""cluster_0"", ""target_label"": 0, ""target_noise_loss"": 0.078, ""target_size"": 500}, {""coverage"": 0.924, ""f1"": 0.7058823529411765, ""fragments"": 1, ""matched_predicted_cluster"": 1, ""overlap"": 462, ""passes_discovery_thresholds"": false, ""precision"": 0.5710754017305315, ""purity"": 0.5710754017305315, ""recall"": 0.924, ""target"": ""cluster_1"", ""target_label"": 1, ""target_noise_loss"": 0.076, ""target_size"": 500}]",,native_target_discovery_v1
synthetic__moons_noise95__quality__n20000__StrataSCAN__229__c0c5260c1571,ok,synthetic,moons_noise95__quality__n20000,StrataSCAN,229,0.2.4,20000,2,0.0630345999998098,0.7245113999997557,3.933997699999964,234.16796875,48.06640625,232.73828125,,,evaluation_state/synthetic__moons_noise95__quality__n20000__StrataSCAN__229__c0c5260c1571.npz,13b60a449b7a3219f6929cdff226b1a5022e8e74402c54d2e947002be3caa944,7458,0.7713477379051513,0.8228062615741745,4,4,0.9627368421052632,known_synthetic_noise,0.9348684210526316,0.8361322715345543,3.0,2,0,0.1,0.9,full_partition,target-discovery-v1,0,0.05,0.907,0.7014509138873186,0.093,0.5719049474713896,2,pairwise_f1,hungarian,1.0,0,6,0.8171565876008375,0.978574294503143,0.978574294503143,0.95,0.9949415284199076,0.9627368421052632,0.4676101391969434,0.326646729935813,0.8226012024048096,0.91925,6,macro,0,0,0.907,0.6936902485659656,0.561609907120743,0.907,4,2,0.0,0.0,2,4,0.0,0.907,0.0,0.7014509138873186,0.5719049474713896,"{""dimension"": 2, ""family"": ""moons"", ""n"": 20000}","{""ambiguous_model_confirmation_tolerance"": 1e-05, ""assignment"": ""maximum_posterior_basis_then_semantic_role"", ""background_model"": ""adaptive_gamma_basis_mixture_with_largest_rate_gap"", ""background_scan"": ""adaptive_dyadic_rank_windows_with_poisson_beta_boundary_code"", ""border_rule"": ""strict_local_core_radius"", ""component_initialization"": ""compiled_split_warm_single_start_with_guarded_confirmation"", ""component_selection"": ""semantic_icl_with_adaptive_bound"", ""connectivity"": ""density_ordered_non_merging_knn_watershed"", ""core_thresholds"": ""observed_d4_event_sweep"", ""duplicate_profile_confirmation_minimum"": 3, ""duplicate_profile_confirmation_tolerance"": 1e-08, ""extraction_objective"": ""gamma_topology_description_length"", ""fit_samples"": ""all_rows"", ""gamma_tolerance"": 0.0001, ""geometry_profile"": ""low_dim"", ""hard_component_bound"": 24, ""initial_component_bound"": 8, ""k"": 32, ""knn_backend"": ""kd_tree"", ""shell_ranks"": [4, 8, 16, 32], ""stratification_model"": ""adaptive_gamma_density_basis_with_semantic_background"", ""version"": ""0.2.3""}","{""algorithm"": ""OptimizationStrataSCAN"", ""algorithm_version"": ""0.2.3"", ""graph_seconds"": 0.1838195000000269, ""mdl_gamma_adaptive_search"": true, ""mdl_gamma_assignment"": ""maximum_posterior_basis_then_semantic_role"", ""mdl_gamma_background_basis_components"": [1, 2, 3], ""mdl_gamma_background_boundary"": ""largest_rate_gap"", ""mdl_gamma_background_components"": 3, ""mdl_gamma_background_distribution"": ""gamma_components"", ""mdl_gamma_background_fraction"": 0.93005, ""mdl_gamma_background_group"": 1, ""mdl_gamma_candidate_components"": [1, 2, 3, 4, 5, 6, 7, 8], ""mdl_gamma_candidate_converged"": [true, true, true, true, true, true, true, true], ""mdl_gamma_candidate_entropies"": [-0.0, 304.53177013267987, 282.24037227085904, 282.80857117127124, 280.040308771186, 290.03852643448784, 286.2955193273767, 282.89920913137314], ""mdl_gamma_candidate_iterations"": [2, 17, 37, 6, 5, 5, 5, 4], ""mdl_gamma_candidate_log_likelihoods"": [-101794.99527945132, -91755.1849408433, -89481.25357430737, -89358.04197491433, -89372.38857684031, -89344.24403246205, -89348.44087384276, -89355.98199122591], ""mdl_gamma_candidate_role_gains_nats"": [[0.0], [0.0, 0.0], [0.0, 0.0, 0.0], [0.0, 0.0, 0.0, 0.0], [0.0, 0.0, 0.0, 0.0, 0.0], [0.0, 0.0, 0.0, 0.0, 0.0, 0.0], [0.0, 0.0, 0.0, 0.0, 0.0, 0.0, 0.0], [0.0, 0.0, 0.0, 0.0, 0.0, 0.0, 0.0, 0.0]], ""mdl_gamma_candidate_role_threshold_sizes"": [[0], [0, 0], [0, 0, 0], [0, 0, 0, 0], [0, 0, 0, 0, 0], [0, 0, 0, 0, 0, 0], [0, 0, 0, 0, 0, 0, 0], [0, 0, 0, 0, 0, 0, 0, 0]], ""mdl_gamma_candidate_scores"": [203609.79753400772, 184168.95085971465, 179606.21579357673, 179390.63945524913, 179443.5065969585, 179436.9244061862, 179467.542537391, 179505.54261442288], ""mdl_gamma_candidate_signal_components"": [[], [0], [0], [0], [0], [0], [0], [0]], ""mdl_gamma_criterion"": ""icl"", ""mdl_gamma_entropy_scope"": ""semantic"", ""mdl_gamma_fit_samples"": 20000, ""mdl_gamma_grouping"": ""largest_rate_gap"", ""mdl_gamma_guarded_confirmation"": true, ""mdl_gamma_log_rate_gaps"": [], ""mdl_gamma_mean_background_probability"": 0.9302040754251711, ""mdl_gamma_mean_posterior_entropy"": 0.014140428558563562, ""mdl_gamma_mu"": [2.2691539839869375, 1.2795783980314557, 1.2581679171513294, 0.9807734291722028], ""mdl_gamma_n_init"": 1, ""mdl_gamma_ranks"": [4, 8, 16, 32], ""mdl_gamma_rates"": [[9.324580489179338, 9.155950292757634, 8.99036968587813, 8.827783518297439], [3.7277946192635945, 3.795954926929349, 3.8653615016284544, 3.9360371305455875], [3.392303700405062, 3.330691412372956, 3.2701981497500734, 3.210803588378578], [2.277475789264406, 2.104788243069263, 1.9451945742059762, 1.797701951243679]], ""mdl_gamma_role_evidence_neighbour_ranks"": [], ""mdl_gamma_search_caps"": [8], ""mdl_gamma_search_hard_max"": 24, ""mdl_gamma_search_hit_hard_max"": false, ""mdl_gamma_search_initial_max"": 8, ""mdl_gamma_selected_components"": 4, ""mdl_gamma_signal_basis_components"": [0], ""mdl_gamma_signal_components"": 1, ""mdl_gamma_slopes"": [-0.026329189707674394, 0.026140484222829326, -0.026443639922538932, -0.11376062249084806], ""mdl_gamma_split_warm_start"": true, ""mdl_gamma_tolerance"": 0.0001, ""mdl_gamma_weights"": [0.06946317592028857, 0.41474171068797694, 0.48494696005002597, 0.030848153341705643], ""optimization_background_events"": [{""boundary_gain_nats"": 27.599918431169314, ""component_size"": 4, ""description_gain_nats"": 15.699009579055353, ""graph_code_nats"": 16.474760354844623, ""width"": 8, ""window_count"": 2326, ""window_gain_nats"": 5.266998683290609, ""window_pvalue"": 0.0004299226139294927}, {""boundary_gain_nats"": 18.7357351740158, ""component_size"": 5, ""description_gain_nats"": 4.063312140761699, ""graph_code_nats"": 17.860839650637594, ""width"": 32, ""window_count"": 582, ""window_gain_nats"": 3.881563797943438, ""window_pvalue"": 0.001718213058419244}, {""boundary_gain_nats"": 26.869632229390223, ""component_size"": 5, ""description_gain_nats"": 12.195758401974988, ""graph_code_nats"": 17.860570753919202, ""width"": 32, ""window_count"": 581, ""window_gain_nats"": 3.8798441070639105, ""window_pvalue"": 0.0017211703958691911}], ""optimization_background_intrinsic_dimension"": 2.0151221153483965, ""optimization_border_fraction"": 0.01125, ""optimization_border_model"": ""strict_local_core_radius"", ""optimization_border_seconds"": 0.002370899999732501, ""optimization_boundary_component_gains_nats"": [[0.0, 0.0, 0.0, 0.0, 0.0, 0.0, 0.0, 0.0, 0.0, 0.0, 0.0, 0.0, 0.0, 0.0, 0.0, 0.0, 0.0], [27.599918431169314, 18.7357351740158, 26.869632229390223]], ""optimization_candidate_groups"": [0, 1], ""optimization_clusters"": 6, ""optimization_connectivity_rank"": 4, ""optimization_core_fraction"": 0.0695, ""optimization_core_rank"": 4, ""optimization_description_gain_nats"": 27212.100280263174, ""optimization_group_gains_nats"": [21510.379876606607, 31.95808012179204], ""optimization_group_sizes"": [1399, 18601], ""optimization_noise_fraction"": 0.91925, ""optimization_objective"": ""gamma_topology_component_and_attachment_description_gain"", ""optimization_objective_trace"": [0.0, -27212.100280263174], ""optimization_ordering_modes"": [""d4"", ""adaptive_d4_rank_windows_with_beta_boundary_code""], ""optimization_seconds"": 0.09251629999926081, ""optimization_selected_component_gains_nats"": [9476.35639145522, 12401.809913771282, 2379.892626017615, 2625.185446871535, 114.44259816809529, 34.54424329280498, 15.699009579055353, 4.063312140761699, 12.195758401974988], ""optimization_selected_groups"": [0, 1], ""optimization_selected_local_components"": [6, 3], ""optimization_solver"": ""exact_stratum_event_sweep"", ""optimization_sparse_memory"": true, ""optimization_threshold_seconds"": 0.09035039999980654, ""optimization_threshold_sizes"": [1398, 14], ""optimization_thresholds"": [0.06487079709768295, 0.02110970951616764], ""optimization_topology_evidence_ranks"": [5, 8], ""optimization_unified_background_scan"": true, ""stratification"": ""adaptive-semantic-information-criterion-gamma-v2""}","[{""coverage"": 0.918, ""f1"": 0.703448275862069, ""fragments"": 1, ""matched_predicted_cluster"": 1, ""overlap"": 459, ""passes_discovery_thresholds"": false, ""precision"": 0.5701863354037268, ""purity"": 0.5701863354037268, ""recall"": 0.918, ""target"": ""cluster_0"", ""target_label"": 0, ""target_noise_loss"": 0.082, ""target_size"": 500}, {""coverage"": 0.896, ""f1"": 0.6994535519125683, ""fragments"": 1, ""matched_predicted_cluster"": 0, ""overlap"": 448, ""passes_discovery_thresholds"": false, ""precision"": 0.5736235595390525, ""purity"": 0.5736235595390525, ""recall"": 0.896, ""target"": ""cluster_1"", ""target_label"": 1, ""target_noise_loss"": 0.104, ""target_size"": 500}]",,native_target_discovery_v1
synthetic__moons_noise95__quality__n20000__StrataSCAN__233__74bbababc720,ok,synthetic,moons_noise95__quality__n20000,StrataSCAN,233,0.2.4,20000,2,0.0690525999998499,0.7701597999985097,4.115089299999454,234.0703125,47.6796875,232.26953125,,,evaluation_state/synthetic__moons_noise95__quality__n20000__StrataSCAN__233__74bbababc720.npz,91e50b7d0ff5328273f0edd47027fcaf7893c39cde96be09bfe9631adec44cf0,7404,0.756678141062703,0.8062845924608385,5,5,0.9650526315789474,known_synthetic_noise,0.9315263157894738,0.8402771687389139,3.5,2,0,0.1,0.9,full_partition,target-discovery-v1,0,0.05,0.898,0.7149714688279444,0.102,0.5945814937115999,2,pairwise_f1,hungarian,1.0,0,7,0.8266016680646433,0.9795395053154548,0.9795395053154548,0.95,0.9944679466319556,0.9650526315789474,0.4884830897931679,0.3503845048465899,0.8062565130260521,0.9219,7,macro,0,0,0.898,0.701014832162373,0.5749039692701664,0.898,5,2,0.0,0.0,2,5,0.0,0.898,0.0,0.7149714688279444,0.5945814937115997,"{""dimension"": 2, ""family"": ""moons"", ""n"": 20000}","{""ambiguous_model_confirmation_tolerance"": 1e-05, ""assignment"": ""maximum_posterior_basis_then_semantic_role"", ""background_model"": ""adaptive_gamma_basis_mixture_with_largest_rate_gap"", ""background_scan"": ""adaptive_dyadic_rank_windows_with_poisson_beta_boundary_code"", ""border_rule"": ""strict_local_core_radius"", ""component_initialization"": ""compiled_split_warm_single_start_with_guarded_confirmation"", ""component_selection"": ""semantic_icl_with_adaptive_bound"", ""connectivity"": ""density_ordered_non_merging_knn_watershed"", ""core_thresholds"": ""observed_d4_event_sweep"", ""duplicate_profile_confirmation_minimum"": 3, ""duplicate_profile_confirmation_tolerance"": 1e-08, ""extraction_objective"": ""gamma_topology_description_length"", ""fit_samples"": ""all_rows"", ""gamma_tolerance"": 0.0001, ""geometry_profile"": ""low_dim"", ""hard_component_bound"": 24, ""initial_component_bound"": 8, ""k"": 32, ""knn_backend"": ""kd_tree"", ""shell_ranks"": [4, 8, 16, 32], ""stratification_model"": ""adaptive_gamma_density_basis_with_semantic_background"", ""version"": ""0.2.3""}","{""algorithm"": ""OptimizationStrataSCAN"", ""algorithm_version"": ""0.2.3"", ""graph_seconds"": 0.20109989999946265, ""mdl_gamma_adaptive_search"": true, ""mdl_gamma_assignment"": ""maximum_posterior_basis_then_semantic_role"", ""mdl_gamma_background_basis_components"": [1, 2, 3], ""mdl_gamma_background_boundary"": ""largest_rate_gap"", ""mdl_gamma_background_components"": 3, ""mdl_gamma_background_distribution"": ""gamma_components"", ""mdl_gamma_background_fraction"": 0.934, ""mdl_gamma_background_group"": 1, ""mdl_gamma_candidate_components"": [1, 2, 3, 4, 5, 6, 7, 8], ""mdl_gamma_candidate_converged"": [true, true, true, true, true, true, true, true], ""mdl_gamma_candidate_entropies"": [-0.0, 350.9331238630299, 306.1264974745062, 298.3199260770078, 298.18576368069444, 302.6419554813174, 300.3666724914807, 298.370862701546], ""mdl_gamma_candidate_iterations"": [2, 19, 36, 6, 5, 6, 5, 4], ""mdl_gamma_candidate_log_likelihoods"": [-99698.26665935041, -91181.95704345136, -89036.38278666169, -88957.44785726511, -88975.40806939159, -88950.81427689464, -88953.71101631077, -88963.08813950096], ""mdl_gamma_candidate_role_gains_nats"": [[0.0], [0.0, 0.0], [0.0, 0.0, 0.0], [0.0, 0.0, 0.0, 0.0], [0.0, 0.0, 0.0, 0.0, 0.0], [0.0, 0.0, 0.0, 0.0, 0.0, 0.0], [0.0, 0.0, 0.0, 0.0, 0.0, 0.0, 0.0], [0.0, 0.0, 0.0, 0.0, 0.0, 0.0, 0.0, 0.0]], ""mdl_gamma_candidate_role_threshold_sizes"": [[0], [0, 0], [0, 0, 0], [0, 0, 0, 0], [0, 0, 0, 0, 0], [0, 0, 0, 0, 0, 0], [0, 0, 0, 0, 0, 0, 0], [0, 0, 0, 0, 0, 0, 0, 0]], ""mdl_gamma_candidate_scores"": [199416.3402938059, 183115.29777239144, 178764.24646869267, 178620.47392976214, 178685.83649188007, 178675.27175314503, 178706.22512865523, 178750.69821811334], ""mdl_gamma_candidate_signal_components"": [[], [0], [0], [0], [0], [0], [0], [0]], ""mdl_gamma_criterion"": ""icl"", ""mdl_gamma_entropy_scope"": ""semantic"", ""mdl_gamma_fit_samples"": 20000, ""mdl_gamma_grouping"": ""largest_rate_gap"", ""mdl_gamma_guarded_confirmation"": true, ""mdl_gamma_log_rate_gaps"": [], ""mdl_gamma_mean_background_probability"": 0.9342430241838534, ""mdl_gamma_mean_posterior_entropy"": 0.014915996303850388, ""mdl_gamma_mu"": [2.26899835034739, 1.366051712208261, 1.1937864687040296, 1.1284700928549949], ""mdl_gamma_n_init"": 1, ""mdl_gamma_ranks"": [4, 8, 16, 32], ""mdl_gamma_rates"": [[9.169806570384026, 8.929631362862473, 8.695746814785611, 8.46798816145247], [3.895830121067136, 3.883878687399329, 3.8719639177446536, 3.8600856996270756], [3.289284127634925, 3.284162562458887, 3.2790489717930553, 3.2739433432207568], [2.4954757585481304, 2.242259465180449, 2.0147370664567976, 1.8103013990971273]], ""mdl_gamma_role_evidence_neighbour_ranks"": [], ""mdl_gamma_search_caps"": [8], ""mdl_gamma_search_hard_max"": 24, ""mdl_gamma_search_hit_hard_max"": false, ""mdl_gamma_search_initial_max"": 8, ""mdl_gamma_selected_components"": 4, ""mdl_gamma_signal_basis_components"": [0], ""mdl_gamma_signal_components"": 1, ""mdl_gamma_slopes"": [-0.03829068308465963, -0.004432630596475948, -0.002248092522698355, -0.15436165870850718], ""mdl_gamma_split_warm_start"": true, ""mdl_gamma_tolerance"": 0.0001, ""mdl_gamma_weights"": [0.06539303587369016, 0.41791196422709326, 0.48331298420900887, 0.03338201569020803], ""optimization_background_events"": [{""boundary_gain_nats"": 21.916265139730108, ""component_size"": 5, ""description_gain_nats"": 7.242819486159991, ""graph_code_nats"": 17.865292806050398, ""width"": 32, ""window_count"": 584, ""window_gain_nats"": 3.884994333040227, ""window_pvalue"": 0.0017123287671232876}, {""boundary_gain_nats"": 22.548125403439933, ""component_size"": 5, ""description_gain_nats"": 6.083187982423578, ""graph_code_nats"": 17.865025104268582, ""width"": 64, ""window_count"": 292, ""window_gain_nats"": 2.0932348638121714, ""window_pvalue"": 0.010273972602739725}], ""optimization_background_intrinsic_dimension"": 2.0068715696612394, ""optimization_border_fraction"": 0.0127, ""optimization_border_model"": ""strict_local_core_radius"", ""optimization_border_seconds"": 0.0028495999995357124, ""optimization_boundary_component_gains_nats"": [[0.0, 0.0, 0.0, 0.0, 0.0, 0.0, 0.0, 0.0, 0.0, 0.0, 0.0, 0.0, 0.0, 0.0, 0.0, 0.0, 0.0, 0.0], [21.916265139730108, 22.548125403439933]], ""optimization_candidate_groups"": [0, 1], ""optimization_clusters"": 7, ""optimization_connectivity_rank"": 4, ""optimization_core_fraction"": 0.0654, ""optimization_core_rank"": 4, ""optimization_description_gain_nats"": 25025.325067082165, ""optimization_group_gains_nats"": [19545.88070987025, 13.326007468583569], ""optimization_group_sizes"": [1320, 18680], ""optimization_noise_fraction"": 0.9219, ""optimization_objective"": ""gamma_topology_component_and_attachment_description_gain"", ""optimization_objective_trace"": [0.0, -25025.325067082165], ""optimization_ordering_modes"": [""d4"", ""adaptive_d4_rank_windows_with_beta_boundary_code""], ""optimization_seconds"": 0.08876769999915268, ""optimization_selected_component_gains_nats"": [12079.131654470944, 7017.715605378238, 4608.570606466582, 4.269145212557371, 132.36775147518676, 997.4539964216941, 5.009603778585815, 7.242819486159991, 6.083187982423578], ""optimization_selected_groups"": [0, 1], ""optimization_selected_local_components"": [7, 2], ""optimization_solver"": ""exact_stratum_event_sweep"", ""optimization_sparse_memory"": true, ""optimization_threshold_seconds"": 0.08618860000024142, ""optimization_threshold_sizes"": [1318, 10], ""optimization_thresholds"": [0.07026617228984833, 0.02264082245528698], ""optimization_topology_evidence_ranks"": [5, 8], ""optimization_unified_background_scan"": true, ""stratification"": ""adaptive-semantic-information-criterion-gamma-v2""}","[{""coverage"": 0.904, ""f1"": 0.6969930609097919, ""fragments"": 1, ""matched_predicted_cluster"": 0, ""overlap"": 452, ""passes_discovery_thresholds"": false, ""precision"": 0.5671267252195734, ""purity"": 0.5671267252195734, ""recall"": 0.904, ""target"": ""cluster_0"", ""target_label"": 0, ""target_noise_loss"": 0.096, ""target_size"": 500}, {""coverage"": 0.892, ""f1"": 0.7329498767460969, ""fragments"": 1, ""matched_predicted_cluster"": 1, ""overlap"": 446, ""passes_discovery_thresholds"": false, ""precision"": 0.6220362622036262, ""purity"": 0.6220362622036262, ""recall"": 0.892, ""target"": ""cluster_1"", ""target_label"": 1, ""target_noise_loss"": 0.108, ""target_size"": 500}]",,native_target_discovery_v1
synthetic__moons_noise95__quality__n20000__VDBSCAN-2007__211__162dd473498c,ok,synthetic,moons_noise95__quality__n20000,VDBSCAN-2007,211,0.2.4,20000,2,0.066652299999987,0.2953489999999874,3.3467736000002333,192.890625,6.9296875,191.63671875,,,evaluation_state/synthetic__moons_noise95__quality__n20000__VDBSCAN-2007__211__162dd473498c.npz,bc212f06886c33c2e8190275e2f7924cdca4f2ef4d3aee0c71bfb6f0e78ea61e,10758,0.1282878853318358,0.0026009927401626,148,132,0.0168947368421052,known_synthetic_noise,0.5074473684210526,0.0648785167642751,97.0,62,0,0.1,0.9,full_partition,target-discovery-v1,0,0.05,0.391,0.050896974851674,0.002,0.4103414042248083,2,pairwise_f1,hungarian,1.0,1,194,0.0402045090976564,0.0332246545567458,0.0332246545567458,0.95,0.9938080495356038,0.0168947368421052,0.0016447484417214,0.000823622505808,0.5426052104208416,0.01615,194,macro,0,0,0.998,0.0965323789718044,0.0507191136860293,0.998,148,2,0.0,0.0,2,192,0.0,0.391,0.0,0.050896974851674,0.4103414042248083,"{""dimension"": 2, ""family"": ""moons"", ""n"": 20000}","{""eps_values"": [0.02605295181274414, 0.0771554633975029, 0.09514636546373367], ""geometry_profile"": ""low_dim"", ""knee_prominence"": 0.03, ""knn_backend"": ""kd_tree"", ""max_eps_values"": 3, ""min_samples"": 5}",{},"[{""coverage"": 0.032, ""f1"": 0.061538461538461535, ""fragments"": 1, ""matched_predicted_cluster"": 2, ""overlap"": 16, ""passes_discovery_thresholds"": false, ""precision"": 0.8, ""purity"": 0.8, ""recall"": 0.032, ""target"": ""cluster_0"", ""target_label"": 0, ""target_noise_loss"": 0.002, ""target_size"": 500}, {""coverage"": 0.75, ""f1"": 0.04025548816488648, ""fragments"": 1, ""matched_predicted_cluster"": 126, ""overlap"": 375, ""passes_discovery_thresholds"": false, ""precision"": 0.020682808449616678, ""purity"": 0.020682808449616678, ""recall"": 0.75, ""target"": ""cluster_1"", ""target_label"": 1, ""target_noise_loss"": 0.002, ""target_size"": 500}]",,native_target_discovery_v1
synthetic__moons_noise95__quality__n20000__VDBSCAN-2007__223__d288d894619e,ok,synthetic,moons_noise95__quality__n20000,VDBSCAN-2007,223,0.2.4,20000,2,0.0592352999992726,0.3054904999989958,3.4319634000003134,194.5,8.2578125,194.5,,,evaluation_state/synthetic__moons_noise95__quality__n20000__VDBSCAN-2007__223__d288d894619e.npz,2cd64610719be1160873f313ed9f7a9a032a15c23d457e324d9f728f12d1b7bf,11503,0.1407643090088021,0.0033801968833616,136,117,0.0160526315789473,known_synthetic_noise,0.5075263157894737,0.0640730597304908,92.0,67,0,0.1,0.9,full_partition,target-discovery-v1,0,0.05,0.0289999999999999,0.0557519232482846,0.001,0.7678571428571428,2,pairwise_f1,hungarian,1.0,1,184,0.0403341431373303,0.0315963949031389,0.0315963949031389,0.95,0.9967320261437908,0.0160526315789473,0.0015083412729312,0.0007553623691775,0.4780200400801603,0.0153,184,macro,0,0,0.999,0.0965497245578428,0.0507261094749669,0.999,136,2,0.0,0.0,2,182,0.0,0.029,0.0,0.0557519232482846,0.7678571428571429,"{""dimension"": 2, ""family"": ""moons"", ""n"": 20000}","{""eps_values"": [0.026483042165637016, 0.07791902869939804, 0.09543535858392715], ""geometry_profile"": ""low_dim"", ""knee_prominence"": 0.03, ""knn_backend"": ""kd_tree"", ""max_eps_values"": 3, ""min_samples"": 5}",{},"[{""coverage"": 0.022, ""f1"": 0.04280155642023346, ""fragments"": 1, ""matched_predicted_cluster"": 3, ""overlap"": 11, ""passes_discovery_thresholds"": false, ""precision"": 0.7857142857142857, ""purity"": 0.7857142857142857, ""recall"": 0.022, ""target"": ""cluster_0"", ""target_label"": 0, ""target_noise_loss"": 0.0, ""target_size"": 500}, {""coverage"": 0.036, ""f1"": 0.06870229007633587, ""fragments"": 1, ""matched_predicted_cluster"": 21, ""overlap"": 18, ""passes_discovery_thresholds"": false, ""precision"": 0.75, ""purity"": 0.75, ""recall"": 0.036, ""target"": ""cluster_1"", ""target_label"": 1, ""target_noise_loss"": 0.002, ""target_size"": 500}]",,native_target_discovery_v1
synthetic__moons_noise95__quality__n20000__VDBSCAN-2007__227__c7fccad0e94e,ok,synthetic,moons_noise95__quality__n20000,VDBSCAN-2007,227,0.2.4,20000,2,0.0598607000010815,0.2029261999996379,3.2529489999997168,192.9375,7.00390625,192.78515625,,,evaluation_state/synthetic__moons_noise95__quality__n20000__VDBSCAN-2007__227__c7fccad0e94e.npz,a32e161599a1aac7536e34a971c3a2fd42ebb6d665106a288f9ba87dfaee0cb0,8121,0.0,0.0,64,63,0.0187894736842105,known_synthetic_noise,0.5093947368421052,0.0668855118699928,32.0,1,0,0.1,0.9,full_partition,target-discovery-v1,0,0.05,0.5,0.0259282306575399,0.0,0.0133091993185689,1,pairwise_f1,hungarian,1.0,1,64,0.0304512984791922,0.0368858810766131,0.0368858810766131,0.95,1.0,0.0187894736842105,0.0028244363211869,0.0014142153411812,1.0,0.01785,64,macro,0,0,1.0,0.0968851426633725,0.0509087206638497,1.0,64,2,0.0,0.0,2,63,0.0,0.5,0.0,0.0259282306575399,0.0133091993185689,"{""dimension"": 2, ""family"": ""moons"", ""n"": 20000}","{""eps_values"": [0.07823063433170319, 0.09696086496114731], ""geometry_profile"": ""low_dim"", ""knee_prominence"": 0.03, ""knn_backend"": ""kd_tree"", ""max_eps_values"": 3, ""min_samples"": 5}",{},"[{""coverage"": 1.0, ""f1"": 0.05185646131507986, ""fragments"": 1, ""matched_predicted_cluster"": 0, ""overlap"": 500, ""passes_discovery_thresholds"": false, ""precision"": 0.02661839863713799, ""purity"": 0.02661839863713799, ""recall"": 1.0, ""target"": ""cluster_0"", ""target_label"": 0, ""target_noise_loss"": 0.0, ""target_size"": 500}, {""coverage"": 0.0, ""f1"": 0.0, ""fragments"": 1, ""matched_predicted_cluster"": null, ""overlap"": 0, ""passes_discovery_thresholds"": false, ""precision"": 0.0, ""purity"": 0.0, ""recall"": 0.0, ""target"": ""cluster_1"", ""target_label"": 1, ""target_noise_loss"": 0.0, ""target_size"": 500}]",,native_target_discovery_v1
synthetic__moons_noise95__quality__n20000__VDBSCAN-2007__229__4e093b7b3c1c,ok,synthetic,moons_noise95__quality__n20000,VDBSCAN-2007,229,0.2.4,20000,2,0.0609720000011293,0.2027459000000817,3.297207300000082,192.92578125,6.7109375,191.6015625,,,evaluation_state/synthetic__moons_noise95__quality__n20000__VDBSCAN-2007__229__4e093b7b3c1c.npz,e1e73418fe92a8aa41b715ccd34fabc75d8f3fb3e0ab1ac5c9b426b8a84b03d2,8428,0.0,0.0,57,56,0.0156842105263157,known_synthetic_noise,0.5078421052631579,0.0637465263579382,28.5,1,0,0.1,0.9,full_partition,target-discovery-v1,0,0.05,0.5,0.0262563671690384,0.0,0.0134821765625842,1,pairwise_f1,hungarian,1.0,1,57,0.028382806724325,0.0308840294331018,0.0308840294331018,0.95,1.0,0.0156842105263157,0.0028967491891105,0.0014504754263127,1.0,0.0149,57,macro,0,0,1.0,0.0966090232827746,0.0507562683991472,1.0,57,2,0.0,0.0,2,56,0.0,0.5,0.0,0.0262563671690384,0.0134821765625842,"{""dimension"": 2, ""family"": ""moons"", ""n"": 20000}","{""eps_values"": [0.07814033329486847, 0.09684634953737259], ""geometry_profile"": ""low_dim"", ""knee_prominence"": 0.03, ""knn_backend"": ""kd_tree"", ""max_eps_values"": 3, ""min_samples"": 5}",{},"[{""coverage"": 1.0, ""f1"": 0.05251273433807699, ""fragments"": 1, ""matched_predicted_cluster"": 0, ""overlap"": 500, ""passes_discovery_thresholds"": false, ""precision"": 0.026964353125168528, ""purity"": 0.026964353125168528, ""recall"": 1.0, ""target"": ""cluster_0"", ""target_label"": 0, ""target_noise_loss"": 0.0, ""target_size"": 500}, {""coverage"": 0.0, ""f1"": 0.0, ""fragments"": 1, ""matched_predicted_cluster"": null, ""overlap"": 0, ""passes_discovery_thresholds"": false, ""precision"": 0.0, ""purity"": 0.0, ""recall"": 0.0, ""target"": ""cluster_1"", ""target_label"": 1, ""target_noise_loss"": 0.0, ""target_size"": 500}]",,native_target_discovery_v1
synthetic__moons_noise95__quality__n20000__VDBSCAN-2007__233__ecc9a3bf9460,ok,synthetic,moons_noise95__quality__n20000,VDBSCAN-2007,233,0.2.4,20000,2,0.0588552999997773,0.3073941000002378,3.4124338000001444,192.34375,6.69140625,194.03125,,,evaluation_state/synthetic__moons_noise95__quality__n20000__VDBSCAN-2007__233__ecc9a3bf9460.npz,b3c56294b45c5c42a0921b756f6036a87fb4f0a74fa96b11ca5185da4d40edf7,10901,0.1259631958390487,0.001784556624418,157,142,0.0188421052631578,known_synthetic_noise,0.509421052631579,0.0669385641659021,98.5,55,0,0.1,0.9,full_partition,target-discovery-v1,0,0.05,0.393,0.0420088782428895,0.0,0.4336445893378504,2,pairwise_f1,hungarian,1.0,1,197,0.0393384804117527,0.0369872920756276,0.0369872920756276,0.95,1.0,0.0188421052631578,0.001776571697459,0.0008896426881754,0.5824248496993988,0.0179,197,macro,0,0,1.0,0.0968898362561767,0.050911312493636,1.0,157,2,0.0,0.0,2,195,0.0,0.393,0.0,0.0420088782428895,0.4336445893378504,"{""dimension"": 2, ""family"": ""moons"", ""n"": 20000}","{""eps_values"": [0.026764972135424614, 0.07835804671049118, 0.09602542221546173], ""geometry_profile"": ""low_dim"", ""knee_prominence"": 0.03, ""knn_backend"": ""kd_tree"", ""max_eps_values"": 3, ""min_samples"": 5}",{},"[{""coverage"": 0.022, ""f1"": 0.042884990253411304, ""fragments"": 1, ""matched_predicted_cluster"": 7, ""overlap"": 11, ""passes_discovery_thresholds"": false, ""precision"": 0.8461538461538461, ""purity"": 0.8461538461538461, ""recall"": 0.022, ""target"": ""cluster_0"", ""target_label"": 0, ""target_noise_loss"": 0.0, ""target_size"": 500}, {""coverage"": 0.764, ""f1"": 0.04113276623236782, ""fragments"": 1, ""matched_predicted_cluster"": 122, ""overlap"": 382, ""passes_discovery_thresholds"": false, ""precision"": 0.021135332521854597, ""purity"": 0.021135332521854597, ""recall"": 0.764, ""target"": ""cluster_1"", ""target_label"": 1, ""target_noise_loss"": 0.0, ""target_size"": 500}]",,native_target_discovery_v1
synthetic__moons_noise95__quality__n20000__kNN+Leiden__211__1107aae8de87,ok,synthetic,moons_noise95__quality__n20000,kNN+Leiden,211,0.2.4,20000,2,0.0598243000004004,0.8869279000009556,4.665643399999681,287.02734375,71.03125,291.07421875,,,evaluation_state/synthetic__moons_noise95__quality__n20000__kNN+Leiden__211__1107aae8de87.npz,1eea049d026ebe6dfe889c8e3a22d18a013ff2dca07f68daa10ac7b6718ff6ca,23201,0.4130841814435345,0.3040987627667298,24,19,0.0,known_synthetic_noise,0.5,0.0476190476190476,12.0,5,0,0.1,0.9,full_partition,target-discovery-v1,3,0.05,0.509,0.3891157429696805,0.0,0.316218296192197,2,pairwise_f1,hungarian,2.5,1,24,0.0,0.0,0.0,0.95,0.0,0.0,0.0222720420765519,0.0114448953927823,0.4126292585170341,0.0,24,macro,0,0,1.0,0.0952380952380952,0.05,1.0,24,2,0.0,0.0,2,22,0.0,0.509,0.0,0.3891157429696806,0.316218296192197,"{""dimension"": 2, ""family"": ""moons"", ""n"": 20000}","{""edge_rank"": 15, ""geometry_profile"": ""low_dim"", ""k"": 20, ""knn_backend"": ""kd_tree"", ""resolution"": 0.5, ""symmetrization"": ""union"", ""weights"": ""1/(1+d)""}",{},"[{""coverage"": 0.612, ""f1"": 0.4437998549673677, ""fragments"": 2, ""matched_predicted_cluster"": 11, ""overlap"": 306, ""passes_discovery_thresholds"": false, ""precision"": 0.34812286689419797, ""purity"": 0.34812286689419797, ""recall"": 0.612, ""target"": ""cluster_0"", ""target_label"": 0, ""target_noise_loss"": 0.0, ""target_size"": 500}, {""coverage"": 0.406, ""f1"": 0.3344316309719934, ""fragments"": 3, ""matched_predicted_cluster"": 16, ""overlap"": 203, ""passes_discovery_thresholds"": false, ""precision"": 0.28431372549019607, ""purity"": 0.28431372549019607, ""recall"": 0.406, ""target"": ""cluster_1"", ""target_label"": 1, ""target_noise_loss"": 0.0, ""target_size"": 500}]",,native_target_discovery_v1
synthetic__moons_noise95__quality__n20000__kNN+Leiden__223__67aa2f698c23,ok,synthetic,moons_noise95__quality__n20000,kNN+Leiden,223,0.2.4,20000,2,0.0592292999990604,0.8468410999994376,4.728116399999635,286.2578125,70.328125,289.8828125,,,evaluation_state/synthetic__moons_noise95__quality__n20000__kNN+Leiden__223__67aa2f698c23.npz,51e8cd953a717e1b4d863f2e2b0bf24f3da91ef28154a515b29b9a1c0dd291ce,23967,0.4345779568693705,0.2500750426974539,28,21,0.0,known_synthetic_noise,0.5,0.0476190476190476,14.0,7,0,0.1,0.9,full_partition,target-discovery-v1,5,0.05,0.308,0.3591071662232302,0.0,0.4355423987776928,2,pairwise_f1,hungarian,3.5,1,28,0.0,0.0,0.0,0.95,0.0,0.0,0.0185614757240096,0.009576643111839,0.3003607214428858,0.0,28,macro,0,0,1.0,0.0952380952380952,0.05,1.0,28,2,0.0,0.0,2,26,0.0,0.308,0.0,0.3591071662232302,0.4355423987776929,"{""dimension"": 2, ""family"": ""moons"", ""n"": 20000}","{""edge_rank"": 15, ""geometry_profile"": ""low_dim"", ""k"": 20, ""knn_backend"": ""kd_tree"", ""resolution"": 0.5, ""symmetrization"": ""union"", ""weights"": ""1/(1+d)""}",{},"[{""coverage"": 0.324, ""f1"": 0.35682819383259917, ""fragments"": 4, ""matched_predicted_cluster"": 25, ""overlap"": 162, ""passes_discovery_thresholds"": false, ""precision"": 0.39705882352941174, ""purity"": 0.39705882352941174, ""recall"": 0.324, ""target"": ""cluster_0"", ""target_label"": 0, ""target_noise_loss"": 0.0, ""target_size"": 500}, {""coverage"": 0.292, ""f1"": 0.3613861386138614, ""fragments"": 3, ""matched_predicted_cluster"": 27, ""overlap"": 146, ""passes_discovery_thresholds"": false, ""precision"": 0.474025974025974, ""purity"": 0.474025974025974, ""recall"": 0.292, ""target"": ""cluster_1"", ""target_label"": 1, ""target_noise_loss"": 0.0, ""target_size"": 500}]",,native_target_discovery_v1
synthetic__moons_noise95__quality__n20000__kNN+Leiden__227__574a1841d130,ok,synthetic,moons_noise95__quality__n20000,kNN+Leiden,227,0.2.4,20000,2,0.0632430999994539,0.7722264000003634,4.679640499998641,285.84375,70.16015625,291.4140625,,,evaluation_state/synthetic__moons_noise95__quality__n20000__kNN+Leiden__227__574a1841d130.npz,bd63cfbcfe84b59f2b087b7feab9ae778c69b81ea2aff7b25488beb6d1b81861,23441,0.4508646465099439,0.2716095298400443,25,19,0.0,known_synthetic_noise,0.5,0.0476190476190476,12.5,6,0,0.1,0.9,full_partition,target-discovery-v1,5,0.05,0.385,0.3015429655983217,0.0,0.2532528726431227,2,pairwise_f1,hungarian,3.5,1,25,0.0,0.0,0.0,0.95,0.0,0.0,0.0185881807047746,0.0095660614408509,0.3269018036072144,0.0,25,macro,0,0,1.0,0.0952380952380952,0.05,1.0,25,2,0.0,0.0,2,23,0.0,0.385,0.0,0.3015429655983218,0.2532528726431227,"{""dimension"": 2, ""family"": ""moons"", ""n"": 20000}","{""edge_rank"": 15, ""geometry_profile"": ""low_dim"", ""k"": 20, ""knn_backend"": ""kd_tree"", ""resolution"": 0.5, ""symmetrization"": ""union"", ""weights"": ""1/(1+d)""}",{},"[{""coverage"": 0.47, ""f1"": 0.3268428372739916, ""fragments"": 3, ""matched_predicted_cluster"": 5, ""overlap"": 235, ""passes_discovery_thresholds"": false, ""precision"": 0.2505330490405117, ""purity"": 0.2505330490405117, ""recall"": 0.47, ""target"": ""cluster_0"", ""target_label"": 0, ""target_noise_loss"": 0.0, ""target_size"": 500}, {""coverage"": 0.3, ""f1"": 0.2762430939226519, ""fragments"": 4, ""matched_predicted_cluster"": 19, ""overlap"": 150, ""passes_discovery_thresholds"": false, ""precision"": 0.25597269624573377, ""purity"": 0.25597269624573377, ""recall"": 0.3, ""target"": ""cluster_1"", ""target_label"": 1, ""target_noise_loss"": 0.0, ""target_size"": 500}]",,native_target_discovery_v1
synthetic__moons_noise95__quality__n20000__kNN+Leiden__229__7e466f9296c4,ok,synthetic,moons_noise95__quality__n20000,kNN+Leiden,229,0.2.4,20000,2,0.0614228000013099,1.217333200000212,4.970934399998441,286.53125,70.73046875,291.35546875,,,evaluation_state/synthetic__moons_noise95__quality__n20000__kNN+Leiden__229__7e466f9296c4.npz,d26b39006e81c5efa9eb9b8b05402d02466b9509f8a669e52ed18fec42bbe13d,23863,0.3058563395031493,0.2136503701515557,27,21,0.0,known_synthetic_noise,0.5,0.0476190476190476,13.5,6,0,0.1,0.9,full_partition,target-discovery-v1,4,0.05,0.4549999999999999,0.3543852794522587,0.0,0.3031357296350041,2,pairwise_f1,hungarian,3.0,2,27,0.0,0.0,0.0,0.95,0.0,0.0,0.0249717069453027,0.0128867757269628,0.4013306613226453,0.0,27,macro,0,0,1.0,0.0952380952380952,0.05,1.0,27,2,0.0,0.0,2,25,0.0,0.455,0.0,0.3543852794522587,0.3031357296350041,"{""dimension"": 2, ""family"": ""moons"", ""n"": 20000}","{""edge_rank"": 15, ""geometry_profile"": ""low_dim"", ""k"": 20, ""knn_backend"": ""kd_tree"", ""resolution"": 0.5, ""symmetrization"": ""union"", ""weights"": ""1/(1+d)""}",{},"[{""coverage"": 0.602, ""f1"": 0.40321500334896176, ""fragments"": 2, ""matched_predicted_cluster"": 2, ""overlap"": 301, ""passes_discovery_thresholds"": false, ""precision"": 0.3031218529707956, ""purity"": 0.3031218529707956, ""recall"": 0.602, ""target"": ""cluster_0"", ""target_label"": 0, ""target_noise_loss"": 0.0, ""target_size"": 500}, {""coverage"": 0.308, ""f1"": 0.3055555555555556, ""fragments"": 4, ""matched_predicted_cluster"": 25, ""overlap"": 154, ""passes_discovery_thresholds"": false, ""precision"": 0.3031496062992126, ""purity"": 0.3031496062992126, ""recall"": 0.308, ""target"": ""cluster_1"", ""target_label"": 1, ""target_noise_loss"": 0.0, ""target_size"": 500}]",,native_target_discovery_v1
synthetic__moons_noise95__quality__n20000__kNN+Leiden__233__8006db37de8b,ok,synthetic,moons_noise95__quality__n20000,kNN+Leiden,233,0.2.4,20000,2,0.0620297000004939,1.3208001000002696,5.110045499999615,286.80859375,70.875,291.44921875,,,evaluation_state/synthetic__moons_noise95__quality__n20000__kNN+Leiden__233__8006db37de8b.npz,4e8a812511041079b658a0ec7660a2f0441d8726cd812acdfe9deaded5d372fa,23553,0.4010599906681786,0.2726698148030767,26,19,0.0,known_synthetic_noise,0.5,0.0476190476190476,13.0,7,0,0.1,0.9,full_partition,target-discovery-v1,6,0.05,0.482,0.3714989368699616,0.0,0.3054686522337629,2,pairwise_f1,hungarian,4.0,1,26,0.0,0.0,0.0,0.95,0.0,0.0,0.0212237798438697,0.0109347062068881,0.3594549098196393,0.0,26,macro,0,0,1.0,0.0952380952380952,0.05,1.0,26,2,0.0,0.0,2,24,0.0,0.482,0.0,0.3714989368699616,0.305468652233763,"{""dimension"": 2, ""family"": ""moons"", ""n"": 20000}","{""edge_rank"": 15, ""geometry_profile"": ""low_dim"", ""k"": 20, ""knn_backend"": ""kd_tree"", ""resolution"": 0.5, ""symmetrization"": ""union"", ""weights"": ""1/(1+d)""}",{},"[{""coverage"": 0.576, ""f1"": 0.4070671378091873, ""fragments"": 4, ""matched_predicted_cluster"": 6, ""overlap"": 288, ""passes_discovery_thresholds"": false, ""precision"": 0.31475409836065577, ""purity"": 0.31475409836065577, ""recall"": 0.576, ""target"": ""cluster_0"", ""target_label"": 0, ""target_noise_loss"": 0.0, ""target_size"": 500}, {""coverage"": 0.388, ""f1"": 0.33593073593073597, ""fragments"": 4, ""matched_predicted_cluster"": 20, ""overlap"": 194, ""passes_discovery_thresholds"": false, ""precision"": 0.2961832061068702, ""purity"": 0.2961832061068702, ""recall"": 0.388, ""target"": ""cluster_1"", ""target_label"": 1, ""target_noise_loss"": 0.0, ""target_size"": 500}]",,native_target_discovery_v1
synthetic__moons_noise95__quality__n20000__kNN-DBSCAN__211__5b01f4e0c3a8,ok,synthetic,moons_noise95__quality__n20000,kNN-DBSCAN,211,0.2.4,20000,2,0.0624867999995331,0.0708300000005692,3.161008400000356,189.15234375,2.8125,189.4453125,,,evaluation_state/synthetic__moons_noise95__quality__n20000__kNN-DBSCAN__211__5b01f4e0c3a8.npz,f77ea2e5a44d00deda07d86964af16de54f379fd8a3c17d94c3c8872d0e12a86,30871,0.3721030298437308,0.1887415682186935,1016,994,0.5634736842105263,known_synthetic_noise,0.7482368421052632,0.4508166452055914,518.5,43,0,0.1,0.9,full_partition,target-discovery-v1,7,0.05,0.293,0.3798603694648673,0.067,0.5677246053392843,2,pairwise_f1,hungarian,4.5,0,1037,0.4971379462691428,0.7191750915258792,0.7191750915258792,0.95,0.993780748166713,0.5634736842105263,0.2196331670718221,0.2627636176887609,0.1886653306613226,0.53865,1037,macro,0,0,0.933,0.1824581988853036,0.1011162891514034,0.933,1016,2,0.0,0.0,2,1035,0.0,0.293,0.0,0.3798603694648673,0.5677246053392843,"{""dimension"": 2, ""family"": ""moons"", ""n"": 20000}","{""eps"": 0.046910710632801056, ""eps_quantile"": 0.25, ""geometry_profile"": ""low_dim"", ""k"": 4, ""knn_backend"": ""kd_tree"", ""min_samples"": 5}",{},"[{""coverage"": 0.382, ""f1"": 0.4619105199516324, ""fragments"": 4, ""matched_predicted_cluster"": 12, ""overlap"": 191, ""passes_discovery_thresholds"": false, ""precision"": 0.5840978593272171, ""purity"": 0.5840978593272171, ""recall"": 0.382, ""target"": ""cluster_0"", ""target_label"": 0, ""target_noise_loss"": 0.062, ""target_size"": 500}, {""coverage"": 0.204, ""f1"": 0.2978102189781022, ""fragments"": 5, ""matched_predicted_cluster"": 23, ""overlap"": 102, ""passes_discovery_thresholds"": false, ""precision"": 0.5513513513513514, ""purity"": 0.5513513513513514, ""recall"": 0.204, ""target"": ""cluster_1"", ""target_label"": 1, ""target_noise_loss"": 0.072, ""target_size"": 500}]",,native_target_discovery_v1
synthetic__moons_noise95__quality__n20000__kNN-DBSCAN__223__9a627e9a96e3,ok,synthetic,moons_noise95__quality__n20000,kNN-DBSCAN,223,0.2.4,20000,2,0.0617488000007142,0.0698704999995243,3.163756399999329,188.5234375,2.65625,188.8125,,,evaluation_state/synthetic__moons_noise95__quality__n20000__kNN-DBSCAN__223__9a627e9a96e3.npz,f7bb28f86c734e5c544cdffc264824a342878d3ec1e52c27383abe92822e4561,31039,0.3759605851806792,0.1823467003230489,1041,1018,0.5628947368421052,known_synthetic_noise,0.7524473684210526,0.4513888954716463,529.5,41,0,0.1,0.9,full_partition,target-discovery-v1,7,0.05,0.314,0.3972507457305437,0.0579999999999999,0.5845239185517599,2,pairwise_f1,hungarian,4.5,0,1059,0.5117342128018484,0.7189191005948979,0.7189191005948979,0.95,0.9946061564214638,0.5628947368421052,0.2169406625131142,0.268668201755684,0.1819158316633266,0.53765,1059,macro,0,0,0.942,0.1838586903483946,0.1018708770412025,0.942,1041,2,0.0,0.0,2,1057,0.0,0.314,0.0,0.3972507457305438,0.5845239185517598,"{""dimension"": 2, ""family"": ""moons"", ""n"": 20000}","{""eps"": 0.04695756733417511, ""eps_quantile"": 0.25, ""geometry_profile"": ""low_dim"", ""k"": 4, ""knn_backend"": ""kd_tree"", ""min_samples"": 5}",{},"[{""coverage"": 0.41, ""f1"": 0.4734411085450346, ""fragments"": 4, ""matched_predicted_cluster"": 41, ""overlap"": 205, ""passes_discovery_thresholds"": false, ""precision"": 0.5601092896174863, ""purity"": 0.5601092896174863, ""recall"": 0.41, ""target"": ""cluster_0"", ""target_label"": 0, ""target_noise_loss"": 0.044, ""target_size"": 500}, {""coverage"": 0.218, ""f1"": 0.321060382916053, ""fragments"": 5, ""matched_predicted_cluster"": 7, ""overlap"": 109, ""passes_discovery_thresholds"": false, ""precision"": 0.6089385474860335, ""purity"": 0.6089385474860335, ""recall"": 0.218, ""target"": ""cluster_1"", ""target_label"": 1, ""target_noise_loss"": 0.072, ""target_size"": 500}]",,native_target_discovery_v1
synthetic__moons_noise95__quality__n20000__kNN-DBSCAN__227__06ca3d72a5b1,ok,synthetic,moons_noise95__quality__n20000,kNN-DBSCAN,227,0.2.4,20000,2,0.0605896999986725,0.0691673000001174,3.158158399999593,192.73828125,6.62109375,189.21484375,,,evaluation_state/synthetic__moons_noise95__quality__n20000__kNN-DBSCAN__227__06ca3d72a5b1.npz,8a7fa06d0a3f19416dcd38264ca53606ec8878bcd2e4d2aed01767e92226b7c6,31162,0.3695938923777863,0.1659266660567558,1037,1012,0.5612105263157895,known_synthetic_noise,0.7541052631578947,0.450915051702467,528.5,45,0,0.1,0.9,full_partition,target-discovery-v1,9,0.05,0.314,0.4049221281210291,0.053,0.570718472750317,2,pairwise_f1,hungarian,5.5,0,1057,0.517728695437594,0.7176605195854086,0.7176605195854086,0.95,0.9950541246733856,0.5612105263157895,0.206208939457733,0.2724687107032109,0.1658717434869739,0.5358,1057,macro,0,0,0.947,0.1841695838195254,0.1020034467901766,0.947,1037,2,0.0,0.0,2,1055,0.0,0.314,0.0,0.4049221281210291,0.5707184727503168,"{""dimension"": 2, ""family"": ""moons"", ""n"": 20000}","{""eps"": 0.047407619655132294, ""eps_quantile"": 0.25, ""geometry_profile"": ""low_dim"", ""k"": 4, ""knn_backend"": ""kd_tree"", ""min_samples"": 5}",{},"[{""coverage"": 0.31, ""f1"": 0.40629095674967236, ""fragments"": 6, ""matched_predicted_cluster"": 1, ""overlap"": 155, ""passes_discovery_thresholds"": false, ""precision"": 0.5893536121673004, ""purity"": 0.5893536121673004, ""recall"": 0.31, ""target"": ""cluster_0"", ""target_label"": 0, ""target_noise_loss"": 0.05, ""target_size"": 500}, {""coverage"": 0.318, ""f1"": 0.40355329949238583, ""fragments"": 5, ""matched_predicted_cluster"": 35, ""overlap"": 159, ""passes_discovery_thresholds"": false, ""precision"": 0.5520833333333334, ""purity"": 0.5520833333333334, ""recall"": 0.318, ""target"": ""cluster_1"", ""target_label"": 1, ""target_noise_loss"": 0.056, ""target_size"": 500}]",,native_target_discovery_v1
synthetic__moons_noise95__quality__n20000__kNN-DBSCAN__229__cb48df9d015f,ok,synthetic,moons_noise95__quality__n20000,kNN-DBSCAN,229,0.2.4,20000,2,0.0583406000005197,0.0684572999998636,3.127105100000336,188.62890625,3.23046875,187.953125,,,evaluation_state/synthetic__moons_noise95__quality__n20000__kNN-DBSCAN__229__cb48df9d015f.npz,c992fae0222a2de1eb8713ab8ad20c53ff47155a45ca5138977710275bf3a47c,30545,0.3909649691337181,0.2291200040970779,1001,977,0.5694736842105264,known_synthetic_noise,0.7547368421052632,0.4550005026694393,512.0,47,0,0.1,0.9,full_partition,target-discovery-v1,5,0.05,0.361,0.4325806103742047,0.06,0.5398026463332586,2,pairwise_f1,hungarian,3.5,0,1024,0.5416407729763129,0.7242302543507363,0.7242302543507363,0.95,0.9944852941176472,0.5694736842105264,0.2420797891051804,0.2568324685018481,0.2289298597194388,0.544,1024,macro,0,0,0.94,0.1857707509881423,0.1030701754385964,0.94,1001,2,0.0,0.0,2,1022,0.0,0.361,0.0,0.4325806103742047,0.5398026463332585,"{""dimension"": 2, ""family"": ""moons"", ""n"": 20000}","{""eps"": 0.04707582667469978, ""eps_quantile"": 0.25, ""geometry_profile"": ""low_dim"", ""k"": 4, ""knn_backend"": ""kd_tree"", ""min_samples"": 5}",{},"[{""coverage"": 0.386, ""f1"": 0.4578884934756821, ""fragments"": 4, ""matched_predicted_cluster"": 11, ""overlap"": 193, ""passes_discovery_thresholds"": false, ""precision"": 0.5626822157434402, ""purity"": 0.5626822157434402, ""recall"": 0.386, ""target"": ""cluster_0"", ""target_label"": 0, ""target_noise_loss"": 0.052, ""target_size"": 500}, {""coverage"": 0.336, ""f1"": 0.4072727272727273, ""fragments"": 3, ""matched_predicted_cluster"": 3, ""overlap"": 168, ""passes_discovery_thresholds"": false, ""precision"": 0.5169230769230769, ""purity"": 0.5169230769230769, ""recall"": 0.336, ""target"": ""cluster_1"", ""target_label"": 1, ""target_noise_loss"": 0.068, ""target_size"": 500}]",,native_target_discovery_v1
synthetic__moons_noise95__quality__n20000__kNN-DBSCAN__233__5ad5e246b455,ok,synthetic,moons_noise95__quality__n20000,kNN-DBSCAN,233,0.2.4,20000,2,0.0600494999998773,0.0713580999999976,3.1785853000001225,190.09375,4.359375,188.8359375,,,evaluation_state/synthetic__moons_noise95__quality__n20000__kNN-DBSCAN__233__5ad5e246b455.npz,dbf2cca079fa0ee8dd9df8cc928a73ecd0edf66365a2c8fd40cb19c727ae0003,31068,0.3681684038865596,0.1732068846823263,1019,995,0.5589473684210526,known_synthetic_noise,0.7414736842105263,0.4472978354572714,519.5,44,0,0.1,0.9,full_partition,target-discovery-v1,8,0.05,0.294,0.3936572681019296,0.076,0.595625727542505,2,pairwise_f1,hungarian,5.0,0,1039,0.5078207491834643,0.7152478448275863,0.7152478448275863,0.95,0.9928945400149588,0.5589473684210526,0.213589401354491,0.2786110394635027,0.1731743486973948,0.5348,1039,macro,0,0,0.924,0.1793478260869565,0.0993121238177128,0.924,1019,2,0.0,0.0,2,1037,0.0,0.294,0.0,0.3936572681019296,0.595625727542505,"{""dimension"": 2, ""family"": ""moons"", ""n"": 20000}","{""eps"": 0.04718893766403198, ""eps_quantile"": 0.25, ""geometry_profile"": ""low_dim"", ""k"": 4, ""knn_backend"": ""kd_tree"", ""min_samples"": 5}",{},"[{""coverage"": 0.284, ""f1"": 0.3781624500665779, ""fragments"": 5, ""matched_predicted_cluster"": 10, ""overlap"": 142, ""passes_discovery_thresholds"": false, ""precision"": 0.5657370517928287, ""purity"": 0.5657370517928287, ""recall"": 0.284, ""target"": ""cluster_0"", ""target_label"": 0, ""target_noise_loss"": 0.08, ""target_size"": 500}, {""coverage"": 0.304, ""f1"": 0.40915208613728127, ""fragments"": 5, ""matched_predicted_cluster"": 12, ""overlap"": 152, ""passes_discovery_thresholds"": false, ""precision"": 0.6255144032921811, ""purity"": 0.6255144032921811, ""recall"": 0.304, ""target"": ""cluster_1"", ""target_label"": 1, ""target_noise_loss"": 0.072, ""target_size"": 500}]",,native_target_discovery_v1
synthetic__moons_noise975__quality__n20000__AMD-DBSCAN__211__886603406bab,ok,synthetic,moons_noise975__quality__n20000,AMD-DBSCAN,211,0.2.4,20000,2,0.0584314000006997,5.262568099999044,8.445394700000179,6289.98046875,6103.6484375,6289.98046875,,,evaluation_state/synthetic__moons_noise975__quality__n20000__AMD-DBSCAN__211__886603406bab.npz,dba01f3f9dc5a81e4359927647e774aab96500124903d3cee33c13a03c304fbe,3184,0.0,0.0,1,0,0.0,known_synthetic_noise,0.5,0.024390243902439,0.5,1,0,0.1,0.9,full_partition,target-discovery-v1,0,0.05,0.5,0.0123456790123456,0.0,0.00625,1,pairwise_f1,hungarian,1.0,1,1,0.0,0.0,0.0,0.975,0.0,0.0,0.0006223374143505,0.0003112655632781,1.0,0.0,1,macro,0,0,1.0,0.048780487804878,0.025,1.0,1,2,0.0,0.0,2,0,0.0,0.5,0.0,0.0123456790123456,0.00625,"{""dimension"": 2, ""family"": ""moons"", ""n"": 20000}","{""adaptive_rank"": 71, ""balance_rounds"": 3, ""eps_values"": [0.22525104795348058, 0.2562201946399722, 0.27432143001541825], ""geometry_profile"": ""low_dim"", ""knn_backend"": ""kd_tree"", ""n_density_levels"": 3}",{},"[{""coverage"": 1.0, ""f1"": 0.02469135802469136, ""fragments"": 1, ""matched_predicted_cluster"": 0, ""overlap"": 250, ""passes_discovery_thresholds"": false, ""precision"": 0.0125, ""purity"": 0.0125, ""recall"": 1.0, ""target"": ""cluster_0"", ""target_label"": 0, ""target_noise_loss"": 0.0, ""target_size"": 250}, {""coverage"": 0.0, ""f1"": 0.0, ""fragments"": 1, ""matched_predicted_cluster"": null, ""overlap"": 0, ""passes_discovery_thresholds"": false, ""precision"": 0.0, ""purity"": 0.0, ""recall"": 0.0, ""target"": ""cluster_1"", ""target_label"": 1, ""target_noise_loss"": 0.0, ""target_size"": 250}]",,native_target_discovery_v1
synthetic__moons_noise975__quality__n20000__AMD-DBSCAN__223__4536ccf68d45,ok,synthetic,moons_noise975__quality__n20000,AMD-DBSCAN,223,0.2.4,20000,2,0.0584089000003587,5.332563100000698,8.632234500000777,6289.703125,6103.66796875,6289.68359375,,,evaluation_state/synthetic__moons_noise975__quality__n20000__AMD-DBSCAN__223__4536ccf68d45.npz,569bfaffec27311fe804f68e3ae9921dddb3b51d777bd797e4f33c74e91dc681,3175,0.0,0.0,1,0,0.0,known_synthetic_noise,0.5,0.024390243902439,0.5,1,0,0.1,0.9,full_partition,target-discovery-v1,0,0.05,0.5,0.0123456790123456,0.0,0.00625,1,pairwise_f1,hungarian,1.0,1,1,0.0,0.0,0.0,0.975,0.0,0.0,0.0006223374143505,0.0003112655632781,1.0,0.0,1,macro,0,0,1.0,0.048780487804878,0.025,1.0,1,2,0.0,0.0,2,0,0.0,0.5,0.0,0.0123456790123456,0.00625,"{""dimension"": 2, ""family"": ""moons"", ""n"": 20000}","{""adaptive_rank"": 71, ""balance_rounds"": 3, ""eps_values"": [0.22728168190889744, 0.2580681493600041, 0.277861752031319], ""geometry_profile"": ""low_dim"", ""knn_backend"": ""kd_tree"", ""n_density_levels"": 3}",{},"[{""coverage"": 1.0, ""f1"": 0.02469135802469136, ""fragments"": 1, ""matched_predicted_cluster"": 0, ""overlap"": 250, ""passes_discovery_thresholds"": false, ""precision"": 0.0125, ""purity"": 0.0125, ""recall"": 1.0, ""target"": ""cluster_0"", ""target_label"": 0, ""target_noise_loss"": 0.0, ""target_size"": 250}, {""coverage"": 0.0, ""f1"": 0.0, ""fragments"": 1, ""matched_predicted_cluster"": null, ""overlap"": 0, ""passes_discovery_thresholds"": false, ""precision"": 0.0, ""purity"": 0.0, ""recall"": 0.0, ""target"": ""cluster_1"", ""target_label"": 1, ""target_noise_loss"": 0.0, ""target_size"": 250}]",,native_target_discovery_v1
synthetic__moons_noise975__quality__n20000__AMD-DBSCAN__227__4cc11ba0e3d0,ok,synthetic,moons_noise975__quality__n20000,AMD-DBSCAN,227,0.2.4,20000,2,0.0608418000010715,5.227833999999348,8.437240499999461,6289.734375,6103.64453125,6289.734375,,,evaluation_state/synthetic__moons_noise975__quality__n20000__AMD-DBSCAN__227__4cc11ba0e3d0.npz,352b701f3043df9216b78d5633f439358c5215df59e81f9ea300a941ca2ec86e,3175,0.0,0.0,1,0,0.0,known_synthetic_noise,0.5,0.024390243902439,0.5,1,0,0.1,0.9,full_partition,target-discovery-v1,0,0.05,0.5,0.0123456790123456,0.0,0.00625,1,pairwise_f1,hungarian,1.0,1,1,0.0,0.0,0.0,0.975,0.0,0.0,0.0006223374143505,0.0003112655632781,1.0,0.0,1,macro,0,0,1.0,0.048780487804878,0.025,1.0,1,2,0.0,0.0,2,0,0.0,0.5,0.0,0.0123456790123456,0.00625,"{""dimension"": 2, ""family"": ""moons"", ""n"": 20000}","{""adaptive_rank"": 71, ""balance_rounds"": 3, ""eps_values"": [0.22479960876407748, 0.25690437033281205, 0.27524380806775295], ""geometry_profile"": ""low_dim"", ""knn_backend"": ""kd_tree"", ""n_density_levels"": 3}",{},"[{""coverage"": 1.0, ""f1"": 0.02469135802469136, ""fragments"": 1, ""matched_predicted_cluster"": 0, ""overlap"": 250, ""passes_discovery_thresholds"": false, ""precision"": 0.0125, ""purity"": 0.0125, ""recall"": 1.0, ""target"": ""cluster_0"", ""target_label"": 0, ""target_noise_loss"": 0.0, ""target_size"": 250}, {""coverage"": 0.0, ""f1"": 0.0, ""fragments"": 1, ""matched_predicted_cluster"": null, ""overlap"": 0, ""passes_discovery_thresholds"": false, ""precision"": 0.0, ""purity"": 0.0, ""recall"": 0.0, ""target"": ""cluster_1"", ""target_label"": 1, ""target_noise_loss"": 0.0, ""target_size"": 250}]",,native_target_discovery_v1
synthetic__moons_noise975__quality__n20000__AMD-DBSCAN__229__779414cb8420,ok,synthetic,moons_noise975__quality__n20000,AMD-DBSCAN,229,0.2.4,20000,2,0.0593487000005552,5.324445399999604,8.532412299999123,6289.84375,6103.64453125,6289.84375,,,evaluation_state/synthetic__moons_noise975__quality__n20000__AMD-DBSCAN__229__779414cb8420.npz,fc4dc87a3b43ba18f4aaaa05b4612006b3568c54f8314a23ddbf2e065e2c7725,3173,0.0,0.0,1,0,0.0,known_synthetic_noise,0.5,0.024390243902439,0.5,1,0,0.1,0.9,full_partition,target-discovery-v1,0,0.05,0.5,0.0123456790123456,0.0,0.00625,1,pairwise_f1,hungarian,1.0,1,1,0.0,0.0,0.0,0.975,0.0,0.0,0.0006223374143505,0.0003112655632781,1.0,0.0,1,macro,0,0,1.0,0.048780487804878,0.025,1.0,1,2,0.0,0.0,2,0,0.0,0.5,0.0,0.0123456790123456,0.00625,"{""dimension"": 2, ""family"": ""moons"", ""n"": 20000}","{""adaptive_rank"": 71, ""balance_rounds"": 3, ""eps_values"": [0.22398867477162993, 0.25752482043704017, 0.2767825029965699], ""geometry_profile"": ""low_dim"", ""knn_backend"": ""kd_tree"", ""n_density_levels"": 3}",{},"[{""coverage"": 1.0, ""f1"": 0.02469135802469136, ""fragments"": 1, ""matched_predicted_cluster"": 0, ""overlap"": 250, ""passes_discovery_thresholds"": false, ""precision"": 0.0125, ""purity"": 0.0125, ""recall"": 1.0, ""target"": ""cluster_0"", ""target_label"": 0, ""target_noise_loss"": 0.0, ""target_size"": 250}, {""coverage"": 0.0, ""f1"": 0.0, ""fragments"": 1, ""matched_predicted_cluster"": null, ""overlap"": 0, ""passes_discovery_thresholds"": false, ""precision"": 0.0, ""purity"": 0.0, ""recall"": 0.0, ""target"": ""cluster_1"", ""target_label"": 1, ""target_noise_loss"": 0.0, ""target_size"": 250}]",,native_target_discovery_v1
synthetic__moons_noise975__quality__n20000__AMD-DBSCAN__233__5c2973c9cbfd,ok,synthetic,moons_noise975__quality__n20000,AMD-DBSCAN,233,0.2.4,20000,2,0.0588033000003633,5.267299099999946,8.437834199999998,6289.98828125,6103.64453125,6289.98828125,,,evaluation_state/synthetic__moons_noise975__quality__n20000__AMD-DBSCAN__233__5c2973c9cbfd.npz,22921048b90475d014ecd6edf2cad2c11204eddb32c5601d4fe90bc29f1105ea,3175,0.0,0.0,1,0,0.0,known_synthetic_noise,0.5,0.024390243902439,0.5,1,0,0.1,0.9,full_partition,target-discovery-v1,0,0.05,0.5,0.0123456790123456,0.0,0.00625,1,pairwise_f1,hungarian,1.0,1,1,0.0,0.0,0.0,0.975,0.0,0.0,0.0006223374143505,0.0003112655632781,1.0,0.0,1,macro,0,0,1.0,0.048780487804878,0.025,1.0,1,2,0.0,0.0,2,0,0.0,0.5,0.0,0.0123456790123456,0.00625,"{""dimension"": 2, ""family"": ""moons"", ""n"": 20000}","{""adaptive_rank"": 71, ""balance_rounds"": 3, ""eps_values"": [0.22576591321824127, 0.2567951925063886, 0.2747371492364937], ""geometry_profile"": ""low_dim"", ""knn_backend"": ""kd_tree"", ""n_density_levels"": 3}",{},"[{""coverage"": 1.0, ""f1"": 0.02469135802469136, ""fragments"": 1, ""matched_predicted_cluster"": 0, ""overlap"": 250, ""passes_discovery_thresholds"": false, ""precision"": 0.0125, ""purity"": 0.0125, ""recall"": 1.0, ""target"": ""cluster_0"", ""target_label"": 0, ""target_noise_loss"": 0.0, ""target_size"": 250}, {""coverage"": 0.0, ""f1"": 0.0, ""fragments"": 1, ""matched_predicted_cluster"": null, ""overlap"": 0, ""passes_discovery_thresholds"": false, ""precision"": 0.0, ""purity"": 0.0, ""recall"": 0.0, ""target"": ""cluster_1"", ""target_label"": 1, ""target_noise_loss"": 0.0, ""target_size"": 250}]",,native_target_discovery_v1
synthetic__moons_noise975__quality__n20000__DBSCAN__211__da40b5c905c5,ok,synthetic,moons_noise975__quality__n20000,DBSCAN,211,0.2.4,20000,2,0.0634358999996038,0.1907291000006807,3.546641400000226,191.4609375,5.5078125,191.078125,,,evaluation_state/synthetic__moons_noise975__quality__n20000__DBSCAN__211__da40b5c905c5.npz,eb6f6b22b4225e7e793d3fae13c6b0440287fed7398f864c8a647741e938df76,38619,0.3160556163840308,0.1088229454392522,1205,1171,0.3382051282051282,known_synthetic_noise,0.6321025641025642,0.2857587828932308,606.5,42,0,0.1,0.9,full_partition,target-discovery-v1,10,0.05,0.226,0.270961145194274,0.074,0.4000234962406015,2,pairwise_f1,hungarian,6.0,0,1213,0.3526239861183972,0.5047451400581663,0.5047451400581663,0.975,0.9944209891435464,0.3382051282051282,0.067327286530547,0.048852615861879,0.1082730923694779,0.3316,1213,macro,0,0,0.926,0.0667724257282953,0.0346349491322561,0.926,1205,2,0.0,0.0,2,1211,0.0,0.226,0.0,0.270961145194274,0.4000234962406015,"{""dimension"": 2, ""family"": ""moons"", ""n"": 20000}","{""base_eps"": 0.07625202089548111, ""eps"": 0.053376414626836774, ""eps_multiplier"": 0.7, ""geometry_profile"": ""low_dim"", ""knn_backend"": ""kd_tree"", ""min_samples"": 5}",{},"[{""coverage"": 0.316, ""f1"": 0.33333333333333337, ""fragments"": 5, ""matched_predicted_cluster"": 19, ""overlap"": 79, ""passes_discovery_thresholds"": false, ""precision"": 0.35267857142857145, ""purity"": 0.35267857142857145, ""recall"": 0.316, ""target"": ""cluster_0"", ""target_label"": 0, ""target_noise_loss"": 0.092, ""target_size"": 250}, {""coverage"": 0.136, ""f1"": 0.20858895705521474, ""fragments"": 7, ""matched_predicted_cluster"": 253, ""overlap"": 34, ""passes_discovery_thresholds"": false, ""precision"": 0.4473684210526316, ""purity"": 0.4473684210526316, ""recall"": 0.136, ""target"": ""cluster_1"", ""target_label"": 1, ""target_noise_loss"": 0.056, ""target_size"": 250}]",,native_target_discovery_v1
synthetic__moons_noise975__quality__n20000__DBSCAN__223__adebab769488,ok,synthetic,moons_noise975__quality__n20000,DBSCAN,223,0.2.4,20000,2,0.0647881000004417,0.1954349000006914,3.4466002000008302,191.58984375,5.3125,191.4765625,,,evaluation_state/synthetic__moons_noise975__quality__n20000__DBSCAN__223__adebab769488.npz,bc271b6efd5794fe46193f504b4389c2629f9e9d2ec40cce6541d9c7c337c4ed,38515,0.3308177683102224,0.1364987403620292,1197,1164,0.3382051282051282,known_synthetic_noise,0.6291025641025642,0.2855206650867078,602.5,41,0,0.1,0.9,full_partition,target-discovery-v1,10,0.05,0.29,0.3272166070914992,0.0799999999999999,0.3765975536174647,2,pairwise_f1,hungarian,6.0,0,1205,0.3970219440196296,0.5046872010713602,0.5046872010713602,0.975,0.9939713639788996,0.3382051282051282,0.0803211711967315,0.0569136745607333,0.136433734939759,0.33175,1205,macro,0,0,0.92,0.0663541291020555,0.0344182566404788,0.92,1197,2,0.0,0.0,2,1203,0.0,0.29,0.0,0.3272166070914992,0.3765975536174648,"{""dimension"": 2, ""family"": ""moons"", ""n"": 20000}","{""base_eps"": 0.07695057988166809, ""eps"": 0.05386540591716766, ""eps_multiplier"": 0.7, ""geometry_profile"": ""low_dim"", ""knn_backend"": ""kd_tree"", ""min_samples"": 5}",{},"[{""coverage"": 0.332, ""f1"": 0.3640350877192982, ""fragments"": 6, ""matched_predicted_cluster"": 23, ""overlap"": 83, ""passes_discovery_thresholds"": false, ""precision"": 0.4029126213592233, ""purity"": 0.4029126213592233, ""recall"": 0.332, ""target"": ""cluster_0"", ""target_label"": 0, ""target_noise_loss"": 0.072, ""target_size"": 250}, {""coverage"": 0.248, ""f1"": 0.2903981264637002, ""fragments"": 6, ""matched_predicted_cluster"": 1, ""overlap"": 62, ""passes_discovery_thresholds"": false, ""precision"": 0.3502824858757062, ""purity"": 0.3502824858757062, ""recall"": 0.248, ""target"": ""cluster_1"", ""target_label"": 1, ""target_noise_loss"": 0.088, ""target_size"": 250}]",,native_target_discovery_v1
synthetic__moons_noise975__quality__n20000__DBSCAN__227__f3869d2033e9,ok,synthetic,moons_noise975__quality__n20000,DBSCAN,227,0.2.4,20000,2,0.0609918999998626,0.182807799999864,3.295045500000924,192.8671875,6.74609375,190.82421875,,,evaluation_state/synthetic__moons_noise975__quality__n20000__DBSCAN__227__f3869d2033e9.npz,fe92510e4c3f7e8534f6111796a6c422220ca62844b7cebff1c6a81dddd3c229,38894,0.3213924528296402,0.107944427645333,1234,1194,0.3371282051282051,known_synthetic_noise,0.6435641025641026,0.2860572490631458,619.5,45,0,0.1,0.9,full_partition,target-discovery-v1,11,0.05,0.222,0.2719183316956,0.05,0.3541597544790975,2,pairwise_f1,hungarian,6.5,0,1239,0.3531951746968618,0.5037740909613395,0.5037740909613395,0.975,0.996211547204122,0.3371282051282051,0.0685567852329807,0.0502446762342307,0.1078714859437751,0.32995,1239,macro,0,0,0.95,0.0683404071649521,0.0354451160361167,0.95,1234,2,0.0,0.0,2,1237,0.0,0.222,0.0,0.2719183316956,0.3541597544790976,"{""dimension"": 2, ""family"": ""moons"", ""n"": 20000}","{""base_eps"": 0.07639972865581512, ""eps"": 0.053479810059070584, ""eps_multiplier"": 0.7, ""geometry_profile"": ""low_dim"", ""knn_backend"": ""kd_tree"", ""min_samples"": 5}",{},"[{""coverage"": 0.192, ""f1"": 0.24806201550387602, ""fragments"": 7, ""matched_predicted_cluster"": 12, ""overlap"": 48, ""passes_discovery_thresholds"": false, ""precision"": 0.35036496350364965, ""purity"": 0.35036496350364965, ""recall"": 0.192, ""target"": ""cluster_0"", ""target_label"": 0, ""target_noise_loss"": 0.056, ""target_size"": 250}, {""coverage"": 0.252, ""f1"": 0.29577464788732394, ""fragments"": 6, ""matched_predicted_cluster"": 137, ""overlap"": 63, ""passes_discovery_thresholds"": false, ""precision"": 0.35795454545454547, ""purity"": 0.35795454545454547, ""recall"": 0.252, ""target"": ""cluster_1"", ""target_label"": 1, ""target_noise_loss"": 0.044, ""target_size"": 250}]",,native_target_discovery_v1
synthetic__moons_noise975__quality__n20000__DBSCAN__229__16f1769ab987,ok,synthetic,moons_noise975__quality__n20000,DBSCAN,229,0.2.4,20000,2,0.0619160999995074,0.180884800000058,3.2978652000001603,192.8359375,6.7734375,192.8359375,,,evaluation_state/synthetic__moons_noise975__quality__n20000__DBSCAN__229__16f1769ab987.npz,dcf57adfd1f5604e717aa66dc25c70551ae57d07a28747ca740288c8a1c4f380,38510,0.3621462601664328,0.1555553753347039,1181,1152,0.3379487179487179,known_synthetic_noise,0.634974358974359,0.2858416248312426,591.5,31,0,0.1,0.9,full_partition,target-discovery-v1,9,0.05,0.292,0.3112449799196787,0.068,0.3434723171565277,2,pairwise_f1,hungarian,5.5,0,1183,0.3849857625559934,0.5045169193079162,0.5045169193079162,0.975,0.994867149758454,0.3379487179487179,0.081798812966063,0.0555058345667963,0.1554216867469879,0.3312,1183,macro,0,0,0.932,0.067166330354569,0.0348385167464114,0.932,1181,2,0.0,0.0,2,1181,0.0,0.292,0.0,0.3112449799196787,0.3434723171565276,"{""dimension"": 2, ""family"": ""moons"", ""n"": 20000}","{""base_eps"": 0.07695958763360977, ""eps"": 0.053871711343526835, ""eps_multiplier"": 0.7, ""geometry_profile"": ""low_dim"", ""knn_backend"": ""kd_tree"", ""min_samples"": 5}",{},"[{""coverage"": 0.24, ""f1"": 0.2891566265060241, ""fragments"": 6, ""matched_predicted_cluster"": 39, ""overlap"": 60, ""passes_discovery_thresholds"": false, ""precision"": 0.36363636363636365, ""purity"": 0.36363636363636365, ""recall"": 0.24, ""target"": ""cluster_0"", ""target_label"": 0, ""target_noise_loss"": 0.06, ""target_size"": 250}, {""coverage"": 0.344, ""f1"": 0.33333333333333326, ""fragments"": 5, ""matched_predicted_cluster"": 32, ""overlap"": 86, ""passes_discovery_thresholds"": false, ""precision"": 0.3233082706766917, ""purity"": 0.3233082706766917, ""recall"": 0.344, ""target"": ""cluster_1"", ""target_label"": 1, ""target_noise_loss"": 0.076, ""target_size"": 250}]",,native_target_discovery_v1
synthetic__moons_noise975__quality__n20000__DBSCAN__233__563f62313153,ok,synthetic,moons_noise975__quality__n20000,DBSCAN,233,0.2.4,20000,2,0.0591499000001931,0.1826956999993854,3.3069121000007726,190.06640625,4.03515625,190.390625,,,evaluation_state/synthetic__moons_noise975__quality__n20000__DBSCAN__233__563f62313153.npz,c70cc1ccc11915e452d61e5d1d819db5935a90f79e3f45a644182e61ea94585f,38702,0.3367789666138964,0.1313618218404736,1187,1154,0.3353846153846154,known_synthetic_noise,0.6326923076923077,0.2842081345931068,597.0,40,0,0.1,0.9,full_partition,target-discovery-v1,9,0.05,0.252,0.2997005920623129,0.07,0.3726699561403508,2,pairwise_f1,hungarian,5.5,0,1194,0.3752229100281405,0.5016299137104506,0.5016299137104506,0.975,0.9946768060836502,0.3353846153846154,0.0757848115340424,0.0532493912681154,0.1313895582329317,0.32875,1194,macro,0,0,0.93,0.066786355475763,0.0346368715083798,0.93,1187,2,0.0,0.0,2,1192,0.0,0.252,0.0,0.2997005920623129,0.3726699561403509,"{""dimension"": 2, ""family"": ""moons"", ""n"": 20000}","{""base_eps"": 0.07638313621282578, ""eps"": 0.05346819534897804, ""eps_multiplier"": 0.7, ""geometry_profile"": ""low_dim"", ""knn_backend"": ""kd_tree"", ""min_samples"": 5}",{},"[{""coverage"": 0.244, ""f1"": 0.27601809954751133, ""fragments"": 6, ""matched_predicted_cluster"": 20, ""overlap"": 61, ""passes_discovery_thresholds"": false, ""precision"": 0.3177083333333333, ""purity"": 0.3177083333333333, ""recall"": 0.244, ""target"": ""cluster_0"", ""target_label"": 0, ""target_noise_loss"": 0.072, ""target_size"": 250}, {""coverage"": 0.26, ""f1"": 0.32338308457711445, ""fragments"": 5, ""matched_predicted_cluster"": 77, ""overlap"": 65, ""passes_discovery_thresholds"": false, ""precision"": 0.4276315789473684, ""purity"": 0.4276315789473684, ""recall"": 0.26, ""target"": ""cluster_1"", ""target_label"": 1, ""target_noise_loss"": 0.068, ""target_size"": 250}]",,native_target_discovery_v1
synthetic__moons_noise975__quality__n20000__HDBSCAN__211__75b1c1e32222,ok,synthetic,moons_noise975__quality__n20000,HDBSCAN,211,0.2.4,20000,2,0.0695052999999461,2.9704093000000285,6.080878599999778,191.13671875,5.38671875,191.6015625,,,evaluation_state/synthetic__moons_noise975__quality__n20000__HDBSCAN__211__75b1c1e32222.npz,4f929bab688d477b832e783ce8c0e66f09199c328911cb106a60aa5afb4e1fec,26979,0.3450618188596644,0.1292744921653685,130,113,0.392,known_synthetic_noise,0.601,0.3123643667698179,65.0,17,0,0.1,0.9,full_partition,target-discovery-v1,10,0.05,0.262,0.3171720061022121,0.19,0.4211370742142504,2,pairwise_f1,hungarian,6.0,0,130,0.4053023601781507,0.5612540842174824,0.5612540842174824,0.975,0.98772451221088,0.392,0.0171418286457579,0.0092035415019013,0.1246907630522088,0.38695,130,macro,0,0,0.81,0.0634746493221534,0.0330315634940053,0.81,130,2,0.0,0.0,2,128,0.0,0.262,0.0,0.3171720061022121,0.4211370742142504,"{""dimension"": 2, ""family"": ""moons"", ""n"": 20000}","{""geometry_profile"": ""low_dim"", ""knn_backend"": ""kd_tree"", ""min_cluster_size"": 40, ""min_samples"": 5}",{},"[{""coverage"": 0.296, ""f1"": 0.32456140350877194, ""fragments"": 5, ""matched_predicted_cluster"": 126, ""overlap"": 74, ""passes_discovery_thresholds"": false, ""precision"": 0.3592233009708738, ""purity"": 0.3592233009708738, ""recall"": 0.296, ""target"": ""cluster_0"", ""target_label"": 0, ""target_noise_loss"": 0.24, ""target_size"": 250}, {""coverage"": 0.228, ""f1"": 0.30978260869565216, ""fragments"": 7, ""matched_predicted_cluster"": 119, ""overlap"": 57, ""passes_discovery_thresholds"": false, ""precision"": 0.4830508474576271, ""purity"": 0.4830508474576271, ""recall"": 0.228, ""target"": ""cluster_1"", ""target_label"": 1, ""target_noise_loss"": 0.14, ""target_size"": 250}]",,native_target_discovery_v1
synthetic__moons_noise975__quality__n20000__HDBSCAN__223__b48ad7d1b167,ok,synthetic,moons_noise975__quality__n20000,HDBSCAN,223,0.2.4,20000,2,0.0590729000014107,2.9756414000003133,6.084257200000138,190.5078125,4.19140625,190.82421875,,,evaluation_state/synthetic__moons_noise975__quality__n20000__HDBSCAN__223__b48ad7d1b167.npz,ecf4f9e6ee497c4177a9ab30b982565ab856b09ff48390e0cfb651206fccbab8,26006,0.4977471097306353,0.4535735618137729,114,105,0.4034871794871795,known_synthetic_noise,0.6367435897435898,0.3214223256075174,57.0,9,0,0.1,0.9,full_partition,target-discovery-v1,4,0.05,0.558,0.3330053353443374,0.13,0.300589836660617,2,pairwise_f1,hungarian,3.0,0,114,0.4213824372661371,0.5736157182954836,0.5736157182954836,0.975,0.9918063784192612,0.4034871794871795,0.0442176790216992,0.0232511235885113,0.4500240963855422,0.39665,114,macro,0,0,0.87,0.0692289329195512,0.0360487279356923,0.87,114,2,0.0,0.0,2,112,0.0,0.558,0.0,0.3330053353443373,0.300589836660617,"{""dimension"": 2, ""family"": ""moons"", ""n"": 20000}","{""geometry_profile"": ""low_dim"", ""knn_backend"": ""kd_tree"", ""min_cluster_size"": 40, ""min_samples"": 5}",{},"[{""coverage"": 0.864, ""f1"": 0.366723259762309, ""fragments"": 1, ""matched_predicted_cluster"": 106, ""overlap"": 216, ""passes_discovery_thresholds"": false, ""precision"": 0.23275862068965517, ""purity"": 0.23275862068965517, ""recall"": 0.864, ""target"": ""cluster_0"", ""target_label"": 0, ""target_noise_loss"": 0.088, ""target_size"": 250}, {""coverage"": 0.252, ""f1"": 0.2992874109263658, ""fragments"": 5, ""matched_predicted_cluster"": 109, ""overlap"": 63, ""passes_discovery_thresholds"": false, ""precision"": 0.3684210526315789, ""purity"": 0.3684210526315789, ""recall"": 0.252, ""target"": ""cluster_1"", ""target_label"": 1, ""target_noise_loss"": 0.172, ""target_size"": 250}]",,native_target_discovery_v1
synthetic__moons_noise975__quality__n20000__HDBSCAN__227__1108731289a4,ok,synthetic,moons_noise975__quality__n20000,HDBSCAN,227,0.2.4,20000,2,0.0592974999999569,2.937299199998961,5.961428399999932,191.14453125,5.2265625,191.1796875,,,evaluation_state/synthetic__moons_noise975__quality__n20000__HDBSCAN__227__1108731289a4.npz,add87c63dbc773f813580bb6f725f1225109975cb04e0158b85281aaf6977089,26928,0.3300578461086694,0.0992065878741217,138,123,0.4128717948717949,known_synthetic_noise,0.5934358974358974,0.3223996462272112,69.0,15,0,0.1,0.9,full_partition,target-discovery-v1,11,0.05,0.184,0.2421052631578947,0.2259999999999999,0.3538461538461538,2,pairwise_f1,hungarian,6.5,0,138,0.3419690650159144,0.5820561017929439,0.5820561017929439,0.975,0.986158745712886,0.4128717948717949,0.0169821765247511,0.0092828660193476,0.0995502008032128,0.4082,138,macro,0,0,0.774,0.0627431906614786,0.0326968570462994,0.774,138,2,0.0,0.0,2,136,0.0,0.184,0.0,0.2421052631578947,0.3538461538461538,"{""dimension"": 2, ""family"": ""moons"", ""n"": 20000}","{""geometry_profile"": ""low_dim"", ""knn_backend"": ""kd_tree"", ""min_cluster_size"": 40, ""min_samples"": 5}",{},"[{""coverage"": 0.188, ""f1"": 0.24736842105263157, ""fragments"": 5, ""matched_predicted_cluster"": 130, ""overlap"": 47, ""passes_discovery_thresholds"": false, ""precision"": 0.36153846153846153, ""purity"": 0.36153846153846153, ""recall"": 0.188, ""target"": ""cluster_0"", ""target_label"": 0, ""target_noise_loss"": 0.236, ""target_size"": 250}, {""coverage"": 0.18, ""f1"": 0.23684210526315788, ""fragments"": 8, ""matched_predicted_cluster"": 132, ""overlap"": 45, ""passes_discovery_thresholds"": false, ""precision"": 0.34615384615384615, ""purity"": 0.34615384615384615, ""recall"": 0.18, ""target"": ""cluster_1"", ""target_label"": 1, ""target_noise_loss"": 0.216, ""target_size"": 250}]",,native_target_discovery_v1
synthetic__moons_noise975__quality__n20000__HDBSCAN__229__ebff972f3eff,ok,synthetic,moons_noise975__quality__n20000,HDBSCAN,229,0.2.4,20000,2,0.0571669999990263,2.939685899998949,5.956927499999438,190.98046875,4.5078125,191.23828125,,,evaluation_state/synthetic__moons_noise975__quality__n20000__HDBSCAN__229__ebff972f3eff.npz,e91cb3c5673be30e2af9c1b4471e986289ef9cdb6f4f0935f3cd7dec110888e8,6159,-0.0026209699778925,-3.18091359493932e-05,2,1,0.0787179487179487,known_synthetic_noise,0.5363589743589744,0.0991735247981315,1.0,1,0,0.1,0.9,full_partition,target-discovery-v1,0,0.05,0.498,0.013351922355086,0.006,0.0067666721017446,1,pairwise_f1,hungarian,1.0,1,2,0.0244653252829228,0.1459264188611085,0.1459264188611085,0.975,0.9980494148244472,0.0787179487179487,0.0007264969713188,0.0003633820846936,0.988016064257028,0.0769,2,macro,0,0,0.994,0.0524206307351545,0.0269201603293251,0.994,2,2,0.0,0.0,2,1,0.0,0.498,0.0,0.013351922355086,0.0067666721017446,"{""dimension"": 2, ""family"": ""moons"", ""n"": 20000}","{""geometry_profile"": ""low_dim"", ""knn_backend"": ""kd_tree"", ""min_cluster_size"": 40, ""min_samples"": 5}",{},"[{""coverage"": 0.996, ""f1"": 0.026703844710172127, ""fragments"": 1, ""matched_predicted_cluster"": 0, ""overlap"": 249, ""passes_discovery_thresholds"": false, ""precision"": 0.01353334420348932, ""purity"": 0.01353334420348932, ""recall"": 0.996, ""target"": ""cluster_0"", ""target_label"": 0, ""target_noise_loss"": 0.004, ""target_size"": 250}, {""coverage"": 0.0, ""f1"": 0.0, ""fragments"": 1, ""matched_predicted_cluster"": null, ""overlap"": 0, ""passes_discovery_thresholds"": false, ""precision"": 0.0, ""purity"": 0.0, ""recall"": 0.0, ""target"": ""cluster_1"", ""target_label"": 1, ""target_noise_loss"": 0.008, ""target_size"": 250}]",,native_target_discovery_v1
synthetic__moons_noise975__quality__n20000__HDBSCAN__233__8ba3eceac3b5,ok,synthetic,moons_noise975__quality__n20000,HDBSCAN,233,0.2.4,20000,2,0.0585816000002523,2.923154500000237,5.957250700001168,190.58203125,4.984375,192.15625,,,evaluation_state/synthetic__moons_noise975__quality__n20000__HDBSCAN__233__8ba3eceac3b5.npz,07c59812ec01b36bc8f55ec79f1eeded071a6a7864172add1cd1dfed64bad5a4,26461,0.4007759073764564,0.2129092644470441,116,105,0.4034358974358974,known_synthetic_noise,0.6327179487179487,0.3210444112381666,58.0,11,0,0.1,0.9,full_partition,target-discovery-v1,8,0.05,0.378,0.3463042614200948,0.138,0.3266934081055118,2,pairwise_f1,hungarian,5.0,0,116,0.4318373103253062,0.5734800991398162,0.5734800991398162,0.975,0.9913054435483872,0.4034358974358974,0.0291784197279675,0.0156626762361351,0.212867469879518,0.3968,116,macro,0,0,0.862,0.068608723336517,0.0357261273209549,0.862,116,2,0.0,0.0,2,114,0.0,0.378,0.0,0.3463042614200948,0.3266934081055119,"{""dimension"": 2, ""family"": ""moons"", ""n"": 20000}","{""geometry_profile"": ""low_dim"", ""knn_backend"": ""kd_tree"", ""min_cluster_size"": 40, ""min_samples"": 5}",{},"[{""coverage"": 0.268, ""f1"": 0.2838983050847458, ""fragments"": 6, ""matched_predicted_cluster"": 109, ""overlap"": 67, ""passes_discovery_thresholds"": false, ""precision"": 0.30180180180180183, ""purity"": 0.30180180180180183, ""recall"": 0.268, ""target"": ""cluster_0"", ""target_label"": 0, ""target_noise_loss"": 0.128, ""target_size"": 250}, {""coverage"": 0.488, ""f1"": 0.4087102177554439, ""fragments"": 4, ""matched_predicted_cluster"": 112, ""overlap"": 122, ""passes_discovery_thresholds"": false, ""precision"": 0.3515850144092219, ""purity"": 0.3515850144092219, ""recall"": 0.488, ""target"": ""cluster_1"", ""target_label"": 1, ""target_noise_loss"": 0.148, ""target_size"": 250}]",,native_target_discovery_v1
synthetic__moons_noise975__quality__n20000__OPTICS__211__5c09417a907a,ok,synthetic,moons_noise975__quality__n20000,OPTICS,211,0.2.4,20000,2,0.0580637000002752,15.999983300000167,19.01578830000108,190.3046875,4.01953125,192.2890625,,,evaluation_state/synthetic__moons_noise975__quality__n20000__OPTICS__211__5c09417a907a.npz,f6362cd6bce30580be40f1883e3e23692766928e8f5246ecd3faf41d3f45143a,4122,0.1606234961058081,0.0241072408419129,5,3,0.9889743589743588,known_synthetic_noise,0.5674871794871794,0.5844533243992955,3.0,3,0,0.1,0.9,full_partition,target-discovery-v1,1,0.05,0.106,0.1694618009976372,0.8540000000000001,0.4475968992248061,2,pairwise_f1,hungarian,1.5,0,6,0.2891142716263882,0.983627460981332,0.983627460981332,0.975,0.9783380681818182,0.9889743589743588,0.0265430677107323,0.1276654666297424,0.0148112449799196,0.9856,6,macro,0,0,0.146,0.1852791878172588,0.2534722222222222,0.146,5,2,0.0,0.0,2,4,0.0,0.106,0.0,0.1694618009976372,0.4475968992248061,"{""dimension"": 2, ""family"": ""moons"", ""n"": 20000}","{""geometry_profile"": ""low_dim"", ""knn_backend"": ""kd_tree"", ""max_eps"": 0.09148071706295013, ""max_eps_quantile"": 0.98, ""min_cluster_size"": 40, ""min_samples"": 5, ""xi"": 0.1}",{},"[{""coverage"": 0.076, ""f1"": 0.12969283276450513, ""fragments"": 1, ""matched_predicted_cluster"": 0, ""overlap"": 19, ""passes_discovery_thresholds"": false, ""precision"": 0.4418604651162791, ""purity"": 0.4418604651162791, ""recall"": 0.076, ""target"": ""cluster_0"", ""target_label"": 0, ""target_noise_loss"": 0.924, ""target_size"": 250}, {""coverage"": 0.136, ""f1"": 0.20923076923076928, ""fragments"": 2, ""matched_predicted_cluster"": 1, ""overlap"": 34, ""passes_discovery_thresholds"": false, ""precision"": 0.4533333333333333, ""purity"": 0.4533333333333333, ""recall"": 0.136, ""target"": ""cluster_1"", ""target_label"": 1, ""target_noise_loss"": 0.784, ""target_size"": 250}]",,native_target_discovery_v1
synthetic__moons_noise975__quality__n20000__OPTICS__223__78e234e18e5b,ok,synthetic,moons_noise975__quality__n20000,OPTICS,223,0.2.4,20000,2,0.0625952000009419,15.845142500000293,18.93854090000059,189.984375,4.02734375,190.1640625,,,evaluation_state/synthetic__moons_noise975__quality__n20000__OPTICS__223__78e234e18e5b.npz,d9eea757281225f1830136c489dad9ec55884248e0e433fabcbe5a06e50df9c5,3472,0.0581382374681794,0.004907176742779,2,1,0.9963589743589744,known_synthetic_noise,0.5161794871794871,0.5235444638774546,1.0,1,0,0.1,0.9,full_partition,target-discovery-v1,0,0.05,0.036,0.0610169491525423,0.964,0.2,1,pairwise_f1,hungarian,0.5,0,2,0.1149219207742562,0.9859683844611912,0.9859683844611912,0.975,0.975792275626538,0.9963589743589744,0.0047673947589817,0.0790289256198347,0.0024578313253012,0.99555,2,macro,0,0,0.036,0.0611205432937181,0.2022471910112359,0.036,2,2,0.0,0.0,2,1,0.0,0.036,0.0,0.0610169491525423,0.2,"{""dimension"": 2, ""family"": ""moons"", ""n"": 20000}","{""geometry_profile"": ""low_dim"", ""knn_backend"": ""kd_tree"", ""max_eps"": 0.092486672103405, ""max_eps_quantile"": 0.98, ""min_cluster_size"": 40, ""min_samples"": 5, ""xi"": 0.1}",{},"[{""coverage"": 0.072, ""f1"": 0.12203389830508474, ""fragments"": 1, ""matched_predicted_cluster"": 0, ""overlap"": 18, ""passes_discovery_thresholds"": false, ""precision"": 0.4, ""purity"": 0.4, ""recall"": 0.072, ""target"": ""cluster_0"", ""target_label"": 0, ""target_noise_loss"": 0.928, ""target_size"": 250}, {""coverage"": 0.0, ""f1"": 0.0, ""fragments"": 0, ""matched_predicted_cluster"": null, ""overlap"": 0, ""passes_discovery_thresholds"": false, ""precision"": 0.0, ""purity"": 0.0, ""recall"": 0.0, ""target"": ""cluster_1"", ""target_label"": 1, ""target_noise_loss"": 1.0, ""target_size"": 250}]",,native_target_discovery_v1
synthetic__moons_noise975__quality__n20000__OPTICS__227__9c4ea146156c,ok,synthetic,moons_noise975__quality__n20000,OPTICS,227,0.2.4,20000,2,0.0576362000010703,15.795138900000891,18.82208309999988,191.46484375,5.5625,191.5078125,,,evaluation_state/synthetic__moons_noise975__quality__n20000__OPTICS__227__9c4ea146156c.npz,595c4872ec77a0cb15c323fcd4d6cad1c8218622dbf570e74f8eda32fb26b89d,3709,0.0,0.0,3,3,0.9913846153846154,known_synthetic_noise,0.4956923076923077,0.4915081867181938,1.5,0,0,0.1,0.9,full_partition,target-discovery-v1,0,0.05,0.0,0.0,1.0,0.0,0,pairwise_f1,hungarian,0.0,0,3,0.0,0.9830163734363876,0.9830163734363876,0.975,0.9747882210568778,0.9913846153846154,0.0,0.0,0.0,0.9916,3,macro,0,0,0.0,0.0,0.0,0.0,3,2,0.0,0.0,2,3,0.0,0.0,0.0,0.0,0.0,"{""dimension"": 2, ""family"": ""moons"", ""n"": 20000}","{""geometry_profile"": ""low_dim"", ""knn_backend"": ""kd_tree"", ""max_eps"": 0.09249420464038849, ""max_eps_quantile"": 0.98, ""min_cluster_size"": 40, ""min_samples"": 5, ""xi"": 0.1}",{},"[{""coverage"": 0.0, ""f1"": 0.0, ""fragments"": 0, ""matched_predicted_cluster"": null, ""overlap"": 0, ""passes_discovery_thresholds"": false, ""precision"": 0.0, ""purity"": 0.0, ""recall"": 0.0, ""target"": ""cluster_0"", ""target_label"": 0, ""target_noise_loss"": 1.0, ""target_size"": 250}, {""coverage"": 0.0, ""f1"": 0.0, ""fragments"": 0, ""matched_predicted_cluster"": null, ""overlap"": 0, ""passes_discovery_thresholds"": false, ""precision"": 0.0, ""purity"": 0.0, ""recall"": 0.0, ""target"": ""cluster_1"", ""target_label"": 1, ""target_noise_loss"": 1.0, ""target_size"": 250}]",,native_target_discovery_v1
synthetic__moons_noise975__quality__n20000__OPTICS__229__8add452ecacb,ok,synthetic,moons_noise975__quality__n20000,OPTICS,229,0.2.4,20000,2,0.0597206999991613,15.794309599999906,18.85846709999896,190.06640625,4.17578125,190.1484375,,,evaluation_state/synthetic__moons_noise975__quality__n20000__OPTICS__229__8add452ecacb.npz,b94550dd537e27b6ebd2d5ac0d71b66cc264ef497aa2b1fd5019215913da3754,3476,0.0,0.0,2,2,0.9952307692307693,known_synthetic_noise,0.4976153846153846,0.4924759560484178,1.0,0,0,0.1,0.9,full_partition,target-discovery-v1,0,0.05,0.0,0.0,1.0,0.0,0,pairwise_f1,hungarian,0.0,0,2,0.0,0.9849519120968356,0.9849519120968356,0.975,0.9748832069121416,0.9952307692307693,0.0,0.0,0.0,0.99535,2,macro,0,0,0.0,0.0,0.0,0.0,2,2,0.0,0.0,2,2,0.0,0.0,0.0,0.0,0.0,"{""dimension"": 2, ""family"": ""moons"", ""n"": 20000}","{""geometry_profile"": ""low_dim"", ""knn_backend"": ""kd_tree"", ""max_eps"": 0.09259667992591858, ""max_eps_quantile"": 0.98, ""min_cluster_size"": 40, ""min_samples"": 5, ""xi"": 0.1}",{},"[{""coverage"": 0.0, ""f1"": 0.0, ""fragments"": 0, ""matched_predicted_cluster"": null, ""overlap"": 0, ""passes_discovery_thresholds"": false, ""precision"": 0.0, ""purity"": 0.0, ""recall"": 0.0, ""target"": ""cluster_0"", ""target_label"": 0, ""target_noise_loss"": 1.0, ""target_size"": 250}, {""coverage"": 0.0, ""f1"": 0.0, ""fragments"": 0, ""matched_predicted_cluster"": null, ""overlap"": 0, ""passes_discovery_thresholds"": false, ""precision"": 0.0, ""purity"": 0.0, ""recall"": 0.0, ""target"": ""cluster_1"", ""target_label"": 1, ""target_noise_loss"": 1.0, ""target_size"": 250}]",,native_target_discovery_v1
synthetic__moons_noise975__quality__n20000__OPTICS__233__1e0225ff39b0,ok,synthetic,moons_noise975__quality__n20000,OPTICS,233,0.2.4,20000,2,0.0581824999990203,15.925588000000062,18.96419160000005,192.43359375,6.61328125,192.43359375,,,evaluation_state/synthetic__moons_noise975__quality__n20000__OPTICS__233__1e0225ff39b0.npz,54748050a1000b13d4af9f24d8f0020abaef240a3a2a4d9264a0d9d0b4c5d03e,3608,0.0,0.0,3,3,0.9933333333333332,known_synthetic_noise,0.4966666666666666,0.491998983997968,1.5,0,0,0.1,0.9,full_partition,target-discovery-v1,0,0.05,0.0,0.0,1.0,0.0,0,pairwise_f1,hungarian,0.0,0,3,0.0,0.983997967995936,0.983997967995936,0.975,0.9748364368394564,0.9933333333333332,0.0,0.0,0.0,0.9935,3,macro,0,0,0.0,0.0,0.0,0.0,3,2,0.0,0.0,2,3,0.0,0.0,0.0,0.0,0.0,"{""dimension"": 2, ""family"": ""moons"", ""n"": 20000}","{""geometry_profile"": ""low_dim"", ""knn_backend"": ""kd_tree"", ""max_eps"": 0.09204954653978348, ""max_eps_quantile"": 0.98, ""min_cluster_size"": 40, ""min_samples"": 5, ""xi"": 0.1}",{},"[{""coverage"": 0.0, ""f1"": 0.0, ""fragments"": 0, ""matched_predicted_cluster"": null, ""overlap"": 0, ""passes_discovery_thresholds"": false, ""precision"": 0.0, ""purity"": 0.0, ""recall"": 0.0, ""target"": ""cluster_0"", ""target_label"": 0, ""target_noise_loss"": 1.0, ""target_size"": 250}, {""coverage"": 0.0, ""f1"": 0.0, ""fragments"": 0, ""matched_predicted_cluster"": null, ""overlap"": 0, ""passes_discovery_thresholds"": false, ""precision"": 0.0, ""purity"": 0.0, ""recall"": 0.0, ""target"": ""cluster_1"", ""target_label"": 1, ""target_noise_loss"": 1.0, ""target_size"": 250}]",,native_target_discovery_v1
synthetic__moons_noise975__quality__n20000__SNN-DBSCAN__211__225c42922103,ok,synthetic,moons_noise975__quality__n20000,SNN-DBSCAN,211,0.2.4,20000,2,0.0577907999995659,0.2269040999999561,3.98081700000148,252.46875,25.64453125,246.359375,,,evaluation_state/synthetic__moons_noise975__quality__n20000__SNN-DBSCAN__211__225c42922103.npz,73ced872314d0e6c168c43792e40be94f8f7165cf4c703d348c4456e4ab55760,39890,0.2740770197997703,0.0518457892416403,521,477,0.092051282051282,known_synthetic_noise,0.496025641025641,0.1082168549902468,263.5,50,0,0.1,0.9,full_partition,target-discovery-v1,10,0.05,0.12,0.1830762038335671,0.1,0.4017543859649123,2,pairwise_f1,hungarian,6.0,0,527,0.1753172771776921,0.1681892714921527,0.1681892714921527,0.975,0.97289972899729,0.092051282051282,0.0104595661653495,0.0058231299460153,0.0513253012048192,0.09225,527,macro,0,0,0.9,0.0482444384883409,0.0247865601762599,0.9,521,2,0.0,0.0,2,525,0.0,0.12,0.0,0.1830762038335671,0.4017543859649122,"{""dimension"": 2, ""family"": ""moons"", ""n"": 20000}","{""eps"": 13, ""geometry_profile"": ""low_dim"", ""k"": 20, ""knn_backend"": ""kd_tree"", ""min_samples"": 5}",{},"[{""coverage"": 0.128, ""f1"": 0.1855072463768116, ""fragments"": 7, ""matched_predicted_cluster"": 87, ""overlap"": 32, ""passes_discovery_thresholds"": false, ""precision"": 0.3368421052631579, ""purity"": 0.3368421052631579, ""recall"": 0.128, ""target"": ""cluster_0"", ""target_label"": 0, ""target_noise_loss"": 0.12, ""target_size"": 250}, {""coverage"": 0.112, ""f1"": 0.1806451612903226, ""fragments"": 5, ""matched_predicted_cluster"": 351, ""overlap"": 28, ""passes_discovery_thresholds"": false, ""precision"": 0.4666666666666667, ""purity"": 0.4666666666666667, ""recall"": 0.112, ""target"": ""cluster_1"", ""target_label"": 1, ""target_noise_loss"": 0.08, ""target_size"": 250}]",,native_target_discovery_v1
synthetic__moons_noise975__quality__n20000__SNN-DBSCAN__223__33f7c8812c54,ok,synthetic,moons_noise975__quality__n20000,SNN-DBSCAN,223,0.2.4,20000,2,0.058930600000167,0.2258032000008825,4.020939199999702,251.9765625,25.19140625,244.91015625,,,evaluation_state/synthetic__moons_noise975__quality__n20000__SNN-DBSCAN__223__33f7c8812c54.npz,04ff7d47ad1114bc2df80f665188eabbf2a5f25af3474b4ff4ae501a6a8870fe,39692,0.2924824433534345,0.0612507917985714,508,467,0.0885641025641025,known_synthetic_noise,0.5162820512820513,0.1064315182550993,257.0,47,0,0.1,0.9,full_partition,target-discovery-v1,13,0.05,0.118,0.1729951226273704,0.056,0.3290253435884503,2,pairwise_f1,hungarian,7.5,0,514,0.1675849681853969,0.1625029404845918,0.1625029404845918,0.975,0.984045584045584,0.0885641025641025,0.0119661321626399,0.0066330100882481,0.0610602409638554,0.08775,514,macro,0,0,0.944,0.0503600960256068,0.0258701013976431,0.944,508,2,0.0,0.0,2,512,0.0,0.118,0.0,0.1729951226273704,0.3290253435884503,"{""dimension"": 2, ""family"": ""moons"", ""n"": 20000}","{""eps"": 13, ""geometry_profile"": ""low_dim"", ""k"": 20, ""knn_backend"": ""kd_tree"", ""min_samples"": 5}",{},"[{""coverage"": 0.104, ""f1"": 0.15902140672782875, ""fragments"": 9, ""matched_predicted_cluster"": 88, ""overlap"": 26, ""passes_discovery_thresholds"": false, ""precision"": 0.33766233766233766, ""purity"": 0.33766233766233766, ""recall"": 0.104, ""target"": ""cluster_0"", ""target_label"": 0, ""target_noise_loss"": 0.068, ""target_size"": 250}, {""coverage"": 0.132, ""f1"": 0.18696883852691218, ""fragments"": 6, ""matched_predicted_cluster"": 44, ""overlap"": 33, ""passes_discovery_thresholds"": false, ""precision"": 0.32038834951456313, ""purity"": 0.32038834951456313, ""recall"": 0.132, ""target"": ""cluster_1"", ""target_label"": 1, ""target_noise_loss"": 0.044, ""target_size"": 250}]",,native_target_discovery_v1
synthetic__moons_noise975__quality__n20000__SNN-DBSCAN__227__d96daaf8870e,ok,synthetic,moons_noise975__quality__n20000,SNN-DBSCAN,227,0.2.4,20000,2,0.0581564999993133,0.2303687000003265,3.991129299998647,252.51171875,25.578125,248.5625,,,evaluation_state/synthetic__moons_noise975__quality__n20000__SNN-DBSCAN__227__d96daaf8870e.npz,ef537230de7e9c69bb6e1d93bb608fc4a7fa3c575e968db558a96ddcbbdf09ae,39040,0.2863509214141712,0.0733958525981508,478,439,0.0907692307692307,known_synthetic_noise,0.5163846153846153,0.1082883120149558,242.0,45,0,0.1,0.9,full_partition,target-discovery-v1,13,0.05,0.164,0.2201778661823632,0.0579999999999999,0.3348993735838997,2,pairwise_f1,hungarian,7.5,0,484,0.189421756055808,0.1662049861495844,0.1662049861495844,0.975,0.9838799332962757,0.0907692307692307,0.0128954759843841,0.0070435393154184,0.0762248995983935,0.08995,484,macro,0,0,0.942,0.0503716378803272,0.0258776990275259,0.942,478,2,0.0,0.0,2,482,0.0,0.164,0.0,0.2201778661823632,0.3348993735838997,"{""dimension"": 2, ""family"": ""moons"", ""n"": 20000}","{""eps"": 13, ""geometry_profile"": ""low_dim"", ""k"": 20, ""knn_backend"": ""kd_tree"", ""min_samples"": 5}",{},"[{""coverage"": 0.14, ""f1"": 0.18766756032171583, ""fragments"": 8, ""matched_predicted_cluster"": 34, ""overlap"": 35, ""passes_discovery_thresholds"": false, ""precision"": 0.2845528455284553, ""purity"": 0.2845528455284553, ""recall"": 0.14, ""target"": ""cluster_0"", ""target_label"": 0, ""target_noise_loss"": 0.052, ""target_size"": 250}, {""coverage"": 0.188, ""f1"": 0.2526881720430107, ""fragments"": 7, ""matched_predicted_cluster"": 136, ""overlap"": 47, ""passes_discovery_thresholds"": false, ""precision"": 0.38524590163934425, ""purity"": 0.38524590163934425, ""recall"": 0.188, ""target"": ""cluster_1"", ""target_label"": 1, ""target_noise_loss"": 0.064, ""target_size"": 250}]",,native_target_discovery_v1
synthetic__moons_noise975__quality__n20000__SNN-DBSCAN__229__c4a0ccf51061,ok,synthetic,moons_noise975__quality__n20000,SNN-DBSCAN,229,0.2.4,20000,2,0.0646180999992793,0.2252131000004738,4.039513199999419,246.828125,20.26953125,245.98046875,,,evaluation_state/synthetic__moons_noise975__quality__n20000__SNN-DBSCAN__229__c4a0ccf51061.npz,3c893ee2f760e39bc591dc7e45fe92d394c3057780dd650d96e9193618ba89df,39324,0.318250076277595,0.0992008345666689,492,453,0.0893846153846153,known_synthetic_noise,0.5076923076923077,0.106640800719748,247.0,41,0,0.1,0.9,full_partition,target-discovery-v1,11,0.05,0.196,0.250488255476379,0.074,0.3578947368421052,2,pairwise_f1,hungarian,6.5,0,494,0.1980860762761551,0.1638157894736842,0.1638157894736842,0.975,0.9792134831460674,0.0893846153846153,0.017458468041534,0.0095796743755839,0.0983293172690763,0.089,494,macro,0,0,0.926,0.0494658119658119,0.0254116355653128,0.926,492,2,0.0,0.0,2,492,0.0,0.196,0.0,0.250488255476379,0.3578947368421052,"{""dimension"": 2, ""family"": ""moons"", ""n"": 20000}","{""eps"": 13, ""geometry_profile"": ""low_dim"", ""k"": 20, ""knn_backend"": ""kd_tree"", ""min_samples"": 5}",{},"[{""coverage"": 0.216, ""f1"": 0.25653206650831356, ""fragments"": 6, ""matched_predicted_cluster"": 57, ""overlap"": 54, ""passes_discovery_thresholds"": false, ""precision"": 0.3157894736842105, ""purity"": 0.3157894736842105, ""recall"": 0.216, ""target"": ""cluster_0"", ""target_label"": 0, ""target_noise_loss"": 0.052, ""target_size"": 250}, {""coverage"": 0.176, ""f1"": 0.24444444444444444, ""fragments"": 7, ""matched_predicted_cluster"": 197, ""overlap"": 44, ""passes_discovery_thresholds"": false, ""precision"": 0.4, ""purity"": 0.4, ""recall"": 0.176, ""target"": ""cluster_1"", ""target_label"": 1, ""target_noise_loss"": 0.096, ""target_size"": 250}]",,native_target_discovery_v1
synthetic__moons_noise975__quality__n20000__SNN-DBSCAN__233__95e953281414,ok,synthetic,moons_noise975__quality__n20000,SNN-DBSCAN,233,0.2.4,20000,2,0.058549800000037,0.2247047000000748,4.030914000000848,255.2734375,28.23046875,244.41015625,,,evaluation_state/synthetic__moons_noise975__quality__n20000__SNN-DBSCAN__233__95e953281414.npz,6f669a001a676d8b617a07624d66378d1c4d20e81da7da0522984c42589f9026,39259,0.3176393014224398,0.0837809613274197,498,466,0.0912307692307692,known_synthetic_noise,0.5136153846153846,0.1085194842914019,251.0,36,0,0.1,0.9,full_partition,target-discovery-v1,15,0.05,0.162,0.223159509202454,0.064,0.3830615270570793,2,pairwise_f1,hungarian,8.5,0,502,0.1910091869549059,0.1669560320961005,0.1669560320961005,0.975,0.9823302043070128,0.0912307692307692,0.0144679942341572,0.0079272948972176,0.082714859437751,0.09055,502,macro,0,0,0.936,0.0500829364867034,0.0257298367144977,0.936,498,2,0.0,0.0,2,500,0.0,0.162,0.0,0.223159509202454,0.3830615270570793,"{""dimension"": 2, ""family"": ""moons"", ""n"": 20000}","{""eps"": 13, ""geometry_profile"": ""low_dim"", ""k"": 20, ""knn_backend"": ""kd_tree"", ""min_samples"": 5}",{},"[{""coverage"": 0.196, ""f1"": 0.25000000000000006, ""fragments"": 7, ""matched_predicted_cluster"": 109, ""overlap"": 49, ""passes_discovery_thresholds"": false, ""precision"": 0.34507042253521125, ""purity"": 0.34507042253521125, ""recall"": 0.196, ""target"": ""cluster_0"", ""target_label"": 0, ""target_noise_loss"": 0.088, ""target_size"": 250}, {""coverage"": 0.128, ""f1"": 0.19631901840490798, ""fragments"": 10, ""matched_predicted_cluster"": 175, ""overlap"": 32, ""passes_discovery_thresholds"": false, ""precision"": 0.42105263157894735, ""purity"": 0.42105263157894735, ""recall"": 0.128, ""target"": ""cluster_1"", ""target_label"": 1, ""target_noise_loss"": 0.04, ""target_size"": 250}]",,native_target_discovery_v1
synthetic__moons_noise975__quality__n20000__StrataSCAN__211__15ee2baf5d1a,ok,synthetic,moons_noise975__quality__n20000,StrataSCAN,211,0.2.4,20000,2,0.0592478999988088,0.8781801999994059,4.095327199998792,240.75390625,54.52734375,240.60546875,,,evaluation_state/synthetic__moons_noise975__quality__n20000__StrataSCAN__211__15ee2baf5d1a.npz,92fb983a7b830dd1ab19c5abc38015ea2c725f45b1808ee5085fc67945727e8c,5705,0.2854996656495714,0.066591087747781,13,5,0.9750769230769232,known_synthetic_noise,0.7815384615384615,0.7207515495867769,9.0,13,0,0.1,0.9,full_partition,target-discovery-v1,9,0.05,0.1699999999999999,0.2442818084822619,0.412,0.4491525423728814,2,pairwise_f1,hungarian,5.5,0,18,0.3912493314505951,0.9821280991735536,0.9821280991735536,0.975,0.9892819979188344,0.9750769230769232,0.0946832913174808,0.1615140244847357,0.0669718875502008,0.961,18,macro,0,0,0.588,0.459375,0.3769230769230769,0.588,13,2,0.0,0.0,2,16,0.0,0.17,0.0,0.2442818084822619,0.4491525423728814,"{""dimension"": 2, ""family"": ""moons"", ""n"": 20000}","{""ambiguous_model_confirmation_tolerance"": 1e-05, ""assignment"": ""maximum_posterior_basis_then_semantic_role"", ""background_model"": ""adaptive_gamma_basis_mixture_with_largest_rate_gap"", ""background_scan"": ""adaptive_dyadic_rank_windows_with_poisson_beta_boundary_code"", ""border_rule"": ""strict_local_core_radius"", ""component_initialization"": ""compiled_split_warm_single_start_with_guarded_confirmation"", ""component_selection"": ""semantic_icl_with_adaptive_bound"", ""connectivity"": ""density_ordered_non_merging_knn_watershed"", ""core_thresholds"": ""observed_d4_event_sweep"", ""duplicate_profile_confirmation_minimum"": 3, ""duplicate_profile_confirmation_tolerance"": 1e-08, ""extraction_objective"": ""gamma_topology_description_length"", ""fit_samples"": ""all_rows"", ""gamma_tolerance"": 0.0001, ""geometry_profile"": ""low_dim"", ""hard_component_bound"": 24, ""initial_component_bound"": 8, ""k"": 32, ""knn_backend"": ""kd_tree"", ""shell_ranks"": [4, 8, 16, 32], ""stratification_model"": ""adaptive_gamma_density_basis_with_semantic_background"", ""version"": ""0.2.3""}","{""algorithm"": ""OptimizationStrataSCAN"", ""algorithm_version"": ""0.2.3"", ""graph_seconds"": 0.2031717000008939, ""mdl_gamma_adaptive_search"": true, ""mdl_gamma_assignment"": ""maximum_posterior_basis_then_semantic_role"", ""mdl_gamma_background_basis_components"": [1, 2, 3, 4, 5, 6], ""mdl_gamma_background_boundary"": ""largest_rate_gap"", ""mdl_gamma_background_components"": 6, ""mdl_gamma_background_distribution"": ""gamma_components"", ""mdl_gamma_background_fraction"": 0.9711, ""mdl_gamma_background_group"": 1, ""mdl_gamma_candidate_components"": [1, 2, 3, 4, 5, 6, 7, 8, 9, 10, 11, 12], ""mdl_gamma_candidate_converged"": [true, true, true, true, true, true, true, true, true, true, true, true], ""mdl_gamma_candidate_entropies"": [-0.0, 9990.35202294754, 1014.9470615233975, 737.7753414136353, 771.9421252840937, 675.7893648692667, 652.1704897412463, 703.6690077713454, 753.675604898946, 725.5532133326419, 724.826410138673, 716.0701326654926], ""mdl_gamma_candidate_iterations"": [2, 5, 59, 7, 6, 6, 5, 5, 6, 5, 4, 4], ""mdl_gamma_candidate_log_likelihoods"": [-89928.36383617434, -88595.46505889097, -87263.61400147586, -87253.95132089272, -87247.69492134821, -87255.84938286986, -87257.77915490995, -87242.5466134217, -87242.4671094877, -87242.37488199388, -87246.95901096251, -87243.08539009372], ""mdl_gamma_candidate_role_gains_nats"": [[0.0], [0.0, 0.0], [0.0, 0.0, 0.0], [0.0, 0.0, 0.0, 0.0], [0.0, 0.0, 0.0, 0.0, 0.0], [0.0, 0.0, 0.0, 0.0, 0.0, 0.0], [0.0, 0.0, 0.0, 0.0, 0.0, 0.0, 0.0], [0.0, 0.0, 0.0, 0.0, 0.0, 0.0, 0.0, 0.0], [0.0, 0.0, 0.0, 0.0, 0.0, 0.0, 0.0, 0.0, 0.0], [0.0, 0.0, 0.0, 0.0, 0.0, 0.0, 0.0, 0.0, 0.0, 0.0], [0.0, 0.0, 0.0, 0.0, 0.0, 0.0, 0.0, 0.0, 0.0, 0.0, 0.0], [0.0, 0.0, 0.0, 0.0, 0.0, 0.0, 0.0, 0.0, 0.0, 0.0, 0.0, 0.0]], ""mdl_gamma_candidate_role_threshold_sizes"": [[0], [0, 0], [0, 0, 0], [0, 0, 0, 0], [0, 0, 0, 0, 0], [0, 0, 0, 0, 0, 0], [0, 0, 0, 0, 0, 0, 0], [0, 0, 0, 0, 0, 0, 0, 0], [0, 0, 0, 0, 0, 0, 0, 0, 0], [0, 0, 0, 0, 0, 0, 0, 0, 0, 0], [0, 0, 0, 0, 0, 0, 0, 0, 0, 0, 0], [0, 0, 0, 0, 0, 0, 0, 0, 0, 0, 0, 0]], ""mdl_gamma_candidate_scores"": [179876.53464745375, 197221.1516014397, 176636.3500264188, 176092.39168769063, 176177.92291900012, 176031.63678387136, 176017.9690403531, 176120.2114560944, 176249.77610513923, 176223.0573296766, 176260.48244388352, 176264.9331098572], ""mdl_gamma_candidate_signal_components"": [[], [0], [0], [0], [0], [0], [0], [0], [0], [0], [0], [0]], ""mdl_gamma_criterion"": ""icl"", ""mdl_gamma_entropy_scope"": ""semantic"", ""mdl_gamma_fit_samples"": 20000, ""mdl_gamma_grouping"": ""largest_rate_gap"", ""mdl_gamma_guarded_confirmation"": true, ""mdl_gamma_log_rate_gaps"": [], ""mdl_gamma_mean_background_probability"": 0.9752204103233667, ""mdl_gamma_mean_posterior_entropy"": 0.032608524487062314, ""mdl_gamma_mu"": [2.096120924396061, 1.4234454308271172, 1.306763136753041, 1.4500503320847962, 1.219177288737578, 1.172588039631945, 1.0207724282977946], ""mdl_gamma_n_init"": 1, ""mdl_gamma_ranks"": [4, 8, 16, 32], ""mdl_gamma_rates"": [[7.435293929473967, 7.108538778615551, 6.796143373266222, 6.497476652858016], [4.135286679938379, 4.127253892865887, 4.119236709468095, 4.111235099434895], [3.810571524780934, 3.870126555601795, 3.9306123658800165, 3.9920435026721006], [3.8075878863510995, 3.5983257429618587, 3.4005644883145, 3.2136720422835356], [3.3668704975033177, 3.358138730961834, 3.3494296097068244, 3.3407430750091636], [3.3482189990868285, 3.408760801012201, 3.4703973072509324, 3.5331483120195077], [2.3922373941283683, 2.2209996784883095, 2.062019256095817, 1.914418742916683]], ""mdl_gamma_role_evidence_neighbour_ranks"": [], ""mdl_gamma_search_caps"": [8, 12], ""mdl_gamma_search_hard_max"": 24, ""mdl_gamma_search_hit_hard_max"": false, ""mdl_gamma_search_initial_max"": 8, ""mdl_gamma_selected_components"": 7, ""mdl_gamma_signal_basis_components"": [0], ""mdl_gamma_signal_components"": 1, ""mdl_gamma_slopes"": [-0.06483674360112095, -0.0028051579591047886, 0.02237334905902999, -0.08155154295151168, -0.0037463988341656248, 0.025853472231318553, -0.10715137871363128], ""mdl_gamma_split_warm_start"": true, ""mdl_gamma_tolerance"": 0.0001, ""mdl_gamma_weights"": [0.024079624678940845, 0.12539369187365423, 0.20344750263247036, 0.241631084643412, 0.13466035768477455, 0.24304556344201975, 0.027742175044729582], ""optimization_background_events"": [], ""optimization_background_intrinsic_dimension"": 2.007779691055606, ""optimization_border_fraction"": 0.01215, ""optimization_border_model"": ""strict_local_core_radius"", ""optimization_border_seconds"": 0.003482300000541727, ""optimization_boundary_component_gains_nats"": [[0.0, 0.0, 0.0, 0.0, 0.0, 0.0, 0.0, 0.0, 0.0, 0.0, 0.0, 0.0, 0.0, 0.0, 0.0, 0.0, 0.0, 0.0, 0.0, 0.0, 0.0, 0.0, 0.0, 0.0, 0.0, 0.0, 0.0, 0.0, 0.0, 0.0, 0.0, 0.0, 0.0, 0.0, 0.0, 0.0, 0.0, 0.0, 0.0, 0.0, 0.0, 0.0, 0.0, 0.0, 0.0, 0.0, 0.0], []], ""optimization_candidate_groups"": [0, 1], ""optimization_clusters"": 18, ""optimization_connectivity_rank"": 4, ""optimization_core_fraction"": 0.02685, ""optimization_core_rank"": 4, ""optimization_description_gain_nats"": 9644.221339921942, ""optimization_group_gains_nats"": [5290.854683182787, 0.0], ""optimization_group_sizes"": [578, 19422], ""optimization_noise_fraction"": 0.961, ""optimization_objective"": ""gamma_topology_component_and_attachment_description_gain"", ""optimization_objective_trace"": [0.0, -9644.221339921942], ""optimization_ordering_modes"": [""d4"", ""adaptive_d4_rank_windows_with_beta_boundary_code""], ""optimization_seconds"": 0.055387700000210316, ""optimization_selected_component_gains_nats"": [174.98726364513692, 172.98104086088145, 1170.5854001088007, 951.4489480168933, 137.42270300251448, 1692.1959139113387, 357.6457464653437, 171.6660000383044, 453.3633988148396, 915.6618625887976, 547.3419815474448, 624.9013243368328, 514.5335846907315, 13.974634205774205, 862.3322734677727, 335.24298555414674, 0.4675481574902314, 206.27224644477468, 39.887625416512044, 86.62802216571407, 34.53120279661071, 0.2603224936927564], ""optimization_selected_groups"": [0], ""optimization_selected_local_components"": [22, 0], ""optimization_solver"": ""exact_stratum_event_sweep"", ""optimization_sparse_memory"": true, ""optimization_threshold_seconds"": 0.05212949999986449, ""optimization_threshold_sizes"": [575, 0], ""optimization_thresholds"": [0.06595051288604736, 0.0], ""optimization_topology_evidence_ranks"": [5, 8], ""optimization_unified_background_scan"": true, ""stratification"": ""adaptive-semantic-information-criterion-gamma-v2""}","[{""coverage"": 0.188, ""f1"": 0.2554347826086957, ""fragments"": 5, ""matched_predicted_cluster"": 2, ""overlap"": 47, ""passes_discovery_thresholds"": false, ""precision"": 0.3983050847457627, ""purity"": 0.3983050847457627, ""recall"": 0.188, ""target"": ""cluster_0"", ""target_label"": 0, ""target_noise_loss"": 0.428, ""target_size"": 250}, {""coverage"": 0.152, ""f1"": 0.2331288343558282, ""fragments"": 6, ""matched_predicted_cluster"": 4, ""overlap"": 38, ""passes_discovery_thresholds"": false, ""precision"": 0.5, ""purity"": 0.5, ""recall"": 0.152, ""target"": ""cluster_1"", ""target_label"": 1, ""target_noise_loss"": 0.396, ""target_size"": 250}]",,native_target_discovery_v1
synthetic__moons_noise975__quality__n20000__StrataSCAN__223__5b8001c7a2e0,ok,synthetic,moons_noise975__quality__n20000,StrataSCAN,223,0.2.4,20000,2,0.0608501999995496,2.5205430000005435,5.723169200000484,255.4375,68.96875,255.4375,,,evaluation_state/synthetic__moons_noise975__quality__n20000__StrataSCAN__223__5b8001c7a2e0.npz,0d94e88aa161253f962ff84aa92db1f853f1dc91a4f979de51ac925ccfa25d94,6738,0.3677911695206335,0.1576416270397548,28,20,0.958153846153846,known_synthetic_noise,0.837076923076923,0.7013609772067351,14.0,8,0,0.1,0.9,full_partition,target-discovery-v1,5,0.05,0.288,0.3504390128144281,0.284,0.4512910798122066,2,pairwise_f1,hungarian,3.5,0,28,0.5155701572368768,0.9750039137922036,0.9750039137922036,0.975,0.9924572399872515,0.958153846153846,0.1602158124092135,0.1657535422928295,0.1550361445783132,0.9413,28,macro,0,0,0.716,0.4277180406212664,0.3049403747870528,0.716,28,2,0.0,0.0,2,26,0.0,0.288,0.0,0.3504390128144281,0.4512910798122065,"{""dimension"": 2, ""family"": ""moons"", ""n"": 20000}","{""ambiguous_model_confirmation_tolerance"": 1e-05, ""assignment"": ""maximum_posterior_basis_then_semantic_role"", ""background_model"": ""adaptive_gamma_basis_mixture_with_largest_rate_gap"", ""background_scan"": ""adaptive_dyadic_rank_windows_with_poisson_beta_boundary_code"", ""border_rule"": ""strict_local_core_radius"", ""component_initialization"": ""compiled_split_warm_single_start_with_guarded_confirmation"", ""component_selection"": ""semantic_icl_with_adaptive_bound"", ""connectivity"": ""density_ordered_non_merging_knn_watershed"", ""core_thresholds"": ""observed_d4_event_sweep"", ""duplicate_profile_confirmation_minimum"": 3, ""duplicate_profile_confirmation_tolerance"": 1e-08, ""extraction_objective"": ""gamma_topology_description_length"", ""fit_samples"": ""all_rows"", ""gamma_tolerance"": 0.0001, ""geometry_profile"": ""low_dim"", ""hard_component_bound"": 24, ""initial_component_bound"": 8, ""k"": 32, ""knn_backend"": ""kd_tree"", ""shell_ranks"": [4, 8, 16, 32], ""stratification_model"": ""adaptive_gamma_density_basis_with_semantic_background"", ""version"": ""0.2.3""}","{""algorithm"": ""OptimizationStrataSCAN"", ""algorithm_version"": ""0.2.3"", ""graph_seconds"": 0.19322770000144374, ""mdl_gamma_adaptive_search"": true, ""mdl_gamma_ambiguity_confirmation"": true, ""mdl_gamma_ambiguity_confirmation_reason"": ""single_signal_high_order_interior"", ""mdl_gamma_assignment"": ""maximum_posterior_basis_then_semantic_role"", ""mdl_gamma_background_basis_components"": [1, 2, 3, 4, 5], ""mdl_gamma_background_boundary"": ""largest_rate_gap"", ""mdl_gamma_background_components"": 5, ""mdl_gamma_background_distribution"": ""gamma_components"", ""mdl_gamma_background_fraction"": 0.957, ""mdl_gamma_background_group"": 1, ""mdl_gamma_candidate_components"": [1, 2, 3, 4, 5, 6, 7, 8], ""mdl_gamma_candidate_converged"": [true, true, true, true, true, true, true, true], ""mdl_gamma_candidate_entropies"": [-0.0, 1634.9451657336238, 2067.8517268212227, 1735.9722969570814, 1294.227326945243, 1275.2113271292662, 1291.4248817577932, 1281.8151913581219], ""mdl_gamma_candidate_iterations"": [2, 53, 112, 76, 65, 48, 59, 53], ""mdl_gamma_candidate_log_likelihoods"": [-91111.76483677451, -88493.61268427948, -87856.00058655097, -87837.87075327938, -87813.20601457958, -87812.12829516627, -87808.69621167841, -87807.33768623283], ""mdl_gamma_candidate_role_gains_nats"": [[0.0], [0.0, 0.0], [0.0, 0.0, 0.0], [0.0, 0.0, 0.0, 0.0], [0.0, 0.0, 0.0, 0.0, 0.0], [0.0, 0.0, 0.0, 0.0, 0.0, 0.0], [0.0, 0.0, 0.0, 0.0, 0.0, 0.0, 0.0], [0.0, 0.0, 0.0, 0.0, 0.0, 0.0, 0.0, 0.0]], ""mdl_gamma_candidate_role_threshold_sizes"": [[0], [0, 0], [0, 0, 0], [0, 0, 0, 0], [0, 0, 0, 0, 0], [0, 0, 0, 0, 0, 0], [0, 0, 0, 0, 0, 0, 0], [0, 0, 0, 0, 0, 0, 0, 0]], ""mdl_gamma_candidate_scores"": [182243.3366486541, 180306.63313778886, 179926.93252716467, 179256.62446355083, 178353.51550878515, 178343.03853298418, 178398.31193792314, 178406.08596889023], ""mdl_gamma_candidate_signal_components"": [[], [0], [0], [0], [0], [0], [0], [0]], ""mdl_gamma_criterion"": ""icl"", ""mdl_gamma_entropy_scope"": ""semantic"", ""mdl_gamma_fit_samples"": 20000, ""mdl_gamma_grouping"": ""largest_rate_gap"", ""mdl_gamma_guarded_confirmation"": false, ""mdl_gamma_initial_selected_components"": 14, ""mdl_gamma_log_rate_gaps"": [], ""mdl_gamma_mean_background_probability"": 0.9612698442192638, ""mdl_gamma_mean_posterior_entropy"": 0.06376056635646331, ""mdl_gamma_mu"": [1.8830808337948657, 1.3167756969839157, 1.270595987665411, 1.273308275097211, 1.3209867529268937, 1.115207589433254], ""mdl_gamma_n_init"": 2, ""mdl_gamma_ranks"": [4, 8, 16, 32], ""mdl_gamma_rates"": [[6.2710575902182715, 6.124989889574972, 5.9823244496929995, 5.842982023906342], [3.7917702213688873, 3.822335533122394, 3.8531472306609147, 3.884207300090647], [3.632492860860481, 3.6677585744499392, 3.7033666618863976, 3.739320447073988], [3.560487909592768, 3.5544212301602247, 3.548364887681568, 3.5423188645437675], [3.5250880459081104, 3.4190568692186605, 3.3162150058977664, 3.21646652454034], [2.5010047696585747, 2.2646835672677854, 2.050692474510115, 1.8569215080612458]], ""mdl_gamma_role_evidence_neighbour_ranks"": [], ""mdl_gamma_search_caps"": [8], ""mdl_gamma_search_hard_max"": 24, ""mdl_gamma_search_hit_hard_max"": false, ""mdl_gamma_search_initial_max"": 8, ""mdl_gamma_selected_components"": 6, ""mdl_gamma_signal_basis_components"": [0], ""mdl_gamma_signal_components"": 1, ""mdl_gamma_slopes"": [-0.03400130594195878, 0.011582886284938159, 0.013938716037043636, -0.0024602901544377343, -0.044060872730282176, -0.14319832497813412], ""mdl_gamma_split_warm_start"": false, ""mdl_gamma_tolerance"": 1e-05, ""mdl_gamma_weights"": [0.03913142462481095, 0.2065909063498641, 0.24358503091065678, 0.24712180986590115, 0.227422262695063, 0.03614856555370321], ""optimization_background_events"": [{""boundary_gain_nats"": 16.06656994199429, ""component_size"": 4, ""description_gain_nats"": 4.165493801400096, ""graph_code_nats"": 16.50332539815462, ""width"": 8, ""window_count"": 2393, ""window_gain_nats"": 5.295396438120372, ""window_pvalue"": 0.0004178854993731718}], ""optimization_background_intrinsic_dimension"": 2.009357631854418, ""optimization_border_fraction"": 0.0194, ""optimization_border_model"": ""strict_local_core_radius"", ""optimization_border_seconds"": 0.0032269000002997927, ""optimization_boundary_component_gains_nats"": [[0.0, 0.0, 0.0, 0.0, 0.0, 0.0, 0.0, 0.0, 0.0, 0.0, 0.0, 0.0, 0.0, 0.0, 0.0, 0.0, 0.0, 0.0, 0.0, 0.0, 0.0, 0.0, 0.0, 0.0, 0.0, 0.0, 0.0, 0.0, 0.0, 0.0, 0.0, 0.0, 0.0, 0.0, 0.0, 0.0, 0.0, 0.0, 0.0, 0.0, 0.0, 0.0, 0.0, 0.0, 0.0, 0.0, 0.0, 0.0, 0.0, 0.0, 0.0, 0.0, 0.0, 0.0, 0.0, 0.0, 0.0, 0.0, 0.0, 0.0, 0.0, 0.0, 0.0, 0.0, 0.0, 0.0, 0.0, 0.0, 0.0, 0.0, 0.0, 0.0, 0.0, 0.0, 0.0, 0.0, 0.0, 0.0, 0.0, 0.0, 0.0, 0.0, 0.0, 0.0, 0.0], [16.06656994199429]], ""optimization_candidate_groups"": [0, 1], ""optimization_clusters"": 28, ""optimization_connectivity_rank"": 4, ""optimization_core_fraction"": 0.0393, ""optimization_core_rank"": 4, ""optimization_description_gain_nats"": 12917.414478089446, ""optimization_group_gains_nats"": [6293.336574015847, 4.165493801400096], ""optimization_group_sizes"": [860, 19140], ""optimization_noise_fraction"": 0.9413, ""optimization_objective"": ""gamma_topology_component_and_attachment_description_gain"", ""optimization_objective_trace"": [0.0, -12917.414478089446], ""optimization_ordering_modes"": [""d4"", ""adaptive_d4_rank_windows_with_beta_boundary_code""], ""optimization_seconds"": 0.06803969999964465, ""optimization_selected_component_gains_nats"": [7.488779491365872, 1414.9742899967669, 1629.363793808147, 1218.1286830550357, 2195.1550327428417, 263.7451393830013, 687.7318714775251, 1049.7928627521837, 5.454591948039695, 771.7646677342711, 789.0940686636525, 72.10973226208333, 41.79163939455791, 5.440927721381847, 271.8248771916082, 89.54520383484609, 759.4983105116426, 37.11118478290256, 511.25030147065127, 146.1104948151084, 2.7604081678210513, 2.77825466342307, 83.95297103700989, 123.98694410615218, 52.05981233130621, 116.23810058160288, 199.804587527623, 38.6997758537251, 41.28730004194416, 13.773764286328198, 0.5322205954198544, 4.165493801400096], ""optimization_selected_groups"": [0, 1], ""optimization_selected_local_components"": [31, 1], ""optimization_solver"": ""exact_stratum_event_sweep"", ""optimization_sparse_memory"": true, ""optimization_threshold_seconds"": 0.06502439999894705, ""optimization_threshold_sizes"": [857, 4], ""optimization_thresholds"": [0.07266975939273834, 0.019907325506210327], ""optimization_topology_evidence_ranks"": [5, 8], ""optimization_unified_background_scan"": true, ""stratification"": ""adaptive-semantic-information-criterion-gamma-v2""}","[{""coverage"": 0.3, ""f1"": 0.3488372093023256, ""fragments"": 3, ""matched_predicted_cluster"": 3, ""overlap"": 75, ""passes_discovery_thresholds"": false, ""precision"": 0.4166666666666667, ""purity"": 0.4166666666666667, ""recall"": 0.3, ""target"": ""cluster_0"", ""target_label"": 0, ""target_noise_loss"": 0.244, ""target_size"": 250}, {""coverage"": 0.276, ""f1"": 0.3520408163265306, ""fragments"": 4, ""matched_predicted_cluster"": 4, ""overlap"": 69, ""passes_discovery_thresholds"": false, ""precision"": 0.4859154929577465, ""purity"": 0.4859154929577465, ""recall"": 0.276, ""target"": ""cluster_1"", ""target_label"": 1, ""target_noise_loss"": 0.324, ""target_size"": 250}]",,native_target_discovery_v1
synthetic__moons_noise975__quality__n20000__StrataSCAN__227__a65427154ed0,ok,synthetic,moons_noise975__quality__n20000,StrataSCAN,227,0.2.4,20000,2,0.0592935000004217,0.8524046999991697,3.9966887999999017,242.98046875,56.7421875,242.19140625,,,evaluation_state/synthetic__moons_noise975__quality__n20000__StrataSCAN__227__a65427154ed0.npz,846a70d13766ae6cca079cef88823bf43eec1ff8bd6d6a8445d66cff83f4eb63,5912,0.3756132579071993,0.1798107128671841,16,10,0.970051282051282,known_synthetic_noise,0.829025641025641,0.7313039080612023,8.5,7,0,0.1,0.9,full_partition,target-discovery-v1,4,0.05,0.3359999999999999,0.369309262166405,0.312,0.4109347230894855,2,pairwise_f1,hungarian,3.0,0,17,0.5365788677778077,0.9808150990355698,0.9808150990355698,0.975,0.9918204697986576,0.970051282051282,0.171779046680929,0.164869416213661,0.179293172690763,0.9536,17,macro,0,0,0.688,0.4817927170868347,0.3706896551724138,0.688,16,2,0.0,0.0,2,15,0.0,0.336,0.0,0.369309262166405,0.4109347230894856,"{""dimension"": 2, ""family"": ""moons"", ""n"": 20000}","{""ambiguous_model_confirmation_tolerance"": 1e-05, ""assignment"": ""maximum_posterior_basis_then_semantic_role"", ""background_model"": ""adaptive_gamma_basis_mixture_with_largest_rate_gap"", ""background_scan"": ""adaptive_dyadic_rank_windows_with_poisson_beta_boundary_code"", ""border_rule"": ""strict_local_core_radius"", ""component_initialization"": ""compiled_split_warm_single_start_with_guarded_confirmation"", ""component_selection"": ""semantic_icl_with_adaptive_bound"", ""connectivity"": ""density_ordered_non_merging_knn_watershed"", ""core_thresholds"": ""observed_d4_event_sweep"", ""duplicate_profile_confirmation_minimum"": 3, ""duplicate_profile_confirmation_tolerance"": 1e-08, ""extraction_objective"": ""gamma_topology_description_length"", ""fit_samples"": ""all_rows"", ""gamma_tolerance"": 0.0001, ""geometry_profile"": ""low_dim"", ""hard_component_bound"": 24, ""initial_component_bound"": 8, ""k"": 32, ""knn_backend"": ""kd_tree"", ""shell_ranks"": [4, 8, 16, 32], ""stratification_model"": ""adaptive_gamma_density_basis_with_semantic_background"", ""version"": ""0.2.3""}","{""algorithm"": ""OptimizationStrataSCAN"", ""algorithm_version"": ""0.2.3"", ""graph_seconds"": 0.18894820000059553, ""mdl_gamma_adaptive_search"": true, ""mdl_gamma_assignment"": ""maximum_posterior_basis_then_semantic_role"", ""mdl_gamma_background_basis_components"": [1, 2, 3, 4, 5, 6, 7], ""mdl_gamma_background_boundary"": ""largest_rate_gap"", ""mdl_gamma_background_components"": 7, ""mdl_gamma_background_distribution"": ""gamma_components"", ""mdl_gamma_background_fraction"": 0.9623, ""mdl_gamma_background_group"": 1, ""mdl_gamma_candidate_components"": [1, 2, 3, 4, 5, 6, 7, 8, 9, 10, 11, 12], ""mdl_gamma_candidate_converged"": [true, true, true, true, true, true, true, true, true, true, true, true], ""mdl_gamma_candidate_entropies"": [-0.0, 1366.9741247282345, 11140.013956118195, 14424.617702341777, 2047.6883674608603, 1411.6428332442736, 28584.516397760177, 998.926941915867, 983.7719533754234, 963.7438209612125, 957.4172867778561, 946.4423198736608], ""mdl_gamma_candidate_iterations"": [2, 45, 6, 15, 10, 6, 5, 6, 4, 4, 4, 4], ""mdl_gamma_candidate_log_likelihoods"": [-91293.32068267088, -88624.34738772, -88253.15713961331, -87948.91127835328, -87864.18047428191, -87861.28129343559, -87848.13065520997, -87860.02303522511, -87863.93413981618, -87865.51906450263, -87870.04116145031, -87872.99602764315], ""mdl_gamma_candidate_role_gains_nats"": [[0.0], [0.0, 0.0], [0.0, 0.0, 0.0], [0.0, 0.0, 0.0, 0.0], [0.0, 0.0, 0.0, 0.0, 0.0], [0.0, 0.0, 0.0, 0.0, 0.0, 0.0], [0.0, 0.0, 0.0, 0.0, 0.0, 0.0, 0.0], [0.0, 0.0, 0.0, 0.0, 0.0, 0.0, 0.0, 0.0], [0.0, 0.0, 0.0, 0.0, 0.0, 0.0, 0.0, 0.0, 0.0], [0.0, 0.0, 0.0, 0.0, 0.0, 0.0, 0.0, 0.0, 0.0, 0.0], [0.0, 0.0, 0.0, 0.0, 0.0, 0.0, 0.0, 0.0, 0.0, 0.0, 0.0], [0.0, 0.0, 0.0, 0.0, 0.0, 0.0, 0.0, 0.0, 0.0, 0.0, 0.0, 0.0]], ""mdl_gamma_candidate_role_threshold_sizes"": [[0], [0, 0], [0, 0, 0], [0, 0, 0, 0], [0, 0, 0, 0, 0], [0, 0, 0, 0, 0, 0], [0, 0, 0, 0, 0, 0, 0], [0, 0, 0, 0, 0, 0, 0, 0], [0, 0, 0, 0, 0, 0, 0, 0, 0], [0, 0, 0, 0, 0, 0, 0, 0, 0, 0], [0, 0, 0, 0, 0, 0, 0, 0, 0, 0, 0], [0, 0, 0, 0, 0, 0, 0, 0, 0, 0, 0, 0]], ""mdl_gamma_candidate_scores"": [182606.44834044683, 180032.16046265914, 198865.5700918833, 204855.996324468, 179962.38650922102, 178714.20754175284, 233063.36385699103, 177945.68016799027, 177952.90286274915, 177945.72690995125, 177971.82849813747, 177985.4987593724], ""mdl_gamma_candidate_signal_components"": [[], [0], [0, 1], [0, 1, 2], [0], [0], [0, 1, 2, 3, 4, 5], [0], [0], [0], [0], [0]], ""mdl_gamma_criterion"": ""icl"", ""mdl_gamma_entropy_scope"": ""semantic"", ""mdl_gamma_fit_samples"": 20000, ""mdl_gamma_grouping"": ""largest_rate_gap"", ""mdl_gamma_guarded_confirmation"": true, ""mdl_gamma_log_rate_gaps"": [], ""mdl_gamma_mean_background_probability"": 0.9677197632812171, ""mdl_gamma_mean_posterior_entropy"": 0.04994634709579335, ""mdl_gamma_mu"": [1.8979849912211115, 1.439357567073957, 1.516075645451874, 1.3285742496303836, 1.2278256332457111, 1.3023395383463487, 1.042468025056328, 0.9860985067327999], ""mdl_gamma_n_init"": 1, ""mdl_gamma_ranks"": [4, 8, 16, 32], ""mdl_gamma_rates"": [[6.442294903277217, 6.330218454294144, 6.220091796589682, 6.1118810096920075], [3.9749788811357303, 3.858777290659494, 3.7459726514710465, 3.6364656596107414], [3.8303624055246073, 3.512757387751189, 3.2214874622315377, 2.954368982470154], [3.7911538129055695, 3.798926354470592, 3.8067148311322523, 3.814519275560342], [3.681422441045199, 3.8230020806542204, 3.9700265706363855, 4.122705308300993], [3.5923551613108127, 3.550336055825865, 3.5088084399477273, 3.4677665648145237], [3.06934638689612, 3.1930064728574887, 3.3216486673632892, 3.4554736932688823], [2.2464781498591786, 2.0564811269921184, 1.8825531981870722, 1.7233353117069263]], ""mdl_gamma_role_evidence_neighbour_ranks"": [], ""mdl_gamma_search_caps"": [8, 12], ""mdl_gamma_search_hard_max"": 24, ""mdl_gamma_search_hit_hard_max"": false, ""mdl_gamma_search_initial_max"": 8, ""mdl_gamma_selected_components"": 8, ""mdl_gamma_signal_basis_components"": [0], ""mdl_gamma_signal_components"": 1, ""mdl_gamma_slopes"": [-0.0253194156499543, -0.0428034143164725, -0.1248769588470032, 0.002954754322314763, 0.05444267773135995, -0.016974401549132972, 0.056984009168639146, -0.12748719789407142], ""mdl_gamma_split_warm_start"": true, ""mdl_gamma_tolerance"": 0.0001, ""mdl_gamma_weights"": [0.0317371931653761, 0.16000746217220588, 0.14131170169426074, 0.14480830474659195, 0.15650466474708224, 0.18000378354329333, 0.16038978342139465, 0.02523710650979632], ""optimization_background_events"": [{""boundary_gain_nats"": 16.32761355695389, ""component_size"": 5, ""description_gain_nats"": 0.9615273711709058, ""graph_code_nats"": 17.89514262018391, ""width"": 64, ""window_count"": 301, ""window_gain_nats"": 3.222203614960875, ""window_pvalue"": 0.0033222591362126247}, {""boundary_gain_nats"": 12.466505697887692, ""component_size"": 3, ""description_gain_nats"": 0.8532664054574646, ""graph_code_nats"": 15.122294069948797, ""width"": 8, ""window_count"": 2406, ""window_gain_nats"": 4.202201958078515, ""window_pvalue"": 0.0012468827930174563}, {""boundary_gain_nats"": 15.612564139192411, ""component_size"": 4, ""description_gain_nats"": 0.7168973398589529, ""graph_code_nats"": 16.508432501860234, ""width"": 32, ""window_count"": 602, ""window_gain_nats"": 2.30591288308672, ""window_pvalue"": 0.008305647840531562}], ""optimization_background_intrinsic_dimension"": 2.001025650531595, ""optimization_border_fraction"": 0.01315, ""optimization_border_model"": ""strict_local_core_radius"", ""optimization_border_seconds"": 0.0028853000003437046, ""optimization_boundary_component_gains_nats"": [[0.0, 0.0, 0.0, 0.0, 0.0, 0.0, 0.0, 0.0, 0.0, 0.0, 0.0, 0.0, 0.0, 0.0, 0.0, 0.0, 0.0, 0.0, 0.0, 0.0, 0.0, 0.0, 0.0, 0.0, 0.0, 0.0, 0.0, 0.0, 0.0, 0.0, 0.0, 0.0, 0.0, 0.0, 0.0, 0.0, 0.0, 0.0, 0.0, 0.0, 0.0, 0.0, 0.0, 0.0, 0.0, 0.0, 0.0, 0.0, 0.0, 0.0, 0.0, 0.0, 0.0, 0.0, 0.0, 0.0, 0.0, 0.0, 0.0, 0.0, 0.0, 0.0, 0.0, 0.0, 0.0, 0.0, 0.0, 0.0, 0.0, 0.0, 0.0, 0.0, 0.0, 0.0, 0.0, 0.0, 0.0], [16.32761355695389, 12.466505697887692, 15.612564139192411]], ""optimization_candidate_groups"": [0, 1], ""optimization_clusters"": 17, ""optimization_connectivity_rank"": 4, ""optimization_core_fraction"": 0.03325, ""optimization_core_rank"": 4, ""optimization_description_gain_nats"": 10316.256746939389, ""optimization_group_gains_nats"": [5693.343484302381, 2.5316911164873233], ""optimization_group_sizes"": [754, 19246], ""optimization_noise_fraction"": 0.9536, ""optimization_objective"": ""gamma_topology_component_and_attachment_description_gain"", ""optimization_objective_trace"": [0.0, -10316.256746939389], ""optimization_ordering_modes"": [""d4"", ""adaptive_d4_rank_windows_with_beta_boundary_code""], ""optimization_seconds"": 0.09573839999939082, ""optimization_selected_component_gains_nats"": [1768.7655786734879, 121.7636921533771, 1.2858416295070523, 558.388909307374, 504.1024199406188, 2055.0593494695263, 456.41637943495965, 37.95482099588322, 487.65415968856155, 308.58259550635023, 32.65195888386187, 1942.1839834292412, 468.5768826395002, 14.525262527059347, 19.0645765528144, 822.6935754660509, 58.17241887427985, 26.665380457623392, 436.1348615686157, 3.9360036005565036, 5.099262673949772, 5.396214663708038, 0.9615273711709058, 0.8532664054574646, 0.7168973398589529], ""optimization_selected_groups"": [0, 1], ""optimization_selected_local_components"": [22, 3], ""optimization_solver"": ""exact_stratum_event_sweep"", ""optimization_sparse_memory"": true, ""optimization_threshold_seconds"": 0.09302589999970223, ""optimization_threshold_sizes"": [749, 12], ""optimization_thresholds"": [0.06788165867328644, 0.022885242477059364], ""optimization_topology_evidence_ranks"": [5, 8], ""optimization_unified_background_scan"": true, ""stratification"": ""adaptive-semantic-information-criterion-gamma-v2""}","[{""coverage"": 0.356, ""f1"": 0.3803418803418803, ""fragments"": 3, ""matched_predicted_cluster"": 3, ""overlap"": 89, ""passes_discovery_thresholds"": false, ""precision"": 0.40825688073394495, ""purity"": 0.40825688073394495, ""recall"": 0.356, ""target"": ""cluster_0"", ""target_label"": 0, ""target_noise_loss"": 0.336, ""target_size"": 250}, {""coverage"": 0.316, ""f1"": 0.3582766439909297, ""fragments"": 3, ""matched_predicted_cluster"": 5, ""overlap"": 79, ""passes_discovery_thresholds"": false, ""precision"": 0.41361256544502617, ""purity"": 0.41361256544502617, ""recall"": 0.316, ""target"": ""cluster_1"", ""target_label"": 1, ""target_noise_loss"": 0.288, ""target_size"": 250}]",,native_target_discovery_v1
synthetic__moons_noise975__quality__n20000__StrataSCAN__229__3fd3fbb78426,ok,synthetic,moons_noise975__quality__n20000,StrataSCAN,229,0.2.4,20000,2,0.058448199999475,0.8099707999990642,4.061179899999843,240.8046875,54.85546875,238.73828125,,,evaluation_state/synthetic__moons_noise975__quality__n20000__StrataSCAN__229__3fd3fbb78426.npz,e174ce4d32851ebe180ba007d7877a3b7b3b1974580a3300b73fd3653155a0bb,6212,0.3418631334175939,0.1396056534182592,22,10,0.967025641025641,known_synthetic_noise,0.8365128205128205,0.7257038924214833,11.0,12,0,0.1,0.9,full_partition,target-discovery-v1,7,0.05,0.27,0.3026636311895275,0.294,0.3854761904761905,2,pairwise_f1,hungarian,4.5,0,22,0.4624336239442033,0.9794826511531268,0.9794826511531268,0.975,0.9922647863607662,0.967025641025641,0.1459780275287283,0.1533563279384452,0.1392771084337349,0.9502,22,macro,0,0,0.706,0.4719251336898396,0.3544176706827309,0.706,22,2,0.0,0.0,2,20,0.0,0.27,0.0,0.3026636311895275,0.3854761904761905,"{""dimension"": 2, ""family"": ""moons"", ""n"": 20000}","{""ambiguous_model_confirmation_tolerance"": 1e-05, ""assignment"": ""maximum_posterior_basis_then_semantic_role"", ""background_model"": ""adaptive_gamma_basis_mixture_with_largest_rate_gap"", ""background_scan"": ""adaptive_dyadic_rank_windows_with_poisson_beta_boundary_code"", ""border_rule"": ""strict_local_core_radius"", ""component_initialization"": ""compiled_split_warm_single_start_with_guarded_confirmation"", ""component_selection"": ""semantic_icl_with_adaptive_bound"", ""connectivity"": ""density_ordered_non_merging_knn_watershed"", ""core_thresholds"": ""observed_d4_event_sweep"", ""duplicate_profile_confirmation_minimum"": 3, ""duplicate_profile_confirmation_tolerance"": 1e-08, ""extraction_objective"": ""gamma_topology_description_length"", ""fit_samples"": ""all_rows"", ""gamma_tolerance"": 0.0001, ""geometry_profile"": ""low_dim"", ""hard_component_bound"": 24, ""initial_component_bound"": 8, ""k"": 32, ""knn_backend"": ""kd_tree"", ""shell_ranks"": [4, 8, 16, 32], ""stratification_model"": ""adaptive_gamma_density_basis_with_semantic_background"", ""version"": ""0.2.3""}","{""algorithm"": ""OptimizationStrataSCAN"", ""algorithm_version"": ""0.2.3"", ""graph_seconds"": 0.18350499999905878, ""mdl_gamma_adaptive_search"": true, ""mdl_gamma_assignment"": ""maximum_posterior_basis_then_semantic_role"", ""mdl_gamma_background_basis_components"": [1, 2, 3, 4, 5, 6], ""mdl_gamma_background_boundary"": ""largest_rate_gap"", ""mdl_gamma_background_components"": 6, ""mdl_gamma_background_distribution"": ""gamma_components"", ""mdl_gamma_background_fraction"": 0.96195, ""mdl_gamma_background_group"": 1, ""mdl_gamma_candidate_components"": [1, 2, 3, 4, 5, 6, 7, 8, 9, 10, 11, 12], ""mdl_gamma_candidate_converged"": [true, true, true, true, true, true, true, true, true, true, true, true], ""mdl_gamma_candidate_entropies"": [-0.0, 9243.692099517779, 1435.669056697803, 1010.1364081043752, 985.4542907133691, 877.9898000486111, 848.6411381211931, 886.0562418195449, 928.8862141845941, 916.1406326241806, 911.1127680358785, 914.3735681306891], ""mdl_gamma_candidate_iterations"": [2, 5, 41, 6, 5, 6, 5, 5, 4, 4, 4, 4], ""mdl_gamma_candidate_log_likelihoods"": [-91772.69858560912, -89701.92060276342, -87817.52755727949, -87764.20698243307, -87759.93792109498, -87765.7276944832, -87769.21747478079, -87771.54050550674, -87759.28824099565, -87759.58096986654, -87759.52610001543, -87759.73494211753], ""mdl_gamma_candidate_role_gains_nats"": [[0.0], [0.0, 0.0], [0.0, 0.0, 0.0], [0.0, 0.0, 0.0, 0.0], [0.0, 0.0, 0.0, 0.0, 0.0], [0.0, 0.0, 0.0, 0.0, 0.0, 0.0], [0.0, 0.0, 0.0, 0.0, 0.0, 0.0, 0.0], [0.0, 0.0, 0.0, 0.0, 0.0, 0.0, 0.0, 0.0], [0.0, 0.0, 0.0, 0.0, 0.0, 0.0, 0.0, 0.0, 0.0], [0.0, 0.0, 0.0, 0.0, 0.0, 0.0, 0.0, 0.0, 0.0, 0.0], [0.0, 0.0, 0.0, 0.0, 0.0, 0.0, 0.0, 0.0, 0.0, 0.0, 0.0], [0.0, 0.0, 0.0, 0.0, 0.0, 0.0, 0.0, 0.0, 0.0, 0.0, 0.0, 0.0]], ""mdl_gamma_candidate_role_threshold_sizes"": [[0], [0, 0], [0, 0, 0], [0, 0, 0, 0], [0, 0, 0, 0, 0], [0, 0, 0, 0, 0, 0], [0, 0, 0, 0, 0, 0, 0], [0, 0, 0, 0, 0, 0, 0, 0], [0, 0, 0, 0, 0, 0, 0, 0, 0], [0, 0, 0, 0, 0, 0, 0, 0, 0, 0], [0, 0, 0, 0, 0, 0, 0, 0, 0, 0, 0], [0, 0, 0, 0, 0, 0, 0, 0, 0, 0, 0, 0]], ""mdl_gamma_candidate_scores"": [183565.20414632332, 197940.74284232507, 178585.62112837489, 177657.6251441528, 177629.4332493522, 177455.79427745673, 177433.7869768547, 177542.9737083609, 177633.83958672642, 177638.644344005, 177658.18933778376, 177694.8390848352], ""mdl_gamma_candidate_signal_components"": [[], [0], [0], [0], [0], [0], [0], [0], [0], [0], [0], [0]], ""mdl_gamma_criterion"": ""icl"", ""mdl_gamma_entropy_scope"": ""semantic"", ""mdl_gamma_fit_samples"": 20000, ""mdl_gamma_grouping"": ""largest_rate_gap"", ""mdl_gamma_guarded_confirmation"": true, ""mdl_gamma_log_rate_gaps"": [], ""mdl_gamma_mean_background_probability"": 0.9660657570338644, ""mdl_gamma_mean_posterior_entropy"": 0.042432056906059654, ""mdl_gamma_mu"": [2.0068151580489877, 1.4273184242270336, 1.3202133138815313, 1.4076313957738762, 1.2197167492692653, 1.1650294848248635, 0.9828854297643961], ""mdl_gamma_n_init"": 1, ""mdl_gamma_ranks"": [4, 8, 16, 32], ""mdl_gamma_rates"": [[7.076733879817744, 6.9019994725804175, 6.731579501012299, 6.565367435692893], [4.1628077734689555, 4.160459296971121, 4.1581121453823755, 4.155766317955265], [3.8805258886842693, 3.9505284991506553, 4.021793919249726, 4.094344929391493], [3.6947244140199587, 3.5132560403839026, 3.340700583366243, 3.1766202802810932], [3.3685505487071206, 3.359746238166908, 3.35096493927012, 3.342206591871705], [3.3481424827031088, 3.4215505362573384, 3.496568062035185, 3.5732303477293894], [2.2695535001930853, 2.091605513631941, 1.9276098247004714, 1.7764724810988564]], ""mdl_gamma_role_evidence_neighbour_ranks"": [], ""mdl_gamma_search_caps"": [8, 12], ""mdl_gamma_search_hard_max"": 24, ""mdl_gamma_search_hit_hard_max"": false, ""mdl_gamma_search_initial_max"": 8, ""mdl_gamma_selected_components"": 7, ""mdl_gamma_signal_basis_components"": [0], ""mdl_gamma_signal_components"": 1, ""mdl_gamma_slopes"": [-0.03606930432295763, -0.0008141359536611061, 0.025793489386312242, -0.07265803747454573, -0.0037756783944042313, 0.03128933195649477, -0.1177977189754507], ""mdl_gamma_split_warm_start"": true, ""mdl_gamma_tolerance"": 0.0001, ""mdl_gamma_weights"": [0.03314548507399934, 0.12788250353257766, 0.20299845134293523, 0.22607623720209066, 0.13586667340362146, 0.24729422898942807, 0.026736420455346722], ""optimization_background_events"": [{""boundary_gain_nats"": 34.54229879844816, ""component_size"": 5, ""description_gain_nats"": 20.56203984199035, ""graph_code_nats"": 17.894778842084538, ""width"": 16, ""window_count"": 1203, ""window_gain_nats"": 4.6076670661866785, ""window_pvalue"": 0.0008312551953449709}, {""boundary_gain_nats"": 26.83643825190218, ""component_size"": 5, ""description_gain_nats"": 12.164122947323065, ""graph_code_nats"": 17.89451891953999, ""width"": 32, ""window_count"": 602, ""window_gain_nats"": 3.9153507955208204, ""window_pvalue"": 0.0016611295681063123}, {""boundary_gain_nats"": 18.3483265157849, ""component_size"": 5, ""description_gain_nats"": 3.674608690554013, ""graph_code_nats"": 17.89425892941815, ""width"": 32, ""window_count"": 601, ""window_gain_nats"": 3.913688284747207, ""window_pvalue"": 0.0016638935108153079}], ""optimization_background_intrinsic_dimension"": 2.013339524582696, ""optimization_border_fraction"": 0.0151, ""optimization_border_model"": ""strict_local_core_radius"", ""optimization_border_seconds"": 0.002711799999815412, ""optimization_boundary_component_gains_nats"": [[0.0, 0.0, 0.0, 0.0, 0.0, 0.0, 0.0, 0.0, 0.0, 0.0, 0.0, 0.0, 0.0, 0.0, 0.0, 0.0, 0.0, 0.0, 0.0, 0.0, 0.0, 0.0, 0.0, 0.0, 0.0, 0.0, 0.0, 0.0, 0.0, 0.0, 0.0, 0.0, 0.0, 0.0, 0.0, 0.0, 0.0, 0.0, 0.0, 0.0, 0.0, 0.0, 0.0, 0.0, 0.0, 0.0, 0.0, 0.0, 0.0, 0.0, 0.0, 0.0, 0.0, 0.0, 0.0, 0.0, 0.0, 0.0, 0.0, 0.0, 0.0, 0.0, 0.0, 0.0, 0.0, 0.0, 0.0, 0.0, 0.0, 0.0, 0.0, 0.0, 0.0, 0.0, 0.0, 0.0, 0.0], [34.54229879844816, 26.83643825190218, 18.3483265157849]], ""optimization_candidate_groups"": [0, 1], ""optimization_clusters"": 22, ""optimization_connectivity_rank"": 4, ""optimization_core_fraction"": 0.0347, ""optimization_core_rank"": 4, ""optimization_description_gain_nats"": 10874.446503168285, ""optimization_group_gains_nats"": [6075.469750569978, 36.40077147986743], ""optimization_group_sizes"": [761, 19239], ""optimization_noise_fraction"": 0.9502, ""optimization_objective"": ""gamma_topology_component_and_attachment_description_gain"", ""optimization_objective_trace"": [0.0, -10874.446503168285], ""optimization_ordering_modes"": [""d4"", ""adaptive_d4_rank_windows_with_beta_boundary_code""], ""optimization_seconds"": 0.09206640000047628, ""optimization_selected_component_gains_nats"": [1263.9592492246177, 1252.7296036958833, 526.0232622550238, 2794.5836010150474, 966.5384824264385, 806.3194417093142, 936.4128492692794, 524.4773417804231, 23.41048773040547, 11.753348064177725, 11.54813512099032, 229.3145321527239, 3.6654678476748614, 395.1776224555266, 33.66640185199388, 13.5948699687224, 99.50547836851004, 657.8364043513741, 8.704343019797303, 0.8470624344417068, 9.12079632279984, 21.201135865962506, 8.278245720111851, 11.0580193105956, 7.51406244448269, 0.4537529111190466, 0.25935802158517873, 20.56203984199035, 12.164122947323065, 3.674608690554013], ""optimization_selected_groups"": [0, 1], ""optimization_selected_local_components"": [27, 3], ""optimization_solver"": ""exact_stratum_event_sweep"", ""optimization_sparse_memory"": true, ""optimization_threshold_seconds"": 0.08952840000165452, ""optimization_threshold_sizes"": [757, 15], ""optimization_thresholds"": [0.06978213042020798, 0.02100585587322712], ""optimization_topology_evidence_ranks"": [5, 8], ""optimization_unified_background_scan"": true, ""stratification"": ""adaptive-semantic-information-criterion-gamma-v2""}","[{""coverage"": 0.156, ""f1"": 0.22285714285714286, ""fragments"": 6, ""matched_predicted_cluster"": 0, ""overlap"": 39, ""passes_discovery_thresholds"": false, ""precision"": 0.39, ""purity"": 0.39, ""recall"": 0.156, ""target"": ""cluster_0"", ""target_label"": 0, ""target_noise_loss"": 0.316, ""target_size"": 250}, {""coverage"": 0.384, ""f1"": 0.3824701195219123, ""fragments"": 3, ""matched_predicted_cluster"": 3, ""overlap"": 96, ""passes_discovery_thresholds"": false, ""precision"": 0.38095238095238093, ""purity"": 0.38095238095238093, ""recall"": 0.384, ""target"": ""cluster_1"", ""target_label"": 1, ""target_noise_loss"": 0.272, ""target_size"": 250}]",,native_target_discovery_v1
synthetic__moons_noise975__quality__n20000__StrataSCAN__233__60cee1936727,ok,synthetic,moons_noise975__quality__n20000,StrataSCAN,233,0.2.4,20000,2,0.0588031999996019,4.709936799999923,7.8775267000000895,298.4296875,112.73828125,298.4296875,,,evaluation_state/synthetic__moons_noise975__quality__n20000__StrataSCAN__233__60cee1936727.npz,af569239617b3efa724d3b702362574b7333912abf98d0e6cc4b31fdd5884cca,7036,0.3533913634164405,0.1403788008478023,31,23,0.9528717948717949,known_synthetic_noise,0.8274358974358974,0.6843369968566704,16.0,9,0,0.1,0.9,full_partition,target-discovery-v1,6,0.05,0.274,0.337537309781279,0.298,0.4455226421518556,2,pairwise_f1,hungarian,4.0,0,32,0.5010805193190347,0.9720638242218154,0.9720638242218154,0.975,0.9920448478376936,0.9528717948717949,0.138710047345227,0.1415129027944912,0.1360160642570281,0.9365,32,macro,0,0,0.702,0.3966101694915254,0.2763779527559055,0.702,31,2,0.0,0.0,2,30,0.0,0.274,0.0,0.337537309781279,0.4455226421518556,"{""dimension"": 2, ""family"": ""moons"", ""n"": 20000}","{""ambiguous_model_confirmation_tolerance"": 1e-05, ""assignment"": ""maximum_posterior_basis_then_semantic_role"", ""background_model"": ""adaptive_gamma_basis_mixture_with_largest_rate_gap"", ""background_scan"": ""adaptive_dyadic_rank_windows_with_poisson_beta_boundary_code"", ""border_rule"": ""strict_local_core_radius"", ""component_initialization"": ""compiled_split_warm_single_start_with_guarded_confirmation"", ""component_selection"": ""semantic_icl_with_adaptive_bound"", ""connectivity"": ""density_ordered_non_merging_knn_watershed"", ""core_thresholds"": ""observed_d4_event_sweep"", ""duplicate_profile_confirmation_minimum"": 3, ""duplicate_profile_confirmation_tolerance"": 1e-08, ""extraction_objective"": ""gamma_topology_description_length"", ""fit_samples"": ""all_rows"", ""gamma_tolerance"": 0.0001, ""geometry_profile"": ""low_dim"", ""hard_component_bound"": 24, ""initial_component_bound"": 8, ""k"": 32, ""knn_backend"": ""kd_tree"", ""shell_ranks"": [4, 8, 16, 32], ""stratification_model"": ""adaptive_gamma_density_basis_with_semantic_background"", ""version"": ""0.2.3""}","{""algorithm"": ""OptimizationStrataSCAN"", ""algorithm_version"": ""0.2.3"", ""graph_seconds"": 0.19188410000060685, ""mdl_gamma_adaptive_search"": true, ""mdl_gamma_ambiguity_confirmation"": true, ""mdl_gamma_ambiguity_confirmation_reason"": ""single_signal_high_order_interior"", ""mdl_gamma_assignment"": ""maximum_posterior_basis_then_semantic_role"", ""mdl_gamma_background_basis_components"": [1, 2, 3, 4, 5, 6, 7, 8, 9, 10, 11, 12, 13, 14, 15, 16, 17, 18], ""mdl_gamma_background_boundary"": ""largest_rate_gap"", ""mdl_gamma_background_components"": 18, ""mdl_gamma_background_distribution"": ""gamma_components"", ""mdl_gamma_background_fraction"": 0.9528, ""mdl_gamma_background_group"": 1, ""mdl_gamma_candidate_components"": [1, 2, 3, 4, 5, 6, 7, 8, 9, 10, 11, 12, 13, 14, 15, 16, 17, 18, 19, 20, 21, 22, 23, 24], ""mdl_gamma_candidate_converged"": [true, true, true, true, true, true, true, true, true, true, true, true, true, true, true, true, true, true, true, true, true, true, true, true], ""mdl_gamma_candidate_entropies"": [-0.0, 1475.2260153306433, 2109.325511061188, 2057.8347949180716, 2019.7824855985655, 1917.8888274921758, 1787.9473035826713, 1643.1390179922978, 1510.523124821198, 1380.828370808597, 1279.682365234944, 1196.9178070557423, 1112.4824230436489, 1043.7143939701218, 987.9110779160218, 940.0651762274609, 903.2636647498953, 875.7356187058092, 861.6757642346424, 859.8374575984144, 854.1612883968005, 855.0163627028226, 862.4801441259888, 846.3938999423469], ""mdl_gamma_candidate_iterations"": [2, 56, 103, 47, 32, 24, 19, 16, 14, 13, 12, 11, 11, 11, 11, 11, 12, 13, 15, 18, 20, 23, 32, 33], ""mdl_gamma_candidate_log_likelihoods"": [-90206.95044493931, -87793.51628606099, -87160.40225049423, -87153.77679163891, -87152.93691854128, -87151.08900532543, -87148.19400093655, -87145.20143137785, -87143.05275630536, -87141.30688739922, -87140.52821425298, -87140.21697462985, -87140.17860951135, -87140.29500120711, -87140.40285326351, -87140.52570847757, -87139.82915242587, -87138.46615509278, -87136.71676323979, -87132.78395024296, -87129.2724713964, -87124.93629139222, -87113.50274496574, -87108.76087245945], ""mdl_gamma_candidate_role_gains_nats"": [[0.0], [0.0, 0.0], [0.0, 0.0, 0.0], [0.0, 0.0, 0.0, 0.0], [0.0, 0.0, 0.0, 0.0, 0.0], [0.0, 0.0, 0.0, 0.0, 0.0, 0.0], [0.0, 0.0, 0.0, 0.0, 0.0, 0.0, 0.0], [0.0, 0.0, 0.0, 0.0, 0.0, 0.0, 0.0, 0.0], [0.0, 0.0, 0.0, 0.0, 0.0, 0.0, 0.0, 0.0, 0.0], [0.0, 0.0, 0.0, 0.0, 0.0, 0.0, 0.0, 0.0, 0.0, 0.0], [0.0, 0.0, 0.0, 0.0, 0.0, 0.0, 0.0, 0.0, 0.0, 0.0, 0.0], [0.0, 0.0, 0.0, 0.0, 0.0, 0.0, 0.0, 0.0, 0.0, 0.0, 0.0, 0.0], [0.0, 0.0, 0.0, 0.0, 0.0, 0.0, 0.0, 0.0, 0.0, 0.0, 0.0, 0.0, 0.0], [0.0, 0.0, 0.0, 0.0, 0.0, 0.0, 0.0, 0.0, 0.0, 0.0, 0.0, 0.0, 0.0, 0.0], [0.0, 0.0, 0.0, 0.0, 0.0, 0.0, 0.0, 0.0, 0.0, 0.0, 0.0, 0.0, 0.0, 0.0, 0.0], [0.0, 0.0, 0.0, 0.0, 0.0, 0.0, 0.0, 0.0, 0.0, 0.0, 0.0, 0.0, 0.0, 0.0, 0.0, 0.0], [0.0, 0.0, 0.0, 0.0, 0.0, 0.0, 0.0, 0.0, 0.0, 0.0, 0.0, 0.0, 0.0, 0.0, 0.0, 0.0, 0.0], [0.0, 0.0, 0.0, 0.0, 0.0, 0.0, 0.0, 0.0, 0.0, 0.0, 0.0, 0.0, 0.0, 0.0, 0.0, 0.0, 0.0, 0.0], [0.0, 0.0, 0.0, 0.0, 0.0, 0.0, 0.0, 0.0, 0.0, 0.0, 0.0, 0.0, 0.0, 0.0, 0.0, 0.0, 0.0, 0.0, 0.0], [0.0, 0.0, 0.0, 0.0, 0.0, 0.0, 0.0, 0.0, 0.0, 0.0, 0.0, 0.0, 0.0, 0.0, 0.0, 0.0, 0.0, 0.0, 0.0, 0.0], [0.0, 0.0, 0.0, 0.0, 0.0, 0.0, 0.0, 0.0, 0.0, 0.0, 0.0, 0.0, 0.0, 0.0, 0.0, 0.0, 0.0, 0.0, 0.0, 0.0, 0.0], [0.0, 0.0, 0.0, 0.0, 0.0, 0.0, 0.0, 0.0, 0.0, 0.0, 0.0, 0.0, 0.0, 0.0, 0.0, 0.0, 0.0, 0.0, 0.0, 0.0, 0.0, 0.0], [0.0, 0.0, 0.0, 0.0, 0.0, 0.0, 0.0, 0.0, 0.0, 0.0, 0.0, 0.0, 0.0, 0.0, 0.0, 0.0, 0.0, 0.0, 0.0, 0.0, 0.0, 0.0, 0.0], [0.0, 0.0, 0.0, 0.0, 0.0, 0.0, 0.0, 0.0, 0.0, 0.0, 0.0, 0.0, 0.0, 0.0, 0.0, 0.0, 0.0, 0.0, 0.0, 0.0, 0.0, 0.0, 0.0, 0.0]], ""mdl_gamma_candidate_role_threshold_sizes"": [[0], [0, 0], [0, 0, 0], [0, 0, 0, 0], [0, 0, 0, 0, 0], [0, 0, 0, 0, 0, 0], [0, 0, 0, 0, 0, 0, 0], [0, 0, 0, 0, 0, 0, 0, 0], [0, 0, 0, 0, 0, 0, 0, 0, 0], [0, 0, 0, 0, 0, 0, 0, 0, 0, 0], [0, 0, 0, 0, 0, 0, 0, 0, 0, 0, 0], [0, 0, 0, 0, 0, 0, 0, 0, 0, 0, 0, 0], [0, 0, 0, 0, 0, 0, 0, 0, 0, 0, 0, 0, 0], [0, 0, 0, 0, 0, 0, 0, 0, 0, 0, 0, 0, 0, 0], [0, 0, 0, 0, 0, 0, 0, 0, 0, 0, 0, 0, 0, 0, 0], [0, 0, 0, 0, 0, 0, 0, 0, 0, 0, 0, 0, 0, 0, 0, 0], [0, 0, 0, 0, 0, 0, 0, 0, 0, 0, 0, 0, 0, 0, 0, 0, 0], [0, 0, 0, 0, 0, 0, 0, 0, 0, 0, 0, 0, 0, 0, 0, 0, 0, 0], [0, 0, 0, 0, 0, 0, 0, 0, 0, 0, 0, 0, 0, 0, 0, 0, 0, 0, 0], [0, 0, 0, 0, 0, 0, 0, 0, 0, 0, 0, 0, 0, 0, 0, 0, 0, 0, 0, 0], [0, 0, 0, 0, 0, 0, 0, 0, 0, 0, 0, 0, 0, 0, 0, 0, 0, 0, 0, 0, 0], [0, 0, 0, 0, 0, 0, 0, 0, 0, 0, 0, 0, 0, 0, 0, 0, 0, 0, 0, 0, 0, 0], [0, 0, 0, 0, 0, 0, 0, 0, 0, 0, 0, 0, 0, 0, 0, 0, 0, 0, 0, 0, 0, 0, 0], [0, 0, 0, 0, 0, 0, 0, 0, 0, 0, 0, 0, 0, 0, 0, 0, 0, 0, 0, 0, 0, 0, 0, 0]], ""mdl_gamma_candidate_scores"": [180433.7078649837, 178587.00204054592, 178618.68342353113, 178532.16153619188, 178484.0876340152, 178306.31495402832, 178070.35236008916, 177804.46111244863, 177564.64243861905, 177331.47165543918, 177157.33276065698, 177020.89162770993, 176881.65459210638, 176774.06178000843, 176692.38131467067, 176626.64568437927, 176581.36001197834, 176553.2883878816, 176551.3803578909, 176569.54858128238, 176580.88374784365, 176603.63199910495, 176625.4029317559, 176613.45716103364], ""mdl_gamma_candidate_signal_components"": [[], [0], [0], [0], [0], [0], [0], [0], [0], [0], [0], [0], [0], [0], [0], [0], [0], [0], [0], [0], [0], [0], [0], [0]], ""mdl_gamma_criterion"": ""icl"", ""mdl_gamma_entropy_scope"": ""semantic"", ""mdl_gamma_fit_samples"": 20000, ""mdl_gamma_grouping"": ""largest_rate_gap"", ""mdl_gamma_guarded_confirmation"": false, ""mdl_gamma_initial_selected_components"": 13, ""mdl_gamma_log_rate_gaps"": [], ""mdl_gamma_mean_background_probability"": 0.9739296435495267, ""mdl_gamma_mean_posterior_entropy"": 0.04308378821173212, ""mdl_gamma_mu"": [2.07769864580293, 1.462722101517505, 1.4354603776714185, 1.4114712955052404, 1.4313228631719817, 1.4134113629323952, 1.3703900563772233, 1.3695318908504266, 1.3232093303364074, 1.3054651561442778, 1.3048840263681143, 1.385398395143195, 1.2153206574955249, 1.2026735267773425, 1.2090331699029395, 1.1773503436746644, 1.179399495145459, 1.1477794175303604, 1.1557304465240446], ""mdl_gamma_n_init"": 2, ""mdl_gamma_ranks"": [4, 8, 16, 32], ""mdl_gamma_rates"": [[7.146219681137017, 6.760020540195706, 6.394692542756671, 6.049107761321081], [4.410752185687818, 4.45802929861286, 4.505813156263615, 4.554109190236923], [4.169068676765513, 4.152908030583427, 4.136810028244673, 4.1207744269216375], [4.04072756575696, 4.010442168451303, 3.9803837612792385, 3.950550642941615], [4.033534821916574, 3.9602345219002872, 3.888266287731873, 3.817605912151296], [3.933326297416188, 3.8478805858856138, 3.764291056392051, 3.682517386118908], [3.8732707067341456, 3.8418495825608274, 3.8106833558937936, 3.7797699589286498], [3.8214108368689486, 3.766565505564212, 3.712507320811976, 3.6592249853936725], [3.7099971286932605, 3.6874751728420367, 3.665089939063034, 3.642840597369496], [3.6571436168895177, 3.6411189461114803, 3.6251644913545906, 3.6092799449501496], [3.637224105156027, 3.612460648310026, 3.5878657894874735, 3.5634383808157715], [3.5095925106520314, 3.2888919271499235, 3.082070090941222, 2.888254237562064], [3.454389220407962, 3.4966597707678533, 3.539447575934231, 3.582758965432794], [3.414127202957072, 3.4575009556288405, 3.5014257371021142, 3.545908547756648], [3.3842796776315858, 3.4014269784712177, 3.4186611604064123, 3.435982663642007], [3.351488423861013, 3.4056358332979406, 3.4606580606002257, 3.51656923952432], [3.3059322023645006, 3.33301730067088, 3.360324303875896, 3.3878550300192507], [3.218776594020479, 3.2531127677434575, 3.28781522125986, 3.32288786184509], [2.5559753957784768, 2.2928272025195136, 2.056771199478745, 1.8450181340995464]], ""mdl_gamma_role_evidence_neighbour_ranks"": [], ""mdl_gamma_search_caps"": [8, 12, 16, 20, 24], ""mdl_gamma_search_hard_max"": 24, ""mdl_gamma_search_hit_hard_max"": false, ""mdl_gamma_search_initial_max"": 8, ""mdl_gamma_selected_components"": 19, ""mdl_gamma_signal_basis_components"": [0], ""mdl_gamma_signal_components"": 1, ""mdl_gamma_slopes"": [-0.08015263421521401, 0.01538139203547662, -0.005603215253240697, -0.010853776538829173, -0.026458842845203553, -0.031685845484861974, -0.011751301070285826, -0.020855749114118426, -0.008784734321974609, -0.00633541202877972, -0.009855947272129384, -0.0937019307582158, 0.01754678041014961, 0.018212839078810283, 0.0072913197685110405, 0.023122224267037864, 0.011771667727304088, 0.015308386646128953, -0.15674631753122545], ""mdl_gamma_split_warm_start"": false, ""mdl_gamma_tolerance"": 1e-05, ""mdl_gamma_weights"": [0.025874301593820558, 0.02982801229595102, 0.040012390555039565, 0.04770760573475122, 0.05366284524471771, 0.061297799681662636, 0.0579165147811208, 0.06350058339665576, 0.06495110777368694, 0.06584844326454234, 0.06591441290672041, 0.038117523409339396, 0.06563519321178149, 0.06430592037733089, 0.058836820800789016, 0.062164882476673435, 0.05413488871930588, 0.047829153578656955, 0.03246160019745378], ""optimization_background_events"": [{""boundary_gain_nats"": 21.28084696456677, ""component_size"": 5, ""description_gain_nats"": 6.607812415421527, ""graph_code_nats"": 17.885221385862646, ""width"": 32, ""window_count"": 596, ""window_gain_nats"": 3.9053340172773496, ""window_pvalue"": 0.0016778523489932886}, {""boundary_gain_nats"": 21.174125890520465, ""component_size"": 5, ""description_gain_nats"": 5.11505939923498, ""graph_code_nats"": 17.884958966882998, ""width"": 64, ""window_count"": 298, ""window_gain_nats"": 2.519039656157459, ""window_pvalue"": 0.006711409395973154}, {""boundary_gain_nats"": 19.555463638517185, ""component_size"": 5, ""description_gain_nats"": 3.496659635093142, ""graph_code_nats"": 17.884696479021557, ""width"": 64, ""window_count"": 298, ""window_gain_nats"": 2.519039656157459, ""window_pvalue"": 0.006711409395973154}], ""optimization_background_intrinsic_dimension"": 2.006686292354324, ""optimization_border_fraction"": 0.021, ""optimization_border_model"": ""strict_local_core_radius"", ""optimization_border_seconds"": 0.002861799999664072, ""optimization_boundary_component_gains_nats"": [[0.0, 0.0, 0.0, 0.0, 0.0, 0.0, 0.0, 0.0, 0.0, 0.0, 0.0, 0.0, 0.0, 0.0, 0.0, 0.0, 0.0, 0.0, 0.0, 0.0, 0.0, 0.0, 0.0, 0.0, 0.0, 0.0, 0.0, 0.0, 0.0, 0.0, 0.0, 0.0, 0.0, 0.0, 0.0, 0.0, 0.0, 0.0, 0.0, 0.0, 0.0, 0.0, 0.0, 0.0, 0.0, 0.0, 0.0, 0.0, 0.0, 0.0, 0.0, 0.0, 0.0, 0.0, 0.0, 0.0, 0.0, 0.0, 0.0, 0.0, 0.0, 0.0, 0.0, 0.0, 0.0, 0.0, 0.0, 0.0, 0.0, 0.0, 0.0, 0.0, 0.0, 0.0, 0.0, 0.0, 0.0, 0.0, 0.0, 0.0, 0.0, 0.0, 0.0, 0.0, 0.0, 0.0, 0.0, 0.0, 0.0], [21.28084696456677, 21.174125890520465, 19.555463638517185]], ""optimization_candidate_groups"": [0, 1], ""optimization_clusters"": 32, ""optimization_connectivity_rank"": 4, ""optimization_core_fraction"": 0.0425, ""optimization_core_rank"": 4, ""optimization_description_gain_nats"": 13632.9102819349, ""optimization_group_gains_nats"": [5762.109752149214, 15.219531449749649], ""optimization_group_sizes"": [944, 19056], ""optimization_noise_fraction"": 0.9365, ""optimization_objective"": ""gamma_topology_component_and_attachment_description_gain"", ""optimization_objective_trace"": [0.0, -13632.9102819349], ""optimization_ordering_modes"": [""d4"", ""adaptive_d4_rank_windows_with_beta_boundary_code""], ""optimization_seconds"": 0.08830510000007052, ""optimization_selected_component_gains_nats"": [904.6838186750392, 1847.2315010735465, 745.0792749368119, 1842.285359647012, 724.0317602901566, 1816.9333490659355, 8.191248681109435, 820.6800554325589, 285.88019222050804, 464.80982841136614, 47.724334558854295, 628.1808943068631, 238.6235125134438, 72.68934886767252, 31.62819673042106, 783.3299584254545, 81.91930725674194, 500.9751161644419, 31.140227507363825, 134.53502087822167, 432.81989482804727, 358.55109358569945, 98.6286956573623, 66.10973691672459, 24.9190318183729, 19.851654053757336, 86.38454974701958, 7.746969922708626, 40.98714284278152, 23.62758268044933, 2.6339532104929795, 153.6778608324289, 5.404323292483982, 6.607812415421527, 5.11505939923498, 3.496659635093142], ""optimization_selected_groups"": [0, 1], ""optimization_selected_local_components"": [33, 3], ""optimization_solver"": ""exact_stratum_event_sweep"", ""optimization_sparse_memory"": true, ""optimization_threshold_seconds"": 0.08563060000051337, ""optimization_threshold_sizes"": [942, 15], ""optimization_thresholds"": [0.0675414428114891, 0.023493293672800064], ""optimization_topology_evidence_ranks"": [5, 8], ""optimization_unified_background_scan"": true, ""stratification"": ""adaptive-semantic-information-criterion-gamma-v2""}","[{""coverage"": 0.3, ""f1"": 0.3504672897196261, ""fragments"": 4, ""matched_predicted_cluster"": 0, ""overlap"": 75, ""passes_discovery_thresholds"": false, ""precision"": 0.42134831460674155, ""purity"": 0.42134831460674155, ""recall"": 0.3, ""target"": ""cluster_0"", ""target_label"": 0, ""target_noise_loss"": 0.248, ""target_size"": 250}, {""coverage"": 0.248, ""f1"": 0.32460732984293195, ""fragments"": 4, ""matched_predicted_cluster"": 5, ""overlap"": 62, ""passes_discovery_thresholds"": false, ""precision"": 0.4696969696969697, ""purity"": 0.4696969696969697, ""recall"": 0.248, ""target"": ""cluster_1"", ""target_label"": 1, ""target_noise_loss"": 0.348, ""target_size"": 250}]",,native_target_discovery_v1
synthetic__moons_noise975__quality__n20000__VDBSCAN-2007__211__1adf2358abbc,ok,synthetic,moons_noise975__quality__n20000,VDBSCAN-2007,211,0.2.4,20000,2,0.0573357000012038,0.201431200001025,3.197973899999852,192.97265625,6.7421875,192.58984375,,,evaluation_state/synthetic__moons_noise975__quality__n20000__VDBSCAN-2007__211__1adf2358abbc.npz,f5a9870333f56b36e207dd1e438814e97279396188554a609699bd018e634247,6585,0.0,0.0,55,54,0.016,known_synthetic_noise,0.508,0.0405152199248325,27.5,1,0,0.1,0.9,full_partition,target-discovery-v1,0,0.05,0.5,0.0129937629937629,0.0,0.0065824117956819,1,pairwise_f1,hungarian,1.0,1,55,0.0183975715205592,0.0314960629921259,0.0314960629921259,0.975,1.0,0.016,0.0006902331061899,0.0003452356996496,1.0,0.0156,55,macro,0,0,1.0,0.0495343768575391,0.0253961804144656,1.0,55,2,0.0,0.0,2,54,0.0,0.5,0.0,0.0129937629937629,0.0065824117956819,"{""dimension"": 2, ""family"": ""moons"", ""n"": 20000}","{""eps_values"": [0.07625202089548111, 0.09291458874940872], ""geometry_profile"": ""low_dim"", ""knee_prominence"": 0.03, ""knn_backend"": ""kd_tree"", ""max_eps_values"": 3, ""min_samples"": 5}",{},"[{""coverage"": 1.0, ""f1"": 0.025987525987525985, ""fragments"": 1, ""matched_predicted_cluster"": 0, ""overlap"": 250, ""passes_discovery_thresholds"": false, ""precision"": 0.013164823591363875, ""purity"": 0.013164823591363875, ""recall"": 1.0, ""target"": ""cluster_0"", ""target_label"": 0, ""target_noise_loss"": 0.0, ""target_size"": 250}, {""coverage"": 0.0, ""f1"": 0.0, ""fragments"": 1, ""matched_predicted_cluster"": null, ""overlap"": 0, ""passes_discovery_thresholds"": false, ""precision"": 0.0, ""purity"": 0.0, ""recall"": 0.0, ""target"": ""cluster_1"", ""target_label"": 1, ""target_noise_loss"": 0.0, ""target_size"": 250}]",,native_target_discovery_v1
synthetic__moons_noise975__quality__n20000__VDBSCAN-2007__223__89144ed711da,ok,synthetic,moons_noise975__quality__n20000,VDBSCAN-2007,223,0.2.4,20000,2,0.0591488000009121,0.2929022999996959,3.3546903999995266,193.140625,7.0703125,193.640625,,,evaluation_state/synthetic__moons_noise975__quality__n20000__VDBSCAN-2007__223__89144ed711da.npz,7a2ad262416e695c784d61c64b6b0ef8764bcfdcb2d9c129104d289b55617aaa,11788,0.0921549776334729,0.0044377115989513,220,206,0.0168717948717948,known_synthetic_noise,0.5074358974358975,0.0413307361456865,117.0,28,0,0.1,0.9,full_partition,target-discovery-v1,0,0.05,0.02,0.0387596899224806,0.002,0.625,2,pairwise_f1,hungarian,1.0,1,234,0.03575465136498,0.0331820474029248,0.0331820474029248,0.975,0.996969696969697,0.0168717948717948,0.0005989935167658,0.000299621670022,0.7183935742971888,0.0165,234,macro,0,0,0.998,0.0494794248884481,0.0253685815963396,0.998,220,2,0.0,0.0,2,232,0.0,0.02,0.0,0.0387596899224806,0.625,"{""dimension"": 2, ""family"": ""moons"", ""n"": 20000}","{""eps_values"": [0.029117526486516, 0.07695057988166809, 0.09477179497480392], ""geometry_profile"": ""low_dim"", ""knee_prominence"": 0.03, ""knn_backend"": ""kd_tree"", ""max_eps_values"": 3, ""min_samples"": 5}",{},"[{""coverage"": 0.02, ""f1"": 0.03875968992248062, ""fragments"": 1, ""matched_predicted_cluster"": 91, ""overlap"": 5, ""passes_discovery_thresholds"": false, ""precision"": 0.625, ""purity"": 0.625, ""recall"": 0.02, ""target"": ""cluster_0"", ""target_label"": 0, ""target_noise_loss"": 0.0, ""target_size"": 250}, {""coverage"": 0.02, ""f1"": 0.03875968992248062, ""fragments"": 1, ""matched_predicted_cluster"": 49, ""overlap"": 5, ""passes_discovery_thresholds"": false, ""precision"": 0.625, ""purity"": 0.625, ""recall"": 0.02, ""target"": ""cluster_1"", ""target_label"": 1, ""target_noise_loss"": 0.004, ""target_size"": 250}]",,native_target_discovery_v1
synthetic__moons_noise975__quality__n20000__VDBSCAN-2007__227__c8a93427e8b1,ok,synthetic,moons_noise975__quality__n20000,VDBSCAN-2007,227,0.2.4,20000,2,0.0589603000007628,0.2954131000005873,3.419775700000173,192.85546875,6.62109375,192.0546875,,,evaluation_state/synthetic__moons_noise975__quality__n20000__VDBSCAN-2007__227__c8a93427e8b1.npz,778b44f5bd41ef3e7a472c907f5f7fea14dab3e54a7e255447ae2350a5d97dbb,12089,0.0899718856438818,0.0049551932044752,222,203,0.0201025641025641,known_synthetic_noise,0.509051282051282,0.0445226518496025,118.5,34,0,0.1,0.9,full_partition,target-discovery-v1,0,0.05,0.016,0.0311901504787961,0.002,0.65,2,pairwise_f1,hungarian,1.0,1,237,0.0348218950613267,0.0394108480369979,0.0394108480369979,0.975,0.9974554707379136,0.0201025641025641,0.0005919080068207,0.000296080678007,0.6917429718875502,0.01965,237,macro,0,0,0.998,0.0496344556622071,0.0254500943540572,0.998,222,2,0.0,0.0,2,235,0.0,0.016,0.0,0.0311901504787961,0.65,"{""dimension"": 2, ""family"": ""moons"", ""n"": 20000}","{""eps_values"": [0.028820853680372238, 0.07639972865581512, 0.09465914964675903], ""geometry_profile"": ""low_dim"", ""knee_prominence"": 0.03, ""knn_backend"": ""kd_tree"", ""max_eps_values"": 3, ""min_samples"": 5}",{},"[{""coverage"": 0.016, ""f1"": 0.031007751937984496, ""fragments"": 1, ""matched_predicted_cluster"": 0, ""overlap"": 4, ""passes_discovery_thresholds"": false, ""precision"": 0.5, ""purity"": 0.5, ""recall"": 0.016, ""target"": ""cluster_0"", ""target_label"": 0, ""target_noise_loss"": 0.0, ""target_size"": 250}, {""coverage"": 0.016, ""f1"": 0.03137254901960784, ""fragments"": 1, ""matched_predicted_cluster"": 134, ""overlap"": 4, ""passes_discovery_thresholds"": false, ""precision"": 0.8, ""purity"": 0.8, ""recall"": 0.016, ""target"": ""cluster_1"", ""target_label"": 1, ""target_noise_loss"": 0.004, ""target_size"": 250}]",,native_target_discovery_v1
synthetic__moons_noise975__quality__n20000__VDBSCAN-2007__229__582a31a8bcaa,ok,synthetic,moons_noise975__quality__n20000,VDBSCAN-2007,229,0.2.4,20000,2,0.0619366999999329,0.3025941999985662,3.3595335000009072,194.44140625,8.24609375,193.796875,,,evaluation_state/synthetic__moons_noise975__quality__n20000__VDBSCAN-2007__229__582a31a8bcaa.npz,72b98090c57a2e4baddb5bd33d3166ec48f1d850d3ebaab5c571ed202a9901af,9663,0.0906839378593717,0.0010901352104716,185,169,0.0171794871794871,known_synthetic_noise,0.5085897435897436,0.0416847746699759,99.0,29,0,0.1,0.9,full_partition,target-discovery-v1,0,0.05,0.026,0.0496044753288754,0.0,0.5419580419580419,2,pairwise_f1,hungarian,1.0,1,198,0.0401897365681548,0.0337786740610032,0.0337786740610032,0.975,1.0,0.0171794871794871,0.0005409113241111,0.0002705577502634,0.7167710843373494,0.01675,198,macro,0,0,1.0,0.0495908752789486,0.0254258835494533,1.0,185,2,0.0,0.0,2,196,0.0,0.026,0.0,0.0496044753288754,0.5419580419580419,"{""dimension"": 2, ""family"": ""moons"", ""n"": 20000}","{""eps_values"": [0.027866633608937263, 0.07695958763360977, 0.0955839529633522], ""geometry_profile"": ""low_dim"", ""knee_prominence"": 0.03, ""knn_backend"": ""kd_tree"", ""max_eps_values"": 3, ""min_samples"": 5}",{},"[{""coverage"": 0.024, ""f1"": 0.04597701149425287, ""fragments"": 1, ""matched_predicted_cluster"": 58, ""overlap"": 6, ""passes_discovery_thresholds"": false, ""precision"": 0.5454545454545454, ""purity"": 0.5454545454545454, ""recall"": 0.024, ""target"": ""cluster_0"", ""target_label"": 0, ""target_noise_loss"": 0.0, ""target_size"": 250}, {""coverage"": 0.028, ""f1"": 0.053231939163498096, ""fragments"": 1, ""matched_predicted_cluster"": 27, ""overlap"": 7, ""passes_discovery_thresholds"": false, ""precision"": 0.5384615384615384, ""purity"": 0.5384615384615384, ""recall"": 0.028, ""target"": ""cluster_1"", ""target_label"": 1, ""target_noise_loss"": 0.0, ""target_size"": 250}]",,native_target_discovery_v1
synthetic__moons_noise975__quality__n20000__VDBSCAN-2007__233__02407524ee1d,ok,synthetic,moons_noise975__quality__n20000,VDBSCAN-2007,233,0.2.4,20000,2,0.058796400000574,0.2947894000008091,3.3837096999996,194.38671875,8.37109375,192.01171875,,,evaluation_state/synthetic__moons_noise975__quality__n20000__VDBSCAN-2007__233__02407524ee1d.npz,83203a8c2d6f8b596c1cb950a23ab6f5a918b641f16f64ba15f3ef3d15120e63,10584,0.0689788880223933,0.0007025113464952,197,183,0.0191282051282051,known_synthetic_noise,0.5085641025641026,0.043562038977327,102.5,22,0,0.1,0.9,full_partition,target-discovery-v1,0,0.05,0.02,0.0386100386100386,0.002,0.5555555555555556,2,pairwise_f1,hungarian,1.0,1,205,0.0380656913821519,0.0375364798228841,0.0375364798228841,0.975,0.997326203208556,0.0191282051282051,0.0006342507708952,0.0003172511712057,0.7998393574297189,0.0187,205,macro,0,0,0.998,0.0495875981317698,0.0254254560277183,0.998,197,2,0.0,0.0,2,203,0.0,0.02,0.0,0.0386100386100386,0.5555555555555556,"{""dimension"": 2, ""family"": ""moons"", ""n"": 20000}","{""eps_values"": [0.02785678766667843, 0.07638313621282578, 0.09438540786504745], ""geometry_profile"": ""low_dim"", ""knee_prominence"": 0.03, ""knn_backend"": ""kd_tree"", ""max_eps_values"": 3, ""min_samples"": 5}",{},"[{""coverage"": 0.02, ""f1"": 0.03861003861003861, ""fragments"": 1, ""matched_predicted_cluster"": 23, ""overlap"": 5, ""passes_discovery_thresholds"": false, ""precision"": 0.5555555555555556, ""purity"": 0.5555555555555556, ""recall"": 0.02, ""target"": ""cluster_0"", ""target_label"": 0, ""target_noise_loss"": 0.0, ""target_size"": 250}, {""coverage"": 0.02, ""f1"": 0.03861003861003861, ""fragments"": 1, ""matched_predicted_cluster"": 37, ""overlap"": 5, ""passes_discovery_thresholds"": false, ""precision"": 0.5555555555555556, ""purity"": 0.5555555555555556, ""recall"": 0.02, ""target"": ""cluster_1"", ""target_label"": 1, ""target_noise_loss"": 0.004, ""target_size"": 250}]",,native_target_discovery_v1
synthetic__moons_noise975__quality__n20000__kNN+Leiden__211__ddcae9c2b0d0,ok,synthetic,moons_noise975__quality__n20000,kNN+Leiden,211,0.2.4,20000,2,0.0604779999994207,0.7582560000009835,4.544035599999916,285.80859375,69.78515625,290.8828125,,,evaluation_state/synthetic__moons_noise975__quality__n20000__kNN+Leiden__211__ddcae9c2b0d0.npz,a985e08f49f503a1c79bf30f15607bc0e648fabfaa6db053537954e46e6c0985,22757,0.4307351115328106,0.2923425626385486,27,20,0.0,known_synthetic_noise,0.5,0.024390243902439,13.5,7,0,0.1,0.9,full_partition,target-discovery-v1,5,0.05,0.484,0.2470844082468072,0.0,0.1664334577114428,2,pairwise_f1,hungarian,3.5,1,27,0.0,0.0,0.0,0.975,0.0,0.0,0.0052966549015655,0.0026684257860536,0.3516144578313253,0.0,27,macro,0,0,1.0,0.048780487804878,0.025,1.0,27,2,0.0,0.0,2,25,0.0,0.484,0.0,0.2470844082468072,0.1664334577114427,"{""dimension"": 2, ""family"": ""moons"", ""n"": 20000}","{""edge_rank"": 15, ""geometry_profile"": ""low_dim"", ""k"": 20, ""knn_backend"": ""kd_tree"", ""resolution"": 0.5, ""symmetrization"": ""union"", ""weights"": ""1/(1+d)""}",{},"[{""coverage"": 0.4, ""f1"": 0.2247191011235955, ""fragments"": 4, ""matched_predicted_cluster"": 17, ""overlap"": 100, ""passes_discovery_thresholds"": false, ""precision"": 0.15625, ""purity"": 0.15625, ""recall"": 0.4, ""target"": ""cluster_0"", ""target_label"": 0, ""target_noise_loss"": 0.0, ""target_size"": 250}, {""coverage"": 0.568, ""f1"": 0.269449715370019, ""fragments"": 3, ""matched_predicted_cluster"": 11, ""overlap"": 142, ""passes_discovery_thresholds"": false, ""precision"": 0.17661691542288557, ""purity"": 0.17661691542288557, ""recall"": 0.568, ""target"": ""cluster_1"", ""target_label"": 1, ""target_noise_loss"": 0.0, ""target_size"": 250}]",,native_target_discovery_v1
synthetic__moons_noise975__quality__n20000__kNN+Leiden__223__1385a0d3ca92,ok,synthetic,moons_noise975__quality__n20000,kNN+Leiden,223,0.2.4,20000,2,0.0584150999984558,0.8935478999992483,4.6937345000005735,286.171875,70.17578125,290.7578125,,,evaluation_state/synthetic__moons_noise975__quality__n20000__kNN+Leiden__223__1385a0d3ca92.npz,e7be472a638c092a663090b93c6cfe523153c197782ccc198ad86d3984ebc625,22809,0.5648203392254878,0.4706092277368345,27,21,0.0,known_synthetic_noise,0.5,0.024390243902439,13.5,6,0,0.1,0.9,full_partition,target-discovery-v1,3,0.05,0.6399999999999999,0.2783749793452916,0.0,0.1789530614920676,2,pairwise_f1,hungarian,2.5,1,27,0.0,0.0,0.0,0.975,0.0,0.0,0.0079015686941449,0.0039811281668611,0.5183453815261044,0.0,27,macro,0,0,1.0,0.048780487804878,0.025,1.0,27,2,0.0,0.0,2,25,0.0,0.64,0.0,0.2783749793452916,0.1789530614920676,"{""dimension"": 2, ""family"": ""moons"", ""n"": 20000}","{""edge_rank"": 15, ""geometry_profile"": ""low_dim"", ""k"": 20, ""knn_backend"": ""kd_tree"", ""resolution"": 0.5, ""symmetrization"": ""union"", ""weights"": ""1/(1+d)""}",{},"[{""coverage"": 0.708, ""f1"": 0.271889400921659, ""fragments"": 2, ""matched_predicted_cluster"": 3, ""overlap"": 177, ""passes_discovery_thresholds"": false, ""precision"": 0.1682509505703422, ""purity"": 0.1682509505703422, ""recall"": 0.708, ""target"": ""cluster_0"", ""target_label"": 0, ""target_noise_loss"": 0.0, ""target_size"": 250}, {""coverage"": 0.572, ""f1"": 0.28486055776892427, ""fragments"": 3, ""matched_predicted_cluster"": 11, ""overlap"": 143, ""passes_discovery_thresholds"": false, ""precision"": 0.1896551724137931, ""purity"": 0.1896551724137931, ""recall"": 0.572, ""target"": ""cluster_1"", ""target_label"": 1, ""target_noise_loss"": 0.0, ""target_size"": 250}]",,native_target_discovery_v1
synthetic__moons_noise975__quality__n20000__kNN+Leiden__227__4733d662b145,ok,synthetic,moons_noise975__quality__n20000,kNN+Leiden,227,0.2.4,20000,2,0.0618844000000535,0.7678823999995075,4.597412400000394,286.89453125,70.57421875,290.55078125,,,evaluation_state/synthetic__moons_noise975__quality__n20000__kNN+Leiden__227__4733d662b145.npz,d0201ed8a51cedbba4fdc16a90bb987a8cabdfe317eeec164b3e146ad5bae5b6,22788,0.4431173396209357,0.2783986118620574,27,21,0.0,known_synthetic_noise,0.5,0.024390243902439,13.5,6,0,0.1,0.9,full_partition,target-discovery-v1,5,0.05,0.47,0.2256043110504278,0.0,0.149688377843641,2,pairwise_f1,hungarian,3.5,1,27,0.0,0.0,0.0,0.975,0.0,0.0,0.0052986092626073,0.0026697376661849,0.3461526104417671,0.0,27,macro,0,0,1.0,0.048780487804878,0.025,1.0,27,2,0.0,0.0,2,25,0.0,0.47,0.0,0.2256043110504278,0.149688377843641,"{""dimension"": 2, ""family"": ""moons"", ""n"": 20000}","{""edge_rank"": 15, ""geometry_profile"": ""low_dim"", ""k"": 20, ""knn_backend"": ""kd_tree"", ""resolution"": 0.5, ""symmetrization"": ""union"", ""weights"": ""1/(1+d)""}",{},"[{""coverage"": 0.48, ""f1"": 0.19818331957060278, ""fragments"": 4, ""matched_predicted_cluster"": 4, ""overlap"": 120, ""passes_discovery_thresholds"": false, ""precision"": 0.12486992715920915, ""purity"": 0.12486992715920915, ""recall"": 0.48, ""target"": ""cluster_0"", ""target_label"": 0, ""target_noise_loss"": 0.0, ""target_size"": 250}, {""coverage"": 0.46, ""f1"": 0.253025302530253, ""fragments"": 3, ""matched_predicted_cluster"": 16, ""overlap"": 115, ""passes_discovery_thresholds"": false, ""precision"": 0.17450682852807284, ""purity"": 0.17450682852807284, ""recall"": 0.46, ""target"": ""cluster_1"", ""target_label"": 1, ""target_noise_loss"": 0.0, ""target_size"": 250}]",,native_target_discovery_v1
synthetic__moons_noise975__quality__n20000__kNN+Leiden__229__b1f53ce81b99,ok,synthetic,moons_noise975__quality__n20000,kNN+Leiden,229,0.2.4,20000,2,0.0641104000005725,0.7638674999998329,4.524533899999369,285.63671875,70.08984375,290.4296875,,,evaluation_state/synthetic__moons_noise975__quality__n20000__kNN+Leiden__229__b1f53ce81b99.npz,396636d8bf5144592d045cc834f7d58979ae12b1522f7870158002aeb90e9be3,22429,0.4099538499937968,0.2591336331646313,25,19,0.0,known_synthetic_noise,0.5,0.024390243902439,12.5,6,0,0.1,0.9,full_partition,target-discovery-v1,5,0.05,0.402,0.2034446830330732,0.0,0.1361875839000022,2,pairwise_f1,hungarian,3.5,1,25,0.0,0.0,0.0,0.975,0.0,0.0,0.0045475629443466,0.0022901047707363,0.319004016064257,0.0,25,macro,0,0,1.0,0.048780487804878,0.025,1.0,25,2,0.0,0.0,2,23,0.0,0.402,0.0,0.2034446830330732,0.1361875839000022,"{""dimension"": 2, ""family"": ""moons"", ""n"": 20000}","{""edge_rank"": 15, ""geometry_profile"": ""low_dim"", ""k"": 20, ""knn_backend"": ""kd_tree"", ""resolution"": 0.5, ""symmetrization"": ""union"", ""weights"": ""1/(1+d)""}",{},"[{""coverage"": 0.42, ""f1"": 0.2145045965270684, ""fragments"": 4, ""matched_predicted_cluster"": 13, ""overlap"": 105, ""passes_discovery_thresholds"": false, ""precision"": 0.1440329218106996, ""purity"": 0.1440329218106996, ""recall"": 0.42, ""target"": ""cluster_0"", ""target_label"": 0, ""target_noise_loss"": 0.0, ""target_size"": 250}, {""coverage"": 0.384, ""f1"": 0.19238476953907818, ""fragments"": 3, ""matched_predicted_cluster"": 12, ""overlap"": 96, ""passes_discovery_thresholds"": false, ""precision"": 0.12834224598930483, ""purity"": 0.12834224598930483, ""recall"": 0.384, ""target"": ""cluster_1"", ""target_label"": 1, ""target_noise_loss"": 0.0, ""target_size"": 250}]",,native_target_discovery_v1
synthetic__moons_noise975__quality__n20000__kNN+Leiden__233__e205abfa8e03,ok,synthetic,moons_noise975__quality__n20000,kNN+Leiden,233,0.2.4,20000,2,0.0601012999995873,1.1718399999990652,4.97799490000034,286.94921875,70.96484375,291.046875,,,evaluation_state/synthetic__moons_noise975__quality__n20000__kNN+Leiden__233__e205abfa8e03.npz,90e9910e132e639a60bdacb995e43b5db9faa458de0cade92253d43a6548fdfe,22615,0.284127749360839,0.224015903672593,26,21,0.0,known_synthetic_noise,0.5,0.024390243902439,13.0,5,0,0.1,0.9,full_partition,target-discovery-v1,4,0.05,0.488,0.2489785207394627,0.0,0.1697682462815634,2,pairwise_f1,hungarian,3.0,2,26,0.0,0.0,0.0,0.975,0.0,0.0,0.0064256249974155,0.0032366161091694,0.43685140562249,0.0,26,macro,0,0,1.0,0.048780487804878,0.025,1.0,26,2,0.0,0.0,2,24,0.0,0.488,0.0,0.2489785207394627,0.1697682462815634,"{""dimension"": 2, ""family"": ""moons"", ""n"": 20000}","{""edge_rank"": 15, ""geometry_profile"": ""low_dim"", ""k"": 20, ""knn_backend"": ""kd_tree"", ""resolution"": 0.5, ""symmetrization"": ""union"", ""weights"": ""1/(1+d)""}",{},"[{""coverage"": 0.352, ""f1"": 0.22306717363751585, ""fragments"": 3, ""matched_predicted_cluster"": 21, ""overlap"": 88, ""passes_discovery_thresholds"": false, ""precision"": 0.16326530612244897, ""purity"": 0.16326530612244897, ""recall"": 0.352, ""target"": ""cluster_0"", ""target_label"": 0, ""target_noise_loss"": 0.0, ""target_size"": 250}, {""coverage"": 0.624, ""f1"": 0.2748898678414097, ""fragments"": 3, ""matched_predicted_cluster"": 7, ""overlap"": 156, ""passes_discovery_thresholds"": false, ""precision"": 0.17627118644067796, ""purity"": 0.17627118644067796, ""recall"": 0.624, ""target"": ""cluster_1"", ""target_label"": 1, ""target_noise_loss"": 0.0, ""target_size"": 250}]",,native_target_discovery_v1
synthetic__moons_noise975__quality__n20000__kNN-DBSCAN__211__c32c5b57d2b4,ok,synthetic,moons_noise975__quality__n20000,kNN-DBSCAN,211,0.2.4,20000,2,0.0579598000003898,0.0696979000003921,3.169859700001325,188.69140625,2.8125,188.984375,,,evaluation_state/synthetic__moons_noise975__quality__n20000__kNN-DBSCAN__211__c32c5b57d2b4.npz,199550cd44cb9716d73fd67cbee4217180a6f3c354ab2e3d8d1d7476ecae0b9c,31985,0.240396971330474,0.0401893561482846,1141,1098,0.5246666666666666,known_synthetic_noise,0.6653333333333333,0.3826184266528278,580.0,62,0,0.1,0.9,full_partition,target-discovery-v1,8,0.05,0.122,0.189812306501548,0.194,0.4274951076320939,2,pairwise_f1,hungarian,5.0,0,1160,0.297349626764068,0.6859997317956281,0.6859997317956281,0.975,0.9906080557707204,0.5246666666666666,0.0437851876383538,0.0478549112245675,0.0403534136546184,0.5164,1160,macro,0,0,0.806,0.0792371215100275,0.0416666666666666,0.806,1141,2,0.0,0.0,2,1158,0.0,0.122,0.0,0.1898123065015479,0.4274951076320939,"{""dimension"": 2, ""family"": ""moons"", ""n"": 20000}","{""eps"": 0.04745962470769882, ""eps_quantile"": 0.25, ""geometry_profile"": ""low_dim"", ""k"": 4, ""knn_backend"": ""kd_tree"", ""min_samples"": 5}",{},"[{""coverage"": 0.112, ""f1"": 0.17337461300309598, ""fragments"": 6, ""matched_predicted_cluster"": 184, ""overlap"": 28, ""passes_discovery_thresholds"": false, ""precision"": 0.3835616438356164, ""purity"": 0.3835616438356164, ""recall"": 0.112, ""target"": ""cluster_0"", ""target_label"": 0, ""target_noise_loss"": 0.18, ""target_size"": 250}, {""coverage"": 0.132, ""f1"": 0.20625000000000002, ""fragments"": 4, ""matched_predicted_cluster"": 168, ""overlap"": 33, ""passes_discovery_thresholds"": false, ""precision"": 0.4714285714285714, ""purity"": 0.4714285714285714, ""recall"": 0.132, ""target"": ""cluster_1"", ""target_label"": 1, ""target_noise_loss"": 0.208, ""target_size"": 250}]",,native_target_discovery_v1
synthetic__moons_noise975__quality__n20000__kNN-DBSCAN__223__ea530822a4de,ok,synthetic,moons_noise975__quality__n20000,kNN-DBSCAN,223,0.2.4,20000,2,0.0591076999990036,0.0676342000006116,3.137483800001064,188.38671875,1.98828125,188.58984375,,,evaluation_state/synthetic__moons_noise975__quality__n20000__kNN-DBSCAN__223__ea530822a4de.npz,a64387857f49f338290297fe408d118b93868276fe15578600b89c9f20d5f4ff,31963,0.2305435545039282,0.0350714217042377,1148,1099,0.5261538461538462,known_synthetic_noise,0.672076923076923,0.3840066153900201,586.0,73,0,0.1,0.9,full_partition,target-discovery-v1,7,0.05,0.1,0.1568573124876311,0.182,0.3675438596491228,2,pairwise_f1,hungarian,4.5,0,1172,0.2554295416326576,0.6874141569796658,0.6874141569796658,0.975,0.9912085788812676,0.5261538461538462,0.0386892528881387,0.0424592586905196,0.0355341365461847,0.51755,1172,macro,0,0,0.818,0.0805990738003744,0.042387812208519,0.818,1148,2,0.0,0.0,2,1170,0.0,0.1,0.0,0.1568573124876311,0.3675438596491227,"{""dimension"": 2, ""family"": ""moons"", ""n"": 20000}","{""eps"": 0.04775363951921463, ""eps_quantile"": 0.25, ""geometry_profile"": ""low_dim"", ""k"": 4, ""knn_backend"": ""kd_tree"", ""min_samples"": 5}",{},"[{""coverage"": 0.112, ""f1"": 0.17177914110429449, ""fragments"": 5, ""matched_predicted_cluster"": 52, ""overlap"": 28, ""passes_discovery_thresholds"": false, ""precision"": 0.3684210526315789, ""purity"": 0.3684210526315789, ""recall"": 0.112, ""target"": ""cluster_0"", ""target_label"": 0, ""target_noise_loss"": 0.176, ""target_size"": 250}, {""coverage"": 0.088, ""f1"": 0.14193548387096774, ""fragments"": 4, ""matched_predicted_cluster"": 49, ""overlap"": 22, ""passes_discovery_thresholds"": false, ""precision"": 0.36666666666666664, ""purity"": 0.36666666666666664, ""recall"": 0.088, ""target"": ""cluster_1"", ""target_label"": 1, ""target_noise_loss"": 0.188, ""target_size"": 250}]",,native_target_discovery_v1
synthetic__moons_noise975__quality__n20000__kNN-DBSCAN__227__7e5da6b4cdb8,ok,synthetic,moons_noise975__quality__n20000,kNN-DBSCAN,227,0.2.4,20000,2,0.0594058999995468,0.0688915999999153,3.139274099999966,188.57421875,3.11328125,191.78125,,,evaluation_state/synthetic__moons_noise975__quality__n20000__kNN-DBSCAN__227__7e5da6b4cdb8.npz,bb2e4df109ecc5772c14491f19d259819af4c7ae240bd5e9c4fdfb8ec08f07dc,31976,0.2438537141534387,0.0432712044319622,1152,1099,0.5270769230769231,known_synthetic_noise,0.6945384615384615,0.3868067239444361,584.0,69,0,0.1,0.9,full_partition,target-discovery-v1,6,0.05,0.136,0.2055263157894736,0.138,0.4507407407407407,2,pairwise_f1,hungarian,4.0,0,1168,0.3165788313331175,0.688712433410393,0.688712433410393,0.975,0.9933314004059148,0.5270769230769231,0.0466993922801266,0.051066913293034,0.0430200803212851,0.51735,1168,macro,0,0,0.862,0.0849010144784792,0.0446493318139438,0.862,1152,2,0.0,0.0,2,1166,0.0,0.136,0.0,0.2055263157894737,0.4507407407407408,"{""dimension"": 2, ""family"": ""moons"", ""n"": 20000}","{""eps"": 0.047334931790828705, ""eps_quantile"": 0.25, ""geometry_profile"": ""low_dim"", ""k"": 4, ""knn_backend"": ""kd_tree"", ""min_samples"": 5}",{},"[{""coverage"": 0.168, ""f1"": 0.24000000000000002, ""fragments"": 3, ""matched_predicted_cluster"": 8, ""overlap"": 42, ""passes_discovery_thresholds"": false, ""precision"": 0.42, ""purity"": 0.42, ""recall"": 0.168, ""target"": ""cluster_0"", ""target_label"": 0, ""target_noise_loss"": 0.156, ""target_size"": 250}, {""coverage"": 0.104, ""f1"": 0.17105263157894735, ""fragments"": 5, ""matched_predicted_cluster"": 208, ""overlap"": 26, ""passes_discovery_thresholds"": false, ""precision"": 0.48148148148148145, ""purity"": 0.48148148148148145, ""recall"": 0.104, ""target"": ""cluster_1"", ""target_label"": 1, ""target_noise_loss"": 0.12, ""target_size"": 250}]",,native_target_discovery_v1
synthetic__moons_noise975__quality__n20000__kNN-DBSCAN__229__db773db5b5aa,ok,synthetic,moons_noise975__quality__n20000,kNN-DBSCAN,229,0.2.4,20000,2,0.060264300000199,0.0729521000012027,3.137679499999649,189.5703125,3.23828125,188.75390625,,,evaluation_state/synthetic__moons_noise975__quality__n20000__kNN-DBSCAN__229__db773db5b5aa.npz,c1b6905fabbe713baaf7b8a104ab4a94037a4ed2b8132a30d158dc0f9f3d9b94,31633,0.2476325487131478,0.0452658722795303,1130,1074,0.5344615384615384,known_synthetic_noise,0.6912307692307692,0.3898146832397637,570.0,66,0,0.1,0.9,full_partition,target-discovery-v1,10,0.05,0.118,0.1821822592756609,0.152,0.4072989851678376,2,pairwise_f1,hungarian,6.0,0,1140,0.2886762769997736,0.6948463230882058,0.6948463230882058,0.975,0.9927605258144409,0.5344615384615384,0.047453310696095,0.0503150315031503,0.0448995983935743,0.5249,1140,macro,0,0,0.848,0.0847830433913217,0.0446221848031993,0.848,1130,2,0.0,0.0,2,1138,0.0,0.118,0.0,0.1821822592756609,0.4072989851678376,"{""dimension"": 2, ""family"": ""moons"", ""n"": 20000}","{""eps"": 0.04732918739318848, ""eps_quantile"": 0.25, ""geometry_profile"": ""low_dim"", ""k"": 4, ""knn_backend"": ""kd_tree"", ""min_samples"": 5}",{},"[{""coverage"": 0.1, ""f1"": 0.16077170418006434, ""fragments"": 6, ""matched_predicted_cluster"": 208, ""overlap"": 25, ""passes_discovery_thresholds"": false, ""precision"": 0.4098360655737705, ""purity"": 0.4098360655737705, ""recall"": 0.1, ""target"": ""cluster_0"", ""target_label"": 0, ""target_noise_loss"": 0.172, ""target_size"": 250}, {""coverage"": 0.136, ""f1"": 0.2035928143712575, ""fragments"": 6, ""matched_predicted_cluster"": 209, ""overlap"": 34, ""passes_discovery_thresholds"": false, ""precision"": 0.40476190476190477, ""purity"": 0.40476190476190477, ""recall"": 0.136, ""target"": ""cluster_1"", ""target_label"": 1, ""target_noise_loss"": 0.132, ""target_size"": 250}]",,native_target_discovery_v1
synthetic__moons_noise975__quality__n20000__kNN-DBSCAN__233__1c68e69b911e,ok,synthetic,moons_noise975__quality__n20000,kNN-DBSCAN,233,0.2.4,20000,2,0.0587448000005679,0.0709888000001228,3.140726400000858,189.33984375,3.2265625,189.23828125,,,evaluation_state/synthetic__moons_noise975__quality__n20000__kNN-DBSCAN__233__1c68e69b911e.npz,9eb581687ed7d0c2fe875e30cfb3baad12a1228dc1a5654fa387447e4570414c,31938,0.2367946209917842,0.0360561788870569,1121,1076,0.525948717948718,known_synthetic_noise,0.682974358974359,0.3850681244799394,573.0,70,0,0.1,0.9,full_partition,target-discovery-v1,8,0.05,0.098,0.1577759973011723,0.16,0.4754901960784313,2,pairwise_f1,hungarian,5.0,0,1146,0.256651677615134,0.6874916208607053,0.6874916208607053,0.975,0.9922600619195048,0.525948717948718,0.0397337107511663,0.0435532061595035,0.0365301204819277,0.5168,1146,macro,0,0,0.84,0.0826446280991735,0.0434602649006622,0.84,1121,2,0.0,0.0,2,1144,0.0,0.098,0.0,0.1577759973011723,0.4754901960784314,"{""dimension"": 2, ""family"": ""moons"", ""n"": 20000}","{""eps"": 0.04724089801311493, ""eps_quantile"": 0.25, ""geometry_profile"": ""low_dim"", ""k"": 4, ""knn_backend"": ""kd_tree"", ""min_samples"": 5}",{},"[{""coverage"": 0.112, ""f1"": 0.16766467065868262, ""fragments"": 4, ""matched_predicted_cluster"": 13, ""overlap"": 28, ""passes_discovery_thresholds"": false, ""precision"": 0.3333333333333333, ""purity"": 0.3333333333333333, ""recall"": 0.112, ""target"": ""cluster_0"", ""target_label"": 0, ""target_noise_loss"": 0.16, ""target_size"": 250}, {""coverage"": 0.084, ""f1"": 0.147887323943662, ""fragments"": 6, ""matched_predicted_cluster"": 545, ""overlap"": 21, ""passes_discovery_thresholds"": false, ""precision"": 0.6176470588235294, ""purity"": 0.6176470588235294, ""recall"": 0.084, ""target"": ""cluster_1"", ""target_label"": 1, ""target_noise_loss"": 0.16, ""target_size"": 250}]",,native_target_discovery_v1
synthetic__moons_noise99__quality__n20000__AMD-DBSCAN__211__bf9d5edc2388,ok,synthetic,moons_noise99__quality__n20000,AMD-DBSCAN,211,0.2.4,20000,2,0.0594559999990451,5.256626800000959,8.357795500000066,6289.953125,6103.64453125,6289.953125,,,evaluation_state/synthetic__moons_noise99__quality__n20000__AMD-DBSCAN__211__bf9d5edc2388.npz,ff5ae7cae98d05fc3ef81e953585d6b25c4e09966c9eed2467f90df5a3ce73fd,2411,0.0,0.0,1,0,0.0,known_synthetic_noise,0.5,0.0099009900990099,0.5,1,0,0.1,0.9,full_partition,target-discovery-v1,0,0.05,0.5,0.0049751243781094,0.0,0.0025,1,pairwise_f1,hungarian,1.0,1,1,0.0,0.0,0.0,0.99,0.0,0.0,9.900004950002476e-05,4.950247512375619e-05,1.0,0.0,1,macro,0,0,1.0,0.0198019801980198,0.01,1.0,1,2,0.0,0.0,2,0,0.0,0.5,0.0,0.0049751243781094,0.0025,"{""dimension"": 2, ""family"": ""moons"", ""n"": 20000}","{""adaptive_rank"": 71, ""balance_rounds"": 3, ""eps_values"": [0.2302275941385719, 0.2552438927340071, 0.27275752220958205], ""geometry_profile"": ""low_dim"", ""knn_backend"": ""kd_tree"", ""n_density_levels"": 3}",{},"[{""coverage"": 1.0, ""f1"": 0.009950248756218907, ""fragments"": 1, ""matched_predicted_cluster"": 0, ""overlap"": 100, ""passes_discovery_thresholds"": false, ""precision"": 0.005, ""purity"": 0.005, ""recall"": 1.0, ""target"": ""cluster_0"", ""target_label"": 0, ""target_noise_loss"": 0.0, ""target_size"": 100}, {""coverage"": 0.0, ""f1"": 0.0, ""fragments"": 1, ""matched_predicted_cluster"": null, ""overlap"": 0, ""passes_discovery_thresholds"": false, ""precision"": 0.0, ""purity"": 0.0, ""recall"": 0.0, ""target"": ""cluster_1"", ""target_label"": 1, ""target_noise_loss"": 0.0, ""target_size"": 100}]",,native_target_discovery_v1
synthetic__moons_noise99__quality__n20000__AMD-DBSCAN__223__1526ac0a3681,ok,synthetic,moons_noise99__quality__n20000,AMD-DBSCAN,223,0.2.4,20000,2,0.0629166999988228,5.312276700000439,8.499249799999234,6290.0234375,6103.6953125,6290.0234375,,,evaluation_state/synthetic__moons_noise99__quality__n20000__AMD-DBSCAN__223__1526ac0a3681.npz,fc56a89cca493e45257a2d7a1754c50f0a8f62a24cdb2aa7008623de0610b491,2413,0.0,0.0,1,0,0.0,known_synthetic_noise,0.5,0.0099009900990099,0.5,1,0,0.1,0.9,full_partition,target-discovery-v1,0,0.05,0.5,0.0049751243781094,0.0,0.0025,1,pairwise_f1,hungarian,1.0,1,1,0.0,0.0,0.0,0.99,0.0,0.0,9.900004950002476e-05,4.950247512375619e-05,1.0,0.0,1,macro,0,0,1.0,0.0198019801980198,0.01,1.0,1,2,0.0,0.0,2,0,0.0,0.5,0.0,0.0049751243781094,0.0025,"{""dimension"": 2, ""family"": ""moons"", ""n"": 20000}","{""adaptive_rank"": 71, ""balance_rounds"": 3, ""eps_values"": [0.229182740446852, 0.2533322976763729, 0.27190304735417176], ""geometry_profile"": ""low_dim"", ""knn_backend"": ""kd_tree"", ""n_density_levels"": 3}",{},"[{""coverage"": 1.0, ""f1"": 0.009950248756218907, ""fragments"": 1, ""matched_predicted_cluster"": 0, ""overlap"": 100, ""passes_discovery_thresholds"": false, ""precision"": 0.005, ""purity"": 0.005, ""recall"": 1.0, ""target"": ""cluster_0"", ""target_label"": 0, ""target_noise_loss"": 0.0, ""target_size"": 100}, {""coverage"": 0.0, ""f1"": 0.0, ""fragments"": 1, ""matched_predicted_cluster"": null, ""overlap"": 0, ""passes_discovery_thresholds"": false, ""precision"": 0.0, ""purity"": 0.0, ""recall"": 0.0, ""target"": ""cluster_1"", ""target_label"": 1, ""target_noise_loss"": 0.0, ""target_size"": 100}]",,native_target_discovery_v1
synthetic__moons_noise99__quality__n20000__AMD-DBSCAN__227__efc910817bfd,ok,synthetic,moons_noise99__quality__n20000,AMD-DBSCAN,227,0.2.4,20000,2,0.0600553000003856,5.300403499999447,8.492351099999723,6289.68359375,6103.6640625,6289.66796875,,,evaluation_state/synthetic__moons_noise99__quality__n20000__AMD-DBSCAN__227__efc910817bfd.npz,387b9f12167858aede08dcf0e382c0bdbd0686a96132ecac301a3f676176ef8f,2413,0.0,0.0,1,0,0.0,known_synthetic_noise,0.5,0.0099009900990099,0.5,1,0,0.1,0.9,full_partition,target-discovery-v1,0,0.05,0.5,0.0049751243781094,0.0,0.0025,1,pairwise_f1,hungarian,1.0,1,1,0.0,0.0,0.0,0.99,0.0,0.0,9.900004950002476e-05,4.950247512375619e-05,1.0,0.0,1,macro,0,0,1.0,0.0198019801980198,0.01,1.0,1,2,0.0,0.0,2,0,0.0,0.5,0.0,0.0049751243781094,0.0025,"{""dimension"": 2, ""family"": ""moons"", ""n"": 20000}","{""adaptive_rank"": 71, ""balance_rounds"": 3, ""eps_values"": [0.22908509582154715, 0.25320371381122764, 0.2709290552428819], ""geometry_profile"": ""low_dim"", ""knn_backend"": ""kd_tree"", ""n_density_levels"": 3}",{},"[{""coverage"": 1.0, ""f1"": 0.009950248756218907, ""fragments"": 1, ""matched_predicted_cluster"": 0, ""overlap"": 100, ""passes_discovery_thresholds"": false, ""precision"": 0.005, ""purity"": 0.005, ""recall"": 1.0, ""target"": ""cluster_0"", ""target_label"": 0, ""target_noise_loss"": 0.0, ""target_size"": 100}, {""coverage"": 0.0, ""f1"": 0.0, ""fragments"": 1, ""matched_predicted_cluster"": null, ""overlap"": 0, ""passes_discovery_thresholds"": false, ""precision"": 0.0, ""purity"": 0.0, ""recall"": 0.0, ""target"": ""cluster_1"", ""target_label"": 1, ""target_noise_loss"": 0.0, ""target_size"": 100}]",,native_target_discovery_v1
synthetic__moons_noise99__quality__n20000__AMD-DBSCAN__229__b274b159ed63,ok,synthetic,moons_noise99__quality__n20000,AMD-DBSCAN,229,0.2.4,20000,2,0.0641699000007065,5.243832599999223,8.395639599999413,6289.69921875,6103.64453125,6289.69921875,,,evaluation_state/synthetic__moons_noise99__quality__n20000__AMD-DBSCAN__229__b274b159ed63.npz,e4d87f5628f261c35c905ad79f55b7a5c5137e7523aa6d38fd52384e7adc5155,2412,0.0,0.0,1,0,0.0,known_synthetic_noise,0.5,0.0099009900990099,0.5,1,0,0.1,0.9,full_partition,target-discovery-v1,0,0.05,0.5,0.0049751243781094,0.0,0.0025,1,pairwise_f1,hungarian,1.0,1,1,0.0,0.0,0.0,0.99,0.0,0.0,9.900004950002476e-05,4.950247512375619e-05,1.0,0.0,1,macro,0,0,1.0,0.0198019801980198,0.01,1.0,1,2,0.0,0.0,2,0,0.0,0.5,0.0,0.0049751243781094,0.0025,"{""dimension"": 2, ""family"": ""moons"", ""n"": 20000}","{""adaptive_rank"": 71, ""balance_rounds"": 3, ""eps_values"": [0.22791249840204472, 0.2537803721374697, 0.27213702969410003], ""geometry_profile"": ""low_dim"", ""knn_backend"": ""kd_tree"", ""n_density_levels"": 3}",{},"[{""coverage"": 1.0, ""f1"": 0.009950248756218907, ""fragments"": 1, ""matched_predicted_cluster"": 0, ""overlap"": 100, ""passes_discovery_thresholds"": false, ""precision"": 0.005, ""purity"": 0.005, ""recall"": 1.0, ""target"": ""cluster_0"", ""target_label"": 0, ""target_noise_loss"": 0.0, ""target_size"": 100}, {""coverage"": 0.0, ""f1"": 0.0, ""fragments"": 1, ""matched_predicted_cluster"": null, ""overlap"": 0, ""passes_discovery_thresholds"": false, ""precision"": 0.0, ""purity"": 0.0, ""recall"": 0.0, ""target"": ""cluster_1"", ""target_label"": 1, ""target_noise_loss"": 0.0, ""target_size"": 100}]",,native_target_discovery_v1
synthetic__moons_noise99__quality__n20000__AMD-DBSCAN__233__e6fc5bea828a,ok,synthetic,moons_noise99__quality__n20000,AMD-DBSCAN,233,0.2.4,20000,2,0.059086399998705,5.338571500000398,8.57414450000033,6289.7109375,6103.64453125,6289.7109375,,,evaluation_state/synthetic__moons_noise99__quality__n20000__AMD-DBSCAN__233__e6fc5bea828a.npz,5730e27daa2910aafc2a7c4c83761d40a12106026aea36e3892397ed63b5e607,2413,0.0,0.0,1,0,0.0,known_synthetic_noise,0.5,0.0099009900990099,0.5,1,0,0.1,0.9,full_partition,target-discovery-v1,0,0.05,0.5,0.0049751243781094,0.0,0.0025,1,pairwise_f1,hungarian,1.0,1,1,0.0,0.0,0.0,0.99,0.0,0.0,9.900004950002476e-05,4.950247512375619e-05,1.0,0.0,1,macro,0,0,1.0,0.0198019801980198,0.01,1.0,1,2,0.0,0.0,2,0,0.0,0.5,0.0,0.0049751243781094,0.0025,"{""dimension"": 2, ""family"": ""moons"", ""n"": 20000}","{""adaptive_rank"": 71, ""balance_rounds"": 3, ""eps_values"": [0.22981178835674057, 0.2541692143317271, 0.2713451565412622], ""geometry_profile"": ""low_dim"", ""knn_backend"": ""kd_tree"", ""n_density_levels"": 3}",{},"[{""coverage"": 1.0, ""f1"": 0.009950248756218907, ""fragments"": 1, ""matched_predicted_cluster"": 0, ""overlap"": 100, ""passes_discovery_thresholds"": false, ""precision"": 0.005, ""purity"": 0.005, ""recall"": 1.0, ""target"": ""cluster_0"", ""target_label"": 0, ""target_noise_loss"": 0.0, ""target_size"": 100}, {""coverage"": 0.0, ""f1"": 0.0, ""fragments"": 1, ""matched_predicted_cluster"": null, ""overlap"": 0, ""passes_discovery_thresholds"": false, ""precision"": 0.0, ""purity"": 0.0, ""recall"": 0.0, ""target"": ""cluster_1"", ""target_label"": 1, ""target_noise_loss"": 0.0, ""target_size"": 100}]",,native_target_discovery_v1
synthetic__moons_noise99__quality__n20000__DBSCAN__211__4ba3492159d4,ok,synthetic,moons_noise99__quality__n20000,DBSCAN,211,0.2.4,20000,2,0.0604994000004808,0.1783775000003515,3.2392897000008816,191.26953125,5.5,191.31640625,,,evaluation_state/synthetic__moons_noise99__quality__n20000__DBSCAN__211__4ba3492159d4.npz,3f1f00892d53bf8ad8de18142961ecdbd4d06a406735a1ba770ce0c2e2d3ed8f,38106,0.2195063176360007,0.0514637397958251,1247,1200,0.3354545454545454,known_synthetic_noise,0.5702272727272728,0.2627305084839078,625.0,50,0,0.1,0.9,full_partition,target-discovery-v1,9,0.05,0.12,0.1461945461945462,0.195,0.2232209737827715,2,pairwise_f1,hungarian,5.5,0,1250,0.2264069467667432,0.5016426872096975,0.5016426872096975,0.99,0.9941625505163898,0.3354545454545454,0.0069899742340365,0.0038162622914287,0.0415151515151515,0.33405,1250,macro,0,0,0.805,0.0238183297581182,0.0120879945941887,0.805,1247,2,0.0,0.0,2,1248,0.0,0.12,0.0,0.1461945461945462,0.2232209737827715,"{""dimension"": 2, ""family"": ""moons"", ""n"": 20000}","{""base_eps"": 0.07601379603147507, ""eps"": 0.053209657222032546, ""eps_multiplier"": 0.7, ""geometry_profile"": ""low_dim"", ""knn_backend"": ""kd_tree"", ""min_samples"": 5}",{},"[{""coverage"": 0.16, ""f1"": 0.1693121693121693, ""fragments"": 6, ""matched_predicted_cluster"": 141, ""overlap"": 16, ""passes_discovery_thresholds"": false, ""precision"": 0.1797752808988764, ""purity"": 0.1797752808988764, ""recall"": 0.16, ""target"": ""cluster_0"", ""target_label"": 0, ""target_noise_loss"": 0.12, ""target_size"": 100}, {""coverage"": 0.08, ""f1"": 0.12307692307692307, ""fragments"": 5, ""matched_predicted_cluster"": 133, ""overlap"": 8, ""passes_discovery_thresholds"": false, ""precision"": 0.26666666666666666, ""purity"": 0.26666666666666666, ""recall"": 0.08, ""target"": ""cluster_1"", ""target_label"": 1, ""target_noise_loss"": 0.27, ""target_size"": 100}]",,native_target_discovery_v1
synthetic__moons_noise99__quality__n20000__DBSCAN__223__09db37e00b58,ok,synthetic,moons_noise99__quality__n20000,DBSCAN,223,0.2.4,20000,2,0.0602797999999893,0.1794452000012825,3.2337553999986994,192.55859375,6.625,192.3359375,,,evaluation_state/synthetic__moons_noise99__quality__n20000__DBSCAN__223__09db37e00b58.npz,2c1ec64d6c01871ed20c79c479363e5849b2a7717536dfdaab68da98134d9c12,38106,0.2137471159426767,0.0486813317225912,1247,1205,0.3340909090909091,known_synthetic_noise,0.5395454545454546,0.2609526333956208,625.5,46,0,0.1,0.9,full_partition,target-discovery-v1,9,0.05,0.12,0.1549791449426485,0.255,0.2319157392686804,2,pairwise_f1,hungarian,5.5,0,1251,0.236604220511132,0.4998866470188166,0.4998866470188166,0.99,0.9923492349234924,0.3340909090909091,0.0067947187302479,0.0037207245317847,0.039090909090909,0.3333,1251,macro,0,0,0.745,0.022018619772425,0.0111744412779361,0.745,1247,2,0.0,0.0,2,1249,0.0,0.12,0.0,0.1549791449426486,0.2319157392686804,"{""dimension"": 2, ""family"": ""moons"", ""n"": 20000}","{""base_eps"": 0.07565581798553467, ""eps"": 0.05295907258987426, ""eps_multiplier"": 0.7, ""geometry_profile"": ""low_dim"", ""knn_backend"": ""kd_tree"", ""min_samples"": 5}",{},"[{""coverage"": 0.15, ""f1"": 0.17857142857142858, ""fragments"": 7, ""matched_predicted_cluster"": 51, ""overlap"": 15, ""passes_discovery_thresholds"": false, ""precision"": 0.22058823529411764, ""purity"": 0.22058823529411764, ""recall"": 0.15, ""target"": ""cluster_0"", ""target_label"": 0, ""target_noise_loss"": 0.18, ""target_size"": 100}, {""coverage"": 0.09, ""f1"": 0.13138686131386862, ""fragments"": 4, ""matched_predicted_cluster"": 50, ""overlap"": 9, ""passes_discovery_thresholds"": false, ""precision"": 0.24324324324324326, ""purity"": 0.24324324324324326, ""recall"": 0.09, ""target"": ""cluster_1"", ""target_label"": 1, ""target_noise_loss"": 0.33, ""target_size"": 100}]",,native_target_discovery_v1
synthetic__moons_noise99__quality__n20000__DBSCAN__227__29c87d9deef0,ok,synthetic,moons_noise99__quality__n20000,DBSCAN,227,0.2.4,20000,2,0.0575875999984418,0.1827933000004122,3.2100777000014205,191.34375,5.57421875,190.73046875,,,evaluation_state/synthetic__moons_noise99__quality__n20000__DBSCAN__227__29c87d9deef0.npz,3bd0115e29eab5786849c27969f975d17118329f16aa0b0011bdf0ee71e9ba54,38283,0.1976111410864235,0.0349549655595108,1281,1225,0.3365151515151515,known_synthetic_noise,0.5882575757575758,0.2639212486844632,642.5,60,0,0.1,0.9,full_partition,target-discovery-v1,5,0.05,0.1149999999999999,0.1533377689066312,0.16,0.2466950959488272,2,pairwise_f1,hungarian,3.5,0,1285,0.2350240060091643,0.5029628231741837,0.5029628231741837,0.99,0.9952203136669155,0.3365151515151515,0.0061613177971476,0.0033842294905739,0.0343434343434343,0.33475,1285,macro,0,0,0.84,0.0248796741947426,0.0126268320180383,0.84,1281,2,0.0,0.0,2,1283,0.0,0.115,0.0,0.1533377689066312,0.2466950959488272,"{""dimension"": 2, ""family"": ""moons"", ""n"": 20000}","{""base_eps"": 0.07535281032323837, ""eps"": 0.05274696722626686, ""eps_multiplier"": 0.7, ""geometry_profile"": ""low_dim"", ""knn_backend"": ""kd_tree"", ""min_samples"": 5}",{},"[{""coverage"": 0.12, ""f1"": 0.14371257485029942, ""fragments"": 3, ""matched_predicted_cluster"": 88, ""overlap"": 12, ""passes_discovery_thresholds"": false, ""precision"": 0.1791044776119403, ""purity"": 0.1791044776119403, ""recall"": 0.12, ""target"": ""cluster_0"", ""target_label"": 0, ""target_noise_loss"": 0.13, ""target_size"": 100}, {""coverage"": 0.11, ""f1"": 0.16296296296296298, ""fragments"": 4, ""matched_predicted_cluster"": 647, ""overlap"": 11, ""passes_discovery_thresholds"": false, ""precision"": 0.3142857142857143, ""purity"": 0.3142857142857143, ""recall"": 0.11, ""target"": ""cluster_1"", ""target_label"": 1, ""target_noise_loss"": 0.19, ""target_size"": 100}]",,native_target_discovery_v1
synthetic__moons_noise99__quality__n20000__DBSCAN__229__34374f28854e,ok,synthetic,moons_noise99__quality__n20000,DBSCAN,229,0.2.4,20000,2,0.0623440999988815,0.1854008999998768,3.28215789999922,188.94921875,2.6328125,192.8515625,,,evaluation_state/synthetic__moons_noise99__quality__n20000__DBSCAN__229__34374f28854e.npz,b13ac5f13aeed3c203ae28bb5f0206f19d0e6f2b11dc12cadf327c4a6f43ea0f,38060,0.2306783539583713,0.0460634888585287,1229,1188,0.3342929292929293,known_synthetic_noise,0.5771464646464646,0.2623062390504251,616.0,44,0,0.1,0.9,full_partition,target-discovery-v1,9,0.05,0.125,0.1588437549976011,0.18,0.2223731884057971,2,pairwise_f1,hungarian,5.5,0,1232,0.2411408398368243,0.5003969003969004,0.5003969003969004,0.99,0.9945905334335088,0.3342929292929293,0.0069877006462372,0.0038082254033174,0.0423232323232323,0.33275,1232,macro,0,0,0.82,0.0242155777039497,0.0122892469089546,0.82,1229,2,0.0,0.0,2,1230,0.0,0.125,0.0,0.1588437549976011,0.2223731884057971,"{""dimension"": 2, ""family"": ""moons"", ""n"": 20000}","{""base_eps"": 0.07603752613067627, ""eps"": 0.05322626829147339, ""eps_multiplier"": 0.7, ""geometry_profile"": ""low_dim"", ""knn_backend"": ""kd_tree"", ""min_samples"": 5}",{},"[{""coverage"": 0.13, ""f1"": 0.17567567567567569, ""fragments"": 5, ""matched_predicted_cluster"": 184, ""overlap"": 13, ""passes_discovery_thresholds"": false, ""precision"": 0.2708333333333333, ""purity"": 0.2708333333333333, ""recall"": 0.13, ""target"": ""cluster_0"", ""target_label"": 0, ""target_noise_loss"": 0.13, ""target_size"": 100}, {""coverage"": 0.12, ""f1"": 0.14201183431952663, ""fragments"": 6, ""matched_predicted_cluster"": 52, ""overlap"": 12, ""passes_discovery_thresholds"": false, ""precision"": 0.17391304347826086, ""purity"": 0.17391304347826086, ""recall"": 0.12, ""target"": ""cluster_1"", ""target_label"": 1, ""target_noise_loss"": 0.23, ""target_size"": 100}]",,native_target_discovery_v1
synthetic__moons_noise99__quality__n20000__DBSCAN__233__741d8c470648,ok,synthetic,moons_noise99__quality__n20000,DBSCAN,233,0.2.4,20000,2,0.0586745000000519,0.1767322999985481,3.2652813000004244,191.140625,4.859375,191.37890625,,,evaluation_state/synthetic__moons_noise99__quality__n20000__DBSCAN__233__741d8c470648.npz,648572e7a379297366357ef9e5839db42321ae7e01148d098326ab35e0c2737b,38124,0.2324285110512243,0.0462479827386862,1225,1183,0.3313636363636363,known_synthetic_noise,0.5806818181818182,0.260771201432677,614.0,45,0,0.1,0.9,full_partition,target-discovery-v1,13,0.05,0.135,0.1682453416149068,0.17,0.2232240437158469,2,pairwise_f1,hungarian,7.5,0,1228,0.2514076199113365,0.4971396097745785,0.4971396097745785,0.99,0.9948445792266868,0.3313636363636363,0.0074273085044325,0.0040424637564505,0.0456565656565656,0.32975,1228,macro,0,0,0.83,0.0244027930907754,0.0123834390152928,0.83,1225,2,0.0,0.0,2,1226,0.0,0.135,0.0,0.1682453416149068,0.2232240437158469,"{""dimension"": 2, ""family"": ""moons"", ""n"": 20000}","{""base_eps"": 0.07581571489572525, ""eps"": 0.05307100042700767, ""eps_multiplier"": 0.7, ""geometry_profile"": ""low_dim"", ""knn_backend"": ""kd_tree"", ""min_samples"": 5}",{},"[{""coverage"": 0.13, ""f1"": 0.16149068322981364, ""fragments"": 9, ""matched_predicted_cluster"": 41, ""overlap"": 13, ""passes_discovery_thresholds"": false, ""precision"": 0.21311475409836064, ""purity"": 0.21311475409836064, ""recall"": 0.13, ""target"": ""cluster_0"", ""target_label"": 0, ""target_noise_loss"": 0.14, ""target_size"": 100}, {""coverage"": 0.14, ""f1"": 0.17500000000000002, ""fragments"": 6, ""matched_predicted_cluster"": 307, ""overlap"": 14, ""passes_discovery_thresholds"": false, ""precision"": 0.23333333333333334, ""purity"": 0.23333333333333334, ""recall"": 0.14, ""target"": ""cluster_1"", ""target_label"": 1, ""target_noise_loss"": 0.2, ""target_size"": 100}]",,native_target_discovery_v1
synthetic__moons_noise99__quality__n20000__HDBSCAN__211__6bc725d06e5c,ok,synthetic,moons_noise99__quality__n20000,HDBSCAN,211,0.2.4,20000,2,0.0606845000002067,2.9706158000008145,6.074299800000517,190.2265625,4.171875,190.5859375,,,evaluation_state/synthetic__moons_noise99__quality__n20000__HDBSCAN__211__6bc725d06e5c.npz,4d461843edf45ea66b25ea7455d3770eb07898f6d2e78b28a95ac332325ac783,26191,0.3239567542308526,0.1548804112145554,123,113,0.3796464646464646,known_synthetic_noise,0.5423232323232323,0.2857527783765525,61.5,10,0,0.1,0.9,full_partition,target-discovery-v1,5,0.05,0.31,0.1964758125472411,0.295,0.1637173694779116,2,pairwise_f1,hungarian,3.5,0,123,0.2894094563543973,0.5491671537112799,0.5491671537112799,0.99,0.9922122492080252,0.3796464646464646,0.0033959483789956,0.0017163039057363,0.158989898989899,0.3788,123,macro,0,0,0.705,0.022338403041825,0.011349001931745,0.705,123,2,0.0,0.0,2,121,0.0,0.31,0.0,0.1964758125472411,0.1637173694779116,"{""dimension"": 2, ""family"": ""moons"", ""n"": 20000}","{""geometry_profile"": ""low_dim"", ""knn_backend"": ""kd_tree"", ""min_cluster_size"": 40, ""min_samples"": 5}",{},"[{""coverage"": 0.43, ""f1"": 0.1990740740740741, ""fragments"": 3, ""matched_predicted_cluster"": 114, ""overlap"": 43, ""passes_discovery_thresholds"": false, ""precision"": 0.12951807228915663, ""purity"": 0.12951807228915663, ""recall"": 0.43, ""target"": ""cluster_0"", ""target_label"": 0, ""target_noise_loss"": 0.24, ""target_size"": 100}, {""coverage"": 0.19, ""f1"": 0.19387755102040816, ""fragments"": 4, ""matched_predicted_cluster"": 101, ""overlap"": 19, ""passes_discovery_thresholds"": false, ""precision"": 0.19791666666666666, ""purity"": 0.19791666666666666, ""recall"": 0.19, ""target"": ""cluster_1"", ""target_label"": 1, ""target_noise_loss"": 0.35, ""target_size"": 100}]",,native_target_discovery_v1
synthetic__moons_noise99__quality__n20000__HDBSCAN__223__df985d03caa5,ok,synthetic,moons_noise99__quality__n20000,HDBSCAN,223,0.2.4,20000,2,0.0616405999990092,2.9111792000003334,5.975599499999589,190.70703125,4.55859375,191.13671875,,,evaluation_state/synthetic__moons_noise99__quality__n20000__HDBSCAN__223__df985d03caa5.npz,947f4ffb927b29322f2a2023fe8675fc3fd7a1f01fc4a97da1b9f3720d331dd2,26050,0.322394382053757,0.1410504470683176,115,105,0.373989898989899,known_synthetic_noise,0.5719949494949494,0.2838125261822404,57.5,10,0,0.1,0.9,full_partition,target-discovery-v1,8,0.05,0.29,0.1558763931104356,0.23,0.1073894650655021,2,pairwise_f1,hungarian,5.0,0,115,0.2422662516545322,0.5434662948148692,0.5434662948148692,0.99,0.9938263320359684,0.373989898989899,0.0029998390774583,0.0015151003984039,0.1496969696969697,0.37255,115,macro,0,0,0.77,0.0241587575496117,0.0122718941748346,0.77,115,2,0.0,0.0,2,113,0.0,0.29,0.0,0.1558763931104356,0.1073894650655021,"{""dimension"": 2, ""family"": ""moons"", ""n"": 20000}","{""geometry_profile"": ""low_dim"", ""knn_backend"": ""kd_tree"", ""min_cluster_size"": 40, ""min_samples"": 5}",{},"[{""coverage"": 0.31, ""f1"": 0.14761904761904762, ""fragments"": 5, ""matched_predicted_cluster"": 91, ""overlap"": 31, ""passes_discovery_thresholds"": false, ""precision"": 0.096875, ""purity"": 0.096875, ""recall"": 0.31, ""target"": ""cluster_0"", ""target_label"": 0, ""target_noise_loss"": 0.18, ""target_size"": 100}, {""coverage"": 0.27, ""f1"": 0.16413373860182373, ""fragments"": 5, ""matched_predicted_cluster"": 92, ""overlap"": 27, ""passes_discovery_thresholds"": false, ""precision"": 0.11790393013100436, ""purity"": 0.11790393013100436, ""recall"": 0.27, ""target"": ""cluster_1"", ""target_label"": 1, ""target_noise_loss"": 0.28, ""target_size"": 100}]",,native_target_discovery_v1
synthetic__moons_noise99__quality__n20000__HDBSCAN__227__89a2bbdc62c8,ok,synthetic,moons_noise99__quality__n20000,HDBSCAN,227,0.2.4,20000,2,0.0578276000014739,2.964007799999308,6.00594479999927,191.1015625,4.7890625,191.33203125,,,evaluation_state/synthetic__moons_noise99__quality__n20000__HDBSCAN__227__89a2bbdc62c8.npz,4a8bab627ad4819d79d7edc8489a534e99be53bf50937f205b86ca2d4d026f26,26382,0.3052098473361412,0.1040632232594147,133,121,0.3905555555555555,known_synthetic_noise,0.5152777777777777,0.2904571558125019,66.5,12,0,0.1,0.9,full_partition,target-discovery-v1,8,0.05,0.235,0.1571142007332088,0.36,0.135940371656116,2,pairwise_f1,hungarian,5.0,0,133,0.2454084083555531,0.5602608223147981,0.5602608223147981,0.99,0.9907751441383728,0.3905555555555555,0.0026770205374476,0.0013556515665019,0.1058585858585858,0.39025,133,macro,0,0,0.64,0.0206534893102057,0.0104961049610496,0.64,133,2,0.0,0.0,2,131,0.0,0.235,0.0,0.1571142007332088,0.135940371656116,"{""dimension"": 2, ""family"": ""moons"", ""n"": 20000}","{""geometry_profile"": ""low_dim"", ""knn_backend"": ""kd_tree"", ""min_cluster_size"": 40, ""min_samples"": 5}",{},"[{""coverage"": 0.13, ""f1"": 0.14207650273224043, ""fragments"": 7, ""matched_predicted_cluster"": 130, ""overlap"": 13, ""passes_discovery_thresholds"": false, ""precision"": 0.1566265060240964, ""purity"": 0.1566265060240964, ""recall"": 0.13, ""target"": ""cluster_0"", ""target_label"": 0, ""target_noise_loss"": 0.35, ""target_size"": 100}, {""coverage"": 0.34, ""f1"": 0.17215189873417722, ""fragments"": 3, ""matched_predicted_cluster"": 123, ""overlap"": 34, ""passes_discovery_thresholds"": false, ""precision"": 0.1152542372881356, ""purity"": 0.1152542372881356, ""recall"": 0.34, ""target"": ""cluster_1"", ""target_label"": 1, ""target_noise_loss"": 0.37, ""target_size"": 100}]",,native_target_discovery_v1
synthetic__moons_noise99__quality__n20000__HDBSCAN__229__e9738bb3a92b,ok,synthetic,moons_noise99__quality__n20000,HDBSCAN,229,0.2.4,20000,2,0.0582164000006741,2.909659900000406,5.974410699998771,190.9765625,4.5078125,193.87890625,,,evaluation_state/synthetic__moons_noise99__quality__n20000__HDBSCAN__229__e9738bb3a92b.npz,04aab852aef069e7170d440d0d3fb2955952e2245b3fae8f7aa527fe53fa8d45,26354,0.3584277122490377,0.1832401577656923,109,100,0.3451010101010101,known_synthetic_noise,0.5725505050505051,0.2681823607525012,54.5,9,0,0.1,0.9,full_partition,target-discovery-v1,7,0.05,0.225,0.1997560975609756,0.1999999999999999,0.1824657534246575,2,pairwise_f1,hungarian,4.5,0,109,0.2874437467964208,0.5123533160874292,0.5123533160874292,0.99,0.9941801251273098,0.3451010101010101,0.002720515651704,0.001370568908606,0.1808080808080808,0.34365,109,macro,0,0,0.8,0.0240114054175733,0.0121886188771234,0.8,109,2,0.0,0.0,2,107,0.0,0.225,0.0,0.1997560975609756,0.1824657534246575,"{""dimension"": 2, ""family"": ""moons"", ""n"": 20000}","{""geometry_profile"": ""low_dim"", ""knn_backend"": ""kd_tree"", ""min_cluster_size"": 40, ""min_samples"": 5}",{},"[{""coverage"": 0.27, ""f1"": 0.21951219512195125, ""fragments"": 4, ""matched_predicted_cluster"": 95, ""overlap"": 27, ""passes_discovery_thresholds"": false, ""precision"": 0.18493150684931506, ""purity"": 0.18493150684931506, ""recall"": 0.27, ""target"": ""cluster_0"", ""target_label"": 0, ""target_noise_loss"": 0.11, ""target_size"": 100}, {""coverage"": 0.18, ""f1"": 0.18, ""fragments"": 5, ""matched_predicted_cluster"": 94, ""overlap"": 18, ""passes_discovery_thresholds"": false, ""precision"": 0.18, ""purity"": 0.18, ""recall"": 0.18, ""target"": ""cluster_1"", ""target_label"": 1, ""target_noise_loss"": 0.29, ""target_size"": 100}]",,native_target_discovery_v1
synthetic__moons_noise99__quality__n20000__HDBSCAN__233__46253ca8477b,ok,synthetic,moons_noise99__quality__n20000,HDBSCAN,233,0.2.4,20000,2,0.0586930999998003,2.9133080999999947,5.945422400000098,190.421875,4.21484375,192.71875,,,evaluation_state/synthetic__moons_noise99__quality__n20000__HDBSCAN__233__46253ca8477b.npz,1de0b4e562146c698b6c39ae127d5eeefb6ee1be7440e1104ef013444d5028a7,26004,0.3146926936208009,0.1023967627349413,117,102,0.3765656565656565,known_synthetic_noise,0.5807828282828282,0.2854847890385764,58.5,15,0,0.1,0.9,full_partition,target-discovery-v1,10,0.05,0.155,0.1713717199353314,0.215,0.1925287356321839,2,pairwise_f1,hungarian,6.0,0,117,0.2608942325966527,0.546247115278948,0.546247115278948,0.99,0.9942659021202828,0.3765656565656565,0.0019322165659873,0.0009751724320933,0.1039393939393939,0.37495,117,macro,0,0,0.785,0.0247224627982048,0.0125589952803775,0.785,117,2,0.0,0.0,2,115,0.0,0.155,0.0,0.1713717199353314,0.1925287356321839,"{""dimension"": 2, ""family"": ""moons"", ""n"": 20000}","{""geometry_profile"": ""low_dim"", ""knn_backend"": ""kd_tree"", ""min_cluster_size"": 40, ""min_samples"": 5}",{},"[{""coverage"": 0.12, ""f1"": 0.13953488372093023, ""fragments"": 7, ""matched_predicted_cluster"": 94, ""overlap"": 12, ""passes_discovery_thresholds"": false, ""precision"": 0.16666666666666666, ""purity"": 0.16666666666666666, ""recall"": 0.12, ""target"": ""cluster_0"", ""target_label"": 0, ""target_noise_loss"": 0.22, ""target_size"": 100}, {""coverage"": 0.19, ""f1"": 0.20320855614973266, ""fragments"": 5, ""matched_predicted_cluster"": 70, ""overlap"": 19, ""passes_discovery_thresholds"": false, ""precision"": 0.21839080459770116, ""purity"": 0.21839080459770116, ""recall"": 0.19, ""target"": ""cluster_1"", ""target_label"": 1, ""target_noise_loss"": 0.21, ""target_size"": 100}]",,native_target_discovery_v1
synthetic__moons_noise99__quality__n20000__OPTICS__211__62301d1e1de1,ok,synthetic,moons_noise99__quality__n20000,OPTICS,211,0.2.4,20000,2,0.0663626000005024,15.892616299999643,18.898189399998955,190.15234375,3.58203125,190.37890625,,,evaluation_state/synthetic__moons_noise99__quality__n20000__OPTICS__211__62301d1e1de1.npz,8bca9d83cfd10c391e73f76509eadf1488314f2fe1b1e189e494ed87ad22b207,3025,0.0,0.0,4,4,0.9903535353535352,known_synthetic_noise,0.4951767676767676,0.4950642530737963,2.0,0,0,0.1,0.9,full_partition,target-discovery-v1,0,0.05,0.0,0.0,1.0,0.0,0,pairwise_f1,hungarian,0.0,0,4,0.0,0.9901285061475928,0.9901285061475928,0.99,0.9899035791811804,0.9903535353535352,0.0,0.0,0.0,0.99045,4,macro,0,0,0.0,0.0,0.0,0.0,4,2,0.0,0.0,2,4,0.0,0.0,0.0,0.0,0.0,"{""dimension"": 2, ""family"": ""moons"", ""n"": 20000}","{""geometry_profile"": ""low_dim"", ""knn_backend"": ""kd_tree"", ""max_eps"": 0.09115498512983322, ""max_eps_quantile"": 0.98, ""min_cluster_size"": 40, ""min_samples"": 5, ""xi"": 0.1}",{},"[{""coverage"": 0.0, ""f1"": 0.0, ""fragments"": 0, ""matched_predicted_cluster"": null, ""overlap"": 0, ""passes_discovery_thresholds"": false, ""precision"": 0.0, ""purity"": 0.0, ""recall"": 0.0, ""target"": ""cluster_0"", ""target_label"": 0, ""target_noise_loss"": 1.0, ""target_size"": 100}, {""coverage"": 0.0, ""f1"": 0.0, ""fragments"": 0, ""matched_predicted_cluster"": null, ""overlap"": 0, ""passes_discovery_thresholds"": false, ""precision"": 0.0, ""purity"": 0.0, ""recall"": 0.0, ""target"": ""cluster_1"", ""target_label"": 1, ""target_noise_loss"": 1.0, ""target_size"": 100}]",,native_target_discovery_v1
synthetic__moons_noise99__quality__n20000__OPTICS__223__1542d2d99e51,ok,synthetic,moons_noise99__quality__n20000,OPTICS,223,0.2.4,20000,2,0.0567353000005823,15.834446300001218,18.81434519999857,191.18359375,4.77734375,191.34765625,,,evaluation_state/synthetic__moons_noise99__quality__n20000__OPTICS__223__1542d2d99e51.npz,acce067cea45d0e9983912a13d03a2fea508583aacce5bcd29b19eca740680f6,2710,0.0,0.0,2,2,0.9955050505050506,known_synthetic_noise,0.4977525252525253,0.4963612097403742,1.0,0,0,0.1,0.9,full_partition,target-discovery-v1,0,0.05,0.0,0.0,1.0,0.0,0,pairwise_f1,hungarian,0.0,0,2,0.0,0.9927224194807484,0.9927224194807484,0.99,0.98995530108985,0.9955050505050506,0.0,0.0,0.0,0.99555,2,macro,0,0,0.0,0.0,0.0,0.0,2,2,0.0,0.0,2,2,0.0,0.0,0.0,0.0,0.0,"{""dimension"": 2, ""family"": ""moons"", ""n"": 20000}","{""geometry_profile"": ""low_dim"", ""knn_backend"": ""kd_tree"", ""max_eps"": 0.09032856673002243, ""max_eps_quantile"": 0.98, ""min_cluster_size"": 40, ""min_samples"": 5, ""xi"": 0.1}",{},"[{""coverage"": 0.0, ""f1"": 0.0, ""fragments"": 0, ""matched_predicted_cluster"": null, ""overlap"": 0, ""passes_discovery_thresholds"": false, ""precision"": 0.0, ""purity"": 0.0, ""recall"": 0.0, ""target"": ""cluster_0"", ""target_label"": 0, ""target_noise_loss"": 1.0, ""target_size"": 100}, {""coverage"": 0.0, ""f1"": 0.0, ""fragments"": 0, ""matched_predicted_cluster"": null, ""overlap"": 0, ""passes_discovery_thresholds"": false, ""precision"": 0.0, ""purity"": 0.0, ""recall"": 0.0, ""target"": ""cluster_1"", ""target_label"": 1, ""target_noise_loss"": 1.0, ""target_size"": 100}]",,native_target_discovery_v1
synthetic__moons_noise99__quality__n20000__OPTICS__227__981ba6c40a91,ok,synthetic,moons_noise99__quality__n20000,OPTICS,227,0.2.4,20000,2,0.0619540999996388,15.901258699999744,18.937202299999623,190.96875,4.78125,191.0078125,,,evaluation_state/synthetic__moons_noise99__quality__n20000__OPTICS__227__981ba6c40a91.npz,a2c97e45095b60b9591d491daeb9ae9c7f07f554b76464a4832a803188cf8bc7,3113,0.0,0.0,5,5,0.9892424242424244,known_synthetic_noise,0.4946212121212121,0.4947836410942986,2.5,0,0,0.1,0.9,full_partition,target-discovery-v1,0,0.05,0.0,0.0,1.0,0.0,0,pairwise_f1,hungarian,0.0,0,5,0.0,0.9895672821885972,0.9895672821885972,0.99,0.9898923535654722,0.9892424242424244,0.0,0.0,0.0,0.98935,5,macro,0,0,0.0,0.0,0.0,0.0,5,2,0.0,0.0,2,5,0.0,0.0,0.0,0.0,0.0,"{""dimension"": 2, ""family"": ""moons"", ""n"": 20000}","{""geometry_profile"": ""low_dim"", ""knn_backend"": ""kd_tree"", ""max_eps"": 0.09108871966600418, ""max_eps_quantile"": 0.98, ""min_cluster_size"": 40, ""min_samples"": 5, ""xi"": 0.1}",{},"[{""coverage"": 0.0, ""f1"": 0.0, ""fragments"": 0, ""matched_predicted_cluster"": null, ""overlap"": 0, ""passes_discovery_thresholds"": false, ""precision"": 0.0, ""purity"": 0.0, ""recall"": 0.0, ""target"": ""cluster_0"", ""target_label"": 0, ""target_noise_loss"": 1.0, ""target_size"": 100}, {""coverage"": 0.0, ""f1"": 0.0, ""fragments"": 0, ""matched_predicted_cluster"": null, ""overlap"": 0, ""passes_discovery_thresholds"": false, ""precision"": 0.0, ""purity"": 0.0, ""recall"": 0.0, ""target"": ""cluster_1"", ""target_label"": 1, ""target_noise_loss"": 1.0, ""target_size"": 100}]",,native_target_discovery_v1
synthetic__moons_noise99__quality__n20000__OPTICS__229__fba5d2dbe882,ok,synthetic,moons_noise99__quality__n20000,OPTICS,229,0.2.4,20000,2,0.0600021999998716,15.722687999999836,18.75521419999859,191.3125,5.01953125,191.3671875,,,evaluation_state/synthetic__moons_noise99__quality__n20000__OPTICS__229__fba5d2dbe882.npz,7d7fbf65eb3c92c16dc8c4b9c71f44b1d7adf5d20b5fca464b0ee2b11c3c1a26,3162,0.0604364938906228,0.0056324881918908,5,4,0.9888383838383838,known_synthetic_noise,0.5144191919191919,0.5134295505779674,2.5,1,0,0.1,0.9,full_partition,target-discovery-v1,0,0.05,0.04,0.0551724137931034,0.96,0.0888888888888888,1,pairwise_f1,hungarian,0.5,0,5,0.1045175242948593,0.9895630638598972,0.9895630638598972,0.99,0.9902888068382986,0.9888383838383838,0.0037187064214091,0.005427408412483,0.0028282828282828,0.98855,5,macro,0,0,0.04,0.0372960372960372,0.0349344978165938,0.04,5,2,0.0,0.0,2,4,0.0,0.04,0.0,0.0551724137931034,0.0888888888888888,"{""dimension"": 2, ""family"": ""moons"", ""n"": 20000}","{""geometry_profile"": ""low_dim"", ""knn_backend"": ""kd_tree"", ""max_eps"": 0.09125404059886932, ""max_eps_quantile"": 0.98, ""min_cluster_size"": 40, ""min_samples"": 5, ""xi"": 0.1}",{},"[{""coverage"": 0.08, ""f1"": 0.11034482758620691, ""fragments"": 1, ""matched_predicted_cluster"": 2, ""overlap"": 8, ""passes_discovery_thresholds"": false, ""precision"": 0.17777777777777778, ""purity"": 0.17777777777777778, ""recall"": 0.08, ""target"": ""cluster_0"", ""target_label"": 0, ""target_noise_loss"": 0.92, ""target_size"": 100}, {""coverage"": 0.0, ""f1"": 0.0, ""fragments"": 0, ""matched_predicted_cluster"": null, ""overlap"": 0, ""passes_discovery_thresholds"": false, ""precision"": 0.0, ""purity"": 0.0, ""recall"": 0.0, ""target"": ""cluster_1"", ""target_label"": 1, ""target_noise_loss"": 1.0, ""target_size"": 100}]",,native_target_discovery_v1
synthetic__moons_noise99__quality__n20000__OPTICS__233__a472292d91f4,ok,synthetic,moons_noise99__quality__n20000,OPTICS,233,0.2.4,20000,2,0.0574153999987174,15.59780039999896,18.60583790000055,191.1171875,4.80078125,191.30078125,,,evaluation_state/synthetic__moons_noise99__quality__n20000__OPTICS__233__a472292d91f4.npz,923ada21940bf8dbea34509a71b6a3d684e0fa6a875bc94875941dd287316f21,2692,0.0,0.0,2,2,0.9958080808080808,known_synthetic_noise,0.4979040404040404,0.4964372938540172,1.0,0,0,0.1,0.9,full_partition,target-discovery-v1,0,0.05,0.0,0.0,1.0,0.0,0,pairwise_f1,hungarian,0.0,0,2,0.0,0.9928745877080344,0.9928745877080344,0.99,0.9899583270572876,0.9958080808080808,0.0,0.0,0.0,0.99585,2,macro,0,0,0.0,0.0,0.0,0.0,2,2,0.0,0.0,2,2,0.0,0.0,0.0,0.0,0.0,"{""dimension"": 2, ""family"": ""moons"", ""n"": 20000}","{""geometry_profile"": ""low_dim"", ""knn_backend"": ""kd_tree"", ""max_eps"": 0.09106174111366272, ""max_eps_quantile"": 0.98, ""min_cluster_size"": 40, ""min_samples"": 5, ""xi"": 0.1}",{},"[{""coverage"": 0.0, ""f1"": 0.0, ""fragments"": 0, ""matched_predicted_cluster"": null, ""overlap"": 0, ""passes_discovery_thresholds"": false, ""precision"": 0.0, ""purity"": 0.0, ""recall"": 0.0, ""target"": ""cluster_0"", ""target_label"": 0, ""target_noise_loss"": 1.0, ""target_size"": 100}, {""coverage"": 0.0, ""f1"": 0.0, ""fragments"": 0, ""matched_predicted_cluster"": null, ""overlap"": 0, ""passes_discovery_thresholds"": false, ""precision"": 0.0, ""purity"": 0.0, ""recall"": 0.0, ""target"": ""cluster_1"", ""target_label"": 1, ""target_noise_loss"": 1.0, ""target_size"": 100}]",,native_target_discovery_v1
synthetic__moons_noise99__quality__n20000__SNN-DBSCAN__211__76e7352cae5f,ok,synthetic,moons_noise99__quality__n20000,SNN-DBSCAN,211,0.2.4,20000,2,0.0604102999986935,0.237369899999976,4.011092099999587,253.39453125,26.921875,242.37890625,,,evaluation_state/synthetic__moons_noise99__quality__n20000__SNN-DBSCAN__211__76e7352cae5f.npz,4506bda48ada29e99d20b7e7c8f00bd8f288817c9e9c172aaec995d6d818899f,38926,0.2750363907717542,0.0645369477298315,523,487,0.0919696969696969,known_synthetic_noise,0.4959848484848485,0.0939502898763814,261.5,36,0,0.1,0.9,full_partition,target-discovery-v1,14,0.05,0.12,0.1521528785679729,0.1,0.2079297820823244,2,pairwise_f1,hungarian,8.0,0,523,0.1598158685627362,0.1682916685920243,0.1682916685920243,0.99,0.9891363389462248,0.0919696969696969,0.0023779234034999,0.0012111326256149,0.0649494949494949,0.09205,523,macro,0,0,0.9,0.0196089111607386,0.0099124401123409,0.9,523,2,0.0,0.0,2,521,0.0,0.12,0.0,0.1521528785679729,0.2079297820823245,"{""dimension"": 2, ""family"": ""moons"", ""n"": 20000}","{""eps"": 13, ""geometry_profile"": ""low_dim"", ""k"": 20, ""knn_backend"": ""kd_tree"", ""min_samples"": 5}",{},"[{""coverage"": 0.1, ""f1"": 0.12820512820512822, ""fragments"": 9, ""matched_predicted_cluster"": 155, ""overlap"": 10, ""passes_discovery_thresholds"": false, ""precision"": 0.17857142857142858, ""purity"": 0.17857142857142858, ""recall"": 0.1, ""target"": ""cluster_0"", ""target_label"": 0, ""target_noise_loss"": 0.09, ""target_size"": 100}, {""coverage"": 0.14, ""f1"": 0.1761006289308176, ""fragments"": 7, ""matched_predicted_cluster"": 288, ""overlap"": 14, ""passes_discovery_thresholds"": false, ""precision"": 0.23728813559322035, ""purity"": 0.23728813559322035, ""recall"": 0.14, ""target"": ""cluster_1"", ""target_label"": 1, ""target_noise_loss"": 0.11, ""target_size"": 100}]",,native_target_discovery_v1
synthetic__moons_noise99__quality__n20000__SNN-DBSCAN__223__a4b59a9df66a,ok,synthetic,moons_noise99__quality__n20000,SNN-DBSCAN,223,0.2.4,20000,2,0.0602939999989757,0.2235560999997687,4.002371900000071,254.8515625,28.5859375,253.21875,,,evaluation_state/synthetic__moons_noise99__quality__n20000__SNN-DBSCAN__223__a4b59a9df66a.npz,3e1b4902fa3976c92f36e442fb7176d380293668d4377c410e65056987e811c5,39071,0.2939509671685602,0.0747905585291934,527,489,0.0844444444444444,known_synthetic_noise,0.5197222222222222,0.0881499592066888,265.0,41,0,0.1,0.9,full_partition,target-discovery-v1,15,0.05,0.165,0.1851315704818889,0.045,0.2197457930540637,2,pairwise_f1,hungarian,8.5,0,530,0.1691287889382133,0.1556724547274335,0.1556724547274335,0.99,0.994646044021416,0.0844444444444444,0.0021943760114946,0.0011144567778367,0.0708080808080808,0.08405,530,macro,0,0,0.955,0.0206274636859441,0.0104263333151372,0.955,527,2,0.0,0.0,2,528,0.0,0.165,0.0,0.1851315704818889,0.2197457930540637,"{""dimension"": 2, ""family"": ""moons"", ""n"": 20000}","{""eps"": 13, ""geometry_profile"": ""low_dim"", ""k"": 20, ""knn_backend"": ""kd_tree"", ""min_samples"": 5}",{},"[{""coverage"": 0.19, ""f1"": 0.1919191919191919, ""fragments"": 9, ""matched_predicted_cluster"": 31, ""overlap"": 19, ""passes_discovery_thresholds"": false, ""precision"": 0.19387755102040816, ""purity"": 0.19387755102040816, ""recall"": 0.19, ""target"": ""cluster_0"", ""target_label"": 0, ""target_noise_loss"": 0.0, ""target_size"": 100}, {""coverage"": 0.14, ""f1"": 0.17834394904458598, ""fragments"": 8, ""matched_predicted_cluster"": 25, ""overlap"": 14, ""passes_discovery_thresholds"": false, ""precision"": 0.24561403508771928, ""purity"": 0.24561403508771928, ""recall"": 0.14, ""target"": ""cluster_1"", ""target_label"": 1, ""target_noise_loss"": 0.09, ""target_size"": 100}]",,native_target_discovery_v1
synthetic__moons_noise99__quality__n20000__SNN-DBSCAN__227__bf51da09e0b2,ok,synthetic,moons_noise99__quality__n20000,SNN-DBSCAN,227,0.2.4,20000,2,0.0572517000000516,0.2250105000002804,4.003397899999982,253.8515625,27.0625,248.27734375,,,evaluation_state/synthetic__moons_noise99__quality__n20000__SNN-DBSCAN__227__bf51da09e0b2.npz,b15c35a149ae8eb32a3a3fd6b58a8e91c1544f6d207555098f4f2db91d282cb9,38292,0.2648375585944423,0.0609521084053082,497,457,0.0879797979797979,known_synthetic_noise,0.503989898989899,0.090782495402928,249.0,41,0,0.1,0.9,full_partition,target-discovery-v1,13,0.05,0.14,0.1432135728542914,0.08,0.1522130725681935,2,pairwise_f1,hungarian,7.5,0,498,0.1518569024021568,0.1616105390110399,0.1616105390110399,0.99,0.9908987485779296,0.0879797979797979,0.001681861704342,0.0008526444641425,0.0612121212121212,0.0879,498,macro,0,0,0.92,0.0199544517948161,0.010086613309944,0.92,497,2,0.0,0.0,2,496,0.0,0.14,0.0,0.1432135728542914,0.1522130725681935,"{""dimension"": 2, ""family"": ""moons"", ""n"": 20000}","{""eps"": 13, ""geometry_profile"": ""low_dim"", ""k"": 20, ""knn_backend"": ""kd_tree"", ""min_samples"": 5}",{},"[{""coverage"": 0.1, ""f1"": 0.11976047904191617, ""fragments"": 8, ""matched_predicted_cluster"": 45, ""overlap"": 10, ""passes_discovery_thresholds"": false, ""precision"": 0.14925373134328357, ""purity"": 0.14925373134328357, ""recall"": 0.1, ""target"": ""cluster_0"", ""target_label"": 0, ""target_noise_loss"": 0.07, ""target_size"": 100}, {""coverage"": 0.18, ""f1"": 0.16666666666666666, ""fragments"": 7, ""matched_predicted_cluster"": 51, ""overlap"": 18, ""passes_discovery_thresholds"": false, ""precision"": 0.15517241379310345, ""purity"": 0.15517241379310345, ""recall"": 0.18, ""target"": ""cluster_1"", ""target_label"": 1, ""target_noise_loss"": 0.09, ""target_size"": 100}]",,native_target_discovery_v1
synthetic__moons_noise99__quality__n20000__SNN-DBSCAN__229__4fba2dccab76,ok,synthetic,moons_noise99__quality__n20000,SNN-DBSCAN,229,0.2.4,20000,2,0.0605706999995163,0.2281965999991371,4.019857900000716,246.09765625,19.453125,245.140625,,,evaluation_state/synthetic__moons_noise99__quality__n20000__SNN-DBSCAN__229__4fba2dccab76.npz,293a7208def971cf35d1cb2d5bdf5916680d4a00f420afbaf8e0c1472ac1afd5,38593,0.2905908078422248,0.0754461189390053,488,455,0.0893434343434343,known_synthetic_noise,0.5071717171717172,0.0920044709244998,244.5,34,0,0.1,0.9,full_partition,target-discovery-v1,13,0.05,0.13,0.1705816554809843,0.075,0.2487244897959183,2,pairwise_f1,hungarian,7.5,0,489,0.167183306241258,0.1639177168272794,0.1639177168272794,0.99,0.9915919282511212,0.0893434343434343,0.0023684286534937,0.001203330191848,0.0745454545454545,0.0892,489,macro,0,0,0.925,0.0200912250217202,0.0101559068950373,0.925,488,2,0.0,0.0,2,487,0.0,0.13,0.0,0.1705816554809843,0.2487244897959183,"{""dimension"": 2, ""family"": ""moons"", ""n"": 20000}","{""eps"": 13, ""geometry_profile"": ""low_dim"", ""k"": 20, ""knn_backend"": ""kd_tree"", ""min_samples"": 5}",{},"[{""coverage"": 0.13, ""f1"": 0.174496644295302, ""fragments"": 7, ""matched_predicted_cluster"": 200, ""overlap"": 13, ""passes_discovery_thresholds"": false, ""precision"": 0.2653061224489796, ""purity"": 0.2653061224489796, ""recall"": 0.13, ""target"": ""cluster_0"", ""target_label"": 0, ""target_noise_loss"": 0.05, ""target_size"": 100}, {""coverage"": 0.13, ""f1"": 0.16666666666666666, ""fragments"": 8, ""matched_predicted_cluster"": 119, ""overlap"": 13, ""passes_discovery_thresholds"": false, ""precision"": 0.23214285714285715, ""purity"": 0.23214285714285715, ""recall"": 0.13, ""target"": ""cluster_1"", ""target_label"": 1, ""target_noise_loss"": 0.1, ""target_size"": 100}]",,native_target_discovery_v1
synthetic__moons_noise99__quality__n20000__SNN-DBSCAN__233__990b3d7c5e5f,ok,synthetic,moons_noise99__quality__n20000,SNN-DBSCAN,233,0.2.4,20000,2,0.0565716000000975,0.2286731999993208,3.985360299999229,255.02734375,28.53515625,255.02734375,,,evaluation_state/synthetic__moons_noise99__quality__n20000__SNN-DBSCAN__233__990b3d7c5e5f.npz,d58a5bfed690f19286a27aa05fcd5415166ab0000574d546c1f170429995fe77,38450,0.3180321255807055,0.0995758337345351,510,482,0.0945959595959596,known_synthetic_noise,0.5147979797979798,0.0965798537649823,255.0,28,0,0.1,0.9,full_partition,target-discovery-v1,15,0.05,0.195,0.1760339099553213,0.065,0.2091210613598673,2,pairwise_f1,hungarian,8.5,0,510,0.1743704694105476,0.1727381720925943,0.1727381720925943,0.99,0.9931071049840932,0.0945959595959596,0.0030514635694673,0.0015495419944796,0.0992929292929293,0.0943,510,macro,0,0,0.935,0.0204215354373703,0.010323506679916,0.935,510,2,0.0,0.0,2,508,0.0,0.195,0.0,0.1760339099553213,0.2091210613598673,"{""dimension"": 2, ""family"": ""moons"", ""n"": 20000}","{""eps"": 13, ""geometry_profile"": ""low_dim"", ""k"": 20, ""knn_backend"": ""kd_tree"", ""min_samples"": 5}",{},"[{""coverage"": 0.13, ""f1"": 0.1793103448275862, ""fragments"": 10, ""matched_predicted_cluster"": 188, ""overlap"": 13, ""passes_discovery_thresholds"": false, ""precision"": 0.28888888888888886, ""purity"": 0.28888888888888886, ""recall"": 0.13, ""target"": ""cluster_0"", ""target_label"": 0, ""target_noise_loss"": 0.05, ""target_size"": 100}, {""coverage"": 0.26, ""f1"": 0.17275747508305647, ""fragments"": 7, ""matched_predicted_cluster"": 22, ""overlap"": 26, ""passes_discovery_thresholds"": false, ""precision"": 0.12935323383084577, ""purity"": 0.12935323383084577, ""recall"": 0.26, ""target"": ""cluster_1"", ""target_label"": 1, ""target_noise_loss"": 0.08, ""target_size"": 100}]",,native_target_discovery_v1
synthetic__moons_noise99__quality__n20000__StrataSCAN__211__2116bde52909,ok,synthetic,moons_noise99__quality__n20000,StrataSCAN,211,0.2.4,20000,2,0.0592089000001578,0.7275477000002866,3.9202635000001465,234.27734375,47.87890625,232.81640625,,,evaluation_state/synthetic__moons_noise99__quality__n20000__StrataSCAN__211__2116bde52909.npz,ec9cf1d743168de5abcc6303edf356ac88190b6eeb716a1c1b4e9159ad881a87,2516,0.0,0.0,3,3,0.998838383838384,known_synthetic_noise,0.4994191919191919,0.4971968725645473,1.5,0,0,0.1,0.9,full_partition,target-discovery-v1,0,0.05,0.0,0.0,1.0,0.0,0,pairwise_f1,hungarian,0.0,0,3,0.0,0.9943937451290948,0.9943937451290948,0.99,0.9899884867597736,0.998838383838384,0.0,0.0,0.0,0.99885,3,macro,0,0,0.0,0.0,0.0,0.0,3,2,0.0,0.0,2,3,0.0,0.0,0.0,0.0,0.0,"{""dimension"": 2, ""family"": ""moons"", ""n"": 20000}","{""ambiguous_model_confirmation_tolerance"": 1e-05, ""assignment"": ""maximum_posterior_basis_then_semantic_role"", ""background_model"": ""adaptive_gamma_basis_mixture_with_largest_rate_gap"", ""background_scan"": ""adaptive_dyadic_rank_windows_with_poisson_beta_boundary_code"", ""border_rule"": ""strict_local_core_radius"", ""component_initialization"": ""compiled_split_warm_single_start_with_guarded_confirmation"", ""component_selection"": ""semantic_icl_with_adaptive_bound"", ""connectivity"": ""density_ordered_non_merging_knn_watershed"", ""core_thresholds"": ""observed_d4_event_sweep"", ""duplicate_profile_confirmation_minimum"": 3, ""duplicate_profile_confirmation_tolerance"": 1e-08, ""extraction_objective"": ""gamma_topology_description_length"", ""fit_samples"": ""all_rows"", ""gamma_tolerance"": 0.0001, ""geometry_profile"": ""low_dim"", ""hard_component_bound"": 24, ""initial_component_bound"": 8, ""k"": 32, ""knn_backend"": ""kd_tree"", ""shell_ranks"": [4, 8, 16, 32], ""stratification_model"": ""adaptive_gamma_density_basis_with_semantic_background"", ""version"": ""0.2.3""}","{""algorithm"": ""OptimizationStrataSCAN"", ""algorithm_version"": ""0.2.3"", ""graph_seconds"": 0.18640159999995376, ""mdl_gamma_adaptive_search"": true, ""mdl_gamma_assignment"": ""maximum_posterior_basis_then_semantic_role"", ""mdl_gamma_background_basis_components"": [0], ""mdl_gamma_background_boundary"": ""largest_rate_gap"", ""mdl_gamma_background_components"": 1, ""mdl_gamma_background_distribution"": ""gamma_components"", ""mdl_gamma_background_fraction"": 1.0, ""mdl_gamma_background_group"": 0, ""mdl_gamma_candidate_components"": [1, 2, 3, 4, 5, 6, 7, 8], ""mdl_gamma_candidate_converged"": [true, true, true, true, true, true, true, true], ""mdl_gamma_candidate_entropies"": [-0.0, 1682.7012271211252, 13254.081090911066, 19728.051689618507, 26306.357311457996, 29932.83218047609, 32895.5611835147, 36320.324523057425], ""mdl_gamma_candidate_iterations"": [2, 45, 7, 6, 7, 6, 5, 6], ""mdl_gamma_candidate_log_likelihoods"": [-86599.96584721444, -85086.31173683655, -85077.64438445398, -85074.46303125442, -85074.95585120811, -85072.72490278102, -85061.66117344995, -85066.15227056455], ""mdl_gamma_candidate_role_gains_nats"": [[0.0], [0.0, 0.0], [0.0, 0.0, 0.0], [0.0, 0.0, 0.0, 0.0], [0.0, 0.0, 0.0, 0.0, 0.0], [0.0, 0.0, 0.0, 0.0, 0.0, 0.0], [0.0, 0.0, 0.0, 0.0, 0.0, 0.0, 0.0], [0.0, 0.0, 0.0, 0.0, 0.0, 0.0, 0.0, 0.0]], ""mdl_gamma_candidate_role_threshold_sizes"": [[0], [0, 0], [0, 0, 0], [0, 0, 0, 0], [0, 0, 0, 0, 0], [0, 0, 0, 0, 0, 0], [0, 0, 0, 0, 0, 0, 0], [0, 0, 0, 0, 0, 0, 0, 0]], ""mdl_gamma_candidate_scores"": [173219.73866953395, 173587.54336567802, 196742.67885115038, 209713.96780482377, 222901.2751510677, 230179.47345490733, 236112.51446498002, 243000.73380095226], ""mdl_gamma_candidate_signal_components"": [[], [0], [0, 1], [0, 1, 2], [0, 1, 2, 3], [0, 1, 2, 3, 4], [0, 1, 2, 3, 4, 5], [0, 1, 2, 3, 4, 5, 6]], ""mdl_gamma_criterion"": ""icl"", ""mdl_gamma_entropy_scope"": ""semantic"", ""mdl_gamma_fit_samples"": 20000, ""mdl_gamma_grouping"": ""largest_rate_gap"", ""mdl_gamma_guarded_confirmation"": true, ""mdl_gamma_log_rate_gaps"": [], ""mdl_gamma_mean_background_probability"": 1.0, ""mdl_gamma_mean_posterior_entropy"": -0.0, ""mdl_gamma_mu"": [1.3204982526957867], ""mdl_gamma_n_init"": 1, ""mdl_gamma_ranks"": [4, 8, 16, 32], ""mdl_gamma_rates"": [[3.657224615093599, 3.6139729611904823, 3.571232816905242, 3.528998132941133]], ""mdl_gamma_role_evidence_neighbour_ranks"": [], ""mdl_gamma_search_caps"": [8], ""mdl_gamma_search_hard_max"": 24, ""mdl_gamma_search_hit_hard_max"": false, ""mdl_gamma_search_initial_max"": 8, ""mdl_gamma_selected_components"": 1, ""mdl_gamma_signal_basis_components"": [], ""mdl_gamma_signal_components"": 0, ""mdl_gamma_slopes"": [-0.017163522764812165], ""mdl_gamma_split_warm_start"": true, ""mdl_gamma_tolerance"": 0.0001, ""mdl_gamma_weights"": [1.0], ""optimization_background_events"": [{""boundary_gain_nats"": 14.760559332909555, ""component_size"": 4, ""description_gain_nats"": 0.3743675779460993, ""graph_code_nats"": 16.5472772856838, ""width"": 32, ""window_count"": 625, ""window_gain_nats"": 2.8542327112802917, ""window_pvalue"": 0.0048}, {""boundary_gain_nats"": 20.338914456273393, ""component_size"": 7, ""description_gain_nats"": 1.5111460822329477, ""graph_code_nats"": 20.705960349040808, ""width"": 128, ""window_count"": 157, ""window_gain_nats"": 2.5713391555603073, ""window_pvalue"": 0.006369426751592357}, {""boundary_gain_nats"": 16.49080329808108, ""component_size"": 5, ""description_gain_nats"": 0.4359737775832322, ""graph_code_nats"": 17.93302149549821, ""width"": 128, ""window_count"": 157, ""window_gain_nats"": 2.5713391555603073, ""window_pvalue"": 0.006369426751592357}], ""optimization_background_intrinsic_dimension"": 2.003766784842548, ""optimization_border_fraction"": 0.00035, ""optimization_border_model"": ""strict_local_core_radius"", ""optimization_border_seconds"": 0.004586900000504102, ""optimization_boundary_component_gains_nats"": [[14.760559332909555, 20.338914456273393, 16.49080329808108]], ""optimization_candidate_groups"": [0], ""optimization_clusters"": 3, ""optimization_connectivity_rank"": 4, ""optimization_core_fraction"": 0.0008, ""optimization_core_rank"": 4, ""optimization_description_gain_nats"": 5.555899826478237, ""optimization_group_gains_nats"": [2.321487437762279], ""optimization_group_sizes"": [20000], ""optimization_noise_fraction"": 0.99885, ""optimization_objective"": ""gamma_topology_component_and_attachment_description_gain"", ""optimization_objective_trace"": [0.0, -5.555899826478237], ""optimization_ordering_modes"": [""adaptive_d4_rank_windows_with_beta_boundary_code""], ""optimization_seconds"": 0.07866089999879478, ""optimization_selected_component_gains_nats"": [0.3743675779460993, 1.5111460822329477, 0.4359737775832322], ""optimization_selected_groups"": [0], ""optimization_selected_local_components"": [3], ""optimization_solver"": ""exact_stratum_event_sweep"", ""optimization_sparse_memory"": true, ""optimization_threshold_seconds"": 0.07427009999992151, ""optimization_threshold_sizes"": [16], ""optimization_thresholds"": [0.024450942873954773], ""optimization_topology_evidence_ranks"": [5, 8], ""optimization_unified_background_scan"": true, ""stratification"": ""adaptive-semantic-information-criterion-gamma-v2""}","[{""coverage"": 0.0, ""f1"": 0.0, ""fragments"": 0, ""matched_predicted_cluster"": null, ""overlap"": 0, ""passes_discovery_thresholds"": false, ""precision"": 0.0, ""purity"": 0.0, ""recall"": 0.0, ""target"": ""cluster_0"", ""target_label"": 0, ""target_noise_loss"": 1.0, ""target_size"": 100}, {""coverage"": 0.0, ""f1"": 0.0, ""fragments"": 0, ""matched_predicted_cluster"": null, ""overlap"": 0, ""passes_discovery_thresholds"": false, ""precision"": 0.0, ""purity"": 0.0, ""recall"": 0.0, ""target"": ""cluster_1"", ""target_label"": 1, ""target_noise_loss"": 1.0, ""target_size"": 100}]",,native_target_discovery_v1
synthetic__moons_noise99__quality__n20000__StrataSCAN__223__a3b793914293,ok,synthetic,moons_noise99__quality__n20000,StrataSCAN,223,0.2.4,20000,2,0.0596731999994517,0.7368373000008432,3.98050180000064,261.8515625,75.69921875,258.7109375,,,evaluation_state/synthetic__moons_noise99__quality__n20000__StrataSCAN__223__a3b793914293.npz,93657f3a9368c4c3e79e7ff30e540c3234d037f9c7cffa2070128a7bd7e07209,3266,0.0,0.0,1,0,0.0157575757575757,known_synthetic_noise,0.5078787878787879,0.0255694418576966,0.5,1,0,0.1,0.9,full_partition,target-discovery-v1,0,0.05,0.5,0.0050535678188801,0.0,0.0025396180414465,1,pairwise_f1,hungarian,1.0,1,1,0.0086914663172251,0.0310262529832935,0.0310262529832935,0.99,1.0,0.0157575757575757,0.0001021625816562,5.108390025970642e-05,1.0,0.0156,1,macro,0,0,1.0,0.0201126307320997,0.0101584721657862,1.0,1,2,0.0,0.0,2,0,0.0,0.5,0.0,0.0050535678188801,0.0025396180414465,"{""dimension"": 2, ""family"": ""moons"", ""n"": 20000}","{""ambiguous_model_confirmation_tolerance"": 1e-05, ""assignment"": ""maximum_posterior_basis_then_semantic_role"", ""background_model"": ""adaptive_gamma_basis_mixture_with_largest_rate_gap"", ""background_scan"": ""adaptive_dyadic_rank_windows_with_poisson_beta_boundary_code"", ""border_rule"": ""strict_local_core_radius"", ""component_initialization"": ""compiled_split_warm_single_start_with_guarded_confirmation"", ""component_selection"": ""semantic_icl_with_adaptive_bound"", ""connectivity"": ""density_ordered_non_merging_knn_watershed"", ""core_thresholds"": ""observed_d4_event_sweep"", ""duplicate_profile_confirmation_minimum"": 3, ""duplicate_profile_confirmation_tolerance"": 1e-08, ""extraction_objective"": ""gamma_topology_description_length"", ""fit_samples"": ""all_rows"", ""gamma_tolerance"": 0.0001, ""geometry_profile"": ""low_dim"", ""hard_component_bound"": 24, ""initial_component_bound"": 8, ""k"": 32, ""knn_backend"": ""kd_tree"", ""shell_ranks"": [4, 8, 16, 32], ""stratification_model"": ""adaptive_gamma_density_basis_with_semantic_background"", ""version"": ""0.2.3""}","{""algorithm"": ""OptimizationStrataSCAN"", ""algorithm_version"": ""0.2.3"", ""graph_seconds"": 0.18681370000012976, ""mdl_gamma_adaptive_search"": true, ""mdl_gamma_assignment"": ""maximum_posterior_basis_then_semantic_role"", ""mdl_gamma_background_basis_components"": [1], ""mdl_gamma_background_boundary"": ""largest_rate_gap"", ""mdl_gamma_background_components"": 1, ""mdl_gamma_background_distribution"": ""gamma_components"", ""mdl_gamma_background_fraction"": 0.039, ""mdl_gamma_background_group"": 1, ""mdl_gamma_candidate_components"": [1, 2, 3, 4, 5, 6, 7, 8], ""mdl_gamma_candidate_converged"": [true, true, true, true, true, true, true, true], ""mdl_gamma_candidate_entropies"": [-0.0, 1372.1434900735844, 12844.020894440058, 19217.996247651554, 26001.16765664191, 29812.242495551553, 33059.978345243406, 35977.5457514586], ""mdl_gamma_candidate_iterations"": [2, 35, 7, 5, 7, 6, 5, 4], ""mdl_gamma_candidate_log_likelihoods"": [-87915.68622363702, -85728.1294865813, -85703.52823708138, -85699.48191520588, -85704.5808544864, -85705.8659818008, -85705.40409465019, -85696.03942076181], ""mdl_gamma_candidate_role_gains_nats"": [[0.0], [0.0, 0.0], [0.0, 0.0, 0.0], [0.0, 0.0, 0.0, 0.0], [0.0, 0.0, 0.0, 0.0, 0.0], [0.0, 0.0, 0.0, 0.0, 0.0, 0.0], [0.0, 0.0, 0.0, 0.0, 0.0, 0.0, 0.0], [0.0, 0.0, 0.0, 0.0, 0.0, 0.0, 0.0, 0.0]], ""mdl_gamma_candidate_role_threshold_sizes"": [[0], [0, 0], [0, 0, 0], [0, 0, 0, 0], [0, 0, 0, 0, 0], [0, 0, 0, 0, 0, 0], [0, 0, 0, 0, 0, 0, 0], [0, 0, 0, 0, 0, 0, 0, 0]], ""mdl_gamma_candidate_scores"": [175851.17942237912, 174250.06339107244, 197174.32616346318, 209943.89468879276, 223550.1458479921, 231204.57624309784, 237728.83463083793, 243574.95055814914], ""mdl_gamma_candidate_signal_components"": [[], [0], [0, 1], [0, 1, 2], [0, 1, 2, 3], [0, 1, 2, 3, 4], [0, 1, 2, 3, 4, 5], [0, 1, 2, 3, 4, 5, 6]], ""mdl_gamma_criterion"": ""icl"", ""mdl_gamma_entropy_scope"": ""semantic"", ""mdl_gamma_fit_samples"": 20000, ""mdl_gamma_grouping"": ""largest_rate_gap"", ""mdl_gamma_guarded_confirmation"": true, ""mdl_gamma_log_rate_gaps"": [], ""mdl_gamma_mean_background_probability"": 0.05250915780011935, ""mdl_gamma_mean_posterior_entropy"": 0.06860717450367922, ""mdl_gamma_mu"": [1.3143111869171218, 1.1911676543460779], ""mdl_gamma_n_init"": 1, ""mdl_gamma_ranks"": [4, 8, 16, 32], ""mdl_gamma_rates"": [[3.7013517700655028, 3.6909783220007686, 3.6806339466725477, 3.670318562601277], [2.7314724718413315, 2.488493280210333, 2.267128396676628, 2.0654551120922076]], ""mdl_gamma_role_evidence_neighbour_ranks"": [], ""mdl_gamma_search_caps"": [8], ""mdl_gamma_search_hard_max"": 24, ""mdl_gamma_search_hit_hard_max"": false, ""mdl_gamma_search_initial_max"": 8, ""mdl_gamma_selected_components"": 2, ""mdl_gamma_signal_basis_components"": [0], ""mdl_gamma_signal_components"": 1, ""mdl_gamma_slopes"": [-0.0040489890783807015, -0.13440639218205203], ""mdl_gamma_split_warm_start"": true, ""mdl_gamma_tolerance"": 0.0001, ""mdl_gamma_weights"": [0.945092701963237, 0.054907298036766895], ""optimization_background_events"": [], ""optimization_background_intrinsic_dimension"": 1.7716461160128987, ""optimization_border_fraction"": 0.0244, ""optimization_border_model"": ""strict_local_core_radius"", ""optimization_border_seconds"": 0.001034599999911734, ""optimization_boundary_component_gains_nats"": [[0.0, 0.0, 0.0, 0.0, 0.0, 0.0, 0.0, 0.0, 0.0, 0.0, 0.0, 0.0, 0.0], []], ""optimization_candidate_groups"": [0, 1], ""optimization_clusters"": 1, ""optimization_connectivity_rank"": 4, ""optimization_core_fraction"": 0.96, ""optimization_core_rank"": 4, ""optimization_description_gain_nats"": 121241.96251548998, ""optimization_group_gains_nats"": [120502.06970108245, 0.0], ""optimization_group_sizes"": [19220, 780], ""optimization_noise_fraction"": 0.0156, ""optimization_objective"": ""gamma_topology_component_and_attachment_description_gain"", ""optimization_objective_trace"": [0.0, -121241.96251548998], ""optimization_ordering_modes"": [""d4"", ""adaptive_d4_rank_windows_with_beta_boundary_code""], ""optimization_seconds"": 0.10603269999955955, ""optimization_selected_component_gains_nats"": [120550.04704376907, 13.348939797984265, 80.47051874188108, 98.19017562707919], ""optimization_selected_groups"": [0], ""optimization_selected_local_components"": [4, 0], ""optimization_solver"": ""exact_stratum_event_sweep"", ""optimization_sparse_memory"": true, ""optimization_threshold_seconds"": 0.10536580000007234, ""optimization_threshold_sizes"": [19220, 0], ""optimization_thresholds"": [0.12580886483192444, 0.0], ""optimization_topology_evidence_ranks"": [5, 8], ""optimization_unified_background_scan"": true, ""stratification"": ""adaptive-semantic-information-criterion-gamma-v2""}","[{""coverage"": 1.0, ""f1"": 0.01010713563776026, ""fragments"": 1, ""matched_predicted_cluster"": 0, ""overlap"": 100, ""passes_discovery_thresholds"": false, ""precision"": 0.0050792360828931325, ""purity"": 0.0050792360828931325, ""recall"": 1.0, ""target"": ""cluster_0"", ""target_label"": 0, ""target_noise_loss"": 0.0, ""target_size"": 100}, {""coverage"": 0.0, ""f1"": 0.0, ""fragments"": 1, ""matched_predicted_cluster"": null, ""overlap"": 0, ""passes_discovery_thresholds"": false, ""precision"": 0.0, ""purity"": 0.0, ""recall"": 0.0, ""target"": ""cluster_1"", ""target_label"": 1, ""target_noise_loss"": 0.0, ""target_size"": 100}]",,native_target_discovery_v1
synthetic__moons_noise99__quality__n20000__StrataSCAN__227__567c7ed1e73c,ok,synthetic,moons_noise99__quality__n20000,StrataSCAN,227,0.2.4,20000,2,0.0607732999997097,0.7377945999996882,3.93079360000047,262.28515625,75.92578125,258.66796875,,,evaluation_state/synthetic__moons_noise99__quality__n20000__StrataSCAN__227__567c7ed1e73c.npz,47865158e1c1c8b17de2310d7cd391f8090a2ba45cefd0c4d43c10f9ffa03ed4,3185,0.0,0.0,1,0,0.0141919191919191,known_synthetic_noise,0.5070959595959595,0.0240339917175491,0.5,1,0,0.1,0.9,full_partition,target-discovery-v1,0,0.05,0.5,0.0050456632524345,0.0,0.0025356255388204,1,pairwise_f1,hungarian,1.0,1,1,0.0085498834736077,0.027986654051093,0.027986654051093,0.99,1.0,0.0141919191919191,0.0001018416252553,5.092340568885735e-05,1.0,0.01405,1,macro,0,0,1.0,0.0200813293840052,0.0101425021552817,1.0,1,2,0.0,0.0,2,0,0.0,0.5,0.0,0.0050456632524345,0.0025356255388204,"{""dimension"": 2, ""family"": ""moons"", ""n"": 20000}","{""ambiguous_model_confirmation_tolerance"": 1e-05, ""assignment"": ""maximum_posterior_basis_then_semantic_role"", ""background_model"": ""adaptive_gamma_basis_mixture_with_largest_rate_gap"", ""background_scan"": ""adaptive_dyadic_rank_windows_with_poisson_beta_boundary_code"", ""border_rule"": ""strict_local_core_radius"", ""component_initialization"": ""compiled_split_warm_single_start_with_guarded_confirmation"", ""component_selection"": ""semantic_icl_with_adaptive_bound"", ""connectivity"": ""density_ordered_non_merging_knn_watershed"", ""core_thresholds"": ""observed_d4_event_sweep"", ""duplicate_profile_confirmation_minimum"": 3, ""duplicate_profile_confirmation_tolerance"": 1e-08, ""extraction_objective"": ""gamma_topology_description_length"", ""fit_samples"": ""all_rows"", ""gamma_tolerance"": 0.0001, ""geometry_profile"": ""low_dim"", ""hard_component_bound"": 24, ""initial_component_bound"": 8, ""k"": 32, ""knn_backend"": ""kd_tree"", ""shell_ranks"": [4, 8, 16, 32], ""stratification_model"": ""adaptive_gamma_density_basis_with_semantic_background"", ""version"": ""0.2.3""}","{""algorithm"": ""OptimizationStrataSCAN"", ""algorithm_version"": ""0.2.3"", ""graph_seconds"": 0.19102179999936197, ""mdl_gamma_adaptive_search"": true, ""mdl_gamma_assignment"": ""maximum_posterior_basis_then_semantic_role"", ""mdl_gamma_background_basis_components"": [1], ""mdl_gamma_background_boundary"": ""largest_rate_gap"", ""mdl_gamma_background_components"": 1, ""mdl_gamma_background_distribution"": ""gamma_components"", ""mdl_gamma_background_fraction"": 0.0338, ""mdl_gamma_background_group"": 1, ""mdl_gamma_candidate_components"": [1, 2, 3, 4, 5, 6, 7, 8], ""mdl_gamma_candidate_converged"": [true, true, true, true, true, true, true, true], ""mdl_gamma_candidate_entropies"": [-0.0, 851.6125465517125, 12854.364824949265, 19115.93412880517, 26023.120123995308, 29661.5942394894, 32984.23757931106, 35811.09128661828], ""mdl_gamma_candidate_iterations"": [2, 33, 7, 6, 7, 6, 6, 5], ""mdl_gamma_candidate_log_likelihoods"": [-88116.91931788545, -85690.19104957303, -85689.1130709437, -85672.57100686879, -85678.43721689866, -85678.92681803227, -85678.58271250957, -85662.26905713223], ""mdl_gamma_candidate_role_gains_nats"": [[0.0], [0.0, 0.0], [0.0, 0.0, 0.0], [0.0, 0.0, 0.0, 0.0], [0.0, 0.0, 0.0, 0.0, 0.0], [0.0, 0.0, 0.0, 0.0, 0.0, 0.0], [0.0, 0.0, 0.0, 0.0, 0.0, 0.0, 0.0], [0.0, 0.0, 0.0, 0.0, 0.0, 0.0, 0.0, 0.0]], ""mdl_gamma_candidate_role_threshold_sizes"": [[0], [0, 0], [0, 0, 0], [0, 0, 0, 0], [0, 0, 0, 0, 0], [0, 0, 0, 0, 0, 0], [0, 0, 0, 0, 0, 0, 0], [0, 0, 0, 0, 0, 0, 0, 0]], ""mdl_gamma_candidate_scores"": [176253.64561087597, 173133.12463001214, 197166.18369220622, 209685.94863442582, 223541.76350752343, 230849.40140343644, 237523.71033469198, 243174.50090120934], ""mdl_gamma_candidate_signal_components"": [[], [0], [0, 1], [0, 1, 2], [0, 1, 2, 3], [0, 1, 2, 3, 4], [0, 1, 2, 3, 4, 5], [0, 1, 2, 3, 4, 5, 6]], ""mdl_gamma_criterion"": ""icl"", ""mdl_gamma_entropy_scope"": ""semantic"", ""mdl_gamma_fit_samples"": 20000, ""mdl_gamma_grouping"": ""largest_rate_gap"", ""mdl_gamma_guarded_confirmation"": true, ""mdl_gamma_log_rate_gaps"": [], ""mdl_gamma_mean_background_probability"": 0.04018400854750237, ""mdl_gamma_mean_posterior_entropy"": 0.04258062732758563, ""mdl_gamma_mu"": [1.318076652713339, 1.1351491135298275], ""mdl_gamma_n_init"": 1, ""mdl_gamma_ranks"": [4, 8, 16, 32], ""mdl_gamma_rates"": [[3.6965657162228784, 3.676892548772371, 3.657324082156975, 3.637859759157581], [2.5637614296219646, 2.327136812435686, 2.112351672515749, 1.9173903160897199]], ""mdl_gamma_role_evidence_neighbour_ranks"": [], ""mdl_gamma_search_caps"": [8], ""mdl_gamma_search_hard_max"": 24, ""mdl_gamma_search_hit_hard_max"": false, ""mdl_gamma_search_initial_max"": 8, ""mdl_gamma_selected_components"": 2, ""mdl_gamma_signal_basis_components"": [0], ""mdl_gamma_signal_components"": 1, ""mdl_gamma_slopes"": [-0.007698544549672439, -0.13970598914742205], ""mdl_gamma_split_warm_start"": true, ""mdl_gamma_tolerance"": 0.0001, ""mdl_gamma_weights"": [0.9583044982007081, 0.041695501799297346], ""optimization_background_events"": [], ""optimization_background_intrinsic_dimension"": 1.79922491885796, ""optimization_border_fraction"": 0.0208, ""optimization_border_model"": ""strict_local_core_radius"", ""optimization_border_seconds"": 0.001082100001440267, ""optimization_boundary_component_gains_nats"": [[0.0, 0.0, 0.0, 0.0, 0.0, 0.0, 0.0, 0.0, 0.0, 0.0, 0.0, 0.0, 0.0, 0.0, 0.0, 0.0, 0.0], []], ""optimization_candidate_groups"": [0, 1], ""optimization_clusters"": 1, ""optimization_connectivity_rank"": 4, ""optimization_core_fraction"": 0.96515, ""optimization_core_rank"": 4, ""optimization_description_gain_nats"": 144618.65623557093, ""optimization_group_gains_nats"": [143559.10398914813, 0.0], ""optimization_group_sizes"": [19324, 676], ""optimization_noise_fraction"": 0.01405, ""optimization_objective"": ""gamma_topology_component_and_attachment_description_gain"", ""optimization_objective_trace"": [0.0, -144618.65623557093], ""optimization_ordering_modes"": [""d4"", ""adaptive_d4_rank_windows_with_beta_boundary_code""], ""optimization_seconds"": 0.10263320000012754, ""optimization_selected_component_gains_nats"": [143508.38843923376, 107.90420390987387, 240.4957829969088, 26.394673964295002, 325.6654802158872, 21.456320840824546], ""optimization_selected_groups"": [0], ""optimization_selected_local_components"": [6, 0], ""optimization_solver"": ""exact_stratum_event_sweep"", ""optimization_sparse_memory"": true, ""optimization_threshold_seconds"": 0.10197019999941404, ""optimization_threshold_sizes"": [19323, 0], ""optimization_thresholds"": [0.11809325963258743, 0.0], ""optimization_topology_evidence_ranks"": [5, 8], ""optimization_unified_background_scan"": true, ""stratification"": ""adaptive-semantic-information-criterion-gamma-v2""}","[{""coverage"": 1.0, ""f1"": 0.010091326504869064, ""fragments"": 1, ""matched_predicted_cluster"": 0, ""overlap"": 100, ""passes_discovery_thresholds"": false, ""precision"": 0.005071251077640854, ""purity"": 0.005071251077640854, ""recall"": 1.0, ""target"": ""cluster_0"", ""target_label"": 0, ""target_noise_loss"": 0.0, ""target_size"": 100}, {""coverage"": 0.0, ""f1"": 0.0, ""fragments"": 1, ""matched_predicted_cluster"": null, ""overlap"": 0, ""passes_discovery_thresholds"": false, ""precision"": 0.0, ""purity"": 0.0, ""recall"": 0.0, ""target"": ""cluster_1"", ""target_label"": 1, ""target_noise_loss"": 0.0, ""target_size"": 100}]",,native_target_discovery_v1
synthetic__moons_noise99__quality__n20000__StrataSCAN__229__c7a9e3bba2ce,ok,synthetic,moons_noise99__quality__n20000,StrataSCAN,229,0.2.4,20000,2,0.0574663000006694,0.738354299999628,3.9556171000003815,268.78125,82.75390625,259.41015625,,,evaluation_state/synthetic__moons_noise99__quality__n20000__StrataSCAN__229__c7a9e3bba2ce.npz,d3cac8bb8b7deea7a7d2dd4207a2c0bf982cb0a0374e664038ba6c83a2187c40,3216,0.0,0.0,1,0,0.0146969696969696,known_synthetic_noise,0.5073484848484848,0.0245298053282948,0.5,1,0,0.1,0.9,full_partition,target-discovery-v1,0,0.05,0.5,0.0050482104094098,0.0,0.0025369120706276,1,pairwise_f1,hungarian,1.0,1,1,0.0085980597636065,0.028968194714051,0.028968194714051,0.99,1.0,0.0146969696969696,0.0001019449941264,5.097509539113772e-05,1.0,0.01455,1,macro,0,0,1.0,0.0200914159425385,0.0101476482825105,1.0,1,2,0.0,0.0,2,0,0.0,0.5,0.0,0.0050482104094098,0.0025369120706276,"{""dimension"": 2, ""family"": ""moons"", ""n"": 20000}","{""ambiguous_model_confirmation_tolerance"": 1e-05, ""assignment"": ""maximum_posterior_basis_then_semantic_role"", ""background_model"": ""adaptive_gamma_basis_mixture_with_largest_rate_gap"", ""background_scan"": ""adaptive_dyadic_rank_windows_with_poisson_beta_boundary_code"", ""border_rule"": ""strict_local_core_radius"", ""component_initialization"": ""compiled_split_warm_single_start_with_guarded_confirmation"", ""component_selection"": ""semantic_icl_with_adaptive_bound"", ""connectivity"": ""density_ordered_non_merging_knn_watershed"", ""core_thresholds"": ""observed_d4_event_sweep"", ""duplicate_profile_confirmation_minimum"": 3, ""duplicate_profile_confirmation_tolerance"": 1e-08, ""extraction_objective"": ""gamma_topology_description_length"", ""fit_samples"": ""all_rows"", ""gamma_tolerance"": 0.0001, ""geometry_profile"": ""low_dim"", ""hard_component_bound"": 24, ""initial_component_bound"": 8, ""k"": 32, ""knn_backend"": ""kd_tree"", ""shell_ranks"": [4, 8, 16, 32], ""stratification_model"": ""adaptive_gamma_density_basis_with_semantic_background"", ""version"": ""0.2.3""}","{""algorithm"": ""OptimizationStrataSCAN"", ""algorithm_version"": ""0.2.3"", ""graph_seconds"": 0.1865472999998019, ""mdl_gamma_adaptive_search"": true, ""mdl_gamma_assignment"": ""maximum_posterior_basis_then_semantic_role"", ""mdl_gamma_background_basis_components"": [1], ""mdl_gamma_background_boundary"": ""largest_rate_gap"", ""mdl_gamma_background_components"": 1, ""mdl_gamma_background_distribution"": ""gamma_components"", ""mdl_gamma_background_fraction"": 0.03855, ""mdl_gamma_background_group"": 1, ""mdl_gamma_candidate_components"": [1, 2, 3, 4, 5, 6, 7, 8], ""mdl_gamma_candidate_converged"": [true, true, true, true, true, true, true, true], ""mdl_gamma_candidate_entropies"": [-0.0, 1206.676454977072, 12348.734997471387, 19064.76686400397, 25487.181263406605, 29347.015885258195, 32738.332783159334, 35857.681642864096], ""mdl_gamma_candidate_iterations"": [2, 35, 6, 5, 6, 5, 5, 4], ""mdl_gamma_candidate_log_likelihoods"": [-87766.89234941805, -85354.1586509632, -85281.06404386039, -85275.28585462227, -85279.36268557895, -85281.35909563352, -85280.58999675309, -85271.48120304421], ""mdl_gamma_candidate_role_gains_nats"": [[0.0], [0.0, 0.0], [0.0, 0.0, 0.0], [0.0, 0.0, 0.0, 0.0], [0.0, 0.0, 0.0, 0.0, 0.0], [0.0, 0.0, 0.0, 0.0, 0.0, 0.0], [0.0, 0.0, 0.0, 0.0, 0.0, 0.0, 0.0], [0.0, 0.0, 0.0, 0.0, 0.0, 0.0, 0.0, 0.0]], ""mdl_gamma_candidate_role_threshold_sizes"": [[0], [0, 0], [0, 0, 0], [0, 0, 0, 0], [0, 0, 0, 0, 0], [0, 0, 0, 0, 0, 0], [0, 0, 0, 0, 0, 0, 0], [0, 0, 0, 0, 0, 0, 0, 0]], ""mdl_gamma_candidate_scores"": [175553.59167394118, 173171.18764964322, 195338.82598308384, 208789.04380033037, 221671.7367237066, 229425.10925017655, 236235.91531087557, 242486.10590552492], ""mdl_gamma_candidate_signal_components"": [[], [0], [0, 1], [0, 1, 2], [0, 1, 2, 3], [0, 1, 2, 3, 4], [0, 1, 2, 3, 4, 5], [0, 1, 2, 3, 4, 5, 6]], ""mdl_gamma_criterion"": ""icl"", ""mdl_gamma_entropy_scope"": ""semantic"", ""mdl_gamma_fit_samples"": 20000, ""mdl_gamma_grouping"": ""largest_rate_gap"", ""mdl_gamma_guarded_confirmation"": true, ""mdl_gamma_log_rate_gaps"": [], ""mdl_gamma_mean_background_probability"": 0.049101350025065306, ""mdl_gamma_mean_posterior_entropy"": 0.06033382274885359, ""mdl_gamma_mu"": [1.3228573139939126, 1.1064550244009013], ""mdl_gamma_n_init"": 1, ""mdl_gamma_ranks"": [4, 8, 16, 32], ""mdl_gamma_rates"": [[3.737495747299673, 3.7292048884903464, 3.7209324212309887, 3.7126783047237626], [2.5940645461817193, 2.402744055051476, 2.225534057193343, 2.0613938589565466]], ""mdl_gamma_role_evidence_neighbour_ranks"": [], ""mdl_gamma_search_caps"": [8], ""mdl_gamma_search_hard_max"": 24, ""mdl_gamma_search_hit_hard_max"": false, ""mdl_gamma_search_initial_max"": 8, ""mdl_gamma_selected_components"": 2, ""mdl_gamma_signal_basis_components"": [0], ""mdl_gamma_signal_components"": 1, ""mdl_gamma_slopes"": [-0.003203874479016458, -0.11053139956214604], ""mdl_gamma_split_warm_start"": true, ""mdl_gamma_tolerance"": 0.0001, ""mdl_gamma_weights"": [0.9485481157661132, 0.05145188423388301], ""optimization_background_events"": [], ""optimization_background_intrinsic_dimension"": 1.8531756849292191, ""optimization_border_fraction"": 0.0246, ""optimization_border_model"": ""strict_local_core_radius"", ""optimization_border_seconds"": 0.0008677999994688435, ""optimization_boundary_component_gains_nats"": [[0.0, 0.0, 0.0, 0.0, 0.0, 0.0, 0.0, 0.0, 0.0, 0.0, 0.0], []], ""optimization_candidate_groups"": [0, 1], ""optimization_clusters"": 1, ""optimization_connectivity_rank"": 4, ""optimization_core_fraction"": 0.96085, ""optimization_core_rank"": 4, ""optimization_description_gain_nats"": 129192.58292563894, ""optimization_group_gains_nats"": [128241.19106535279, 0.0], ""optimization_group_sizes"": [19229, 771], ""optimization_noise_fraction"": 0.01455, ""optimization_objective"": ""gamma_topology_component_and_attachment_description_gain"", ""optimization_objective_trace"": [0.0, -129192.58292563894], ""optimization_ordering_modes"": [""d4"", ""adaptive_d4_rank_windows_with_beta_boundary_code""], ""optimization_seconds"": 0.10685849999936181, ""optimization_selected_component_gains_nats"": [128170.53281632833, 256.28269594597646, 147.13222003257215, 104.58517493233651, 51.17630545606452], ""optimization_selected_groups"": [0], ""optimization_selected_local_components"": [5, 0], ""optimization_solver"": ""exact_stratum_event_sweep"", ""optimization_sparse_memory"": true, ""optimization_threshold_seconds"": 0.1063334999998915, ""optimization_threshold_sizes"": [19229, 0], ""optimization_thresholds"": [0.11953987181186676, 0.0], ""optimization_topology_evidence_ranks"": [5, 8], ""optimization_unified_background_scan"": true, ""stratification"": ""adaptive-semantic-information-criterion-gamma-v2""}","[{""coverage"": 1.0, ""f1"": 0.010096420818819727, ""fragments"": 1, ""matched_predicted_cluster"": 0, ""overlap"": 100, ""passes_discovery_thresholds"": false, ""precision"": 0.005073824141255264, ""purity"": 0.005073824141255264, ""recall"": 1.0, ""target"": ""cluster_0"", ""target_label"": 0, ""target_noise_loss"": 0.0, ""target_size"": 100}, {""coverage"": 0.0, ""f1"": 0.0, ""fragments"": 1, ""matched_predicted_cluster"": null, ""overlap"": 0, ""passes_discovery_thresholds"": false, ""precision"": 0.0, ""purity"": 0.0, ""recall"": 0.0, ""target"": ""cluster_1"", ""target_label"": 1, ""target_noise_loss"": 0.0, ""target_size"": 100}]",,native_target_discovery_v1
synthetic__moons_noise99__quality__n20000__StrataSCAN__233__dab06157f63f,ok,synthetic,moons_noise99__quality__n20000,StrataSCAN,233,0.2.4,20000,2,0.0606631999999081,0.7332104000015534,3.9264020000009614,259.953125,73.81640625,259.56640625,,,evaluation_state/synthetic__moons_noise99__quality__n20000__StrataSCAN__233__dab06157f63f.npz,342059607bfa16e6232057d98591f7c054c69d9b618bca2cfb2aa185491067b0,3263,0.0,0.0,1,0,0.0155050505050505,known_synthetic_noise,0.5077525252525252,0.0253221022818725,0.5,1,0,0.1,0.9,full_partition,target-discovery-v1,0,0.05,0.5,0.0050522912140655,0.0,0.002538973239222,1,pairwise_f1,hungarian,1.0,1,1,0.0086701108941073,0.0305366290346645,0.0305366290346645,0.99,1.0,0.0155050505050505,0.0001021107119613,5.1057962763149256e-05,1.0,0.01535,1,macro,0,0,1.0,0.0201075755290805,0.0101558929568882,1.0,1,2,0.0,0.0,2,0,0.0,0.5,0.0,0.0050522912140655,0.002538973239222,"{""dimension"": 2, ""family"": ""moons"", ""n"": 20000}","{""ambiguous_model_confirmation_tolerance"": 1e-05, ""assignment"": ""maximum_posterior_basis_then_semantic_role"", ""background_model"": ""adaptive_gamma_basis_mixture_with_largest_rate_gap"", ""background_scan"": ""adaptive_dyadic_rank_windows_with_poisson_beta_boundary_code"", ""border_rule"": ""strict_local_core_radius"", ""component_initialization"": ""compiled_split_warm_single_start_with_guarded_confirmation"", ""component_selection"": ""semantic_icl_with_adaptive_bound"", ""connectivity"": ""density_ordered_non_merging_knn_watershed"", ""core_thresholds"": ""observed_d4_event_sweep"", ""duplicate_profile_confirmation_minimum"": 3, ""duplicate_profile_confirmation_tolerance"": 1e-08, ""extraction_objective"": ""gamma_topology_description_length"", ""fit_samples"": ""all_rows"", ""gamma_tolerance"": 0.0001, ""geometry_profile"": ""low_dim"", ""hard_component_bound"": 24, ""initial_component_bound"": 8, ""k"": 32, ""knn_backend"": ""kd_tree"", ""shell_ranks"": [4, 8, 16, 32], ""stratification_model"": ""adaptive_gamma_density_basis_with_semantic_background"", ""version"": ""0.2.3""}","{""algorithm"": ""OptimizationStrataSCAN"", ""algorithm_version"": ""0.2.3"", ""graph_seconds"": 0.18584780000128376, ""mdl_gamma_adaptive_search"": true, ""mdl_gamma_assignment"": ""maximum_posterior_basis_then_semantic_role"", ""mdl_gamma_background_basis_components"": [1], ""mdl_gamma_background_boundary"": ""largest_rate_gap"", ""mdl_gamma_background_components"": 1, ""mdl_gamma_background_distribution"": ""gamma_components"", ""mdl_gamma_background_fraction"": 0.03715, ""mdl_gamma_background_group"": 1, ""mdl_gamma_candidate_components"": [1, 2, 3, 4, 5, 6, 7, 8], ""mdl_gamma_candidate_converged"": [true, true, true, true, true, true, true, true], ""mdl_gamma_candidate_entropies"": [-0.0, 1210.7028309711618, 12900.734085372256, 19559.641643756637, 26205.73565092474, 29937.38818709187, 33103.42707899671, 36368.78137294571], ""mdl_gamma_candidate_iterations"": [2, 37, 7, 6, 7, 6, 5, 5], ""mdl_gamma_candidate_log_likelihoods"": [-87422.68928555425, -85367.2972711414, -85355.98723621298, -85361.40287178702, -85356.91834155245, -85354.3920704674, -85354.9874700419, -85357.69524837573], ""mdl_gamma_candidate_role_gains_nats"": [[0.0], [0.0, 0.0], [0.0, 0.0, 0.0], [0.0, 0.0, 0.0, 0.0], [0.0, 0.0, 0.0, 0.0, 0.0], [0.0, 0.0, 0.0, 0.0, 0.0, 0.0], [0.0, 0.0, 0.0, 0.0, 0.0, 0.0, 0.0], [0.0, 0.0, 0.0, 0.0, 0.0, 0.0, 0.0, 0.0]], ""mdl_gamma_candidate_role_threshold_sizes"": [[0], [0, 0], [0, 0, 0], [0, 0, 0, 0], [0, 0, 0, 0, 0], [0, 0, 0, 0, 0, 0], [0, 0, 0, 0, 0, 0, 0], [0, 0, 0, 0, 0, 0, 0, 0]], ""mdl_gamma_candidate_scores"": [174865.1855462136, 173205.5176419878, 196592.67054359076, 209951.02739416523, 223263.95681068988, 230751.91980351164, 237114.89884912796, 243680.7334563512], ""mdl_gamma_candidate_signal_components"": [[], [0], [0, 1], [0, 1, 2], [0, 1, 2, 3], [0, 1, 2, 3, 4], [0, 1, 2, 3, 4, 5], [0, 1, 2, 3, 4, 5, 6]], ""mdl_gamma_criterion"": ""icl"", ""mdl_gamma_entropy_scope"": ""semantic"", ""mdl_gamma_fit_samples"": 20000, ""mdl_gamma_grouping"": ""largest_rate_gap"", ""mdl_gamma_guarded_confirmation"": true, ""mdl_gamma_log_rate_gaps"": [], ""mdl_gamma_mean_background_probability"": 0.047838870820832595, ""mdl_gamma_mean_posterior_entropy"": 0.06053514154855809, ""mdl_gamma_mu"": [1.3218247076705811, 1.1742053928864298], ""mdl_gamma_n_init"": 1, ""mdl_gamma_ranks"": [4, 8, 16, 32], ""mdl_gamma_rates"": [[3.7208565870321553, 3.706242302366694, 3.6916854177410583, 3.6771857077070207], [2.6985706158365814, 2.464479552922368, 2.2506950276302278, 2.0554555226042086]], ""mdl_gamma_role_evidence_neighbour_ranks"": [], ""mdl_gamma_search_caps"": [8], ""mdl_gamma_search_hard_max"": 24, ""mdl_gamma_search_hit_hard_max"": false, ""mdl_gamma_search_initial_max"": 8, ""mdl_gamma_selected_components"": 2, ""mdl_gamma_signal_basis_components"": [0], ""mdl_gamma_signal_components"": 1, ""mdl_gamma_slopes"": [-0.005677582468802313, -0.1309124286230375], ""mdl_gamma_split_warm_start"": true, ""mdl_gamma_tolerance"": 0.0001, ""mdl_gamma_weights"": [0.9501155837724229, 0.049884416227577506], ""optimization_background_events"": [], ""optimization_background_intrinsic_dimension"": 1.7823064586730901, ""optimization_border_fraction"": 0.0237, ""optimization_border_model"": ""strict_local_core_radius"", ""optimization_border_seconds"": 0.0012912000001961133, ""optimization_boundary_component_gains_nats"": [[0.0, 0.0, 0.0, 0.0, 0.0, 0.0, 0.0, 0.0, 0.0, 0.0, 0.0, 0.0, 0.0, 0.0, 0.0, 0.0, 0.0, 0.0, 0.0, 0.0], []], ""optimization_candidate_groups"": [0, 1], ""optimization_clusters"": 1, ""optimization_connectivity_rank"": 4, ""optimization_core_fraction"": 0.96095, ""optimization_core_rank"": 4, ""optimization_description_gain_nats"": 125844.48093313864, ""optimization_group_gains_nats"": [125184.3404536636, 0.0], ""optimization_group_sizes"": [19257, 743], ""optimization_noise_fraction"": 0.01535, ""optimization_objective"": ""gamma_topology_component_and_attachment_description_gain"", ""optimization_objective_trace"": [0.0, -125844.48093313864], ""optimization_ordering_modes"": [""d4"", ""adaptive_d4_rank_windows_with_beta_boundary_code""], ""optimization_seconds"": 0.1035807999996905, ""optimization_selected_component_gains_nats"": [125082.689300176, 199.005508426908, 96.75202950584574, 5.855901382772622, 13.297247783471562], ""optimization_selected_groups"": [0], ""optimization_selected_local_components"": [5, 0], ""optimization_solver"": ""exact_stratum_event_sweep"", ""optimization_sparse_memory"": true, ""optimization_threshold_seconds"": 0.10267649999877904, ""optimization_threshold_sizes"": [19252, 0], ""optimization_thresholds"": [0.11737219989299774, 0.0], ""optimization_topology_evidence_ranks"": [5, 8], ""optimization_unified_background_scan"": true, ""stratification"": ""adaptive-semantic-information-criterion-gamma-v2""}","[{""coverage"": 1.0, ""f1"": 0.010104582428131158, ""fragments"": 1, ""matched_predicted_cluster"": 0, ""overlap"": 100, ""passes_discovery_thresholds"": false, ""precision"": 0.0050779464784441175, ""purity"": 0.0050779464784441175, ""recall"": 1.0, ""target"": ""cluster_0"", ""target_label"": 0, ""target_noise_loss"": 0.0, ""target_size"": 100}, {""coverage"": 0.0, ""f1"": 0.0, ""fragments"": 1, ""matched_predicted_cluster"": null, ""overlap"": 0, ""passes_discovery_thresholds"": false, ""precision"": 0.0, ""purity"": 0.0, ""recall"": 0.0, ""target"": ""cluster_1"", ""target_label"": 1, ""target_noise_loss"": 0.0, ""target_size"": 100}]",,native_target_discovery_v1
synthetic__moons_noise99__quality__n20000__VDBSCAN-2007__211__3f23e9b7e4c0,ok,synthetic,moons_noise99__quality__n20000,VDBSCAN-2007,211,0.2.4,20000,2,0.0594737999999779,0.2962969999989582,3.3051955999999336,192.83203125,6.96484375,192.5078125,,,evaluation_state/synthetic__moons_noise99__quality__n20000__VDBSCAN-2007__211__3f23e9b7e4c0.npz,ed2303f0375a4c43f754fa1fb11d2fb41dfec7dce635494f64a8905fe3d56873,9115,0.0486852456576585,0.006686239503676,198,190,0.0176767676767676,known_synthetic_noise,0.5063383838383838,0.0273945590583527,100.0,10,0,0.1,0.9,full_partition,target-discovery-v1,1,0.05,0.03,0.0558201058201058,0.005,0.4125,2,pairwise_f1,hungarian,1.5,1,200,0.0428248699125714,0.0347377301374621,0.0347377301374621,0.99,0.9971509971509972,0.0176767676767676,0.0001023690453517,5.118763836917893e-05,0.8409090909090909,0.01755,200,macro,0,0,0.995,0.0200513879792432,0.0101277418698152,0.995,198,2,0.0,0.0,2,198,0.0,0.03,0.0,0.0558201058201058,0.4125,"{""dimension"": 2, ""family"": ""moons"", ""n"": 20000}","{""eps_values"": [0.028540585190057755, 0.07601379603147507, 0.09295132011175156], ""geometry_profile"": ""low_dim"", ""knee_prominence"": 0.03, ""knn_backend"": ""kd_tree"", ""max_eps_values"": 3, ""min_samples"": 5}",{},"[{""coverage"": 0.05, ""f1"": 0.09259259259259259, ""fragments"": 2, ""matched_predicted_cluster"": 173, ""overlap"": 5, ""passes_discovery_thresholds"": false, ""precision"": 0.625, ""purity"": 0.625, ""recall"": 0.05, ""target"": ""cluster_0"", ""target_label"": 0, ""target_noise_loss"": 0.01, ""target_size"": 100}, {""coverage"": 0.01, ""f1"": 0.019047619047619046, ""fragments"": 1, ""matched_predicted_cluster"": 77, ""overlap"": 1, ""passes_discovery_thresholds"": false, ""precision"": 0.2, ""purity"": 0.2, ""recall"": 0.01, ""target"": ""cluster_1"", ""target_label"": 1, ""target_noise_loss"": 0.0, ""target_size"": 100}]",,native_target_discovery_v1
synthetic__moons_noise99__quality__n20000__VDBSCAN-2007__223__953cb3d7cec4,ok,synthetic,moons_noise99__quality__n20000,VDBSCAN-2007,223,0.2.4,20000,2,0.0577195999994728,0.2973198999989108,3.3337258999999904,194.1171875,8.15234375,194.1171875,,,evaluation_state/synthetic__moons_noise99__quality__n20000__VDBSCAN-2007__223__953cb3d7cec4.npz,1f90fcdc8158a2ad6f8b3cfd59c959a6f217f944fe1a8b23e51c27aa038f3dd4,9874,0.0475687857808481,0.0007139818080657,230,220,0.0171212121212121,known_synthetic_noise,0.503560606060606,0.0268016296079955,115.5,11,0,0.1,0.9,full_partition,target-discovery-v1,0,0.05,0.035,0.0655136268343815,0.01,0.5208333333333333,2,pairwise_f1,hungarian,1.0,1,231,0.0444736095699861,0.0336626781192592,0.0336626781192592,0.99,0.9941348973607038,0.0171212121212121,0.0001004114433542,5.0208866289809565e-05,0.8016161616161617,0.01705,231,macro,0,0,0.99,0.0199405810967319,0.010071722875019,0.99,230,2,0.0,0.0,2,229,0.0,0.035,0.0,0.0655136268343815,0.5208333333333333,"{""dimension"": 2, ""family"": ""moons"", ""n"": 20000}","{""eps_values"": [0.02899809367954731, 0.07565581798553467, 0.092652328312397], ""geometry_profile"": ""low_dim"", ""knee_prominence"": 0.03, ""knn_backend"": ""kd_tree"", ""max_eps_values"": 3, ""min_samples"": 5}",{},"[{""coverage"": 0.03, ""f1"": 0.05555555555555555, ""fragments"": 1, ""matched_predicted_cluster"": 44, ""overlap"": 3, ""passes_discovery_thresholds"": false, ""precision"": 0.375, ""purity"": 0.375, ""recall"": 0.03, ""target"": ""cluster_0"", ""target_label"": 0, ""target_noise_loss"": 0.01, ""target_size"": 100}, {""coverage"": 0.04, ""f1"": 0.07547169811320754, ""fragments"": 1, ""matched_predicted_cluster"": 55, ""overlap"": 4, ""passes_discovery_thresholds"": false, ""precision"": 0.6666666666666666, ""purity"": 0.6666666666666666, ""recall"": 0.04, ""target"": ""cluster_1"", ""target_label"": 1, ""target_noise_loss"": 0.01, ""target_size"": 100}]",,native_target_discovery_v1
synthetic__moons_noise99__quality__n20000__VDBSCAN-2007__227__21945d50d061,ok,synthetic,moons_noise99__quality__n20000,VDBSCAN-2007,227,0.2.4,20000,2,0.0598519999985001,0.2994110999989061,3.3292731000001368,192.36328125,6.359375,192.37109375,,,evaluation_state/synthetic__moons_noise99__quality__n20000__VDBSCAN-2007__227__21945d50d061.npz,b16a2a7d79d195c3fdad88d2e62fb9d8a1f83b98cc0f5f045632d2722032a2a3,10965,0.0462668345339463,0.0001570105197048,207,199,0.020050505050505,known_synthetic_noise,0.5100252525252525,0.0297558644883623,104.0,9,0,0.1,0.9,full_partition,target-discovery-v1,0,0.05,0.025,0.0476190476190476,0.0,0.5,2,pairwise_f1,hungarian,1.0,1,208,0.0430690786797211,0.0393127692231519,0.0393127692231519,0.99,1.0,0.020050505050505,0.0001162346525188,5.812127346728741e-05,0.8557575757575757,0.01985,208,macro,0,0,1.0,0.0201989597535726,0.0102025200224455,1.0,207,2,0.0,0.0,2,206,0.0,0.025,0.0,0.0476190476190476,0.5,"{""dimension"": 2, ""family"": ""moons"", ""n"": 20000}","{""eps_values"": [0.02884557656943798, 0.07535281032323837, 0.0933067798614502], ""geometry_profile"": ""low_dim"", ""knee_prominence"": 0.03, ""knn_backend"": ""kd_tree"", ""max_eps_values"": 3, ""min_samples"": 5}",{},"[{""coverage"": 0.03, ""f1"": 0.05714285714285714, ""fragments"": 1, ""matched_predicted_cluster"": 84, ""overlap"": 3, ""passes_discovery_thresholds"": false, ""precision"": 0.6, ""purity"": 0.6, ""recall"": 0.03, ""target"": ""cluster_0"", ""target_label"": 0, ""target_noise_loss"": 0.0, ""target_size"": 100}, {""coverage"": 0.02, ""f1"": 0.03809523809523809, ""fragments"": 1, ""matched_predicted_cluster"": 25, ""overlap"": 2, ""passes_discovery_thresholds"": false, ""precision"": 0.4, ""purity"": 0.4, ""recall"": 0.02, ""target"": ""cluster_1"", ""target_label"": 1, ""target_noise_loss"": 0.0, ""target_size"": 100}]",,native_target_discovery_v1
synthetic__moons_noise99__quality__n20000__VDBSCAN-2007__229__b274bc6e6bac,ok,synthetic,moons_noise99__quality__n20000,VDBSCAN-2007,229,0.2.4,20000,2,0.059656299999915,0.3051441999996314,3.326763400000345,194.890625,8.52734375,194.23046875,,,evaluation_state/synthetic__moons_noise99__quality__n20000__VDBSCAN-2007__229__b274bc6e6bac.npz,e6a6a8ac77196212dd8e71df719e98fe992eb1753b61cb5211c8b61377f6f0a5,9334,0.0203940680459426,-0.0002596234252782,208,197,0.0162626262626262,known_synthetic_noise,0.5081313131313131,0.0260637598325033,104.0,11,0,0.1,0.9,full_partition,target-discovery-v1,0,0.05,0.02,0.038095238095238,0.0,0.4,2,pairwise_f1,hungarian,1.0,1,208,0.0347854268506765,0.0320047708975251,0.0320047708975251,0.99,1.0,0.0162626262626262,0.0001072619042815,5.363424350805742e-05,0.8739393939393939,0.0161,208,macro,0,0,1.0,0.0201227487674816,0.0101636345157028,1.0,208,2,0.0,0.0,2,206,0.0,0.02,0.0,0.038095238095238,0.4,"{""dimension"": 2, ""family"": ""moons"", ""n"": 20000}","{""eps_values"": [0.027925502508878708, 0.07603752613067627, 0.09347421675920486], ""geometry_profile"": ""low_dim"", ""knee_prominence"": 0.03, ""knn_backend"": ""kd_tree"", ""max_eps_values"": 3, ""min_samples"": 5}",{},"[{""coverage"": 0.02, ""f1"": 0.03809523809523809, ""fragments"": 1, ""matched_predicted_cluster"": 71, ""overlap"": 2, ""passes_discovery_thresholds"": false, ""precision"": 0.4, ""purity"": 0.4, ""recall"": 0.02, ""target"": ""cluster_0"", ""target_label"": 0, ""target_noise_loss"": 0.0, ""target_size"": 100}, {""coverage"": 0.02, ""f1"": 0.03809523809523809, ""fragments"": 1, ""matched_predicted_cluster"": 52, ""overlap"": 2, ""passes_discovery_thresholds"": false, ""precision"": 0.4, ""purity"": 0.4, ""recall"": 0.02, ""target"": ""cluster_1"", ""target_label"": 1, ""target_noise_loss"": 0.0, ""target_size"": 100}]",,native_target_discovery_v1
synthetic__moons_noise99__quality__n20000__VDBSCAN-2007__233__0d97bb7e3564,ok,synthetic,moons_noise99__quality__n20000,VDBSCAN-2007,233,0.2.4,20000,2,0.062576700000136,0.297898200000418,3.377979700000651,193.25390625,7.1953125,191.86328125,,,evaluation_state/synthetic__moons_noise99__quality__n20000__VDBSCAN-2007__233__0d97bb7e3564.npz,a552a8f663b264f46057c1155ffa775b29ed8a9c09ecf386cc4976a76d664424,9332,0.0329481175417135,0.0001650775436662,205,197,0.0184343434343434,known_synthetic_noise,0.5042171717171717,0.0280822354636621,103.0,9,0,0.1,0.9,full_partition,target-discovery-v1,0,0.05,0.03,0.0563492063492063,0.01,0.4875,2,pairwise_f1,hungarian,1.0,1,206,0.0440795575205057,0.0361977487975405,0.0361977487975405,0.99,0.994550408719346,0.0184343434343434,0.0001037905893527,5.189847610320704e-05,0.8465656565656565,0.01835,206,macro,0,0,0.99,0.0199667221297836,0.0100850608669077,0.99,205,2,0.0,0.0,2,204,0.0,0.03,0.0,0.0563492063492063,0.4875,"{""dimension"": 2, ""family"": ""moons"", ""n"": 20000}","{""eps_values"": [0.028375331312417984, 0.07581571489572525, 0.09313075244426727], ""geometry_profile"": ""low_dim"", ""knee_prominence"": 0.03, ""knn_backend"": ""kd_tree"", ""max_eps_values"": 3, ""min_samples"": 5}",{},"[{""coverage"": 0.03, ""f1"": 0.05555555555555555, ""fragments"": 1, ""matched_predicted_cluster"": 28, ""overlap"": 3, ""passes_discovery_thresholds"": false, ""precision"": 0.375, ""purity"": 0.375, ""recall"": 0.03, ""target"": ""cluster_0"", ""target_label"": 0, ""target_noise_loss"": 0.01, ""target_size"": 100}, {""coverage"": 0.03, ""f1"": 0.05714285714285714, ""fragments"": 1, ""matched_predicted_cluster"": 37, ""overlap"": 3, ""passes_discovery_thresholds"": false, ""precision"": 0.6, ""purity"": 0.6, ""recall"": 0.03, ""target"": ""cluster_1"", ""target_label"": 1, ""target_noise_loss"": 0.01, ""target_size"": 100}]",,native_target_discovery_v1
synthetic__moons_noise99__quality__n20000__kNN+Leiden__211__978742dd8652,ok,synthetic,moons_noise99__quality__n20000,kNN+Leiden,211,0.2.4,20000,2,0.0578409999998257,1.138199099999838,4.894964900000559,286.81640625,70.5,291.25,,,evaluation_state/synthetic__moons_noise99__quality__n20000__kNN+Leiden__211__978742dd8652.npz,7d7e0877bb38b5faf121414a0f30f6ddbc8067bb9125afced9b1fac93c94b2f7,21717,0.4733784812954107,0.3586262919281585,25,19,0.0,known_synthetic_noise,0.5,0.0099009900990099,12.5,6,0,0.1,0.9,full_partition,target-discovery-v1,4,0.05,0.475,0.1122039319491548,0.0,0.0636790447168875,2,pairwise_f1,hungarian,3.0,1,25,0.0,0.0,0.0,0.99,0.0,0.0,0.0009239518589221,0.0004625044883853,0.4042424242424242,0.0,25,macro,0,0,1.0,0.0198019801980198,0.01,1.0,25,2,0.0,0.0,2,23,0.0,0.475,0.0,0.1122039319491548,0.0636790447168875,"{""dimension"": 2, ""family"": ""moons"", ""n"": 20000}","{""edge_rank"": 15, ""geometry_profile"": ""low_dim"", ""k"": 20, ""knn_backend"": ""kd_tree"", ""resolution"": 0.5, ""symmetrization"": ""union"", ""weights"": ""1/(1+d)""}",{},"[{""coverage"": 0.49, ""f1"": 0.12484076433121019, ""fragments"": 4, ""matched_predicted_cluster"": 17, ""overlap"": 49, ""passes_discovery_thresholds"": false, ""precision"": 0.07153284671532846, ""purity"": 0.07153284671532846, ""recall"": 0.49, ""target"": ""cluster_0"", ""target_label"": 0, ""target_noise_loss"": 0.0, ""target_size"": 100}, {""coverage"": 0.46, ""f1"": 0.09956709956709957, ""fragments"": 2, ""matched_predicted_cluster"": 10, ""overlap"": 46, ""passes_discovery_thresholds"": false, ""precision"": 0.055825242718446605, ""purity"": 0.055825242718446605, ""recall"": 0.46, ""target"": ""cluster_1"", ""target_label"": 1, ""target_noise_loss"": 0.0, ""target_size"": 100}]",,native_target_discovery_v1
synthetic__moons_noise99__quality__n20000__kNN+Leiden__223__eef0a8d100f0,ok,synthetic,moons_noise99__quality__n20000,kNN+Leiden,223,0.2.4,20000,2,0.0607017000002088,1.569819099999222,5.339527500000258,286.1875,70.26171875,291.64453125,,,evaluation_state/synthetic__moons_noise99__quality__n20000__kNN+Leiden__223__eef0a8d100f0.npz,40ec79fef304a596c6141933f8fa1ebb98d9ee7141091da26c2b0b2101b5e95e,21672,0.1902961348097701,0.1555436625737144,25,18,0.0,known_synthetic_noise,0.5,0.0099009900990099,12.5,7,0,0.1,0.9,full_partition,target-discovery-v1,7,0.05,0.485,0.1064593908629441,0.0,0.0598789346246973,2,pairwise_f1,hungarian,4.5,3,25,0.0,0.0,0.0,0.99,0.0,0.0,0.0007544491706858,0.0003776625945959,0.3252525252525252,0.0,25,macro,0,0,1.0,0.0198019801980198,0.01,1.0,25,2,0.0,0.0,2,23,0.0,0.485,0.0,0.1064593908629441,0.0598789346246973,"{""dimension"": 2, ""family"": ""moons"", ""n"": 20000}","{""edge_rank"": 15, ""geometry_profile"": ""low_dim"", ""k"": 20, ""knn_backend"": ""kd_tree"", ""resolution"": 0.5, ""symmetrization"": ""union"", ""weights"": ""1/(1+d)""}",{},"[{""coverage"": 0.34, ""f1"": 0.085, ""fragments"": 5, ""matched_predicted_cluster"": 17, ""overlap"": 34, ""passes_discovery_thresholds"": false, ""precision"": 0.04857142857142857, ""purity"": 0.04857142857142857, ""recall"": 0.34, ""target"": ""cluster_0"", ""target_label"": 0, ""target_noise_loss"": 0.0, ""target_size"": 100}, {""coverage"": 0.63, ""f1"": 0.12791878172588833, ""fragments"": 4, ""matched_predicted_cluster"": 8, ""overlap"": 63, ""passes_discovery_thresholds"": false, ""precision"": 0.0711864406779661, ""purity"": 0.0711864406779661, ""recall"": 0.63, ""target"": ""cluster_1"", ""target_label"": 1, ""target_noise_loss"": 0.0, ""target_size"": 100}]",,native_target_discovery_v1
synthetic__moons_noise99__quality__n20000__kNN+Leiden__227__db772244fc0e,ok,synthetic,moons_noise99__quality__n20000,kNN+Leiden,227,0.2.4,20000,2,0.064048800000819,1.0379112999999052,4.840332100000524,285.796875,70.16796875,290.18359375,,,evaluation_state/synthetic__moons_noise99__quality__n20000__kNN+Leiden__227__db772244fc0e.npz,40eeb92a45a622467ac47f78c4cf1d1b97f6d91f436f96bef94baccb611adfbe,21526,0.4611921258052037,0.3166428858592129,24,19,0.0,known_synthetic_noise,0.5,0.0099009900990099,12.0,5,0,0.1,0.9,full_partition,target-discovery-v1,4,0.05,0.41,0.1116871756681679,0.0,0.0655980644185694,2,pairwise_f1,hungarian,3.0,1,24,0.0,0.0,0.0,0.99,0.0,0.0,0.0009047324632596,0.0004528732714534,0.404040404040404,0.0,24,macro,0,0,1.0,0.0198019801980198,0.01,1.0,24,2,0.0,0.0,2,22,0.0,0.41,0.0,0.1116871756681678,0.0655980644185694,"{""dimension"": 2, ""family"": ""moons"", ""n"": 20000}","{""edge_rank"": 15, ""geometry_profile"": ""low_dim"", ""k"": 20, ""knn_backend"": ""kd_tree"", ""resolution"": 0.5, ""symmetrization"": ""union"", ""weights"": ""1/(1+d)""}",{},"[{""coverage"": 0.19, ""f1"": 0.07770961145194274, ""fragments"": 4, ""matched_predicted_cluster"": 23, ""overlap"": 19, ""passes_discovery_thresholds"": false, ""precision"": 0.04884318766066838, ""purity"": 0.04884318766066838, ""recall"": 0.19, ""target"": ""cluster_0"", ""target_label"": 0, ""target_noise_loss"": 0.0, ""target_size"": 100}, {""coverage"": 0.63, ""f1"": 0.14566473988439305, ""fragments"": 2, ""matched_predicted_cluster"": 15, ""overlap"": 63, ""passes_discovery_thresholds"": false, ""precision"": 0.08235294117647059, ""purity"": 0.08235294117647059, ""recall"": 0.63, ""target"": ""cluster_1"", ""target_label"": 1, ""target_noise_loss"": 0.0, ""target_size"": 100}]",,native_target_discovery_v1
synthetic__moons_noise99__quality__n20000__kNN+Leiden__229__a12c48aa0d50,ok,synthetic,moons_noise99__quality__n20000,kNN+Leiden,229,0.2.4,20000,2,0.0627832999998645,1.1848908000010852,4.988195100000667,286.4375,69.9296875,291.703125,,,evaluation_state/synthetic__moons_noise99__quality__n20000__kNN+Leiden__229__a12c48aa0d50.npz,7d8c3594c050a3b3327904584f5a7183dc2036b81d64bf37493d89b9cf83ff3b,21663,0.1585163754293592,0.1344775127958786,25,20,0.0,known_synthetic_noise,0.5,0.0099009900990099,12.5,5,0,0.1,0.9,full_partition,target-discovery-v1,5,0.05,0.54,0.1287688299920716,0.0,0.0731153761949938,2,pairwise_f1,hungarian,3.5,3,25,0.0,0.0,0.0,0.99,0.0,0.0,0.0009029533135244,0.0004519936063954,0.3947474747474747,0.0,25,macro,0,0,1.0,0.0198019801980198,0.01,1.0,25,2,0.0,0.0,2,23,0.0,0.54,0.0,0.1287688299920716,0.0731153761949938,"{""dimension"": 2, ""family"": ""moons"", ""n"": 20000}","{""edge_rank"": 15, ""geometry_profile"": ""low_dim"", ""k"": 20, ""knn_backend"": ""kd_tree"", ""resolution"": 0.5, ""symmetrization"": ""union"", ""weights"": ""1/(1+d)""}",{},"[{""coverage"": 0.56, ""f1"": 0.13827160493827162, ""fragments"": 3, ""matched_predicted_cluster"": 16, ""overlap"": 56, ""passes_discovery_thresholds"": false, ""precision"": 0.07887323943661972, ""purity"": 0.07887323943661972, ""recall"": 0.56, ""target"": ""cluster_0"", ""target_label"": 0, ""target_noise_loss"": 0.0, ""target_size"": 100}, {""coverage"": 0.52, ""f1"": 0.11926605504587155, ""fragments"": 4, ""matched_predicted_cluster"": 12, ""overlap"": 52, ""passes_discovery_thresholds"": false, ""precision"": 0.06735751295336788, ""purity"": 0.06735751295336788, ""recall"": 0.52, ""target"": ""cluster_1"", ""target_label"": 1, ""target_noise_loss"": 0.0, ""target_size"": 100}]",,native_target_discovery_v1
synthetic__moons_noise99__quality__n20000__kNN+Leiden__233__2911a78cb7f5,ok,synthetic,moons_noise99__quality__n20000,kNN+Leiden,233,0.2.4,20000,2,0.0614960000002611,0.7595156000006682,4.507094099999449,287.05859375,70.56640625,292.046875,,,evaluation_state/synthetic__moons_noise99__quality__n20000__kNN+Leiden__233__2911a78cb7f5.npz,c7cace85a4102331b622e1c69f0bc1c9211de625bb14199ac0a0346d84564bbf,21829,0.3006531683629477,0.1814374693877137,26,20,0.0,known_synthetic_noise,0.5,0.0099009900990099,13.0,6,0,0.1,0.9,full_partition,target-discovery-v1,6,0.05,0.38,0.1052220584676975,0.0,0.0611469629105767,2,pairwise_f1,hungarian,4.0,2,26,0.0,0.0,0.0,0.99,0.0,0.0,0.0007051141332613,0.0003529699272933,0.3014141414141414,0.0,26,macro,0,0,1.0,0.0198019801980198,0.01,1.0,26,2,0.0,0.0,2,24,0.0,0.38,0.0,0.1052220584676975,0.0611469629105767,"{""dimension"": 2, ""family"": ""moons"", ""n"": 20000}","{""edge_rank"": 15, ""geometry_profile"": ""low_dim"", ""k"": 20, ""knn_backend"": ""kd_tree"", ""resolution"": 0.5, ""symmetrization"": ""union"", ""weights"": ""1/(1+d)""}",{},"[{""coverage"": 0.46, ""f1"": 0.136094674556213, ""fragments"": 4, ""matched_predicted_cluster"": 20, ""overlap"": 46, ""passes_discovery_thresholds"": false, ""precision"": 0.0798611111111111, ""purity"": 0.0798611111111111, ""recall"": 0.46, ""target"": ""cluster_0"", ""target_label"": 0, ""target_noise_loss"": 0.0, ""target_size"": 100}, {""coverage"": 0.3, ""f1"": 0.07434944237918216, ""fragments"": 4, ""matched_predicted_cluster"": 16, ""overlap"": 30, ""passes_discovery_thresholds"": false, ""precision"": 0.042432814710042434, ""purity"": 0.042432814710042434, ""recall"": 0.3, ""target"": ""cluster_1"", ""target_label"": 1, ""target_noise_loss"": 0.0, ""target_size"": 100}]",,native_target_discovery_v1
synthetic__moons_noise99__quality__n20000__kNN-DBSCAN__211__8c6e79834a64,ok,synthetic,moons_noise99__quality__n20000,kNN-DBSCAN,211,0.2.4,20000,2,0.0601662000008218,0.0734948999997868,3.169174800001201,191.4375,5.51953125,189.16796875,,,evaluation_state/synthetic__moons_noise99__quality__n20000__kNN-DBSCAN__211__8c6e79834a64.npz,0f77cdc2a9b2821cef99489758d54f03c37a0507e7e7f7037b46cfb27be8da9b,31723,0.1478684519936819,0.0228584519506216,1213,1160,0.511010101010101,known_synthetic_noise,0.5680050505050505,0.3498366367095195,608.5,57,0,0.1,0.9,full_partition,target-discovery-v1,2,0.05,0.07,0.1111252383979656,0.375,0.2761904761904762,2,pairwise_f1,hungarian,2.0,0,1217,0.1908211889838368,0.6746907611776081,0.6746907611776081,0.99,0.9926420092220152,0.511010101010101,0.0049568536642726,0.0030191506710448,0.0138383838383838,0.50965,1217,macro,0,0,0.625,0.024982512241431,0.0127459977567043,0.625,1213,2,0.0,0.0,2,1215,0.0,0.07,0.0,0.1111252383979656,0.2761904761904762,"{""dimension"": 2, ""family"": ""moons"", ""n"": 20000}","{""eps"": 0.04765672981739044, ""eps_quantile"": 0.25, ""geometry_profile"": ""low_dim"", ""k"": 4, ""knn_backend"": ""kd_tree"", ""min_samples"": 5}",{},"[{""coverage"": 0.06, ""f1"": 0.09917355371900825, ""fragments"": 3, ""matched_predicted_cluster"": 371, ""overlap"": 6, ""passes_discovery_thresholds"": false, ""precision"": 0.2857142857142857, ""purity"": 0.2857142857142857, ""recall"": 0.06, ""target"": ""cluster_0"", ""target_label"": 0, ""target_noise_loss"": 0.3, ""target_size"": 100}, {""coverage"": 0.08, ""f1"": 0.12307692307692307, ""fragments"": 1, ""matched_predicted_cluster"": 86, ""overlap"": 8, ""passes_discovery_thresholds"": false, ""precision"": 0.26666666666666666, ""purity"": 0.26666666666666666, ""recall"": 0.08, ""target"": ""cluster_1"", ""target_label"": 1, ""target_noise_loss"": 0.45, ""target_size"": 100}]",,native_target_discovery_v1
synthetic__moons_noise99__quality__n20000__kNN-DBSCAN__223__beee7fd64451,ok,synthetic,moons_noise99__quality__n20000,kNN-DBSCAN,223,0.2.4,20000,2,0.0595658000002004,0.0714769999995041,3.152732800001104,188.55859375,2.80859375,188.84375,,,evaluation_state/synthetic__moons_noise99__quality__n20000__kNN-DBSCAN__223__beee7fd64451.npz,f4e2a8835d38d76c515304fc2845817817b31f4bedfc23c136e276b988a93105,31745,0.1730681190884868,0.0288017714808016,1215,1168,0.511010101010101,known_synthetic_noise,0.5855050505050505,0.3506056770970851,609.5,51,0,0.1,0.9,full_partition,target-discovery-v1,5,0.05,0.09,0.1309810211173483,0.3399999999999999,0.2490421455938697,2,pairwise_f1,hungarian,3.5,0,1219,0.2193822347214948,0.6748482625225106,0.6748482625225106,0.99,0.993324170430002,0.511010101010101,0.0074590909902032,0.0045297904159171,0.0211111111111111,0.5093,1219,macro,0,0,0.66,0.0263630916716596,0.0134501732219278,0.66,1215,2,0.0,0.0,2,1217,0.0,0.09,0.0,0.1309810211173483,0.2490421455938697,"{""dimension"": 2, ""family"": ""moons"", ""n"": 20000}","{""eps"": 0.047303587198257446, ""eps_quantile"": 0.25, ""geometry_profile"": ""low_dim"", ""k"": 4, ""knn_backend"": ""kd_tree"", ""min_samples"": 5}",{},"[{""coverage"": 0.1, ""f1"": 0.13793103448275865, ""fragments"": 5, ""matched_predicted_cluster"": 30, ""overlap"": 10, ""passes_discovery_thresholds"": false, ""precision"": 0.2222222222222222, ""purity"": 0.2222222222222222, ""recall"": 0.1, ""target"": ""cluster_0"", ""target_label"": 0, ""target_noise_loss"": 0.27, ""target_size"": 100}, {""coverage"": 0.08, ""f1"": 0.124031007751938, ""fragments"": 2, ""matched_predicted_cluster"": 29, ""overlap"": 8, ""passes_discovery_thresholds"": false, ""precision"": 0.27586206896551724, ""purity"": 0.27586206896551724, ""recall"": 0.08, ""target"": ""cluster_1"", ""target_label"": 1, ""target_noise_loss"": 0.41, ""target_size"": 100}]",,native_target_discovery_v1
synthetic__moons_noise99__quality__n20000__kNN-DBSCAN__227__0095605e2c7f,ok,synthetic,moons_noise99__quality__n20000,kNN-DBSCAN,227,0.2.4,20000,2,0.0612707000000227,0.0698599999996076,3.122329899999386,188.91015625,2.81640625,192.69921875,,,evaluation_state/synthetic__moons_noise99__quality__n20000__kNN-DBSCAN__227__0095605e2c7f.npz,3ca1355c5846fac945d0cca8dabda960d8569c930da1072281e3d755b82a5f16,31781,0.1430362590585158,0.0146756710167411,1218,1159,0.510959595959596,known_synthetic_noise,0.590479797979798,0.3508017992332689,611.0,63,0,0.1,0.9,full_partition,target-discovery-v1,2,0.05,0.055,0.0951128982369316,0.3299999999999999,0.4924242424242424,2,pairwise_f1,hungarian,1.5,0,1222,0.1667273286189201,0.6748490811459829,0.6748490811459829,0.99,0.9935186094471178,0.510959595959596,0.0049867942300943,0.0030513301539226,0.0136363636363636,0.50915,1222,macro,0,0,0.67,0.026754517320555,0.0136497911785677,0.67,1218,2,0.0,0.0,2,1220,0.0,0.055,0.0,0.0951128982369316,0.4924242424242424,"{""dimension"": 2, ""family"": ""moons"", ""n"": 20000}","{""eps"": 0.04728018119931221, ""eps_quantile"": 0.25, ""geometry_profile"": ""low_dim"", ""k"": 4, ""knn_backend"": ""kd_tree"", ""min_samples"": 5}",{},"[{""coverage"": 0.04, ""f1"": 0.07547169811320754, ""fragments"": 0, ""matched_predicted_cluster"": 400, ""overlap"": 4, ""passes_discovery_thresholds"": false, ""precision"": 0.6666666666666666, ""purity"": 0.6666666666666666, ""recall"": 0.04, ""target"": ""cluster_0"", ""target_label"": 0, ""target_noise_loss"": 0.29, ""target_size"": 100}, {""coverage"": 0.07, ""f1"": 0.11475409836065574, ""fragments"": 3, ""matched_predicted_cluster"": 543, ""overlap"": 7, ""passes_discovery_thresholds"": false, ""precision"": 0.3181818181818182, ""purity"": 0.3181818181818182, ""recall"": 0.07, ""target"": ""cluster_1"", ""target_label"": 1, ""target_noise_loss"": 0.37, ""target_size"": 100}]",,native_target_discovery_v1
synthetic__moons_noise99__quality__n20000__kNN-DBSCAN__229__67fbf531be9f,ok,synthetic,moons_noise99__quality__n20000,kNN-DBSCAN,229,0.2.4,20000,2,0.0600744999992457,0.0686458000000129,3.126932900000611,192.34765625,6.6171875,188.78515625,,,evaluation_state/synthetic__moons_noise99__quality__n20000__kNN-DBSCAN__229__67fbf531be9f.npz,8e5cdc0a24cae37ff889f1ab33d0776e0247b8d900c0ae64f6c9f1ac70aed81f,31527,0.1576286390639335,0.0164837727721657,1192,1137,0.5155050505050505,known_synthetic_noise,0.5952525252525253,0.3530166333005996,597.0,57,0,0.1,0.9,full_partition,target-discovery-v1,5,0.05,0.09,0.1264213714682953,0.325,0.2144910868315123,2,pairwise_f1,hungarian,3.5,0,1194,0.2131477713238439,0.6788374567704176,0.6788374567704176,0.99,0.9936721183800624,0.5155050505050505,0.0065257483330968,0.0039576701367977,0.0185858585858585,0.5136,1194,macro,0,0,0.675,0.0271958098307816,0.0138774671052631,0.675,1192,2,0.0,0.0,2,1192,0.0,0.09,0.0,0.1264213714682953,0.2144910868315123,"{""dimension"": 2, ""family"": ""moons"", ""n"": 20000}","{""eps"": 0.04737832769751549, ""eps_quantile"": 0.25, ""geometry_profile"": ""low_dim"", ""k"": 4, ""knn_backend"": ""kd_tree"", ""min_samples"": 5}",{},"[{""coverage"": 0.08, ""f1"": 0.11678832116788321, ""fragments"": 3, ""matched_predicted_cluster"": 18, ""overlap"": 8, ""passes_discovery_thresholds"": false, ""precision"": 0.21621621621621623, ""purity"": 0.21621621621621623, ""recall"": 0.08, ""target"": ""cluster_0"", ""target_label"": 0, ""target_noise_loss"": 0.32, ""target_size"": 100}, {""coverage"": 0.1, ""f1"": 0.1360544217687075, ""fragments"": 4, ""matched_predicted_cluster"": 29, ""overlap"": 10, ""passes_discovery_thresholds"": false, ""precision"": 0.2127659574468085, ""purity"": 0.2127659574468085, ""recall"": 0.1, ""target"": ""cluster_1"", ""target_label"": 1, ""target_noise_loss"": 0.33, ""target_size"": 100}]",,native_target_discovery_v1
synthetic__moons_noise99__quality__n20000__kNN-DBSCAN__233__659c526ab788,ok,synthetic,moons_noise99__quality__n20000,kNN-DBSCAN,233,0.2.4,20000,2,0.0601875000011205,0.0709924000002502,3.208833599999707,192.7421875,6.46484375,188.7890625,,,evaluation_state/synthetic__moons_noise99__quality__n20000__kNN-DBSCAN__233__659c526ab788.npz,3943f4a377e40756ca4c032179c2b948e676625933626e37d39b1dd95684cd46,31362,0.1827839147943326,0.0223839323960226,1162,1120,0.5167676767676768,known_synthetic_noise,0.5858838383838384,0.3531559216845328,582.5,45,0,0.1,0.9,full_partition,target-discovery-v1,9,0.05,0.075,0.1175710594315245,0.345,0.2725464190981432,2,pairwise_f1,hungarian,5.5,0,1165,0.2004727336320433,0.6798445234377595,0.6798445234377595,0.99,0.9933016212018252,0.5167676767676768,0.0077435779573219,0.0046932258963204,0.0221212121212121,0.51505,1165,macro,0,0,0.655,0.0264673199313061,0.0135065470667079,0.655,1162,2,0.0,0.0,2,1163,0.0,0.075,0.0,0.1175710594315245,0.2725464190981432,"{""dimension"": 2, ""family"": ""moons"", ""n"": 20000}","{""eps"": 0.04720001667737961, ""eps_quantile"": 0.25, ""geometry_profile"": ""low_dim"", ""k"": 4, ""knn_backend"": ""kd_tree"", ""min_samples"": 5}",{},"[{""coverage"": 0.07, ""f1"": 0.1111111111111111, ""fragments"": 5, ""matched_predicted_cluster"": 157, ""overlap"": 7, ""passes_discovery_thresholds"": false, ""precision"": 0.2692307692307692, ""purity"": 0.2692307692307692, ""recall"": 0.07, ""target"": ""cluster_0"", ""target_label"": 0, ""target_noise_loss"": 0.31, ""target_size"": 100}, {""coverage"": 0.08, ""f1"": 0.124031007751938, ""fragments"": 6, ""matched_predicted_cluster"": 207, ""overlap"": 8, ""passes_discovery_thresholds"": false, ""precision"": 0.27586206896551724, ""purity"": 0.27586206896551724, ""recall"": 0.08, ""target"": ""cluster_1"", ""target_label"": 1, ""target_noise_loss"": 0.38, ""target_size"": 100}]",,native_target_discovery_v1
